[2026-07-31T10:53:44.971+0000] {processor.py:161} INFO - Started process (PID=153) to work on /home/airflow/.local/lib/python3.12/site-packages/airflow/example_dags/plugins/event_listener.py
[2026-07-31T10:53:44.984+0000] {processor.py:830} INFO - Processing file /home/airflow/.local/lib/python3.12/site-packages/airflow/example_dags/plugins/event_listener.py for tasks to queue
[2026-07-31T10:53:44.994+0000] {logging_mixin.py:188} INFO - [2026-07-31T10:53:44.993+0000] {dagbag.py:545} INFO - Filling up the DagBag from /home/airflow/.local/lib/python3.12/site-packages/airflow/example_dags/plugins/event_listener.py
[2026-07-31T10:53:45.032+0000] {processor.py:842} WARNING - No viable dags retrieved from /home/airflow/.local/lib/python3.12/site-packages/airflow/example_dags/plugins/event_listener.py
[2026-07-31T10:53:45.151+0000] {processor.py:183} INFO - Processing /home/airflow/.local/lib/python3.12/site-packages/airflow/example_dags/plugins/event_listener.py took 0.221 seconds
[2026-07-31T10:55:08.038+0000] {processor.py:161} INFO - Started process (PID=221) to work on /home/airflow/.local/lib/python3.12/site-packages/airflow/example_dags/plugins/event_listener.py
[2026-07-31T10:55:08.044+0000] {processor.py:830} INFO - Processing file /home/airflow/.local/lib/python3.12/site-packages/airflow/example_dags/plugins/event_listener.py for tasks to queue
[2026-07-31T10:55:08.077+0000] {logging_mixin.py:188} INFO - [2026-07-31T10:55:08.076+0000] {dagbag.py:545} INFO - Filling up the DagBag from /home/airflow/.local/lib/python3.12/site-packages/airflow/example_dags/plugins/event_listener.py
[2026-07-31T10:55:08.122+0000] {processor.py:842} WARNING - No viable dags retrieved from /home/airflow/.local/lib/python3.12/site-packages/airflow/example_dags/plugins/event_listener.py
[2026-07-31T10:55:08.257+0000] {processor.py:183} INFO - Processing /home/airflow/.local/lib/python3.12/site-packages/airflow/example_dags/plugins/event_listener.py took 0.341 seconds
[2026-07-31T10:55:38.738+0000] {processor.py:161} INFO - Started process (PID=279) to work on /home/airflow/.local/lib/python3.12/site-packages/airflow/example_dags/plugins/event_listener.py
[2026-07-31T10:55:38.740+0000] {processor.py:830} INFO - Processing file /home/airflow/.local/lib/python3.12/site-packages/airflow/example_dags/plugins/event_listener.py for tasks to queue
[2026-07-31T10:55:38.746+0000] {logging_mixin.py:188} INFO - [2026-07-31T10:55:38.744+0000] {dagbag.py:545} INFO - Filling up the DagBag from /home/airflow/.local/lib/python3.12/site-packages/airflow/example_dags/plugins/event_listener.py
[2026-07-31T10:55:38.751+0000] {processor.py:842} WARNING - No viable dags retrieved from /home/airflow/.local/lib/python3.12/site-packages/airflow/example_dags/plugins/event_listener.py
[2026-07-31T10:55:38.778+0000] {processor.py:183} INFO - Processing /home/airflow/.local/lib/python3.12/site-packages/airflow/example_dags/plugins/event_listener.py took 0.056 seconds
[2026-07-31T10:56:16.154+0000] {processor.py:161} INFO - Started process (PID=340) to work on /home/airflow/.local/lib/python3.12/site-packages/airflow/example_dags/plugins/event_listener.py
[2026-07-31T10:56:16.160+0000] {processor.py:830} INFO - Processing file /home/airflow/.local/lib/python3.12/site-packages/airflow/example_dags/plugins/event_listener.py for tasks to queue
[2026-07-31T10:56:16.188+0000] {logging_mixin.py:188} INFO - [2026-07-31T10:56:16.185+0000] {dagbag.py:545} INFO - Filling up the DagBag from /home/airflow/.local/lib/python3.12/site-packages/airflow/example_dags/plugins/event_listener.py
[2026-07-31T10:56:16.204+0000] {processor.py:842} WARNING - No viable dags retrieved from /home/airflow/.local/lib/python3.12/site-packages/airflow/example_dags/plugins/event_listener.py
[2026-07-31T10:56:16.261+0000] {processor.py:183} INFO - Processing /home/airflow/.local/lib/python3.12/site-packages/airflow/example_dags/plugins/event_listener.py took 0.151 seconds
[2026-07-31T10:56:52.440+0000] {processor.py:161} INFO - Started process (PID=404) to work on /home/airflow/.local/lib/python3.12/site-packages/airflow/example_dags/plugins/event_listener.py
[2026-07-31T10:56:52.456+0000] {processor.py:830} INFO - Processing file /home/airflow/.local/lib/python3.12/site-packages/airflow/example_dags/plugins/event_listener.py for tasks to queue
[2026-07-31T10:56:52.494+0000] {logging_mixin.py:188} INFO - [2026-07-31T10:56:52.493+0000] {dagbag.py:545} INFO - Filling up the DagBag from /home/airflow/.local/lib/python3.12/site-packages/airflow/example_dags/plugins/event_listener.py
[2026-07-31T10:56:52.530+0000] {processor.py:842} WARNING - No viable dags retrieved from /home/airflow/.local/lib/python3.12/site-packages/airflow/example_dags/plugins/event_listener.py
[2026-07-31T10:56:52.683+0000] {processor.py:183} INFO - Processing /home/airflow/.local/lib/python3.12/site-packages/airflow/example_dags/plugins/event_listener.py took 0.330 seconds
[2026-07-31T10:57:23.603+0000] {processor.py:161} INFO - Started process (PID=460) to work on /home/airflow/.local/lib/python3.12/site-packages/airflow/example_dags/plugins/event_listener.py
[2026-07-31T10:57:23.608+0000] {processor.py:830} INFO - Processing file /home/airflow/.local/lib/python3.12/site-packages/airflow/example_dags/plugins/event_listener.py for tasks to queue
[2026-07-31T10:57:23.621+0000] {logging_mixin.py:188} INFO - [2026-07-31T10:57:23.620+0000] {dagbag.py:545} INFO - Filling up the DagBag from /home/airflow/.local/lib/python3.12/site-packages/airflow/example_dags/plugins/event_listener.py
[2026-07-31T10:57:23.630+0000] {processor.py:842} WARNING - No viable dags retrieved from /home/airflow/.local/lib/python3.12/site-packages/airflow/example_dags/plugins/event_listener.py
[2026-07-31T10:57:23.697+0000] {processor.py:183} INFO - Processing /home/airflow/.local/lib/python3.12/site-packages/airflow/example_dags/plugins/event_listener.py took 0.131 seconds
[2026-07-31T10:57:54.680+0000] {processor.py:161} INFO - Started process (PID=518) to work on /home/airflow/.local/lib/python3.12/site-packages/airflow/example_dags/plugins/event_listener.py
[2026-07-31T10:57:54.682+0000] {processor.py:830} INFO - Processing file /home/airflow/.local/lib/python3.12/site-packages/airflow/example_dags/plugins/event_listener.py for tasks to queue
[2026-07-31T10:57:54.685+0000] {logging_mixin.py:188} INFO - [2026-07-31T10:57:54.684+0000] {dagbag.py:545} INFO - Filling up the DagBag from /home/airflow/.local/lib/python3.12/site-packages/airflow/example_dags/plugins/event_listener.py
[2026-07-31T10:57:54.688+0000] {processor.py:842} WARNING - No viable dags retrieved from /home/airflow/.local/lib/python3.12/site-packages/airflow/example_dags/plugins/event_listener.py
[2026-07-31T10:57:54.708+0000] {processor.py:183} INFO - Processing /home/airflow/.local/lib/python3.12/site-packages/airflow/example_dags/plugins/event_listener.py took 0.040 seconds
[2026-07-31T10:58:25.114+0000] {processor.py:161} INFO - Started process (PID=576) to work on /home/airflow/.local/lib/python3.12/site-packages/airflow/example_dags/plugins/event_listener.py
[2026-07-31T10:58:25.117+0000] {processor.py:830} INFO - Processing file /home/airflow/.local/lib/python3.12/site-packages/airflow/example_dags/plugins/event_listener.py for tasks to queue
[2026-07-31T10:58:25.126+0000] {logging_mixin.py:188} INFO - [2026-07-31T10:58:25.125+0000] {dagbag.py:545} INFO - Filling up the DagBag from /home/airflow/.local/lib/python3.12/site-packages/airflow/example_dags/plugins/event_listener.py
[2026-07-31T10:58:25.135+0000] {processor.py:842} WARNING - No viable dags retrieved from /home/airflow/.local/lib/python3.12/site-packages/airflow/example_dags/plugins/event_listener.py
[2026-07-31T10:58:25.183+0000] {processor.py:183} INFO - Processing /home/airflow/.local/lib/python3.12/site-packages/airflow/example_dags/plugins/event_listener.py took 0.083 seconds
[2026-07-31T10:58:55.600+0000] {processor.py:161} INFO - Started process (PID=634) to work on /home/airflow/.local/lib/python3.12/site-packages/airflow/example_dags/plugins/event_listener.py
[2026-07-31T10:58:55.602+0000] {processor.py:830} INFO - Processing file /home/airflow/.local/lib/python3.12/site-packages/airflow/example_dags/plugins/event_listener.py for tasks to queue
[2026-07-31T10:58:55.607+0000] {logging_mixin.py:188} INFO - [2026-07-31T10:58:55.606+0000] {dagbag.py:545} INFO - Filling up the DagBag from /home/airflow/.local/lib/python3.12/site-packages/airflow/example_dags/plugins/event_listener.py
[2026-07-31T10:58:55.611+0000] {processor.py:842} WARNING - No viable dags retrieved from /home/airflow/.local/lib/python3.12/site-packages/airflow/example_dags/plugins/event_listener.py
[2026-07-31T10:58:55.633+0000] {processor.py:183} INFO - Processing /home/airflow/.local/lib/python3.12/site-packages/airflow/example_dags/plugins/event_listener.py took 0.041 seconds
[2026-07-31T10:59:25.744+0000] {processor.py:161} INFO - Started process (PID=692) to work on /home/airflow/.local/lib/python3.12/site-packages/airflow/example_dags/plugins/event_listener.py
[2026-07-31T10:59:25.747+0000] {processor.py:830} INFO - Processing file /home/airflow/.local/lib/python3.12/site-packages/airflow/example_dags/plugins/event_listener.py for tasks to queue
[2026-07-31T10:59:25.755+0000] {logging_mixin.py:188} INFO - [2026-07-31T10:59:25.753+0000] {dagbag.py:545} INFO - Filling up the DagBag from /home/airflow/.local/lib/python3.12/site-packages/airflow/example_dags/plugins/event_listener.py
[2026-07-31T10:59:25.762+0000] {processor.py:842} WARNING - No viable dags retrieved from /home/airflow/.local/lib/python3.12/site-packages/airflow/example_dags/plugins/event_listener.py
[2026-07-31T10:59:25.798+0000] {processor.py:183} INFO - Processing /home/airflow/.local/lib/python3.12/site-packages/airflow/example_dags/plugins/event_listener.py took 0.077 seconds
[2026-07-31T10:59:56.396+0000] {processor.py:161} INFO - Started process (PID=750) to work on /home/airflow/.local/lib/python3.12/site-packages/airflow/example_dags/plugins/event_listener.py
[2026-07-31T10:59:56.401+0000] {processor.py:830} INFO - Processing file /home/airflow/.local/lib/python3.12/site-packages/airflow/example_dags/plugins/event_listener.py for tasks to queue
[2026-07-31T10:59:56.405+0000] {logging_mixin.py:188} INFO - [2026-07-31T10:59:56.404+0000] {dagbag.py:545} INFO - Filling up the DagBag from /home/airflow/.local/lib/python3.12/site-packages/airflow/example_dags/plugins/event_listener.py
[2026-07-31T10:59:56.410+0000] {processor.py:842} WARNING - No viable dags retrieved from /home/airflow/.local/lib/python3.12/site-packages/airflow/example_dags/plugins/event_listener.py
[2026-07-31T10:59:56.457+0000] {processor.py:183} INFO - Processing /home/airflow/.local/lib/python3.12/site-packages/airflow/example_dags/plugins/event_listener.py took 0.074 seconds
[2026-07-31T11:00:26.828+0000] {processor.py:161} INFO - Started process (PID=808) to work on /home/airflow/.local/lib/python3.12/site-packages/airflow/example_dags/plugins/event_listener.py
[2026-07-31T11:00:26.830+0000] {processor.py:830} INFO - Processing file /home/airflow/.local/lib/python3.12/site-packages/airflow/example_dags/plugins/event_listener.py for tasks to queue
[2026-07-31T11:00:26.834+0000] {logging_mixin.py:188} INFO - [2026-07-31T11:00:26.833+0000] {dagbag.py:545} INFO - Filling up the DagBag from /home/airflow/.local/lib/python3.12/site-packages/airflow/example_dags/plugins/event_listener.py
[2026-07-31T11:00:26.838+0000] {processor.py:842} WARNING - No viable dags retrieved from /home/airflow/.local/lib/python3.12/site-packages/airflow/example_dags/plugins/event_listener.py
[2026-07-31T11:00:26.871+0000] {processor.py:183} INFO - Processing /home/airflow/.local/lib/python3.12/site-packages/airflow/example_dags/plugins/event_listener.py took 0.056 seconds
[2026-07-31T11:00:57.026+0000] {processor.py:161} INFO - Started process (PID=865) to work on /home/airflow/.local/lib/python3.12/site-packages/airflow/example_dags/plugins/event_listener.py
[2026-07-31T11:00:57.031+0000] {processor.py:830} INFO - Processing file /home/airflow/.local/lib/python3.12/site-packages/airflow/example_dags/plugins/event_listener.py for tasks to queue
[2026-07-31T11:00:57.036+0000] {logging_mixin.py:188} INFO - [2026-07-31T11:00:57.035+0000] {dagbag.py:545} INFO - Filling up the DagBag from /home/airflow/.local/lib/python3.12/site-packages/airflow/example_dags/plugins/event_listener.py
[2026-07-31T11:00:57.042+0000] {processor.py:842} WARNING - No viable dags retrieved from /home/airflow/.local/lib/python3.12/site-packages/airflow/example_dags/plugins/event_listener.py
[2026-07-31T11:00:57.070+0000] {processor.py:183} INFO - Processing /home/airflow/.local/lib/python3.12/site-packages/airflow/example_dags/plugins/event_listener.py took 0.055 seconds
[2026-07-31T11:01:27.714+0000] {processor.py:161} INFO - Started process (PID=924) to work on /home/airflow/.local/lib/python3.12/site-packages/airflow/example_dags/plugins/event_listener.py
[2026-07-31T11:01:27.716+0000] {processor.py:830} INFO - Processing file /home/airflow/.local/lib/python3.12/site-packages/airflow/example_dags/plugins/event_listener.py for tasks to queue
[2026-07-31T11:01:27.724+0000] {logging_mixin.py:188} INFO - [2026-07-31T11:01:27.723+0000] {dagbag.py:545} INFO - Filling up the DagBag from /home/airflow/.local/lib/python3.12/site-packages/airflow/example_dags/plugins/event_listener.py
[2026-07-31T11:01:27.729+0000] {processor.py:842} WARNING - No viable dags retrieved from /home/airflow/.local/lib/python3.12/site-packages/airflow/example_dags/plugins/event_listener.py
[2026-07-31T11:01:27.761+0000] {processor.py:183} INFO - Processing /home/airflow/.local/lib/python3.12/site-packages/airflow/example_dags/plugins/event_listener.py took 0.058 seconds
[2026-07-31T11:02:00.751+0000] {processor.py:161} INFO - Started process (PID=981) to work on /home/airflow/.local/lib/python3.12/site-packages/airflow/example_dags/plugins/event_listener.py
[2026-07-31T11:02:00.757+0000] {processor.py:830} INFO - Processing file /home/airflow/.local/lib/python3.12/site-packages/airflow/example_dags/plugins/event_listener.py for tasks to queue
[2026-07-31T11:02:00.764+0000] {logging_mixin.py:188} INFO - [2026-07-31T11:02:00.763+0000] {dagbag.py:545} INFO - Filling up the DagBag from /home/airflow/.local/lib/python3.12/site-packages/airflow/example_dags/plugins/event_listener.py
[2026-07-31T11:02:00.777+0000] {processor.py:842} WARNING - No viable dags retrieved from /home/airflow/.local/lib/python3.12/site-packages/airflow/example_dags/plugins/event_listener.py
[2026-07-31T11:02:00.868+0000] {processor.py:183} INFO - Processing /home/airflow/.local/lib/python3.12/site-packages/airflow/example_dags/plugins/event_listener.py took 0.159 seconds
[2026-07-31T11:02:43.581+0000] {processor.py:161} INFO - Started process (PID=1052) to work on /home/airflow/.local/lib/python3.12/site-packages/airflow/example_dags/plugins/event_listener.py
[2026-07-31T11:02:43.593+0000] {processor.py:830} INFO - Processing file /home/airflow/.local/lib/python3.12/site-packages/airflow/example_dags/plugins/event_listener.py for tasks to queue
[2026-07-31T11:02:43.612+0000] {logging_mixin.py:188} INFO - [2026-07-31T11:02:43.611+0000] {dagbag.py:545} INFO - Filling up the DagBag from /home/airflow/.local/lib/python3.12/site-packages/airflow/example_dags/plugins/event_listener.py
[2026-07-31T11:02:43.632+0000] {processor.py:842} WARNING - No viable dags retrieved from /home/airflow/.local/lib/python3.12/site-packages/airflow/example_dags/plugins/event_listener.py
[2026-07-31T11:02:43.753+0000] {processor.py:183} INFO - Processing /home/airflow/.local/lib/python3.12/site-packages/airflow/example_dags/plugins/event_listener.py took 0.219 seconds
[2026-07-31T11:03:14.469+0000] {processor.py:161} INFO - Started process (PID=1109) to work on /home/airflow/.local/lib/python3.12/site-packages/airflow/example_dags/plugins/event_listener.py
[2026-07-31T11:03:14.476+0000] {processor.py:830} INFO - Processing file /home/airflow/.local/lib/python3.12/site-packages/airflow/example_dags/plugins/event_listener.py for tasks to queue
[2026-07-31T11:03:14.484+0000] {logging_mixin.py:188} INFO - [2026-07-31T11:03:14.483+0000] {dagbag.py:545} INFO - Filling up the DagBag from /home/airflow/.local/lib/python3.12/site-packages/airflow/example_dags/plugins/event_listener.py
[2026-07-31T11:03:14.493+0000] {processor.py:842} WARNING - No viable dags retrieved from /home/airflow/.local/lib/python3.12/site-packages/airflow/example_dags/plugins/event_listener.py
[2026-07-31T11:03:14.557+0000] {processor.py:183} INFO - Processing /home/airflow/.local/lib/python3.12/site-packages/airflow/example_dags/plugins/event_listener.py took 0.109 seconds
[2026-07-31T11:03:45.150+0000] {processor.py:161} INFO - Started process (PID=1167) to work on /home/airflow/.local/lib/python3.12/site-packages/airflow/example_dags/plugins/event_listener.py
[2026-07-31T11:03:45.155+0000] {processor.py:830} INFO - Processing file /home/airflow/.local/lib/python3.12/site-packages/airflow/example_dags/plugins/event_listener.py for tasks to queue
[2026-07-31T11:03:45.163+0000] {logging_mixin.py:188} INFO - [2026-07-31T11:03:45.162+0000] {dagbag.py:545} INFO - Filling up the DagBag from /home/airflow/.local/lib/python3.12/site-packages/airflow/example_dags/plugins/event_listener.py
[2026-07-31T11:03:45.171+0000] {processor.py:842} WARNING - No viable dags retrieved from /home/airflow/.local/lib/python3.12/site-packages/airflow/example_dags/plugins/event_listener.py
[2026-07-31T11:03:45.254+0000] {processor.py:183} INFO - Processing /home/airflow/.local/lib/python3.12/site-packages/airflow/example_dags/plugins/event_listener.py took 0.132 seconds
[2026-07-31T11:04:25.328+0000] {processor.py:161} INFO - Started process (PID=1235) to work on /home/airflow/.local/lib/python3.12/site-packages/airflow/example_dags/plugins/event_listener.py
[2026-07-31T11:04:25.338+0000] {processor.py:830} INFO - Processing file /home/airflow/.local/lib/python3.12/site-packages/airflow/example_dags/plugins/event_listener.py for tasks to queue
[2026-07-31T11:04:25.363+0000] {logging_mixin.py:188} INFO - [2026-07-31T11:04:25.361+0000] {dagbag.py:545} INFO - Filling up the DagBag from /home/airflow/.local/lib/python3.12/site-packages/airflow/example_dags/plugins/event_listener.py
[2026-07-31T11:04:25.425+0000] {processor.py:842} WARNING - No viable dags retrieved from /home/airflow/.local/lib/python3.12/site-packages/airflow/example_dags/plugins/event_listener.py
[2026-07-31T11:04:25.546+0000] {processor.py:183} INFO - Processing /home/airflow/.local/lib/python3.12/site-packages/airflow/example_dags/plugins/event_listener.py took 0.267 seconds
[2026-07-31T11:05:34.391+0000] {processor.py:161} INFO - Started process (PID=1299) to work on /home/airflow/.local/lib/python3.12/site-packages/airflow/example_dags/plugins/event_listener.py
[2026-07-31T11:05:34.406+0000] {processor.py:830} INFO - Processing file /home/airflow/.local/lib/python3.12/site-packages/airflow/example_dags/plugins/event_listener.py for tasks to queue
[2026-07-31T11:05:34.433+0000] {logging_mixin.py:188} INFO - [2026-07-31T11:05:34.431+0000] {dagbag.py:545} INFO - Filling up the DagBag from /home/airflow/.local/lib/python3.12/site-packages/airflow/example_dags/plugins/event_listener.py
[2026-07-31T11:05:34.470+0000] {processor.py:842} WARNING - No viable dags retrieved from /home/airflow/.local/lib/python3.12/site-packages/airflow/example_dags/plugins/event_listener.py
[2026-07-31T11:05:34.626+0000] {processor.py:183} INFO - Processing /home/airflow/.local/lib/python3.12/site-packages/airflow/example_dags/plugins/event_listener.py took 0.279 seconds
[2026-07-31T11:06:25.106+0000] {processor.py:161} INFO - Started process (PID=1386) to work on /home/airflow/.local/lib/python3.12/site-packages/airflow/example_dags/plugins/event_listener.py
[2026-07-31T11:06:25.109+0000] {processor.py:830} INFO - Processing file /home/airflow/.local/lib/python3.12/site-packages/airflow/example_dags/plugins/event_listener.py for tasks to queue
[2026-07-31T11:06:25.115+0000] {logging_mixin.py:188} INFO - [2026-07-31T11:06:25.115+0000] {dagbag.py:545} INFO - Filling up the DagBag from /home/airflow/.local/lib/python3.12/site-packages/airflow/example_dags/plugins/event_listener.py
[2026-07-31T11:06:25.125+0000] {processor.py:842} WARNING - No viable dags retrieved from /home/airflow/.local/lib/python3.12/site-packages/airflow/example_dags/plugins/event_listener.py
[2026-07-31T11:06:25.174+0000] {processor.py:183} INFO - Processing /home/airflow/.local/lib/python3.12/site-packages/airflow/example_dags/plugins/event_listener.py took 0.087 seconds
[2026-07-31T11:06:55.548+0000] {processor.py:161} INFO - Started process (PID=1445) to work on /home/airflow/.local/lib/python3.12/site-packages/airflow/example_dags/plugins/event_listener.py
[2026-07-31T11:06:55.551+0000] {processor.py:830} INFO - Processing file /home/airflow/.local/lib/python3.12/site-packages/airflow/example_dags/plugins/event_listener.py for tasks to queue
[2026-07-31T11:06:55.556+0000] {logging_mixin.py:188} INFO - [2026-07-31T11:06:55.555+0000] {dagbag.py:545} INFO - Filling up the DagBag from /home/airflow/.local/lib/python3.12/site-packages/airflow/example_dags/plugins/event_listener.py
[2026-07-31T11:06:55.561+0000] {processor.py:842} WARNING - No viable dags retrieved from /home/airflow/.local/lib/python3.12/site-packages/airflow/example_dags/plugins/event_listener.py
[2026-07-31T11:06:55.593+0000] {processor.py:183} INFO - Processing /home/airflow/.local/lib/python3.12/site-packages/airflow/example_dags/plugins/event_listener.py took 0.059 seconds
[2026-07-31T11:08:30.851+0000] {processor.py:161} INFO - Started process (PID=1528) to work on /home/airflow/.local/lib/python3.12/site-packages/airflow/example_dags/plugins/event_listener.py
[2026-07-31T11:08:30.862+0000] {processor.py:830} INFO - Processing file /home/airflow/.local/lib/python3.12/site-packages/airflow/example_dags/plugins/event_listener.py for tasks to queue
[2026-07-31T11:08:30.888+0000] {logging_mixin.py:188} INFO - [2026-07-31T11:08:30.887+0000] {dagbag.py:545} INFO - Filling up the DagBag from /home/airflow/.local/lib/python3.12/site-packages/airflow/example_dags/plugins/event_listener.py
[2026-07-31T11:08:30.944+0000] {processor.py:842} WARNING - No viable dags retrieved from /home/airflow/.local/lib/python3.12/site-packages/airflow/example_dags/plugins/event_listener.py
[2026-07-31T11:08:31.081+0000] {processor.py:183} INFO - Processing /home/airflow/.local/lib/python3.12/site-packages/airflow/example_dags/plugins/event_listener.py took 0.316 seconds
[2026-07-31T11:10:02.090+0000] {processor.py:161} INFO - Started process (PID=1623) to work on /home/airflow/.local/lib/python3.12/site-packages/airflow/example_dags/plugins/event_listener.py
[2026-07-31T11:10:02.096+0000] {processor.py:830} INFO - Processing file /home/airflow/.local/lib/python3.12/site-packages/airflow/example_dags/plugins/event_listener.py for tasks to queue
[2026-07-31T11:10:02.106+0000] {logging_mixin.py:188} INFO - [2026-07-31T11:10:02.104+0000] {dagbag.py:545} INFO - Filling up the DagBag from /home/airflow/.local/lib/python3.12/site-packages/airflow/example_dags/plugins/event_listener.py
[2026-07-31T11:10:02.143+0000] {processor.py:842} WARNING - No viable dags retrieved from /home/airflow/.local/lib/python3.12/site-packages/airflow/example_dags/plugins/event_listener.py
[2026-07-31T11:10:02.280+0000] {processor.py:183} INFO - Processing /home/airflow/.local/lib/python3.12/site-packages/airflow/example_dags/plugins/event_listener.py took 0.234 seconds
[2026-07-31T11:10:45.686+0000] {processor.py:161} INFO - Started process (PID=1680) to work on /home/airflow/.local/lib/python3.12/site-packages/airflow/example_dags/plugins/event_listener.py
[2026-07-31T11:10:45.694+0000] {processor.py:830} INFO - Processing file /home/airflow/.local/lib/python3.12/site-packages/airflow/example_dags/plugins/event_listener.py for tasks to queue
[2026-07-31T11:10:45.745+0000] {logging_mixin.py:188} INFO - [2026-07-31T11:10:45.744+0000] {dagbag.py:545} INFO - Filling up the DagBag from /home/airflow/.local/lib/python3.12/site-packages/airflow/example_dags/plugins/event_listener.py
[2026-07-31T11:10:45.774+0000] {processor.py:842} WARNING - No viable dags retrieved from /home/airflow/.local/lib/python3.12/site-packages/airflow/example_dags/plugins/event_listener.py
[2026-07-31T11:10:45.997+0000] {processor.py:183} INFO - Processing /home/airflow/.local/lib/python3.12/site-packages/airflow/example_dags/plugins/event_listener.py took 0.362 seconds
[2026-07-31T11:12:16.614+0000] {processor.py:161} INFO - Started process (PID=1774) to work on /home/airflow/.local/lib/python3.12/site-packages/airflow/example_dags/plugins/event_listener.py
[2026-07-31T11:12:16.627+0000] {processor.py:830} INFO - Processing file /home/airflow/.local/lib/python3.12/site-packages/airflow/example_dags/plugins/event_listener.py for tasks to queue
[2026-07-31T11:12:16.675+0000] {logging_mixin.py:188} INFO - [2026-07-31T11:12:16.669+0000] {dagbag.py:545} INFO - Filling up the DagBag from /home/airflow/.local/lib/python3.12/site-packages/airflow/example_dags/plugins/event_listener.py
[2026-07-31T11:12:16.735+0000] {processor.py:842} WARNING - No viable dags retrieved from /home/airflow/.local/lib/python3.12/site-packages/airflow/example_dags/plugins/event_listener.py
[2026-07-31T11:12:16.843+0000] {processor.py:183} INFO - Processing /home/airflow/.local/lib/python3.12/site-packages/airflow/example_dags/plugins/event_listener.py took 0.323 seconds
[2026-07-31T11:12:54.792+0000] {processor.py:161} INFO - Started process (PID=1836) to work on /home/airflow/.local/lib/python3.12/site-packages/airflow/example_dags/plugins/event_listener.py
[2026-07-31T11:12:54.799+0000] {processor.py:830} INFO - Processing file /home/airflow/.local/lib/python3.12/site-packages/airflow/example_dags/plugins/event_listener.py for tasks to queue
[2026-07-31T11:12:54.835+0000] {logging_mixin.py:188} INFO - [2026-07-31T11:12:54.826+0000] {dagbag.py:545} INFO - Filling up the DagBag from /home/airflow/.local/lib/python3.12/site-packages/airflow/example_dags/plugins/event_listener.py
[2026-07-31T11:12:54.854+0000] {processor.py:842} WARNING - No viable dags retrieved from /home/airflow/.local/lib/python3.12/site-packages/airflow/example_dags/plugins/event_listener.py
[2026-07-31T11:12:54.962+0000] {processor.py:183} INFO - Processing /home/airflow/.local/lib/python3.12/site-packages/airflow/example_dags/plugins/event_listener.py took 0.209 seconds
[2026-07-31T11:13:25.849+0000] {processor.py:161} INFO - Started process (PID=1894) to work on /home/airflow/.local/lib/python3.12/site-packages/airflow/example_dags/plugins/event_listener.py
[2026-07-31T11:13:25.855+0000] {processor.py:830} INFO - Processing file /home/airflow/.local/lib/python3.12/site-packages/airflow/example_dags/plugins/event_listener.py for tasks to queue
[2026-07-31T11:13:25.904+0000] {logging_mixin.py:188} INFO - [2026-07-31T11:13:25.892+0000] {dagbag.py:545} INFO - Filling up the DagBag from /home/airflow/.local/lib/python3.12/site-packages/airflow/example_dags/plugins/event_listener.py
[2026-07-31T11:13:25.926+0000] {processor.py:842} WARNING - No viable dags retrieved from /home/airflow/.local/lib/python3.12/site-packages/airflow/example_dags/plugins/event_listener.py
[2026-07-31T11:13:26.056+0000] {processor.py:183} INFO - Processing /home/airflow/.local/lib/python3.12/site-packages/airflow/example_dags/plugins/event_listener.py took 0.262 seconds
[2026-07-31T11:14:11.977+0000] {processor.py:161} INFO - Started process (PID=1964) to work on /home/airflow/.local/lib/python3.12/site-packages/airflow/example_dags/plugins/event_listener.py
[2026-07-31T11:14:11.998+0000] {processor.py:830} INFO - Processing file /home/airflow/.local/lib/python3.12/site-packages/airflow/example_dags/plugins/event_listener.py for tasks to queue
[2026-07-31T11:14:12.036+0000] {logging_mixin.py:188} INFO - [2026-07-31T11:14:12.031+0000] {dagbag.py:545} INFO - Filling up the DagBag from /home/airflow/.local/lib/python3.12/site-packages/airflow/example_dags/plugins/event_listener.py
[2026-07-31T11:14:12.229+0000] {processor.py:842} WARNING - No viable dags retrieved from /home/airflow/.local/lib/python3.12/site-packages/airflow/example_dags/plugins/event_listener.py
[2026-07-31T11:14:13.311+0000] {processor.py:183} INFO - Processing /home/airflow/.local/lib/python3.12/site-packages/airflow/example_dags/plugins/event_listener.py took 1.404 seconds
[2026-07-31T11:14:44.186+0000] {processor.py:161} INFO - Started process (PID=2015) to work on /home/airflow/.local/lib/python3.12/site-packages/airflow/example_dags/plugins/event_listener.py
[2026-07-31T11:14:44.191+0000] {processor.py:830} INFO - Processing file /home/airflow/.local/lib/python3.12/site-packages/airflow/example_dags/plugins/event_listener.py for tasks to queue
[2026-07-31T11:14:44.204+0000] {logging_mixin.py:188} INFO - [2026-07-31T11:14:44.203+0000] {dagbag.py:545} INFO - Filling up the DagBag from /home/airflow/.local/lib/python3.12/site-packages/airflow/example_dags/plugins/event_listener.py
[2026-07-31T11:14:44.221+0000] {processor.py:842} WARNING - No viable dags retrieved from /home/airflow/.local/lib/python3.12/site-packages/airflow/example_dags/plugins/event_listener.py
[2026-07-31T11:14:44.301+0000] {processor.py:183} INFO - Processing /home/airflow/.local/lib/python3.12/site-packages/airflow/example_dags/plugins/event_listener.py took 0.150 seconds
[2026-07-31T11:15:16.723+0000] {processor.py:161} INFO - Started process (PID=2075) to work on /home/airflow/.local/lib/python3.12/site-packages/airflow/example_dags/plugins/event_listener.py
[2026-07-31T11:15:16.728+0000] {processor.py:830} INFO - Processing file /home/airflow/.local/lib/python3.12/site-packages/airflow/example_dags/plugins/event_listener.py for tasks to queue
[2026-07-31T11:15:16.735+0000] {logging_mixin.py:188} INFO - [2026-07-31T11:15:16.734+0000] {dagbag.py:545} INFO - Filling up the DagBag from /home/airflow/.local/lib/python3.12/site-packages/airflow/example_dags/plugins/event_listener.py
[2026-07-31T11:15:16.748+0000] {processor.py:842} WARNING - No viable dags retrieved from /home/airflow/.local/lib/python3.12/site-packages/airflow/example_dags/plugins/event_listener.py
[2026-07-31T11:15:16.815+0000] {processor.py:183} INFO - Processing /home/airflow/.local/lib/python3.12/site-packages/airflow/example_dags/plugins/event_listener.py took 0.128 seconds
[2026-07-31T11:15:46.941+0000] {processor.py:161} INFO - Started process (PID=2131) to work on /home/airflow/.local/lib/python3.12/site-packages/airflow/example_dags/plugins/event_listener.py
[2026-07-31T11:15:46.943+0000] {processor.py:830} INFO - Processing file /home/airflow/.local/lib/python3.12/site-packages/airflow/example_dags/plugins/event_listener.py for tasks to queue
[2026-07-31T11:15:46.947+0000] {logging_mixin.py:188} INFO - [2026-07-31T11:15:46.946+0000] {dagbag.py:545} INFO - Filling up the DagBag from /home/airflow/.local/lib/python3.12/site-packages/airflow/example_dags/plugins/event_listener.py
[2026-07-31T11:15:46.953+0000] {processor.py:842} WARNING - No viable dags retrieved from /home/airflow/.local/lib/python3.12/site-packages/airflow/example_dags/plugins/event_listener.py
[2026-07-31T11:15:46.983+0000] {processor.py:183} INFO - Processing /home/airflow/.local/lib/python3.12/site-packages/airflow/example_dags/plugins/event_listener.py took 0.056 seconds
[2026-07-31T11:16:17.166+0000] {processor.py:161} INFO - Started process (PID=2189) to work on /home/airflow/.local/lib/python3.12/site-packages/airflow/example_dags/plugins/event_listener.py
[2026-07-31T11:16:17.168+0000] {processor.py:830} INFO - Processing file /home/airflow/.local/lib/python3.12/site-packages/airflow/example_dags/plugins/event_listener.py for tasks to queue
[2026-07-31T11:16:17.173+0000] {logging_mixin.py:188} INFO - [2026-07-31T11:16:17.172+0000] {dagbag.py:545} INFO - Filling up the DagBag from /home/airflow/.local/lib/python3.12/site-packages/airflow/example_dags/plugins/event_listener.py
[2026-07-31T11:16:17.179+0000] {processor.py:842} WARNING - No viable dags retrieved from /home/airflow/.local/lib/python3.12/site-packages/airflow/example_dags/plugins/event_listener.py
[2026-07-31T11:16:17.214+0000] {processor.py:183} INFO - Processing /home/airflow/.local/lib/python3.12/site-packages/airflow/example_dags/plugins/event_listener.py took 0.064 seconds
[2026-07-31T11:16:48.440+0000] {processor.py:161} INFO - Started process (PID=2248) to work on /home/airflow/.local/lib/python3.12/site-packages/airflow/example_dags/plugins/event_listener.py
[2026-07-31T11:16:48.443+0000] {processor.py:830} INFO - Processing file /home/airflow/.local/lib/python3.12/site-packages/airflow/example_dags/plugins/event_listener.py for tasks to queue
[2026-07-31T11:16:48.448+0000] {logging_mixin.py:188} INFO - [2026-07-31T11:16:48.447+0000] {dagbag.py:545} INFO - Filling up the DagBag from /home/airflow/.local/lib/python3.12/site-packages/airflow/example_dags/plugins/event_listener.py
[2026-07-31T11:16:48.455+0000] {processor.py:842} WARNING - No viable dags retrieved from /home/airflow/.local/lib/python3.12/site-packages/airflow/example_dags/plugins/event_listener.py
[2026-07-31T11:16:48.491+0000] {processor.py:183} INFO - Processing /home/airflow/.local/lib/python3.12/site-packages/airflow/example_dags/plugins/event_listener.py took 0.065 seconds
[2026-07-31T11:17:26.054+0000] {processor.py:161} INFO - Started process (PID=2314) to work on /home/airflow/.local/lib/python3.12/site-packages/airflow/example_dags/plugins/event_listener.py
[2026-07-31T11:17:26.059+0000] {processor.py:830} INFO - Processing file /home/airflow/.local/lib/python3.12/site-packages/airflow/example_dags/plugins/event_listener.py for tasks to queue
[2026-07-31T11:17:26.067+0000] {logging_mixin.py:188} INFO - [2026-07-31T11:17:26.066+0000] {dagbag.py:545} INFO - Filling up the DagBag from /home/airflow/.local/lib/python3.12/site-packages/airflow/example_dags/plugins/event_listener.py
[2026-07-31T11:17:26.081+0000] {processor.py:842} WARNING - No viable dags retrieved from /home/airflow/.local/lib/python3.12/site-packages/airflow/example_dags/plugins/event_listener.py
[2026-07-31T11:17:26.133+0000] {processor.py:183} INFO - Processing /home/airflow/.local/lib/python3.12/site-packages/airflow/example_dags/plugins/event_listener.py took 0.110 seconds
[2026-07-31T11:18:09.234+0000] {processor.py:161} INFO - Started process (PID=2372) to work on /home/airflow/.local/lib/python3.12/site-packages/airflow/example_dags/plugins/event_listener.py
[2026-07-31T11:18:09.237+0000] {processor.py:830} INFO - Processing file /home/airflow/.local/lib/python3.12/site-packages/airflow/example_dags/plugins/event_listener.py for tasks to queue
[2026-07-31T11:18:09.245+0000] {logging_mixin.py:188} INFO - [2026-07-31T11:18:09.243+0000] {dagbag.py:545} INFO - Filling up the DagBag from /home/airflow/.local/lib/python3.12/site-packages/airflow/example_dags/plugins/event_listener.py
[2026-07-31T11:18:09.257+0000] {processor.py:842} WARNING - No viable dags retrieved from /home/airflow/.local/lib/python3.12/site-packages/airflow/example_dags/plugins/event_listener.py
[2026-07-31T11:18:09.333+0000] {processor.py:183} INFO - Processing /home/airflow/.local/lib/python3.12/site-packages/airflow/example_dags/plugins/event_listener.py took 0.123 seconds
[2026-07-31T11:18:39.704+0000] {processor.py:161} INFO - Started process (PID=2430) to work on /home/airflow/.local/lib/python3.12/site-packages/airflow/example_dags/plugins/event_listener.py
[2026-07-31T11:18:39.708+0000] {processor.py:830} INFO - Processing file /home/airflow/.local/lib/python3.12/site-packages/airflow/example_dags/plugins/event_listener.py for tasks to queue
[2026-07-31T11:18:39.715+0000] {logging_mixin.py:188} INFO - [2026-07-31T11:18:39.714+0000] {dagbag.py:545} INFO - Filling up the DagBag from /home/airflow/.local/lib/python3.12/site-packages/airflow/example_dags/plugins/event_listener.py
[2026-07-31T11:18:39.721+0000] {processor.py:842} WARNING - No viable dags retrieved from /home/airflow/.local/lib/python3.12/site-packages/airflow/example_dags/plugins/event_listener.py
[2026-07-31T11:18:39.763+0000] {processor.py:183} INFO - Processing /home/airflow/.local/lib/python3.12/site-packages/airflow/example_dags/plugins/event_listener.py took 0.076 seconds
[2026-07-31T11:19:10.522+0000] {processor.py:161} INFO - Started process (PID=2488) to work on /home/airflow/.local/lib/python3.12/site-packages/airflow/example_dags/plugins/event_listener.py
[2026-07-31T11:19:10.525+0000] {processor.py:830} INFO - Processing file /home/airflow/.local/lib/python3.12/site-packages/airflow/example_dags/plugins/event_listener.py for tasks to queue
[2026-07-31T11:19:10.532+0000] {logging_mixin.py:188} INFO - [2026-07-31T11:19:10.530+0000] {dagbag.py:545} INFO - Filling up the DagBag from /home/airflow/.local/lib/python3.12/site-packages/airflow/example_dags/plugins/event_listener.py
[2026-07-31T11:19:10.537+0000] {processor.py:842} WARNING - No viable dags retrieved from /home/airflow/.local/lib/python3.12/site-packages/airflow/example_dags/plugins/event_listener.py
[2026-07-31T11:19:10.577+0000] {processor.py:183} INFO - Processing /home/airflow/.local/lib/python3.12/site-packages/airflow/example_dags/plugins/event_listener.py took 0.072 seconds
[2026-07-31T11:19:44.218+0000] {processor.py:161} INFO - Started process (PID=2546) to work on /home/airflow/.local/lib/python3.12/site-packages/airflow/example_dags/plugins/event_listener.py
[2026-07-31T11:19:44.222+0000] {processor.py:830} INFO - Processing file /home/airflow/.local/lib/python3.12/site-packages/airflow/example_dags/plugins/event_listener.py for tasks to queue
[2026-07-31T11:19:44.230+0000] {logging_mixin.py:188} INFO - [2026-07-31T11:19:44.229+0000] {dagbag.py:545} INFO - Filling up the DagBag from /home/airflow/.local/lib/python3.12/site-packages/airflow/example_dags/plugins/event_listener.py
[2026-07-31T11:19:44.241+0000] {processor.py:842} WARNING - No viable dags retrieved from /home/airflow/.local/lib/python3.12/site-packages/airflow/example_dags/plugins/event_listener.py
[2026-07-31T11:19:44.295+0000] {processor.py:183} INFO - Processing /home/airflow/.local/lib/python3.12/site-packages/airflow/example_dags/plugins/event_listener.py took 0.098 seconds
[2026-07-31T11:20:33.722+0000] {processor.py:161} INFO - Started process (PID=2618) to work on /home/airflow/.local/lib/python3.12/site-packages/airflow/example_dags/plugins/event_listener.py
[2026-07-31T11:20:33.762+0000] {processor.py:830} INFO - Processing file /home/airflow/.local/lib/python3.12/site-packages/airflow/example_dags/plugins/event_listener.py for tasks to queue
[2026-07-31T11:20:33.794+0000] {logging_mixin.py:188} INFO - [2026-07-31T11:20:33.783+0000] {dagbag.py:545} INFO - Filling up the DagBag from /home/airflow/.local/lib/python3.12/site-packages/airflow/example_dags/plugins/event_listener.py
[2026-07-31T11:20:33.870+0000] {processor.py:842} WARNING - No viable dags retrieved from /home/airflow/.local/lib/python3.12/site-packages/airflow/example_dags/plugins/event_listener.py
[2026-07-31T11:20:34.083+0000] {processor.py:183} INFO - Processing /home/airflow/.local/lib/python3.12/site-packages/airflow/example_dags/plugins/event_listener.py took 0.518 seconds
[2026-07-31T11:21:05.050+0000] {processor.py:161} INFO - Started process (PID=2670) to work on /home/airflow/.local/lib/python3.12/site-packages/airflow/example_dags/plugins/event_listener.py
[2026-07-31T11:21:05.053+0000] {processor.py:830} INFO - Processing file /home/airflow/.local/lib/python3.12/site-packages/airflow/example_dags/plugins/event_listener.py for tasks to queue
[2026-07-31T11:21:05.058+0000] {logging_mixin.py:188} INFO - [2026-07-31T11:21:05.057+0000] {dagbag.py:545} INFO - Filling up the DagBag from /home/airflow/.local/lib/python3.12/site-packages/airflow/example_dags/plugins/event_listener.py
[2026-07-31T11:21:05.063+0000] {processor.py:842} WARNING - No viable dags retrieved from /home/airflow/.local/lib/python3.12/site-packages/airflow/example_dags/plugins/event_listener.py
[2026-07-31T11:21:05.095+0000] {processor.py:183} INFO - Processing /home/airflow/.local/lib/python3.12/site-packages/airflow/example_dags/plugins/event_listener.py took 0.060 seconds
[2026-07-31T11:21:35.826+0000] {processor.py:161} INFO - Started process (PID=2735) to work on /home/airflow/.local/lib/python3.12/site-packages/airflow/example_dags/plugins/event_listener.py
[2026-07-31T11:21:35.829+0000] {processor.py:830} INFO - Processing file /home/airflow/.local/lib/python3.12/site-packages/airflow/example_dags/plugins/event_listener.py for tasks to queue
[2026-07-31T11:21:35.835+0000] {logging_mixin.py:188} INFO - [2026-07-31T11:21:35.834+0000] {dagbag.py:545} INFO - Filling up the DagBag from /home/airflow/.local/lib/python3.12/site-packages/airflow/example_dags/plugins/event_listener.py
[2026-07-31T11:21:35.842+0000] {processor.py:842} WARNING - No viable dags retrieved from /home/airflow/.local/lib/python3.12/site-packages/airflow/example_dags/plugins/event_listener.py
[2026-07-31T11:21:35.883+0000] {processor.py:183} INFO - Processing /home/airflow/.local/lib/python3.12/site-packages/airflow/example_dags/plugins/event_listener.py took 0.074 seconds
[2026-07-31T11:22:06.496+0000] {processor.py:161} INFO - Started process (PID=2793) to work on /home/airflow/.local/lib/python3.12/site-packages/airflow/example_dags/plugins/event_listener.py
[2026-07-31T11:22:06.499+0000] {processor.py:830} INFO - Processing file /home/airflow/.local/lib/python3.12/site-packages/airflow/example_dags/plugins/event_listener.py for tasks to queue
[2026-07-31T11:22:06.505+0000] {logging_mixin.py:188} INFO - [2026-07-31T11:22:06.505+0000] {dagbag.py:545} INFO - Filling up the DagBag from /home/airflow/.local/lib/python3.12/site-packages/airflow/example_dags/plugins/event_listener.py
[2026-07-31T11:22:06.511+0000] {processor.py:842} WARNING - No viable dags retrieved from /home/airflow/.local/lib/python3.12/site-packages/airflow/example_dags/plugins/event_listener.py
[2026-07-31T11:22:06.546+0000] {processor.py:183} INFO - Processing /home/airflow/.local/lib/python3.12/site-packages/airflow/example_dags/plugins/event_listener.py took 0.069 seconds
[2026-07-31T11:22:38.951+0000] {processor.py:161} INFO - Started process (PID=2851) to work on /home/airflow/.local/lib/python3.12/site-packages/airflow/example_dags/plugins/event_listener.py
[2026-07-31T11:22:38.956+0000] {processor.py:830} INFO - Processing file /home/airflow/.local/lib/python3.12/site-packages/airflow/example_dags/plugins/event_listener.py for tasks to queue
[2026-07-31T11:22:38.965+0000] {logging_mixin.py:188} INFO - [2026-07-31T11:22:38.964+0000] {dagbag.py:545} INFO - Filling up the DagBag from /home/airflow/.local/lib/python3.12/site-packages/airflow/example_dags/plugins/event_listener.py
[2026-07-31T11:22:38.972+0000] {processor.py:842} WARNING - No viable dags retrieved from /home/airflow/.local/lib/python3.12/site-packages/airflow/example_dags/plugins/event_listener.py
[2026-07-31T11:22:39.038+0000] {processor.py:183} INFO - Processing /home/airflow/.local/lib/python3.12/site-packages/airflow/example_dags/plugins/event_listener.py took 0.119 seconds
[2026-07-31T11:24:55.521+0000] {processor.py:161} INFO - Started process (PID=2942) to work on /home/airflow/.local/lib/python3.12/site-packages/airflow/example_dags/plugins/event_listener.py
[2026-07-31T11:24:55.528+0000] {processor.py:830} INFO - Processing file /home/airflow/.local/lib/python3.12/site-packages/airflow/example_dags/plugins/event_listener.py for tasks to queue
[2026-07-31T11:24:55.595+0000] {logging_mixin.py:188} INFO - [2026-07-31T11:24:55.594+0000] {dagbag.py:545} INFO - Filling up the DagBag from /home/airflow/.local/lib/python3.12/site-packages/airflow/example_dags/plugins/event_listener.py
[2026-07-31T11:24:55.723+0000] {processor.py:842} WARNING - No viable dags retrieved from /home/airflow/.local/lib/python3.12/site-packages/airflow/example_dags/plugins/event_listener.py
[2026-07-31T11:24:56.307+0000] {processor.py:183} INFO - Processing /home/airflow/.local/lib/python3.12/site-packages/airflow/example_dags/plugins/event_listener.py took 0.841 seconds
[2026-07-31T11:26:04.868+0000] {processor.py:161} INFO - Started process (PID=3026) to work on /home/airflow/.local/lib/python3.12/site-packages/airflow/example_dags/plugins/event_listener.py
[2026-07-31T11:26:04.882+0000] {processor.py:830} INFO - Processing file /home/airflow/.local/lib/python3.12/site-packages/airflow/example_dags/plugins/event_listener.py for tasks to queue
[2026-07-31T11:26:04.899+0000] {logging_mixin.py:188} INFO - [2026-07-31T11:26:04.898+0000] {dagbag.py:545} INFO - Filling up the DagBag from /home/airflow/.local/lib/python3.12/site-packages/airflow/example_dags/plugins/event_listener.py
[2026-07-31T11:26:04.933+0000] {processor.py:842} WARNING - No viable dags retrieved from /home/airflow/.local/lib/python3.12/site-packages/airflow/example_dags/plugins/event_listener.py
[2026-07-31T11:26:05.022+0000] {processor.py:183} INFO - Processing /home/airflow/.local/lib/python3.12/site-packages/airflow/example_dags/plugins/event_listener.py took 0.192 seconds
[2026-07-31T11:27:05.208+0000] {processor.py:161} INFO - Started process (PID=3083) to work on /home/airflow/.local/lib/python3.12/site-packages/airflow/example_dags/plugins/event_listener.py
[2026-07-31T11:27:05.217+0000] {processor.py:830} INFO - Processing file /home/airflow/.local/lib/python3.12/site-packages/airflow/example_dags/plugins/event_listener.py for tasks to queue
[2026-07-31T11:27:05.235+0000] {logging_mixin.py:188} INFO - [2026-07-31T11:27:05.225+0000] {dagbag.py:545} INFO - Filling up the DagBag from /home/airflow/.local/lib/python3.12/site-packages/airflow/example_dags/plugins/event_listener.py
[2026-07-31T11:27:05.250+0000] {processor.py:842} WARNING - No viable dags retrieved from /home/airflow/.local/lib/python3.12/site-packages/airflow/example_dags/plugins/event_listener.py
[2026-07-31T11:27:05.321+0000] {processor.py:183} INFO - Processing /home/airflow/.local/lib/python3.12/site-packages/airflow/example_dags/plugins/event_listener.py took 0.175 seconds
[2026-07-31T11:27:35.629+0000] {processor.py:161} INFO - Started process (PID=3139) to work on /home/airflow/.local/lib/python3.12/site-packages/airflow/example_dags/plugins/event_listener.py
[2026-07-31T11:27:35.634+0000] {processor.py:830} INFO - Processing file /home/airflow/.local/lib/python3.12/site-packages/airflow/example_dags/plugins/event_listener.py for tasks to queue
[2026-07-31T11:27:35.641+0000] {logging_mixin.py:188} INFO - [2026-07-31T11:27:35.640+0000] {dagbag.py:545} INFO - Filling up the DagBag from /home/airflow/.local/lib/python3.12/site-packages/airflow/example_dags/plugins/event_listener.py
[2026-07-31T11:27:35.648+0000] {processor.py:842} WARNING - No viable dags retrieved from /home/airflow/.local/lib/python3.12/site-packages/airflow/example_dags/plugins/event_listener.py
[2026-07-31T11:27:35.691+0000] {processor.py:183} INFO - Processing /home/airflow/.local/lib/python3.12/site-packages/airflow/example_dags/plugins/event_listener.py took 0.079 seconds
[2026-07-31T11:28:06.791+0000] {processor.py:161} INFO - Started process (PID=3198) to work on /home/airflow/.local/lib/python3.12/site-packages/airflow/example_dags/plugins/event_listener.py
[2026-07-31T11:28:06.794+0000] {processor.py:830} INFO - Processing file /home/airflow/.local/lib/python3.12/site-packages/airflow/example_dags/plugins/event_listener.py for tasks to queue
[2026-07-31T11:28:06.801+0000] {logging_mixin.py:188} INFO - [2026-07-31T11:28:06.800+0000] {dagbag.py:545} INFO - Filling up the DagBag from /home/airflow/.local/lib/python3.12/site-packages/airflow/example_dags/plugins/event_listener.py
[2026-07-31T11:28:06.808+0000] {processor.py:842} WARNING - No viable dags retrieved from /home/airflow/.local/lib/python3.12/site-packages/airflow/example_dags/plugins/event_listener.py
[2026-07-31T11:28:06.844+0000] {processor.py:183} INFO - Processing /home/airflow/.local/lib/python3.12/site-packages/airflow/example_dags/plugins/event_listener.py took 0.067 seconds
[2026-07-31T11:28:37.099+0000] {processor.py:161} INFO - Started process (PID=3261) to work on /home/airflow/.local/lib/python3.12/site-packages/airflow/example_dags/plugins/event_listener.py
[2026-07-31T11:28:37.102+0000] {processor.py:830} INFO - Processing file /home/airflow/.local/lib/python3.12/site-packages/airflow/example_dags/plugins/event_listener.py for tasks to queue
[2026-07-31T11:28:37.109+0000] {logging_mixin.py:188} INFO - [2026-07-31T11:28:37.108+0000] {dagbag.py:545} INFO - Filling up the DagBag from /home/airflow/.local/lib/python3.12/site-packages/airflow/example_dags/plugins/event_listener.py
[2026-07-31T11:28:37.116+0000] {processor.py:842} WARNING - No viable dags retrieved from /home/airflow/.local/lib/python3.12/site-packages/airflow/example_dags/plugins/event_listener.py
[2026-07-31T11:28:37.166+0000] {processor.py:183} INFO - Processing /home/airflow/.local/lib/python3.12/site-packages/airflow/example_dags/plugins/event_listener.py took 0.095 seconds
[2026-07-31T11:29:07.516+0000] {processor.py:161} INFO - Started process (PID=3317) to work on /home/airflow/.local/lib/python3.12/site-packages/airflow/example_dags/plugins/event_listener.py
[2026-07-31T11:29:07.532+0000] {processor.py:830} INFO - Processing file /home/airflow/.local/lib/python3.12/site-packages/airflow/example_dags/plugins/event_listener.py for tasks to queue
[2026-07-31T11:29:07.545+0000] {logging_mixin.py:188} INFO - [2026-07-31T11:29:07.544+0000] {dagbag.py:545} INFO - Filling up the DagBag from /home/airflow/.local/lib/python3.12/site-packages/airflow/example_dags/plugins/event_listener.py
[2026-07-31T11:29:07.554+0000] {processor.py:842} WARNING - No viable dags retrieved from /home/airflow/.local/lib/python3.12/site-packages/airflow/example_dags/plugins/event_listener.py
[2026-07-31T11:29:07.644+0000] {processor.py:183} INFO - Processing /home/airflow/.local/lib/python3.12/site-packages/airflow/example_dags/plugins/event_listener.py took 0.173 seconds
[2026-07-31T11:30:15.247+0000] {processor.py:161} INFO - Started process (PID=3397) to work on /home/airflow/.local/lib/python3.12/site-packages/airflow/example_dags/plugins/event_listener.py
[2026-07-31T11:30:15.253+0000] {processor.py:830} INFO - Processing file /home/airflow/.local/lib/python3.12/site-packages/airflow/example_dags/plugins/event_listener.py for tasks to queue
[2026-07-31T11:30:15.278+0000] {logging_mixin.py:188} INFO - [2026-07-31T11:30:15.275+0000] {dagbag.py:545} INFO - Filling up the DagBag from /home/airflow/.local/lib/python3.12/site-packages/airflow/example_dags/plugins/event_listener.py
[2026-07-31T11:30:15.301+0000] {processor.py:842} WARNING - No viable dags retrieved from /home/airflow/.local/lib/python3.12/site-packages/airflow/example_dags/plugins/event_listener.py
[2026-07-31T11:30:15.421+0000] {processor.py:183} INFO - Processing /home/airflow/.local/lib/python3.12/site-packages/airflow/example_dags/plugins/event_listener.py took 0.227 seconds
[2026-07-31T11:30:46.462+0000] {processor.py:161} INFO - Started process (PID=3454) to work on /home/airflow/.local/lib/python3.12/site-packages/airflow/example_dags/plugins/event_listener.py
[2026-07-31T11:30:46.467+0000] {processor.py:830} INFO - Processing file /home/airflow/.local/lib/python3.12/site-packages/airflow/example_dags/plugins/event_listener.py for tasks to queue
[2026-07-31T11:30:46.493+0000] {logging_mixin.py:188} INFO - [2026-07-31T11:30:46.484+0000] {dagbag.py:545} INFO - Filling up the DagBag from /home/airflow/.local/lib/python3.12/site-packages/airflow/example_dags/plugins/event_listener.py
[2026-07-31T11:30:46.512+0000] {processor.py:842} WARNING - No viable dags retrieved from /home/airflow/.local/lib/python3.12/site-packages/airflow/example_dags/plugins/event_listener.py
[2026-07-31T11:30:46.628+0000] {processor.py:183} INFO - Processing /home/airflow/.local/lib/python3.12/site-packages/airflow/example_dags/plugins/event_listener.py took 0.230 seconds
[2026-07-31T11:31:17.081+0000] {processor.py:161} INFO - Started process (PID=3511) to work on /home/airflow/.local/lib/python3.12/site-packages/airflow/example_dags/plugins/event_listener.py
[2026-07-31T11:31:17.085+0000] {processor.py:830} INFO - Processing file /home/airflow/.local/lib/python3.12/site-packages/airflow/example_dags/plugins/event_listener.py for tasks to queue
[2026-07-31T11:31:17.091+0000] {logging_mixin.py:188} INFO - [2026-07-31T11:31:17.090+0000] {dagbag.py:545} INFO - Filling up the DagBag from /home/airflow/.local/lib/python3.12/site-packages/airflow/example_dags/plugins/event_listener.py
[2026-07-31T11:31:17.098+0000] {processor.py:842} WARNING - No viable dags retrieved from /home/airflow/.local/lib/python3.12/site-packages/airflow/example_dags/plugins/event_listener.py
[2026-07-31T11:31:17.139+0000] {processor.py:183} INFO - Processing /home/airflow/.local/lib/python3.12/site-packages/airflow/example_dags/plugins/event_listener.py took 0.081 seconds
[2026-07-31T11:31:47.845+0000] {processor.py:161} INFO - Started process (PID=3570) to work on /home/airflow/.local/lib/python3.12/site-packages/airflow/example_dags/plugins/event_listener.py
[2026-07-31T11:31:47.849+0000] {processor.py:830} INFO - Processing file /home/airflow/.local/lib/python3.12/site-packages/airflow/example_dags/plugins/event_listener.py for tasks to queue
[2026-07-31T11:31:47.859+0000] {logging_mixin.py:188} INFO - [2026-07-31T11:31:47.858+0000] {dagbag.py:545} INFO - Filling up the DagBag from /home/airflow/.local/lib/python3.12/site-packages/airflow/example_dags/plugins/event_listener.py
[2026-07-31T11:31:47.866+0000] {processor.py:842} WARNING - No viable dags retrieved from /home/airflow/.local/lib/python3.12/site-packages/airflow/example_dags/plugins/event_listener.py
[2026-07-31T11:31:47.916+0000] {processor.py:183} INFO - Processing /home/airflow/.local/lib/python3.12/site-packages/airflow/example_dags/plugins/event_listener.py took 0.091 seconds
[2026-07-31T11:32:18.041+0000] {processor.py:161} INFO - Started process (PID=3627) to work on /home/airflow/.local/lib/python3.12/site-packages/airflow/example_dags/plugins/event_listener.py
[2026-07-31T11:32:18.044+0000] {processor.py:830} INFO - Processing file /home/airflow/.local/lib/python3.12/site-packages/airflow/example_dags/plugins/event_listener.py for tasks to queue
[2026-07-31T11:32:18.052+0000] {logging_mixin.py:188} INFO - [2026-07-31T11:32:18.051+0000] {dagbag.py:545} INFO - Filling up the DagBag from /home/airflow/.local/lib/python3.12/site-packages/airflow/example_dags/plugins/event_listener.py
[2026-07-31T11:32:18.060+0000] {processor.py:842} WARNING - No viable dags retrieved from /home/airflow/.local/lib/python3.12/site-packages/airflow/example_dags/plugins/event_listener.py
[2026-07-31T11:32:18.109+0000] {processor.py:183} INFO - Processing /home/airflow/.local/lib/python3.12/site-packages/airflow/example_dags/plugins/event_listener.py took 0.091 seconds
[2026-07-31T11:33:08.902+0000] {processor.py:161} INFO - Started process (PID=3691) to work on /home/airflow/.local/lib/python3.12/site-packages/airflow/example_dags/plugins/event_listener.py
[2026-07-31T11:33:08.914+0000] {processor.py:830} INFO - Processing file /home/airflow/.local/lib/python3.12/site-packages/airflow/example_dags/plugins/event_listener.py for tasks to queue
[2026-07-31T11:33:08.936+0000] {logging_mixin.py:188} INFO - [2026-07-31T11:33:08.933+0000] {dagbag.py:545} INFO - Filling up the DagBag from /home/airflow/.local/lib/python3.12/site-packages/airflow/example_dags/plugins/event_listener.py
[2026-07-31T11:33:08.957+0000] {processor.py:842} WARNING - No viable dags retrieved from /home/airflow/.local/lib/python3.12/site-packages/airflow/example_dags/plugins/event_listener.py
[2026-07-31T11:33:09.075+0000] {processor.py:183} INFO - Processing /home/airflow/.local/lib/python3.12/site-packages/airflow/example_dags/plugins/event_listener.py took 0.216 seconds
[2026-07-31T11:34:38.327+0000] {processor.py:161} INFO - Started process (PID=3772) to work on /home/airflow/.local/lib/python3.12/site-packages/airflow/example_dags/plugins/event_listener.py
[2026-07-31T11:34:38.331+0000] {processor.py:830} INFO - Processing file /home/airflow/.local/lib/python3.12/site-packages/airflow/example_dags/plugins/event_listener.py for tasks to queue
[2026-07-31T11:34:38.341+0000] {logging_mixin.py:188} INFO - [2026-07-31T11:34:38.340+0000] {dagbag.py:545} INFO - Filling up the DagBag from /home/airflow/.local/lib/python3.12/site-packages/airflow/example_dags/plugins/event_listener.py
[2026-07-31T11:34:38.348+0000] {processor.py:842} WARNING - No viable dags retrieved from /home/airflow/.local/lib/python3.12/site-packages/airflow/example_dags/plugins/event_listener.py
[2026-07-31T11:34:38.397+0000] {processor.py:183} INFO - Processing /home/airflow/.local/lib/python3.12/site-packages/airflow/example_dags/plugins/event_listener.py took 0.086 seconds
[2026-07-31T11:35:09.154+0000] {processor.py:161} INFO - Started process (PID=3831) to work on /home/airflow/.local/lib/python3.12/site-packages/airflow/example_dags/plugins/event_listener.py
[2026-07-31T11:35:09.158+0000] {processor.py:830} INFO - Processing file /home/airflow/.local/lib/python3.12/site-packages/airflow/example_dags/plugins/event_listener.py for tasks to queue
[2026-07-31T11:35:09.163+0000] {logging_mixin.py:188} INFO - [2026-07-31T11:35:09.162+0000] {dagbag.py:545} INFO - Filling up the DagBag from /home/airflow/.local/lib/python3.12/site-packages/airflow/example_dags/plugins/event_listener.py
[2026-07-31T11:35:09.168+0000] {processor.py:842} WARNING - No viable dags retrieved from /home/airflow/.local/lib/python3.12/site-packages/airflow/example_dags/plugins/event_listener.py
[2026-07-31T11:35:09.198+0000] {processor.py:183} INFO - Processing /home/airflow/.local/lib/python3.12/site-packages/airflow/example_dags/plugins/event_listener.py took 0.064 seconds
[2026-07-31T11:35:40.654+0000] {processor.py:161} INFO - Started process (PID=3896) to work on /home/airflow/.local/lib/python3.12/site-packages/airflow/example_dags/plugins/event_listener.py
[2026-07-31T11:35:40.657+0000] {processor.py:830} INFO - Processing file /home/airflow/.local/lib/python3.12/site-packages/airflow/example_dags/plugins/event_listener.py for tasks to queue
[2026-07-31T11:35:40.662+0000] {logging_mixin.py:188} INFO - [2026-07-31T11:35:40.661+0000] {dagbag.py:545} INFO - Filling up the DagBag from /home/airflow/.local/lib/python3.12/site-packages/airflow/example_dags/plugins/event_listener.py
[2026-07-31T11:35:40.670+0000] {processor.py:842} WARNING - No viable dags retrieved from /home/airflow/.local/lib/python3.12/site-packages/airflow/example_dags/plugins/event_listener.py
[2026-07-31T11:35:40.700+0000] {processor.py:183} INFO - Processing /home/airflow/.local/lib/python3.12/site-packages/airflow/example_dags/plugins/event_listener.py took 0.064 seconds
[2026-07-31T11:36:11.262+0000] {processor.py:161} INFO - Started process (PID=3954) to work on /home/airflow/.local/lib/python3.12/site-packages/airflow/example_dags/plugins/event_listener.py
[2026-07-31T11:36:11.264+0000] {processor.py:830} INFO - Processing file /home/airflow/.local/lib/python3.12/site-packages/airflow/example_dags/plugins/event_listener.py for tasks to queue
[2026-07-31T11:36:11.269+0000] {logging_mixin.py:188} INFO - [2026-07-31T11:36:11.268+0000] {dagbag.py:545} INFO - Filling up the DagBag from /home/airflow/.local/lib/python3.12/site-packages/airflow/example_dags/plugins/event_listener.py
[2026-07-31T11:36:11.272+0000] {processor.py:842} WARNING - No viable dags retrieved from /home/airflow/.local/lib/python3.12/site-packages/airflow/example_dags/plugins/event_listener.py
[2026-07-31T11:36:11.306+0000] {processor.py:183} INFO - Processing /home/airflow/.local/lib/python3.12/site-packages/airflow/example_dags/plugins/event_listener.py took 0.058 seconds
[2026-07-31T11:36:45.296+0000] {processor.py:161} INFO - Started process (PID=4015) to work on /home/airflow/.local/lib/python3.12/site-packages/airflow/example_dags/plugins/event_listener.py
[2026-07-31T11:36:45.299+0000] {processor.py:830} INFO - Processing file /home/airflow/.local/lib/python3.12/site-packages/airflow/example_dags/plugins/event_listener.py for tasks to queue
[2026-07-31T11:36:45.303+0000] {logging_mixin.py:188} INFO - [2026-07-31T11:36:45.302+0000] {dagbag.py:545} INFO - Filling up the DagBag from /home/airflow/.local/lib/python3.12/site-packages/airflow/example_dags/plugins/event_listener.py
[2026-07-31T11:36:45.309+0000] {processor.py:842} WARNING - No viable dags retrieved from /home/airflow/.local/lib/python3.12/site-packages/airflow/example_dags/plugins/event_listener.py
[2026-07-31T11:36:45.334+0000] {processor.py:183} INFO - Processing /home/airflow/.local/lib/python3.12/site-packages/airflow/example_dags/plugins/event_listener.py took 0.055 seconds
[2026-07-31T11:37:16.228+0000] {processor.py:161} INFO - Started process (PID=4073) to work on /home/airflow/.local/lib/python3.12/site-packages/airflow/example_dags/plugins/event_listener.py
[2026-07-31T11:37:16.230+0000] {processor.py:830} INFO - Processing file /home/airflow/.local/lib/python3.12/site-packages/airflow/example_dags/plugins/event_listener.py for tasks to queue
[2026-07-31T11:37:16.233+0000] {logging_mixin.py:188} INFO - [2026-07-31T11:37:16.232+0000] {dagbag.py:545} INFO - Filling up the DagBag from /home/airflow/.local/lib/python3.12/site-packages/airflow/example_dags/plugins/event_listener.py
[2026-07-31T11:37:16.236+0000] {processor.py:842} WARNING - No viable dags retrieved from /home/airflow/.local/lib/python3.12/site-packages/airflow/example_dags/plugins/event_listener.py
[2026-07-31T11:37:16.263+0000] {processor.py:183} INFO - Processing /home/airflow/.local/lib/python3.12/site-packages/airflow/example_dags/plugins/event_listener.py took 0.046 seconds
[2026-07-31T11:37:47.859+0000] {processor.py:161} INFO - Started process (PID=4132) to work on /home/airflow/.local/lib/python3.12/site-packages/airflow/example_dags/plugins/event_listener.py
[2026-07-31T11:37:47.863+0000] {processor.py:830} INFO - Processing file /home/airflow/.local/lib/python3.12/site-packages/airflow/example_dags/plugins/event_listener.py for tasks to queue
[2026-07-31T11:37:47.870+0000] {logging_mixin.py:188} INFO - [2026-07-31T11:37:47.870+0000] {dagbag.py:545} INFO - Filling up the DagBag from /home/airflow/.local/lib/python3.12/site-packages/airflow/example_dags/plugins/event_listener.py
[2026-07-31T11:37:47.874+0000] {processor.py:842} WARNING - No viable dags retrieved from /home/airflow/.local/lib/python3.12/site-packages/airflow/example_dags/plugins/event_listener.py
[2026-07-31T11:37:47.902+0000] {processor.py:183} INFO - Processing /home/airflow/.local/lib/python3.12/site-packages/airflow/example_dags/plugins/event_listener.py took 0.057 seconds
[2026-07-31T11:38:21.199+0000] {processor.py:161} INFO - Started process (PID=4190) to work on /home/airflow/.local/lib/python3.12/site-packages/airflow/example_dags/plugins/event_listener.py
[2026-07-31T11:38:21.203+0000] {processor.py:830} INFO - Processing file /home/airflow/.local/lib/python3.12/site-packages/airflow/example_dags/plugins/event_listener.py for tasks to queue
[2026-07-31T11:38:21.217+0000] {logging_mixin.py:188} INFO - [2026-07-31T11:38:21.215+0000] {dagbag.py:545} INFO - Filling up the DagBag from /home/airflow/.local/lib/python3.12/site-packages/airflow/example_dags/plugins/event_listener.py
[2026-07-31T11:38:21.226+0000] {processor.py:842} WARNING - No viable dags retrieved from /home/airflow/.local/lib/python3.12/site-packages/airflow/example_dags/plugins/event_listener.py
[2026-07-31T11:38:21.271+0000] {processor.py:183} INFO - Processing /home/airflow/.local/lib/python3.12/site-packages/airflow/example_dags/plugins/event_listener.py took 0.100 seconds
[2026-07-31T11:38:52.054+0000] {processor.py:161} INFO - Started process (PID=4248) to work on /home/airflow/.local/lib/python3.12/site-packages/airflow/example_dags/plugins/event_listener.py
[2026-07-31T11:38:52.057+0000] {processor.py:830} INFO - Processing file /home/airflow/.local/lib/python3.12/site-packages/airflow/example_dags/plugins/event_listener.py for tasks to queue
[2026-07-31T11:38:52.063+0000] {logging_mixin.py:188} INFO - [2026-07-31T11:38:52.062+0000] {dagbag.py:545} INFO - Filling up the DagBag from /home/airflow/.local/lib/python3.12/site-packages/airflow/example_dags/plugins/event_listener.py
[2026-07-31T11:38:52.071+0000] {processor.py:842} WARNING - No viable dags retrieved from /home/airflow/.local/lib/python3.12/site-packages/airflow/example_dags/plugins/event_listener.py
[2026-07-31T11:38:52.124+0000] {processor.py:183} INFO - Processing /home/airflow/.local/lib/python3.12/site-packages/airflow/example_dags/plugins/event_listener.py took 0.083 seconds
[2026-07-31T11:39:22.682+0000] {processor.py:161} INFO - Started process (PID=4304) to work on /home/airflow/.local/lib/python3.12/site-packages/airflow/example_dags/plugins/event_listener.py
[2026-07-31T11:39:22.687+0000] {processor.py:830} INFO - Processing file /home/airflow/.local/lib/python3.12/site-packages/airflow/example_dags/plugins/event_listener.py for tasks to queue
[2026-07-31T11:39:22.691+0000] {logging_mixin.py:188} INFO - [2026-07-31T11:39:22.691+0000] {dagbag.py:545} INFO - Filling up the DagBag from /home/airflow/.local/lib/python3.12/site-packages/airflow/example_dags/plugins/event_listener.py
[2026-07-31T11:39:22.697+0000] {processor.py:842} WARNING - No viable dags retrieved from /home/airflow/.local/lib/python3.12/site-packages/airflow/example_dags/plugins/event_listener.py
[2026-07-31T11:39:22.732+0000] {processor.py:183} INFO - Processing /home/airflow/.local/lib/python3.12/site-packages/airflow/example_dags/plugins/event_listener.py took 0.064 seconds
[2026-07-31T11:39:52.852+0000] {processor.py:161} INFO - Started process (PID=4361) to work on /home/airflow/.local/lib/python3.12/site-packages/airflow/example_dags/plugins/event_listener.py
[2026-07-31T11:39:52.854+0000] {processor.py:830} INFO - Processing file /home/airflow/.local/lib/python3.12/site-packages/airflow/example_dags/plugins/event_listener.py for tasks to queue
[2026-07-31T11:39:52.859+0000] {logging_mixin.py:188} INFO - [2026-07-31T11:39:52.859+0000] {dagbag.py:545} INFO - Filling up the DagBag from /home/airflow/.local/lib/python3.12/site-packages/airflow/example_dags/plugins/event_listener.py
[2026-07-31T11:39:52.864+0000] {processor.py:842} WARNING - No viable dags retrieved from /home/airflow/.local/lib/python3.12/site-packages/airflow/example_dags/plugins/event_listener.py
[2026-07-31T11:39:52.888+0000] {processor.py:183} INFO - Processing /home/airflow/.local/lib/python3.12/site-packages/airflow/example_dags/plugins/event_listener.py took 0.045 seconds
[2026-07-31T11:40:23.418+0000] {processor.py:161} INFO - Started process (PID=4419) to work on /home/airflow/.local/lib/python3.12/site-packages/airflow/example_dags/plugins/event_listener.py
[2026-07-31T11:40:23.421+0000] {processor.py:830} INFO - Processing file /home/airflow/.local/lib/python3.12/site-packages/airflow/example_dags/plugins/event_listener.py for tasks to queue
[2026-07-31T11:40:23.426+0000] {logging_mixin.py:188} INFO - [2026-07-31T11:40:23.425+0000] {dagbag.py:545} INFO - Filling up the DagBag from /home/airflow/.local/lib/python3.12/site-packages/airflow/example_dags/plugins/event_listener.py
[2026-07-31T11:40:23.442+0000] {processor.py:842} WARNING - No viable dags retrieved from /home/airflow/.local/lib/python3.12/site-packages/airflow/example_dags/plugins/event_listener.py
[2026-07-31T11:40:23.497+0000] {processor.py:183} INFO - Processing /home/airflow/.local/lib/python3.12/site-packages/airflow/example_dags/plugins/event_listener.py took 0.099 seconds
[2026-07-31T11:40:53.922+0000] {processor.py:161} INFO - Started process (PID=4477) to work on /home/airflow/.local/lib/python3.12/site-packages/airflow/example_dags/plugins/event_listener.py
[2026-07-31T11:40:53.925+0000] {processor.py:830} INFO - Processing file /home/airflow/.local/lib/python3.12/site-packages/airflow/example_dags/plugins/event_listener.py for tasks to queue
[2026-07-31T11:40:53.930+0000] {logging_mixin.py:188} INFO - [2026-07-31T11:40:53.929+0000] {dagbag.py:545} INFO - Filling up the DagBag from /home/airflow/.local/lib/python3.12/site-packages/airflow/example_dags/plugins/event_listener.py
[2026-07-31T11:40:53.936+0000] {processor.py:842} WARNING - No viable dags retrieved from /home/airflow/.local/lib/python3.12/site-packages/airflow/example_dags/plugins/event_listener.py
[2026-07-31T11:40:53.969+0000] {processor.py:183} INFO - Processing /home/airflow/.local/lib/python3.12/site-packages/airflow/example_dags/plugins/event_listener.py took 0.063 seconds
[2026-07-31T11:41:24.399+0000] {processor.py:161} INFO - Started process (PID=4535) to work on /home/airflow/.local/lib/python3.12/site-packages/airflow/example_dags/plugins/event_listener.py
[2026-07-31T11:41:24.403+0000] {processor.py:830} INFO - Processing file /home/airflow/.local/lib/python3.12/site-packages/airflow/example_dags/plugins/event_listener.py for tasks to queue
[2026-07-31T11:41:24.413+0000] {logging_mixin.py:188} INFO - [2026-07-31T11:41:24.411+0000] {dagbag.py:545} INFO - Filling up the DagBag from /home/airflow/.local/lib/python3.12/site-packages/airflow/example_dags/plugins/event_listener.py
[2026-07-31T11:41:24.425+0000] {processor.py:842} WARNING - No viable dags retrieved from /home/airflow/.local/lib/python3.12/site-packages/airflow/example_dags/plugins/event_listener.py
[2026-07-31T11:41:24.471+0000] {processor.py:183} INFO - Processing /home/airflow/.local/lib/python3.12/site-packages/airflow/example_dags/plugins/event_listener.py took 0.105 seconds
[2026-07-31T11:41:55.241+0000] {processor.py:161} INFO - Started process (PID=4593) to work on /home/airflow/.local/lib/python3.12/site-packages/airflow/example_dags/plugins/event_listener.py
[2026-07-31T11:41:55.242+0000] {processor.py:830} INFO - Processing file /home/airflow/.local/lib/python3.12/site-packages/airflow/example_dags/plugins/event_listener.py for tasks to queue
[2026-07-31T11:41:55.247+0000] {logging_mixin.py:188} INFO - [2026-07-31T11:41:55.246+0000] {dagbag.py:545} INFO - Filling up the DagBag from /home/airflow/.local/lib/python3.12/site-packages/airflow/example_dags/plugins/event_listener.py
[2026-07-31T11:41:55.250+0000] {processor.py:842} WARNING - No viable dags retrieved from /home/airflow/.local/lib/python3.12/site-packages/airflow/example_dags/plugins/event_listener.py
[2026-07-31T11:41:55.277+0000] {processor.py:183} INFO - Processing /home/airflow/.local/lib/python3.12/site-packages/airflow/example_dags/plugins/event_listener.py took 0.046 seconds
[2026-07-31T11:42:26.232+0000] {processor.py:161} INFO - Started process (PID=4651) to work on /home/airflow/.local/lib/python3.12/site-packages/airflow/example_dags/plugins/event_listener.py
[2026-07-31T11:42:26.237+0000] {processor.py:830} INFO - Processing file /home/airflow/.local/lib/python3.12/site-packages/airflow/example_dags/plugins/event_listener.py for tasks to queue
[2026-07-31T11:42:26.242+0000] {logging_mixin.py:188} INFO - [2026-07-31T11:42:26.241+0000] {dagbag.py:545} INFO - Filling up the DagBag from /home/airflow/.local/lib/python3.12/site-packages/airflow/example_dags/plugins/event_listener.py
[2026-07-31T11:42:26.246+0000] {processor.py:842} WARNING - No viable dags retrieved from /home/airflow/.local/lib/python3.12/site-packages/airflow/example_dags/plugins/event_listener.py
[2026-07-31T11:42:26.288+0000] {processor.py:183} INFO - Processing /home/airflow/.local/lib/python3.12/site-packages/airflow/example_dags/plugins/event_listener.py took 0.069 seconds
[2026-07-31T11:42:57.086+0000] {processor.py:161} INFO - Started process (PID=4709) to work on /home/airflow/.local/lib/python3.12/site-packages/airflow/example_dags/plugins/event_listener.py
[2026-07-31T11:42:57.089+0000] {processor.py:830} INFO - Processing file /home/airflow/.local/lib/python3.12/site-packages/airflow/example_dags/plugins/event_listener.py for tasks to queue
[2026-07-31T11:42:57.093+0000] {logging_mixin.py:188} INFO - [2026-07-31T11:42:57.092+0000] {dagbag.py:545} INFO - Filling up the DagBag from /home/airflow/.local/lib/python3.12/site-packages/airflow/example_dags/plugins/event_listener.py
[2026-07-31T11:42:57.097+0000] {processor.py:842} WARNING - No viable dags retrieved from /home/airflow/.local/lib/python3.12/site-packages/airflow/example_dags/plugins/event_listener.py
[2026-07-31T11:42:57.120+0000] {processor.py:183} INFO - Processing /home/airflow/.local/lib/python3.12/site-packages/airflow/example_dags/plugins/event_listener.py took 0.045 seconds
[2026-07-31T11:43:27.536+0000] {processor.py:161} INFO - Started process (PID=4767) to work on /home/airflow/.local/lib/python3.12/site-packages/airflow/example_dags/plugins/event_listener.py
[2026-07-31T11:43:27.540+0000] {processor.py:830} INFO - Processing file /home/airflow/.local/lib/python3.12/site-packages/airflow/example_dags/plugins/event_listener.py for tasks to queue
[2026-07-31T11:43:27.544+0000] {logging_mixin.py:188} INFO - [2026-07-31T11:43:27.544+0000] {dagbag.py:545} INFO - Filling up the DagBag from /home/airflow/.local/lib/python3.12/site-packages/airflow/example_dags/plugins/event_listener.py
[2026-07-31T11:43:27.548+0000] {processor.py:842} WARNING - No viable dags retrieved from /home/airflow/.local/lib/python3.12/site-packages/airflow/example_dags/plugins/event_listener.py
[2026-07-31T11:43:27.568+0000] {processor.py:183} INFO - Processing /home/airflow/.local/lib/python3.12/site-packages/airflow/example_dags/plugins/event_listener.py took 0.045 seconds
[2026-07-31T11:43:57.765+0000] {processor.py:161} INFO - Started process (PID=4825) to work on /home/airflow/.local/lib/python3.12/site-packages/airflow/example_dags/plugins/event_listener.py
[2026-07-31T11:43:57.766+0000] {processor.py:830} INFO - Processing file /home/airflow/.local/lib/python3.12/site-packages/airflow/example_dags/plugins/event_listener.py for tasks to queue
[2026-07-31T11:43:57.768+0000] {logging_mixin.py:188} INFO - [2026-07-31T11:43:57.768+0000] {dagbag.py:545} INFO - Filling up the DagBag from /home/airflow/.local/lib/python3.12/site-packages/airflow/example_dags/plugins/event_listener.py
[2026-07-31T11:43:57.771+0000] {processor.py:842} WARNING - No viable dags retrieved from /home/airflow/.local/lib/python3.12/site-packages/airflow/example_dags/plugins/event_listener.py
[2026-07-31T11:43:57.786+0000] {processor.py:183} INFO - Processing /home/airflow/.local/lib/python3.12/site-packages/airflow/example_dags/plugins/event_listener.py took 0.028 seconds
[2026-07-31T11:44:28.494+0000] {processor.py:161} INFO - Started process (PID=4883) to work on /home/airflow/.local/lib/python3.12/site-packages/airflow/example_dags/plugins/event_listener.py
[2026-07-31T11:44:28.495+0000] {processor.py:830} INFO - Processing file /home/airflow/.local/lib/python3.12/site-packages/airflow/example_dags/plugins/event_listener.py for tasks to queue
[2026-07-31T11:44:28.498+0000] {logging_mixin.py:188} INFO - [2026-07-31T11:44:28.498+0000] {dagbag.py:545} INFO - Filling up the DagBag from /home/airflow/.local/lib/python3.12/site-packages/airflow/example_dags/plugins/event_listener.py
[2026-07-31T11:44:28.502+0000] {processor.py:842} WARNING - No viable dags retrieved from /home/airflow/.local/lib/python3.12/site-packages/airflow/example_dags/plugins/event_listener.py
[2026-07-31T11:44:28.520+0000] {processor.py:183} INFO - Processing /home/airflow/.local/lib/python3.12/site-packages/airflow/example_dags/plugins/event_listener.py took 0.033 seconds
[2026-07-31T11:44:59.229+0000] {processor.py:161} INFO - Started process (PID=4941) to work on /home/airflow/.local/lib/python3.12/site-packages/airflow/example_dags/plugins/event_listener.py
[2026-07-31T11:44:59.232+0000] {processor.py:830} INFO - Processing file /home/airflow/.local/lib/python3.12/site-packages/airflow/example_dags/plugins/event_listener.py for tasks to queue
[2026-07-31T11:44:59.254+0000] {logging_mixin.py:188} INFO - [2026-07-31T11:44:59.253+0000] {dagbag.py:545} INFO - Filling up the DagBag from /home/airflow/.local/lib/python3.12/site-packages/airflow/example_dags/plugins/event_listener.py
[2026-07-31T11:44:59.278+0000] {processor.py:842} WARNING - No viable dags retrieved from /home/airflow/.local/lib/python3.12/site-packages/airflow/example_dags/plugins/event_listener.py
[2026-07-31T11:44:59.360+0000] {processor.py:183} INFO - Processing /home/airflow/.local/lib/python3.12/site-packages/airflow/example_dags/plugins/event_listener.py took 0.157 seconds
[2026-07-31T11:45:30.416+0000] {processor.py:161} INFO - Started process (PID=4998) to work on /home/airflow/.local/lib/python3.12/site-packages/airflow/example_dags/plugins/event_listener.py
[2026-07-31T11:45:30.418+0000] {processor.py:830} INFO - Processing file /home/airflow/.local/lib/python3.12/site-packages/airflow/example_dags/plugins/event_listener.py for tasks to queue
[2026-07-31T11:45:30.421+0000] {logging_mixin.py:188} INFO - [2026-07-31T11:45:30.420+0000] {dagbag.py:545} INFO - Filling up the DagBag from /home/airflow/.local/lib/python3.12/site-packages/airflow/example_dags/plugins/event_listener.py
[2026-07-31T11:45:30.424+0000] {processor.py:842} WARNING - No viable dags retrieved from /home/airflow/.local/lib/python3.12/site-packages/airflow/example_dags/plugins/event_listener.py
[2026-07-31T11:45:30.445+0000] {processor.py:183} INFO - Processing /home/airflow/.local/lib/python3.12/site-packages/airflow/example_dags/plugins/event_listener.py took 0.037 seconds
[2026-07-31T11:46:00.700+0000] {processor.py:161} INFO - Started process (PID=5056) to work on /home/airflow/.local/lib/python3.12/site-packages/airflow/example_dags/plugins/event_listener.py
[2026-07-31T11:46:00.702+0000] {processor.py:830} INFO - Processing file /home/airflow/.local/lib/python3.12/site-packages/airflow/example_dags/plugins/event_listener.py for tasks to queue
[2026-07-31T11:46:00.707+0000] {logging_mixin.py:188} INFO - [2026-07-31T11:46:00.706+0000] {dagbag.py:545} INFO - Filling up the DagBag from /home/airflow/.local/lib/python3.12/site-packages/airflow/example_dags/plugins/event_listener.py
[2026-07-31T11:46:00.711+0000] {processor.py:842} WARNING - No viable dags retrieved from /home/airflow/.local/lib/python3.12/site-packages/airflow/example_dags/plugins/event_listener.py
[2026-07-31T11:46:00.766+0000] {processor.py:183} INFO - Processing /home/airflow/.local/lib/python3.12/site-packages/airflow/example_dags/plugins/event_listener.py took 0.077 seconds
[2026-07-31T11:46:31.426+0000] {processor.py:161} INFO - Started process (PID=5114) to work on /home/airflow/.local/lib/python3.12/site-packages/airflow/example_dags/plugins/event_listener.py
[2026-07-31T11:46:31.427+0000] {processor.py:830} INFO - Processing file /home/airflow/.local/lib/python3.12/site-packages/airflow/example_dags/plugins/event_listener.py for tasks to queue
[2026-07-31T11:46:31.429+0000] {logging_mixin.py:188} INFO - [2026-07-31T11:46:31.428+0000] {dagbag.py:545} INFO - Filling up the DagBag from /home/airflow/.local/lib/python3.12/site-packages/airflow/example_dags/plugins/event_listener.py
[2026-07-31T11:46:31.431+0000] {processor.py:842} WARNING - No viable dags retrieved from /home/airflow/.local/lib/python3.12/site-packages/airflow/example_dags/plugins/event_listener.py
[2026-07-31T11:46:31.448+0000] {processor.py:183} INFO - Processing /home/airflow/.local/lib/python3.12/site-packages/airflow/example_dags/plugins/event_listener.py took 0.029 seconds
[2026-07-31T11:47:01.583+0000] {processor.py:161} INFO - Started process (PID=5172) to work on /home/airflow/.local/lib/python3.12/site-packages/airflow/example_dags/plugins/event_listener.py
[2026-07-31T11:47:01.584+0000] {processor.py:830} INFO - Processing file /home/airflow/.local/lib/python3.12/site-packages/airflow/example_dags/plugins/event_listener.py for tasks to queue
[2026-07-31T11:47:01.587+0000] {logging_mixin.py:188} INFO - [2026-07-31T11:47:01.586+0000] {dagbag.py:545} INFO - Filling up the DagBag from /home/airflow/.local/lib/python3.12/site-packages/airflow/example_dags/plugins/event_listener.py
[2026-07-31T11:47:01.589+0000] {processor.py:842} WARNING - No viable dags retrieved from /home/airflow/.local/lib/python3.12/site-packages/airflow/example_dags/plugins/event_listener.py
[2026-07-31T11:47:01.606+0000] {processor.py:183} INFO - Processing /home/airflow/.local/lib/python3.12/site-packages/airflow/example_dags/plugins/event_listener.py took 0.030 seconds
[2026-07-31T11:47:32.622+0000] {processor.py:161} INFO - Started process (PID=5230) to work on /home/airflow/.local/lib/python3.12/site-packages/airflow/example_dags/plugins/event_listener.py
[2026-07-31T11:47:32.627+0000] {processor.py:830} INFO - Processing file /home/airflow/.local/lib/python3.12/site-packages/airflow/example_dags/plugins/event_listener.py for tasks to queue
[2026-07-31T11:47:32.634+0000] {logging_mixin.py:188} INFO - [2026-07-31T11:47:32.632+0000] {dagbag.py:545} INFO - Filling up the DagBag from /home/airflow/.local/lib/python3.12/site-packages/airflow/example_dags/plugins/event_listener.py
[2026-07-31T11:47:32.640+0000] {processor.py:842} WARNING - No viable dags retrieved from /home/airflow/.local/lib/python3.12/site-packages/airflow/example_dags/plugins/event_listener.py
[2026-07-31T11:47:32.683+0000] {processor.py:183} INFO - Processing /home/airflow/.local/lib/python3.12/site-packages/airflow/example_dags/plugins/event_listener.py took 0.075 seconds
[2026-07-31T11:48:03.008+0000] {processor.py:161} INFO - Started process (PID=5288) to work on /home/airflow/.local/lib/python3.12/site-packages/airflow/example_dags/plugins/event_listener.py
[2026-07-31T11:48:03.010+0000] {processor.py:830} INFO - Processing file /home/airflow/.local/lib/python3.12/site-packages/airflow/example_dags/plugins/event_listener.py for tasks to queue
[2026-07-31T11:48:03.012+0000] {logging_mixin.py:188} INFO - [2026-07-31T11:48:03.012+0000] {dagbag.py:545} INFO - Filling up the DagBag from /home/airflow/.local/lib/python3.12/site-packages/airflow/example_dags/plugins/event_listener.py
[2026-07-31T11:48:03.015+0000] {processor.py:842} WARNING - No viable dags retrieved from /home/airflow/.local/lib/python3.12/site-packages/airflow/example_dags/plugins/event_listener.py
[2026-07-31T11:48:03.031+0000] {processor.py:183} INFO - Processing /home/airflow/.local/lib/python3.12/site-packages/airflow/example_dags/plugins/event_listener.py took 0.033 seconds
[2026-07-31T11:48:33.349+0000] {processor.py:161} INFO - Started process (PID=5346) to work on /home/airflow/.local/lib/python3.12/site-packages/airflow/example_dags/plugins/event_listener.py
[2026-07-31T11:48:33.351+0000] {processor.py:830} INFO - Processing file /home/airflow/.local/lib/python3.12/site-packages/airflow/example_dags/plugins/event_listener.py for tasks to queue
[2026-07-31T11:48:33.353+0000] {logging_mixin.py:188} INFO - [2026-07-31T11:48:33.353+0000] {dagbag.py:545} INFO - Filling up the DagBag from /home/airflow/.local/lib/python3.12/site-packages/airflow/example_dags/plugins/event_listener.py
[2026-07-31T11:48:33.356+0000] {processor.py:842} WARNING - No viable dags retrieved from /home/airflow/.local/lib/python3.12/site-packages/airflow/example_dags/plugins/event_listener.py
[2026-07-31T11:48:33.373+0000] {processor.py:183} INFO - Processing /home/airflow/.local/lib/python3.12/site-packages/airflow/example_dags/plugins/event_listener.py took 0.031 seconds
[2026-07-31T11:49:03.449+0000] {processor.py:161} INFO - Started process (PID=5402) to work on /home/airflow/.local/lib/python3.12/site-packages/airflow/example_dags/plugins/event_listener.py
[2026-07-31T11:49:03.450+0000] {processor.py:830} INFO - Processing file /home/airflow/.local/lib/python3.12/site-packages/airflow/example_dags/plugins/event_listener.py for tasks to queue
[2026-07-31T11:49:03.452+0000] {logging_mixin.py:188} INFO - [2026-07-31T11:49:03.452+0000] {dagbag.py:545} INFO - Filling up the DagBag from /home/airflow/.local/lib/python3.12/site-packages/airflow/example_dags/plugins/event_listener.py
[2026-07-31T11:49:03.455+0000] {processor.py:842} WARNING - No viable dags retrieved from /home/airflow/.local/lib/python3.12/site-packages/airflow/example_dags/plugins/event_listener.py
[2026-07-31T11:49:03.471+0000] {processor.py:183} INFO - Processing /home/airflow/.local/lib/python3.12/site-packages/airflow/example_dags/plugins/event_listener.py took 0.028 seconds
[2026-07-31T11:49:34.081+0000] {processor.py:161} INFO - Started process (PID=5460) to work on /home/airflow/.local/lib/python3.12/site-packages/airflow/example_dags/plugins/event_listener.py
[2026-07-31T11:49:34.082+0000] {processor.py:830} INFO - Processing file /home/airflow/.local/lib/python3.12/site-packages/airflow/example_dags/plugins/event_listener.py for tasks to queue
[2026-07-31T11:49:34.085+0000] {logging_mixin.py:188} INFO - [2026-07-31T11:49:34.084+0000] {dagbag.py:545} INFO - Filling up the DagBag from /home/airflow/.local/lib/python3.12/site-packages/airflow/example_dags/plugins/event_listener.py
[2026-07-31T11:49:34.087+0000] {processor.py:842} WARNING - No viable dags retrieved from /home/airflow/.local/lib/python3.12/site-packages/airflow/example_dags/plugins/event_listener.py
[2026-07-31T11:49:34.104+0000] {processor.py:183} INFO - Processing /home/airflow/.local/lib/python3.12/site-packages/airflow/example_dags/plugins/event_listener.py took 0.031 seconds
[2026-07-31T11:50:04.787+0000] {processor.py:161} INFO - Started process (PID=5518) to work on /home/airflow/.local/lib/python3.12/site-packages/airflow/example_dags/plugins/event_listener.py
[2026-07-31T11:50:04.789+0000] {processor.py:830} INFO - Processing file /home/airflow/.local/lib/python3.12/site-packages/airflow/example_dags/plugins/event_listener.py for tasks to queue
[2026-07-31T11:50:04.791+0000] {logging_mixin.py:188} INFO - [2026-07-31T11:50:04.790+0000] {dagbag.py:545} INFO - Filling up the DagBag from /home/airflow/.local/lib/python3.12/site-packages/airflow/example_dags/plugins/event_listener.py
[2026-07-31T11:50:04.793+0000] {processor.py:842} WARNING - No viable dags retrieved from /home/airflow/.local/lib/python3.12/site-packages/airflow/example_dags/plugins/event_listener.py
[2026-07-31T11:50:04.810+0000] {processor.py:183} INFO - Processing /home/airflow/.local/lib/python3.12/site-packages/airflow/example_dags/plugins/event_listener.py took 0.029 seconds
[2026-07-31T11:50:35.309+0000] {processor.py:161} INFO - Started process (PID=5576) to work on /home/airflow/.local/lib/python3.12/site-packages/airflow/example_dags/plugins/event_listener.py
[2026-07-31T11:50:35.310+0000] {processor.py:830} INFO - Processing file /home/airflow/.local/lib/python3.12/site-packages/airflow/example_dags/plugins/event_listener.py for tasks to queue
[2026-07-31T11:50:35.312+0000] {logging_mixin.py:188} INFO - [2026-07-31T11:50:35.312+0000] {dagbag.py:545} INFO - Filling up the DagBag from /home/airflow/.local/lib/python3.12/site-packages/airflow/example_dags/plugins/event_listener.py
[2026-07-31T11:50:35.315+0000] {processor.py:842} WARNING - No viable dags retrieved from /home/airflow/.local/lib/python3.12/site-packages/airflow/example_dags/plugins/event_listener.py
[2026-07-31T11:50:35.331+0000] {processor.py:183} INFO - Processing /home/airflow/.local/lib/python3.12/site-packages/airflow/example_dags/plugins/event_listener.py took 0.029 seconds
[2026-07-31T11:51:05.525+0000] {processor.py:161} INFO - Started process (PID=5634) to work on /home/airflow/.local/lib/python3.12/site-packages/airflow/example_dags/plugins/event_listener.py
[2026-07-31T11:51:05.526+0000] {processor.py:830} INFO - Processing file /home/airflow/.local/lib/python3.12/site-packages/airflow/example_dags/plugins/event_listener.py for tasks to queue
[2026-07-31T11:51:05.529+0000] {logging_mixin.py:188} INFO - [2026-07-31T11:51:05.529+0000] {dagbag.py:545} INFO - Filling up the DagBag from /home/airflow/.local/lib/python3.12/site-packages/airflow/example_dags/plugins/event_listener.py
[2026-07-31T11:51:05.531+0000] {processor.py:842} WARNING - No viable dags retrieved from /home/airflow/.local/lib/python3.12/site-packages/airflow/example_dags/plugins/event_listener.py
[2026-07-31T11:51:05.546+0000] {processor.py:183} INFO - Processing /home/airflow/.local/lib/python3.12/site-packages/airflow/example_dags/plugins/event_listener.py took 0.029 seconds
[2026-07-31T11:51:35.959+0000] {processor.py:161} INFO - Started process (PID=5692) to work on /home/airflow/.local/lib/python3.12/site-packages/airflow/example_dags/plugins/event_listener.py
[2026-07-31T11:51:35.960+0000] {processor.py:830} INFO - Processing file /home/airflow/.local/lib/python3.12/site-packages/airflow/example_dags/plugins/event_listener.py for tasks to queue
[2026-07-31T11:51:35.962+0000] {logging_mixin.py:188} INFO - [2026-07-31T11:51:35.962+0000] {dagbag.py:545} INFO - Filling up the DagBag from /home/airflow/.local/lib/python3.12/site-packages/airflow/example_dags/plugins/event_listener.py
[2026-07-31T11:51:35.965+0000] {processor.py:842} WARNING - No viable dags retrieved from /home/airflow/.local/lib/python3.12/site-packages/airflow/example_dags/plugins/event_listener.py
[2026-07-31T11:51:35.981+0000] {processor.py:183} INFO - Processing /home/airflow/.local/lib/python3.12/site-packages/airflow/example_dags/plugins/event_listener.py took 0.030 seconds
[2026-07-31T11:52:06.259+0000] {processor.py:161} INFO - Started process (PID=5749) to work on /home/airflow/.local/lib/python3.12/site-packages/airflow/example_dags/plugins/event_listener.py
[2026-07-31T11:52:06.261+0000] {processor.py:830} INFO - Processing file /home/airflow/.local/lib/python3.12/site-packages/airflow/example_dags/plugins/event_listener.py for tasks to queue
[2026-07-31T11:52:06.263+0000] {logging_mixin.py:188} INFO - [2026-07-31T11:52:06.263+0000] {dagbag.py:545} INFO - Filling up the DagBag from /home/airflow/.local/lib/python3.12/site-packages/airflow/example_dags/plugins/event_listener.py
[2026-07-31T11:52:06.266+0000] {processor.py:842} WARNING - No viable dags retrieved from /home/airflow/.local/lib/python3.12/site-packages/airflow/example_dags/plugins/event_listener.py
[2026-07-31T11:52:06.281+0000] {processor.py:183} INFO - Processing /home/airflow/.local/lib/python3.12/site-packages/airflow/example_dags/plugins/event_listener.py took 0.030 seconds
[2026-07-31T11:52:36.839+0000] {processor.py:161} INFO - Started process (PID=5807) to work on /home/airflow/.local/lib/python3.12/site-packages/airflow/example_dags/plugins/event_listener.py
[2026-07-31T11:52:36.840+0000] {processor.py:830} INFO - Processing file /home/airflow/.local/lib/python3.12/site-packages/airflow/example_dags/plugins/event_listener.py for tasks to queue
[2026-07-31T11:52:36.842+0000] {logging_mixin.py:188} INFO - [2026-07-31T11:52:36.842+0000] {dagbag.py:545} INFO - Filling up the DagBag from /home/airflow/.local/lib/python3.12/site-packages/airflow/example_dags/plugins/event_listener.py
[2026-07-31T11:52:36.845+0000] {processor.py:842} WARNING - No viable dags retrieved from /home/airflow/.local/lib/python3.12/site-packages/airflow/example_dags/plugins/event_listener.py
[2026-07-31T11:52:36.862+0000] {processor.py:183} INFO - Processing /home/airflow/.local/lib/python3.12/site-packages/airflow/example_dags/plugins/event_listener.py took 0.030 seconds
[2026-07-31T11:53:07.327+0000] {processor.py:161} INFO - Started process (PID=5865) to work on /home/airflow/.local/lib/python3.12/site-packages/airflow/example_dags/plugins/event_listener.py
[2026-07-31T11:53:07.329+0000] {processor.py:830} INFO - Processing file /home/airflow/.local/lib/python3.12/site-packages/airflow/example_dags/plugins/event_listener.py for tasks to queue
[2026-07-31T11:53:07.331+0000] {logging_mixin.py:188} INFO - [2026-07-31T11:53:07.330+0000] {dagbag.py:545} INFO - Filling up the DagBag from /home/airflow/.local/lib/python3.12/site-packages/airflow/example_dags/plugins/event_listener.py
[2026-07-31T11:53:07.334+0000] {processor.py:842} WARNING - No viable dags retrieved from /home/airflow/.local/lib/python3.12/site-packages/airflow/example_dags/plugins/event_listener.py
[2026-07-31T11:53:07.352+0000] {processor.py:183} INFO - Processing /home/airflow/.local/lib/python3.12/site-packages/airflow/example_dags/plugins/event_listener.py took 0.033 seconds
[2026-07-31T11:53:38.181+0000] {processor.py:161} INFO - Started process (PID=5923) to work on /home/airflow/.local/lib/python3.12/site-packages/airflow/example_dags/plugins/event_listener.py
[2026-07-31T11:53:38.183+0000] {processor.py:830} INFO - Processing file /home/airflow/.local/lib/python3.12/site-packages/airflow/example_dags/plugins/event_listener.py for tasks to queue
[2026-07-31T11:53:38.185+0000] {logging_mixin.py:188} INFO - [2026-07-31T11:53:38.185+0000] {dagbag.py:545} INFO - Filling up the DagBag from /home/airflow/.local/lib/python3.12/site-packages/airflow/example_dags/plugins/event_listener.py
[2026-07-31T11:53:38.187+0000] {processor.py:842} WARNING - No viable dags retrieved from /home/airflow/.local/lib/python3.12/site-packages/airflow/example_dags/plugins/event_listener.py
[2026-07-31T11:53:38.203+0000] {processor.py:183} INFO - Processing /home/airflow/.local/lib/python3.12/site-packages/airflow/example_dags/plugins/event_listener.py took 0.029 seconds
[2026-07-31T11:54:08.519+0000] {processor.py:161} INFO - Started process (PID=5981) to work on /home/airflow/.local/lib/python3.12/site-packages/airflow/example_dags/plugins/event_listener.py
[2026-07-31T11:54:08.520+0000] {processor.py:830} INFO - Processing file /home/airflow/.local/lib/python3.12/site-packages/airflow/example_dags/plugins/event_listener.py for tasks to queue
[2026-07-31T11:54:08.522+0000] {logging_mixin.py:188} INFO - [2026-07-31T11:54:08.522+0000] {dagbag.py:545} INFO - Filling up the DagBag from /home/airflow/.local/lib/python3.12/site-packages/airflow/example_dags/plugins/event_listener.py
[2026-07-31T11:54:08.525+0000] {processor.py:842} WARNING - No viable dags retrieved from /home/airflow/.local/lib/python3.12/site-packages/airflow/example_dags/plugins/event_listener.py
[2026-07-31T11:54:08.542+0000] {processor.py:183} INFO - Processing /home/airflow/.local/lib/python3.12/site-packages/airflow/example_dags/plugins/event_listener.py took 0.029 seconds
[2026-07-31T11:54:39.172+0000] {processor.py:161} INFO - Started process (PID=6040) to work on /home/airflow/.local/lib/python3.12/site-packages/airflow/example_dags/plugins/event_listener.py
[2026-07-31T11:54:39.173+0000] {processor.py:830} INFO - Processing file /home/airflow/.local/lib/python3.12/site-packages/airflow/example_dags/plugins/event_listener.py for tasks to queue
[2026-07-31T11:54:39.175+0000] {logging_mixin.py:188} INFO - [2026-07-31T11:54:39.175+0000] {dagbag.py:545} INFO - Filling up the DagBag from /home/airflow/.local/lib/python3.12/site-packages/airflow/example_dags/plugins/event_listener.py
[2026-07-31T11:54:39.178+0000] {processor.py:842} WARNING - No viable dags retrieved from /home/airflow/.local/lib/python3.12/site-packages/airflow/example_dags/plugins/event_listener.py
[2026-07-31T11:54:39.195+0000] {processor.py:183} INFO - Processing /home/airflow/.local/lib/python3.12/site-packages/airflow/example_dags/plugins/event_listener.py took 0.031 seconds
[2026-07-31T11:55:09.742+0000] {processor.py:161} INFO - Started process (PID=6098) to work on /home/airflow/.local/lib/python3.12/site-packages/airflow/example_dags/plugins/event_listener.py
[2026-07-31T11:55:09.744+0000] {processor.py:830} INFO - Processing file /home/airflow/.local/lib/python3.12/site-packages/airflow/example_dags/plugins/event_listener.py for tasks to queue
[2026-07-31T11:55:09.746+0000] {logging_mixin.py:188} INFO - [2026-07-31T11:55:09.746+0000] {dagbag.py:545} INFO - Filling up the DagBag from /home/airflow/.local/lib/python3.12/site-packages/airflow/example_dags/plugins/event_listener.py
[2026-07-31T11:55:09.749+0000] {processor.py:842} WARNING - No viable dags retrieved from /home/airflow/.local/lib/python3.12/site-packages/airflow/example_dags/plugins/event_listener.py
[2026-07-31T11:55:09.766+0000] {processor.py:183} INFO - Processing /home/airflow/.local/lib/python3.12/site-packages/airflow/example_dags/plugins/event_listener.py took 0.031 seconds
[2026-07-31T11:55:40.351+0000] {processor.py:161} INFO - Started process (PID=6156) to work on /home/airflow/.local/lib/python3.12/site-packages/airflow/example_dags/plugins/event_listener.py
[2026-07-31T11:55:40.352+0000] {processor.py:830} INFO - Processing file /home/airflow/.local/lib/python3.12/site-packages/airflow/example_dags/plugins/event_listener.py for tasks to queue
[2026-07-31T11:55:40.355+0000] {logging_mixin.py:188} INFO - [2026-07-31T11:55:40.354+0000] {dagbag.py:545} INFO - Filling up the DagBag from /home/airflow/.local/lib/python3.12/site-packages/airflow/example_dags/plugins/event_listener.py
[2026-07-31T11:55:40.358+0000] {processor.py:842} WARNING - No viable dags retrieved from /home/airflow/.local/lib/python3.12/site-packages/airflow/example_dags/plugins/event_listener.py
[2026-07-31T11:55:40.374+0000] {processor.py:183} INFO - Processing /home/airflow/.local/lib/python3.12/site-packages/airflow/example_dags/plugins/event_listener.py took 0.031 seconds
[2026-07-31T11:56:10.924+0000] {processor.py:161} INFO - Started process (PID=6215) to work on /home/airflow/.local/lib/python3.12/site-packages/airflow/example_dags/plugins/event_listener.py
[2026-07-31T11:56:10.925+0000] {processor.py:830} INFO - Processing file /home/airflow/.local/lib/python3.12/site-packages/airflow/example_dags/plugins/event_listener.py for tasks to queue
[2026-07-31T11:56:10.927+0000] {logging_mixin.py:188} INFO - [2026-07-31T11:56:10.927+0000] {dagbag.py:545} INFO - Filling up the DagBag from /home/airflow/.local/lib/python3.12/site-packages/airflow/example_dags/plugins/event_listener.py
[2026-07-31T11:56:10.930+0000] {processor.py:842} WARNING - No viable dags retrieved from /home/airflow/.local/lib/python3.12/site-packages/airflow/example_dags/plugins/event_listener.py
[2026-07-31T11:56:10.946+0000] {processor.py:183} INFO - Processing /home/airflow/.local/lib/python3.12/site-packages/airflow/example_dags/plugins/event_listener.py took 0.029 seconds
[2026-07-31T11:56:41.541+0000] {processor.py:161} INFO - Started process (PID=6273) to work on /home/airflow/.local/lib/python3.12/site-packages/airflow/example_dags/plugins/event_listener.py
[2026-07-31T11:56:41.542+0000] {processor.py:830} INFO - Processing file /home/airflow/.local/lib/python3.12/site-packages/airflow/example_dags/plugins/event_listener.py for tasks to queue
[2026-07-31T11:56:41.545+0000] {logging_mixin.py:188} INFO - [2026-07-31T11:56:41.544+0000] {dagbag.py:545} INFO - Filling up the DagBag from /home/airflow/.local/lib/python3.12/site-packages/airflow/example_dags/plugins/event_listener.py
[2026-07-31T11:56:41.547+0000] {processor.py:842} WARNING - No viable dags retrieved from /home/airflow/.local/lib/python3.12/site-packages/airflow/example_dags/plugins/event_listener.py
[2026-07-31T11:56:41.564+0000] {processor.py:183} INFO - Processing /home/airflow/.local/lib/python3.12/site-packages/airflow/example_dags/plugins/event_listener.py took 0.028 seconds
[2026-07-31T11:57:17.297+0000] {processor.py:161} INFO - Started process (PID=6333) to work on /home/airflow/.local/lib/python3.12/site-packages/airflow/example_dags/plugins/event_listener.py
[2026-07-31T11:57:17.325+0000] {processor.py:830} INFO - Processing file /home/airflow/.local/lib/python3.12/site-packages/airflow/example_dags/plugins/event_listener.py for tasks to queue
[2026-07-31T11:57:17.332+0000] {logging_mixin.py:188} INFO - [2026-07-31T11:57:17.331+0000] {dagbag.py:545} INFO - Filling up the DagBag from /home/airflow/.local/lib/python3.12/site-packages/airflow/example_dags/plugins/event_listener.py
[2026-07-31T11:57:17.347+0000] {processor.py:842} WARNING - No viable dags retrieved from /home/airflow/.local/lib/python3.12/site-packages/airflow/example_dags/plugins/event_listener.py
[2026-07-31T11:57:17.445+0000] {processor.py:183} INFO - Processing /home/airflow/.local/lib/python3.12/site-packages/airflow/example_dags/plugins/event_listener.py took 0.204 seconds
[2026-07-31T11:57:47.545+0000] {processor.py:161} INFO - Started process (PID=6390) to work on /home/airflow/.local/lib/python3.12/site-packages/airflow/example_dags/plugins/event_listener.py
[2026-07-31T11:57:47.547+0000] {processor.py:830} INFO - Processing file /home/airflow/.local/lib/python3.12/site-packages/airflow/example_dags/plugins/event_listener.py for tasks to queue
[2026-07-31T11:57:47.550+0000] {logging_mixin.py:188} INFO - [2026-07-31T11:57:47.550+0000] {dagbag.py:545} INFO - Filling up the DagBag from /home/airflow/.local/lib/python3.12/site-packages/airflow/example_dags/plugins/event_listener.py
[2026-07-31T11:57:47.555+0000] {processor.py:842} WARNING - No viable dags retrieved from /home/airflow/.local/lib/python3.12/site-packages/airflow/example_dags/plugins/event_listener.py
[2026-07-31T11:57:47.575+0000] {processor.py:183} INFO - Processing /home/airflow/.local/lib/python3.12/site-packages/airflow/example_dags/plugins/event_listener.py took 0.040 seconds
[2026-07-31T11:58:17.830+0000] {processor.py:161} INFO - Started process (PID=6449) to work on /home/airflow/.local/lib/python3.12/site-packages/airflow/example_dags/plugins/event_listener.py
[2026-07-31T11:58:17.832+0000] {processor.py:830} INFO - Processing file /home/airflow/.local/lib/python3.12/site-packages/airflow/example_dags/plugins/event_listener.py for tasks to queue
[2026-07-31T11:58:17.835+0000] {logging_mixin.py:188} INFO - [2026-07-31T11:58:17.834+0000] {dagbag.py:545} INFO - Filling up the DagBag from /home/airflow/.local/lib/python3.12/site-packages/airflow/example_dags/plugins/event_listener.py
[2026-07-31T11:58:17.838+0000] {processor.py:842} WARNING - No viable dags retrieved from /home/airflow/.local/lib/python3.12/site-packages/airflow/example_dags/plugins/event_listener.py
[2026-07-31T11:58:17.855+0000] {processor.py:183} INFO - Processing /home/airflow/.local/lib/python3.12/site-packages/airflow/example_dags/plugins/event_listener.py took 0.034 seconds
[2026-07-31T11:58:48.025+0000] {processor.py:161} INFO - Started process (PID=6507) to work on /home/airflow/.local/lib/python3.12/site-packages/airflow/example_dags/plugins/event_listener.py
[2026-07-31T11:58:48.027+0000] {processor.py:830} INFO - Processing file /home/airflow/.local/lib/python3.12/site-packages/airflow/example_dags/plugins/event_listener.py for tasks to queue
[2026-07-31T11:58:48.030+0000] {logging_mixin.py:188} INFO - [2026-07-31T11:58:48.030+0000] {dagbag.py:545} INFO - Filling up the DagBag from /home/airflow/.local/lib/python3.12/site-packages/airflow/example_dags/plugins/event_listener.py
[2026-07-31T11:58:48.035+0000] {processor.py:842} WARNING - No viable dags retrieved from /home/airflow/.local/lib/python3.12/site-packages/airflow/example_dags/plugins/event_listener.py
[2026-07-31T11:58:48.055+0000] {processor.py:183} INFO - Processing /home/airflow/.local/lib/python3.12/site-packages/airflow/example_dags/plugins/event_listener.py took 0.041 seconds
[2026-07-31T11:59:18.828+0000] {processor.py:161} INFO - Started process (PID=6565) to work on /home/airflow/.local/lib/python3.12/site-packages/airflow/example_dags/plugins/event_listener.py
[2026-07-31T11:59:18.830+0000] {processor.py:830} INFO - Processing file /home/airflow/.local/lib/python3.12/site-packages/airflow/example_dags/plugins/event_listener.py for tasks to queue
[2026-07-31T11:59:18.833+0000] {logging_mixin.py:188} INFO - [2026-07-31T11:59:18.832+0000] {dagbag.py:545} INFO - Filling up the DagBag from /home/airflow/.local/lib/python3.12/site-packages/airflow/example_dags/plugins/event_listener.py
[2026-07-31T11:59:18.838+0000] {processor.py:842} WARNING - No viable dags retrieved from /home/airflow/.local/lib/python3.12/site-packages/airflow/example_dags/plugins/event_listener.py
[2026-07-31T11:59:18.860+0000] {processor.py:183} INFO - Processing /home/airflow/.local/lib/python3.12/site-packages/airflow/example_dags/plugins/event_listener.py took 0.041 seconds
[2026-07-31T11:59:49.236+0000] {processor.py:161} INFO - Started process (PID=6623) to work on /home/airflow/.local/lib/python3.12/site-packages/airflow/example_dags/plugins/event_listener.py
[2026-07-31T11:59:49.237+0000] {processor.py:830} INFO - Processing file /home/airflow/.local/lib/python3.12/site-packages/airflow/example_dags/plugins/event_listener.py for tasks to queue
[2026-07-31T11:59:49.239+0000] {logging_mixin.py:188} INFO - [2026-07-31T11:59:49.239+0000] {dagbag.py:545} INFO - Filling up the DagBag from /home/airflow/.local/lib/python3.12/site-packages/airflow/example_dags/plugins/event_listener.py
[2026-07-31T11:59:49.242+0000] {processor.py:842} WARNING - No viable dags retrieved from /home/airflow/.local/lib/python3.12/site-packages/airflow/example_dags/plugins/event_listener.py
[2026-07-31T11:59:49.260+0000] {processor.py:183} INFO - Processing /home/airflow/.local/lib/python3.12/site-packages/airflow/example_dags/plugins/event_listener.py took 0.031 seconds
[2026-07-31T12:00:19.875+0000] {processor.py:161} INFO - Started process (PID=6687) to work on /home/airflow/.local/lib/python3.12/site-packages/airflow/example_dags/plugins/event_listener.py
[2026-07-31T12:00:19.884+0000] {processor.py:830} INFO - Processing file /home/airflow/.local/lib/python3.12/site-packages/airflow/example_dags/plugins/event_listener.py for tasks to queue
[2026-07-31T12:00:19.889+0000] {logging_mixin.py:188} INFO - [2026-07-31T12:00:19.888+0000] {dagbag.py:545} INFO - Filling up the DagBag from /home/airflow/.local/lib/python3.12/site-packages/airflow/example_dags/plugins/event_listener.py
[2026-07-31T12:00:19.901+0000] {processor.py:842} WARNING - No viable dags retrieved from /home/airflow/.local/lib/python3.12/site-packages/airflow/example_dags/plugins/event_listener.py
[2026-07-31T12:00:19.947+0000] {processor.py:183} INFO - Processing /home/airflow/.local/lib/python3.12/site-packages/airflow/example_dags/plugins/event_listener.py took 0.088 seconds
[2026-07-31T12:00:50.172+0000] {processor.py:161} INFO - Started process (PID=6745) to work on /home/airflow/.local/lib/python3.12/site-packages/airflow/example_dags/plugins/event_listener.py
[2026-07-31T12:00:50.174+0000] {processor.py:830} INFO - Processing file /home/airflow/.local/lib/python3.12/site-packages/airflow/example_dags/plugins/event_listener.py for tasks to queue
[2026-07-31T12:00:50.176+0000] {logging_mixin.py:188} INFO - [2026-07-31T12:00:50.175+0000] {dagbag.py:545} INFO - Filling up the DagBag from /home/airflow/.local/lib/python3.12/site-packages/airflow/example_dags/plugins/event_listener.py
[2026-07-31T12:00:50.178+0000] {processor.py:842} WARNING - No viable dags retrieved from /home/airflow/.local/lib/python3.12/site-packages/airflow/example_dags/plugins/event_listener.py
[2026-07-31T12:00:50.197+0000] {processor.py:183} INFO - Processing /home/airflow/.local/lib/python3.12/site-packages/airflow/example_dags/plugins/event_listener.py took 0.033 seconds
[2026-07-31T12:01:20.417+0000] {processor.py:161} INFO - Started process (PID=6803) to work on /home/airflow/.local/lib/python3.12/site-packages/airflow/example_dags/plugins/event_listener.py
[2026-07-31T12:01:20.418+0000] {processor.py:830} INFO - Processing file /home/airflow/.local/lib/python3.12/site-packages/airflow/example_dags/plugins/event_listener.py for tasks to queue
[2026-07-31T12:01:20.422+0000] {logging_mixin.py:188} INFO - [2026-07-31T12:01:20.421+0000] {dagbag.py:545} INFO - Filling up the DagBag from /home/airflow/.local/lib/python3.12/site-packages/airflow/example_dags/plugins/event_listener.py
[2026-07-31T12:01:20.425+0000] {processor.py:842} WARNING - No viable dags retrieved from /home/airflow/.local/lib/python3.12/site-packages/airflow/example_dags/plugins/event_listener.py
[2026-07-31T12:01:20.444+0000] {processor.py:183} INFO - Processing /home/airflow/.local/lib/python3.12/site-packages/airflow/example_dags/plugins/event_listener.py took 0.036 seconds
[2026-07-31T12:01:50.742+0000] {processor.py:161} INFO - Started process (PID=6861) to work on /home/airflow/.local/lib/python3.12/site-packages/airflow/example_dags/plugins/event_listener.py
[2026-07-31T12:01:50.744+0000] {processor.py:830} INFO - Processing file /home/airflow/.local/lib/python3.12/site-packages/airflow/example_dags/plugins/event_listener.py for tasks to queue
[2026-07-31T12:01:50.747+0000] {logging_mixin.py:188} INFO - [2026-07-31T12:01:50.746+0000] {dagbag.py:545} INFO - Filling up the DagBag from /home/airflow/.local/lib/python3.12/site-packages/airflow/example_dags/plugins/event_listener.py
[2026-07-31T12:01:50.750+0000] {processor.py:842} WARNING - No viable dags retrieved from /home/airflow/.local/lib/python3.12/site-packages/airflow/example_dags/plugins/event_listener.py
[2026-07-31T12:01:50.769+0000] {processor.py:183} INFO - Processing /home/airflow/.local/lib/python3.12/site-packages/airflow/example_dags/plugins/event_listener.py took 0.034 seconds
[2026-07-31T12:02:21.216+0000] {processor.py:161} INFO - Started process (PID=6918) to work on /home/airflow/.local/lib/python3.12/site-packages/airflow/example_dags/plugins/event_listener.py
[2026-07-31T12:02:21.218+0000] {processor.py:830} INFO - Processing file /home/airflow/.local/lib/python3.12/site-packages/airflow/example_dags/plugins/event_listener.py for tasks to queue
[2026-07-31T12:02:21.222+0000] {logging_mixin.py:188} INFO - [2026-07-31T12:02:21.222+0000] {dagbag.py:545} INFO - Filling up the DagBag from /home/airflow/.local/lib/python3.12/site-packages/airflow/example_dags/plugins/event_listener.py
[2026-07-31T12:02:21.225+0000] {processor.py:842} WARNING - No viable dags retrieved from /home/airflow/.local/lib/python3.12/site-packages/airflow/example_dags/plugins/event_listener.py
[2026-07-31T12:02:21.242+0000] {processor.py:183} INFO - Processing /home/airflow/.local/lib/python3.12/site-packages/airflow/example_dags/plugins/event_listener.py took 0.038 seconds
[2026-07-31T12:02:52.075+0000] {processor.py:161} INFO - Started process (PID=6975) to work on /home/airflow/.local/lib/python3.12/site-packages/airflow/example_dags/plugins/event_listener.py
[2026-07-31T12:02:52.077+0000] {processor.py:830} INFO - Processing file /home/airflow/.local/lib/python3.12/site-packages/airflow/example_dags/plugins/event_listener.py for tasks to queue
[2026-07-31T12:02:52.079+0000] {logging_mixin.py:188} INFO - [2026-07-31T12:02:52.079+0000] {dagbag.py:545} INFO - Filling up the DagBag from /home/airflow/.local/lib/python3.12/site-packages/airflow/example_dags/plugins/event_listener.py
[2026-07-31T12:02:52.082+0000] {processor.py:842} WARNING - No viable dags retrieved from /home/airflow/.local/lib/python3.12/site-packages/airflow/example_dags/plugins/event_listener.py
[2026-07-31T12:02:52.099+0000] {processor.py:183} INFO - Processing /home/airflow/.local/lib/python3.12/site-packages/airflow/example_dags/plugins/event_listener.py took 0.030 seconds
[2026-07-31T12:03:22.956+0000] {processor.py:161} INFO - Started process (PID=7033) to work on /home/airflow/.local/lib/python3.12/site-packages/airflow/example_dags/plugins/event_listener.py
[2026-07-31T12:03:22.957+0000] {processor.py:830} INFO - Processing file /home/airflow/.local/lib/python3.12/site-packages/airflow/example_dags/plugins/event_listener.py for tasks to queue
[2026-07-31T12:03:22.959+0000] {logging_mixin.py:188} INFO - [2026-07-31T12:03:22.959+0000] {dagbag.py:545} INFO - Filling up the DagBag from /home/airflow/.local/lib/python3.12/site-packages/airflow/example_dags/plugins/event_listener.py
[2026-07-31T12:03:22.962+0000] {processor.py:842} WARNING - No viable dags retrieved from /home/airflow/.local/lib/python3.12/site-packages/airflow/example_dags/plugins/event_listener.py
[2026-07-31T12:03:22.976+0000] {processor.py:183} INFO - Processing /home/airflow/.local/lib/python3.12/site-packages/airflow/example_dags/plugins/event_listener.py took 0.027 seconds
[2026-07-31T12:03:53.375+0000] {processor.py:161} INFO - Started process (PID=7091) to work on /home/airflow/.local/lib/python3.12/site-packages/airflow/example_dags/plugins/event_listener.py
[2026-07-31T12:03:53.376+0000] {processor.py:830} INFO - Processing file /home/airflow/.local/lib/python3.12/site-packages/airflow/example_dags/plugins/event_listener.py for tasks to queue
[2026-07-31T12:03:53.379+0000] {logging_mixin.py:188} INFO - [2026-07-31T12:03:53.378+0000] {dagbag.py:545} INFO - Filling up the DagBag from /home/airflow/.local/lib/python3.12/site-packages/airflow/example_dags/plugins/event_listener.py
[2026-07-31T12:03:53.381+0000] {processor.py:842} WARNING - No viable dags retrieved from /home/airflow/.local/lib/python3.12/site-packages/airflow/example_dags/plugins/event_listener.py
[2026-07-31T12:03:53.399+0000] {processor.py:183} INFO - Processing /home/airflow/.local/lib/python3.12/site-packages/airflow/example_dags/plugins/event_listener.py took 0.031 seconds
[2026-07-31T12:04:23.501+0000] {processor.py:161} INFO - Started process (PID=7148) to work on /home/airflow/.local/lib/python3.12/site-packages/airflow/example_dags/plugins/event_listener.py
[2026-07-31T12:04:23.503+0000] {processor.py:830} INFO - Processing file /home/airflow/.local/lib/python3.12/site-packages/airflow/example_dags/plugins/event_listener.py for tasks to queue
[2026-07-31T12:04:23.505+0000] {logging_mixin.py:188} INFO - [2026-07-31T12:04:23.505+0000] {dagbag.py:545} INFO - Filling up the DagBag from /home/airflow/.local/lib/python3.12/site-packages/airflow/example_dags/plugins/event_listener.py
[2026-07-31T12:04:23.509+0000] {processor.py:842} WARNING - No viable dags retrieved from /home/airflow/.local/lib/python3.12/site-packages/airflow/example_dags/plugins/event_listener.py
[2026-07-31T12:04:23.528+0000] {processor.py:183} INFO - Processing /home/airflow/.local/lib/python3.12/site-packages/airflow/example_dags/plugins/event_listener.py took 0.036 seconds
[2026-07-31T12:04:54.367+0000] {processor.py:161} INFO - Started process (PID=7207) to work on /home/airflow/.local/lib/python3.12/site-packages/airflow/example_dags/plugins/event_listener.py
[2026-07-31T12:04:54.368+0000] {processor.py:830} INFO - Processing file /home/airflow/.local/lib/python3.12/site-packages/airflow/example_dags/plugins/event_listener.py for tasks to queue
[2026-07-31T12:04:54.371+0000] {logging_mixin.py:188} INFO - [2026-07-31T12:04:54.371+0000] {dagbag.py:545} INFO - Filling up the DagBag from /home/airflow/.local/lib/python3.12/site-packages/airflow/example_dags/plugins/event_listener.py
[2026-07-31T12:04:54.376+0000] {processor.py:842} WARNING - No viable dags retrieved from /home/airflow/.local/lib/python3.12/site-packages/airflow/example_dags/plugins/event_listener.py
[2026-07-31T12:04:54.396+0000] {processor.py:183} INFO - Processing /home/airflow/.local/lib/python3.12/site-packages/airflow/example_dags/plugins/event_listener.py took 0.036 seconds
[2026-07-31T12:05:24.651+0000] {processor.py:161} INFO - Started process (PID=7266) to work on /home/airflow/.local/lib/python3.12/site-packages/airflow/example_dags/plugins/event_listener.py
[2026-07-31T12:05:24.653+0000] {processor.py:830} INFO - Processing file /home/airflow/.local/lib/python3.12/site-packages/airflow/example_dags/plugins/event_listener.py for tasks to queue
[2026-07-31T12:05:24.656+0000] {logging_mixin.py:188} INFO - [2026-07-31T12:05:24.655+0000] {dagbag.py:545} INFO - Filling up the DagBag from /home/airflow/.local/lib/python3.12/site-packages/airflow/example_dags/plugins/event_listener.py
[2026-07-31T12:05:24.659+0000] {processor.py:842} WARNING - No viable dags retrieved from /home/airflow/.local/lib/python3.12/site-packages/airflow/example_dags/plugins/event_listener.py
[2026-07-31T12:05:24.679+0000] {processor.py:183} INFO - Processing /home/airflow/.local/lib/python3.12/site-packages/airflow/example_dags/plugins/event_listener.py took 0.038 seconds
[2026-07-31T12:05:55.084+0000] {processor.py:161} INFO - Started process (PID=7324) to work on /home/airflow/.local/lib/python3.12/site-packages/airflow/example_dags/plugins/event_listener.py
[2026-07-31T12:05:55.087+0000] {processor.py:830} INFO - Processing file /home/airflow/.local/lib/python3.12/site-packages/airflow/example_dags/plugins/event_listener.py for tasks to queue
[2026-07-31T12:05:55.092+0000] {logging_mixin.py:188} INFO - [2026-07-31T12:05:55.091+0000] {dagbag.py:545} INFO - Filling up the DagBag from /home/airflow/.local/lib/python3.12/site-packages/airflow/example_dags/plugins/event_listener.py
[2026-07-31T12:05:55.097+0000] {processor.py:842} WARNING - No viable dags retrieved from /home/airflow/.local/lib/python3.12/site-packages/airflow/example_dags/plugins/event_listener.py
[2026-07-31T12:05:55.129+0000] {processor.py:183} INFO - Processing /home/airflow/.local/lib/python3.12/site-packages/airflow/example_dags/plugins/event_listener.py took 0.058 seconds
[2026-07-31T12:06:25.391+0000] {processor.py:161} INFO - Started process (PID=7382) to work on /home/airflow/.local/lib/python3.12/site-packages/airflow/example_dags/plugins/event_listener.py
[2026-07-31T12:06:25.392+0000] {processor.py:830} INFO - Processing file /home/airflow/.local/lib/python3.12/site-packages/airflow/example_dags/plugins/event_listener.py for tasks to queue
[2026-07-31T12:06:25.395+0000] {logging_mixin.py:188} INFO - [2026-07-31T12:06:25.395+0000] {dagbag.py:545} INFO - Filling up the DagBag from /home/airflow/.local/lib/python3.12/site-packages/airflow/example_dags/plugins/event_listener.py
[2026-07-31T12:06:25.398+0000] {processor.py:842} WARNING - No viable dags retrieved from /home/airflow/.local/lib/python3.12/site-packages/airflow/example_dags/plugins/event_listener.py
[2026-07-31T12:06:25.416+0000] {processor.py:183} INFO - Processing /home/airflow/.local/lib/python3.12/site-packages/airflow/example_dags/plugins/event_listener.py took 0.033 seconds
[2026-07-31T12:06:55.979+0000] {processor.py:161} INFO - Started process (PID=7440) to work on /home/airflow/.local/lib/python3.12/site-packages/airflow/example_dags/plugins/event_listener.py
[2026-07-31T12:06:55.982+0000] {processor.py:830} INFO - Processing file /home/airflow/.local/lib/python3.12/site-packages/airflow/example_dags/plugins/event_listener.py for tasks to queue
[2026-07-31T12:06:55.986+0000] {logging_mixin.py:188} INFO - [2026-07-31T12:06:55.985+0000] {dagbag.py:545} INFO - Filling up the DagBag from /home/airflow/.local/lib/python3.12/site-packages/airflow/example_dags/plugins/event_listener.py
[2026-07-31T12:06:55.991+0000] {processor.py:842} WARNING - No viable dags retrieved from /home/airflow/.local/lib/python3.12/site-packages/airflow/example_dags/plugins/event_listener.py
[2026-07-31T12:06:56.015+0000] {processor.py:183} INFO - Processing /home/airflow/.local/lib/python3.12/site-packages/airflow/example_dags/plugins/event_listener.py took 0.052 seconds
[2026-07-31T12:07:26.336+0000] {processor.py:161} INFO - Started process (PID=7498) to work on /home/airflow/.local/lib/python3.12/site-packages/airflow/example_dags/plugins/event_listener.py
[2026-07-31T12:07:26.337+0000] {processor.py:830} INFO - Processing file /home/airflow/.local/lib/python3.12/site-packages/airflow/example_dags/plugins/event_listener.py for tasks to queue
[2026-07-31T12:07:26.339+0000] {logging_mixin.py:188} INFO - [2026-07-31T12:07:26.339+0000] {dagbag.py:545} INFO - Filling up the DagBag from /home/airflow/.local/lib/python3.12/site-packages/airflow/example_dags/plugins/event_listener.py
[2026-07-31T12:07:26.342+0000] {processor.py:842} WARNING - No viable dags retrieved from /home/airflow/.local/lib/python3.12/site-packages/airflow/example_dags/plugins/event_listener.py
[2026-07-31T12:07:26.358+0000] {processor.py:183} INFO - Processing /home/airflow/.local/lib/python3.12/site-packages/airflow/example_dags/plugins/event_listener.py took 0.030 seconds
[2026-07-31T12:07:57.328+0000] {processor.py:161} INFO - Started process (PID=7556) to work on /home/airflow/.local/lib/python3.12/site-packages/airflow/example_dags/plugins/event_listener.py
[2026-07-31T12:07:57.329+0000] {processor.py:830} INFO - Processing file /home/airflow/.local/lib/python3.12/site-packages/airflow/example_dags/plugins/event_listener.py for tasks to queue
[2026-07-31T12:07:57.332+0000] {logging_mixin.py:188} INFO - [2026-07-31T12:07:57.331+0000] {dagbag.py:545} INFO - Filling up the DagBag from /home/airflow/.local/lib/python3.12/site-packages/airflow/example_dags/plugins/event_listener.py
[2026-07-31T12:07:57.336+0000] {processor.py:842} WARNING - No viable dags retrieved from /home/airflow/.local/lib/python3.12/site-packages/airflow/example_dags/plugins/event_listener.py
[2026-07-31T12:07:57.359+0000] {processor.py:183} INFO - Processing /home/airflow/.local/lib/python3.12/site-packages/airflow/example_dags/plugins/event_listener.py took 0.040 seconds
[2026-07-31T12:08:27.884+0000] {processor.py:161} INFO - Started process (PID=7614) to work on /home/airflow/.local/lib/python3.12/site-packages/airflow/example_dags/plugins/event_listener.py
[2026-07-31T12:08:27.885+0000] {processor.py:830} INFO - Processing file /home/airflow/.local/lib/python3.12/site-packages/airflow/example_dags/plugins/event_listener.py for tasks to queue
[2026-07-31T12:08:27.887+0000] {logging_mixin.py:188} INFO - [2026-07-31T12:08:27.887+0000] {dagbag.py:545} INFO - Filling up the DagBag from /home/airflow/.local/lib/python3.12/site-packages/airflow/example_dags/plugins/event_listener.py
[2026-07-31T12:08:27.890+0000] {processor.py:842} WARNING - No viable dags retrieved from /home/airflow/.local/lib/python3.12/site-packages/airflow/example_dags/plugins/event_listener.py
[2026-07-31T12:08:27.908+0000] {processor.py:183} INFO - Processing /home/airflow/.local/lib/python3.12/site-packages/airflow/example_dags/plugins/event_listener.py took 0.031 seconds
[2026-07-31T12:08:58.257+0000] {processor.py:161} INFO - Started process (PID=7671) to work on /home/airflow/.local/lib/python3.12/site-packages/airflow/example_dags/plugins/event_listener.py
[2026-07-31T12:08:58.259+0000] {processor.py:830} INFO - Processing file /home/airflow/.local/lib/python3.12/site-packages/airflow/example_dags/plugins/event_listener.py for tasks to queue
[2026-07-31T12:08:58.265+0000] {logging_mixin.py:188} INFO - [2026-07-31T12:08:58.264+0000] {dagbag.py:545} INFO - Filling up the DagBag from /home/airflow/.local/lib/python3.12/site-packages/airflow/example_dags/plugins/event_listener.py
[2026-07-31T12:08:58.281+0000] {processor.py:842} WARNING - No viable dags retrieved from /home/airflow/.local/lib/python3.12/site-packages/airflow/example_dags/plugins/event_listener.py
[2026-07-31T12:08:58.316+0000] {processor.py:183} INFO - Processing /home/airflow/.local/lib/python3.12/site-packages/airflow/example_dags/plugins/event_listener.py took 0.075 seconds
[2026-07-31T12:09:28.476+0000] {processor.py:161} INFO - Started process (PID=7729) to work on /home/airflow/.local/lib/python3.12/site-packages/airflow/example_dags/plugins/event_listener.py
[2026-07-31T12:09:28.477+0000] {processor.py:830} INFO - Processing file /home/airflow/.local/lib/python3.12/site-packages/airflow/example_dags/plugins/event_listener.py for tasks to queue
[2026-07-31T12:09:28.480+0000] {logging_mixin.py:188} INFO - [2026-07-31T12:09:28.479+0000] {dagbag.py:545} INFO - Filling up the DagBag from /home/airflow/.local/lib/python3.12/site-packages/airflow/example_dags/plugins/event_listener.py
[2026-07-31T12:09:28.483+0000] {processor.py:842} WARNING - No viable dags retrieved from /home/airflow/.local/lib/python3.12/site-packages/airflow/example_dags/plugins/event_listener.py
[2026-07-31T12:09:28.501+0000] {processor.py:183} INFO - Processing /home/airflow/.local/lib/python3.12/site-packages/airflow/example_dags/plugins/event_listener.py took 0.033 seconds
[2026-07-31T12:09:58.809+0000] {processor.py:161} INFO - Started process (PID=7788) to work on /home/airflow/.local/lib/python3.12/site-packages/airflow/example_dags/plugins/event_listener.py
[2026-07-31T12:09:58.810+0000] {processor.py:830} INFO - Processing file /home/airflow/.local/lib/python3.12/site-packages/airflow/example_dags/plugins/event_listener.py for tasks to queue
[2026-07-31T12:09:58.813+0000] {logging_mixin.py:188} INFO - [2026-07-31T12:09:58.813+0000] {dagbag.py:545} INFO - Filling up the DagBag from /home/airflow/.local/lib/python3.12/site-packages/airflow/example_dags/plugins/event_listener.py
[2026-07-31T12:09:58.816+0000] {processor.py:842} WARNING - No viable dags retrieved from /home/airflow/.local/lib/python3.12/site-packages/airflow/example_dags/plugins/event_listener.py
[2026-07-31T12:09:58.830+0000] {processor.py:183} INFO - Processing /home/airflow/.local/lib/python3.12/site-packages/airflow/example_dags/plugins/event_listener.py took 0.030 seconds
[2026-07-31T12:10:29.008+0000] {processor.py:161} INFO - Started process (PID=7846) to work on /home/airflow/.local/lib/python3.12/site-packages/airflow/example_dags/plugins/event_listener.py
[2026-07-31T12:10:29.009+0000] {processor.py:830} INFO - Processing file /home/airflow/.local/lib/python3.12/site-packages/airflow/example_dags/plugins/event_listener.py for tasks to queue
[2026-07-31T12:10:29.015+0000] {logging_mixin.py:188} INFO - [2026-07-31T12:10:29.014+0000] {dagbag.py:545} INFO - Filling up the DagBag from /home/airflow/.local/lib/python3.12/site-packages/airflow/example_dags/plugins/event_listener.py
[2026-07-31T12:10:29.018+0000] {processor.py:842} WARNING - No viable dags retrieved from /home/airflow/.local/lib/python3.12/site-packages/airflow/example_dags/plugins/event_listener.py
[2026-07-31T12:10:29.034+0000] {processor.py:183} INFO - Processing /home/airflow/.local/lib/python3.12/site-packages/airflow/example_dags/plugins/event_listener.py took 0.036 seconds
[2026-07-31T12:10:59.258+0000] {processor.py:161} INFO - Started process (PID=7903) to work on /home/airflow/.local/lib/python3.12/site-packages/airflow/example_dags/plugins/event_listener.py
[2026-07-31T12:10:59.260+0000] {processor.py:830} INFO - Processing file /home/airflow/.local/lib/python3.12/site-packages/airflow/example_dags/plugins/event_listener.py for tasks to queue
[2026-07-31T12:10:59.263+0000] {logging_mixin.py:188} INFO - [2026-07-31T12:10:59.263+0000] {dagbag.py:545} INFO - Filling up the DagBag from /home/airflow/.local/lib/python3.12/site-packages/airflow/example_dags/plugins/event_listener.py
[2026-07-31T12:10:59.267+0000] {processor.py:842} WARNING - No viable dags retrieved from /home/airflow/.local/lib/python3.12/site-packages/airflow/example_dags/plugins/event_listener.py
[2026-07-31T12:10:59.283+0000] {processor.py:183} INFO - Processing /home/airflow/.local/lib/python3.12/site-packages/airflow/example_dags/plugins/event_listener.py took 0.034 seconds
[2026-07-31T12:11:30.150+0000] {processor.py:161} INFO - Started process (PID=7961) to work on /home/airflow/.local/lib/python3.12/site-packages/airflow/example_dags/plugins/event_listener.py
[2026-07-31T12:11:30.151+0000] {processor.py:830} INFO - Processing file /home/airflow/.local/lib/python3.12/site-packages/airflow/example_dags/plugins/event_listener.py for tasks to queue
[2026-07-31T12:11:30.155+0000] {logging_mixin.py:188} INFO - [2026-07-31T12:11:30.154+0000] {dagbag.py:545} INFO - Filling up the DagBag from /home/airflow/.local/lib/python3.12/site-packages/airflow/example_dags/plugins/event_listener.py
[2026-07-31T12:11:30.159+0000] {processor.py:842} WARNING - No viable dags retrieved from /home/airflow/.local/lib/python3.12/site-packages/airflow/example_dags/plugins/event_listener.py
[2026-07-31T12:11:30.177+0000] {processor.py:183} INFO - Processing /home/airflow/.local/lib/python3.12/site-packages/airflow/example_dags/plugins/event_listener.py took 0.036 seconds
[2026-07-31T12:12:00.397+0000] {processor.py:161} INFO - Started process (PID=8019) to work on /home/airflow/.local/lib/python3.12/site-packages/airflow/example_dags/plugins/event_listener.py
[2026-07-31T12:12:00.399+0000] {processor.py:830} INFO - Processing file /home/airflow/.local/lib/python3.12/site-packages/airflow/example_dags/plugins/event_listener.py for tasks to queue
[2026-07-31T12:12:00.401+0000] {logging_mixin.py:188} INFO - [2026-07-31T12:12:00.401+0000] {dagbag.py:545} INFO - Filling up the DagBag from /home/airflow/.local/lib/python3.12/site-packages/airflow/example_dags/plugins/event_listener.py
[2026-07-31T12:12:00.404+0000] {processor.py:842} WARNING - No viable dags retrieved from /home/airflow/.local/lib/python3.12/site-packages/airflow/example_dags/plugins/event_listener.py
[2026-07-31T12:12:00.423+0000] {processor.py:183} INFO - Processing /home/airflow/.local/lib/python3.12/site-packages/airflow/example_dags/plugins/event_listener.py took 0.035 seconds
[2026-07-31T12:12:30.807+0000] {processor.py:161} INFO - Started process (PID=8077) to work on /home/airflow/.local/lib/python3.12/site-packages/airflow/example_dags/plugins/event_listener.py
[2026-07-31T12:12:30.811+0000] {processor.py:830} INFO - Processing file /home/airflow/.local/lib/python3.12/site-packages/airflow/example_dags/plugins/event_listener.py for tasks to queue
[2026-07-31T12:12:30.816+0000] {logging_mixin.py:188} INFO - [2026-07-31T12:12:30.815+0000] {dagbag.py:545} INFO - Filling up the DagBag from /home/airflow/.local/lib/python3.12/site-packages/airflow/example_dags/plugins/event_listener.py
[2026-07-31T12:12:30.822+0000] {processor.py:842} WARNING - No viable dags retrieved from /home/airflow/.local/lib/python3.12/site-packages/airflow/example_dags/plugins/event_listener.py
[2026-07-31T12:12:30.840+0000] {processor.py:183} INFO - Processing /home/airflow/.local/lib/python3.12/site-packages/airflow/example_dags/plugins/event_listener.py took 0.054 seconds
[2026-07-31T12:13:01.505+0000] {processor.py:161} INFO - Started process (PID=8135) to work on /home/airflow/.local/lib/python3.12/site-packages/airflow/example_dags/plugins/event_listener.py
[2026-07-31T12:13:01.506+0000] {processor.py:830} INFO - Processing file /home/airflow/.local/lib/python3.12/site-packages/airflow/example_dags/plugins/event_listener.py for tasks to queue
[2026-07-31T12:13:01.512+0000] {logging_mixin.py:188} INFO - [2026-07-31T12:13:01.510+0000] {dagbag.py:545} INFO - Filling up the DagBag from /home/airflow/.local/lib/python3.12/site-packages/airflow/example_dags/plugins/event_listener.py
[2026-07-31T12:13:01.516+0000] {processor.py:842} WARNING - No viable dags retrieved from /home/airflow/.local/lib/python3.12/site-packages/airflow/example_dags/plugins/event_listener.py
[2026-07-31T12:13:01.537+0000] {processor.py:183} INFO - Processing /home/airflow/.local/lib/python3.12/site-packages/airflow/example_dags/plugins/event_listener.py took 0.042 seconds
[2026-07-31T12:13:31.986+0000] {processor.py:161} INFO - Started process (PID=8193) to work on /home/airflow/.local/lib/python3.12/site-packages/airflow/example_dags/plugins/event_listener.py
[2026-07-31T12:13:31.988+0000] {processor.py:830} INFO - Processing file /home/airflow/.local/lib/python3.12/site-packages/airflow/example_dags/plugins/event_listener.py for tasks to queue
[2026-07-31T12:13:31.991+0000] {logging_mixin.py:188} INFO - [2026-07-31T12:13:31.990+0000] {dagbag.py:545} INFO - Filling up the DagBag from /home/airflow/.local/lib/python3.12/site-packages/airflow/example_dags/plugins/event_listener.py
[2026-07-31T12:13:31.994+0000] {processor.py:842} WARNING - No viable dags retrieved from /home/airflow/.local/lib/python3.12/site-packages/airflow/example_dags/plugins/event_listener.py
[2026-07-31T12:13:32.014+0000] {processor.py:183} INFO - Processing /home/airflow/.local/lib/python3.12/site-packages/airflow/example_dags/plugins/event_listener.py took 0.039 seconds
[2026-07-31T12:14:02.625+0000] {processor.py:161} INFO - Started process (PID=8251) to work on /home/airflow/.local/lib/python3.12/site-packages/airflow/example_dags/plugins/event_listener.py
[2026-07-31T12:14:02.626+0000] {processor.py:830} INFO - Processing file /home/airflow/.local/lib/python3.12/site-packages/airflow/example_dags/plugins/event_listener.py for tasks to queue
[2026-07-31T12:14:02.629+0000] {logging_mixin.py:188} INFO - [2026-07-31T12:14:02.629+0000] {dagbag.py:545} INFO - Filling up the DagBag from /home/airflow/.local/lib/python3.12/site-packages/airflow/example_dags/plugins/event_listener.py
[2026-07-31T12:14:02.632+0000] {processor.py:842} WARNING - No viable dags retrieved from /home/airflow/.local/lib/python3.12/site-packages/airflow/example_dags/plugins/event_listener.py
[2026-07-31T12:14:02.648+0000] {processor.py:183} INFO - Processing /home/airflow/.local/lib/python3.12/site-packages/airflow/example_dags/plugins/event_listener.py took 0.029 seconds
[2026-07-31T12:14:32.930+0000] {processor.py:161} INFO - Started process (PID=8309) to work on /home/airflow/.local/lib/python3.12/site-packages/airflow/example_dags/plugins/event_listener.py
[2026-07-31T12:14:32.931+0000] {processor.py:830} INFO - Processing file /home/airflow/.local/lib/python3.12/site-packages/airflow/example_dags/plugins/event_listener.py for tasks to queue
[2026-07-31T12:14:32.933+0000] {logging_mixin.py:188} INFO - [2026-07-31T12:14:32.933+0000] {dagbag.py:545} INFO - Filling up the DagBag from /home/airflow/.local/lib/python3.12/site-packages/airflow/example_dags/plugins/event_listener.py
[2026-07-31T12:14:32.936+0000] {processor.py:842} WARNING - No viable dags retrieved from /home/airflow/.local/lib/python3.12/site-packages/airflow/example_dags/plugins/event_listener.py
[2026-07-31T12:14:32.951+0000] {processor.py:183} INFO - Processing /home/airflow/.local/lib/python3.12/site-packages/airflow/example_dags/plugins/event_listener.py took 0.028 seconds
[2026-07-31T12:15:03.351+0000] {processor.py:161} INFO - Started process (PID=8366) to work on /home/airflow/.local/lib/python3.12/site-packages/airflow/example_dags/plugins/event_listener.py
[2026-07-31T12:15:03.353+0000] {processor.py:830} INFO - Processing file /home/airflow/.local/lib/python3.12/site-packages/airflow/example_dags/plugins/event_listener.py for tasks to queue
[2026-07-31T12:15:03.356+0000] {logging_mixin.py:188} INFO - [2026-07-31T12:15:03.355+0000] {dagbag.py:545} INFO - Filling up the DagBag from /home/airflow/.local/lib/python3.12/site-packages/airflow/example_dags/plugins/event_listener.py
[2026-07-31T12:15:03.359+0000] {processor.py:842} WARNING - No viable dags retrieved from /home/airflow/.local/lib/python3.12/site-packages/airflow/example_dags/plugins/event_listener.py
[2026-07-31T12:15:03.378+0000] {processor.py:183} INFO - Processing /home/airflow/.local/lib/python3.12/site-packages/airflow/example_dags/plugins/event_listener.py took 0.036 seconds
[2026-07-31T12:15:33.909+0000] {processor.py:161} INFO - Started process (PID=8424) to work on /home/airflow/.local/lib/python3.12/site-packages/airflow/example_dags/plugins/event_listener.py
[2026-07-31T12:15:33.911+0000] {processor.py:830} INFO - Processing file /home/airflow/.local/lib/python3.12/site-packages/airflow/example_dags/plugins/event_listener.py for tasks to queue
[2026-07-31T12:15:33.913+0000] {logging_mixin.py:188} INFO - [2026-07-31T12:15:33.913+0000] {dagbag.py:545} INFO - Filling up the DagBag from /home/airflow/.local/lib/python3.12/site-packages/airflow/example_dags/plugins/event_listener.py
[2026-07-31T12:15:33.916+0000] {processor.py:842} WARNING - No viable dags retrieved from /home/airflow/.local/lib/python3.12/site-packages/airflow/example_dags/plugins/event_listener.py
[2026-07-31T12:15:33.935+0000] {processor.py:183} INFO - Processing /home/airflow/.local/lib/python3.12/site-packages/airflow/example_dags/plugins/event_listener.py took 0.035 seconds
[2026-07-31T12:16:04.284+0000] {processor.py:161} INFO - Started process (PID=8482) to work on /home/airflow/.local/lib/python3.12/site-packages/airflow/example_dags/plugins/event_listener.py
[2026-07-31T12:16:04.285+0000] {processor.py:830} INFO - Processing file /home/airflow/.local/lib/python3.12/site-packages/airflow/example_dags/plugins/event_listener.py for tasks to queue
[2026-07-31T12:16:04.288+0000] {logging_mixin.py:188} INFO - [2026-07-31T12:16:04.287+0000] {dagbag.py:545} INFO - Filling up the DagBag from /home/airflow/.local/lib/python3.12/site-packages/airflow/example_dags/plugins/event_listener.py
[2026-07-31T12:16:04.290+0000] {processor.py:842} WARNING - No viable dags retrieved from /home/airflow/.local/lib/python3.12/site-packages/airflow/example_dags/plugins/event_listener.py
[2026-07-31T12:16:04.306+0000] {processor.py:183} INFO - Processing /home/airflow/.local/lib/python3.12/site-packages/airflow/example_dags/plugins/event_listener.py took 0.030 seconds
[2026-07-31T12:16:34.509+0000] {processor.py:161} INFO - Started process (PID=8539) to work on /home/airflow/.local/lib/python3.12/site-packages/airflow/example_dags/plugins/event_listener.py
[2026-07-31T12:16:34.510+0000] {processor.py:830} INFO - Processing file /home/airflow/.local/lib/python3.12/site-packages/airflow/example_dags/plugins/event_listener.py for tasks to queue
[2026-07-31T12:16:34.512+0000] {logging_mixin.py:188} INFO - [2026-07-31T12:16:34.512+0000] {dagbag.py:545} INFO - Filling up the DagBag from /home/airflow/.local/lib/python3.12/site-packages/airflow/example_dags/plugins/event_listener.py
[2026-07-31T12:16:34.515+0000] {processor.py:842} WARNING - No viable dags retrieved from /home/airflow/.local/lib/python3.12/site-packages/airflow/example_dags/plugins/event_listener.py
[2026-07-31T12:16:34.532+0000] {processor.py:183} INFO - Processing /home/airflow/.local/lib/python3.12/site-packages/airflow/example_dags/plugins/event_listener.py took 0.031 seconds
[2026-07-31T12:17:06.666+0000] {processor.py:161} INFO - Started process (PID=8598) to work on /home/airflow/.local/lib/python3.12/site-packages/airflow/example_dags/plugins/event_listener.py
[2026-07-31T12:17:06.668+0000] {processor.py:830} INFO - Processing file /home/airflow/.local/lib/python3.12/site-packages/airflow/example_dags/plugins/event_listener.py for tasks to queue
[2026-07-31T12:17:06.677+0000] {logging_mixin.py:188} INFO - [2026-07-31T12:17:06.676+0000] {dagbag.py:545} INFO - Filling up the DagBag from /home/airflow/.local/lib/python3.12/site-packages/airflow/example_dags/plugins/event_listener.py
[2026-07-31T12:17:06.685+0000] {processor.py:842} WARNING - No viable dags retrieved from /home/airflow/.local/lib/python3.12/site-packages/airflow/example_dags/plugins/event_listener.py
[2026-07-31T12:17:06.719+0000] {processor.py:183} INFO - Processing /home/airflow/.local/lib/python3.12/site-packages/airflow/example_dags/plugins/event_listener.py took 0.064 seconds
[2026-07-31T12:17:36.815+0000] {processor.py:161} INFO - Started process (PID=8656) to work on /home/airflow/.local/lib/python3.12/site-packages/airflow/example_dags/plugins/event_listener.py
[2026-07-31T12:17:36.816+0000] {processor.py:830} INFO - Processing file /home/airflow/.local/lib/python3.12/site-packages/airflow/example_dags/plugins/event_listener.py for tasks to queue
[2026-07-31T12:17:36.818+0000] {logging_mixin.py:188} INFO - [2026-07-31T12:17:36.818+0000] {dagbag.py:545} INFO - Filling up the DagBag from /home/airflow/.local/lib/python3.12/site-packages/airflow/example_dags/plugins/event_listener.py
[2026-07-31T12:17:36.822+0000] {processor.py:842} WARNING - No viable dags retrieved from /home/airflow/.local/lib/python3.12/site-packages/airflow/example_dags/plugins/event_listener.py
[2026-07-31T12:17:36.842+0000] {processor.py:183} INFO - Processing /home/airflow/.local/lib/python3.12/site-packages/airflow/example_dags/plugins/event_listener.py took 0.035 seconds
[2026-07-31T12:18:07.450+0000] {processor.py:161} INFO - Started process (PID=8714) to work on /home/airflow/.local/lib/python3.12/site-packages/airflow/example_dags/plugins/event_listener.py
[2026-07-31T12:18:07.452+0000] {processor.py:830} INFO - Processing file /home/airflow/.local/lib/python3.12/site-packages/airflow/example_dags/plugins/event_listener.py for tasks to queue
[2026-07-31T12:18:07.457+0000] {logging_mixin.py:188} INFO - [2026-07-31T12:18:07.456+0000] {dagbag.py:545} INFO - Filling up the DagBag from /home/airflow/.local/lib/python3.12/site-packages/airflow/example_dags/plugins/event_listener.py
[2026-07-31T12:18:07.462+0000] {processor.py:842} WARNING - No viable dags retrieved from /home/airflow/.local/lib/python3.12/site-packages/airflow/example_dags/plugins/event_listener.py
[2026-07-31T12:18:07.489+0000] {processor.py:183} INFO - Processing /home/airflow/.local/lib/python3.12/site-packages/airflow/example_dags/plugins/event_listener.py took 0.051 seconds
[2026-07-31T12:18:38.422+0000] {processor.py:161} INFO - Started process (PID=8772) to work on /home/airflow/.local/lib/python3.12/site-packages/airflow/example_dags/plugins/event_listener.py
[2026-07-31T12:18:38.423+0000] {processor.py:830} INFO - Processing file /home/airflow/.local/lib/python3.12/site-packages/airflow/example_dags/plugins/event_listener.py for tasks to queue
[2026-07-31T12:18:38.426+0000] {logging_mixin.py:188} INFO - [2026-07-31T12:18:38.425+0000] {dagbag.py:545} INFO - Filling up the DagBag from /home/airflow/.local/lib/python3.12/site-packages/airflow/example_dags/plugins/event_listener.py
[2026-07-31T12:18:38.429+0000] {processor.py:842} WARNING - No viable dags retrieved from /home/airflow/.local/lib/python3.12/site-packages/airflow/example_dags/plugins/event_listener.py
[2026-07-31T12:18:38.448+0000] {processor.py:183} INFO - Processing /home/airflow/.local/lib/python3.12/site-packages/airflow/example_dags/plugins/event_listener.py took 0.036 seconds
[2026-07-31T12:19:09.158+0000] {processor.py:161} INFO - Started process (PID=8830) to work on /home/airflow/.local/lib/python3.12/site-packages/airflow/example_dags/plugins/event_listener.py
[2026-07-31T12:19:09.161+0000] {processor.py:830} INFO - Processing file /home/airflow/.local/lib/python3.12/site-packages/airflow/example_dags/plugins/event_listener.py for tasks to queue
[2026-07-31T12:19:09.165+0000] {logging_mixin.py:188} INFO - [2026-07-31T12:19:09.165+0000] {dagbag.py:545} INFO - Filling up the DagBag from /home/airflow/.local/lib/python3.12/site-packages/airflow/example_dags/plugins/event_listener.py
[2026-07-31T12:19:09.168+0000] {processor.py:842} WARNING - No viable dags retrieved from /home/airflow/.local/lib/python3.12/site-packages/airflow/example_dags/plugins/event_listener.py
[2026-07-31T12:19:09.187+0000] {processor.py:183} INFO - Processing /home/airflow/.local/lib/python3.12/site-packages/airflow/example_dags/plugins/event_listener.py took 0.038 seconds
[2026-07-31T12:19:39.343+0000] {processor.py:161} INFO - Started process (PID=8887) to work on /home/airflow/.local/lib/python3.12/site-packages/airflow/example_dags/plugins/event_listener.py
[2026-07-31T12:19:39.345+0000] {processor.py:830} INFO - Processing file /home/airflow/.local/lib/python3.12/site-packages/airflow/example_dags/plugins/event_listener.py for tasks to queue
[2026-07-31T12:19:39.348+0000] {logging_mixin.py:188} INFO - [2026-07-31T12:19:39.348+0000] {dagbag.py:545} INFO - Filling up the DagBag from /home/airflow/.local/lib/python3.12/site-packages/airflow/example_dags/plugins/event_listener.py
[2026-07-31T12:19:39.352+0000] {processor.py:842} WARNING - No viable dags retrieved from /home/airflow/.local/lib/python3.12/site-packages/airflow/example_dags/plugins/event_listener.py
[2026-07-31T12:19:39.378+0000] {processor.py:183} INFO - Processing /home/airflow/.local/lib/python3.12/site-packages/airflow/example_dags/plugins/event_listener.py took 0.047 seconds
[2026-07-31T12:20:11.493+0000] {processor.py:161} INFO - Started process (PID=8944) to work on /home/airflow/.local/lib/python3.12/site-packages/airflow/example_dags/plugins/event_listener.py
[2026-07-31T12:20:11.509+0000] {processor.py:830} INFO - Processing file /home/airflow/.local/lib/python3.12/site-packages/airflow/example_dags/plugins/event_listener.py for tasks to queue
[2026-07-31T12:20:11.529+0000] {logging_mixin.py:188} INFO - [2026-07-31T12:20:11.515+0000] {dagbag.py:545} INFO - Filling up the DagBag from /home/airflow/.local/lib/python3.12/site-packages/airflow/example_dags/plugins/event_listener.py
[2026-07-31T12:20:11.545+0000] {processor.py:842} WARNING - No viable dags retrieved from /home/airflow/.local/lib/python3.12/site-packages/airflow/example_dags/plugins/event_listener.py
[2026-07-31T12:20:11.629+0000] {processor.py:183} INFO - Processing /home/airflow/.local/lib/python3.12/site-packages/airflow/example_dags/plugins/event_listener.py took 0.168 seconds
