[2026-07-31T10:53:40.502+0000] {processor.py:161} INFO - Started process (PID=147) to work on /home/airflow/.local/lib/python3.12/site-packages/airflow/example_dags/example_setup_teardown_taskflow.py
[2026-07-31T10:53:40.511+0000] {processor.py:830} INFO - Processing file /home/airflow/.local/lib/python3.12/site-packages/airflow/example_dags/example_setup_teardown_taskflow.py for tasks to queue
[2026-07-31T10:53:40.521+0000] {logging_mixin.py:188} INFO - [2026-07-31T10:53:40.520+0000] {dagbag.py:545} INFO - Filling up the DagBag from /home/airflow/.local/lib/python3.12/site-packages/airflow/example_dags/example_setup_teardown_taskflow.py
[2026-07-31T10:53:40.644+0000] {processor.py:840} INFO - DAG(s) 'example_setup_teardown_taskflow' retrieved from /home/airflow/.local/lib/python3.12/site-packages/airflow/example_dags/example_setup_teardown_taskflow.py
[2026-07-31T10:53:41.533+0000] {logging_mixin.py:188} INFO - [2026-07-31T10:53:41.532+0000] {dag.py:3089} INFO - Sync 1 DAGs
[2026-07-31T10:53:41.716+0000] {logging_mixin.py:188} INFO - [2026-07-31T10:53:41.716+0000] {dag.py:3947} INFO - Setting next_dagrun for example_setup_teardown_taskflow to 2026-07-30 00:00:00+00:00, run_after=2026-07-31 00:00:00+00:00
[2026-07-31T10:53:42.155+0000] {processor.py:183} INFO - Processing /home/airflow/.local/lib/python3.12/site-packages/airflow/example_dags/example_setup_teardown_taskflow.py took 1.703 seconds
[2026-07-31T10:55:04.111+0000] {processor.py:161} INFO - Started process (PID=216) to work on /home/airflow/.local/lib/python3.12/site-packages/airflow/example_dags/example_setup_teardown_taskflow.py
[2026-07-31T10:55:04.120+0000] {processor.py:830} INFO - Processing file /home/airflow/.local/lib/python3.12/site-packages/airflow/example_dags/example_setup_teardown_taskflow.py for tasks to queue
[2026-07-31T10:55:04.135+0000] {logging_mixin.py:188} INFO - [2026-07-31T10:55:04.134+0000] {dagbag.py:545} INFO - Filling up the DagBag from /home/airflow/.local/lib/python3.12/site-packages/airflow/example_dags/example_setup_teardown_taskflow.py
[2026-07-31T10:55:04.229+0000] {processor.py:840} INFO - DAG(s) 'example_setup_teardown_taskflow' retrieved from /home/airflow/.local/lib/python3.12/site-packages/airflow/example_dags/example_setup_teardown_taskflow.py
[2026-07-31T10:55:04.376+0000] {logging_mixin.py:188} INFO - [2026-07-31T10:55:04.376+0000] {dag.py:3089} INFO - Sync 1 DAGs
[2026-07-31T10:55:04.545+0000] {logging_mixin.py:188} INFO - [2026-07-31T10:55:04.545+0000] {dag.py:3947} INFO - Setting next_dagrun for example_setup_teardown_taskflow to 2026-07-30 00:00:00+00:00, run_after=2026-07-31 00:00:00+00:00
[2026-07-31T10:55:04.713+0000] {processor.py:183} INFO - Processing /home/airflow/.local/lib/python3.12/site-packages/airflow/example_dags/example_setup_teardown_taskflow.py took 0.636 seconds
[2026-07-31T10:55:35.176+0000] {processor.py:161} INFO - Started process (PID=273) to work on /home/airflow/.local/lib/python3.12/site-packages/airflow/example_dags/example_setup_teardown_taskflow.py
[2026-07-31T10:55:35.177+0000] {processor.py:830} INFO - Processing file /home/airflow/.local/lib/python3.12/site-packages/airflow/example_dags/example_setup_teardown_taskflow.py for tasks to queue
[2026-07-31T10:55:35.180+0000] {logging_mixin.py:188} INFO - [2026-07-31T10:55:35.180+0000] {dagbag.py:545} INFO - Filling up the DagBag from /home/airflow/.local/lib/python3.12/site-packages/airflow/example_dags/example_setup_teardown_taskflow.py
[2026-07-31T10:55:35.199+0000] {processor.py:840} INFO - DAG(s) 'example_setup_teardown_taskflow' retrieved from /home/airflow/.local/lib/python3.12/site-packages/airflow/example_dags/example_setup_teardown_taskflow.py
[2026-07-31T10:55:35.237+0000] {logging_mixin.py:188} INFO - [2026-07-31T10:55:35.237+0000] {dag.py:3089} INFO - Sync 1 DAGs
[2026-07-31T10:55:35.275+0000] {logging_mixin.py:188} INFO - [2026-07-31T10:55:35.275+0000] {dag.py:3947} INFO - Setting next_dagrun for example_setup_teardown_taskflow to 2026-07-30 00:00:00+00:00, run_after=2026-07-31 00:00:00+00:00
[2026-07-31T10:55:35.311+0000] {processor.py:183} INFO - Processing /home/airflow/.local/lib/python3.12/site-packages/airflow/example_dags/example_setup_teardown_taskflow.py took 0.148 seconds
[2026-07-31T10:56:06.988+0000] {processor.py:161} INFO - Started process (PID=331) to work on /home/airflow/.local/lib/python3.12/site-packages/airflow/example_dags/example_setup_teardown_taskflow.py
[2026-07-31T10:56:06.996+0000] {processor.py:830} INFO - Processing file /home/airflow/.local/lib/python3.12/site-packages/airflow/example_dags/example_setup_teardown_taskflow.py for tasks to queue
[2026-07-31T10:56:07.009+0000] {logging_mixin.py:188} INFO - [2026-07-31T10:56:07.007+0000] {dagbag.py:545} INFO - Filling up the DagBag from /home/airflow/.local/lib/python3.12/site-packages/airflow/example_dags/example_setup_teardown_taskflow.py
[2026-07-31T10:56:07.111+0000] {processor.py:840} INFO - DAG(s) 'example_setup_teardown_taskflow' retrieved from /home/airflow/.local/lib/python3.12/site-packages/airflow/example_dags/example_setup_teardown_taskflow.py
[2026-07-31T10:56:07.246+0000] {logging_mixin.py:188} INFO - [2026-07-31T10:56:07.245+0000] {dag.py:3089} INFO - Sync 1 DAGs
[2026-07-31T10:56:07.427+0000] {logging_mixin.py:188} INFO - [2026-07-31T10:56:07.426+0000] {dag.py:3947} INFO - Setting next_dagrun for example_setup_teardown_taskflow to 2026-07-30 00:00:00+00:00, run_after=2026-07-31 00:00:00+00:00
[2026-07-31T10:56:07.726+0000] {processor.py:183} INFO - Processing /home/airflow/.local/lib/python3.12/site-packages/airflow/example_dags/example_setup_teardown_taskflow.py took 0.777 seconds
[2026-07-31T10:56:37.860+0000] {processor.py:161} INFO - Started process (PID=387) to work on /home/airflow/.local/lib/python3.12/site-packages/airflow/example_dags/example_setup_teardown_taskflow.py
[2026-07-31T10:56:37.862+0000] {processor.py:830} INFO - Processing file /home/airflow/.local/lib/python3.12/site-packages/airflow/example_dags/example_setup_teardown_taskflow.py for tasks to queue
[2026-07-31T10:56:37.866+0000] {logging_mixin.py:188} INFO - [2026-07-31T10:56:37.865+0000] {dagbag.py:545} INFO - Filling up the DagBag from /home/airflow/.local/lib/python3.12/site-packages/airflow/example_dags/example_setup_teardown_taskflow.py
[2026-07-31T10:56:37.882+0000] {processor.py:840} INFO - DAG(s) 'example_setup_teardown_taskflow' retrieved from /home/airflow/.local/lib/python3.12/site-packages/airflow/example_dags/example_setup_teardown_taskflow.py
[2026-07-31T10:56:37.925+0000] {logging_mixin.py:188} INFO - [2026-07-31T10:56:37.924+0000] {dag.py:3089} INFO - Sync 1 DAGs
[2026-07-31T10:56:37.974+0000] {logging_mixin.py:188} INFO - [2026-07-31T10:56:37.973+0000] {dag.py:3947} INFO - Setting next_dagrun for example_setup_teardown_taskflow to 2026-07-30 00:00:00+00:00, run_after=2026-07-31 00:00:00+00:00
[2026-07-31T10:56:38.016+0000] {processor.py:183} INFO - Processing /home/airflow/.local/lib/python3.12/site-packages/airflow/example_dags/example_setup_teardown_taskflow.py took 0.165 seconds
[2026-07-31T10:57:08.075+0000] {processor.py:161} INFO - Started process (PID=445) to work on /home/airflow/.local/lib/python3.12/site-packages/airflow/example_dags/example_setup_teardown_taskflow.py
[2026-07-31T10:57:08.077+0000] {processor.py:830} INFO - Processing file /home/airflow/.local/lib/python3.12/site-packages/airflow/example_dags/example_setup_teardown_taskflow.py for tasks to queue
[2026-07-31T10:57:08.080+0000] {logging_mixin.py:188} INFO - [2026-07-31T10:57:08.080+0000] {dagbag.py:545} INFO - Filling up the DagBag from /home/airflow/.local/lib/python3.12/site-packages/airflow/example_dags/example_setup_teardown_taskflow.py
[2026-07-31T10:57:08.097+0000] {processor.py:840} INFO - DAG(s) 'example_setup_teardown_taskflow' retrieved from /home/airflow/.local/lib/python3.12/site-packages/airflow/example_dags/example_setup_teardown_taskflow.py
[2026-07-31T10:57:08.132+0000] {logging_mixin.py:188} INFO - [2026-07-31T10:57:08.132+0000] {dag.py:3089} INFO - Sync 1 DAGs
[2026-07-31T10:57:08.165+0000] {logging_mixin.py:188} INFO - [2026-07-31T10:57:08.165+0000] {dag.py:3947} INFO - Setting next_dagrun for example_setup_teardown_taskflow to 2026-07-30 00:00:00+00:00, run_after=2026-07-31 00:00:00+00:00
[2026-07-31T10:57:08.201+0000] {processor.py:183} INFO - Processing /home/airflow/.local/lib/python3.12/site-packages/airflow/example_dags/example_setup_teardown_taskflow.py took 0.136 seconds
[2026-07-31T10:57:39.163+0000] {processor.py:161} INFO - Started process (PID=503) to work on /home/airflow/.local/lib/python3.12/site-packages/airflow/example_dags/example_setup_teardown_taskflow.py
[2026-07-31T10:57:39.165+0000] {processor.py:830} INFO - Processing file /home/airflow/.local/lib/python3.12/site-packages/airflow/example_dags/example_setup_teardown_taskflow.py for tasks to queue
[2026-07-31T10:57:39.172+0000] {logging_mixin.py:188} INFO - [2026-07-31T10:57:39.171+0000] {dagbag.py:545} INFO - Filling up the DagBag from /home/airflow/.local/lib/python3.12/site-packages/airflow/example_dags/example_setup_teardown_taskflow.py
[2026-07-31T10:57:39.196+0000] {processor.py:840} INFO - DAG(s) 'example_setup_teardown_taskflow' retrieved from /home/airflow/.local/lib/python3.12/site-packages/airflow/example_dags/example_setup_teardown_taskflow.py
[2026-07-31T10:57:39.252+0000] {logging_mixin.py:188} INFO - [2026-07-31T10:57:39.252+0000] {dag.py:3089} INFO - Sync 1 DAGs
[2026-07-31T10:57:39.319+0000] {logging_mixin.py:188} INFO - [2026-07-31T10:57:39.318+0000] {dag.py:3947} INFO - Setting next_dagrun for example_setup_teardown_taskflow to 2026-07-30 00:00:00+00:00, run_after=2026-07-31 00:00:00+00:00
[2026-07-31T10:57:39.369+0000] {processor.py:183} INFO - Processing /home/airflow/.local/lib/python3.12/site-packages/airflow/example_dags/example_setup_teardown_taskflow.py took 0.222 seconds
[2026-07-31T10:58:09.641+0000] {processor.py:161} INFO - Started process (PID=561) to work on /home/airflow/.local/lib/python3.12/site-packages/airflow/example_dags/example_setup_teardown_taskflow.py
[2026-07-31T10:58:09.644+0000] {processor.py:830} INFO - Processing file /home/airflow/.local/lib/python3.12/site-packages/airflow/example_dags/example_setup_teardown_taskflow.py for tasks to queue
[2026-07-31T10:58:09.653+0000] {logging_mixin.py:188} INFO - [2026-07-31T10:58:09.650+0000] {dagbag.py:545} INFO - Filling up the DagBag from /home/airflow/.local/lib/python3.12/site-packages/airflow/example_dags/example_setup_teardown_taskflow.py
[2026-07-31T10:58:09.694+0000] {processor.py:840} INFO - DAG(s) 'example_setup_teardown_taskflow' retrieved from /home/airflow/.local/lib/python3.12/site-packages/airflow/example_dags/example_setup_teardown_taskflow.py
[2026-07-31T10:58:09.806+0000] {logging_mixin.py:188} INFO - [2026-07-31T10:58:09.805+0000] {dag.py:3089} INFO - Sync 1 DAGs
[2026-07-31T10:58:09.922+0000] {logging_mixin.py:188} INFO - [2026-07-31T10:58:09.921+0000] {dag.py:3947} INFO - Setting next_dagrun for example_setup_teardown_taskflow to 2026-07-30 00:00:00+00:00, run_after=2026-07-31 00:00:00+00:00
[2026-07-31T10:58:09.981+0000] {processor.py:183} INFO - Processing /home/airflow/.local/lib/python3.12/site-packages/airflow/example_dags/example_setup_teardown_taskflow.py took 0.368 seconds
[2026-07-31T10:58:40.112+0000] {processor.py:161} INFO - Started process (PID=618) to work on /home/airflow/.local/lib/python3.12/site-packages/airflow/example_dags/example_setup_teardown_taskflow.py
[2026-07-31T10:58:40.114+0000] {processor.py:830} INFO - Processing file /home/airflow/.local/lib/python3.12/site-packages/airflow/example_dags/example_setup_teardown_taskflow.py for tasks to queue
[2026-07-31T10:58:40.118+0000] {logging_mixin.py:188} INFO - [2026-07-31T10:58:40.117+0000] {dagbag.py:545} INFO - Filling up the DagBag from /home/airflow/.local/lib/python3.12/site-packages/airflow/example_dags/example_setup_teardown_taskflow.py
[2026-07-31T10:58:40.137+0000] {processor.py:840} INFO - DAG(s) 'example_setup_teardown_taskflow' retrieved from /home/airflow/.local/lib/python3.12/site-packages/airflow/example_dags/example_setup_teardown_taskflow.py
[2026-07-31T10:58:40.195+0000] {logging_mixin.py:188} INFO - [2026-07-31T10:58:40.195+0000] {dag.py:3089} INFO - Sync 1 DAGs
[2026-07-31T10:58:40.241+0000] {logging_mixin.py:188} INFO - [2026-07-31T10:58:40.240+0000] {dag.py:3947} INFO - Setting next_dagrun for example_setup_teardown_taskflow to 2026-07-30 00:00:00+00:00, run_after=2026-07-31 00:00:00+00:00
[2026-07-31T10:58:40.277+0000] {processor.py:183} INFO - Processing /home/airflow/.local/lib/python3.12/site-packages/airflow/example_dags/example_setup_teardown_taskflow.py took 0.175 seconds
[2026-07-31T10:59:11.425+0000] {processor.py:161} INFO - Started process (PID=677) to work on /home/airflow/.local/lib/python3.12/site-packages/airflow/example_dags/example_setup_teardown_taskflow.py
[2026-07-31T10:59:11.428+0000] {processor.py:830} INFO - Processing file /home/airflow/.local/lib/python3.12/site-packages/airflow/example_dags/example_setup_teardown_taskflow.py for tasks to queue
[2026-07-31T10:59:11.434+0000] {logging_mixin.py:188} INFO - [2026-07-31T10:59:11.432+0000] {dagbag.py:545} INFO - Filling up the DagBag from /home/airflow/.local/lib/python3.12/site-packages/airflow/example_dags/example_setup_teardown_taskflow.py
[2026-07-31T10:59:11.457+0000] {processor.py:840} INFO - DAG(s) 'example_setup_teardown_taskflow' retrieved from /home/airflow/.local/lib/python3.12/site-packages/airflow/example_dags/example_setup_teardown_taskflow.py
[2026-07-31T10:59:11.500+0000] {logging_mixin.py:188} INFO - [2026-07-31T10:59:11.500+0000] {dag.py:3089} INFO - Sync 1 DAGs
[2026-07-31T10:59:11.558+0000] {logging_mixin.py:188} INFO - [2026-07-31T10:59:11.558+0000] {dag.py:3947} INFO - Setting next_dagrun for example_setup_teardown_taskflow to 2026-07-30 00:00:00+00:00, run_after=2026-07-31 00:00:00+00:00
[2026-07-31T10:59:11.606+0000] {processor.py:183} INFO - Processing /home/airflow/.local/lib/python3.12/site-packages/airflow/example_dags/example_setup_teardown_taskflow.py took 0.193 seconds
[2026-07-31T10:59:42.206+0000] {processor.py:161} INFO - Started process (PID=733) to work on /home/airflow/.local/lib/python3.12/site-packages/airflow/example_dags/example_setup_teardown_taskflow.py
[2026-07-31T10:59:42.208+0000] {processor.py:830} INFO - Processing file /home/airflow/.local/lib/python3.12/site-packages/airflow/example_dags/example_setup_teardown_taskflow.py for tasks to queue
[2026-07-31T10:59:42.211+0000] {logging_mixin.py:188} INFO - [2026-07-31T10:59:42.210+0000] {dagbag.py:545} INFO - Filling up the DagBag from /home/airflow/.local/lib/python3.12/site-packages/airflow/example_dags/example_setup_teardown_taskflow.py
[2026-07-31T10:59:42.224+0000] {processor.py:840} INFO - DAG(s) 'example_setup_teardown_taskflow' retrieved from /home/airflow/.local/lib/python3.12/site-packages/airflow/example_dags/example_setup_teardown_taskflow.py
[2026-07-31T10:59:42.257+0000] {logging_mixin.py:188} INFO - [2026-07-31T10:59:42.256+0000] {dag.py:3089} INFO - Sync 1 DAGs
[2026-07-31T10:59:42.288+0000] {logging_mixin.py:188} INFO - [2026-07-31T10:59:42.288+0000] {dag.py:3947} INFO - Setting next_dagrun for example_setup_teardown_taskflow to 2026-07-30 00:00:00+00:00, run_after=2026-07-31 00:00:00+00:00
[2026-07-31T10:59:42.320+0000] {processor.py:183} INFO - Processing /home/airflow/.local/lib/python3.12/site-packages/airflow/example_dags/example_setup_teardown_taskflow.py took 0.122 seconds
[2026-07-31T11:00:12.929+0000] {processor.py:161} INFO - Started process (PID=791) to work on /home/airflow/.local/lib/python3.12/site-packages/airflow/example_dags/example_setup_teardown_taskflow.py
[2026-07-31T11:00:12.930+0000] {processor.py:830} INFO - Processing file /home/airflow/.local/lib/python3.12/site-packages/airflow/example_dags/example_setup_teardown_taskflow.py for tasks to queue
[2026-07-31T11:00:12.933+0000] {logging_mixin.py:188} INFO - [2026-07-31T11:00:12.933+0000] {dagbag.py:545} INFO - Filling up the DagBag from /home/airflow/.local/lib/python3.12/site-packages/airflow/example_dags/example_setup_teardown_taskflow.py
[2026-07-31T11:00:12.948+0000] {processor.py:840} INFO - DAG(s) 'example_setup_teardown_taskflow' retrieved from /home/airflow/.local/lib/python3.12/site-packages/airflow/example_dags/example_setup_teardown_taskflow.py
[2026-07-31T11:00:12.990+0000] {logging_mixin.py:188} INFO - [2026-07-31T11:00:12.989+0000] {dag.py:3089} INFO - Sync 1 DAGs
[2026-07-31T11:00:13.032+0000] {logging_mixin.py:188} INFO - [2026-07-31T11:00:13.032+0000] {dag.py:3947} INFO - Setting next_dagrun for example_setup_teardown_taskflow to 2026-07-30 00:00:00+00:00, run_after=2026-07-31 00:00:00+00:00
[2026-07-31T11:00:13.077+0000] {processor.py:183} INFO - Processing /home/airflow/.local/lib/python3.12/site-packages/airflow/example_dags/example_setup_teardown_taskflow.py took 0.158 seconds
[2026-07-31T11:00:43.610+0000] {processor.py:161} INFO - Started process (PID=849) to work on /home/airflow/.local/lib/python3.12/site-packages/airflow/example_dags/example_setup_teardown_taskflow.py
[2026-07-31T11:00:43.612+0000] {processor.py:830} INFO - Processing file /home/airflow/.local/lib/python3.12/site-packages/airflow/example_dags/example_setup_teardown_taskflow.py for tasks to queue
[2026-07-31T11:00:43.618+0000] {logging_mixin.py:188} INFO - [2026-07-31T11:00:43.617+0000] {dagbag.py:545} INFO - Filling up the DagBag from /home/airflow/.local/lib/python3.12/site-packages/airflow/example_dags/example_setup_teardown_taskflow.py
[2026-07-31T11:00:43.663+0000] {processor.py:840} INFO - DAG(s) 'example_setup_teardown_taskflow' retrieved from /home/airflow/.local/lib/python3.12/site-packages/airflow/example_dags/example_setup_teardown_taskflow.py
[2026-07-31T11:00:43.724+0000] {logging_mixin.py:188} INFO - [2026-07-31T11:00:43.723+0000] {dag.py:3089} INFO - Sync 1 DAGs
[2026-07-31T11:00:43.771+0000] {logging_mixin.py:188} INFO - [2026-07-31T11:00:43.771+0000] {dag.py:3947} INFO - Setting next_dagrun for example_setup_teardown_taskflow to 2026-07-30 00:00:00+00:00, run_after=2026-07-31 00:00:00+00:00
[2026-07-31T11:00:43.812+0000] {processor.py:183} INFO - Processing /home/airflow/.local/lib/python3.12/site-packages/airflow/example_dags/example_setup_teardown_taskflow.py took 0.214 seconds
[2026-07-31T11:01:14.187+0000] {processor.py:161} INFO - Started process (PID=907) to work on /home/airflow/.local/lib/python3.12/site-packages/airflow/example_dags/example_setup_teardown_taskflow.py
[2026-07-31T11:01:14.196+0000] {processor.py:830} INFO - Processing file /home/airflow/.local/lib/python3.12/site-packages/airflow/example_dags/example_setup_teardown_taskflow.py for tasks to queue
[2026-07-31T11:01:14.206+0000] {logging_mixin.py:188} INFO - [2026-07-31T11:01:14.205+0000] {dagbag.py:545} INFO - Filling up the DagBag from /home/airflow/.local/lib/python3.12/site-packages/airflow/example_dags/example_setup_teardown_taskflow.py
[2026-07-31T11:01:14.240+0000] {processor.py:840} INFO - DAG(s) 'example_setup_teardown_taskflow' retrieved from /home/airflow/.local/lib/python3.12/site-packages/airflow/example_dags/example_setup_teardown_taskflow.py
[2026-07-31T11:01:14.352+0000] {logging_mixin.py:188} INFO - [2026-07-31T11:01:14.351+0000] {dag.py:3089} INFO - Sync 1 DAGs
[2026-07-31T11:01:14.429+0000] {logging_mixin.py:188} INFO - [2026-07-31T11:01:14.429+0000] {dag.py:3947} INFO - Setting next_dagrun for example_setup_teardown_taskflow to 2026-07-30 00:00:00+00:00, run_after=2026-07-31 00:00:00+00:00
[2026-07-31T11:01:14.478+0000] {processor.py:183} INFO - Processing /home/airflow/.local/lib/python3.12/site-packages/airflow/example_dags/example_setup_teardown_taskflow.py took 0.319 seconds
[2026-07-31T11:01:45.052+0000] {processor.py:161} INFO - Started process (PID=965) to work on /home/airflow/.local/lib/python3.12/site-packages/airflow/example_dags/example_setup_teardown_taskflow.py
[2026-07-31T11:01:45.054+0000] {processor.py:830} INFO - Processing file /home/airflow/.local/lib/python3.12/site-packages/airflow/example_dags/example_setup_teardown_taskflow.py for tasks to queue
[2026-07-31T11:01:45.057+0000] {logging_mixin.py:188} INFO - [2026-07-31T11:01:45.057+0000] {dagbag.py:545} INFO - Filling up the DagBag from /home/airflow/.local/lib/python3.12/site-packages/airflow/example_dags/example_setup_teardown_taskflow.py
[2026-07-31T11:01:45.072+0000] {processor.py:840} INFO - DAG(s) 'example_setup_teardown_taskflow' retrieved from /home/airflow/.local/lib/python3.12/site-packages/airflow/example_dags/example_setup_teardown_taskflow.py
[2026-07-31T11:01:45.113+0000] {logging_mixin.py:188} INFO - [2026-07-31T11:01:45.112+0000] {dag.py:3089} INFO - Sync 1 DAGs
[2026-07-31T11:01:45.187+0000] {logging_mixin.py:188} INFO - [2026-07-31T11:01:45.186+0000] {dag.py:3947} INFO - Setting next_dagrun for example_setup_teardown_taskflow to 2026-07-30 00:00:00+00:00, run_after=2026-07-31 00:00:00+00:00
[2026-07-31T11:01:45.278+0000] {processor.py:183} INFO - Processing /home/airflow/.local/lib/python3.12/site-packages/airflow/example_dags/example_setup_teardown_taskflow.py took 0.235 seconds
[2026-07-31T11:02:15.426+0000] {processor.py:161} INFO - Started process (PID=1022) to work on /home/airflow/.local/lib/python3.12/site-packages/airflow/example_dags/example_setup_teardown_taskflow.py
[2026-07-31T11:02:15.429+0000] {processor.py:830} INFO - Processing file /home/airflow/.local/lib/python3.12/site-packages/airflow/example_dags/example_setup_teardown_taskflow.py for tasks to queue
[2026-07-31T11:02:15.433+0000] {logging_mixin.py:188} INFO - [2026-07-31T11:02:15.433+0000] {dagbag.py:545} INFO - Filling up the DagBag from /home/airflow/.local/lib/python3.12/site-packages/airflow/example_dags/example_setup_teardown_taskflow.py
[2026-07-31T11:02:15.449+0000] {processor.py:840} INFO - DAG(s) 'example_setup_teardown_taskflow' retrieved from /home/airflow/.local/lib/python3.12/site-packages/airflow/example_dags/example_setup_teardown_taskflow.py
[2026-07-31T11:02:15.484+0000] {logging_mixin.py:188} INFO - [2026-07-31T11:02:15.484+0000] {dag.py:3089} INFO - Sync 1 DAGs
[2026-07-31T11:02:15.525+0000] {logging_mixin.py:188} INFO - [2026-07-31T11:02:15.525+0000] {dag.py:3947} INFO - Setting next_dagrun for example_setup_teardown_taskflow to 2026-07-30 00:00:00+00:00, run_after=2026-07-31 00:00:00+00:00
[2026-07-31T11:02:15.569+0000] {processor.py:183} INFO - Processing /home/airflow/.local/lib/python3.12/site-packages/airflow/example_dags/example_setup_teardown_taskflow.py took 0.159 seconds
[2026-07-31T11:02:56.760+0000] {processor.py:161} INFO - Started process (PID=1081) to work on /home/airflow/.local/lib/python3.12/site-packages/airflow/example_dags/example_setup_teardown_taskflow.py
[2026-07-31T11:02:56.764+0000] {processor.py:830} INFO - Processing file /home/airflow/.local/lib/python3.12/site-packages/airflow/example_dags/example_setup_teardown_taskflow.py for tasks to queue
[2026-07-31T11:02:56.777+0000] {logging_mixin.py:188} INFO - [2026-07-31T11:02:56.776+0000] {dagbag.py:545} INFO - Filling up the DagBag from /home/airflow/.local/lib/python3.12/site-packages/airflow/example_dags/example_setup_teardown_taskflow.py
[2026-07-31T11:02:56.848+0000] {processor.py:840} INFO - DAG(s) 'example_setup_teardown_taskflow' retrieved from /home/airflow/.local/lib/python3.12/site-packages/airflow/example_dags/example_setup_teardown_taskflow.py
[2026-07-31T11:02:56.972+0000] {logging_mixin.py:188} INFO - [2026-07-31T11:02:56.971+0000] {dag.py:3089} INFO - Sync 1 DAGs
[2026-07-31T11:02:57.089+0000] {logging_mixin.py:188} INFO - [2026-07-31T11:02:57.089+0000] {dag.py:3947} INFO - Setting next_dagrun for example_setup_teardown_taskflow to 2026-07-30 00:00:00+00:00, run_after=2026-07-31 00:00:00+00:00
[2026-07-31T11:02:57.250+0000] {processor.py:183} INFO - Processing /home/airflow/.local/lib/python3.12/site-packages/airflow/example_dags/example_setup_teardown_taskflow.py took 0.516 seconds
[2026-07-31T11:03:28.085+0000] {processor.py:161} INFO - Started process (PID=1138) to work on /home/airflow/.local/lib/python3.12/site-packages/airflow/example_dags/example_setup_teardown_taskflow.py
[2026-07-31T11:03:28.089+0000] {processor.py:830} INFO - Processing file /home/airflow/.local/lib/python3.12/site-packages/airflow/example_dags/example_setup_teardown_taskflow.py for tasks to queue
[2026-07-31T11:03:28.100+0000] {logging_mixin.py:188} INFO - [2026-07-31T11:03:28.097+0000] {dagbag.py:545} INFO - Filling up the DagBag from /home/airflow/.local/lib/python3.12/site-packages/airflow/example_dags/example_setup_teardown_taskflow.py
[2026-07-31T11:03:28.155+0000] {processor.py:840} INFO - DAG(s) 'example_setup_teardown_taskflow' retrieved from /home/airflow/.local/lib/python3.12/site-packages/airflow/example_dags/example_setup_teardown_taskflow.py
[2026-07-31T11:03:28.259+0000] {logging_mixin.py:188} INFO - [2026-07-31T11:03:28.258+0000] {dag.py:3089} INFO - Sync 1 DAGs
[2026-07-31T11:03:28.386+0000] {logging_mixin.py:188} INFO - [2026-07-31T11:03:28.386+0000] {dag.py:3947} INFO - Setting next_dagrun for example_setup_teardown_taskflow to 2026-07-30 00:00:00+00:00, run_after=2026-07-31 00:00:00+00:00
[2026-07-31T11:03:28.509+0000] {processor.py:183} INFO - Processing /home/airflow/.local/lib/python3.12/site-packages/airflow/example_dags/example_setup_teardown_taskflow.py took 0.450 seconds
[2026-07-31T11:04:00.903+0000] {processor.py:161} INFO - Started process (PID=1198) to work on /home/airflow/.local/lib/python3.12/site-packages/airflow/example_dags/example_setup_teardown_taskflow.py
[2026-07-31T11:04:00.914+0000] {processor.py:830} INFO - Processing file /home/airflow/.local/lib/python3.12/site-packages/airflow/example_dags/example_setup_teardown_taskflow.py for tasks to queue
[2026-07-31T11:04:00.933+0000] {logging_mixin.py:188} INFO - [2026-07-31T11:04:00.932+0000] {dagbag.py:545} INFO - Filling up the DagBag from /home/airflow/.local/lib/python3.12/site-packages/airflow/example_dags/example_setup_teardown_taskflow.py
[2026-07-31T11:04:01.103+0000] {processor.py:840} INFO - DAG(s) 'example_setup_teardown_taskflow' retrieved from /home/airflow/.local/lib/python3.12/site-packages/airflow/example_dags/example_setup_teardown_taskflow.py
[2026-07-31T11:04:01.611+0000] {logging_mixin.py:188} INFO - [2026-07-31T11:04:01.611+0000] {dag.py:3089} INFO - Sync 1 DAGs
[2026-07-31T11:04:01.794+0000] {logging_mixin.py:188} INFO - [2026-07-31T11:04:01.793+0000] {dag.py:3947} INFO - Setting next_dagrun for example_setup_teardown_taskflow to 2026-07-30 00:00:00+00:00, run_after=2026-07-31 00:00:00+00:00
[2026-07-31T11:04:01.890+0000] {processor.py:183} INFO - Processing /home/airflow/.local/lib/python3.12/site-packages/airflow/example_dags/example_setup_teardown_taskflow.py took 1.025 seconds
[2026-07-31T11:04:40.145+0000] {processor.py:161} INFO - Started process (PID=1262) to work on /home/airflow/.local/lib/python3.12/site-packages/airflow/example_dags/example_setup_teardown_taskflow.py
[2026-07-31T11:04:40.171+0000] {processor.py:830} INFO - Processing file /home/airflow/.local/lib/python3.12/site-packages/airflow/example_dags/example_setup_teardown_taskflow.py for tasks to queue
[2026-07-31T11:04:40.204+0000] {logging_mixin.py:188} INFO - [2026-07-31T11:04:40.203+0000] {dagbag.py:545} INFO - Filling up the DagBag from /home/airflow/.local/lib/python3.12/site-packages/airflow/example_dags/example_setup_teardown_taskflow.py
[2026-07-31T11:04:40.348+0000] {processor.py:840} INFO - DAG(s) 'example_setup_teardown_taskflow' retrieved from /home/airflow/.local/lib/python3.12/site-packages/airflow/example_dags/example_setup_teardown_taskflow.py
[2026-07-31T11:04:40.539+0000] {logging_mixin.py:188} INFO - [2026-07-31T11:04:40.538+0000] {dag.py:3089} INFO - Sync 1 DAGs
[2026-07-31T11:04:40.849+0000] {logging_mixin.py:188} INFO - [2026-07-31T11:04:40.842+0000] {dag.py:3947} INFO - Setting next_dagrun for example_setup_teardown_taskflow to 2026-07-30 00:00:00+00:00, run_after=2026-07-31 00:00:00+00:00
[2026-07-31T11:04:41.143+0000] {processor.py:183} INFO - Processing /home/airflow/.local/lib/python3.12/site-packages/airflow/example_dags/example_setup_teardown_taskflow.py took 1.054 seconds
[2026-07-31T11:05:43.575+0000] {processor.py:161} INFO - Started process (PID=1330) to work on /home/airflow/.local/lib/python3.12/site-packages/airflow/example_dags/example_setup_teardown_taskflow.py
[2026-07-31T11:05:43.578+0000] {processor.py:830} INFO - Processing file /home/airflow/.local/lib/python3.12/site-packages/airflow/example_dags/example_setup_teardown_taskflow.py for tasks to queue
[2026-07-31T11:05:43.583+0000] {logging_mixin.py:188} INFO - [2026-07-31T11:05:43.582+0000] {dagbag.py:545} INFO - Filling up the DagBag from /home/airflow/.local/lib/python3.12/site-packages/airflow/example_dags/example_setup_teardown_taskflow.py
[2026-07-31T11:05:43.620+0000] {processor.py:840} INFO - DAG(s) 'example_setup_teardown_taskflow' retrieved from /home/airflow/.local/lib/python3.12/site-packages/airflow/example_dags/example_setup_teardown_taskflow.py
[2026-07-31T11:05:43.716+0000] {logging_mixin.py:188} INFO - [2026-07-31T11:05:43.716+0000] {dag.py:3089} INFO - Sync 1 DAGs
[2026-07-31T11:05:43.808+0000] {logging_mixin.py:188} INFO - [2026-07-31T11:05:43.807+0000] {dag.py:3947} INFO - Setting next_dagrun for example_setup_teardown_taskflow to 2026-07-30 00:00:00+00:00, run_after=2026-07-31 00:00:00+00:00
[2026-07-31T11:05:43.864+0000] {processor.py:183} INFO - Processing /home/airflow/.local/lib/python3.12/site-packages/airflow/example_dags/example_setup_teardown_taskflow.py took 0.308 seconds
[2026-07-31T11:06:26.640+0000] {processor.py:161} INFO - Started process (PID=1394) to work on /home/airflow/.local/lib/python3.12/site-packages/airflow/example_dags/example_setup_teardown_taskflow.py
[2026-07-31T11:06:26.643+0000] {processor.py:830} INFO - Processing file /home/airflow/.local/lib/python3.12/site-packages/airflow/example_dags/example_setup_teardown_taskflow.py for tasks to queue
[2026-07-31T11:06:26.650+0000] {logging_mixin.py:188} INFO - [2026-07-31T11:06:26.648+0000] {dagbag.py:545} INFO - Filling up the DagBag from /home/airflow/.local/lib/python3.12/site-packages/airflow/example_dags/example_setup_teardown_taskflow.py
[2026-07-31T11:06:26.677+0000] {processor.py:840} INFO - DAG(s) 'example_setup_teardown_taskflow' retrieved from /home/airflow/.local/lib/python3.12/site-packages/airflow/example_dags/example_setup_teardown_taskflow.py
[2026-07-31T11:06:26.736+0000] {logging_mixin.py:188} INFO - [2026-07-31T11:06:26.736+0000] {dag.py:3089} INFO - Sync 1 DAGs
[2026-07-31T11:06:26.801+0000] {logging_mixin.py:188} INFO - [2026-07-31T11:06:26.800+0000] {dag.py:3947} INFO - Setting next_dagrun for example_setup_teardown_taskflow to 2026-07-30 00:00:00+00:00, run_after=2026-07-31 00:00:00+00:00
[2026-07-31T11:06:26.853+0000] {processor.py:183} INFO - Processing /home/airflow/.local/lib/python3.12/site-packages/airflow/example_dags/example_setup_teardown_taskflow.py took 0.231 seconds
[2026-07-31T11:06:57.143+0000] {processor.py:161} INFO - Started process (PID=1453) to work on /home/airflow/.local/lib/python3.12/site-packages/airflow/example_dags/example_setup_teardown_taskflow.py
[2026-07-31T11:06:57.146+0000] {processor.py:830} INFO - Processing file /home/airflow/.local/lib/python3.12/site-packages/airflow/example_dags/example_setup_teardown_taskflow.py for tasks to queue
[2026-07-31T11:06:57.154+0000] {logging_mixin.py:188} INFO - [2026-07-31T11:06:57.151+0000] {dagbag.py:545} INFO - Filling up the DagBag from /home/airflow/.local/lib/python3.12/site-packages/airflow/example_dags/example_setup_teardown_taskflow.py
[2026-07-31T11:06:57.181+0000] {processor.py:840} INFO - DAG(s) 'example_setup_teardown_taskflow' retrieved from /home/airflow/.local/lib/python3.12/site-packages/airflow/example_dags/example_setup_teardown_taskflow.py
[2026-07-31T11:06:57.255+0000] {logging_mixin.py:188} INFO - [2026-07-31T11:06:57.254+0000] {dag.py:3089} INFO - Sync 1 DAGs
[2026-07-31T11:06:57.345+0000] {logging_mixin.py:188} INFO - [2026-07-31T11:06:57.344+0000] {dag.py:3947} INFO - Setting next_dagrun for example_setup_teardown_taskflow to 2026-07-30 00:00:00+00:00, run_after=2026-07-31 00:00:00+00:00
[2026-07-31T11:06:57.412+0000] {processor.py:183} INFO - Processing /home/airflow/.local/lib/python3.12/site-packages/airflow/example_dags/example_setup_teardown_taskflow.py took 0.289 seconds
[2026-07-31T11:08:25.490+0000] {processor.py:161} INFO - Started process (PID=1523) to work on /home/airflow/.local/lib/python3.12/site-packages/airflow/example_dags/example_setup_teardown_taskflow.py
[2026-07-31T11:08:25.494+0000] {processor.py:830} INFO - Processing file /home/airflow/.local/lib/python3.12/site-packages/airflow/example_dags/example_setup_teardown_taskflow.py for tasks to queue
[2026-07-31T11:08:25.501+0000] {logging_mixin.py:188} INFO - [2026-07-31T11:08:25.500+0000] {dagbag.py:545} INFO - Filling up the DagBag from /home/airflow/.local/lib/python3.12/site-packages/airflow/example_dags/example_setup_teardown_taskflow.py
[2026-07-31T11:08:25.555+0000] {processor.py:840} INFO - DAG(s) 'example_setup_teardown_taskflow' retrieved from /home/airflow/.local/lib/python3.12/site-packages/airflow/example_dags/example_setup_teardown_taskflow.py
[2026-07-31T11:08:25.670+0000] {logging_mixin.py:188} INFO - [2026-07-31T11:08:25.668+0000] {dag.py:3089} INFO - Sync 1 DAGs
[2026-07-31T11:08:25.838+0000] {logging_mixin.py:188} INFO - [2026-07-31T11:08:25.837+0000] {dag.py:3947} INFO - Setting next_dagrun for example_setup_teardown_taskflow to 2026-07-30 00:00:00+00:00, run_after=2026-07-31 00:00:00+00:00
[2026-07-31T11:08:25.959+0000] {processor.py:183} INFO - Processing /home/airflow/.local/lib/python3.12/site-packages/airflow/example_dags/example_setup_teardown_taskflow.py took 0.496 seconds
[2026-07-31T11:09:59.269+0000] {processor.py:161} INFO - Started process (PID=1618) to work on /home/airflow/.local/lib/python3.12/site-packages/airflow/example_dags/example_setup_teardown_taskflow.py
[2026-07-31T11:09:59.274+0000] {processor.py:830} INFO - Processing file /home/airflow/.local/lib/python3.12/site-packages/airflow/example_dags/example_setup_teardown_taskflow.py for tasks to queue
[2026-07-31T11:09:59.289+0000] {logging_mixin.py:188} INFO - [2026-07-31T11:09:59.287+0000] {dagbag.py:545} INFO - Filling up the DagBag from /home/airflow/.local/lib/python3.12/site-packages/airflow/example_dags/example_setup_teardown_taskflow.py
[2026-07-31T11:09:59.354+0000] {processor.py:840} INFO - DAG(s) 'example_setup_teardown_taskflow' retrieved from /home/airflow/.local/lib/python3.12/site-packages/airflow/example_dags/example_setup_teardown_taskflow.py
[2026-07-31T11:09:59.573+0000] {logging_mixin.py:188} INFO - [2026-07-31T11:09:59.572+0000] {dag.py:3089} INFO - Sync 1 DAGs
[2026-07-31T11:09:59.768+0000] {logging_mixin.py:188} INFO - [2026-07-31T11:09:59.766+0000] {dag.py:3947} INFO - Setting next_dagrun for example_setup_teardown_taskflow to 2026-07-30 00:00:00+00:00, run_after=2026-07-31 00:00:00+00:00
[2026-07-31T11:09:59.887+0000] {processor.py:183} INFO - Processing /home/airflow/.local/lib/python3.12/site-packages/airflow/example_dags/example_setup_teardown_taskflow.py took 0.643 seconds
[2026-07-31T11:10:40.888+0000] {processor.py:161} INFO - Started process (PID=1675) to work on /home/airflow/.local/lib/python3.12/site-packages/airflow/example_dags/example_setup_teardown_taskflow.py
[2026-07-31T11:10:40.894+0000] {processor.py:830} INFO - Processing file /home/airflow/.local/lib/python3.12/site-packages/airflow/example_dags/example_setup_teardown_taskflow.py for tasks to queue
[2026-07-31T11:10:40.908+0000] {logging_mixin.py:188} INFO - [2026-07-31T11:10:40.906+0000] {dagbag.py:545} INFO - Filling up the DagBag from /home/airflow/.local/lib/python3.12/site-packages/airflow/example_dags/example_setup_teardown_taskflow.py
[2026-07-31T11:10:41.097+0000] {processor.py:840} INFO - DAG(s) 'example_setup_teardown_taskflow' retrieved from /home/airflow/.local/lib/python3.12/site-packages/airflow/example_dags/example_setup_teardown_taskflow.py
[2026-07-31T11:10:41.431+0000] {logging_mixin.py:188} INFO - [2026-07-31T11:10:41.430+0000] {dag.py:3089} INFO - Sync 1 DAGs
[2026-07-31T11:10:42.728+0000] {logging_mixin.py:188} INFO - [2026-07-31T11:10:42.727+0000] {dag.py:3947} INFO - Setting next_dagrun for example_setup_teardown_taskflow to 2026-07-30 00:00:00+00:00, run_after=2026-07-31 00:00:00+00:00
[2026-07-31T11:10:42.927+0000] {processor.py:183} INFO - Processing /home/airflow/.local/lib/python3.12/site-packages/airflow/example_dags/example_setup_teardown_taskflow.py took 2.082 seconds
[2026-07-31T11:12:15.093+0000] {processor.py:161} INFO - Started process (PID=1769) to work on /home/airflow/.local/lib/python3.12/site-packages/airflow/example_dags/example_setup_teardown_taskflow.py
[2026-07-31T11:12:15.096+0000] {processor.py:830} INFO - Processing file /home/airflow/.local/lib/python3.12/site-packages/airflow/example_dags/example_setup_teardown_taskflow.py for tasks to queue
[2026-07-31T11:12:15.102+0000] {logging_mixin.py:188} INFO - [2026-07-31T11:12:15.101+0000] {dagbag.py:545} INFO - Filling up the DagBag from /home/airflow/.local/lib/python3.12/site-packages/airflow/example_dags/example_setup_teardown_taskflow.py
[2026-07-31T11:12:15.132+0000] {processor.py:840} INFO - DAG(s) 'example_setup_teardown_taskflow' retrieved from /home/airflow/.local/lib/python3.12/site-packages/airflow/example_dags/example_setup_teardown_taskflow.py
[2026-07-31T11:12:15.240+0000] {logging_mixin.py:188} INFO - [2026-07-31T11:12:15.239+0000] {dag.py:3089} INFO - Sync 1 DAGs
[2026-07-31T11:12:15.358+0000] {logging_mixin.py:188} INFO - [2026-07-31T11:12:15.357+0000] {dag.py:3947} INFO - Setting next_dagrun for example_setup_teardown_taskflow to 2026-07-30 00:00:00+00:00, run_after=2026-07-31 00:00:00+00:00
[2026-07-31T11:12:15.441+0000] {processor.py:183} INFO - Processing /home/airflow/.local/lib/python3.12/site-packages/airflow/example_dags/example_setup_teardown_taskflow.py took 0.372 seconds
[2026-07-31T11:12:46.915+0000] {processor.py:161} INFO - Started process (PID=1826) to work on /home/airflow/.local/lib/python3.12/site-packages/airflow/example_dags/example_setup_teardown_taskflow.py
[2026-07-31T11:12:46.969+0000] {processor.py:830} INFO - Processing file /home/airflow/.local/lib/python3.12/site-packages/airflow/example_dags/example_setup_teardown_taskflow.py for tasks to queue
[2026-07-31T11:12:46.981+0000] {logging_mixin.py:188} INFO - [2026-07-31T11:12:46.980+0000] {dagbag.py:545} INFO - Filling up the DagBag from /home/airflow/.local/lib/python3.12/site-packages/airflow/example_dags/example_setup_teardown_taskflow.py
[2026-07-31T11:12:47.067+0000] {processor.py:840} INFO - DAG(s) 'example_setup_teardown_taskflow' retrieved from /home/airflow/.local/lib/python3.12/site-packages/airflow/example_dags/example_setup_teardown_taskflow.py
[2026-07-31T11:12:47.408+0000] {logging_mixin.py:188} INFO - [2026-07-31T11:12:47.407+0000] {dag.py:3089} INFO - Sync 1 DAGs
[2026-07-31T11:12:47.733+0000] {logging_mixin.py:188} INFO - [2026-07-31T11:12:47.732+0000] {dag.py:3947} INFO - Setting next_dagrun for example_setup_teardown_taskflow to 2026-07-30 00:00:00+00:00, run_after=2026-07-31 00:00:00+00:00
[2026-07-31T11:12:48.119+0000] {processor.py:183} INFO - Processing /home/airflow/.local/lib/python3.12/site-packages/airflow/example_dags/example_setup_teardown_taskflow.py took 1.253 seconds
[2026-07-31T11:13:19.075+0000] {processor.py:161} INFO - Started process (PID=1885) to work on /home/airflow/.local/lib/python3.12/site-packages/airflow/example_dags/example_setup_teardown_taskflow.py
[2026-07-31T11:13:19.085+0000] {processor.py:830} INFO - Processing file /home/airflow/.local/lib/python3.12/site-packages/airflow/example_dags/example_setup_teardown_taskflow.py for tasks to queue
[2026-07-31T11:13:19.125+0000] {logging_mixin.py:188} INFO - [2026-07-31T11:13:19.123+0000] {dagbag.py:545} INFO - Filling up the DagBag from /home/airflow/.local/lib/python3.12/site-packages/airflow/example_dags/example_setup_teardown_taskflow.py
[2026-07-31T11:13:19.271+0000] {processor.py:840} INFO - DAG(s) 'example_setup_teardown_taskflow' retrieved from /home/airflow/.local/lib/python3.12/site-packages/airflow/example_dags/example_setup_teardown_taskflow.py
[2026-07-31T11:13:19.558+0000] {logging_mixin.py:188} INFO - [2026-07-31T11:13:19.543+0000] {dag.py:3089} INFO - Sync 1 DAGs
[2026-07-31T11:13:19.926+0000] {logging_mixin.py:188} INFO - [2026-07-31T11:13:19.925+0000] {dag.py:3947} INFO - Setting next_dagrun for example_setup_teardown_taskflow to 2026-07-30 00:00:00+00:00, run_after=2026-07-31 00:00:00+00:00
[2026-07-31T11:13:20.389+0000] {processor.py:183} INFO - Processing /home/airflow/.local/lib/python3.12/site-packages/airflow/example_dags/example_setup_teardown_taskflow.py took 1.390 seconds
[2026-07-31T11:14:08.743+0000] {processor.py:161} INFO - Started process (PID=1953) to work on /home/airflow/.local/lib/python3.12/site-packages/airflow/example_dags/example_setup_teardown_taskflow.py
[2026-07-31T11:14:08.753+0000] {processor.py:830} INFO - Processing file /home/airflow/.local/lib/python3.12/site-packages/airflow/example_dags/example_setup_teardown_taskflow.py for tasks to queue
[2026-07-31T11:14:08.781+0000] {logging_mixin.py:188} INFO - [2026-07-31T11:14:08.772+0000] {dagbag.py:545} INFO - Filling up the DagBag from /home/airflow/.local/lib/python3.12/site-packages/airflow/example_dags/example_setup_teardown_taskflow.py
[2026-07-31T11:14:08.875+0000] {processor.py:840} INFO - DAG(s) 'example_setup_teardown_taskflow' retrieved from /home/airflow/.local/lib/python3.12/site-packages/airflow/example_dags/example_setup_teardown_taskflow.py
[2026-07-31T11:14:09.041+0000] {logging_mixin.py:188} INFO - [2026-07-31T11:14:09.041+0000] {dag.py:3089} INFO - Sync 1 DAGs
[2026-07-31T11:14:09.205+0000] {logging_mixin.py:188} INFO - [2026-07-31T11:14:09.204+0000] {dag.py:3947} INFO - Setting next_dagrun for example_setup_teardown_taskflow to 2026-07-30 00:00:00+00:00, run_after=2026-07-31 00:00:00+00:00
[2026-07-31T11:14:09.334+0000] {processor.py:183} INFO - Processing /home/airflow/.local/lib/python3.12/site-packages/airflow/example_dags/example_setup_teardown_taskflow.py took 0.614 seconds
[2026-07-31T11:14:42.254+0000] {processor.py:161} INFO - Started process (PID=2011) to work on /home/airflow/.local/lib/python3.12/site-packages/airflow/example_dags/example_setup_teardown_taskflow.py
[2026-07-31T11:14:42.275+0000] {processor.py:830} INFO - Processing file /home/airflow/.local/lib/python3.12/site-packages/airflow/example_dags/example_setup_teardown_taskflow.py for tasks to queue
[2026-07-31T11:14:42.318+0000] {logging_mixin.py:188} INFO - [2026-07-31T11:14:42.316+0000] {dagbag.py:545} INFO - Filling up the DagBag from /home/airflow/.local/lib/python3.12/site-packages/airflow/example_dags/example_setup_teardown_taskflow.py
[2026-07-31T11:14:42.542+0000] {processor.py:840} INFO - DAG(s) 'example_setup_teardown_taskflow' retrieved from /home/airflow/.local/lib/python3.12/site-packages/airflow/example_dags/example_setup_teardown_taskflow.py
[2026-07-31T11:14:42.819+0000] {logging_mixin.py:188} INFO - [2026-07-31T11:14:42.818+0000] {dag.py:3089} INFO - Sync 1 DAGs
[2026-07-31T11:14:42.992+0000] {logging_mixin.py:188} INFO - [2026-07-31T11:14:42.991+0000] {dag.py:3947} INFO - Setting next_dagrun for example_setup_teardown_taskflow to 2026-07-30 00:00:00+00:00, run_after=2026-07-31 00:00:00+00:00
[2026-07-31T11:14:43.125+0000] {processor.py:183} INFO - Processing /home/airflow/.local/lib/python3.12/site-packages/airflow/example_dags/example_setup_teardown_taskflow.py took 0.957 seconds
[2026-07-31T11:15:13.676+0000] {processor.py:161} INFO - Started process (PID=2070) to work on /home/airflow/.local/lib/python3.12/site-packages/airflow/example_dags/example_setup_teardown_taskflow.py
[2026-07-31T11:15:13.682+0000] {processor.py:830} INFO - Processing file /home/airflow/.local/lib/python3.12/site-packages/airflow/example_dags/example_setup_teardown_taskflow.py for tasks to queue
[2026-07-31T11:15:13.689+0000] {logging_mixin.py:188} INFO - [2026-07-31T11:15:13.688+0000] {dagbag.py:545} INFO - Filling up the DagBag from /home/airflow/.local/lib/python3.12/site-packages/airflow/example_dags/example_setup_teardown_taskflow.py
[2026-07-31T11:15:13.778+0000] {processor.py:840} INFO - DAG(s) 'example_setup_teardown_taskflow' retrieved from /home/airflow/.local/lib/python3.12/site-packages/airflow/example_dags/example_setup_teardown_taskflow.py
[2026-07-31T11:15:13.904+0000] {logging_mixin.py:188} INFO - [2026-07-31T11:15:13.903+0000] {dag.py:3089} INFO - Sync 1 DAGs
[2026-07-31T11:15:13.999+0000] {logging_mixin.py:188} INFO - [2026-07-31T11:15:13.998+0000] {dag.py:3947} INFO - Setting next_dagrun for example_setup_teardown_taskflow to 2026-07-30 00:00:00+00:00, run_after=2026-07-31 00:00:00+00:00
[2026-07-31T11:15:14.092+0000] {processor.py:183} INFO - Processing /home/airflow/.local/lib/python3.12/site-packages/airflow/example_dags/example_setup_teardown_taskflow.py took 0.447 seconds
[2026-07-31T11:15:44.258+0000] {processor.py:161} INFO - Started process (PID=2126) to work on /home/airflow/.local/lib/python3.12/site-packages/airflow/example_dags/example_setup_teardown_taskflow.py
[2026-07-31T11:15:44.263+0000] {processor.py:830} INFO - Processing file /home/airflow/.local/lib/python3.12/site-packages/airflow/example_dags/example_setup_teardown_taskflow.py for tasks to queue
[2026-07-31T11:15:44.272+0000] {logging_mixin.py:188} INFO - [2026-07-31T11:15:44.270+0000] {dagbag.py:545} INFO - Filling up the DagBag from /home/airflow/.local/lib/python3.12/site-packages/airflow/example_dags/example_setup_teardown_taskflow.py
[2026-07-31T11:15:44.307+0000] {processor.py:840} INFO - DAG(s) 'example_setup_teardown_taskflow' retrieved from /home/airflow/.local/lib/python3.12/site-packages/airflow/example_dags/example_setup_teardown_taskflow.py
[2026-07-31T11:15:44.374+0000] {logging_mixin.py:188} INFO - [2026-07-31T11:15:44.373+0000] {dag.py:3089} INFO - Sync 1 DAGs
[2026-07-31T11:15:44.454+0000] {logging_mixin.py:188} INFO - [2026-07-31T11:15:44.453+0000] {dag.py:3947} INFO - Setting next_dagrun for example_setup_teardown_taskflow to 2026-07-30 00:00:00+00:00, run_after=2026-07-31 00:00:00+00:00
[2026-07-31T11:15:44.518+0000] {processor.py:183} INFO - Processing /home/airflow/.local/lib/python3.12/site-packages/airflow/example_dags/example_setup_teardown_taskflow.py took 0.279 seconds
[2026-07-31T11:16:15.765+0000] {processor.py:161} INFO - Started process (PID=2185) to work on /home/airflow/.local/lib/python3.12/site-packages/airflow/example_dags/example_setup_teardown_taskflow.py
[2026-07-31T11:16:15.767+0000] {processor.py:830} INFO - Processing file /home/airflow/.local/lib/python3.12/site-packages/airflow/example_dags/example_setup_teardown_taskflow.py for tasks to queue
[2026-07-31T11:16:15.772+0000] {logging_mixin.py:188} INFO - [2026-07-31T11:16:15.771+0000] {dagbag.py:545} INFO - Filling up the DagBag from /home/airflow/.local/lib/python3.12/site-packages/airflow/example_dags/example_setup_teardown_taskflow.py
[2026-07-31T11:16:15.802+0000] {processor.py:840} INFO - DAG(s) 'example_setup_teardown_taskflow' retrieved from /home/airflow/.local/lib/python3.12/site-packages/airflow/example_dags/example_setup_teardown_taskflow.py
[2026-07-31T11:16:15.870+0000] {logging_mixin.py:188} INFO - [2026-07-31T11:16:15.869+0000] {dag.py:3089} INFO - Sync 1 DAGs
[2026-07-31T11:16:15.961+0000] {logging_mixin.py:188} INFO - [2026-07-31T11:16:15.959+0000] {dag.py:3947} INFO - Setting next_dagrun for example_setup_teardown_taskflow to 2026-07-30 00:00:00+00:00, run_after=2026-07-31 00:00:00+00:00
[2026-07-31T11:16:16.035+0000] {processor.py:183} INFO - Processing /home/airflow/.local/lib/python3.12/site-packages/airflow/example_dags/example_setup_teardown_taskflow.py took 0.284 seconds
[2026-07-31T11:16:47.560+0000] {processor.py:161} INFO - Started process (PID=2243) to work on /home/airflow/.local/lib/python3.12/site-packages/airflow/example_dags/example_setup_teardown_taskflow.py
[2026-07-31T11:16:47.563+0000] {processor.py:830} INFO - Processing file /home/airflow/.local/lib/python3.12/site-packages/airflow/example_dags/example_setup_teardown_taskflow.py for tasks to queue
[2026-07-31T11:16:47.572+0000] {logging_mixin.py:188} INFO - [2026-07-31T11:16:47.571+0000] {dagbag.py:545} INFO - Filling up the DagBag from /home/airflow/.local/lib/python3.12/site-packages/airflow/example_dags/example_setup_teardown_taskflow.py
[2026-07-31T11:16:47.611+0000] {processor.py:840} INFO - DAG(s) 'example_setup_teardown_taskflow' retrieved from /home/airflow/.local/lib/python3.12/site-packages/airflow/example_dags/example_setup_teardown_taskflow.py
[2026-07-31T11:16:47.699+0000] {logging_mixin.py:188} INFO - [2026-07-31T11:16:47.698+0000] {dag.py:3089} INFO - Sync 1 DAGs
[2026-07-31T11:16:47.843+0000] {logging_mixin.py:188} INFO - [2026-07-31T11:16:47.842+0000] {dag.py:3947} INFO - Setting next_dagrun for example_setup_teardown_taskflow to 2026-07-30 00:00:00+00:00, run_after=2026-07-31 00:00:00+00:00
[2026-07-31T11:16:47.917+0000] {processor.py:183} INFO - Processing /home/airflow/.local/lib/python3.12/site-packages/airflow/example_dags/example_setup_teardown_taskflow.py took 0.396 seconds
[2026-07-31T11:17:24.438+0000] {processor.py:161} INFO - Started process (PID=2309) to work on /home/airflow/.local/lib/python3.12/site-packages/airflow/example_dags/example_setup_teardown_taskflow.py
[2026-07-31T11:17:24.441+0000] {processor.py:830} INFO - Processing file /home/airflow/.local/lib/python3.12/site-packages/airflow/example_dags/example_setup_teardown_taskflow.py for tasks to queue
[2026-07-31T11:17:24.448+0000] {logging_mixin.py:188} INFO - [2026-07-31T11:17:24.446+0000] {dagbag.py:545} INFO - Filling up the DagBag from /home/airflow/.local/lib/python3.12/site-packages/airflow/example_dags/example_setup_teardown_taskflow.py
[2026-07-31T11:17:24.553+0000] {processor.py:840} INFO - DAG(s) 'example_setup_teardown_taskflow' retrieved from /home/airflow/.local/lib/python3.12/site-packages/airflow/example_dags/example_setup_teardown_taskflow.py
[2026-07-31T11:17:24.706+0000] {logging_mixin.py:188} INFO - [2026-07-31T11:17:24.704+0000] {dag.py:3089} INFO - Sync 1 DAGs
[2026-07-31T11:17:24.833+0000] {logging_mixin.py:188} INFO - [2026-07-31T11:17:24.832+0000] {dag.py:3947} INFO - Setting next_dagrun for example_setup_teardown_taskflow to 2026-07-30 00:00:00+00:00, run_after=2026-07-31 00:00:00+00:00
[2026-07-31T11:17:24.921+0000] {processor.py:183} INFO - Processing /home/airflow/.local/lib/python3.12/site-packages/airflow/example_dags/example_setup_teardown_taskflow.py took 0.504 seconds
[2026-07-31T11:18:06.945+0000] {processor.py:161} INFO - Started process (PID=2367) to work on /home/airflow/.local/lib/python3.12/site-packages/airflow/example_dags/example_setup_teardown_taskflow.py
[2026-07-31T11:18:06.959+0000] {processor.py:830} INFO - Processing file /home/airflow/.local/lib/python3.12/site-packages/airflow/example_dags/example_setup_teardown_taskflow.py for tasks to queue
[2026-07-31T11:18:06.993+0000] {logging_mixin.py:188} INFO - [2026-07-31T11:18:06.992+0000] {dagbag.py:545} INFO - Filling up the DagBag from /home/airflow/.local/lib/python3.12/site-packages/airflow/example_dags/example_setup_teardown_taskflow.py
[2026-07-31T11:18:07.078+0000] {processor.py:840} INFO - DAG(s) 'example_setup_teardown_taskflow' retrieved from /home/airflow/.local/lib/python3.12/site-packages/airflow/example_dags/example_setup_teardown_taskflow.py
[2026-07-31T11:18:07.270+0000] {logging_mixin.py:188} INFO - [2026-07-31T11:18:07.269+0000] {dag.py:3089} INFO - Sync 1 DAGs
[2026-07-31T11:18:07.415+0000] {logging_mixin.py:188} INFO - [2026-07-31T11:18:07.413+0000] {dag.py:3947} INFO - Setting next_dagrun for example_setup_teardown_taskflow to 2026-07-30 00:00:00+00:00, run_after=2026-07-31 00:00:00+00:00
[2026-07-31T11:18:07.495+0000] {processor.py:183} INFO - Processing /home/airflow/.local/lib/python3.12/site-packages/airflow/example_dags/example_setup_teardown_taskflow.py took 0.595 seconds
[2026-07-31T11:18:38.091+0000] {processor.py:161} INFO - Started process (PID=2424) to work on /home/airflow/.local/lib/python3.12/site-packages/airflow/example_dags/example_setup_teardown_taskflow.py
[2026-07-31T11:18:38.095+0000] {processor.py:830} INFO - Processing file /home/airflow/.local/lib/python3.12/site-packages/airflow/example_dags/example_setup_teardown_taskflow.py for tasks to queue
[2026-07-31T11:18:38.100+0000] {logging_mixin.py:188} INFO - [2026-07-31T11:18:38.099+0000] {dagbag.py:545} INFO - Filling up the DagBag from /home/airflow/.local/lib/python3.12/site-packages/airflow/example_dags/example_setup_teardown_taskflow.py
[2026-07-31T11:18:38.121+0000] {processor.py:840} INFO - DAG(s) 'example_setup_teardown_taskflow' retrieved from /home/airflow/.local/lib/python3.12/site-packages/airflow/example_dags/example_setup_teardown_taskflow.py
[2026-07-31T11:18:38.175+0000] {logging_mixin.py:188} INFO - [2026-07-31T11:18:38.175+0000] {dag.py:3089} INFO - Sync 1 DAGs
[2026-07-31T11:18:38.221+0000] {logging_mixin.py:188} INFO - [2026-07-31T11:18:38.221+0000] {dag.py:3947} INFO - Setting next_dagrun for example_setup_teardown_taskflow to 2026-07-30 00:00:00+00:00, run_after=2026-07-31 00:00:00+00:00
[2026-07-31T11:18:38.271+0000] {processor.py:183} INFO - Processing /home/airflow/.local/lib/python3.12/site-packages/airflow/example_dags/example_setup_teardown_taskflow.py took 0.197 seconds
[2026-07-31T11:19:08.706+0000] {processor.py:161} INFO - Started process (PID=2482) to work on /home/airflow/.local/lib/python3.12/site-packages/airflow/example_dags/example_setup_teardown_taskflow.py
[2026-07-31T11:19:08.710+0000] {processor.py:830} INFO - Processing file /home/airflow/.local/lib/python3.12/site-packages/airflow/example_dags/example_setup_teardown_taskflow.py for tasks to queue
[2026-07-31T11:19:08.715+0000] {logging_mixin.py:188} INFO - [2026-07-31T11:19:08.714+0000] {dagbag.py:545} INFO - Filling up the DagBag from /home/airflow/.local/lib/python3.12/site-packages/airflow/example_dags/example_setup_teardown_taskflow.py
[2026-07-31T11:19:08.740+0000] {processor.py:840} INFO - DAG(s) 'example_setup_teardown_taskflow' retrieved from /home/airflow/.local/lib/python3.12/site-packages/airflow/example_dags/example_setup_teardown_taskflow.py
[2026-07-31T11:19:08.798+0000] {logging_mixin.py:188} INFO - [2026-07-31T11:19:08.797+0000] {dag.py:3089} INFO - Sync 1 DAGs
[2026-07-31T11:19:08.853+0000] {logging_mixin.py:188} INFO - [2026-07-31T11:19:08.852+0000] {dag.py:3947} INFO - Setting next_dagrun for example_setup_teardown_taskflow to 2026-07-30 00:00:00+00:00, run_after=2026-07-31 00:00:00+00:00
[2026-07-31T11:19:08.914+0000] {processor.py:183} INFO - Processing /home/airflow/.local/lib/python3.12/site-packages/airflow/example_dags/example_setup_teardown_taskflow.py took 0.227 seconds
[2026-07-31T11:19:40.608+0000] {processor.py:161} INFO - Started process (PID=2540) to work on /home/airflow/.local/lib/python3.12/site-packages/airflow/example_dags/example_setup_teardown_taskflow.py
[2026-07-31T11:19:40.658+0000] {processor.py:830} INFO - Processing file /home/airflow/.local/lib/python3.12/site-packages/airflow/example_dags/example_setup_teardown_taskflow.py for tasks to queue
[2026-07-31T11:19:40.666+0000] {logging_mixin.py:188} INFO - [2026-07-31T11:19:40.665+0000] {dagbag.py:545} INFO - Filling up the DagBag from /home/airflow/.local/lib/python3.12/site-packages/airflow/example_dags/example_setup_teardown_taskflow.py
[2026-07-31T11:19:40.747+0000] {processor.py:840} INFO - DAG(s) 'example_setup_teardown_taskflow' retrieved from /home/airflow/.local/lib/python3.12/site-packages/airflow/example_dags/example_setup_teardown_taskflow.py
[2026-07-31T11:19:40.896+0000] {logging_mixin.py:188} INFO - [2026-07-31T11:19:40.895+0000] {dag.py:3089} INFO - Sync 1 DAGs
[2026-07-31T11:19:41.062+0000] {logging_mixin.py:188} INFO - [2026-07-31T11:19:41.061+0000] {dag.py:3947} INFO - Setting next_dagrun for example_setup_teardown_taskflow to 2026-07-30 00:00:00+00:00, run_after=2026-07-31 00:00:00+00:00
[2026-07-31T11:19:41.221+0000] {processor.py:183} INFO - Processing /home/airflow/.local/lib/python3.12/site-packages/airflow/example_dags/example_setup_teardown_taskflow.py took 0.751 seconds
[2026-07-31T11:20:29.195+0000] {processor.py:161} INFO - Started process (PID=2606) to work on /home/airflow/.local/lib/python3.12/site-packages/airflow/example_dags/example_setup_teardown_taskflow.py
[2026-07-31T11:20:29.208+0000] {processor.py:830} INFO - Processing file /home/airflow/.local/lib/python3.12/site-packages/airflow/example_dags/example_setup_teardown_taskflow.py for tasks to queue
[2026-07-31T11:20:29.253+0000] {logging_mixin.py:188} INFO - [2026-07-31T11:20:29.251+0000] {dagbag.py:545} INFO - Filling up the DagBag from /home/airflow/.local/lib/python3.12/site-packages/airflow/example_dags/example_setup_teardown_taskflow.py
[2026-07-31T11:20:29.477+0000] {processor.py:840} INFO - DAG(s) 'example_setup_teardown_taskflow' retrieved from /home/airflow/.local/lib/python3.12/site-packages/airflow/example_dags/example_setup_teardown_taskflow.py
[2026-07-31T11:20:29.719+0000] {logging_mixin.py:188} INFO - [2026-07-31T11:20:29.713+0000] {dag.py:3089} INFO - Sync 1 DAGs
[2026-07-31T11:20:29.922+0000] {logging_mixin.py:188} INFO - [2026-07-31T11:20:29.921+0000] {dag.py:3947} INFO - Setting next_dagrun for example_setup_teardown_taskflow to 2026-07-30 00:00:00+00:00, run_after=2026-07-31 00:00:00+00:00
[2026-07-31T11:20:30.021+0000] {processor.py:183} INFO - Processing /home/airflow/.local/lib/python3.12/site-packages/airflow/example_dags/example_setup_teardown_taskflow.py took 0.977 seconds
[2026-07-31T11:21:00.406+0000] {processor.py:161} INFO - Started process (PID=2664) to work on /home/airflow/.local/lib/python3.12/site-packages/airflow/example_dags/example_setup_teardown_taskflow.py
[2026-07-31T11:21:00.408+0000] {processor.py:830} INFO - Processing file /home/airflow/.local/lib/python3.12/site-packages/airflow/example_dags/example_setup_teardown_taskflow.py for tasks to queue
[2026-07-31T11:21:00.413+0000] {logging_mixin.py:188} INFO - [2026-07-31T11:21:00.412+0000] {dagbag.py:545} INFO - Filling up the DagBag from /home/airflow/.local/lib/python3.12/site-packages/airflow/example_dags/example_setup_teardown_taskflow.py
[2026-07-31T11:21:00.433+0000] {processor.py:840} INFO - DAG(s) 'example_setup_teardown_taskflow' retrieved from /home/airflow/.local/lib/python3.12/site-packages/airflow/example_dags/example_setup_teardown_taskflow.py
[2026-07-31T11:21:00.490+0000] {logging_mixin.py:188} INFO - [2026-07-31T11:21:00.490+0000] {dag.py:3089} INFO - Sync 1 DAGs
[2026-07-31T11:21:00.540+0000] {logging_mixin.py:188} INFO - [2026-07-31T11:21:00.539+0000] {dag.py:3947} INFO - Setting next_dagrun for example_setup_teardown_taskflow to 2026-07-30 00:00:00+00:00, run_after=2026-07-31 00:00:00+00:00
[2026-07-31T11:21:00.587+0000] {processor.py:183} INFO - Processing /home/airflow/.local/lib/python3.12/site-packages/airflow/example_dags/example_setup_teardown_taskflow.py took 0.194 seconds
[2026-07-31T11:21:31.170+0000] {processor.py:161} INFO - Started process (PID=2722) to work on /home/airflow/.local/lib/python3.12/site-packages/airflow/example_dags/example_setup_teardown_taskflow.py
[2026-07-31T11:21:31.174+0000] {processor.py:830} INFO - Processing file /home/airflow/.local/lib/python3.12/site-packages/airflow/example_dags/example_setup_teardown_taskflow.py for tasks to queue
[2026-07-31T11:21:31.179+0000] {logging_mixin.py:188} INFO - [2026-07-31T11:21:31.178+0000] {dagbag.py:545} INFO - Filling up the DagBag from /home/airflow/.local/lib/python3.12/site-packages/airflow/example_dags/example_setup_teardown_taskflow.py
[2026-07-31T11:21:31.203+0000] {processor.py:840} INFO - DAG(s) 'example_setup_teardown_taskflow' retrieved from /home/airflow/.local/lib/python3.12/site-packages/airflow/example_dags/example_setup_teardown_taskflow.py
[2026-07-31T11:21:31.320+0000] {logging_mixin.py:188} INFO - [2026-07-31T11:21:31.319+0000] {dag.py:3089} INFO - Sync 1 DAGs
[2026-07-31T11:21:31.483+0000] {logging_mixin.py:188} INFO - [2026-07-31T11:21:31.482+0000] {dag.py:3947} INFO - Setting next_dagrun for example_setup_teardown_taskflow to 2026-07-30 00:00:00+00:00, run_after=2026-07-31 00:00:00+00:00
[2026-07-31T11:21:31.549+0000] {processor.py:183} INFO - Processing /home/airflow/.local/lib/python3.12/site-packages/airflow/example_dags/example_setup_teardown_taskflow.py took 0.394 seconds
[2026-07-31T11:22:02.032+0000] {processor.py:161} INFO - Started process (PID=2781) to work on /home/airflow/.local/lib/python3.12/site-packages/airflow/example_dags/example_setup_teardown_taskflow.py
[2026-07-31T11:22:02.036+0000] {processor.py:830} INFO - Processing file /home/airflow/.local/lib/python3.12/site-packages/airflow/example_dags/example_setup_teardown_taskflow.py for tasks to queue
[2026-07-31T11:22:02.046+0000] {logging_mixin.py:188} INFO - [2026-07-31T11:22:02.045+0000] {dagbag.py:545} INFO - Filling up the DagBag from /home/airflow/.local/lib/python3.12/site-packages/airflow/example_dags/example_setup_teardown_taskflow.py
[2026-07-31T11:22:02.076+0000] {processor.py:840} INFO - DAG(s) 'example_setup_teardown_taskflow' retrieved from /home/airflow/.local/lib/python3.12/site-packages/airflow/example_dags/example_setup_teardown_taskflow.py
[2026-07-31T11:22:02.183+0000] {logging_mixin.py:188} INFO - [2026-07-31T11:22:02.183+0000] {dag.py:3089} INFO - Sync 1 DAGs
[2026-07-31T11:22:02.330+0000] {logging_mixin.py:188} INFO - [2026-07-31T11:22:02.329+0000] {dag.py:3947} INFO - Setting next_dagrun for example_setup_teardown_taskflow to 2026-07-30 00:00:00+00:00, run_after=2026-07-31 00:00:00+00:00
[2026-07-31T11:22:02.410+0000] {processor.py:183} INFO - Processing /home/airflow/.local/lib/python3.12/site-packages/airflow/example_dags/example_setup_teardown_taskflow.py took 0.420 seconds
[2026-07-31T11:22:33.090+0000] {processor.py:161} INFO - Started process (PID=2839) to work on /home/airflow/.local/lib/python3.12/site-packages/airflow/example_dags/example_setup_teardown_taskflow.py
[2026-07-31T11:22:33.092+0000] {processor.py:830} INFO - Processing file /home/airflow/.local/lib/python3.12/site-packages/airflow/example_dags/example_setup_teardown_taskflow.py for tasks to queue
[2026-07-31T11:22:33.097+0000] {logging_mixin.py:188} INFO - [2026-07-31T11:22:33.096+0000] {dagbag.py:545} INFO - Filling up the DagBag from /home/airflow/.local/lib/python3.12/site-packages/airflow/example_dags/example_setup_teardown_taskflow.py
[2026-07-31T11:22:33.122+0000] {processor.py:840} INFO - DAG(s) 'example_setup_teardown_taskflow' retrieved from /home/airflow/.local/lib/python3.12/site-packages/airflow/example_dags/example_setup_teardown_taskflow.py
[2026-07-31T11:22:33.195+0000] {logging_mixin.py:188} INFO - [2026-07-31T11:22:33.195+0000] {dag.py:3089} INFO - Sync 1 DAGs
[2026-07-31T11:22:33.250+0000] {logging_mixin.py:188} INFO - [2026-07-31T11:22:33.249+0000] {dag.py:3947} INFO - Setting next_dagrun for example_setup_teardown_taskflow to 2026-07-30 00:00:00+00:00, run_after=2026-07-31 00:00:00+00:00
[2026-07-31T11:22:33.301+0000] {processor.py:183} INFO - Processing /home/airflow/.local/lib/python3.12/site-packages/airflow/example_dags/example_setup_teardown_taskflow.py took 0.225 seconds
[2026-07-31T11:24:46.770+0000] {processor.py:161} INFO - Started process (PID=2937) to work on /home/airflow/.local/lib/python3.12/site-packages/airflow/example_dags/example_setup_teardown_taskflow.py
[2026-07-31T11:24:46.793+0000] {processor.py:830} INFO - Processing file /home/airflow/.local/lib/python3.12/site-packages/airflow/example_dags/example_setup_teardown_taskflow.py for tasks to queue
[2026-07-31T11:24:46.828+0000] {logging_mixin.py:188} INFO - [2026-07-31T11:24:46.826+0000] {dagbag.py:545} INFO - Filling up the DagBag from /home/airflow/.local/lib/python3.12/site-packages/airflow/example_dags/example_setup_teardown_taskflow.py
[2026-07-31T11:24:46.965+0000] {processor.py:840} INFO - DAG(s) 'example_setup_teardown_taskflow' retrieved from /home/airflow/.local/lib/python3.12/site-packages/airflow/example_dags/example_setup_teardown_taskflow.py
[2026-07-31T11:24:47.343+0000] {logging_mixin.py:188} INFO - [2026-07-31T11:24:47.342+0000] {dag.py:3089} INFO - Sync 1 DAGs
[2026-07-31T11:24:47.895+0000] {logging_mixin.py:188} INFO - [2026-07-31T11:24:47.860+0000] {dag.py:3947} INFO - Setting next_dagrun for example_setup_teardown_taskflow to 2026-07-30 00:00:00+00:00, run_after=2026-07-31 00:00:00+00:00
[2026-07-31T11:24:48.850+0000] {processor.py:183} INFO - Processing /home/airflow/.local/lib/python3.12/site-packages/airflow/example_dags/example_setup_teardown_taskflow.py took 2.139 seconds
[2026-07-31T11:25:43.304+0000] {processor.py:161} INFO - Started process (PID=3000) to work on /home/airflow/.local/lib/python3.12/site-packages/airflow/example_dags/example_setup_teardown_taskflow.py
[2026-07-31T11:25:43.438+0000] {processor.py:830} INFO - Processing file /home/airflow/.local/lib/python3.12/site-packages/airflow/example_dags/example_setup_teardown_taskflow.py for tasks to queue
[2026-07-31T11:25:43.477+0000] {logging_mixin.py:188} INFO - [2026-07-31T11:25:43.476+0000] {dagbag.py:545} INFO - Filling up the DagBag from /home/airflow/.local/lib/python3.12/site-packages/airflow/example_dags/example_setup_teardown_taskflow.py
[2026-07-31T11:25:43.739+0000] {processor.py:840} INFO - DAG(s) 'example_setup_teardown_taskflow' retrieved from /home/airflow/.local/lib/python3.12/site-packages/airflow/example_dags/example_setup_teardown_taskflow.py
[2026-07-31T11:25:44.159+0000] {logging_mixin.py:188} INFO - [2026-07-31T11:25:44.158+0000] {dag.py:3089} INFO - Sync 1 DAGs
[2026-07-31T11:25:44.626+0000] {logging_mixin.py:188} INFO - [2026-07-31T11:25:44.621+0000] {dag.py:3947} INFO - Setting next_dagrun for example_setup_teardown_taskflow to 2026-07-30 00:00:00+00:00, run_after=2026-07-31 00:00:00+00:00
[2026-07-31T11:25:44.874+0000] {processor.py:183} INFO - Processing /home/airflow/.local/lib/python3.12/site-packages/airflow/example_dags/example_setup_teardown_taskflow.py took 1.852 seconds
[2026-07-31T11:27:02.062+0000] {processor.py:161} INFO - Started process (PID=3077) to work on /home/airflow/.local/lib/python3.12/site-packages/airflow/example_dags/example_setup_teardown_taskflow.py
[2026-07-31T11:27:02.084+0000] {processor.py:830} INFO - Processing file /home/airflow/.local/lib/python3.12/site-packages/airflow/example_dags/example_setup_teardown_taskflow.py for tasks to queue
[2026-07-31T11:27:02.097+0000] {logging_mixin.py:188} INFO - [2026-07-31T11:27:02.095+0000] {dagbag.py:545} INFO - Filling up the DagBag from /home/airflow/.local/lib/python3.12/site-packages/airflow/example_dags/example_setup_teardown_taskflow.py
[2026-07-31T11:27:02.217+0000] {processor.py:840} INFO - DAG(s) 'example_setup_teardown_taskflow' retrieved from /home/airflow/.local/lib/python3.12/site-packages/airflow/example_dags/example_setup_teardown_taskflow.py
[2026-07-31T11:27:02.427+0000] {logging_mixin.py:188} INFO - [2026-07-31T11:27:02.426+0000] {dag.py:3089} INFO - Sync 1 DAGs
[2026-07-31T11:27:02.650+0000] {logging_mixin.py:188} INFO - [2026-07-31T11:27:02.649+0000] {dag.py:3947} INFO - Setting next_dagrun for example_setup_teardown_taskflow to 2026-07-30 00:00:00+00:00, run_after=2026-07-31 00:00:00+00:00
[2026-07-31T11:27:02.779+0000] {processor.py:183} INFO - Processing /home/airflow/.local/lib/python3.12/site-packages/airflow/example_dags/example_setup_teardown_taskflow.py took 0.772 seconds
[2026-07-31T11:27:33.025+0000] {processor.py:161} INFO - Started process (PID=3133) to work on /home/airflow/.local/lib/python3.12/site-packages/airflow/example_dags/example_setup_teardown_taskflow.py
[2026-07-31T11:27:33.030+0000] {processor.py:830} INFO - Processing file /home/airflow/.local/lib/python3.12/site-packages/airflow/example_dags/example_setup_teardown_taskflow.py for tasks to queue
[2026-07-31T11:27:33.037+0000] {logging_mixin.py:188} INFO - [2026-07-31T11:27:33.036+0000] {dagbag.py:545} INFO - Filling up the DagBag from /home/airflow/.local/lib/python3.12/site-packages/airflow/example_dags/example_setup_teardown_taskflow.py
[2026-07-31T11:27:33.067+0000] {processor.py:840} INFO - DAG(s) 'example_setup_teardown_taskflow' retrieved from /home/airflow/.local/lib/python3.12/site-packages/airflow/example_dags/example_setup_teardown_taskflow.py
[2026-07-31T11:27:33.141+0000] {logging_mixin.py:188} INFO - [2026-07-31T11:27:33.140+0000] {dag.py:3089} INFO - Sync 1 DAGs
[2026-07-31T11:27:33.193+0000] {logging_mixin.py:188} INFO - [2026-07-31T11:27:33.193+0000] {dag.py:3947} INFO - Setting next_dagrun for example_setup_teardown_taskflow to 2026-07-30 00:00:00+00:00, run_after=2026-07-31 00:00:00+00:00
[2026-07-31T11:27:33.241+0000] {processor.py:183} INFO - Processing /home/airflow/.local/lib/python3.12/site-packages/airflow/example_dags/example_setup_teardown_taskflow.py took 0.236 seconds
[2026-07-31T11:28:03.786+0000] {processor.py:161} INFO - Started process (PID=3192) to work on /home/airflow/.local/lib/python3.12/site-packages/airflow/example_dags/example_setup_teardown_taskflow.py
[2026-07-31T11:28:03.789+0000] {processor.py:830} INFO - Processing file /home/airflow/.local/lib/python3.12/site-packages/airflow/example_dags/example_setup_teardown_taskflow.py for tasks to queue
[2026-07-31T11:28:03.794+0000] {logging_mixin.py:188} INFO - [2026-07-31T11:28:03.793+0000] {dagbag.py:545} INFO - Filling up the DagBag from /home/airflow/.local/lib/python3.12/site-packages/airflow/example_dags/example_setup_teardown_taskflow.py
[2026-07-31T11:28:03.815+0000] {processor.py:840} INFO - DAG(s) 'example_setup_teardown_taskflow' retrieved from /home/airflow/.local/lib/python3.12/site-packages/airflow/example_dags/example_setup_teardown_taskflow.py
[2026-07-31T11:28:03.863+0000] {logging_mixin.py:188} INFO - [2026-07-31T11:28:03.862+0000] {dag.py:3089} INFO - Sync 1 DAGs
[2026-07-31T11:28:03.917+0000] {logging_mixin.py:188} INFO - [2026-07-31T11:28:03.916+0000] {dag.py:3947} INFO - Setting next_dagrun for example_setup_teardown_taskflow to 2026-07-30 00:00:00+00:00, run_after=2026-07-31 00:00:00+00:00
[2026-07-31T11:28:03.974+0000] {processor.py:183} INFO - Processing /home/airflow/.local/lib/python3.12/site-packages/airflow/example_dags/example_setup_teardown_taskflow.py took 0.204 seconds
[2026-07-31T11:28:34.284+0000] {processor.py:161} INFO - Started process (PID=3250) to work on /home/airflow/.local/lib/python3.12/site-packages/airflow/example_dags/example_setup_teardown_taskflow.py
[2026-07-31T11:28:34.288+0000] {processor.py:830} INFO - Processing file /home/airflow/.local/lib/python3.12/site-packages/airflow/example_dags/example_setup_teardown_taskflow.py for tasks to queue
[2026-07-31T11:28:34.295+0000] {logging_mixin.py:188} INFO - [2026-07-31T11:28:34.294+0000] {dagbag.py:545} INFO - Filling up the DagBag from /home/airflow/.local/lib/python3.12/site-packages/airflow/example_dags/example_setup_teardown_taskflow.py
[2026-07-31T11:28:34.334+0000] {processor.py:840} INFO - DAG(s) 'example_setup_teardown_taskflow' retrieved from /home/airflow/.local/lib/python3.12/site-packages/airflow/example_dags/example_setup_teardown_taskflow.py
[2026-07-31T11:28:34.414+0000] {logging_mixin.py:188} INFO - [2026-07-31T11:28:34.413+0000] {dag.py:3089} INFO - Sync 1 DAGs
[2026-07-31T11:28:34.522+0000] {logging_mixin.py:188} INFO - [2026-07-31T11:28:34.521+0000] {dag.py:3947} INFO - Setting next_dagrun for example_setup_teardown_taskflow to 2026-07-30 00:00:00+00:00, run_after=2026-07-31 00:00:00+00:00
[2026-07-31T11:28:34.606+0000] {processor.py:183} INFO - Processing /home/airflow/.local/lib/python3.12/site-packages/airflow/example_dags/example_setup_teardown_taskflow.py took 0.344 seconds
[2026-07-31T11:29:05.490+0000] {processor.py:161} INFO - Started process (PID=3308) to work on /home/airflow/.local/lib/python3.12/site-packages/airflow/example_dags/example_setup_teardown_taskflow.py
[2026-07-31T11:29:05.493+0000] {processor.py:830} INFO - Processing file /home/airflow/.local/lib/python3.12/site-packages/airflow/example_dags/example_setup_teardown_taskflow.py for tasks to queue
[2026-07-31T11:29:05.506+0000] {logging_mixin.py:188} INFO - [2026-07-31T11:29:05.501+0000] {dagbag.py:545} INFO - Filling up the DagBag from /home/airflow/.local/lib/python3.12/site-packages/airflow/example_dags/example_setup_teardown_taskflow.py
[2026-07-31T11:29:05.564+0000] {processor.py:840} INFO - DAG(s) 'example_setup_teardown_taskflow' retrieved from /home/airflow/.local/lib/python3.12/site-packages/airflow/example_dags/example_setup_teardown_taskflow.py
[2026-07-31T11:29:05.685+0000] {logging_mixin.py:188} INFO - [2026-07-31T11:29:05.678+0000] {dag.py:3089} INFO - Sync 1 DAGs
[2026-07-31T11:29:05.832+0000] {logging_mixin.py:188} INFO - [2026-07-31T11:29:05.831+0000] {dag.py:3947} INFO - Setting next_dagrun for example_setup_teardown_taskflow to 2026-07-30 00:00:00+00:00, run_after=2026-07-31 00:00:00+00:00
[2026-07-31T11:29:05.971+0000] {processor.py:183} INFO - Processing /home/airflow/.local/lib/python3.12/site-packages/airflow/example_dags/example_setup_teardown_taskflow.py took 0.520 seconds
[2026-07-31T11:30:08.097+0000] {processor.py:161} INFO - Started process (PID=3384) to work on /home/airflow/.local/lib/python3.12/site-packages/airflow/example_dags/example_setup_teardown_taskflow.py
[2026-07-31T11:30:08.117+0000] {processor.py:830} INFO - Processing file /home/airflow/.local/lib/python3.12/site-packages/airflow/example_dags/example_setup_teardown_taskflow.py for tasks to queue
[2026-07-31T11:30:08.133+0000] {logging_mixin.py:188} INFO - [2026-07-31T11:30:08.132+0000] {dagbag.py:545} INFO - Filling up the DagBag from /home/airflow/.local/lib/python3.12/site-packages/airflow/example_dags/example_setup_teardown_taskflow.py
[2026-07-31T11:30:08.285+0000] {processor.py:840} INFO - DAG(s) 'example_setup_teardown_taskflow' retrieved from /home/airflow/.local/lib/python3.12/site-packages/airflow/example_dags/example_setup_teardown_taskflow.py
[2026-07-31T11:30:08.577+0000] {logging_mixin.py:188} INFO - [2026-07-31T11:30:08.576+0000] {dag.py:3089} INFO - Sync 1 DAGs
[2026-07-31T11:30:08.784+0000] {logging_mixin.py:188} INFO - [2026-07-31T11:30:08.783+0000] {dag.py:3947} INFO - Setting next_dagrun for example_setup_teardown_taskflow to 2026-07-30 00:00:00+00:00, run_after=2026-07-31 00:00:00+00:00
[2026-07-31T11:30:08.935+0000] {processor.py:183} INFO - Processing /home/airflow/.local/lib/python3.12/site-packages/airflow/example_dags/example_setup_teardown_taskflow.py took 0.896 seconds
[2026-07-31T11:30:40.540+0000] {processor.py:161} INFO - Started process (PID=3442) to work on /home/airflow/.local/lib/python3.12/site-packages/airflow/example_dags/example_setup_teardown_taskflow.py
[2026-07-31T11:30:40.545+0000] {processor.py:830} INFO - Processing file /home/airflow/.local/lib/python3.12/site-packages/airflow/example_dags/example_setup_teardown_taskflow.py for tasks to queue
[2026-07-31T11:30:40.558+0000] {logging_mixin.py:188} INFO - [2026-07-31T11:30:40.556+0000] {dagbag.py:545} INFO - Filling up the DagBag from /home/airflow/.local/lib/python3.12/site-packages/airflow/example_dags/example_setup_teardown_taskflow.py
[2026-07-31T11:30:40.624+0000] {processor.py:840} INFO - DAG(s) 'example_setup_teardown_taskflow' retrieved from /home/airflow/.local/lib/python3.12/site-packages/airflow/example_dags/example_setup_teardown_taskflow.py
[2026-07-31T11:30:40.798+0000] {logging_mixin.py:188} INFO - [2026-07-31T11:30:40.795+0000] {dag.py:3089} INFO - Sync 1 DAGs
[2026-07-31T11:30:40.990+0000] {logging_mixin.py:188} INFO - [2026-07-31T11:30:40.989+0000] {dag.py:3947} INFO - Setting next_dagrun for example_setup_teardown_taskflow to 2026-07-30 00:00:00+00:00, run_after=2026-07-31 00:00:00+00:00
[2026-07-31T11:30:41.112+0000] {processor.py:183} INFO - Processing /home/airflow/.local/lib/python3.12/site-packages/airflow/example_dags/example_setup_teardown_taskflow.py took 0.599 seconds
[2026-07-31T11:31:11.770+0000] {processor.py:161} INFO - Started process (PID=3500) to work on /home/airflow/.local/lib/python3.12/site-packages/airflow/example_dags/example_setup_teardown_taskflow.py
[2026-07-31T11:31:11.773+0000] {processor.py:830} INFO - Processing file /home/airflow/.local/lib/python3.12/site-packages/airflow/example_dags/example_setup_teardown_taskflow.py for tasks to queue
[2026-07-31T11:31:11.779+0000] {logging_mixin.py:188} INFO - [2026-07-31T11:31:11.778+0000] {dagbag.py:545} INFO - Filling up the DagBag from /home/airflow/.local/lib/python3.12/site-packages/airflow/example_dags/example_setup_teardown_taskflow.py
[2026-07-31T11:31:11.819+0000] {processor.py:840} INFO - DAG(s) 'example_setup_teardown_taskflow' retrieved from /home/airflow/.local/lib/python3.12/site-packages/airflow/example_dags/example_setup_teardown_taskflow.py
[2026-07-31T11:31:11.897+0000] {logging_mixin.py:188} INFO - [2026-07-31T11:31:11.896+0000] {dag.py:3089} INFO - Sync 1 DAGs
[2026-07-31T11:31:12.009+0000] {logging_mixin.py:188} INFO - [2026-07-31T11:31:12.009+0000] {dag.py:3947} INFO - Setting next_dagrun for example_setup_teardown_taskflow to 2026-07-30 00:00:00+00:00, run_after=2026-07-31 00:00:00+00:00
[2026-07-31T11:31:12.100+0000] {processor.py:183} INFO - Processing /home/airflow/.local/lib/python3.12/site-packages/airflow/example_dags/example_setup_teardown_taskflow.py took 0.353 seconds
[2026-07-31T11:31:42.389+0000] {processor.py:161} INFO - Started process (PID=3558) to work on /home/airflow/.local/lib/python3.12/site-packages/airflow/example_dags/example_setup_teardown_taskflow.py
[2026-07-31T11:31:42.392+0000] {processor.py:830} INFO - Processing file /home/airflow/.local/lib/python3.12/site-packages/airflow/example_dags/example_setup_teardown_taskflow.py for tasks to queue
[2026-07-31T11:31:42.400+0000] {logging_mixin.py:188} INFO - [2026-07-31T11:31:42.398+0000] {dagbag.py:545} INFO - Filling up the DagBag from /home/airflow/.local/lib/python3.12/site-packages/airflow/example_dags/example_setup_teardown_taskflow.py
[2026-07-31T11:31:42.442+0000] {processor.py:840} INFO - DAG(s) 'example_setup_teardown_taskflow' retrieved from /home/airflow/.local/lib/python3.12/site-packages/airflow/example_dags/example_setup_teardown_taskflow.py
[2026-07-31T11:31:42.512+0000] {logging_mixin.py:188} INFO - [2026-07-31T11:31:42.512+0000] {dag.py:3089} INFO - Sync 1 DAGs
[2026-07-31T11:31:42.563+0000] {logging_mixin.py:188} INFO - [2026-07-31T11:31:42.563+0000] {dag.py:3947} INFO - Setting next_dagrun for example_setup_teardown_taskflow to 2026-07-30 00:00:00+00:00, run_after=2026-07-31 00:00:00+00:00
[2026-07-31T11:31:42.606+0000] {processor.py:183} INFO - Processing /home/airflow/.local/lib/python3.12/site-packages/airflow/example_dags/example_setup_teardown_taskflow.py took 0.242 seconds
[2026-07-31T11:32:13.644+0000] {processor.py:161} INFO - Started process (PID=3622) to work on /home/airflow/.local/lib/python3.12/site-packages/airflow/example_dags/example_setup_teardown_taskflow.py
[2026-07-31T11:32:13.661+0000] {processor.py:830} INFO - Processing file /home/airflow/.local/lib/python3.12/site-packages/airflow/example_dags/example_setup_teardown_taskflow.py for tasks to queue
[2026-07-31T11:32:13.679+0000] {logging_mixin.py:188} INFO - [2026-07-31T11:32:13.678+0000] {dagbag.py:545} INFO - Filling up the DagBag from /home/airflow/.local/lib/python3.12/site-packages/airflow/example_dags/example_setup_teardown_taskflow.py
[2026-07-31T11:32:13.726+0000] {processor.py:840} INFO - DAG(s) 'example_setup_teardown_taskflow' retrieved from /home/airflow/.local/lib/python3.12/site-packages/airflow/example_dags/example_setup_teardown_taskflow.py
[2026-07-31T11:32:13.840+0000] {logging_mixin.py:188} INFO - [2026-07-31T11:32:13.838+0000] {dag.py:3089} INFO - Sync 1 DAGs
[2026-07-31T11:32:13.970+0000] {logging_mixin.py:188} INFO - [2026-07-31T11:32:13.969+0000] {dag.py:3947} INFO - Setting next_dagrun for example_setup_teardown_taskflow to 2026-07-30 00:00:00+00:00, run_after=2026-07-31 00:00:00+00:00
[2026-07-31T11:32:14.099+0000] {processor.py:183} INFO - Processing /home/airflow/.local/lib/python3.12/site-packages/airflow/example_dags/example_setup_teardown_taskflow.py took 0.483 seconds
[2026-07-31T11:33:04.487+0000] {processor.py:161} INFO - Started process (PID=3686) to work on /home/airflow/.local/lib/python3.12/site-packages/airflow/example_dags/example_setup_teardown_taskflow.py
[2026-07-31T11:33:04.501+0000] {processor.py:830} INFO - Processing file /home/airflow/.local/lib/python3.12/site-packages/airflow/example_dags/example_setup_teardown_taskflow.py for tasks to queue
[2026-07-31T11:33:04.537+0000] {logging_mixin.py:188} INFO - [2026-07-31T11:33:04.536+0000] {dagbag.py:545} INFO - Filling up the DagBag from /home/airflow/.local/lib/python3.12/site-packages/airflow/example_dags/example_setup_teardown_taskflow.py
[2026-07-31T11:33:04.733+0000] {processor.py:840} INFO - DAG(s) 'example_setup_teardown_taskflow' retrieved from /home/airflow/.local/lib/python3.12/site-packages/airflow/example_dags/example_setup_teardown_taskflow.py
[2026-07-31T11:33:05.034+0000] {logging_mixin.py:188} INFO - [2026-07-31T11:33:05.033+0000] {dag.py:3089} INFO - Sync 1 DAGs
[2026-07-31T11:33:05.368+0000] {logging_mixin.py:188} INFO - [2026-07-31T11:33:05.367+0000] {dag.py:3947} INFO - Setting next_dagrun for example_setup_teardown_taskflow to 2026-07-30 00:00:00+00:00, run_after=2026-07-31 00:00:00+00:00
[2026-07-31T11:33:05.508+0000] {processor.py:183} INFO - Processing /home/airflow/.local/lib/python3.12/site-packages/airflow/example_dags/example_setup_teardown_taskflow.py took 1.104 seconds
[2026-07-31T11:34:36.935+0000] {processor.py:161} INFO - Started process (PID=3767) to work on /home/airflow/.local/lib/python3.12/site-packages/airflow/example_dags/example_setup_teardown_taskflow.py
[2026-07-31T11:34:36.938+0000] {processor.py:830} INFO - Processing file /home/airflow/.local/lib/python3.12/site-packages/airflow/example_dags/example_setup_teardown_taskflow.py for tasks to queue
[2026-07-31T11:34:36.944+0000] {logging_mixin.py:188} INFO - [2026-07-31T11:34:36.943+0000] {dagbag.py:545} INFO - Filling up the DagBag from /home/airflow/.local/lib/python3.12/site-packages/airflow/example_dags/example_setup_teardown_taskflow.py
[2026-07-31T11:34:36.979+0000] {processor.py:840} INFO - DAG(s) 'example_setup_teardown_taskflow' retrieved from /home/airflow/.local/lib/python3.12/site-packages/airflow/example_dags/example_setup_teardown_taskflow.py
[2026-07-31T11:34:37.040+0000] {logging_mixin.py:188} INFO - [2026-07-31T11:34:37.039+0000] {dag.py:3089} INFO - Sync 1 DAGs
[2026-07-31T11:34:37.112+0000] {logging_mixin.py:188} INFO - [2026-07-31T11:34:37.111+0000] {dag.py:3947} INFO - Setting next_dagrun for example_setup_teardown_taskflow to 2026-07-30 00:00:00+00:00, run_after=2026-07-31 00:00:00+00:00
[2026-07-31T11:34:37.198+0000] {processor.py:183} INFO - Processing /home/airflow/.local/lib/python3.12/site-packages/airflow/example_dags/example_setup_teardown_taskflow.py took 0.278 seconds
[2026-07-31T11:35:07.390+0000] {processor.py:161} INFO - Started process (PID=3825) to work on /home/airflow/.local/lib/python3.12/site-packages/airflow/example_dags/example_setup_teardown_taskflow.py
[2026-07-31T11:35:07.392+0000] {processor.py:830} INFO - Processing file /home/airflow/.local/lib/python3.12/site-packages/airflow/example_dags/example_setup_teardown_taskflow.py for tasks to queue
[2026-07-31T11:35:07.396+0000] {logging_mixin.py:188} INFO - [2026-07-31T11:35:07.396+0000] {dagbag.py:545} INFO - Filling up the DagBag from /home/airflow/.local/lib/python3.12/site-packages/airflow/example_dags/example_setup_teardown_taskflow.py
[2026-07-31T11:35:07.416+0000] {processor.py:840} INFO - DAG(s) 'example_setup_teardown_taskflow' retrieved from /home/airflow/.local/lib/python3.12/site-packages/airflow/example_dags/example_setup_teardown_taskflow.py
[2026-07-31T11:35:07.474+0000] {logging_mixin.py:188} INFO - [2026-07-31T11:35:07.473+0000] {dag.py:3089} INFO - Sync 1 DAGs
[2026-07-31T11:35:07.516+0000] {logging_mixin.py:188} INFO - [2026-07-31T11:35:07.515+0000] {dag.py:3947} INFO - Setting next_dagrun for example_setup_teardown_taskflow to 2026-07-30 00:00:00+00:00, run_after=2026-07-31 00:00:00+00:00
[2026-07-31T11:35:07.554+0000] {processor.py:183} INFO - Processing /home/airflow/.local/lib/python3.12/site-packages/airflow/example_dags/example_setup_teardown_taskflow.py took 0.175 seconds
[2026-07-31T11:35:39.528+0000] {processor.py:161} INFO - Started process (PID=3884) to work on /home/airflow/.local/lib/python3.12/site-packages/airflow/example_dags/example_setup_teardown_taskflow.py
[2026-07-31T11:35:39.531+0000] {processor.py:830} INFO - Processing file /home/airflow/.local/lib/python3.12/site-packages/airflow/example_dags/example_setup_teardown_taskflow.py for tasks to queue
[2026-07-31T11:35:39.541+0000] {logging_mixin.py:188} INFO - [2026-07-31T11:35:39.540+0000] {dagbag.py:545} INFO - Filling up the DagBag from /home/airflow/.local/lib/python3.12/site-packages/airflow/example_dags/example_setup_teardown_taskflow.py
[2026-07-31T11:35:39.578+0000] {processor.py:840} INFO - DAG(s) 'example_setup_teardown_taskflow' retrieved from /home/airflow/.local/lib/python3.12/site-packages/airflow/example_dags/example_setup_teardown_taskflow.py
[2026-07-31T11:35:39.660+0000] {logging_mixin.py:188} INFO - [2026-07-31T11:35:39.659+0000] {dag.py:3089} INFO - Sync 1 DAGs
[2026-07-31T11:35:39.747+0000] {logging_mixin.py:188} INFO - [2026-07-31T11:35:39.746+0000] {dag.py:3947} INFO - Setting next_dagrun for example_setup_teardown_taskflow to 2026-07-30 00:00:00+00:00, run_after=2026-07-31 00:00:00+00:00
[2026-07-31T11:35:39.793+0000] {processor.py:183} INFO - Processing /home/airflow/.local/lib/python3.12/site-packages/airflow/example_dags/example_setup_teardown_taskflow.py took 0.281 seconds
[2026-07-31T11:36:10.067+0000] {processor.py:161} INFO - Started process (PID=3942) to work on /home/airflow/.local/lib/python3.12/site-packages/airflow/example_dags/example_setup_teardown_taskflow.py
[2026-07-31T11:36:10.070+0000] {processor.py:830} INFO - Processing file /home/airflow/.local/lib/python3.12/site-packages/airflow/example_dags/example_setup_teardown_taskflow.py for tasks to queue
[2026-07-31T11:36:10.075+0000] {logging_mixin.py:188} INFO - [2026-07-31T11:36:10.074+0000] {dagbag.py:545} INFO - Filling up the DagBag from /home/airflow/.local/lib/python3.12/site-packages/airflow/example_dags/example_setup_teardown_taskflow.py
[2026-07-31T11:36:10.106+0000] {processor.py:840} INFO - DAG(s) 'example_setup_teardown_taskflow' retrieved from /home/airflow/.local/lib/python3.12/site-packages/airflow/example_dags/example_setup_teardown_taskflow.py
[2026-07-31T11:36:10.192+0000] {logging_mixin.py:188} INFO - [2026-07-31T11:36:10.192+0000] {dag.py:3089} INFO - Sync 1 DAGs
[2026-07-31T11:36:10.246+0000] {logging_mixin.py:188} INFO - [2026-07-31T11:36:10.246+0000] {dag.py:3947} INFO - Setting next_dagrun for example_setup_teardown_taskflow to 2026-07-30 00:00:00+00:00, run_after=2026-07-31 00:00:00+00:00
[2026-07-31T11:36:10.291+0000] {processor.py:183} INFO - Processing /home/airflow/.local/lib/python3.12/site-packages/airflow/example_dags/example_setup_teardown_taskflow.py took 0.243 seconds
[2026-07-31T11:36:43.930+0000] {processor.py:161} INFO - Started process (PID=4010) to work on /home/airflow/.local/lib/python3.12/site-packages/airflow/example_dags/example_setup_teardown_taskflow.py
[2026-07-31T11:36:43.933+0000] {processor.py:830} INFO - Processing file /home/airflow/.local/lib/python3.12/site-packages/airflow/example_dags/example_setup_teardown_taskflow.py for tasks to queue
[2026-07-31T11:36:43.946+0000] {logging_mixin.py:188} INFO - [2026-07-31T11:36:43.942+0000] {dagbag.py:545} INFO - Filling up the DagBag from /home/airflow/.local/lib/python3.12/site-packages/airflow/example_dags/example_setup_teardown_taskflow.py
[2026-07-31T11:36:44.051+0000] {processor.py:840} INFO - DAG(s) 'example_setup_teardown_taskflow' retrieved from /home/airflow/.local/lib/python3.12/site-packages/airflow/example_dags/example_setup_teardown_taskflow.py
[2026-07-31T11:36:44.182+0000] {logging_mixin.py:188} INFO - [2026-07-31T11:36:44.181+0000] {dag.py:3089} INFO - Sync 1 DAGs
[2026-07-31T11:36:44.288+0000] {logging_mixin.py:188} INFO - [2026-07-31T11:36:44.287+0000] {dag.py:3947} INFO - Setting next_dagrun for example_setup_teardown_taskflow to 2026-07-30 00:00:00+00:00, run_after=2026-07-31 00:00:00+00:00
[2026-07-31T11:36:44.374+0000] {processor.py:183} INFO - Processing /home/airflow/.local/lib/python3.12/site-packages/airflow/example_dags/example_setup_teardown_taskflow.py took 0.474 seconds
[2026-07-31T11:37:15.183+0000] {processor.py:161} INFO - Started process (PID=4068) to work on /home/airflow/.local/lib/python3.12/site-packages/airflow/example_dags/example_setup_teardown_taskflow.py
[2026-07-31T11:37:15.186+0000] {processor.py:830} INFO - Processing file /home/airflow/.local/lib/python3.12/site-packages/airflow/example_dags/example_setup_teardown_taskflow.py for tasks to queue
[2026-07-31T11:37:15.192+0000] {logging_mixin.py:188} INFO - [2026-07-31T11:37:15.191+0000] {dagbag.py:545} INFO - Filling up the DagBag from /home/airflow/.local/lib/python3.12/site-packages/airflow/example_dags/example_setup_teardown_taskflow.py
[2026-07-31T11:37:15.236+0000] {processor.py:840} INFO - DAG(s) 'example_setup_teardown_taskflow' retrieved from /home/airflow/.local/lib/python3.12/site-packages/airflow/example_dags/example_setup_teardown_taskflow.py
[2026-07-31T11:37:15.304+0000] {logging_mixin.py:188} INFO - [2026-07-31T11:37:15.303+0000] {dag.py:3089} INFO - Sync 1 DAGs
[2026-07-31T11:37:15.347+0000] {logging_mixin.py:188} INFO - [2026-07-31T11:37:15.347+0000] {dag.py:3947} INFO - Setting next_dagrun for example_setup_teardown_taskflow to 2026-07-30 00:00:00+00:00, run_after=2026-07-31 00:00:00+00:00
[2026-07-31T11:37:15.393+0000] {processor.py:183} INFO - Processing /home/airflow/.local/lib/python3.12/site-packages/airflow/example_dags/example_setup_teardown_taskflow.py took 0.226 seconds
[2026-07-31T11:37:45.763+0000] {processor.py:161} INFO - Started process (PID=4123) to work on /home/airflow/.local/lib/python3.12/site-packages/airflow/example_dags/example_setup_teardown_taskflow.py
[2026-07-31T11:37:45.767+0000] {processor.py:830} INFO - Processing file /home/airflow/.local/lib/python3.12/site-packages/airflow/example_dags/example_setup_teardown_taskflow.py for tasks to queue
[2026-07-31T11:37:45.777+0000] {logging_mixin.py:188} INFO - [2026-07-31T11:37:45.774+0000] {dagbag.py:545} INFO - Filling up the DagBag from /home/airflow/.local/lib/python3.12/site-packages/airflow/example_dags/example_setup_teardown_taskflow.py
[2026-07-31T11:37:45.812+0000] {processor.py:840} INFO - DAG(s) 'example_setup_teardown_taskflow' retrieved from /home/airflow/.local/lib/python3.12/site-packages/airflow/example_dags/example_setup_teardown_taskflow.py
[2026-07-31T11:37:45.898+0000] {logging_mixin.py:188} INFO - [2026-07-31T11:37:45.898+0000] {dag.py:3089} INFO - Sync 1 DAGs
[2026-07-31T11:37:45.953+0000] {logging_mixin.py:188} INFO - [2026-07-31T11:37:45.952+0000] {dag.py:3947} INFO - Setting next_dagrun for example_setup_teardown_taskflow to 2026-07-30 00:00:00+00:00, run_after=2026-07-31 00:00:00+00:00
[2026-07-31T11:37:45.991+0000] {processor.py:183} INFO - Processing /home/airflow/.local/lib/python3.12/site-packages/airflow/example_dags/example_setup_teardown_taskflow.py took 0.254 seconds
[2026-07-31T11:38:16.934+0000] {processor.py:161} INFO - Started process (PID=4181) to work on /home/airflow/.local/lib/python3.12/site-packages/airflow/example_dags/example_setup_teardown_taskflow.py
[2026-07-31T11:38:16.937+0000] {processor.py:830} INFO - Processing file /home/airflow/.local/lib/python3.12/site-packages/airflow/example_dags/example_setup_teardown_taskflow.py for tasks to queue
[2026-07-31T11:38:16.941+0000] {logging_mixin.py:188} INFO - [2026-07-31T11:38:16.940+0000] {dagbag.py:545} INFO - Filling up the DagBag from /home/airflow/.local/lib/python3.12/site-packages/airflow/example_dags/example_setup_teardown_taskflow.py
[2026-07-31T11:38:16.965+0000] {processor.py:840} INFO - DAG(s) 'example_setup_teardown_taskflow' retrieved from /home/airflow/.local/lib/python3.12/site-packages/airflow/example_dags/example_setup_teardown_taskflow.py
[2026-07-31T11:38:17.005+0000] {logging_mixin.py:188} INFO - [2026-07-31T11:38:17.004+0000] {dag.py:3089} INFO - Sync 1 DAGs
[2026-07-31T11:38:17.051+0000] {logging_mixin.py:188} INFO - [2026-07-31T11:38:17.051+0000] {dag.py:3947} INFO - Setting next_dagrun for example_setup_teardown_taskflow to 2026-07-30 00:00:00+00:00, run_after=2026-07-31 00:00:00+00:00
[2026-07-31T11:38:17.092+0000] {processor.py:183} INFO - Processing /home/airflow/.local/lib/python3.12/site-packages/airflow/example_dags/example_setup_teardown_taskflow.py took 0.168 seconds
[2026-07-31T11:38:47.443+0000] {processor.py:161} INFO - Started process (PID=4240) to work on /home/airflow/.local/lib/python3.12/site-packages/airflow/example_dags/example_setup_teardown_taskflow.py
[2026-07-31T11:38:47.445+0000] {processor.py:830} INFO - Processing file /home/airflow/.local/lib/python3.12/site-packages/airflow/example_dags/example_setup_teardown_taskflow.py for tasks to queue
[2026-07-31T11:38:47.448+0000] {logging_mixin.py:188} INFO - [2026-07-31T11:38:47.447+0000] {dagbag.py:545} INFO - Filling up the DagBag from /home/airflow/.local/lib/python3.12/site-packages/airflow/example_dags/example_setup_teardown_taskflow.py
[2026-07-31T11:38:47.463+0000] {processor.py:840} INFO - DAG(s) 'example_setup_teardown_taskflow' retrieved from /home/airflow/.local/lib/python3.12/site-packages/airflow/example_dags/example_setup_teardown_taskflow.py
[2026-07-31T11:38:47.495+0000] {logging_mixin.py:188} INFO - [2026-07-31T11:38:47.494+0000] {dag.py:3089} INFO - Sync 1 DAGs
[2026-07-31T11:38:47.530+0000] {logging_mixin.py:188} INFO - [2026-07-31T11:38:47.530+0000] {dag.py:3947} INFO - Setting next_dagrun for example_setup_teardown_taskflow to 2026-07-30 00:00:00+00:00, run_after=2026-07-31 00:00:00+00:00
[2026-07-31T11:38:47.571+0000] {processor.py:183} INFO - Processing /home/airflow/.local/lib/python3.12/site-packages/airflow/example_dags/example_setup_teardown_taskflow.py took 0.138 seconds
[2026-07-31T11:39:17.943+0000] {processor.py:161} INFO - Started process (PID=4298) to work on /home/airflow/.local/lib/python3.12/site-packages/airflow/example_dags/example_setup_teardown_taskflow.py
[2026-07-31T11:39:17.946+0000] {processor.py:830} INFO - Processing file /home/airflow/.local/lib/python3.12/site-packages/airflow/example_dags/example_setup_teardown_taskflow.py for tasks to queue
[2026-07-31T11:39:17.950+0000] {logging_mixin.py:188} INFO - [2026-07-31T11:39:17.949+0000] {dagbag.py:545} INFO - Filling up the DagBag from /home/airflow/.local/lib/python3.12/site-packages/airflow/example_dags/example_setup_teardown_taskflow.py
[2026-07-31T11:39:17.972+0000] {processor.py:840} INFO - DAG(s) 'example_setup_teardown_taskflow' retrieved from /home/airflow/.local/lib/python3.12/site-packages/airflow/example_dags/example_setup_teardown_taskflow.py
[2026-07-31T11:39:18.018+0000] {logging_mixin.py:188} INFO - [2026-07-31T11:39:18.017+0000] {dag.py:3089} INFO - Sync 1 DAGs
[2026-07-31T11:39:18.085+0000] {logging_mixin.py:188} INFO - [2026-07-31T11:39:18.084+0000] {dag.py:3947} INFO - Setting next_dagrun for example_setup_teardown_taskflow to 2026-07-30 00:00:00+00:00, run_after=2026-07-31 00:00:00+00:00
[2026-07-31T11:39:18.144+0000] {processor.py:183} INFO - Processing /home/airflow/.local/lib/python3.12/site-packages/airflow/example_dags/example_setup_teardown_taskflow.py took 0.211 seconds
[2026-07-31T11:39:48.299+0000] {processor.py:161} INFO - Started process (PID=4356) to work on /home/airflow/.local/lib/python3.12/site-packages/airflow/example_dags/example_setup_teardown_taskflow.py
[2026-07-31T11:39:48.302+0000] {processor.py:830} INFO - Processing file /home/airflow/.local/lib/python3.12/site-packages/airflow/example_dags/example_setup_teardown_taskflow.py for tasks to queue
[2026-07-31T11:39:48.305+0000] {logging_mixin.py:188} INFO - [2026-07-31T11:39:48.305+0000] {dagbag.py:545} INFO - Filling up the DagBag from /home/airflow/.local/lib/python3.12/site-packages/airflow/example_dags/example_setup_teardown_taskflow.py
[2026-07-31T11:39:48.322+0000] {processor.py:840} INFO - DAG(s) 'example_setup_teardown_taskflow' retrieved from /home/airflow/.local/lib/python3.12/site-packages/airflow/example_dags/example_setup_teardown_taskflow.py
[2026-07-31T11:39:48.370+0000] {logging_mixin.py:188} INFO - [2026-07-31T11:39:48.370+0000] {dag.py:3089} INFO - Sync 1 DAGs
[2026-07-31T11:39:48.406+0000] {logging_mixin.py:188} INFO - [2026-07-31T11:39:48.405+0000] {dag.py:3947} INFO - Setting next_dagrun for example_setup_teardown_taskflow to 2026-07-30 00:00:00+00:00, run_after=2026-07-31 00:00:00+00:00
[2026-07-31T11:39:48.430+0000] {processor.py:183} INFO - Processing /home/airflow/.local/lib/python3.12/site-packages/airflow/example_dags/example_setup_teardown_taskflow.py took 0.140 seconds
[2026-07-31T11:40:18.890+0000] {processor.py:161} INFO - Started process (PID=4414) to work on /home/airflow/.local/lib/python3.12/site-packages/airflow/example_dags/example_setup_teardown_taskflow.py
[2026-07-31T11:40:18.891+0000] {processor.py:830} INFO - Processing file /home/airflow/.local/lib/python3.12/site-packages/airflow/example_dags/example_setup_teardown_taskflow.py for tasks to queue
[2026-07-31T11:40:18.893+0000] {logging_mixin.py:188} INFO - [2026-07-31T11:40:18.893+0000] {dagbag.py:545} INFO - Filling up the DagBag from /home/airflow/.local/lib/python3.12/site-packages/airflow/example_dags/example_setup_teardown_taskflow.py
[2026-07-31T11:40:18.905+0000] {processor.py:840} INFO - DAG(s) 'example_setup_teardown_taskflow' retrieved from /home/airflow/.local/lib/python3.12/site-packages/airflow/example_dags/example_setup_teardown_taskflow.py
[2026-07-31T11:40:18.936+0000] {logging_mixin.py:188} INFO - [2026-07-31T11:40:18.935+0000] {dag.py:3089} INFO - Sync 1 DAGs
[2026-07-31T11:40:18.969+0000] {logging_mixin.py:188} INFO - [2026-07-31T11:40:18.969+0000] {dag.py:3947} INFO - Setting next_dagrun for example_setup_teardown_taskflow to 2026-07-30 00:00:00+00:00, run_after=2026-07-31 00:00:00+00:00
[2026-07-31T11:40:19.002+0000] {processor.py:183} INFO - Processing /home/airflow/.local/lib/python3.12/site-packages/airflow/example_dags/example_setup_teardown_taskflow.py took 0.119 seconds
[2026-07-31T11:40:49.328+0000] {processor.py:161} INFO - Started process (PID=4472) to work on /home/airflow/.local/lib/python3.12/site-packages/airflow/example_dags/example_setup_teardown_taskflow.py
[2026-07-31T11:40:49.331+0000] {processor.py:830} INFO - Processing file /home/airflow/.local/lib/python3.12/site-packages/airflow/example_dags/example_setup_teardown_taskflow.py for tasks to queue
[2026-07-31T11:40:49.336+0000] {logging_mixin.py:188} INFO - [2026-07-31T11:40:49.335+0000] {dagbag.py:545} INFO - Filling up the DagBag from /home/airflow/.local/lib/python3.12/site-packages/airflow/example_dags/example_setup_teardown_taskflow.py
[2026-07-31T11:40:49.361+0000] {processor.py:840} INFO - DAG(s) 'example_setup_teardown_taskflow' retrieved from /home/airflow/.local/lib/python3.12/site-packages/airflow/example_dags/example_setup_teardown_taskflow.py
[2026-07-31T11:40:49.424+0000] {logging_mixin.py:188} INFO - [2026-07-31T11:40:49.423+0000] {dag.py:3089} INFO - Sync 1 DAGs
[2026-07-31T11:40:49.492+0000] {logging_mixin.py:188} INFO - [2026-07-31T11:40:49.492+0000] {dag.py:3947} INFO - Setting next_dagrun for example_setup_teardown_taskflow to 2026-07-30 00:00:00+00:00, run_after=2026-07-31 00:00:00+00:00
[2026-07-31T11:40:49.544+0000] {processor.py:183} INFO - Processing /home/airflow/.local/lib/python3.12/site-packages/airflow/example_dags/example_setup_teardown_taskflow.py took 0.230 seconds
[2026-07-31T11:41:19.806+0000] {processor.py:161} INFO - Started process (PID=4530) to work on /home/airflow/.local/lib/python3.12/site-packages/airflow/example_dags/example_setup_teardown_taskflow.py
[2026-07-31T11:41:19.807+0000] {processor.py:830} INFO - Processing file /home/airflow/.local/lib/python3.12/site-packages/airflow/example_dags/example_setup_teardown_taskflow.py for tasks to queue
[2026-07-31T11:41:19.810+0000] {logging_mixin.py:188} INFO - [2026-07-31T11:41:19.810+0000] {dagbag.py:545} INFO - Filling up the DagBag from /home/airflow/.local/lib/python3.12/site-packages/airflow/example_dags/example_setup_teardown_taskflow.py
[2026-07-31T11:41:19.827+0000] {processor.py:840} INFO - DAG(s) 'example_setup_teardown_taskflow' retrieved from /home/airflow/.local/lib/python3.12/site-packages/airflow/example_dags/example_setup_teardown_taskflow.py
[2026-07-31T11:41:19.863+0000] {logging_mixin.py:188} INFO - [2026-07-31T11:41:19.862+0000] {dag.py:3089} INFO - Sync 1 DAGs
[2026-07-31T11:41:19.898+0000] {logging_mixin.py:188} INFO - [2026-07-31T11:41:19.898+0000] {dag.py:3947} INFO - Setting next_dagrun for example_setup_teardown_taskflow to 2026-07-30 00:00:00+00:00, run_after=2026-07-31 00:00:00+00:00
[2026-07-31T11:41:19.943+0000] {processor.py:183} INFO - Processing /home/airflow/.local/lib/python3.12/site-packages/airflow/example_dags/example_setup_teardown_taskflow.py took 0.146 seconds
[2026-07-31T11:41:51.418+0000] {processor.py:161} INFO - Started process (PID=4588) to work on /home/airflow/.local/lib/python3.12/site-packages/airflow/example_dags/example_setup_teardown_taskflow.py
[2026-07-31T11:41:51.420+0000] {processor.py:830} INFO - Processing file /home/airflow/.local/lib/python3.12/site-packages/airflow/example_dags/example_setup_teardown_taskflow.py for tasks to queue
[2026-07-31T11:41:51.425+0000] {logging_mixin.py:188} INFO - [2026-07-31T11:41:51.424+0000] {dagbag.py:545} INFO - Filling up the DagBag from /home/airflow/.local/lib/python3.12/site-packages/airflow/example_dags/example_setup_teardown_taskflow.py
[2026-07-31T11:41:51.451+0000] {processor.py:840} INFO - DAG(s) 'example_setup_teardown_taskflow' retrieved from /home/airflow/.local/lib/python3.12/site-packages/airflow/example_dags/example_setup_teardown_taskflow.py
[2026-07-31T11:41:51.507+0000] {logging_mixin.py:188} INFO - [2026-07-31T11:41:51.507+0000] {dag.py:3089} INFO - Sync 1 DAGs
[2026-07-31T11:41:51.590+0000] {logging_mixin.py:188} INFO - [2026-07-31T11:41:51.589+0000] {dag.py:3947} INFO - Setting next_dagrun for example_setup_teardown_taskflow to 2026-07-30 00:00:00+00:00, run_after=2026-07-31 00:00:00+00:00
[2026-07-31T11:41:51.683+0000] {processor.py:183} INFO - Processing /home/airflow/.local/lib/python3.12/site-packages/airflow/example_dags/example_setup_teardown_taskflow.py took 0.284 seconds
[2026-07-31T11:42:22.467+0000] {processor.py:161} INFO - Started process (PID=4646) to work on /home/airflow/.local/lib/python3.12/site-packages/airflow/example_dags/example_setup_teardown_taskflow.py
[2026-07-31T11:42:22.470+0000] {processor.py:830} INFO - Processing file /home/airflow/.local/lib/python3.12/site-packages/airflow/example_dags/example_setup_teardown_taskflow.py for tasks to queue
[2026-07-31T11:42:22.475+0000] {logging_mixin.py:188} INFO - [2026-07-31T11:42:22.474+0000] {dagbag.py:545} INFO - Filling up the DagBag from /home/airflow/.local/lib/python3.12/site-packages/airflow/example_dags/example_setup_teardown_taskflow.py
[2026-07-31T11:42:22.498+0000] {processor.py:840} INFO - DAG(s) 'example_setup_teardown_taskflow' retrieved from /home/airflow/.local/lib/python3.12/site-packages/airflow/example_dags/example_setup_teardown_taskflow.py
[2026-07-31T11:42:22.576+0000] {logging_mixin.py:188} INFO - [2026-07-31T11:42:22.576+0000] {dag.py:3089} INFO - Sync 1 DAGs
[2026-07-31T11:42:22.652+0000] {logging_mixin.py:188} INFO - [2026-07-31T11:42:22.650+0000] {dag.py:3947} INFO - Setting next_dagrun for example_setup_teardown_taskflow to 2026-07-30 00:00:00+00:00, run_after=2026-07-31 00:00:00+00:00
[2026-07-31T11:42:22.737+0000] {processor.py:183} INFO - Processing /home/airflow/.local/lib/python3.12/site-packages/airflow/example_dags/example_setup_teardown_taskflow.py took 0.284 seconds
[2026-07-31T11:42:53.585+0000] {processor.py:161} INFO - Started process (PID=4704) to work on /home/airflow/.local/lib/python3.12/site-packages/airflow/example_dags/example_setup_teardown_taskflow.py
[2026-07-31T11:42:53.587+0000] {processor.py:830} INFO - Processing file /home/airflow/.local/lib/python3.12/site-packages/airflow/example_dags/example_setup_teardown_taskflow.py for tasks to queue
[2026-07-31T11:42:53.590+0000] {logging_mixin.py:188} INFO - [2026-07-31T11:42:53.590+0000] {dagbag.py:545} INFO - Filling up the DagBag from /home/airflow/.local/lib/python3.12/site-packages/airflow/example_dags/example_setup_teardown_taskflow.py
[2026-07-31T11:42:53.604+0000] {processor.py:840} INFO - DAG(s) 'example_setup_teardown_taskflow' retrieved from /home/airflow/.local/lib/python3.12/site-packages/airflow/example_dags/example_setup_teardown_taskflow.py
[2026-07-31T11:42:53.638+0000] {logging_mixin.py:188} INFO - [2026-07-31T11:42:53.638+0000] {dag.py:3089} INFO - Sync 1 DAGs
[2026-07-31T11:42:53.668+0000] {logging_mixin.py:188} INFO - [2026-07-31T11:42:53.668+0000] {dag.py:3947} INFO - Setting next_dagrun for example_setup_teardown_taskflow to 2026-07-30 00:00:00+00:00, run_after=2026-07-31 00:00:00+00:00
[2026-07-31T11:42:53.715+0000] {processor.py:183} INFO - Processing /home/airflow/.local/lib/python3.12/site-packages/airflow/example_dags/example_setup_teardown_taskflow.py took 0.139 seconds
[2026-07-31T11:43:24.150+0000] {processor.py:161} INFO - Started process (PID=4762) to work on /home/airflow/.local/lib/python3.12/site-packages/airflow/example_dags/example_setup_teardown_taskflow.py
[2026-07-31T11:43:24.152+0000] {processor.py:830} INFO - Processing file /home/airflow/.local/lib/python3.12/site-packages/airflow/example_dags/example_setup_teardown_taskflow.py for tasks to queue
[2026-07-31T11:43:24.155+0000] {logging_mixin.py:188} INFO - [2026-07-31T11:43:24.155+0000] {dagbag.py:545} INFO - Filling up the DagBag from /home/airflow/.local/lib/python3.12/site-packages/airflow/example_dags/example_setup_teardown_taskflow.py
[2026-07-31T11:43:24.173+0000] {processor.py:840} INFO - DAG(s) 'example_setup_teardown_taskflow' retrieved from /home/airflow/.local/lib/python3.12/site-packages/airflow/example_dags/example_setup_teardown_taskflow.py
[2026-07-31T11:43:24.220+0000] {logging_mixin.py:188} INFO - [2026-07-31T11:43:24.220+0000] {dag.py:3089} INFO - Sync 1 DAGs
[2026-07-31T11:43:24.257+0000] {logging_mixin.py:188} INFO - [2026-07-31T11:43:24.256+0000] {dag.py:3947} INFO - Setting next_dagrun for example_setup_teardown_taskflow to 2026-07-30 00:00:00+00:00, run_after=2026-07-31 00:00:00+00:00
[2026-07-31T11:43:24.286+0000] {processor.py:183} INFO - Processing /home/airflow/.local/lib/python3.12/site-packages/airflow/example_dags/example_setup_teardown_taskflow.py took 0.152 seconds
[2026-07-31T11:43:55.318+0000] {processor.py:161} INFO - Started process (PID=4820) to work on /home/airflow/.local/lib/python3.12/site-packages/airflow/example_dags/example_setup_teardown_taskflow.py
[2026-07-31T11:43:55.319+0000] {processor.py:830} INFO - Processing file /home/airflow/.local/lib/python3.12/site-packages/airflow/example_dags/example_setup_teardown_taskflow.py for tasks to queue
[2026-07-31T11:43:55.322+0000] {logging_mixin.py:188} INFO - [2026-07-31T11:43:55.321+0000] {dagbag.py:545} INFO - Filling up the DagBag from /home/airflow/.local/lib/python3.12/site-packages/airflow/example_dags/example_setup_teardown_taskflow.py
[2026-07-31T11:43:55.334+0000] {processor.py:840} INFO - DAG(s) 'example_setup_teardown_taskflow' retrieved from /home/airflow/.local/lib/python3.12/site-packages/airflow/example_dags/example_setup_teardown_taskflow.py
[2026-07-31T11:43:55.364+0000] {logging_mixin.py:188} INFO - [2026-07-31T11:43:55.363+0000] {dag.py:3089} INFO - Sync 1 DAGs
[2026-07-31T11:43:55.394+0000] {logging_mixin.py:188} INFO - [2026-07-31T11:43:55.394+0000] {dag.py:3947} INFO - Setting next_dagrun for example_setup_teardown_taskflow to 2026-07-30 00:00:00+00:00, run_after=2026-07-31 00:00:00+00:00
[2026-07-31T11:43:55.424+0000] {processor.py:183} INFO - Processing /home/airflow/.local/lib/python3.12/site-packages/airflow/example_dags/example_setup_teardown_taskflow.py took 0.113 seconds
[2026-07-31T11:44:25.892+0000] {processor.py:161} INFO - Started process (PID=4878) to work on /home/airflow/.local/lib/python3.12/site-packages/airflow/example_dags/example_setup_teardown_taskflow.py
[2026-07-31T11:44:25.893+0000] {processor.py:830} INFO - Processing file /home/airflow/.local/lib/python3.12/site-packages/airflow/example_dags/example_setup_teardown_taskflow.py for tasks to queue
[2026-07-31T11:44:25.895+0000] {logging_mixin.py:188} INFO - [2026-07-31T11:44:25.895+0000] {dagbag.py:545} INFO - Filling up the DagBag from /home/airflow/.local/lib/python3.12/site-packages/airflow/example_dags/example_setup_teardown_taskflow.py
[2026-07-31T11:44:25.906+0000] {processor.py:840} INFO - DAG(s) 'example_setup_teardown_taskflow' retrieved from /home/airflow/.local/lib/python3.12/site-packages/airflow/example_dags/example_setup_teardown_taskflow.py
[2026-07-31T11:44:25.933+0000] {logging_mixin.py:188} INFO - [2026-07-31T11:44:25.933+0000] {dag.py:3089} INFO - Sync 1 DAGs
[2026-07-31T11:44:25.961+0000] {logging_mixin.py:188} INFO - [2026-07-31T11:44:25.961+0000] {dag.py:3947} INFO - Setting next_dagrun for example_setup_teardown_taskflow to 2026-07-30 00:00:00+00:00, run_after=2026-07-31 00:00:00+00:00
[2026-07-31T11:44:25.988+0000] {processor.py:183} INFO - Processing /home/airflow/.local/lib/python3.12/site-packages/airflow/example_dags/example_setup_teardown_taskflow.py took 0.103 seconds
[2026-07-31T11:44:56.409+0000] {processor.py:161} INFO - Started process (PID=4936) to work on /home/airflow/.local/lib/python3.12/site-packages/airflow/example_dags/example_setup_teardown_taskflow.py
[2026-07-31T11:44:56.412+0000] {processor.py:830} INFO - Processing file /home/airflow/.local/lib/python3.12/site-packages/airflow/example_dags/example_setup_teardown_taskflow.py for tasks to queue
[2026-07-31T11:44:56.415+0000] {logging_mixin.py:188} INFO - [2026-07-31T11:44:56.415+0000] {dagbag.py:545} INFO - Filling up the DagBag from /home/airflow/.local/lib/python3.12/site-packages/airflow/example_dags/example_setup_teardown_taskflow.py
[2026-07-31T11:44:56.433+0000] {processor.py:840} INFO - DAG(s) 'example_setup_teardown_taskflow' retrieved from /home/airflow/.local/lib/python3.12/site-packages/airflow/example_dags/example_setup_teardown_taskflow.py
[2026-07-31T11:44:56.479+0000] {logging_mixin.py:188} INFO - [2026-07-31T11:44:56.478+0000] {dag.py:3089} INFO - Sync 1 DAGs
[2026-07-31T11:44:56.523+0000] {logging_mixin.py:188} INFO - [2026-07-31T11:44:56.522+0000] {dag.py:3947} INFO - Setting next_dagrun for example_setup_teardown_taskflow to 2026-07-30 00:00:00+00:00, run_after=2026-07-31 00:00:00+00:00
[2026-07-31T11:44:56.570+0000] {processor.py:183} INFO - Processing /home/airflow/.local/lib/python3.12/site-packages/airflow/example_dags/example_setup_teardown_taskflow.py took 0.173 seconds
[2026-07-31T11:45:27.061+0000] {processor.py:161} INFO - Started process (PID=4993) to work on /home/airflow/.local/lib/python3.12/site-packages/airflow/example_dags/example_setup_teardown_taskflow.py
[2026-07-31T11:45:27.063+0000] {processor.py:830} INFO - Processing file /home/airflow/.local/lib/python3.12/site-packages/airflow/example_dags/example_setup_teardown_taskflow.py for tasks to queue
[2026-07-31T11:45:27.066+0000] {logging_mixin.py:188} INFO - [2026-07-31T11:45:27.065+0000] {dagbag.py:545} INFO - Filling up the DagBag from /home/airflow/.local/lib/python3.12/site-packages/airflow/example_dags/example_setup_teardown_taskflow.py
[2026-07-31T11:45:27.077+0000] {processor.py:840} INFO - DAG(s) 'example_setup_teardown_taskflow' retrieved from /home/airflow/.local/lib/python3.12/site-packages/airflow/example_dags/example_setup_teardown_taskflow.py
[2026-07-31T11:45:27.103+0000] {logging_mixin.py:188} INFO - [2026-07-31T11:45:27.103+0000] {dag.py:3089} INFO - Sync 1 DAGs
[2026-07-31T11:45:27.131+0000] {logging_mixin.py:188} INFO - [2026-07-31T11:45:27.131+0000] {dag.py:3947} INFO - Setting next_dagrun for example_setup_teardown_taskflow to 2026-07-30 00:00:00+00:00, run_after=2026-07-31 00:00:00+00:00
[2026-07-31T11:45:27.156+0000] {processor.py:183} INFO - Processing /home/airflow/.local/lib/python3.12/site-packages/airflow/example_dags/example_setup_teardown_taskflow.py took 0.104 seconds
[2026-07-31T11:45:57.325+0000] {processor.py:161} INFO - Started process (PID=5051) to work on /home/airflow/.local/lib/python3.12/site-packages/airflow/example_dags/example_setup_teardown_taskflow.py
[2026-07-31T11:45:57.326+0000] {processor.py:830} INFO - Processing file /home/airflow/.local/lib/python3.12/site-packages/airflow/example_dags/example_setup_teardown_taskflow.py for tasks to queue
[2026-07-31T11:45:57.329+0000] {logging_mixin.py:188} INFO - [2026-07-31T11:45:57.328+0000] {dagbag.py:545} INFO - Filling up the DagBag from /home/airflow/.local/lib/python3.12/site-packages/airflow/example_dags/example_setup_teardown_taskflow.py
[2026-07-31T11:45:57.340+0000] {processor.py:840} INFO - DAG(s) 'example_setup_teardown_taskflow' retrieved from /home/airflow/.local/lib/python3.12/site-packages/airflow/example_dags/example_setup_teardown_taskflow.py
[2026-07-31T11:45:57.366+0000] {logging_mixin.py:188} INFO - [2026-07-31T11:45:57.366+0000] {dag.py:3089} INFO - Sync 1 DAGs
[2026-07-31T11:45:57.395+0000] {logging_mixin.py:188} INFO - [2026-07-31T11:45:57.394+0000] {dag.py:3947} INFO - Setting next_dagrun for example_setup_teardown_taskflow to 2026-07-30 00:00:00+00:00, run_after=2026-07-31 00:00:00+00:00
[2026-07-31T11:45:57.424+0000] {processor.py:183} INFO - Processing /home/airflow/.local/lib/python3.12/site-packages/airflow/example_dags/example_setup_teardown_taskflow.py took 0.106 seconds
[2026-07-31T11:46:28.004+0000] {processor.py:161} INFO - Started process (PID=5109) to work on /home/airflow/.local/lib/python3.12/site-packages/airflow/example_dags/example_setup_teardown_taskflow.py
[2026-07-31T11:46:28.006+0000] {processor.py:830} INFO - Processing file /home/airflow/.local/lib/python3.12/site-packages/airflow/example_dags/example_setup_teardown_taskflow.py for tasks to queue
[2026-07-31T11:46:28.010+0000] {logging_mixin.py:188} INFO - [2026-07-31T11:46:28.009+0000] {dagbag.py:545} INFO - Filling up the DagBag from /home/airflow/.local/lib/python3.12/site-packages/airflow/example_dags/example_setup_teardown_taskflow.py
[2026-07-31T11:46:28.022+0000] {processor.py:840} INFO - DAG(s) 'example_setup_teardown_taskflow' retrieved from /home/airflow/.local/lib/python3.12/site-packages/airflow/example_dags/example_setup_teardown_taskflow.py
[2026-07-31T11:46:28.052+0000] {logging_mixin.py:188} INFO - [2026-07-31T11:46:28.051+0000] {dag.py:3089} INFO - Sync 1 DAGs
[2026-07-31T11:46:28.096+0000] {logging_mixin.py:188} INFO - [2026-07-31T11:46:28.096+0000] {dag.py:3947} INFO - Setting next_dagrun for example_setup_teardown_taskflow to 2026-07-30 00:00:00+00:00, run_after=2026-07-31 00:00:00+00:00
[2026-07-31T11:46:28.154+0000] {processor.py:183} INFO - Processing /home/airflow/.local/lib/python3.12/site-packages/airflow/example_dags/example_setup_teardown_taskflow.py took 0.159 seconds
[2026-07-31T11:46:58.683+0000] {processor.py:161} INFO - Started process (PID=5165) to work on /home/airflow/.local/lib/python3.12/site-packages/airflow/example_dags/example_setup_teardown_taskflow.py
[2026-07-31T11:46:58.684+0000] {processor.py:830} INFO - Processing file /home/airflow/.local/lib/python3.12/site-packages/airflow/example_dags/example_setup_teardown_taskflow.py for tasks to queue
[2026-07-31T11:46:58.687+0000] {logging_mixin.py:188} INFO - [2026-07-31T11:46:58.686+0000] {dagbag.py:545} INFO - Filling up the DagBag from /home/airflow/.local/lib/python3.12/site-packages/airflow/example_dags/example_setup_teardown_taskflow.py
[2026-07-31T11:46:58.698+0000] {processor.py:840} INFO - DAG(s) 'example_setup_teardown_taskflow' retrieved from /home/airflow/.local/lib/python3.12/site-packages/airflow/example_dags/example_setup_teardown_taskflow.py
[2026-07-31T11:46:58.724+0000] {logging_mixin.py:188} INFO - [2026-07-31T11:46:58.723+0000] {dag.py:3089} INFO - Sync 1 DAGs
[2026-07-31T11:46:58.749+0000] {logging_mixin.py:188} INFO - [2026-07-31T11:46:58.749+0000] {dag.py:3947} INFO - Setting next_dagrun for example_setup_teardown_taskflow to 2026-07-30 00:00:00+00:00, run_after=2026-07-31 00:00:00+00:00
[2026-07-31T11:46:58.773+0000] {processor.py:183} INFO - Processing /home/airflow/.local/lib/python3.12/site-packages/airflow/example_dags/example_setup_teardown_taskflow.py took 0.097 seconds
[2026-07-31T11:47:28.928+0000] {processor.py:161} INFO - Started process (PID=5223) to work on /home/airflow/.local/lib/python3.12/site-packages/airflow/example_dags/example_setup_teardown_taskflow.py
[2026-07-31T11:47:28.930+0000] {processor.py:830} INFO - Processing file /home/airflow/.local/lib/python3.12/site-packages/airflow/example_dags/example_setup_teardown_taskflow.py for tasks to queue
[2026-07-31T11:47:28.933+0000] {logging_mixin.py:188} INFO - [2026-07-31T11:47:28.932+0000] {dagbag.py:545} INFO - Filling up the DagBag from /home/airflow/.local/lib/python3.12/site-packages/airflow/example_dags/example_setup_teardown_taskflow.py
[2026-07-31T11:47:28.949+0000] {processor.py:840} INFO - DAG(s) 'example_setup_teardown_taskflow' retrieved from /home/airflow/.local/lib/python3.12/site-packages/airflow/example_dags/example_setup_teardown_taskflow.py
[2026-07-31T11:47:28.981+0000] {logging_mixin.py:188} INFO - [2026-07-31T11:47:28.980+0000] {dag.py:3089} INFO - Sync 1 DAGs
[2026-07-31T11:47:29.018+0000] {logging_mixin.py:188} INFO - [2026-07-31T11:47:29.018+0000] {dag.py:3947} INFO - Setting next_dagrun for example_setup_teardown_taskflow to 2026-07-30 00:00:00+00:00, run_after=2026-07-31 00:00:00+00:00
[2026-07-31T11:47:29.055+0000] {processor.py:183} INFO - Processing /home/airflow/.local/lib/python3.12/site-packages/airflow/example_dags/example_setup_teardown_taskflow.py took 0.134 seconds
[2026-07-31T11:47:59.621+0000] {processor.py:161} INFO - Started process (PID=5281) to work on /home/airflow/.local/lib/python3.12/site-packages/airflow/example_dags/example_setup_teardown_taskflow.py
[2026-07-31T11:47:59.622+0000] {processor.py:830} INFO - Processing file /home/airflow/.local/lib/python3.12/site-packages/airflow/example_dags/example_setup_teardown_taskflow.py for tasks to queue
[2026-07-31T11:47:59.624+0000] {logging_mixin.py:188} INFO - [2026-07-31T11:47:59.624+0000] {dagbag.py:545} INFO - Filling up the DagBag from /home/airflow/.local/lib/python3.12/site-packages/airflow/example_dags/example_setup_teardown_taskflow.py
[2026-07-31T11:47:59.635+0000] {processor.py:840} INFO - DAG(s) 'example_setup_teardown_taskflow' retrieved from /home/airflow/.local/lib/python3.12/site-packages/airflow/example_dags/example_setup_teardown_taskflow.py
[2026-07-31T11:47:59.671+0000] {logging_mixin.py:188} INFO - [2026-07-31T11:47:59.670+0000] {dag.py:3089} INFO - Sync 1 DAGs
[2026-07-31T11:47:59.700+0000] {logging_mixin.py:188} INFO - [2026-07-31T11:47:59.699+0000] {dag.py:3947} INFO - Setting next_dagrun for example_setup_teardown_taskflow to 2026-07-30 00:00:00+00:00, run_after=2026-07-31 00:00:00+00:00
[2026-07-31T11:47:59.724+0000] {processor.py:183} INFO - Processing /home/airflow/.local/lib/python3.12/site-packages/airflow/example_dags/example_setup_teardown_taskflow.py took 0.110 seconds
[2026-07-31T11:48:29.852+0000] {processor.py:161} INFO - Started process (PID=5339) to work on /home/airflow/.local/lib/python3.12/site-packages/airflow/example_dags/example_setup_teardown_taskflow.py
[2026-07-31T11:48:29.854+0000] {processor.py:830} INFO - Processing file /home/airflow/.local/lib/python3.12/site-packages/airflow/example_dags/example_setup_teardown_taskflow.py for tasks to queue
[2026-07-31T11:48:29.856+0000] {logging_mixin.py:188} INFO - [2026-07-31T11:48:29.856+0000] {dagbag.py:545} INFO - Filling up the DagBag from /home/airflow/.local/lib/python3.12/site-packages/airflow/example_dags/example_setup_teardown_taskflow.py
[2026-07-31T11:48:29.868+0000] {processor.py:840} INFO - DAG(s) 'example_setup_teardown_taskflow' retrieved from /home/airflow/.local/lib/python3.12/site-packages/airflow/example_dags/example_setup_teardown_taskflow.py
[2026-07-31T11:48:29.901+0000] {logging_mixin.py:188} INFO - [2026-07-31T11:48:29.900+0000] {dag.py:3089} INFO - Sync 1 DAGs
[2026-07-31T11:48:29.931+0000] {logging_mixin.py:188} INFO - [2026-07-31T11:48:29.931+0000] {dag.py:3947} INFO - Setting next_dagrun for example_setup_teardown_taskflow to 2026-07-30 00:00:00+00:00, run_after=2026-07-31 00:00:00+00:00
[2026-07-31T11:48:29.956+0000] {processor.py:183} INFO - Processing /home/airflow/.local/lib/python3.12/site-packages/airflow/example_dags/example_setup_teardown_taskflow.py took 0.111 seconds
[2026-07-31T11:49:00.122+0000] {processor.py:161} INFO - Started process (PID=5397) to work on /home/airflow/.local/lib/python3.12/site-packages/airflow/example_dags/example_setup_teardown_taskflow.py
[2026-07-31T11:49:00.123+0000] {processor.py:830} INFO - Processing file /home/airflow/.local/lib/python3.12/site-packages/airflow/example_dags/example_setup_teardown_taskflow.py for tasks to queue
[2026-07-31T11:49:00.126+0000] {logging_mixin.py:188} INFO - [2026-07-31T11:49:00.125+0000] {dagbag.py:545} INFO - Filling up the DagBag from /home/airflow/.local/lib/python3.12/site-packages/airflow/example_dags/example_setup_teardown_taskflow.py
[2026-07-31T11:49:00.138+0000] {processor.py:840} INFO - DAG(s) 'example_setup_teardown_taskflow' retrieved from /home/airflow/.local/lib/python3.12/site-packages/airflow/example_dags/example_setup_teardown_taskflow.py
[2026-07-31T11:49:00.165+0000] {logging_mixin.py:188} INFO - [2026-07-31T11:49:00.164+0000] {dag.py:3089} INFO - Sync 1 DAGs
[2026-07-31T11:49:00.194+0000] {logging_mixin.py:188} INFO - [2026-07-31T11:49:00.194+0000] {dag.py:3947} INFO - Setting next_dagrun for example_setup_teardown_taskflow to 2026-07-30 00:00:00+00:00, run_after=2026-07-31 00:00:00+00:00
[2026-07-31T11:49:00.218+0000] {processor.py:183} INFO - Processing /home/airflow/.local/lib/python3.12/site-packages/airflow/example_dags/example_setup_teardown_taskflow.py took 0.104 seconds
[2026-07-31T11:49:30.717+0000] {processor.py:161} INFO - Started process (PID=5455) to work on /home/airflow/.local/lib/python3.12/site-packages/airflow/example_dags/example_setup_teardown_taskflow.py
[2026-07-31T11:49:30.718+0000] {processor.py:830} INFO - Processing file /home/airflow/.local/lib/python3.12/site-packages/airflow/example_dags/example_setup_teardown_taskflow.py for tasks to queue
[2026-07-31T11:49:30.721+0000] {logging_mixin.py:188} INFO - [2026-07-31T11:49:30.721+0000] {dagbag.py:545} INFO - Filling up the DagBag from /home/airflow/.local/lib/python3.12/site-packages/airflow/example_dags/example_setup_teardown_taskflow.py
[2026-07-31T11:49:30.733+0000] {processor.py:840} INFO - DAG(s) 'example_setup_teardown_taskflow' retrieved from /home/airflow/.local/lib/python3.12/site-packages/airflow/example_dags/example_setup_teardown_taskflow.py
[2026-07-31T11:49:30.758+0000] {logging_mixin.py:188} INFO - [2026-07-31T11:49:30.758+0000] {dag.py:3089} INFO - Sync 1 DAGs
[2026-07-31T11:49:30.785+0000] {logging_mixin.py:188} INFO - [2026-07-31T11:49:30.784+0000] {dag.py:3947} INFO - Setting next_dagrun for example_setup_teardown_taskflow to 2026-07-30 00:00:00+00:00, run_after=2026-07-31 00:00:00+00:00
[2026-07-31T11:49:30.808+0000] {processor.py:183} INFO - Processing /home/airflow/.local/lib/python3.12/site-packages/airflow/example_dags/example_setup_teardown_taskflow.py took 0.097 seconds
[2026-07-31T11:50:01.412+0000] {processor.py:161} INFO - Started process (PID=5513) to work on /home/airflow/.local/lib/python3.12/site-packages/airflow/example_dags/example_setup_teardown_taskflow.py
[2026-07-31T11:50:01.413+0000] {processor.py:830} INFO - Processing file /home/airflow/.local/lib/python3.12/site-packages/airflow/example_dags/example_setup_teardown_taskflow.py for tasks to queue
[2026-07-31T11:50:01.418+0000] {logging_mixin.py:188} INFO - [2026-07-31T11:50:01.416+0000] {dagbag.py:545} INFO - Filling up the DagBag from /home/airflow/.local/lib/python3.12/site-packages/airflow/example_dags/example_setup_teardown_taskflow.py
[2026-07-31T11:50:01.434+0000] {processor.py:840} INFO - DAG(s) 'example_setup_teardown_taskflow' retrieved from /home/airflow/.local/lib/python3.12/site-packages/airflow/example_dags/example_setup_teardown_taskflow.py
[2026-07-31T11:50:01.475+0000] {logging_mixin.py:188} INFO - [2026-07-31T11:50:01.474+0000] {dag.py:3089} INFO - Sync 1 DAGs
[2026-07-31T11:50:01.518+0000] {logging_mixin.py:188} INFO - [2026-07-31T11:50:01.518+0000] {dag.py:3947} INFO - Setting next_dagrun for example_setup_teardown_taskflow to 2026-07-30 00:00:00+00:00, run_after=2026-07-31 00:00:00+00:00
[2026-07-31T11:50:01.548+0000] {processor.py:183} INFO - Processing /home/airflow/.local/lib/python3.12/site-packages/airflow/example_dags/example_setup_teardown_taskflow.py took 0.145 seconds
[2026-07-31T11:50:31.886+0000] {processor.py:161} INFO - Started process (PID=5571) to work on /home/airflow/.local/lib/python3.12/site-packages/airflow/example_dags/example_setup_teardown_taskflow.py
[2026-07-31T11:50:31.887+0000] {processor.py:830} INFO - Processing file /home/airflow/.local/lib/python3.12/site-packages/airflow/example_dags/example_setup_teardown_taskflow.py for tasks to queue
[2026-07-31T11:50:31.891+0000] {logging_mixin.py:188} INFO - [2026-07-31T11:50:31.891+0000] {dagbag.py:545} INFO - Filling up the DagBag from /home/airflow/.local/lib/python3.12/site-packages/airflow/example_dags/example_setup_teardown_taskflow.py
[2026-07-31T11:50:31.907+0000] {processor.py:840} INFO - DAG(s) 'example_setup_teardown_taskflow' retrieved from /home/airflow/.local/lib/python3.12/site-packages/airflow/example_dags/example_setup_teardown_taskflow.py
[2026-07-31T11:50:31.942+0000] {logging_mixin.py:188} INFO - [2026-07-31T11:50:31.942+0000] {dag.py:3089} INFO - Sync 1 DAGs
[2026-07-31T11:50:31.985+0000] {logging_mixin.py:188} INFO - [2026-07-31T11:50:31.984+0000] {dag.py:3947} INFO - Setting next_dagrun for example_setup_teardown_taskflow to 2026-07-30 00:00:00+00:00, run_after=2026-07-31 00:00:00+00:00
[2026-07-31T11:50:32.009+0000] {processor.py:183} INFO - Processing /home/airflow/.local/lib/python3.12/site-packages/airflow/example_dags/example_setup_teardown_taskflow.py took 0.136 seconds
[2026-07-31T11:51:02.166+0000] {processor.py:161} INFO - Started process (PID=5629) to work on /home/airflow/.local/lib/python3.12/site-packages/airflow/example_dags/example_setup_teardown_taskflow.py
[2026-07-31T11:51:02.168+0000] {processor.py:830} INFO - Processing file /home/airflow/.local/lib/python3.12/site-packages/airflow/example_dags/example_setup_teardown_taskflow.py for tasks to queue
[2026-07-31T11:51:02.172+0000] {logging_mixin.py:188} INFO - [2026-07-31T11:51:02.171+0000] {dagbag.py:545} INFO - Filling up the DagBag from /home/airflow/.local/lib/python3.12/site-packages/airflow/example_dags/example_setup_teardown_taskflow.py
[2026-07-31T11:51:02.184+0000] {processor.py:840} INFO - DAG(s) 'example_setup_teardown_taskflow' retrieved from /home/airflow/.local/lib/python3.12/site-packages/airflow/example_dags/example_setup_teardown_taskflow.py
[2026-07-31T11:51:02.218+0000] {logging_mixin.py:188} INFO - [2026-07-31T11:51:02.217+0000] {dag.py:3089} INFO - Sync 1 DAGs
[2026-07-31T11:51:02.245+0000] {logging_mixin.py:188} INFO - [2026-07-31T11:51:02.245+0000] {dag.py:3947} INFO - Setting next_dagrun for example_setup_teardown_taskflow to 2026-07-30 00:00:00+00:00, run_after=2026-07-31 00:00:00+00:00
[2026-07-31T11:51:02.273+0000] {processor.py:183} INFO - Processing /home/airflow/.local/lib/python3.12/site-packages/airflow/example_dags/example_setup_teardown_taskflow.py took 0.115 seconds
[2026-07-31T11:51:32.559+0000] {processor.py:161} INFO - Started process (PID=5687) to work on /home/airflow/.local/lib/python3.12/site-packages/airflow/example_dags/example_setup_teardown_taskflow.py
[2026-07-31T11:51:32.560+0000] {processor.py:830} INFO - Processing file /home/airflow/.local/lib/python3.12/site-packages/airflow/example_dags/example_setup_teardown_taskflow.py for tasks to queue
[2026-07-31T11:51:32.562+0000] {logging_mixin.py:188} INFO - [2026-07-31T11:51:32.562+0000] {dagbag.py:545} INFO - Filling up the DagBag from /home/airflow/.local/lib/python3.12/site-packages/airflow/example_dags/example_setup_teardown_taskflow.py
[2026-07-31T11:51:32.573+0000] {processor.py:840} INFO - DAG(s) 'example_setup_teardown_taskflow' retrieved from /home/airflow/.local/lib/python3.12/site-packages/airflow/example_dags/example_setup_teardown_taskflow.py
[2026-07-31T11:51:32.609+0000] {logging_mixin.py:188} INFO - [2026-07-31T11:51:32.608+0000] {dag.py:3089} INFO - Sync 1 DAGs
[2026-07-31T11:51:32.640+0000] {logging_mixin.py:188} INFO - [2026-07-31T11:51:32.640+0000] {dag.py:3947} INFO - Setting next_dagrun for example_setup_teardown_taskflow to 2026-07-30 00:00:00+00:00, run_after=2026-07-31 00:00:00+00:00
[2026-07-31T11:51:32.664+0000] {processor.py:183} INFO - Processing /home/airflow/.local/lib/python3.12/site-packages/airflow/example_dags/example_setup_teardown_taskflow.py took 0.112 seconds
[2026-07-31T11:52:02.897+0000] {processor.py:161} INFO - Started process (PID=5744) to work on /home/airflow/.local/lib/python3.12/site-packages/airflow/example_dags/example_setup_teardown_taskflow.py
[2026-07-31T11:52:02.898+0000] {processor.py:830} INFO - Processing file /home/airflow/.local/lib/python3.12/site-packages/airflow/example_dags/example_setup_teardown_taskflow.py for tasks to queue
[2026-07-31T11:52:02.901+0000] {logging_mixin.py:188} INFO - [2026-07-31T11:52:02.900+0000] {dagbag.py:545} INFO - Filling up the DagBag from /home/airflow/.local/lib/python3.12/site-packages/airflow/example_dags/example_setup_teardown_taskflow.py
[2026-07-31T11:52:02.912+0000] {processor.py:840} INFO - DAG(s) 'example_setup_teardown_taskflow' retrieved from /home/airflow/.local/lib/python3.12/site-packages/airflow/example_dags/example_setup_teardown_taskflow.py
[2026-07-31T11:52:02.938+0000] {logging_mixin.py:188} INFO - [2026-07-31T11:52:02.938+0000] {dag.py:3089} INFO - Sync 1 DAGs
[2026-07-31T11:52:02.978+0000] {logging_mixin.py:188} INFO - [2026-07-31T11:52:02.977+0000] {dag.py:3947} INFO - Setting next_dagrun for example_setup_teardown_taskflow to 2026-07-30 00:00:00+00:00, run_after=2026-07-31 00:00:00+00:00
[2026-07-31T11:52:03.000+0000] {processor.py:183} INFO - Processing /home/airflow/.local/lib/python3.12/site-packages/airflow/example_dags/example_setup_teardown_taskflow.py took 0.111 seconds
[2026-07-31T11:52:33.459+0000] {processor.py:161} INFO - Started process (PID=5802) to work on /home/airflow/.local/lib/python3.12/site-packages/airflow/example_dags/example_setup_teardown_taskflow.py
[2026-07-31T11:52:33.461+0000] {processor.py:830} INFO - Processing file /home/airflow/.local/lib/python3.12/site-packages/airflow/example_dags/example_setup_teardown_taskflow.py for tasks to queue
[2026-07-31T11:52:33.465+0000] {logging_mixin.py:188} INFO - [2026-07-31T11:52:33.464+0000] {dagbag.py:545} INFO - Filling up the DagBag from /home/airflow/.local/lib/python3.12/site-packages/airflow/example_dags/example_setup_teardown_taskflow.py
[2026-07-31T11:52:33.477+0000] {processor.py:840} INFO - DAG(s) 'example_setup_teardown_taskflow' retrieved from /home/airflow/.local/lib/python3.12/site-packages/airflow/example_dags/example_setup_teardown_taskflow.py
[2026-07-31T11:52:33.511+0000] {logging_mixin.py:188} INFO - [2026-07-31T11:52:33.511+0000] {dag.py:3089} INFO - Sync 1 DAGs
[2026-07-31T11:52:33.548+0000] {logging_mixin.py:188} INFO - [2026-07-31T11:52:33.547+0000] {dag.py:3947} INFO - Setting next_dagrun for example_setup_teardown_taskflow to 2026-07-30 00:00:00+00:00, run_after=2026-07-31 00:00:00+00:00
[2026-07-31T11:52:33.578+0000] {processor.py:183} INFO - Processing /home/airflow/.local/lib/python3.12/site-packages/airflow/example_dags/example_setup_teardown_taskflow.py took 0.127 seconds
[2026-07-31T11:53:03.978+0000] {processor.py:161} INFO - Started process (PID=5860) to work on /home/airflow/.local/lib/python3.12/site-packages/airflow/example_dags/example_setup_teardown_taskflow.py
[2026-07-31T11:53:03.980+0000] {processor.py:830} INFO - Processing file /home/airflow/.local/lib/python3.12/site-packages/airflow/example_dags/example_setup_teardown_taskflow.py for tasks to queue
[2026-07-31T11:53:03.982+0000] {logging_mixin.py:188} INFO - [2026-07-31T11:53:03.982+0000] {dagbag.py:545} INFO - Filling up the DagBag from /home/airflow/.local/lib/python3.12/site-packages/airflow/example_dags/example_setup_teardown_taskflow.py
[2026-07-31T11:53:03.994+0000] {processor.py:840} INFO - DAG(s) 'example_setup_teardown_taskflow' retrieved from /home/airflow/.local/lib/python3.12/site-packages/airflow/example_dags/example_setup_teardown_taskflow.py
[2026-07-31T11:53:04.022+0000] {logging_mixin.py:188} INFO - [2026-07-31T11:53:04.022+0000] {dag.py:3089} INFO - Sync 1 DAGs
[2026-07-31T11:53:04.049+0000] {logging_mixin.py:188} INFO - [2026-07-31T11:53:04.048+0000] {dag.py:3947} INFO - Setting next_dagrun for example_setup_teardown_taskflow to 2026-07-30 00:00:00+00:00, run_after=2026-07-31 00:00:00+00:00
[2026-07-31T11:53:04.072+0000] {processor.py:183} INFO - Processing /home/airflow/.local/lib/python3.12/site-packages/airflow/example_dags/example_setup_teardown_taskflow.py took 0.101 seconds
[2026-07-31T11:53:34.806+0000] {processor.py:161} INFO - Started process (PID=5918) to work on /home/airflow/.local/lib/python3.12/site-packages/airflow/example_dags/example_setup_teardown_taskflow.py
[2026-07-31T11:53:34.808+0000] {processor.py:830} INFO - Processing file /home/airflow/.local/lib/python3.12/site-packages/airflow/example_dags/example_setup_teardown_taskflow.py for tasks to queue
[2026-07-31T11:53:34.810+0000] {logging_mixin.py:188} INFO - [2026-07-31T11:53:34.810+0000] {dagbag.py:545} INFO - Filling up the DagBag from /home/airflow/.local/lib/python3.12/site-packages/airflow/example_dags/example_setup_teardown_taskflow.py
[2026-07-31T11:53:34.822+0000] {processor.py:840} INFO - DAG(s) 'example_setup_teardown_taskflow' retrieved from /home/airflow/.local/lib/python3.12/site-packages/airflow/example_dags/example_setup_teardown_taskflow.py
[2026-07-31T11:53:34.848+0000] {logging_mixin.py:188} INFO - [2026-07-31T11:53:34.848+0000] {dag.py:3089} INFO - Sync 1 DAGs
[2026-07-31T11:53:34.874+0000] {logging_mixin.py:188} INFO - [2026-07-31T11:53:34.874+0000] {dag.py:3947} INFO - Setting next_dagrun for example_setup_teardown_taskflow to 2026-07-30 00:00:00+00:00, run_after=2026-07-31 00:00:00+00:00
[2026-07-31T11:53:34.899+0000] {processor.py:183} INFO - Processing /home/airflow/.local/lib/python3.12/site-packages/airflow/example_dags/example_setup_teardown_taskflow.py took 0.101 seconds
[2026-07-31T11:54:05.138+0000] {processor.py:161} INFO - Started process (PID=5976) to work on /home/airflow/.local/lib/python3.12/site-packages/airflow/example_dags/example_setup_teardown_taskflow.py
[2026-07-31T11:54:05.139+0000] {processor.py:830} INFO - Processing file /home/airflow/.local/lib/python3.12/site-packages/airflow/example_dags/example_setup_teardown_taskflow.py for tasks to queue
[2026-07-31T11:54:05.142+0000] {logging_mixin.py:188} INFO - [2026-07-31T11:54:05.141+0000] {dagbag.py:545} INFO - Filling up the DagBag from /home/airflow/.local/lib/python3.12/site-packages/airflow/example_dags/example_setup_teardown_taskflow.py
[2026-07-31T11:54:05.154+0000] {processor.py:840} INFO - DAG(s) 'example_setup_teardown_taskflow' retrieved from /home/airflow/.local/lib/python3.12/site-packages/airflow/example_dags/example_setup_teardown_taskflow.py
[2026-07-31T11:54:05.180+0000] {logging_mixin.py:188} INFO - [2026-07-31T11:54:05.179+0000] {dag.py:3089} INFO - Sync 1 DAGs
[2026-07-31T11:54:05.206+0000] {logging_mixin.py:188} INFO - [2026-07-31T11:54:05.206+0000] {dag.py:3947} INFO - Setting next_dagrun for example_setup_teardown_taskflow to 2026-07-30 00:00:00+00:00, run_after=2026-07-31 00:00:00+00:00
[2026-07-31T11:54:05.232+0000] {processor.py:183} INFO - Processing /home/airflow/.local/lib/python3.12/site-packages/airflow/example_dags/example_setup_teardown_taskflow.py took 0.101 seconds
[2026-07-31T11:54:35.803+0000] {processor.py:161} INFO - Started process (PID=6035) to work on /home/airflow/.local/lib/python3.12/site-packages/airflow/example_dags/example_setup_teardown_taskflow.py
[2026-07-31T11:54:35.804+0000] {processor.py:830} INFO - Processing file /home/airflow/.local/lib/python3.12/site-packages/airflow/example_dags/example_setup_teardown_taskflow.py for tasks to queue
[2026-07-31T11:54:35.806+0000] {logging_mixin.py:188} INFO - [2026-07-31T11:54:35.806+0000] {dagbag.py:545} INFO - Filling up the DagBag from /home/airflow/.local/lib/python3.12/site-packages/airflow/example_dags/example_setup_teardown_taskflow.py
[2026-07-31T11:54:35.818+0000] {processor.py:840} INFO - DAG(s) 'example_setup_teardown_taskflow' retrieved from /home/airflow/.local/lib/python3.12/site-packages/airflow/example_dags/example_setup_teardown_taskflow.py
[2026-07-31T11:54:35.844+0000] {logging_mixin.py:188} INFO - [2026-07-31T11:54:35.843+0000] {dag.py:3089} INFO - Sync 1 DAGs
[2026-07-31T11:54:35.868+0000] {logging_mixin.py:188} INFO - [2026-07-31T11:54:35.868+0000] {dag.py:3947} INFO - Setting next_dagrun for example_setup_teardown_taskflow to 2026-07-30 00:00:00+00:00, run_after=2026-07-31 00:00:00+00:00
[2026-07-31T11:54:35.891+0000] {processor.py:183} INFO - Processing /home/airflow/.local/lib/python3.12/site-packages/airflow/example_dags/example_setup_teardown_taskflow.py took 0.096 seconds
[2026-07-31T11:55:06.392+0000] {processor.py:161} INFO - Started process (PID=6093) to work on /home/airflow/.local/lib/python3.12/site-packages/airflow/example_dags/example_setup_teardown_taskflow.py
[2026-07-31T11:55:06.394+0000] {processor.py:830} INFO - Processing file /home/airflow/.local/lib/python3.12/site-packages/airflow/example_dags/example_setup_teardown_taskflow.py for tasks to queue
[2026-07-31T11:55:06.398+0000] {logging_mixin.py:188} INFO - [2026-07-31T11:55:06.398+0000] {dagbag.py:545} INFO - Filling up the DagBag from /home/airflow/.local/lib/python3.12/site-packages/airflow/example_dags/example_setup_teardown_taskflow.py
[2026-07-31T11:55:06.412+0000] {processor.py:840} INFO - DAG(s) 'example_setup_teardown_taskflow' retrieved from /home/airflow/.local/lib/python3.12/site-packages/airflow/example_dags/example_setup_teardown_taskflow.py
[2026-07-31T11:55:06.439+0000] {logging_mixin.py:188} INFO - [2026-07-31T11:55:06.438+0000] {dag.py:3089} INFO - Sync 1 DAGs
[2026-07-31T11:55:06.467+0000] {logging_mixin.py:188} INFO - [2026-07-31T11:55:06.467+0000] {dag.py:3947} INFO - Setting next_dagrun for example_setup_teardown_taskflow to 2026-07-30 00:00:00+00:00, run_after=2026-07-31 00:00:00+00:00
[2026-07-31T11:55:06.492+0000] {processor.py:183} INFO - Processing /home/airflow/.local/lib/python3.12/site-packages/airflow/example_dags/example_setup_teardown_taskflow.py took 0.110 seconds
[2026-07-31T11:55:36.996+0000] {processor.py:161} INFO - Started process (PID=6151) to work on /home/airflow/.local/lib/python3.12/site-packages/airflow/example_dags/example_setup_teardown_taskflow.py
[2026-07-31T11:55:36.997+0000] {processor.py:830} INFO - Processing file /home/airflow/.local/lib/python3.12/site-packages/airflow/example_dags/example_setup_teardown_taskflow.py for tasks to queue
[2026-07-31T11:55:36.999+0000] {logging_mixin.py:188} INFO - [2026-07-31T11:55:36.999+0000] {dagbag.py:545} INFO - Filling up the DagBag from /home/airflow/.local/lib/python3.12/site-packages/airflow/example_dags/example_setup_teardown_taskflow.py
[2026-07-31T11:55:37.012+0000] {processor.py:840} INFO - DAG(s) 'example_setup_teardown_taskflow' retrieved from /home/airflow/.local/lib/python3.12/site-packages/airflow/example_dags/example_setup_teardown_taskflow.py
[2026-07-31T11:55:37.039+0000] {logging_mixin.py:188} INFO - [2026-07-31T11:55:37.038+0000] {dag.py:3089} INFO - Sync 1 DAGs
[2026-07-31T11:55:37.066+0000] {logging_mixin.py:188} INFO - [2026-07-31T11:55:37.065+0000] {dag.py:3947} INFO - Setting next_dagrun for example_setup_teardown_taskflow to 2026-07-30 00:00:00+00:00, run_after=2026-07-31 00:00:00+00:00
[2026-07-31T11:55:37.089+0000] {processor.py:183} INFO - Processing /home/airflow/.local/lib/python3.12/site-packages/airflow/example_dags/example_setup_teardown_taskflow.py took 0.101 seconds
[2026-07-31T11:56:07.584+0000] {processor.py:161} INFO - Started process (PID=6210) to work on /home/airflow/.local/lib/python3.12/site-packages/airflow/example_dags/example_setup_teardown_taskflow.py
[2026-07-31T11:56:07.586+0000] {processor.py:830} INFO - Processing file /home/airflow/.local/lib/python3.12/site-packages/airflow/example_dags/example_setup_teardown_taskflow.py for tasks to queue
[2026-07-31T11:56:07.588+0000] {logging_mixin.py:188} INFO - [2026-07-31T11:56:07.588+0000] {dagbag.py:545} INFO - Filling up the DagBag from /home/airflow/.local/lib/python3.12/site-packages/airflow/example_dags/example_setup_teardown_taskflow.py
[2026-07-31T11:56:07.600+0000] {processor.py:840} INFO - DAG(s) 'example_setup_teardown_taskflow' retrieved from /home/airflow/.local/lib/python3.12/site-packages/airflow/example_dags/example_setup_teardown_taskflow.py
[2026-07-31T11:56:07.626+0000] {logging_mixin.py:188} INFO - [2026-07-31T11:56:07.625+0000] {dag.py:3089} INFO - Sync 1 DAGs
[2026-07-31T11:56:07.655+0000] {logging_mixin.py:188} INFO - [2026-07-31T11:56:07.655+0000] {dag.py:3947} INFO - Setting next_dagrun for example_setup_teardown_taskflow to 2026-07-30 00:00:00+00:00, run_after=2026-07-31 00:00:00+00:00
[2026-07-31T11:56:07.681+0000] {processor.py:183} INFO - Processing /home/airflow/.local/lib/python3.12/site-packages/airflow/example_dags/example_setup_teardown_taskflow.py took 0.104 seconds
[2026-07-31T11:56:38.215+0000] {processor.py:161} INFO - Started process (PID=6268) to work on /home/airflow/.local/lib/python3.12/site-packages/airflow/example_dags/example_setup_teardown_taskflow.py
[2026-07-31T11:56:38.218+0000] {processor.py:830} INFO - Processing file /home/airflow/.local/lib/python3.12/site-packages/airflow/example_dags/example_setup_teardown_taskflow.py for tasks to queue
[2026-07-31T11:56:38.221+0000] {logging_mixin.py:188} INFO - [2026-07-31T11:56:38.221+0000] {dagbag.py:545} INFO - Filling up the DagBag from /home/airflow/.local/lib/python3.12/site-packages/airflow/example_dags/example_setup_teardown_taskflow.py
[2026-07-31T11:56:38.235+0000] {processor.py:840} INFO - DAG(s) 'example_setup_teardown_taskflow' retrieved from /home/airflow/.local/lib/python3.12/site-packages/airflow/example_dags/example_setup_teardown_taskflow.py
[2026-07-31T11:56:38.265+0000] {logging_mixin.py:188} INFO - [2026-07-31T11:56:38.265+0000] {dag.py:3089} INFO - Sync 1 DAGs
[2026-07-31T11:56:38.298+0000] {logging_mixin.py:188} INFO - [2026-07-31T11:56:38.297+0000] {dag.py:3947} INFO - Setting next_dagrun for example_setup_teardown_taskflow to 2026-07-30 00:00:00+00:00, run_after=2026-07-31 00:00:00+00:00
[2026-07-31T11:56:38.326+0000] {processor.py:183} INFO - Processing /home/airflow/.local/lib/python3.12/site-packages/airflow/example_dags/example_setup_teardown_taskflow.py took 0.119 seconds
[2026-07-31T11:57:12.434+0000] {processor.py:161} INFO - Started process (PID=6326) to work on /home/airflow/.local/lib/python3.12/site-packages/airflow/example_dags/example_setup_teardown_taskflow.py
[2026-07-31T11:57:12.467+0000] {processor.py:830} INFO - Processing file /home/airflow/.local/lib/python3.12/site-packages/airflow/example_dags/example_setup_teardown_taskflow.py for tasks to queue
[2026-07-31T11:57:12.493+0000] {logging_mixin.py:188} INFO - [2026-07-31T11:57:12.489+0000] {dagbag.py:545} INFO - Filling up the DagBag from /home/airflow/.local/lib/python3.12/site-packages/airflow/example_dags/example_setup_teardown_taskflow.py
[2026-07-31T11:57:12.601+0000] {processor.py:840} INFO - DAG(s) 'example_setup_teardown_taskflow' retrieved from /home/airflow/.local/lib/python3.12/site-packages/airflow/example_dags/example_setup_teardown_taskflow.py
[2026-07-31T11:57:12.796+0000] {logging_mixin.py:188} INFO - [2026-07-31T11:57:12.788+0000] {dag.py:3089} INFO - Sync 1 DAGs
[2026-07-31T11:57:13.023+0000] {logging_mixin.py:188} INFO - [2026-07-31T11:57:13.022+0000] {dag.py:3947} INFO - Setting next_dagrun for example_setup_teardown_taskflow to 2026-07-30 00:00:00+00:00, run_after=2026-07-31 00:00:00+00:00
[2026-07-31T11:57:13.185+0000] {processor.py:183} INFO - Processing /home/airflow/.local/lib/python3.12/site-packages/airflow/example_dags/example_setup_teardown_taskflow.py took 0.776 seconds
[2026-07-31T11:57:43.975+0000] {processor.py:161} INFO - Started process (PID=6384) to work on /home/airflow/.local/lib/python3.12/site-packages/airflow/example_dags/example_setup_teardown_taskflow.py
[2026-07-31T11:57:43.977+0000] {processor.py:830} INFO - Processing file /home/airflow/.local/lib/python3.12/site-packages/airflow/example_dags/example_setup_teardown_taskflow.py for tasks to queue
[2026-07-31T11:57:43.980+0000] {logging_mixin.py:188} INFO - [2026-07-31T11:57:43.980+0000] {dagbag.py:545} INFO - Filling up the DagBag from /home/airflow/.local/lib/python3.12/site-packages/airflow/example_dags/example_setup_teardown_taskflow.py
[2026-07-31T11:57:43.997+0000] {processor.py:840} INFO - DAG(s) 'example_setup_teardown_taskflow' retrieved from /home/airflow/.local/lib/python3.12/site-packages/airflow/example_dags/example_setup_teardown_taskflow.py
[2026-07-31T11:57:44.061+0000] {logging_mixin.py:188} INFO - [2026-07-31T11:57:44.060+0000] {dag.py:3089} INFO - Sync 1 DAGs
[2026-07-31T11:57:44.139+0000] {logging_mixin.py:188} INFO - [2026-07-31T11:57:44.138+0000] {dag.py:3947} INFO - Setting next_dagrun for example_setup_teardown_taskflow to 2026-07-30 00:00:00+00:00, run_after=2026-07-31 00:00:00+00:00
[2026-07-31T11:57:44.205+0000] {processor.py:183} INFO - Processing /home/airflow/.local/lib/python3.12/site-packages/airflow/example_dags/example_setup_teardown_taskflow.py took 0.240 seconds
[2026-07-31T11:58:15.012+0000] {processor.py:161} INFO - Started process (PID=6443) to work on /home/airflow/.local/lib/python3.12/site-packages/airflow/example_dags/example_setup_teardown_taskflow.py
[2026-07-31T11:58:15.014+0000] {processor.py:830} INFO - Processing file /home/airflow/.local/lib/python3.12/site-packages/airflow/example_dags/example_setup_teardown_taskflow.py for tasks to queue
[2026-07-31T11:58:15.020+0000] {logging_mixin.py:188} INFO - [2026-07-31T11:58:15.020+0000] {dagbag.py:545} INFO - Filling up the DagBag from /home/airflow/.local/lib/python3.12/site-packages/airflow/example_dags/example_setup_teardown_taskflow.py
[2026-07-31T11:58:15.043+0000] {processor.py:840} INFO - DAG(s) 'example_setup_teardown_taskflow' retrieved from /home/airflow/.local/lib/python3.12/site-packages/airflow/example_dags/example_setup_teardown_taskflow.py
[2026-07-31T11:58:15.126+0000] {logging_mixin.py:188} INFO - [2026-07-31T11:58:15.126+0000] {dag.py:3089} INFO - Sync 1 DAGs
[2026-07-31T11:58:15.241+0000] {logging_mixin.py:188} INFO - [2026-07-31T11:58:15.238+0000] {dag.py:3947} INFO - Setting next_dagrun for example_setup_teardown_taskflow to 2026-07-30 00:00:00+00:00, run_after=2026-07-31 00:00:00+00:00
[2026-07-31T11:58:15.313+0000] {processor.py:183} INFO - Processing /home/airflow/.local/lib/python3.12/site-packages/airflow/example_dags/example_setup_teardown_taskflow.py took 0.316 seconds
[2026-07-31T11:58:45.647+0000] {processor.py:161} INFO - Started process (PID=6501) to work on /home/airflow/.local/lib/python3.12/site-packages/airflow/example_dags/example_setup_teardown_taskflow.py
[2026-07-31T11:58:45.649+0000] {processor.py:830} INFO - Processing file /home/airflow/.local/lib/python3.12/site-packages/airflow/example_dags/example_setup_teardown_taskflow.py for tasks to queue
[2026-07-31T11:58:45.652+0000] {logging_mixin.py:188} INFO - [2026-07-31T11:58:45.651+0000] {dagbag.py:545} INFO - Filling up the DagBag from /home/airflow/.local/lib/python3.12/site-packages/airflow/example_dags/example_setup_teardown_taskflow.py
[2026-07-31T11:58:45.665+0000] {processor.py:840} INFO - DAG(s) 'example_setup_teardown_taskflow' retrieved from /home/airflow/.local/lib/python3.12/site-packages/airflow/example_dags/example_setup_teardown_taskflow.py
[2026-07-31T11:58:45.712+0000] {logging_mixin.py:188} INFO - [2026-07-31T11:58:45.711+0000] {dag.py:3089} INFO - Sync 1 DAGs
[2026-07-31T11:58:45.748+0000] {logging_mixin.py:188} INFO - [2026-07-31T11:58:45.748+0000] {dag.py:3947} INFO - Setting next_dagrun for example_setup_teardown_taskflow to 2026-07-30 00:00:00+00:00, run_after=2026-07-31 00:00:00+00:00
[2026-07-31T11:58:45.778+0000] {processor.py:183} INFO - Processing /home/airflow/.local/lib/python3.12/site-packages/airflow/example_dags/example_setup_teardown_taskflow.py took 0.138 seconds
[2026-07-31T11:59:16.449+0000] {processor.py:161} INFO - Started process (PID=6559) to work on /home/airflow/.local/lib/python3.12/site-packages/airflow/example_dags/example_setup_teardown_taskflow.py
[2026-07-31T11:59:16.451+0000] {processor.py:830} INFO - Processing file /home/airflow/.local/lib/python3.12/site-packages/airflow/example_dags/example_setup_teardown_taskflow.py for tasks to queue
[2026-07-31T11:59:16.454+0000] {logging_mixin.py:188} INFO - [2026-07-31T11:59:16.453+0000] {dagbag.py:545} INFO - Filling up the DagBag from /home/airflow/.local/lib/python3.12/site-packages/airflow/example_dags/example_setup_teardown_taskflow.py
[2026-07-31T11:59:16.471+0000] {processor.py:840} INFO - DAG(s) 'example_setup_teardown_taskflow' retrieved from /home/airflow/.local/lib/python3.12/site-packages/airflow/example_dags/example_setup_teardown_taskflow.py
[2026-07-31T11:59:16.512+0000] {logging_mixin.py:188} INFO - [2026-07-31T11:59:16.512+0000] {dag.py:3089} INFO - Sync 1 DAGs
[2026-07-31T11:59:16.549+0000] {logging_mixin.py:188} INFO - [2026-07-31T11:59:16.548+0000] {dag.py:3947} INFO - Setting next_dagrun for example_setup_teardown_taskflow to 2026-07-30 00:00:00+00:00, run_after=2026-07-31 00:00:00+00:00
[2026-07-31T11:59:16.586+0000] {processor.py:183} INFO - Processing /home/airflow/.local/lib/python3.12/site-packages/airflow/example_dags/example_setup_teardown_taskflow.py took 0.147 seconds
[2026-07-31T11:59:46.991+0000] {processor.py:161} INFO - Started process (PID=6617) to work on /home/airflow/.local/lib/python3.12/site-packages/airflow/example_dags/example_setup_teardown_taskflow.py
[2026-07-31T11:59:46.993+0000] {processor.py:830} INFO - Processing file /home/airflow/.local/lib/python3.12/site-packages/airflow/example_dags/example_setup_teardown_taskflow.py for tasks to queue
[2026-07-31T11:59:46.996+0000] {logging_mixin.py:188} INFO - [2026-07-31T11:59:46.995+0000] {dagbag.py:545} INFO - Filling up the DagBag from /home/airflow/.local/lib/python3.12/site-packages/airflow/example_dags/example_setup_teardown_taskflow.py
[2026-07-31T11:59:47.009+0000] {processor.py:840} INFO - DAG(s) 'example_setup_teardown_taskflow' retrieved from /home/airflow/.local/lib/python3.12/site-packages/airflow/example_dags/example_setup_teardown_taskflow.py
[2026-07-31T11:59:47.044+0000] {logging_mixin.py:188} INFO - [2026-07-31T11:59:47.043+0000] {dag.py:3089} INFO - Sync 1 DAGs
[2026-07-31T11:59:47.090+0000] {logging_mixin.py:188} INFO - [2026-07-31T11:59:47.089+0000] {dag.py:3947} INFO - Setting next_dagrun for example_setup_teardown_taskflow to 2026-07-30 00:00:00+00:00, run_after=2026-07-31 00:00:00+00:00
[2026-07-31T11:59:47.124+0000] {processor.py:183} INFO - Processing /home/airflow/.local/lib/python3.12/site-packages/airflow/example_dags/example_setup_teardown_taskflow.py took 0.142 seconds
[2026-07-31T12:00:17.649+0000] {processor.py:161} INFO - Started process (PID=6675) to work on /home/airflow/.local/lib/python3.12/site-packages/airflow/example_dags/example_setup_teardown_taskflow.py
[2026-07-31T12:00:17.651+0000] {processor.py:830} INFO - Processing file /home/airflow/.local/lib/python3.12/site-packages/airflow/example_dags/example_setup_teardown_taskflow.py for tasks to queue
[2026-07-31T12:00:17.654+0000] {logging_mixin.py:188} INFO - [2026-07-31T12:00:17.653+0000] {dagbag.py:545} INFO - Filling up the DagBag from /home/airflow/.local/lib/python3.12/site-packages/airflow/example_dags/example_setup_teardown_taskflow.py
[2026-07-31T12:00:17.666+0000] {processor.py:840} INFO - DAG(s) 'example_setup_teardown_taskflow' retrieved from /home/airflow/.local/lib/python3.12/site-packages/airflow/example_dags/example_setup_teardown_taskflow.py
[2026-07-31T12:00:17.693+0000] {logging_mixin.py:188} INFO - [2026-07-31T12:00:17.693+0000] {dag.py:3089} INFO - Sync 1 DAGs
[2026-07-31T12:00:17.730+0000] {logging_mixin.py:188} INFO - [2026-07-31T12:00:17.729+0000] {dag.py:3947} INFO - Setting next_dagrun for example_setup_teardown_taskflow to 2026-07-30 00:00:00+00:00, run_after=2026-07-31 00:00:00+00:00
[2026-07-31T12:00:17.762+0000] {processor.py:183} INFO - Processing /home/airflow/.local/lib/python3.12/site-packages/airflow/example_dags/example_setup_teardown_taskflow.py took 0.124 seconds
[2026-07-31T12:00:48.728+0000] {processor.py:161} INFO - Started process (PID=6733) to work on /home/airflow/.local/lib/python3.12/site-packages/airflow/example_dags/example_setup_teardown_taskflow.py
[2026-07-31T12:00:48.730+0000] {processor.py:830} INFO - Processing file /home/airflow/.local/lib/python3.12/site-packages/airflow/example_dags/example_setup_teardown_taskflow.py for tasks to queue
[2026-07-31T12:00:48.732+0000] {logging_mixin.py:188} INFO - [2026-07-31T12:00:48.732+0000] {dagbag.py:545} INFO - Filling up the DagBag from /home/airflow/.local/lib/python3.12/site-packages/airflow/example_dags/example_setup_teardown_taskflow.py
[2026-07-31T12:00:48.750+0000] {processor.py:840} INFO - DAG(s) 'example_setup_teardown_taskflow' retrieved from /home/airflow/.local/lib/python3.12/site-packages/airflow/example_dags/example_setup_teardown_taskflow.py
[2026-07-31T12:00:48.777+0000] {logging_mixin.py:188} INFO - [2026-07-31T12:00:48.777+0000] {dag.py:3089} INFO - Sync 1 DAGs
[2026-07-31T12:00:48.805+0000] {logging_mixin.py:188} INFO - [2026-07-31T12:00:48.804+0000] {dag.py:3947} INFO - Setting next_dagrun for example_setup_teardown_taskflow to 2026-07-30 00:00:00+00:00, run_after=2026-07-31 00:00:00+00:00
[2026-07-31T12:00:48.830+0000] {processor.py:183} INFO - Processing /home/airflow/.local/lib/python3.12/site-packages/airflow/example_dags/example_setup_teardown_taskflow.py took 0.112 seconds
[2026-07-31T12:01:18.968+0000] {processor.py:161} INFO - Started process (PID=6791) to work on /home/airflow/.local/lib/python3.12/site-packages/airflow/example_dags/example_setup_teardown_taskflow.py
[2026-07-31T12:01:18.969+0000] {processor.py:830} INFO - Processing file /home/airflow/.local/lib/python3.12/site-packages/airflow/example_dags/example_setup_teardown_taskflow.py for tasks to queue
[2026-07-31T12:01:18.972+0000] {logging_mixin.py:188} INFO - [2026-07-31T12:01:18.971+0000] {dagbag.py:545} INFO - Filling up the DagBag from /home/airflow/.local/lib/python3.12/site-packages/airflow/example_dags/example_setup_teardown_taskflow.py
[2026-07-31T12:01:18.983+0000] {processor.py:840} INFO - DAG(s) 'example_setup_teardown_taskflow' retrieved from /home/airflow/.local/lib/python3.12/site-packages/airflow/example_dags/example_setup_teardown_taskflow.py
[2026-07-31T12:01:19.016+0000] {logging_mixin.py:188} INFO - [2026-07-31T12:01:19.016+0000] {dag.py:3089} INFO - Sync 1 DAGs
[2026-07-31T12:01:19.045+0000] {logging_mixin.py:188} INFO - [2026-07-31T12:01:19.045+0000] {dag.py:3947} INFO - Setting next_dagrun for example_setup_teardown_taskflow to 2026-07-30 00:00:00+00:00, run_after=2026-07-31 00:00:00+00:00
[2026-07-31T12:01:19.073+0000] {processor.py:183} INFO - Processing /home/airflow/.local/lib/python3.12/site-packages/airflow/example_dags/example_setup_teardown_taskflow.py took 0.112 seconds
[2026-07-31T12:01:49.198+0000] {processor.py:161} INFO - Started process (PID=6849) to work on /home/airflow/.local/lib/python3.12/site-packages/airflow/example_dags/example_setup_teardown_taskflow.py
[2026-07-31T12:01:49.202+0000] {processor.py:830} INFO - Processing file /home/airflow/.local/lib/python3.12/site-packages/airflow/example_dags/example_setup_teardown_taskflow.py for tasks to queue
[2026-07-31T12:01:49.207+0000] {logging_mixin.py:188} INFO - [2026-07-31T12:01:49.207+0000] {dagbag.py:545} INFO - Filling up the DagBag from /home/airflow/.local/lib/python3.12/site-packages/airflow/example_dags/example_setup_teardown_taskflow.py
[2026-07-31T12:01:49.233+0000] {processor.py:840} INFO - DAG(s) 'example_setup_teardown_taskflow' retrieved from /home/airflow/.local/lib/python3.12/site-packages/airflow/example_dags/example_setup_teardown_taskflow.py
[2026-07-31T12:01:49.296+0000] {logging_mixin.py:188} INFO - [2026-07-31T12:01:49.295+0000] {dag.py:3089} INFO - Sync 1 DAGs
[2026-07-31T12:01:49.363+0000] {logging_mixin.py:188} INFO - [2026-07-31T12:01:49.362+0000] {dag.py:3947} INFO - Setting next_dagrun for example_setup_teardown_taskflow to 2026-07-30 00:00:00+00:00, run_after=2026-07-31 00:00:00+00:00
[2026-07-31T12:01:49.453+0000] {processor.py:183} INFO - Processing /home/airflow/.local/lib/python3.12/site-packages/airflow/example_dags/example_setup_teardown_taskflow.py took 0.274 seconds
[2026-07-31T12:02:20.025+0000] {processor.py:161} INFO - Started process (PID=6914) to work on /home/airflow/.local/lib/python3.12/site-packages/airflow/example_dags/example_setup_teardown_taskflow.py
[2026-07-31T12:02:20.026+0000] {processor.py:830} INFO - Processing file /home/airflow/.local/lib/python3.12/site-packages/airflow/example_dags/example_setup_teardown_taskflow.py for tasks to queue
[2026-07-31T12:02:20.029+0000] {logging_mixin.py:188} INFO - [2026-07-31T12:02:20.029+0000] {dagbag.py:545} INFO - Filling up the DagBag from /home/airflow/.local/lib/python3.12/site-packages/airflow/example_dags/example_setup_teardown_taskflow.py
[2026-07-31T12:02:20.043+0000] {processor.py:840} INFO - DAG(s) 'example_setup_teardown_taskflow' retrieved from /home/airflow/.local/lib/python3.12/site-packages/airflow/example_dags/example_setup_teardown_taskflow.py
[2026-07-31T12:02:20.075+0000] {logging_mixin.py:188} INFO - [2026-07-31T12:02:20.075+0000] {dag.py:3089} INFO - Sync 1 DAGs
[2026-07-31T12:02:20.102+0000] {logging_mixin.py:188} INFO - [2026-07-31T12:02:20.102+0000] {dag.py:3947} INFO - Setting next_dagrun for example_setup_teardown_taskflow to 2026-07-30 00:00:00+00:00, run_after=2026-07-31 00:00:00+00:00
[2026-07-31T12:02:20.124+0000] {processor.py:183} INFO - Processing /home/airflow/.local/lib/python3.12/site-packages/airflow/example_dags/example_setup_teardown_taskflow.py took 0.111 seconds
[2026-07-31T12:02:50.790+0000] {processor.py:161} INFO - Started process (PID=6971) to work on /home/airflow/.local/lib/python3.12/site-packages/airflow/example_dags/example_setup_teardown_taskflow.py
[2026-07-31T12:02:50.791+0000] {processor.py:830} INFO - Processing file /home/airflow/.local/lib/python3.12/site-packages/airflow/example_dags/example_setup_teardown_taskflow.py for tasks to queue
[2026-07-31T12:02:50.794+0000] {logging_mixin.py:188} INFO - [2026-07-31T12:02:50.793+0000] {dagbag.py:545} INFO - Filling up the DagBag from /home/airflow/.local/lib/python3.12/site-packages/airflow/example_dags/example_setup_teardown_taskflow.py
[2026-07-31T12:02:50.805+0000] {processor.py:840} INFO - DAG(s) 'example_setup_teardown_taskflow' retrieved from /home/airflow/.local/lib/python3.12/site-packages/airflow/example_dags/example_setup_teardown_taskflow.py
[2026-07-31T12:02:50.832+0000] {logging_mixin.py:188} INFO - [2026-07-31T12:02:50.832+0000] {dag.py:3089} INFO - Sync 1 DAGs
[2026-07-31T12:02:50.858+0000] {logging_mixin.py:188} INFO - [2026-07-31T12:02:50.858+0000] {dag.py:3947} INFO - Setting next_dagrun for example_setup_teardown_taskflow to 2026-07-30 00:00:00+00:00, run_after=2026-07-31 00:00:00+00:00
[2026-07-31T12:02:50.881+0000] {processor.py:183} INFO - Processing /home/airflow/.local/lib/python3.12/site-packages/airflow/example_dags/example_setup_teardown_taskflow.py took 0.098 seconds
[2026-07-31T12:03:21.661+0000] {processor.py:161} INFO - Started process (PID=7029) to work on /home/airflow/.local/lib/python3.12/site-packages/airflow/example_dags/example_setup_teardown_taskflow.py
[2026-07-31T12:03:21.662+0000] {processor.py:830} INFO - Processing file /home/airflow/.local/lib/python3.12/site-packages/airflow/example_dags/example_setup_teardown_taskflow.py for tasks to queue
[2026-07-31T12:03:21.664+0000] {logging_mixin.py:188} INFO - [2026-07-31T12:03:21.664+0000] {dagbag.py:545} INFO - Filling up the DagBag from /home/airflow/.local/lib/python3.12/site-packages/airflow/example_dags/example_setup_teardown_taskflow.py
[2026-07-31T12:03:21.677+0000] {processor.py:840} INFO - DAG(s) 'example_setup_teardown_taskflow' retrieved from /home/airflow/.local/lib/python3.12/site-packages/airflow/example_dags/example_setup_teardown_taskflow.py
[2026-07-31T12:03:21.705+0000] {logging_mixin.py:188} INFO - [2026-07-31T12:03:21.705+0000] {dag.py:3089} INFO - Sync 1 DAGs
[2026-07-31T12:03:21.734+0000] {logging_mixin.py:188} INFO - [2026-07-31T12:03:21.734+0000] {dag.py:3947} INFO - Setting next_dagrun for example_setup_teardown_taskflow to 2026-07-30 00:00:00+00:00, run_after=2026-07-31 00:00:00+00:00
[2026-07-31T12:03:21.759+0000] {processor.py:183} INFO - Processing /home/airflow/.local/lib/python3.12/site-packages/airflow/example_dags/example_setup_teardown_taskflow.py took 0.107 seconds
[2026-07-31T12:03:51.966+0000] {processor.py:161} INFO - Started process (PID=7087) to work on /home/airflow/.local/lib/python3.12/site-packages/airflow/example_dags/example_setup_teardown_taskflow.py
[2026-07-31T12:03:51.967+0000] {processor.py:830} INFO - Processing file /home/airflow/.local/lib/python3.12/site-packages/airflow/example_dags/example_setup_teardown_taskflow.py for tasks to queue
[2026-07-31T12:03:51.970+0000] {logging_mixin.py:188} INFO - [2026-07-31T12:03:51.969+0000] {dagbag.py:545} INFO - Filling up the DagBag from /home/airflow/.local/lib/python3.12/site-packages/airflow/example_dags/example_setup_teardown_taskflow.py
[2026-07-31T12:03:51.983+0000] {processor.py:840} INFO - DAG(s) 'example_setup_teardown_taskflow' retrieved from /home/airflow/.local/lib/python3.12/site-packages/airflow/example_dags/example_setup_teardown_taskflow.py
[2026-07-31T12:03:52.023+0000] {logging_mixin.py:188} INFO - [2026-07-31T12:03:52.023+0000] {dag.py:3089} INFO - Sync 1 DAGs
[2026-07-31T12:03:52.059+0000] {logging_mixin.py:188} INFO - [2026-07-31T12:03:52.058+0000] {dag.py:3947} INFO - Setting next_dagrun for example_setup_teardown_taskflow to 2026-07-30 00:00:00+00:00, run_after=2026-07-31 00:00:00+00:00
[2026-07-31T12:03:52.099+0000] {processor.py:183} INFO - Processing /home/airflow/.local/lib/python3.12/site-packages/airflow/example_dags/example_setup_teardown_taskflow.py took 0.141 seconds
[2026-07-31T12:04:22.197+0000] {processor.py:161} INFO - Started process (PID=7145) to work on /home/airflow/.local/lib/python3.12/site-packages/airflow/example_dags/example_setup_teardown_taskflow.py
[2026-07-31T12:04:22.199+0000] {processor.py:830} INFO - Processing file /home/airflow/.local/lib/python3.12/site-packages/airflow/example_dags/example_setup_teardown_taskflow.py for tasks to queue
[2026-07-31T12:04:22.202+0000] {logging_mixin.py:188} INFO - [2026-07-31T12:04:22.202+0000] {dagbag.py:545} INFO - Filling up the DagBag from /home/airflow/.local/lib/python3.12/site-packages/airflow/example_dags/example_setup_teardown_taskflow.py
[2026-07-31T12:04:22.216+0000] {processor.py:840} INFO - DAG(s) 'example_setup_teardown_taskflow' retrieved from /home/airflow/.local/lib/python3.12/site-packages/airflow/example_dags/example_setup_teardown_taskflow.py
[2026-07-31T12:04:22.244+0000] {logging_mixin.py:188} INFO - [2026-07-31T12:04:22.243+0000] {dag.py:3089} INFO - Sync 1 DAGs
[2026-07-31T12:04:22.275+0000] {logging_mixin.py:188} INFO - [2026-07-31T12:04:22.274+0000] {dag.py:3947} INFO - Setting next_dagrun for example_setup_teardown_taskflow to 2026-07-30 00:00:00+00:00, run_after=2026-07-31 00:00:00+00:00
[2026-07-31T12:04:22.303+0000] {processor.py:183} INFO - Processing /home/airflow/.local/lib/python3.12/site-packages/airflow/example_dags/example_setup_teardown_taskflow.py took 0.114 seconds
[2026-07-31T12:04:52.956+0000] {processor.py:161} INFO - Started process (PID=7203) to work on /home/airflow/.local/lib/python3.12/site-packages/airflow/example_dags/example_setup_teardown_taskflow.py
[2026-07-31T12:04:52.957+0000] {processor.py:830} INFO - Processing file /home/airflow/.local/lib/python3.12/site-packages/airflow/example_dags/example_setup_teardown_taskflow.py for tasks to queue
[2026-07-31T12:04:52.960+0000] {logging_mixin.py:188} INFO - [2026-07-31T12:04:52.960+0000] {dagbag.py:545} INFO - Filling up the DagBag from /home/airflow/.local/lib/python3.12/site-packages/airflow/example_dags/example_setup_teardown_taskflow.py
[2026-07-31T12:04:52.975+0000] {processor.py:840} INFO - DAG(s) 'example_setup_teardown_taskflow' retrieved from /home/airflow/.local/lib/python3.12/site-packages/airflow/example_dags/example_setup_teardown_taskflow.py
[2026-07-31T12:04:53.002+0000] {logging_mixin.py:188} INFO - [2026-07-31T12:04:53.001+0000] {dag.py:3089} INFO - Sync 1 DAGs
[2026-07-31T12:04:53.050+0000] {logging_mixin.py:188} INFO - [2026-07-31T12:04:53.049+0000] {dag.py:3947} INFO - Setting next_dagrun for example_setup_teardown_taskflow to 2026-07-30 00:00:00+00:00, run_after=2026-07-31 00:00:00+00:00
[2026-07-31T12:04:53.094+0000] {processor.py:183} INFO - Processing /home/airflow/.local/lib/python3.12/site-packages/airflow/example_dags/example_setup_teardown_taskflow.py took 0.147 seconds
[2026-07-31T12:05:23.426+0000] {processor.py:161} INFO - Started process (PID=7262) to work on /home/airflow/.local/lib/python3.12/site-packages/airflow/example_dags/example_setup_teardown_taskflow.py
[2026-07-31T12:05:23.428+0000] {processor.py:830} INFO - Processing file /home/airflow/.local/lib/python3.12/site-packages/airflow/example_dags/example_setup_teardown_taskflow.py for tasks to queue
[2026-07-31T12:05:23.433+0000] {logging_mixin.py:188} INFO - [2026-07-31T12:05:23.432+0000] {dagbag.py:545} INFO - Filling up the DagBag from /home/airflow/.local/lib/python3.12/site-packages/airflow/example_dags/example_setup_teardown_taskflow.py
[2026-07-31T12:05:23.452+0000] {processor.py:840} INFO - DAG(s) 'example_setup_teardown_taskflow' retrieved from /home/airflow/.local/lib/python3.12/site-packages/airflow/example_dags/example_setup_teardown_taskflow.py
[2026-07-31T12:05:23.486+0000] {logging_mixin.py:188} INFO - [2026-07-31T12:05:23.486+0000] {dag.py:3089} INFO - Sync 1 DAGs
[2026-07-31T12:05:23.520+0000] {logging_mixin.py:188} INFO - [2026-07-31T12:05:23.520+0000] {dag.py:3947} INFO - Setting next_dagrun for example_setup_teardown_taskflow to 2026-07-30 00:00:00+00:00, run_after=2026-07-31 00:00:00+00:00
[2026-07-31T12:05:23.550+0000] {processor.py:183} INFO - Processing /home/airflow/.local/lib/python3.12/site-packages/airflow/example_dags/example_setup_teardown_taskflow.py took 0.134 seconds
[2026-07-31T12:05:53.723+0000] {processor.py:161} INFO - Started process (PID=7320) to work on /home/airflow/.local/lib/python3.12/site-packages/airflow/example_dags/example_setup_teardown_taskflow.py
[2026-07-31T12:05:53.725+0000] {processor.py:830} INFO - Processing file /home/airflow/.local/lib/python3.12/site-packages/airflow/example_dags/example_setup_teardown_taskflow.py for tasks to queue
[2026-07-31T12:05:53.728+0000] {logging_mixin.py:188} INFO - [2026-07-31T12:05:53.727+0000] {dagbag.py:545} INFO - Filling up the DagBag from /home/airflow/.local/lib/python3.12/site-packages/airflow/example_dags/example_setup_teardown_taskflow.py
[2026-07-31T12:05:53.740+0000] {processor.py:840} INFO - DAG(s) 'example_setup_teardown_taskflow' retrieved from /home/airflow/.local/lib/python3.12/site-packages/airflow/example_dags/example_setup_teardown_taskflow.py
[2026-07-31T12:05:53.769+0000] {logging_mixin.py:188} INFO - [2026-07-31T12:05:53.768+0000] {dag.py:3089} INFO - Sync 1 DAGs
[2026-07-31T12:05:53.800+0000] {logging_mixin.py:188} INFO - [2026-07-31T12:05:53.800+0000] {dag.py:3947} INFO - Setting next_dagrun for example_setup_teardown_taskflow to 2026-07-30 00:00:00+00:00, run_after=2026-07-31 00:00:00+00:00
[2026-07-31T12:05:53.825+0000] {processor.py:183} INFO - Processing /home/airflow/.local/lib/python3.12/site-packages/airflow/example_dags/example_setup_teardown_taskflow.py took 0.111 seconds
[2026-07-31T12:06:24.063+0000] {processor.py:161} INFO - Started process (PID=7378) to work on /home/airflow/.local/lib/python3.12/site-packages/airflow/example_dags/example_setup_teardown_taskflow.py
[2026-07-31T12:06:24.064+0000] {processor.py:830} INFO - Processing file /home/airflow/.local/lib/python3.12/site-packages/airflow/example_dags/example_setup_teardown_taskflow.py for tasks to queue
[2026-07-31T12:06:24.067+0000] {logging_mixin.py:188} INFO - [2026-07-31T12:06:24.066+0000] {dagbag.py:545} INFO - Filling up the DagBag from /home/airflow/.local/lib/python3.12/site-packages/airflow/example_dags/example_setup_teardown_taskflow.py
[2026-07-31T12:06:24.080+0000] {processor.py:840} INFO - DAG(s) 'example_setup_teardown_taskflow' retrieved from /home/airflow/.local/lib/python3.12/site-packages/airflow/example_dags/example_setup_teardown_taskflow.py
[2026-07-31T12:06:24.109+0000] {logging_mixin.py:188} INFO - [2026-07-31T12:06:24.108+0000] {dag.py:3089} INFO - Sync 1 DAGs
[2026-07-31T12:06:24.138+0000] {logging_mixin.py:188} INFO - [2026-07-31T12:06:24.138+0000] {dag.py:3947} INFO - Setting next_dagrun for example_setup_teardown_taskflow to 2026-07-30 00:00:00+00:00, run_after=2026-07-31 00:00:00+00:00
[2026-07-31T12:06:24.161+0000] {processor.py:183} INFO - Processing /home/airflow/.local/lib/python3.12/site-packages/airflow/example_dags/example_setup_teardown_taskflow.py took 0.107 seconds
[2026-07-31T12:06:54.596+0000] {processor.py:161} INFO - Started process (PID=7436) to work on /home/airflow/.local/lib/python3.12/site-packages/airflow/example_dags/example_setup_teardown_taskflow.py
[2026-07-31T12:06:54.598+0000] {processor.py:830} INFO - Processing file /home/airflow/.local/lib/python3.12/site-packages/airflow/example_dags/example_setup_teardown_taskflow.py for tasks to queue
[2026-07-31T12:06:54.601+0000] {logging_mixin.py:188} INFO - [2026-07-31T12:06:54.600+0000] {dagbag.py:545} INFO - Filling up the DagBag from /home/airflow/.local/lib/python3.12/site-packages/airflow/example_dags/example_setup_teardown_taskflow.py
[2026-07-31T12:06:54.613+0000] {processor.py:840} INFO - DAG(s) 'example_setup_teardown_taskflow' retrieved from /home/airflow/.local/lib/python3.12/site-packages/airflow/example_dags/example_setup_teardown_taskflow.py
[2026-07-31T12:06:54.643+0000] {logging_mixin.py:188} INFO - [2026-07-31T12:06:54.643+0000] {dag.py:3089} INFO - Sync 1 DAGs
[2026-07-31T12:06:54.679+0000] {logging_mixin.py:188} INFO - [2026-07-31T12:06:54.678+0000] {dag.py:3947} INFO - Setting next_dagrun for example_setup_teardown_taskflow to 2026-07-30 00:00:00+00:00, run_after=2026-07-31 00:00:00+00:00
[2026-07-31T12:06:54.715+0000] {processor.py:183} INFO - Processing /home/airflow/.local/lib/python3.12/site-packages/airflow/example_dags/example_setup_teardown_taskflow.py took 0.128 seconds
[2026-07-31T12:07:24.951+0000] {processor.py:161} INFO - Started process (PID=7494) to work on /home/airflow/.local/lib/python3.12/site-packages/airflow/example_dags/example_setup_teardown_taskflow.py
[2026-07-31T12:07:24.952+0000] {processor.py:830} INFO - Processing file /home/airflow/.local/lib/python3.12/site-packages/airflow/example_dags/example_setup_teardown_taskflow.py for tasks to queue
[2026-07-31T12:07:24.955+0000] {logging_mixin.py:188} INFO - [2026-07-31T12:07:24.955+0000] {dagbag.py:545} INFO - Filling up the DagBag from /home/airflow/.local/lib/python3.12/site-packages/airflow/example_dags/example_setup_teardown_taskflow.py
[2026-07-31T12:07:24.972+0000] {processor.py:840} INFO - DAG(s) 'example_setup_teardown_taskflow' retrieved from /home/airflow/.local/lib/python3.12/site-packages/airflow/example_dags/example_setup_teardown_taskflow.py
[2026-07-31T12:07:25.015+0000] {logging_mixin.py:188} INFO - [2026-07-31T12:07:25.014+0000] {dag.py:3089} INFO - Sync 1 DAGs
[2026-07-31T12:07:25.051+0000] {logging_mixin.py:188} INFO - [2026-07-31T12:07:25.051+0000] {dag.py:3947} INFO - Setting next_dagrun for example_setup_teardown_taskflow to 2026-07-30 00:00:00+00:00, run_after=2026-07-31 00:00:00+00:00
[2026-07-31T12:07:25.083+0000] {processor.py:183} INFO - Processing /home/airflow/.local/lib/python3.12/site-packages/airflow/example_dags/example_setup_teardown_taskflow.py took 0.142 seconds
[2026-07-31T12:07:55.679+0000] {processor.py:161} INFO - Started process (PID=7552) to work on /home/airflow/.local/lib/python3.12/site-packages/airflow/example_dags/example_setup_teardown_taskflow.py
[2026-07-31T12:07:55.681+0000] {processor.py:830} INFO - Processing file /home/airflow/.local/lib/python3.12/site-packages/airflow/example_dags/example_setup_teardown_taskflow.py for tasks to queue
[2026-07-31T12:07:55.684+0000] {logging_mixin.py:188} INFO - [2026-07-31T12:07:55.684+0000] {dagbag.py:545} INFO - Filling up the DagBag from /home/airflow/.local/lib/python3.12/site-packages/airflow/example_dags/example_setup_teardown_taskflow.py
[2026-07-31T12:07:55.708+0000] {processor.py:840} INFO - DAG(s) 'example_setup_teardown_taskflow' retrieved from /home/airflow/.local/lib/python3.12/site-packages/airflow/example_dags/example_setup_teardown_taskflow.py
[2026-07-31T12:07:55.749+0000] {logging_mixin.py:188} INFO - [2026-07-31T12:07:55.749+0000] {dag.py:3089} INFO - Sync 1 DAGs
[2026-07-31T12:07:55.796+0000] {logging_mixin.py:188} INFO - [2026-07-31T12:07:55.796+0000] {dag.py:3947} INFO - Setting next_dagrun for example_setup_teardown_taskflow to 2026-07-30 00:00:00+00:00, run_after=2026-07-31 00:00:00+00:00
[2026-07-31T12:07:55.830+0000] {processor.py:183} INFO - Processing /home/airflow/.local/lib/python3.12/site-packages/airflow/example_dags/example_setup_teardown_taskflow.py took 0.162 seconds
[2026-07-31T12:08:26.563+0000] {processor.py:161} INFO - Started process (PID=7610) to work on /home/airflow/.local/lib/python3.12/site-packages/airflow/example_dags/example_setup_teardown_taskflow.py
[2026-07-31T12:08:26.565+0000] {processor.py:830} INFO - Processing file /home/airflow/.local/lib/python3.12/site-packages/airflow/example_dags/example_setup_teardown_taskflow.py for tasks to queue
[2026-07-31T12:08:26.568+0000] {logging_mixin.py:188} INFO - [2026-07-31T12:08:26.567+0000] {dagbag.py:545} INFO - Filling up the DagBag from /home/airflow/.local/lib/python3.12/site-packages/airflow/example_dags/example_setup_teardown_taskflow.py
[2026-07-31T12:08:26.583+0000] {processor.py:840} INFO - DAG(s) 'example_setup_teardown_taskflow' retrieved from /home/airflow/.local/lib/python3.12/site-packages/airflow/example_dags/example_setup_teardown_taskflow.py
[2026-07-31T12:08:26.612+0000] {logging_mixin.py:188} INFO - [2026-07-31T12:08:26.612+0000] {dag.py:3089} INFO - Sync 1 DAGs
[2026-07-31T12:08:26.641+0000] {logging_mixin.py:188} INFO - [2026-07-31T12:08:26.641+0000] {dag.py:3947} INFO - Setting next_dagrun for example_setup_teardown_taskflow to 2026-07-30 00:00:00+00:00, run_after=2026-07-31 00:00:00+00:00
[2026-07-31T12:08:26.668+0000] {processor.py:183} INFO - Processing /home/airflow/.local/lib/python3.12/site-packages/airflow/example_dags/example_setup_teardown_taskflow.py took 0.113 seconds
[2026-07-31T12:08:57.188+0000] {processor.py:161} INFO - Started process (PID=7667) to work on /home/airflow/.local/lib/python3.12/site-packages/airflow/example_dags/example_setup_teardown_taskflow.py
[2026-07-31T12:08:57.197+0000] {processor.py:830} INFO - Processing file /home/airflow/.local/lib/python3.12/site-packages/airflow/example_dags/example_setup_teardown_taskflow.py for tasks to queue
[2026-07-31T12:08:57.215+0000] {logging_mixin.py:188} INFO - [2026-07-31T12:08:57.213+0000] {dagbag.py:545} INFO - Filling up the DagBag from /home/airflow/.local/lib/python3.12/site-packages/airflow/example_dags/example_setup_teardown_taskflow.py
[2026-07-31T12:08:57.300+0000] {processor.py:840} INFO - DAG(s) 'example_setup_teardown_taskflow' retrieved from /home/airflow/.local/lib/python3.12/site-packages/airflow/example_dags/example_setup_teardown_taskflow.py
[2026-07-31T12:08:57.419+0000] {logging_mixin.py:188} INFO - [2026-07-31T12:08:57.419+0000] {dag.py:3089} INFO - Sync 1 DAGs
[2026-07-31T12:08:57.531+0000] {logging_mixin.py:188} INFO - [2026-07-31T12:08:57.531+0000] {dag.py:3947} INFO - Setting next_dagrun for example_setup_teardown_taskflow to 2026-07-30 00:00:00+00:00, run_after=2026-07-31 00:00:00+00:00
[2026-07-31T12:08:57.623+0000] {processor.py:183} INFO - Processing /home/airflow/.local/lib/python3.12/site-packages/airflow/example_dags/example_setup_teardown_taskflow.py took 0.451 seconds
[2026-07-31T12:09:28.073+0000] {processor.py:161} INFO - Started process (PID=7725) to work on /home/airflow/.local/lib/python3.12/site-packages/airflow/example_dags/example_setup_teardown_taskflow.py
[2026-07-31T12:09:28.075+0000] {processor.py:830} INFO - Processing file /home/airflow/.local/lib/python3.12/site-packages/airflow/example_dags/example_setup_teardown_taskflow.py for tasks to queue
[2026-07-31T12:09:28.079+0000] {logging_mixin.py:188} INFO - [2026-07-31T12:09:28.078+0000] {dagbag.py:545} INFO - Filling up the DagBag from /home/airflow/.local/lib/python3.12/site-packages/airflow/example_dags/example_setup_teardown_taskflow.py
[2026-07-31T12:09:28.101+0000] {processor.py:840} INFO - DAG(s) 'example_setup_teardown_taskflow' retrieved from /home/airflow/.local/lib/python3.12/site-packages/airflow/example_dags/example_setup_teardown_taskflow.py
[2026-07-31T12:09:28.145+0000] {logging_mixin.py:188} INFO - [2026-07-31T12:09:28.144+0000] {dag.py:3089} INFO - Sync 1 DAGs
[2026-07-31T12:09:28.181+0000] {logging_mixin.py:188} INFO - [2026-07-31T12:09:28.181+0000] {dag.py:3947} INFO - Setting next_dagrun for example_setup_teardown_taskflow to 2026-07-30 00:00:00+00:00, run_after=2026-07-31 00:00:00+00:00
[2026-07-31T12:09:28.222+0000] {processor.py:183} INFO - Processing /home/airflow/.local/lib/python3.12/site-packages/airflow/example_dags/example_setup_teardown_taskflow.py took 0.162 seconds
[2026-07-31T12:09:58.327+0000] {processor.py:161} INFO - Started process (PID=7784) to work on /home/airflow/.local/lib/python3.12/site-packages/airflow/example_dags/example_setup_teardown_taskflow.py
[2026-07-31T12:09:58.328+0000] {processor.py:830} INFO - Processing file /home/airflow/.local/lib/python3.12/site-packages/airflow/example_dags/example_setup_teardown_taskflow.py for tasks to queue
[2026-07-31T12:09:58.331+0000] {logging_mixin.py:188} INFO - [2026-07-31T12:09:58.330+0000] {dagbag.py:545} INFO - Filling up the DagBag from /home/airflow/.local/lib/python3.12/site-packages/airflow/example_dags/example_setup_teardown_taskflow.py
[2026-07-31T12:09:58.344+0000] {processor.py:840} INFO - DAG(s) 'example_setup_teardown_taskflow' retrieved from /home/airflow/.local/lib/python3.12/site-packages/airflow/example_dags/example_setup_teardown_taskflow.py
[2026-07-31T12:09:58.372+0000] {logging_mixin.py:188} INFO - [2026-07-31T12:09:58.371+0000] {dag.py:3089} INFO - Sync 1 DAGs
[2026-07-31T12:09:58.401+0000] {logging_mixin.py:188} INFO - [2026-07-31T12:09:58.401+0000] {dag.py:3947} INFO - Setting next_dagrun for example_setup_teardown_taskflow to 2026-07-30 00:00:00+00:00, run_after=2026-07-31 00:00:00+00:00
[2026-07-31T12:09:58.427+0000] {processor.py:183} INFO - Processing /home/airflow/.local/lib/python3.12/site-packages/airflow/example_dags/example_setup_teardown_taskflow.py took 0.109 seconds
[2026-07-31T12:10:28.693+0000] {processor.py:161} INFO - Started process (PID=7842) to work on /home/airflow/.local/lib/python3.12/site-packages/airflow/example_dags/example_setup_teardown_taskflow.py
[2026-07-31T12:10:28.694+0000] {processor.py:830} INFO - Processing file /home/airflow/.local/lib/python3.12/site-packages/airflow/example_dags/example_setup_teardown_taskflow.py for tasks to queue
[2026-07-31T12:10:28.697+0000] {logging_mixin.py:188} INFO - [2026-07-31T12:10:28.697+0000] {dagbag.py:545} INFO - Filling up the DagBag from /home/airflow/.local/lib/python3.12/site-packages/airflow/example_dags/example_setup_teardown_taskflow.py
[2026-07-31T12:10:28.710+0000] {processor.py:840} INFO - DAG(s) 'example_setup_teardown_taskflow' retrieved from /home/airflow/.local/lib/python3.12/site-packages/airflow/example_dags/example_setup_teardown_taskflow.py
[2026-07-31T12:10:28.738+0000] {logging_mixin.py:188} INFO - [2026-07-31T12:10:28.737+0000] {dag.py:3089} INFO - Sync 1 DAGs
[2026-07-31T12:10:28.769+0000] {logging_mixin.py:188} INFO - [2026-07-31T12:10:28.769+0000] {dag.py:3947} INFO - Setting next_dagrun for example_setup_teardown_taskflow to 2026-07-30 00:00:00+00:00, run_after=2026-07-31 00:00:00+00:00
[2026-07-31T12:10:28.796+0000] {processor.py:183} INFO - Processing /home/airflow/.local/lib/python3.12/site-packages/airflow/example_dags/example_setup_teardown_taskflow.py took 0.112 seconds
[2026-07-31T12:10:58.946+0000] {processor.py:161} INFO - Started process (PID=7900) to work on /home/airflow/.local/lib/python3.12/site-packages/airflow/example_dags/example_setup_teardown_taskflow.py
[2026-07-31T12:10:58.948+0000] {processor.py:830} INFO - Processing file /home/airflow/.local/lib/python3.12/site-packages/airflow/example_dags/example_setup_teardown_taskflow.py for tasks to queue
[2026-07-31T12:10:58.951+0000] {logging_mixin.py:188} INFO - [2026-07-31T12:10:58.950+0000] {dagbag.py:545} INFO - Filling up the DagBag from /home/airflow/.local/lib/python3.12/site-packages/airflow/example_dags/example_setup_teardown_taskflow.py
[2026-07-31T12:10:58.963+0000] {processor.py:840} INFO - DAG(s) 'example_setup_teardown_taskflow' retrieved from /home/airflow/.local/lib/python3.12/site-packages/airflow/example_dags/example_setup_teardown_taskflow.py
[2026-07-31T12:10:58.996+0000] {logging_mixin.py:188} INFO - [2026-07-31T12:10:58.996+0000] {dag.py:3089} INFO - Sync 1 DAGs
[2026-07-31T12:10:59.038+0000] {logging_mixin.py:188} INFO - [2026-07-31T12:10:59.037+0000] {dag.py:3947} INFO - Setting next_dagrun for example_setup_teardown_taskflow to 2026-07-30 00:00:00+00:00, run_after=2026-07-31 00:00:00+00:00
[2026-07-31T12:10:59.065+0000] {processor.py:183} INFO - Processing /home/airflow/.local/lib/python3.12/site-packages/airflow/example_dags/example_setup_teardown_taskflow.py took 0.126 seconds
[2026-07-31T12:11:29.714+0000] {processor.py:161} INFO - Started process (PID=7957) to work on /home/airflow/.local/lib/python3.12/site-packages/airflow/example_dags/example_setup_teardown_taskflow.py
[2026-07-31T12:11:29.715+0000] {processor.py:830} INFO - Processing file /home/airflow/.local/lib/python3.12/site-packages/airflow/example_dags/example_setup_teardown_taskflow.py for tasks to queue
[2026-07-31T12:11:29.718+0000] {logging_mixin.py:188} INFO - [2026-07-31T12:11:29.718+0000] {dagbag.py:545} INFO - Filling up the DagBag from /home/airflow/.local/lib/python3.12/site-packages/airflow/example_dags/example_setup_teardown_taskflow.py
[2026-07-31T12:11:29.731+0000] {processor.py:840} INFO - DAG(s) 'example_setup_teardown_taskflow' retrieved from /home/airflow/.local/lib/python3.12/site-packages/airflow/example_dags/example_setup_teardown_taskflow.py
[2026-07-31T12:11:29.760+0000] {logging_mixin.py:188} INFO - [2026-07-31T12:11:29.760+0000] {dag.py:3089} INFO - Sync 1 DAGs
[2026-07-31T12:11:29.790+0000] {logging_mixin.py:188} INFO - [2026-07-31T12:11:29.790+0000] {dag.py:3947} INFO - Setting next_dagrun for example_setup_teardown_taskflow to 2026-07-30 00:00:00+00:00, run_after=2026-07-31 00:00:00+00:00
[2026-07-31T12:11:29.816+0000] {processor.py:183} INFO - Processing /home/airflow/.local/lib/python3.12/site-packages/airflow/example_dags/example_setup_teardown_taskflow.py took 0.111 seconds
[2026-07-31T12:11:59.975+0000] {processor.py:161} INFO - Started process (PID=8015) to work on /home/airflow/.local/lib/python3.12/site-packages/airflow/example_dags/example_setup_teardown_taskflow.py
[2026-07-31T12:11:59.976+0000] {processor.py:830} INFO - Processing file /home/airflow/.local/lib/python3.12/site-packages/airflow/example_dags/example_setup_teardown_taskflow.py for tasks to queue
[2026-07-31T12:11:59.979+0000] {logging_mixin.py:188} INFO - [2026-07-31T12:11:59.979+0000] {dagbag.py:545} INFO - Filling up the DagBag from /home/airflow/.local/lib/python3.12/site-packages/airflow/example_dags/example_setup_teardown_taskflow.py
[2026-07-31T12:11:59.990+0000] {processor.py:840} INFO - DAG(s) 'example_setup_teardown_taskflow' retrieved from /home/airflow/.local/lib/python3.12/site-packages/airflow/example_dags/example_setup_teardown_taskflow.py
[2026-07-31T12:12:00.026+0000] {logging_mixin.py:188} INFO - [2026-07-31T12:12:00.026+0000] {dag.py:3089} INFO - Sync 1 DAGs
[2026-07-31T12:12:00.060+0000] {logging_mixin.py:188} INFO - [2026-07-31T12:12:00.059+0000] {dag.py:3947} INFO - Setting next_dagrun for example_setup_teardown_taskflow to 2026-07-30 00:00:00+00:00, run_after=2026-07-31 00:00:00+00:00
[2026-07-31T12:12:00.086+0000] {processor.py:183} INFO - Processing /home/airflow/.local/lib/python3.12/site-packages/airflow/example_dags/example_setup_teardown_taskflow.py took 0.118 seconds
[2026-07-31T12:12:30.220+0000] {processor.py:161} INFO - Started process (PID=8073) to work on /home/airflow/.local/lib/python3.12/site-packages/airflow/example_dags/example_setup_teardown_taskflow.py
[2026-07-31T12:12:30.221+0000] {processor.py:830} INFO - Processing file /home/airflow/.local/lib/python3.12/site-packages/airflow/example_dags/example_setup_teardown_taskflow.py for tasks to queue
[2026-07-31T12:12:30.223+0000] {logging_mixin.py:188} INFO - [2026-07-31T12:12:30.223+0000] {dagbag.py:545} INFO - Filling up the DagBag from /home/airflow/.local/lib/python3.12/site-packages/airflow/example_dags/example_setup_teardown_taskflow.py
[2026-07-31T12:12:30.240+0000] {processor.py:840} INFO - DAG(s) 'example_setup_teardown_taskflow' retrieved from /home/airflow/.local/lib/python3.12/site-packages/airflow/example_dags/example_setup_teardown_taskflow.py
[2026-07-31T12:12:30.270+0000] {logging_mixin.py:188} INFO - [2026-07-31T12:12:30.269+0000] {dag.py:3089} INFO - Sync 1 DAGs
[2026-07-31T12:12:30.301+0000] {logging_mixin.py:188} INFO - [2026-07-31T12:12:30.300+0000] {dag.py:3947} INFO - Setting next_dagrun for example_setup_teardown_taskflow to 2026-07-30 00:00:00+00:00, run_after=2026-07-31 00:00:00+00:00
[2026-07-31T12:12:30.327+0000] {processor.py:183} INFO - Processing /home/airflow/.local/lib/python3.12/site-packages/airflow/example_dags/example_setup_teardown_taskflow.py took 0.114 seconds
[2026-07-31T12:13:01.095+0000] {processor.py:161} INFO - Started process (PID=8131) to work on /home/airflow/.local/lib/python3.12/site-packages/airflow/example_dags/example_setup_teardown_taskflow.py
[2026-07-31T12:13:01.097+0000] {processor.py:830} INFO - Processing file /home/airflow/.local/lib/python3.12/site-packages/airflow/example_dags/example_setup_teardown_taskflow.py for tasks to queue
[2026-07-31T12:13:01.100+0000] {logging_mixin.py:188} INFO - [2026-07-31T12:13:01.100+0000] {dagbag.py:545} INFO - Filling up the DagBag from /home/airflow/.local/lib/python3.12/site-packages/airflow/example_dags/example_setup_teardown_taskflow.py
[2026-07-31T12:13:01.116+0000] {processor.py:840} INFO - DAG(s) 'example_setup_teardown_taskflow' retrieved from /home/airflow/.local/lib/python3.12/site-packages/airflow/example_dags/example_setup_teardown_taskflow.py
[2026-07-31T12:13:01.152+0000] {logging_mixin.py:188} INFO - [2026-07-31T12:13:01.151+0000] {dag.py:3089} INFO - Sync 1 DAGs
[2026-07-31T12:13:01.190+0000] {logging_mixin.py:188} INFO - [2026-07-31T12:13:01.189+0000] {dag.py:3947} INFO - Setting next_dagrun for example_setup_teardown_taskflow to 2026-07-30 00:00:00+00:00, run_after=2026-07-31 00:00:00+00:00
[2026-07-31T12:13:01.215+0000] {processor.py:183} INFO - Processing /home/airflow/.local/lib/python3.12/site-packages/airflow/example_dags/example_setup_teardown_taskflow.py took 0.132 seconds
[2026-07-31T12:13:31.683+0000] {processor.py:161} INFO - Started process (PID=8189) to work on /home/airflow/.local/lib/python3.12/site-packages/airflow/example_dags/example_setup_teardown_taskflow.py
[2026-07-31T12:13:31.684+0000] {processor.py:830} INFO - Processing file /home/airflow/.local/lib/python3.12/site-packages/airflow/example_dags/example_setup_teardown_taskflow.py for tasks to queue
[2026-07-31T12:13:31.687+0000] {logging_mixin.py:188} INFO - [2026-07-31T12:13:31.686+0000] {dagbag.py:545} INFO - Filling up the DagBag from /home/airflow/.local/lib/python3.12/site-packages/airflow/example_dags/example_setup_teardown_taskflow.py
[2026-07-31T12:13:31.700+0000] {processor.py:840} INFO - DAG(s) 'example_setup_teardown_taskflow' retrieved from /home/airflow/.local/lib/python3.12/site-packages/airflow/example_dags/example_setup_teardown_taskflow.py
[2026-07-31T12:13:31.727+0000] {logging_mixin.py:188} INFO - [2026-07-31T12:13:31.726+0000] {dag.py:3089} INFO - Sync 1 DAGs
[2026-07-31T12:13:31.754+0000] {logging_mixin.py:188} INFO - [2026-07-31T12:13:31.753+0000] {dag.py:3947} INFO - Setting next_dagrun for example_setup_teardown_taskflow to 2026-07-30 00:00:00+00:00, run_after=2026-07-31 00:00:00+00:00
[2026-07-31T12:13:31.776+0000] {processor.py:183} INFO - Processing /home/airflow/.local/lib/python3.12/site-packages/airflow/example_dags/example_setup_teardown_taskflow.py took 0.101 seconds
[2026-07-31T12:14:02.335+0000] {processor.py:161} INFO - Started process (PID=8247) to work on /home/airflow/.local/lib/python3.12/site-packages/airflow/example_dags/example_setup_teardown_taskflow.py
[2026-07-31T12:14:02.336+0000] {processor.py:830} INFO - Processing file /home/airflow/.local/lib/python3.12/site-packages/airflow/example_dags/example_setup_teardown_taskflow.py for tasks to queue
[2026-07-31T12:14:02.339+0000] {logging_mixin.py:188} INFO - [2026-07-31T12:14:02.338+0000] {dagbag.py:545} INFO - Filling up the DagBag from /home/airflow/.local/lib/python3.12/site-packages/airflow/example_dags/example_setup_teardown_taskflow.py
[2026-07-31T12:14:02.351+0000] {processor.py:840} INFO - DAG(s) 'example_setup_teardown_taskflow' retrieved from /home/airflow/.local/lib/python3.12/site-packages/airflow/example_dags/example_setup_teardown_taskflow.py
[2026-07-31T12:14:02.378+0000] {logging_mixin.py:188} INFO - [2026-07-31T12:14:02.377+0000] {dag.py:3089} INFO - Sync 1 DAGs
[2026-07-31T12:14:02.406+0000] {logging_mixin.py:188} INFO - [2026-07-31T12:14:02.406+0000] {dag.py:3947} INFO - Setting next_dagrun for example_setup_teardown_taskflow to 2026-07-30 00:00:00+00:00, run_after=2026-07-31 00:00:00+00:00
[2026-07-31T12:14:02.431+0000] {processor.py:183} INFO - Processing /home/airflow/.local/lib/python3.12/site-packages/airflow/example_dags/example_setup_teardown_taskflow.py took 0.102 seconds
[2026-07-31T12:14:32.528+0000] {processor.py:161} INFO - Started process (PID=8305) to work on /home/airflow/.local/lib/python3.12/site-packages/airflow/example_dags/example_setup_teardown_taskflow.py
[2026-07-31T12:14:32.530+0000] {processor.py:830} INFO - Processing file /home/airflow/.local/lib/python3.12/site-packages/airflow/example_dags/example_setup_teardown_taskflow.py for tasks to queue
[2026-07-31T12:14:32.533+0000] {logging_mixin.py:188} INFO - [2026-07-31T12:14:32.532+0000] {dagbag.py:545} INFO - Filling up the DagBag from /home/airflow/.local/lib/python3.12/site-packages/airflow/example_dags/example_setup_teardown_taskflow.py
[2026-07-31T12:14:32.546+0000] {processor.py:840} INFO - DAG(s) 'example_setup_teardown_taskflow' retrieved from /home/airflow/.local/lib/python3.12/site-packages/airflow/example_dags/example_setup_teardown_taskflow.py
[2026-07-31T12:14:32.573+0000] {logging_mixin.py:188} INFO - [2026-07-31T12:14:32.572+0000] {dag.py:3089} INFO - Sync 1 DAGs
[2026-07-31T12:14:32.600+0000] {logging_mixin.py:188} INFO - [2026-07-31T12:14:32.600+0000] {dag.py:3947} INFO - Setting next_dagrun for example_setup_teardown_taskflow to 2026-07-30 00:00:00+00:00, run_after=2026-07-31 00:00:00+00:00
[2026-07-31T12:14:32.623+0000] {processor.py:183} INFO - Processing /home/airflow/.local/lib/python3.12/site-packages/airflow/example_dags/example_setup_teardown_taskflow.py took 0.102 seconds
[2026-07-31T12:15:02.928+0000] {processor.py:161} INFO - Started process (PID=8362) to work on /home/airflow/.local/lib/python3.12/site-packages/airflow/example_dags/example_setup_teardown_taskflow.py
[2026-07-31T12:15:02.931+0000] {processor.py:830} INFO - Processing file /home/airflow/.local/lib/python3.12/site-packages/airflow/example_dags/example_setup_teardown_taskflow.py for tasks to queue
[2026-07-31T12:15:02.934+0000] {logging_mixin.py:188} INFO - [2026-07-31T12:15:02.934+0000] {dagbag.py:545} INFO - Filling up the DagBag from /home/airflow/.local/lib/python3.12/site-packages/airflow/example_dags/example_setup_teardown_taskflow.py
[2026-07-31T12:15:02.949+0000] {processor.py:840} INFO - DAG(s) 'example_setup_teardown_taskflow' retrieved from /home/airflow/.local/lib/python3.12/site-packages/airflow/example_dags/example_setup_teardown_taskflow.py
[2026-07-31T12:15:03.021+0000] {logging_mixin.py:188} INFO - [2026-07-31T12:15:03.012+0000] {dag.py:3089} INFO - Sync 1 DAGs
[2026-07-31T12:15:03.112+0000] {logging_mixin.py:188} INFO - [2026-07-31T12:15:03.112+0000] {dag.py:3947} INFO - Setting next_dagrun for example_setup_teardown_taskflow to 2026-07-30 00:00:00+00:00, run_after=2026-07-31 00:00:00+00:00
[2026-07-31T12:15:03.152+0000] {processor.py:183} INFO - Processing /home/airflow/.local/lib/python3.12/site-packages/airflow/example_dags/example_setup_teardown_taskflow.py took 0.236 seconds
[2026-07-31T12:15:33.597+0000] {processor.py:161} INFO - Started process (PID=8421) to work on /home/airflow/.local/lib/python3.12/site-packages/airflow/example_dags/example_setup_teardown_taskflow.py
[2026-07-31T12:15:33.598+0000] {processor.py:830} INFO - Processing file /home/airflow/.local/lib/python3.12/site-packages/airflow/example_dags/example_setup_teardown_taskflow.py for tasks to queue
[2026-07-31T12:15:33.601+0000] {logging_mixin.py:188} INFO - [2026-07-31T12:15:33.600+0000] {dagbag.py:545} INFO - Filling up the DagBag from /home/airflow/.local/lib/python3.12/site-packages/airflow/example_dags/example_setup_teardown_taskflow.py
[2026-07-31T12:15:33.613+0000] {processor.py:840} INFO - DAG(s) 'example_setup_teardown_taskflow' retrieved from /home/airflow/.local/lib/python3.12/site-packages/airflow/example_dags/example_setup_teardown_taskflow.py
[2026-07-31T12:15:33.638+0000] {logging_mixin.py:188} INFO - [2026-07-31T12:15:33.638+0000] {dag.py:3089} INFO - Sync 1 DAGs
[2026-07-31T12:15:33.666+0000] {logging_mixin.py:188} INFO - [2026-07-31T12:15:33.666+0000] {dag.py:3947} INFO - Setting next_dagrun for example_setup_teardown_taskflow to 2026-07-30 00:00:00+00:00, run_after=2026-07-31 00:00:00+00:00
[2026-07-31T12:15:33.689+0000] {processor.py:183} INFO - Processing /home/airflow/.local/lib/python3.12/site-packages/airflow/example_dags/example_setup_teardown_taskflow.py took 0.100 seconds
[2026-07-31T12:16:04.002+0000] {processor.py:161} INFO - Started process (PID=8479) to work on /home/airflow/.local/lib/python3.12/site-packages/airflow/example_dags/example_setup_teardown_taskflow.py
[2026-07-31T12:16:04.004+0000] {processor.py:830} INFO - Processing file /home/airflow/.local/lib/python3.12/site-packages/airflow/example_dags/example_setup_teardown_taskflow.py for tasks to queue
[2026-07-31T12:16:04.007+0000] {logging_mixin.py:188} INFO - [2026-07-31T12:16:04.006+0000] {dagbag.py:545} INFO - Filling up the DagBag from /home/airflow/.local/lib/python3.12/site-packages/airflow/example_dags/example_setup_teardown_taskflow.py
[2026-07-31T12:16:04.023+0000] {processor.py:840} INFO - DAG(s) 'example_setup_teardown_taskflow' retrieved from /home/airflow/.local/lib/python3.12/site-packages/airflow/example_dags/example_setup_teardown_taskflow.py
[2026-07-31T12:16:04.055+0000] {logging_mixin.py:188} INFO - [2026-07-31T12:16:04.054+0000] {dag.py:3089} INFO - Sync 1 DAGs
[2026-07-31T12:16:04.083+0000] {logging_mixin.py:188} INFO - [2026-07-31T12:16:04.083+0000] {dag.py:3947} INFO - Setting next_dagrun for example_setup_teardown_taskflow to 2026-07-30 00:00:00+00:00, run_after=2026-07-31 00:00:00+00:00
[2026-07-31T12:16:04.106+0000] {processor.py:183} INFO - Processing /home/airflow/.local/lib/python3.12/site-packages/airflow/example_dags/example_setup_teardown_taskflow.py took 0.111 seconds
[2026-07-31T12:16:34.213+0000] {processor.py:161} INFO - Started process (PID=8536) to work on /home/airflow/.local/lib/python3.12/site-packages/airflow/example_dags/example_setup_teardown_taskflow.py
[2026-07-31T12:16:34.215+0000] {processor.py:830} INFO - Processing file /home/airflow/.local/lib/python3.12/site-packages/airflow/example_dags/example_setup_teardown_taskflow.py for tasks to queue
[2026-07-31T12:16:34.217+0000] {logging_mixin.py:188} INFO - [2026-07-31T12:16:34.217+0000] {dagbag.py:545} INFO - Filling up the DagBag from /home/airflow/.local/lib/python3.12/site-packages/airflow/example_dags/example_setup_teardown_taskflow.py
[2026-07-31T12:16:34.230+0000] {processor.py:840} INFO - DAG(s) 'example_setup_teardown_taskflow' retrieved from /home/airflow/.local/lib/python3.12/site-packages/airflow/example_dags/example_setup_teardown_taskflow.py
[2026-07-31T12:16:34.256+0000] {logging_mixin.py:188} INFO - [2026-07-31T12:16:34.256+0000] {dag.py:3089} INFO - Sync 1 DAGs
[2026-07-31T12:16:34.284+0000] {logging_mixin.py:188} INFO - [2026-07-31T12:16:34.284+0000] {dag.py:3947} INFO - Setting next_dagrun for example_setup_teardown_taskflow to 2026-07-30 00:00:00+00:00, run_after=2026-07-31 00:00:00+00:00
[2026-07-31T12:16:34.309+0000] {processor.py:183} INFO - Processing /home/airflow/.local/lib/python3.12/site-packages/airflow/example_dags/example_setup_teardown_taskflow.py took 0.103 seconds
[2026-07-31T12:17:05.566+0000] {processor.py:161} INFO - Started process (PID=8594) to work on /home/airflow/.local/lib/python3.12/site-packages/airflow/example_dags/example_setup_teardown_taskflow.py
[2026-07-31T12:17:05.569+0000] {processor.py:830} INFO - Processing file /home/airflow/.local/lib/python3.12/site-packages/airflow/example_dags/example_setup_teardown_taskflow.py for tasks to queue
[2026-07-31T12:17:05.578+0000] {logging_mixin.py:188} INFO - [2026-07-31T12:17:05.577+0000] {dagbag.py:545} INFO - Filling up the DagBag from /home/airflow/.local/lib/python3.12/site-packages/airflow/example_dags/example_setup_teardown_taskflow.py
[2026-07-31T12:17:05.600+0000] {processor.py:840} INFO - DAG(s) 'example_setup_teardown_taskflow' retrieved from /home/airflow/.local/lib/python3.12/site-packages/airflow/example_dags/example_setup_teardown_taskflow.py
[2026-07-31T12:17:05.661+0000] {logging_mixin.py:188} INFO - [2026-07-31T12:17:05.660+0000] {dag.py:3089} INFO - Sync 1 DAGs
[2026-07-31T12:17:05.794+0000] {logging_mixin.py:188} INFO - [2026-07-31T12:17:05.793+0000] {dag.py:3947} INFO - Setting next_dagrun for example_setup_teardown_taskflow to 2026-07-30 00:00:00+00:00, run_after=2026-07-31 00:00:00+00:00
[2026-07-31T12:17:05.915+0000] {processor.py:183} INFO - Processing /home/airflow/.local/lib/python3.12/site-packages/airflow/example_dags/example_setup_teardown_taskflow.py took 0.373 seconds
[2026-07-31T12:17:36.268+0000] {processor.py:161} INFO - Started process (PID=8652) to work on /home/airflow/.local/lib/python3.12/site-packages/airflow/example_dags/example_setup_teardown_taskflow.py
[2026-07-31T12:17:36.269+0000] {processor.py:830} INFO - Processing file /home/airflow/.local/lib/python3.12/site-packages/airflow/example_dags/example_setup_teardown_taskflow.py for tasks to queue
[2026-07-31T12:17:36.273+0000] {logging_mixin.py:188} INFO - [2026-07-31T12:17:36.272+0000] {dagbag.py:545} INFO - Filling up the DagBag from /home/airflow/.local/lib/python3.12/site-packages/airflow/example_dags/example_setup_teardown_taskflow.py
[2026-07-31T12:17:36.288+0000] {processor.py:840} INFO - DAG(s) 'example_setup_teardown_taskflow' retrieved from /home/airflow/.local/lib/python3.12/site-packages/airflow/example_dags/example_setup_teardown_taskflow.py
[2026-07-31T12:17:36.327+0000] {logging_mixin.py:188} INFO - [2026-07-31T12:17:36.326+0000] {dag.py:3089} INFO - Sync 1 DAGs
[2026-07-31T12:17:36.369+0000] {logging_mixin.py:188} INFO - [2026-07-31T12:17:36.368+0000] {dag.py:3947} INFO - Setting next_dagrun for example_setup_teardown_taskflow to 2026-07-30 00:00:00+00:00, run_after=2026-07-31 00:00:00+00:00
[2026-07-31T12:17:36.411+0000] {processor.py:183} INFO - Processing /home/airflow/.local/lib/python3.12/site-packages/airflow/example_dags/example_setup_teardown_taskflow.py took 0.154 seconds
[2026-07-31T12:18:06.861+0000] {processor.py:161} INFO - Started process (PID=8708) to work on /home/airflow/.local/lib/python3.12/site-packages/airflow/example_dags/example_setup_teardown_taskflow.py
[2026-07-31T12:18:06.863+0000] {processor.py:830} INFO - Processing file /home/airflow/.local/lib/python3.12/site-packages/airflow/example_dags/example_setup_teardown_taskflow.py for tasks to queue
[2026-07-31T12:18:06.865+0000] {logging_mixin.py:188} INFO - [2026-07-31T12:18:06.865+0000] {dagbag.py:545} INFO - Filling up the DagBag from /home/airflow/.local/lib/python3.12/site-packages/airflow/example_dags/example_setup_teardown_taskflow.py
[2026-07-31T12:18:06.879+0000] {processor.py:840} INFO - DAG(s) 'example_setup_teardown_taskflow' retrieved from /home/airflow/.local/lib/python3.12/site-packages/airflow/example_dags/example_setup_teardown_taskflow.py
[2026-07-31T12:18:06.910+0000] {logging_mixin.py:188} INFO - [2026-07-31T12:18:06.909+0000] {dag.py:3089} INFO - Sync 1 DAGs
[2026-07-31T12:18:06.938+0000] {logging_mixin.py:188} INFO - [2026-07-31T12:18:06.938+0000] {dag.py:3947} INFO - Setting next_dagrun for example_setup_teardown_taskflow to 2026-07-30 00:00:00+00:00, run_after=2026-07-31 00:00:00+00:00
[2026-07-31T12:18:06.963+0000] {processor.py:183} INFO - Processing /home/airflow/.local/lib/python3.12/site-packages/airflow/example_dags/example_setup_teardown_taskflow.py took 0.108 seconds
[2026-07-31T12:18:37.552+0000] {processor.py:161} INFO - Started process (PID=8766) to work on /home/airflow/.local/lib/python3.12/site-packages/airflow/example_dags/example_setup_teardown_taskflow.py
[2026-07-31T12:18:37.554+0000] {processor.py:830} INFO - Processing file /home/airflow/.local/lib/python3.12/site-packages/airflow/example_dags/example_setup_teardown_taskflow.py for tasks to queue
[2026-07-31T12:18:37.557+0000] {logging_mixin.py:188} INFO - [2026-07-31T12:18:37.557+0000] {dagbag.py:545} INFO - Filling up the DagBag from /home/airflow/.local/lib/python3.12/site-packages/airflow/example_dags/example_setup_teardown_taskflow.py
[2026-07-31T12:18:37.575+0000] {processor.py:840} INFO - DAG(s) 'example_setup_teardown_taskflow' retrieved from /home/airflow/.local/lib/python3.12/site-packages/airflow/example_dags/example_setup_teardown_taskflow.py
[2026-07-31T12:18:37.616+0000] {logging_mixin.py:188} INFO - [2026-07-31T12:18:37.616+0000] {dag.py:3089} INFO - Sync 1 DAGs
[2026-07-31T12:18:37.657+0000] {logging_mixin.py:188} INFO - [2026-07-31T12:18:37.657+0000] {dag.py:3947} INFO - Setting next_dagrun for example_setup_teardown_taskflow to 2026-07-30 00:00:00+00:00, run_after=2026-07-31 00:00:00+00:00
[2026-07-31T12:18:37.687+0000] {processor.py:183} INFO - Processing /home/airflow/.local/lib/python3.12/site-packages/airflow/example_dags/example_setup_teardown_taskflow.py took 0.145 seconds
[2026-07-31T12:19:08.520+0000] {processor.py:161} INFO - Started process (PID=8824) to work on /home/airflow/.local/lib/python3.12/site-packages/airflow/example_dags/example_setup_teardown_taskflow.py
[2026-07-31T12:19:08.522+0000] {processor.py:830} INFO - Processing file /home/airflow/.local/lib/python3.12/site-packages/airflow/example_dags/example_setup_teardown_taskflow.py for tasks to queue
[2026-07-31T12:19:08.525+0000] {logging_mixin.py:188} INFO - [2026-07-31T12:19:08.525+0000] {dagbag.py:545} INFO - Filling up the DagBag from /home/airflow/.local/lib/python3.12/site-packages/airflow/example_dags/example_setup_teardown_taskflow.py
[2026-07-31T12:19:08.542+0000] {processor.py:840} INFO - DAG(s) 'example_setup_teardown_taskflow' retrieved from /home/airflow/.local/lib/python3.12/site-packages/airflow/example_dags/example_setup_teardown_taskflow.py
[2026-07-31T12:19:08.580+0000] {logging_mixin.py:188} INFO - [2026-07-31T12:19:08.580+0000] {dag.py:3089} INFO - Sync 1 DAGs
[2026-07-31T12:19:08.617+0000] {logging_mixin.py:188} INFO - [2026-07-31T12:19:08.616+0000] {dag.py:3947} INFO - Setting next_dagrun for example_setup_teardown_taskflow to 2026-07-30 00:00:00+00:00, run_after=2026-07-31 00:00:00+00:00
[2026-07-31T12:19:08.655+0000] {processor.py:183} INFO - Processing /home/airflow/.local/lib/python3.12/site-packages/airflow/example_dags/example_setup_teardown_taskflow.py took 0.143 seconds
[2026-07-31T12:19:38.896+0000] {processor.py:161} INFO - Started process (PID=8883) to work on /home/airflow/.local/lib/python3.12/site-packages/airflow/example_dags/example_setup_teardown_taskflow.py
[2026-07-31T12:19:38.898+0000] {processor.py:830} INFO - Processing file /home/airflow/.local/lib/python3.12/site-packages/airflow/example_dags/example_setup_teardown_taskflow.py for tasks to queue
[2026-07-31T12:19:38.901+0000] {logging_mixin.py:188} INFO - [2026-07-31T12:19:38.901+0000] {dagbag.py:545} INFO - Filling up the DagBag from /home/airflow/.local/lib/python3.12/site-packages/airflow/example_dags/example_setup_teardown_taskflow.py
[2026-07-31T12:19:38.926+0000] {processor.py:840} INFO - DAG(s) 'example_setup_teardown_taskflow' retrieved from /home/airflow/.local/lib/python3.12/site-packages/airflow/example_dags/example_setup_teardown_taskflow.py
[2026-07-31T12:19:38.967+0000] {logging_mixin.py:188} INFO - [2026-07-31T12:19:38.966+0000] {dag.py:3089} INFO - Sync 1 DAGs
[2026-07-31T12:19:39.008+0000] {logging_mixin.py:188} INFO - [2026-07-31T12:19:39.008+0000] {dag.py:3947} INFO - Setting next_dagrun for example_setup_teardown_taskflow to 2026-07-30 00:00:00+00:00, run_after=2026-07-31 00:00:00+00:00
[2026-07-31T12:19:39.048+0000] {processor.py:183} INFO - Processing /home/airflow/.local/lib/python3.12/site-packages/airflow/example_dags/example_setup_teardown_taskflow.py took 0.166 seconds
[2026-07-31T12:20:10.584+0000] {processor.py:161} INFO - Started process (PID=8941) to work on /home/airflow/.local/lib/python3.12/site-packages/airflow/example_dags/example_setup_teardown_taskflow.py
[2026-07-31T12:20:10.626+0000] {processor.py:830} INFO - Processing file /home/airflow/.local/lib/python3.12/site-packages/airflow/example_dags/example_setup_teardown_taskflow.py for tasks to queue
[2026-07-31T12:20:10.649+0000] {logging_mixin.py:188} INFO - [2026-07-31T12:20:10.648+0000] {dagbag.py:545} INFO - Filling up the DagBag from /home/airflow/.local/lib/python3.12/site-packages/airflow/example_dags/example_setup_teardown_taskflow.py
[2026-07-31T12:20:10.735+0000] {processor.py:840} INFO - DAG(s) 'example_setup_teardown_taskflow' retrieved from /home/airflow/.local/lib/python3.12/site-packages/airflow/example_dags/example_setup_teardown_taskflow.py
[2026-07-31T12:20:10.888+0000] {logging_mixin.py:188} INFO - [2026-07-31T12:20:10.887+0000] {dag.py:3089} INFO - Sync 1 DAGs
[2026-07-31T12:20:11.053+0000] {logging_mixin.py:188} INFO - [2026-07-31T12:20:11.052+0000] {dag.py:3947} INFO - Setting next_dagrun for example_setup_teardown_taskflow to 2026-07-30 00:00:00+00:00, run_after=2026-07-31 00:00:00+00:00
[2026-07-31T12:20:11.189+0000] {processor.py:183} INFO - Processing /home/airflow/.local/lib/python3.12/site-packages/airflow/example_dags/example_setup_teardown_taskflow.py took 0.644 seconds
[2026-07-31T12:20:41.952+0000] {processor.py:161} INFO - Started process (PID=8999) to work on /home/airflow/.local/lib/python3.12/site-packages/airflow/example_dags/example_setup_teardown_taskflow.py
[2026-07-31T12:20:41.954+0000] {processor.py:830} INFO - Processing file /home/airflow/.local/lib/python3.12/site-packages/airflow/example_dags/example_setup_teardown_taskflow.py for tasks to queue
[2026-07-31T12:20:41.957+0000] {logging_mixin.py:188} INFO - [2026-07-31T12:20:41.956+0000] {dagbag.py:545} INFO - Filling up the DagBag from /home/airflow/.local/lib/python3.12/site-packages/airflow/example_dags/example_setup_teardown_taskflow.py
[2026-07-31T12:20:41.968+0000] {processor.py:840} INFO - DAG(s) 'example_setup_teardown_taskflow' retrieved from /home/airflow/.local/lib/python3.12/site-packages/airflow/example_dags/example_setup_teardown_taskflow.py
[2026-07-31T12:20:41.998+0000] {logging_mixin.py:188} INFO - [2026-07-31T12:20:41.998+0000] {dag.py:3089} INFO - Sync 1 DAGs
[2026-07-31T12:20:42.029+0000] {logging_mixin.py:188} INFO - [2026-07-31T12:20:42.029+0000] {dag.py:3947} INFO - Setting next_dagrun for example_setup_teardown_taskflow to 2026-07-30 00:00:00+00:00, run_after=2026-07-31 00:00:00+00:00
[2026-07-31T12:20:42.063+0000] {processor.py:183} INFO - Processing /home/airflow/.local/lib/python3.12/site-packages/airflow/example_dags/example_setup_teardown_taskflow.py took 0.118 seconds
