[2026-07-31T10:53:12.647+0000] {processor.py:161} INFO - Started process (PID=116) to work on /home/airflow/.local/lib/python3.12/site-packages/airflow/example_dags/example_trigger_target_dag.py
[2026-07-31T10:53:12.651+0000] {processor.py:830} INFO - Processing file /home/airflow/.local/lib/python3.12/site-packages/airflow/example_dags/example_trigger_target_dag.py for tasks to queue
[2026-07-31T10:53:12.657+0000] {logging_mixin.py:188} INFO - [2026-07-31T10:53:12.656+0000] {dagbag.py:545} INFO - Filling up the DagBag from /home/airflow/.local/lib/python3.12/site-packages/airflow/example_dags/example_trigger_target_dag.py
[2026-07-31T10:53:12.702+0000] {processor.py:840} INFO - DAG(s) 'example_trigger_target_dag' retrieved from /home/airflow/.local/lib/python3.12/site-packages/airflow/example_dags/example_trigger_target_dag.py
[2026-07-31T10:53:13.474+0000] {logging_mixin.py:188} INFO - [2026-07-31T10:53:13.472+0000] {dag.py:3089} INFO - Sync 1 DAGs
[2026-07-31T10:53:13.531+0000] {logging_mixin.py:188} INFO - [2026-07-31T10:53:13.530+0000] {dag.py:3947} INFO - Setting next_dagrun for example_trigger_target_dag to None, run_after=None
[2026-07-31T10:53:13.627+0000] {processor.py:183} INFO - Processing /home/airflow/.local/lib/python3.12/site-packages/airflow/example_dags/example_trigger_target_dag.py took 1.010 seconds
[2026-07-31T10:54:07.311+0000] {processor.py:161} INFO - Started process (PID=180) to work on /home/airflow/.local/lib/python3.12/site-packages/airflow/example_dags/example_trigger_target_dag.py
[2026-07-31T10:54:07.321+0000] {processor.py:830} INFO - Processing file /home/airflow/.local/lib/python3.12/site-packages/airflow/example_dags/example_trigger_target_dag.py for tasks to queue
[2026-07-31T10:54:07.328+0000] {logging_mixin.py:188} INFO - [2026-07-31T10:54:07.327+0000] {dagbag.py:545} INFO - Filling up the DagBag from /home/airflow/.local/lib/python3.12/site-packages/airflow/example_dags/example_trigger_target_dag.py
[2026-07-31T10:54:07.386+0000] {processor.py:840} INFO - DAG(s) 'example_trigger_target_dag' retrieved from /home/airflow/.local/lib/python3.12/site-packages/airflow/example_dags/example_trigger_target_dag.py
[2026-07-31T10:54:07.751+0000] {logging_mixin.py:188} INFO - [2026-07-31T10:54:07.750+0000] {dag.py:3089} INFO - Sync 1 DAGs
[2026-07-31T10:54:07.896+0000] {logging_mixin.py:188} INFO - [2026-07-31T10:54:07.895+0000] {dag.py:3947} INFO - Setting next_dagrun for example_trigger_target_dag to None, run_after=None
[2026-07-31T10:54:08.054+0000] {processor.py:183} INFO - Processing /home/airflow/.local/lib/python3.12/site-packages/airflow/example_dags/example_trigger_target_dag.py took 0.783 seconds
[2026-07-31T10:55:17.529+0000] {processor.py:161} INFO - Started process (PID=239) to work on /home/airflow/.local/lib/python3.12/site-packages/airflow/example_dags/example_trigger_target_dag.py
[2026-07-31T10:55:17.533+0000] {processor.py:830} INFO - Processing file /home/airflow/.local/lib/python3.12/site-packages/airflow/example_dags/example_trigger_target_dag.py for tasks to queue
[2026-07-31T10:55:17.542+0000] {logging_mixin.py:188} INFO - [2026-07-31T10:55:17.541+0000] {dagbag.py:545} INFO - Filling up the DagBag from /home/airflow/.local/lib/python3.12/site-packages/airflow/example_dags/example_trigger_target_dag.py
[2026-07-31T10:55:17.568+0000] {processor.py:840} INFO - DAG(s) 'example_trigger_target_dag' retrieved from /home/airflow/.local/lib/python3.12/site-packages/airflow/example_dags/example_trigger_target_dag.py
[2026-07-31T10:55:17.646+0000] {logging_mixin.py:188} INFO - [2026-07-31T10:55:17.645+0000] {dag.py:3089} INFO - Sync 1 DAGs
[2026-07-31T10:55:17.729+0000] {logging_mixin.py:188} INFO - [2026-07-31T10:55:17.729+0000] {dag.py:3947} INFO - Setting next_dagrun for example_trigger_target_dag to None, run_after=None
[2026-07-31T10:55:17.816+0000] {processor.py:183} INFO - Processing /home/airflow/.local/lib/python3.12/site-packages/airflow/example_dags/example_trigger_target_dag.py took 0.313 seconds
[2026-07-31T10:55:48.186+0000] {processor.py:161} INFO - Started process (PID=297) to work on /home/airflow/.local/lib/python3.12/site-packages/airflow/example_dags/example_trigger_target_dag.py
[2026-07-31T10:55:48.188+0000] {processor.py:830} INFO - Processing file /home/airflow/.local/lib/python3.12/site-packages/airflow/example_dags/example_trigger_target_dag.py for tasks to queue
[2026-07-31T10:55:48.192+0000] {logging_mixin.py:188} INFO - [2026-07-31T10:55:48.191+0000] {dagbag.py:545} INFO - Filling up the DagBag from /home/airflow/.local/lib/python3.12/site-packages/airflow/example_dags/example_trigger_target_dag.py
[2026-07-31T10:55:48.204+0000] {processor.py:840} INFO - DAG(s) 'example_trigger_target_dag' retrieved from /home/airflow/.local/lib/python3.12/site-packages/airflow/example_dags/example_trigger_target_dag.py
[2026-07-31T10:55:48.236+0000] {logging_mixin.py:188} INFO - [2026-07-31T10:55:48.235+0000] {dag.py:3089} INFO - Sync 1 DAGs
[2026-07-31T10:55:48.258+0000] {logging_mixin.py:188} INFO - [2026-07-31T10:55:48.258+0000] {dag.py:3947} INFO - Setting next_dagrun for example_trigger_target_dag to None, run_after=None
[2026-07-31T10:55:48.297+0000] {processor.py:183} INFO - Processing /home/airflow/.local/lib/python3.12/site-packages/airflow/example_dags/example_trigger_target_dag.py took 0.123 seconds
[2026-07-31T10:56:18.418+0000] {processor.py:161} INFO - Started process (PID=355) to work on /home/airflow/.local/lib/python3.12/site-packages/airflow/example_dags/example_trigger_target_dag.py
[2026-07-31T10:56:18.421+0000] {processor.py:830} INFO - Processing file /home/airflow/.local/lib/python3.12/site-packages/airflow/example_dags/example_trigger_target_dag.py for tasks to queue
[2026-07-31T10:56:18.425+0000] {logging_mixin.py:188} INFO - [2026-07-31T10:56:18.424+0000] {dagbag.py:545} INFO - Filling up the DagBag from /home/airflow/.local/lib/python3.12/site-packages/airflow/example_dags/example_trigger_target_dag.py
[2026-07-31T10:56:18.440+0000] {processor.py:840} INFO - DAG(s) 'example_trigger_target_dag' retrieved from /home/airflow/.local/lib/python3.12/site-packages/airflow/example_dags/example_trigger_target_dag.py
[2026-07-31T10:56:18.485+0000] {logging_mixin.py:188} INFO - [2026-07-31T10:56:18.484+0000] {dag.py:3089} INFO - Sync 1 DAGs
[2026-07-31T10:56:18.516+0000] {logging_mixin.py:188} INFO - [2026-07-31T10:56:18.516+0000] {dag.py:3947} INFO - Setting next_dagrun for example_trigger_target_dag to None, run_after=None
[2026-07-31T10:56:18.559+0000] {processor.py:183} INFO - Processing /home/airflow/.local/lib/python3.12/site-packages/airflow/example_dags/example_trigger_target_dag.py took 0.154 seconds
[2026-07-31T10:56:56.651+0000] {processor.py:161} INFO - Started process (PID=413) to work on /home/airflow/.local/lib/python3.12/site-packages/airflow/example_dags/example_trigger_target_dag.py
[2026-07-31T10:56:56.669+0000] {processor.py:830} INFO - Processing file /home/airflow/.local/lib/python3.12/site-packages/airflow/example_dags/example_trigger_target_dag.py for tasks to queue
[2026-07-31T10:56:56.692+0000] {logging_mixin.py:188} INFO - [2026-07-31T10:56:56.692+0000] {dagbag.py:545} INFO - Filling up the DagBag from /home/airflow/.local/lib/python3.12/site-packages/airflow/example_dags/example_trigger_target_dag.py
[2026-07-31T10:56:56.725+0000] {processor.py:840} INFO - DAG(s) 'example_trigger_target_dag' retrieved from /home/airflow/.local/lib/python3.12/site-packages/airflow/example_dags/example_trigger_target_dag.py
[2026-07-31T10:56:56.875+0000] {logging_mixin.py:188} INFO - [2026-07-31T10:56:56.874+0000] {dag.py:3089} INFO - Sync 1 DAGs
[2026-07-31T10:56:56.947+0000] {logging_mixin.py:188} INFO - [2026-07-31T10:56:56.942+0000] {dag.py:3947} INFO - Setting next_dagrun for example_trigger_target_dag to None, run_after=None
[2026-07-31T10:56:57.017+0000] {processor.py:183} INFO - Processing /home/airflow/.local/lib/python3.12/site-packages/airflow/example_dags/example_trigger_target_dag.py took 0.399 seconds
[2026-07-31T10:57:29.519+0000] {processor.py:161} INFO - Started process (PID=471) to work on /home/airflow/.local/lib/python3.12/site-packages/airflow/example_dags/example_trigger_target_dag.py
[2026-07-31T10:57:29.525+0000] {processor.py:830} INFO - Processing file /home/airflow/.local/lib/python3.12/site-packages/airflow/example_dags/example_trigger_target_dag.py for tasks to queue
[2026-07-31T10:57:29.530+0000] {logging_mixin.py:188} INFO - [2026-07-31T10:57:29.529+0000] {dagbag.py:545} INFO - Filling up the DagBag from /home/airflow/.local/lib/python3.12/site-packages/airflow/example_dags/example_trigger_target_dag.py
[2026-07-31T10:57:29.553+0000] {processor.py:840} INFO - DAG(s) 'example_trigger_target_dag' retrieved from /home/airflow/.local/lib/python3.12/site-packages/airflow/example_dags/example_trigger_target_dag.py
[2026-07-31T10:57:29.624+0000] {logging_mixin.py:188} INFO - [2026-07-31T10:57:29.624+0000] {dag.py:3089} INFO - Sync 1 DAGs
[2026-07-31T10:57:29.685+0000] {logging_mixin.py:188} INFO - [2026-07-31T10:57:29.684+0000] {dag.py:3947} INFO - Setting next_dagrun for example_trigger_target_dag to None, run_after=None
[2026-07-31T10:57:29.761+0000] {processor.py:183} INFO - Processing /home/airflow/.local/lib/python3.12/site-packages/airflow/example_dags/example_trigger_target_dag.py took 0.264 seconds
[2026-07-31T10:58:00.215+0000] {processor.py:161} INFO - Started process (PID=527) to work on /home/airflow/.local/lib/python3.12/site-packages/airflow/example_dags/example_trigger_target_dag.py
[2026-07-31T10:58:00.217+0000] {processor.py:830} INFO - Processing file /home/airflow/.local/lib/python3.12/site-packages/airflow/example_dags/example_trigger_target_dag.py for tasks to queue
[2026-07-31T10:58:00.221+0000] {logging_mixin.py:188} INFO - [2026-07-31T10:58:00.220+0000] {dagbag.py:545} INFO - Filling up the DagBag from /home/airflow/.local/lib/python3.12/site-packages/airflow/example_dags/example_trigger_target_dag.py
[2026-07-31T10:58:00.233+0000] {processor.py:840} INFO - DAG(s) 'example_trigger_target_dag' retrieved from /home/airflow/.local/lib/python3.12/site-packages/airflow/example_dags/example_trigger_target_dag.py
[2026-07-31T10:58:00.270+0000] {logging_mixin.py:188} INFO - [2026-07-31T10:58:00.270+0000] {dag.py:3089} INFO - Sync 1 DAGs
[2026-07-31T10:58:00.293+0000] {logging_mixin.py:188} INFO - [2026-07-31T10:58:00.292+0000] {dag.py:3947} INFO - Setting next_dagrun for example_trigger_target_dag to None, run_after=None
[2026-07-31T10:58:00.334+0000] {processor.py:183} INFO - Processing /home/airflow/.local/lib/python3.12/site-packages/airflow/example_dags/example_trigger_target_dag.py took 0.127 seconds
[2026-07-31T10:58:30.629+0000] {processor.py:161} INFO - Started process (PID=585) to work on /home/airflow/.local/lib/python3.12/site-packages/airflow/example_dags/example_trigger_target_dag.py
[2026-07-31T10:58:30.631+0000] {processor.py:830} INFO - Processing file /home/airflow/.local/lib/python3.12/site-packages/airflow/example_dags/example_trigger_target_dag.py for tasks to queue
[2026-07-31T10:58:30.636+0000] {logging_mixin.py:188} INFO - [2026-07-31T10:58:30.635+0000] {dagbag.py:545} INFO - Filling up the DagBag from /home/airflow/.local/lib/python3.12/site-packages/airflow/example_dags/example_trigger_target_dag.py
[2026-07-31T10:58:30.652+0000] {processor.py:840} INFO - DAG(s) 'example_trigger_target_dag' retrieved from /home/airflow/.local/lib/python3.12/site-packages/airflow/example_dags/example_trigger_target_dag.py
[2026-07-31T10:58:30.695+0000] {logging_mixin.py:188} INFO - [2026-07-31T10:58:30.695+0000] {dag.py:3089} INFO - Sync 1 DAGs
[2026-07-31T10:58:30.727+0000] {logging_mixin.py:188} INFO - [2026-07-31T10:58:30.726+0000] {dag.py:3947} INFO - Setting next_dagrun for example_trigger_target_dag to None, run_after=None
[2026-07-31T10:58:30.804+0000] {processor.py:183} INFO - Processing /home/airflow/.local/lib/python3.12/site-packages/airflow/example_dags/example_trigger_target_dag.py took 0.188 seconds
[2026-07-31T10:59:01.236+0000] {processor.py:161} INFO - Started process (PID=643) to work on /home/airflow/.local/lib/python3.12/site-packages/airflow/example_dags/example_trigger_target_dag.py
[2026-07-31T10:59:01.237+0000] {processor.py:830} INFO - Processing file /home/airflow/.local/lib/python3.12/site-packages/airflow/example_dags/example_trigger_target_dag.py for tasks to queue
[2026-07-31T10:59:01.240+0000] {logging_mixin.py:188} INFO - [2026-07-31T10:59:01.240+0000] {dagbag.py:545} INFO - Filling up the DagBag from /home/airflow/.local/lib/python3.12/site-packages/airflow/example_dags/example_trigger_target_dag.py
[2026-07-31T10:59:01.254+0000] {processor.py:840} INFO - DAG(s) 'example_trigger_target_dag' retrieved from /home/airflow/.local/lib/python3.12/site-packages/airflow/example_dags/example_trigger_target_dag.py
[2026-07-31T10:59:01.291+0000] {logging_mixin.py:188} INFO - [2026-07-31T10:59:01.291+0000] {dag.py:3089} INFO - Sync 1 DAGs
[2026-07-31T10:59:01.323+0000] {logging_mixin.py:188} INFO - [2026-07-31T10:59:01.323+0000] {dag.py:3947} INFO - Setting next_dagrun for example_trigger_target_dag to None, run_after=None
[2026-07-31T10:59:01.369+0000] {processor.py:183} INFO - Processing /home/airflow/.local/lib/python3.12/site-packages/airflow/example_dags/example_trigger_target_dag.py took 0.143 seconds
[2026-07-31T10:59:31.797+0000] {processor.py:161} INFO - Started process (PID=701) to work on /home/airflow/.local/lib/python3.12/site-packages/airflow/example_dags/example_trigger_target_dag.py
[2026-07-31T10:59:31.799+0000] {processor.py:830} INFO - Processing file /home/airflow/.local/lib/python3.12/site-packages/airflow/example_dags/example_trigger_target_dag.py for tasks to queue
[2026-07-31T10:59:31.802+0000] {logging_mixin.py:188} INFO - [2026-07-31T10:59:31.802+0000] {dagbag.py:545} INFO - Filling up the DagBag from /home/airflow/.local/lib/python3.12/site-packages/airflow/example_dags/example_trigger_target_dag.py
[2026-07-31T10:59:31.818+0000] {processor.py:840} INFO - DAG(s) 'example_trigger_target_dag' retrieved from /home/airflow/.local/lib/python3.12/site-packages/airflow/example_dags/example_trigger_target_dag.py
[2026-07-31T10:59:31.854+0000] {logging_mixin.py:188} INFO - [2026-07-31T10:59:31.854+0000] {dag.py:3089} INFO - Sync 1 DAGs
[2026-07-31T10:59:31.884+0000] {logging_mixin.py:188} INFO - [2026-07-31T10:59:31.883+0000] {dag.py:3947} INFO - Setting next_dagrun for example_trigger_target_dag to None, run_after=None
[2026-07-31T10:59:31.961+0000] {processor.py:183} INFO - Processing /home/airflow/.local/lib/python3.12/site-packages/airflow/example_dags/example_trigger_target_dag.py took 0.177 seconds
[2026-07-31T11:00:02.506+0000] {processor.py:161} INFO - Started process (PID=759) to work on /home/airflow/.local/lib/python3.12/site-packages/airflow/example_dags/example_trigger_target_dag.py
[2026-07-31T11:00:02.510+0000] {processor.py:830} INFO - Processing file /home/airflow/.local/lib/python3.12/site-packages/airflow/example_dags/example_trigger_target_dag.py for tasks to queue
[2026-07-31T11:00:02.517+0000] {logging_mixin.py:188} INFO - [2026-07-31T11:00:02.516+0000] {dagbag.py:545} INFO - Filling up the DagBag from /home/airflow/.local/lib/python3.12/site-packages/airflow/example_dags/example_trigger_target_dag.py
[2026-07-31T11:00:02.529+0000] {processor.py:840} INFO - DAG(s) 'example_trigger_target_dag' retrieved from /home/airflow/.local/lib/python3.12/site-packages/airflow/example_dags/example_trigger_target_dag.py
[2026-07-31T11:00:02.570+0000] {logging_mixin.py:188} INFO - [2026-07-31T11:00:02.570+0000] {dag.py:3089} INFO - Sync 1 DAGs
[2026-07-31T11:00:02.597+0000] {logging_mixin.py:188} INFO - [2026-07-31T11:00:02.596+0000] {dag.py:3947} INFO - Setting next_dagrun for example_trigger_target_dag to None, run_after=None
[2026-07-31T11:00:02.630+0000] {processor.py:183} INFO - Processing /home/airflow/.local/lib/python3.12/site-packages/airflow/example_dags/example_trigger_target_dag.py took 0.135 seconds
[2026-07-31T11:00:32.906+0000] {processor.py:161} INFO - Started process (PID=817) to work on /home/airflow/.local/lib/python3.12/site-packages/airflow/example_dags/example_trigger_target_dag.py
[2026-07-31T11:00:32.912+0000] {processor.py:830} INFO - Processing file /home/airflow/.local/lib/python3.12/site-packages/airflow/example_dags/example_trigger_target_dag.py for tasks to queue
[2026-07-31T11:00:32.924+0000] {logging_mixin.py:188} INFO - [2026-07-31T11:00:32.923+0000] {dagbag.py:545} INFO - Filling up the DagBag from /home/airflow/.local/lib/python3.12/site-packages/airflow/example_dags/example_trigger_target_dag.py
[2026-07-31T11:00:32.958+0000] {processor.py:840} INFO - DAG(s) 'example_trigger_target_dag' retrieved from /home/airflow/.local/lib/python3.12/site-packages/airflow/example_dags/example_trigger_target_dag.py
[2026-07-31T11:00:33.068+0000] {logging_mixin.py:188} INFO - [2026-07-31T11:00:33.066+0000] {dag.py:3089} INFO - Sync 1 DAGs
[2026-07-31T11:00:33.153+0000] {logging_mixin.py:188} INFO - [2026-07-31T11:00:33.152+0000] {dag.py:3947} INFO - Setting next_dagrun for example_trigger_target_dag to None, run_after=None
[2026-07-31T11:00:33.298+0000] {processor.py:183} INFO - Processing /home/airflow/.local/lib/python3.12/site-packages/airflow/example_dags/example_trigger_target_dag.py took 0.418 seconds
[2026-07-31T11:01:03.626+0000] {processor.py:161} INFO - Started process (PID=875) to work on /home/airflow/.local/lib/python3.12/site-packages/airflow/example_dags/example_trigger_target_dag.py
[2026-07-31T11:01:03.628+0000] {processor.py:830} INFO - Processing file /home/airflow/.local/lib/python3.12/site-packages/airflow/example_dags/example_trigger_target_dag.py for tasks to queue
[2026-07-31T11:01:03.632+0000] {logging_mixin.py:188} INFO - [2026-07-31T11:01:03.631+0000] {dagbag.py:545} INFO - Filling up the DagBag from /home/airflow/.local/lib/python3.12/site-packages/airflow/example_dags/example_trigger_target_dag.py
[2026-07-31T11:01:03.641+0000] {processor.py:840} INFO - DAG(s) 'example_trigger_target_dag' retrieved from /home/airflow/.local/lib/python3.12/site-packages/airflow/example_dags/example_trigger_target_dag.py
[2026-07-31T11:01:03.669+0000] {logging_mixin.py:188} INFO - [2026-07-31T11:01:03.668+0000] {dag.py:3089} INFO - Sync 1 DAGs
[2026-07-31T11:01:03.687+0000] {logging_mixin.py:188} INFO - [2026-07-31T11:01:03.687+0000] {dag.py:3947} INFO - Setting next_dagrun for example_trigger_target_dag to None, run_after=None
[2026-07-31T11:01:03.716+0000] {processor.py:183} INFO - Processing /home/airflow/.local/lib/python3.12/site-packages/airflow/example_dags/example_trigger_target_dag.py took 0.097 seconds
[2026-07-31T11:01:34.157+0000] {processor.py:161} INFO - Started process (PID=933) to work on /home/airflow/.local/lib/python3.12/site-packages/airflow/example_dags/example_trigger_target_dag.py
[2026-07-31T11:01:34.162+0000] {processor.py:830} INFO - Processing file /home/airflow/.local/lib/python3.12/site-packages/airflow/example_dags/example_trigger_target_dag.py for tasks to queue
[2026-07-31T11:01:34.175+0000] {logging_mixin.py:188} INFO - [2026-07-31T11:01:34.174+0000] {dagbag.py:545} INFO - Filling up the DagBag from /home/airflow/.local/lib/python3.12/site-packages/airflow/example_dags/example_trigger_target_dag.py
[2026-07-31T11:01:34.208+0000] {processor.py:840} INFO - DAG(s) 'example_trigger_target_dag' retrieved from /home/airflow/.local/lib/python3.12/site-packages/airflow/example_dags/example_trigger_target_dag.py
[2026-07-31T11:01:34.299+0000] {logging_mixin.py:188} INFO - [2026-07-31T11:01:34.298+0000] {dag.py:3089} INFO - Sync 1 DAGs
[2026-07-31T11:01:34.355+0000] {logging_mixin.py:188} INFO - [2026-07-31T11:01:34.353+0000] {dag.py:3947} INFO - Setting next_dagrun for example_trigger_target_dag to None, run_after=None
[2026-07-31T11:01:34.406+0000] {processor.py:183} INFO - Processing /home/airflow/.local/lib/python3.12/site-packages/airflow/example_dags/example_trigger_target_dag.py took 0.285 seconds
[2026-07-31T11:02:04.619+0000] {processor.py:161} INFO - Started process (PID=991) to work on /home/airflow/.local/lib/python3.12/site-packages/airflow/example_dags/example_trigger_target_dag.py
[2026-07-31T11:02:04.622+0000] {processor.py:830} INFO - Processing file /home/airflow/.local/lib/python3.12/site-packages/airflow/example_dags/example_trigger_target_dag.py for tasks to queue
[2026-07-31T11:02:04.629+0000] {logging_mixin.py:188} INFO - [2026-07-31T11:02:04.627+0000] {dagbag.py:545} INFO - Filling up the DagBag from /home/airflow/.local/lib/python3.12/site-packages/airflow/example_dags/example_trigger_target_dag.py
[2026-07-31T11:02:04.648+0000] {processor.py:840} INFO - DAG(s) 'example_trigger_target_dag' retrieved from /home/airflow/.local/lib/python3.12/site-packages/airflow/example_dags/example_trigger_target_dag.py
[2026-07-31T11:02:04.708+0000] {logging_mixin.py:188} INFO - [2026-07-31T11:02:04.707+0000] {dag.py:3089} INFO - Sync 1 DAGs
[2026-07-31T11:02:04.748+0000] {logging_mixin.py:188} INFO - [2026-07-31T11:02:04.747+0000] {dag.py:3947} INFO - Setting next_dagrun for example_trigger_target_dag to None, run_after=None
[2026-07-31T11:02:04.809+0000] {processor.py:183} INFO - Processing /home/airflow/.local/lib/python3.12/site-packages/airflow/example_dags/example_trigger_target_dag.py took 0.208 seconds
[2026-07-31T11:02:44.731+0000] {processor.py:161} INFO - Started process (PID=1055) to work on /home/airflow/.local/lib/python3.12/site-packages/airflow/example_dags/example_trigger_target_dag.py
[2026-07-31T11:02:44.746+0000] {processor.py:830} INFO - Processing file /home/airflow/.local/lib/python3.12/site-packages/airflow/example_dags/example_trigger_target_dag.py for tasks to queue
[2026-07-31T11:02:44.761+0000] {logging_mixin.py:188} INFO - [2026-07-31T11:02:44.758+0000] {dagbag.py:545} INFO - Filling up the DagBag from /home/airflow/.local/lib/python3.12/site-packages/airflow/example_dags/example_trigger_target_dag.py
[2026-07-31T11:02:44.846+0000] {processor.py:840} INFO - DAG(s) 'example_trigger_target_dag' retrieved from /home/airflow/.local/lib/python3.12/site-packages/airflow/example_dags/example_trigger_target_dag.py
[2026-07-31T11:02:45.041+0000] {logging_mixin.py:188} INFO - [2026-07-31T11:02:45.040+0000] {dag.py:3089} INFO - Sync 1 DAGs
[2026-07-31T11:02:45.231+0000] {logging_mixin.py:188} INFO - [2026-07-31T11:02:45.230+0000] {dag.py:3947} INFO - Setting next_dagrun for example_trigger_target_dag to None, run_after=None
[2026-07-31T11:02:45.390+0000] {processor.py:183} INFO - Processing /home/airflow/.local/lib/python3.12/site-packages/airflow/example_dags/example_trigger_target_dag.py took 0.736 seconds
[2026-07-31T11:03:15.841+0000] {processor.py:161} INFO - Started process (PID=1112) to work on /home/airflow/.local/lib/python3.12/site-packages/airflow/example_dags/example_trigger_target_dag.py
[2026-07-31T11:03:15.848+0000] {processor.py:830} INFO - Processing file /home/airflow/.local/lib/python3.12/site-packages/airflow/example_dags/example_trigger_target_dag.py for tasks to queue
[2026-07-31T11:03:15.865+0000] {logging_mixin.py:188} INFO - [2026-07-31T11:03:15.863+0000] {dagbag.py:545} INFO - Filling up the DagBag from /home/airflow/.local/lib/python3.12/site-packages/airflow/example_dags/example_trigger_target_dag.py
[2026-07-31T11:03:15.898+0000] {processor.py:840} INFO - DAG(s) 'example_trigger_target_dag' retrieved from /home/airflow/.local/lib/python3.12/site-packages/airflow/example_dags/example_trigger_target_dag.py
[2026-07-31T11:03:15.989+0000] {logging_mixin.py:188} INFO - [2026-07-31T11:03:15.987+0000] {dag.py:3089} INFO - Sync 1 DAGs
[2026-07-31T11:03:16.044+0000] {logging_mixin.py:188} INFO - [2026-07-31T11:03:16.044+0000] {dag.py:3947} INFO - Setting next_dagrun for example_trigger_target_dag to None, run_after=None
[2026-07-31T11:03:16.158+0000] {processor.py:183} INFO - Processing /home/airflow/.local/lib/python3.12/site-packages/airflow/example_dags/example_trigger_target_dag.py took 0.364 seconds
[2026-07-31T11:03:46.495+0000] {processor.py:161} INFO - Started process (PID=1170) to work on /home/airflow/.local/lib/python3.12/site-packages/airflow/example_dags/example_trigger_target_dag.py
[2026-07-31T11:03:46.498+0000] {processor.py:830} INFO - Processing file /home/airflow/.local/lib/python3.12/site-packages/airflow/example_dags/example_trigger_target_dag.py for tasks to queue
[2026-07-31T11:03:46.504+0000] {logging_mixin.py:188} INFO - [2026-07-31T11:03:46.503+0000] {dagbag.py:545} INFO - Filling up the DagBag from /home/airflow/.local/lib/python3.12/site-packages/airflow/example_dags/example_trigger_target_dag.py
[2026-07-31T11:03:46.524+0000] {processor.py:840} INFO - DAG(s) 'example_trigger_target_dag' retrieved from /home/airflow/.local/lib/python3.12/site-packages/airflow/example_dags/example_trigger_target_dag.py
[2026-07-31T11:03:46.603+0000] {logging_mixin.py:188} INFO - [2026-07-31T11:03:46.602+0000] {dag.py:3089} INFO - Sync 1 DAGs
[2026-07-31T11:03:46.655+0000] {logging_mixin.py:188} INFO - [2026-07-31T11:03:46.654+0000] {dag.py:3947} INFO - Setting next_dagrun for example_trigger_target_dag to None, run_after=None
[2026-07-31T11:03:46.718+0000] {processor.py:183} INFO - Processing /home/airflow/.local/lib/python3.12/site-packages/airflow/example_dags/example_trigger_target_dag.py took 0.238 seconds
[2026-07-31T11:04:21.816+0000] {processor.py:161} INFO - Started process (PID=1225) to work on /home/airflow/.local/lib/python3.12/site-packages/airflow/example_dags/example_trigger_target_dag.py
[2026-07-31T11:04:21.820+0000] {processor.py:830} INFO - Processing file /home/airflow/.local/lib/python3.12/site-packages/airflow/example_dags/example_trigger_target_dag.py for tasks to queue
[2026-07-31T11:04:21.827+0000] {logging_mixin.py:188} INFO - [2026-07-31T11:04:21.826+0000] {dagbag.py:545} INFO - Filling up the DagBag from /home/airflow/.local/lib/python3.12/site-packages/airflow/example_dags/example_trigger_target_dag.py
[2026-07-31T11:04:21.858+0000] {processor.py:840} INFO - DAG(s) 'example_trigger_target_dag' retrieved from /home/airflow/.local/lib/python3.12/site-packages/airflow/example_dags/example_trigger_target_dag.py
[2026-07-31T11:04:21.977+0000] {logging_mixin.py:188} INFO - [2026-07-31T11:04:21.976+0000] {dag.py:3089} INFO - Sync 1 DAGs
[2026-07-31T11:04:22.048+0000] {logging_mixin.py:188} INFO - [2026-07-31T11:04:22.047+0000] {dag.py:3947} INFO - Setting next_dagrun for example_trigger_target_dag to None, run_after=None
[2026-07-31T11:04:22.131+0000] {processor.py:183} INFO - Processing /home/airflow/.local/lib/python3.12/site-packages/airflow/example_dags/example_trigger_target_dag.py took 0.339 seconds
[2026-07-31T11:05:26.413+0000] {processor.py:161} INFO - Started process (PID=1289) to work on /home/airflow/.local/lib/python3.12/site-packages/airflow/example_dags/example_trigger_target_dag.py
[2026-07-31T11:05:26.426+0000] {processor.py:830} INFO - Processing file /home/airflow/.local/lib/python3.12/site-packages/airflow/example_dags/example_trigger_target_dag.py for tasks to queue
[2026-07-31T11:05:26.437+0000] {logging_mixin.py:188} INFO - [2026-07-31T11:05:26.435+0000] {dagbag.py:545} INFO - Filling up the DagBag from /home/airflow/.local/lib/python3.12/site-packages/airflow/example_dags/example_trigger_target_dag.py
[2026-07-31T11:05:26.494+0000] {processor.py:840} INFO - DAG(s) 'example_trigger_target_dag' retrieved from /home/airflow/.local/lib/python3.12/site-packages/airflow/example_dags/example_trigger_target_dag.py
[2026-07-31T11:05:26.630+0000] {logging_mixin.py:188} INFO - [2026-07-31T11:05:26.628+0000] {dag.py:3089} INFO - Sync 1 DAGs
[2026-07-31T11:05:26.815+0000] {logging_mixin.py:188} INFO - [2026-07-31T11:05:26.814+0000] {dag.py:3947} INFO - Setting next_dagrun for example_trigger_target_dag to None, run_after=None
[2026-07-31T11:05:27.164+0000] {processor.py:183} INFO - Processing /home/airflow/.local/lib/python3.12/site-packages/airflow/example_dags/example_trigger_target_dag.py took 0.788 seconds
[2026-07-31T11:06:09.916+0000] {processor.py:161} INFO - Started process (PID=1347) to work on /home/airflow/.local/lib/python3.12/site-packages/airflow/example_dags/example_trigger_target_dag.py
[2026-07-31T11:06:09.921+0000] {processor.py:830} INFO - Processing file /home/airflow/.local/lib/python3.12/site-packages/airflow/example_dags/example_trigger_target_dag.py for tasks to queue
[2026-07-31T11:06:09.935+0000] {logging_mixin.py:188} INFO - [2026-07-31T11:06:09.934+0000] {dagbag.py:545} INFO - Filling up the DagBag from /home/airflow/.local/lib/python3.12/site-packages/airflow/example_dags/example_trigger_target_dag.py
[2026-07-31T11:06:09.972+0000] {processor.py:840} INFO - DAG(s) 'example_trigger_target_dag' retrieved from /home/airflow/.local/lib/python3.12/site-packages/airflow/example_dags/example_trigger_target_dag.py
[2026-07-31T11:06:10.045+0000] {logging_mixin.py:188} INFO - [2026-07-31T11:06:10.044+0000] {dag.py:3089} INFO - Sync 1 DAGs
[2026-07-31T11:06:10.117+0000] {logging_mixin.py:188} INFO - [2026-07-31T11:06:10.116+0000] {dag.py:3947} INFO - Setting next_dagrun for example_trigger_target_dag to None, run_after=None
[2026-07-31T11:06:10.235+0000] {processor.py:183} INFO - Processing /home/airflow/.local/lib/python3.12/site-packages/airflow/example_dags/example_trigger_target_dag.py took 0.381 seconds
[2026-07-31T11:06:41.382+0000] {processor.py:161} INFO - Started process (PID=1402) to work on /home/airflow/.local/lib/python3.12/site-packages/airflow/example_dags/example_trigger_target_dag.py
[2026-07-31T11:06:41.454+0000] {processor.py:830} INFO - Processing file /home/airflow/.local/lib/python3.12/site-packages/airflow/example_dags/example_trigger_target_dag.py for tasks to queue
[2026-07-31T11:06:41.817+0000] {logging_mixin.py:188} INFO - [2026-07-31T11:06:41.812+0000] {dagbag.py:545} INFO - Filling up the DagBag from /home/airflow/.local/lib/python3.12/site-packages/airflow/example_dags/example_trigger_target_dag.py
[2026-07-31T11:06:41.999+0000] {processor.py:840} INFO - DAG(s) 'example_trigger_target_dag' retrieved from /home/airflow/.local/lib/python3.12/site-packages/airflow/example_dags/example_trigger_target_dag.py
[2026-07-31T11:06:42.135+0000] {logging_mixin.py:188} INFO - [2026-07-31T11:06:42.134+0000] {dag.py:3089} INFO - Sync 1 DAGs
[2026-07-31T11:06:42.185+0000] {logging_mixin.py:188} INFO - [2026-07-31T11:06:42.184+0000] {dag.py:3947} INFO - Setting next_dagrun for example_trigger_target_dag to None, run_after=None
[2026-07-31T11:06:42.261+0000] {processor.py:183} INFO - Processing /home/airflow/.local/lib/python3.12/site-packages/airflow/example_dags/example_trigger_target_dag.py took 1.417 seconds
[2026-07-31T11:07:12.908+0000] {processor.py:161} INFO - Started process (PID=1461) to work on /home/airflow/.local/lib/python3.12/site-packages/airflow/example_dags/example_trigger_target_dag.py
[2026-07-31T11:07:12.913+0000] {processor.py:830} INFO - Processing file /home/airflow/.local/lib/python3.12/site-packages/airflow/example_dags/example_trigger_target_dag.py for tasks to queue
[2026-07-31T11:07:12.925+0000] {logging_mixin.py:188} INFO - [2026-07-31T11:07:12.924+0000] {dagbag.py:545} INFO - Filling up the DagBag from /home/airflow/.local/lib/python3.12/site-packages/airflow/example_dags/example_trigger_target_dag.py
[2026-07-31T11:07:12.986+0000] {processor.py:840} INFO - DAG(s) 'example_trigger_target_dag' retrieved from /home/airflow/.local/lib/python3.12/site-packages/airflow/example_dags/example_trigger_target_dag.py
[2026-07-31T11:07:13.133+0000] {logging_mixin.py:188} INFO - [2026-07-31T11:07:13.132+0000] {dag.py:3089} INFO - Sync 1 DAGs
[2026-07-31T11:07:13.224+0000] {logging_mixin.py:188} INFO - [2026-07-31T11:07:13.223+0000] {dag.py:3947} INFO - Setting next_dagrun for example_trigger_target_dag to None, run_after=None
[2026-07-31T11:07:13.338+0000] {processor.py:183} INFO - Processing /home/airflow/.local/lib/python3.12/site-packages/airflow/example_dags/example_trigger_target_dag.py took 0.456 seconds
[2026-07-31T11:08:14.577+0000] {processor.py:161} INFO - Started process (PID=1502) to work on /home/airflow/.local/lib/python3.12/site-packages/airflow/example_dags/example_trigger_target_dag.py
[2026-07-31T11:08:14.582+0000] {processor.py:830} INFO - Processing file /home/airflow/.local/lib/python3.12/site-packages/airflow/example_dags/example_trigger_target_dag.py for tasks to queue
[2026-07-31T11:08:14.590+0000] {logging_mixin.py:188} INFO - [2026-07-31T11:08:14.589+0000] {dagbag.py:545} INFO - Filling up the DagBag from /home/airflow/.local/lib/python3.12/site-packages/airflow/example_dags/example_trigger_target_dag.py
[2026-07-31T11:08:14.624+0000] {processor.py:840} INFO - DAG(s) 'example_trigger_target_dag' retrieved from /home/airflow/.local/lib/python3.12/site-packages/airflow/example_dags/example_trigger_target_dag.py
[2026-07-31T11:08:14.739+0000] {logging_mixin.py:188} INFO - [2026-07-31T11:08:14.739+0000] {dag.py:3089} INFO - Sync 1 DAGs
[2026-07-31T11:08:14.833+0000] {logging_mixin.py:188} INFO - [2026-07-31T11:08:14.832+0000] {dag.py:3947} INFO - Setting next_dagrun for example_trigger_target_dag to None, run_after=None
[2026-07-31T11:08:14.938+0000] {processor.py:183} INFO - Processing /home/airflow/.local/lib/python3.12/site-packages/airflow/example_dags/example_trigger_target_dag.py took 0.389 seconds
[2026-07-31T11:08:48.817+0000] {processor.py:161} INFO - Started process (PID=1562) to work on /home/airflow/.local/lib/python3.12/site-packages/airflow/example_dags/example_trigger_target_dag.py
[2026-07-31T11:08:48.834+0000] {processor.py:830} INFO - Processing file /home/airflow/.local/lib/python3.12/site-packages/airflow/example_dags/example_trigger_target_dag.py for tasks to queue
[2026-07-31T11:08:48.852+0000] {logging_mixin.py:188} INFO - [2026-07-31T11:08:48.851+0000] {dagbag.py:545} INFO - Filling up the DagBag from /home/airflow/.local/lib/python3.12/site-packages/airflow/example_dags/example_trigger_target_dag.py
[2026-07-31T11:08:48.968+0000] {processor.py:840} INFO - DAG(s) 'example_trigger_target_dag' retrieved from /home/airflow/.local/lib/python3.12/site-packages/airflow/example_dags/example_trigger_target_dag.py
[2026-07-31T11:08:49.213+0000] {logging_mixin.py:188} INFO - [2026-07-31T11:08:49.206+0000] {dag.py:3089} INFO - Sync 1 DAGs
[2026-07-31T11:08:49.369+0000] {logging_mixin.py:188} INFO - [2026-07-31T11:08:49.368+0000] {dag.py:3947} INFO - Setting next_dagrun for example_trigger_target_dag to None, run_after=None
[2026-07-31T11:08:49.509+0000] {processor.py:183} INFO - Processing /home/airflow/.local/lib/python3.12/site-packages/airflow/example_dags/example_trigger_target_dag.py took 0.748 seconds
[2026-07-31T11:09:42.598+0000] {processor.py:161} INFO - Started process (PID=1602) to work on /home/airflow/.local/lib/python3.12/site-packages/airflow/example_dags/example_trigger_target_dag.py
[2026-07-31T11:09:42.601+0000] {processor.py:830} INFO - Processing file /home/airflow/.local/lib/python3.12/site-packages/airflow/example_dags/example_trigger_target_dag.py for tasks to queue
[2026-07-31T11:09:42.608+0000] {logging_mixin.py:188} INFO - [2026-07-31T11:09:42.607+0000] {dagbag.py:545} INFO - Filling up the DagBag from /home/airflow/.local/lib/python3.12/site-packages/airflow/example_dags/example_trigger_target_dag.py
[2026-07-31T11:09:42.628+0000] {processor.py:840} INFO - DAG(s) 'example_trigger_target_dag' retrieved from /home/airflow/.local/lib/python3.12/site-packages/airflow/example_dags/example_trigger_target_dag.py
[2026-07-31T11:09:42.687+0000] {logging_mixin.py:188} INFO - [2026-07-31T11:09:42.686+0000] {dag.py:3089} INFO - Sync 1 DAGs
[2026-07-31T11:09:42.753+0000] {logging_mixin.py:188} INFO - [2026-07-31T11:09:42.752+0000] {dag.py:3947} INFO - Setting next_dagrun for example_trigger_target_dag to None, run_after=None
[2026-07-31T11:09:43.425+0000] {processor.py:183} INFO - Processing /home/airflow/.local/lib/python3.12/site-packages/airflow/example_dags/example_trigger_target_dag.py took 0.846 seconds
[2026-07-31T11:10:31.643+0000] {processor.py:161} INFO - Started process (PID=1663) to work on /home/airflow/.local/lib/python3.12/site-packages/airflow/example_dags/example_trigger_target_dag.py
[2026-07-31T11:10:31.653+0000] {processor.py:830} INFO - Processing file /home/airflow/.local/lib/python3.12/site-packages/airflow/example_dags/example_trigger_target_dag.py for tasks to queue
[2026-07-31T11:10:31.663+0000] {logging_mixin.py:188} INFO - [2026-07-31T11:10:31.662+0000] {dagbag.py:545} INFO - Filling up the DagBag from /home/airflow/.local/lib/python3.12/site-packages/airflow/example_dags/example_trigger_target_dag.py
[2026-07-31T11:10:31.708+0000] {processor.py:840} INFO - DAG(s) 'example_trigger_target_dag' retrieved from /home/airflow/.local/lib/python3.12/site-packages/airflow/example_dags/example_trigger_target_dag.py
[2026-07-31T11:10:31.842+0000] {logging_mixin.py:188} INFO - [2026-07-31T11:10:31.841+0000] {dag.py:3089} INFO - Sync 1 DAGs
[2026-07-31T11:10:31.940+0000] {logging_mixin.py:188} INFO - [2026-07-31T11:10:31.939+0000] {dag.py:3947} INFO - Setting next_dagrun for example_trigger_target_dag to None, run_after=None
[2026-07-31T11:10:32.077+0000] {processor.py:183} INFO - Processing /home/airflow/.local/lib/python3.12/site-packages/airflow/example_dags/example_trigger_target_dag.py took 0.466 seconds
[2026-07-31T11:11:29.519+0000] {processor.py:161} INFO - Started process (PID=1721) to work on /home/airflow/.local/lib/python3.12/site-packages/airflow/example_dags/example_trigger_target_dag.py
[2026-07-31T11:11:29.528+0000] {processor.py:830} INFO - Processing file /home/airflow/.local/lib/python3.12/site-packages/airflow/example_dags/example_trigger_target_dag.py for tasks to queue
[2026-07-31T11:11:29.551+0000] {logging_mixin.py:188} INFO - [2026-07-31T11:11:29.548+0000] {dagbag.py:545} INFO - Filling up the DagBag from /home/airflow/.local/lib/python3.12/site-packages/airflow/example_dags/example_trigger_target_dag.py
[2026-07-31T11:11:29.596+0000] {processor.py:840} INFO - DAG(s) 'example_trigger_target_dag' retrieved from /home/airflow/.local/lib/python3.12/site-packages/airflow/example_dags/example_trigger_target_dag.py
[2026-07-31T11:11:29.708+0000] {logging_mixin.py:188} INFO - [2026-07-31T11:11:29.707+0000] {dag.py:3089} INFO - Sync 1 DAGs
[2026-07-31T11:11:29.797+0000] {logging_mixin.py:188} INFO - [2026-07-31T11:11:29.796+0000] {dag.py:3947} INFO - Setting next_dagrun for example_trigger_target_dag to None, run_after=None
[2026-07-31T11:11:29.873+0000] {processor.py:183} INFO - Processing /home/airflow/.local/lib/python3.12/site-packages/airflow/example_dags/example_trigger_target_dag.py took 0.435 seconds
[2026-07-31T11:12:18.557+0000] {processor.py:161} INFO - Started process (PID=1782) to work on /home/airflow/.local/lib/python3.12/site-packages/airflow/example_dags/example_trigger_target_dag.py
[2026-07-31T11:12:18.562+0000] {processor.py:830} INFO - Processing file /home/airflow/.local/lib/python3.12/site-packages/airflow/example_dags/example_trigger_target_dag.py for tasks to queue
[2026-07-31T11:12:18.570+0000] {logging_mixin.py:188} INFO - [2026-07-31T11:12:18.569+0000] {dagbag.py:545} INFO - Filling up the DagBag from /home/airflow/.local/lib/python3.12/site-packages/airflow/example_dags/example_trigger_target_dag.py
[2026-07-31T11:12:18.603+0000] {processor.py:840} INFO - DAG(s) 'example_trigger_target_dag' retrieved from /home/airflow/.local/lib/python3.12/site-packages/airflow/example_dags/example_trigger_target_dag.py
[2026-07-31T11:12:18.688+0000] {logging_mixin.py:188} INFO - [2026-07-31T11:12:18.687+0000] {dag.py:3089} INFO - Sync 1 DAGs
[2026-07-31T11:12:18.764+0000] {logging_mixin.py:188} INFO - [2026-07-31T11:12:18.763+0000] {dag.py:3947} INFO - Setting next_dagrun for example_trigger_target_dag to None, run_after=None
[2026-07-31T11:12:18.844+0000] {processor.py:183} INFO - Processing /home/airflow/.local/lib/python3.12/site-packages/airflow/example_dags/example_trigger_target_dag.py took 0.321 seconds
[2026-07-31T11:12:51.608+0000] {processor.py:161} INFO - Started process (PID=1833) to work on /home/airflow/.local/lib/python3.12/site-packages/airflow/example_dags/example_trigger_target_dag.py
[2026-07-31T11:12:51.628+0000] {processor.py:830} INFO - Processing file /home/airflow/.local/lib/python3.12/site-packages/airflow/example_dags/example_trigger_target_dag.py for tasks to queue
[2026-07-31T11:12:51.778+0000] {logging_mixin.py:188} INFO - [2026-07-31T11:12:51.777+0000] {dagbag.py:545} INFO - Filling up the DagBag from /home/airflow/.local/lib/python3.12/site-packages/airflow/example_dags/example_trigger_target_dag.py
[2026-07-31T11:12:51.856+0000] {processor.py:840} INFO - DAG(s) 'example_trigger_target_dag' retrieved from /home/airflow/.local/lib/python3.12/site-packages/airflow/example_dags/example_trigger_target_dag.py
[2026-07-31T11:12:52.121+0000] {logging_mixin.py:188} INFO - [2026-07-31T11:12:52.120+0000] {dag.py:3089} INFO - Sync 1 DAGs
[2026-07-31T11:12:52.660+0000] {logging_mixin.py:188} INFO - [2026-07-31T11:12:52.659+0000] {dag.py:3947} INFO - Setting next_dagrun for example_trigger_target_dag to None, run_after=None
[2026-07-31T11:12:52.969+0000] {processor.py:183} INFO - Processing /home/airflow/.local/lib/python3.12/site-packages/airflow/example_dags/example_trigger_target_dag.py took 1.402 seconds
[2026-07-31T11:13:23.869+0000] {processor.py:161} INFO - Started process (PID=1892) to work on /home/airflow/.local/lib/python3.12/site-packages/airflow/example_dags/example_trigger_target_dag.py
[2026-07-31T11:13:23.885+0000] {processor.py:830} INFO - Processing file /home/airflow/.local/lib/python3.12/site-packages/airflow/example_dags/example_trigger_target_dag.py for tasks to queue
[2026-07-31T11:13:23.915+0000] {logging_mixin.py:188} INFO - [2026-07-31T11:13:23.914+0000] {dagbag.py:545} INFO - Filling up the DagBag from /home/airflow/.local/lib/python3.12/site-packages/airflow/example_dags/example_trigger_target_dag.py
[2026-07-31T11:13:24.011+0000] {processor.py:840} INFO - DAG(s) 'example_trigger_target_dag' retrieved from /home/airflow/.local/lib/python3.12/site-packages/airflow/example_dags/example_trigger_target_dag.py
[2026-07-31T11:13:24.309+0000] {logging_mixin.py:188} INFO - [2026-07-31T11:13:24.309+0000] {dag.py:3089} INFO - Sync 1 DAGs
[2026-07-31T11:13:24.412+0000] {logging_mixin.py:188} INFO - [2026-07-31T11:13:24.412+0000] {dag.py:3947} INFO - Setting next_dagrun for example_trigger_target_dag to None, run_after=None
[2026-07-31T11:13:24.595+0000] {processor.py:183} INFO - Processing /home/airflow/.local/lib/python3.12/site-packages/airflow/example_dags/example_trigger_target_dag.py took 0.782 seconds
[2026-07-31T11:14:08.284+0000] {processor.py:161} INFO - Started process (PID=1951) to work on /home/airflow/.local/lib/python3.12/site-packages/airflow/example_dags/example_trigger_target_dag.py
[2026-07-31T11:14:08.287+0000] {processor.py:830} INFO - Processing file /home/airflow/.local/lib/python3.12/site-packages/airflow/example_dags/example_trigger_target_dag.py for tasks to queue
[2026-07-31T11:14:08.301+0000] {logging_mixin.py:188} INFO - [2026-07-31T11:14:08.300+0000] {dagbag.py:545} INFO - Filling up the DagBag from /home/airflow/.local/lib/python3.12/site-packages/airflow/example_dags/example_trigger_target_dag.py
[2026-07-31T11:14:08.337+0000] {processor.py:840} INFO - DAG(s) 'example_trigger_target_dag' retrieved from /home/airflow/.local/lib/python3.12/site-packages/airflow/example_dags/example_trigger_target_dag.py
[2026-07-31T11:14:08.441+0000] {logging_mixin.py:188} INFO - [2026-07-31T11:14:08.438+0000] {dag.py:3089} INFO - Sync 1 DAGs
[2026-07-31T11:14:08.495+0000] {logging_mixin.py:188} INFO - [2026-07-31T11:14:08.494+0000] {dag.py:3947} INFO - Setting next_dagrun for example_trigger_target_dag to None, run_after=None
[2026-07-31T11:14:08.592+0000] {processor.py:183} INFO - Processing /home/airflow/.local/lib/python3.12/site-packages/airflow/example_dags/example_trigger_target_dag.py took 0.346 seconds
[2026-07-31T11:14:40.926+0000] {processor.py:161} INFO - Started process (PID=2009) to work on /home/airflow/.local/lib/python3.12/site-packages/airflow/example_dags/example_trigger_target_dag.py
[2026-07-31T11:14:40.930+0000] {processor.py:830} INFO - Processing file /home/airflow/.local/lib/python3.12/site-packages/airflow/example_dags/example_trigger_target_dag.py for tasks to queue
[2026-07-31T11:14:40.942+0000] {logging_mixin.py:188} INFO - [2026-07-31T11:14:40.941+0000] {dagbag.py:545} INFO - Filling up the DagBag from /home/airflow/.local/lib/python3.12/site-packages/airflow/example_dags/example_trigger_target_dag.py
[2026-07-31T11:14:40.980+0000] {processor.py:840} INFO - DAG(s) 'example_trigger_target_dag' retrieved from /home/airflow/.local/lib/python3.12/site-packages/airflow/example_dags/example_trigger_target_dag.py
[2026-07-31T11:14:41.098+0000] {logging_mixin.py:188} INFO - [2026-07-31T11:14:41.097+0000] {dag.py:3089} INFO - Sync 1 DAGs
[2026-07-31T11:14:41.160+0000] {logging_mixin.py:188} INFO - [2026-07-31T11:14:41.159+0000] {dag.py:3947} INFO - Setting next_dagrun for example_trigger_target_dag to None, run_after=None
[2026-07-31T11:14:41.242+0000] {processor.py:183} INFO - Processing /home/airflow/.local/lib/python3.12/site-packages/airflow/example_dags/example_trigger_target_dag.py took 0.348 seconds
[2026-07-31T11:15:12.760+0000] {processor.py:161} INFO - Started process (PID=2068) to work on /home/airflow/.local/lib/python3.12/site-packages/airflow/example_dags/example_trigger_target_dag.py
[2026-07-31T11:15:12.764+0000] {processor.py:830} INFO - Processing file /home/airflow/.local/lib/python3.12/site-packages/airflow/example_dags/example_trigger_target_dag.py for tasks to queue
[2026-07-31T11:15:12.772+0000] {logging_mixin.py:188} INFO - [2026-07-31T11:15:12.770+0000] {dagbag.py:545} INFO - Filling up the DagBag from /home/airflow/.local/lib/python3.12/site-packages/airflow/example_dags/example_trigger_target_dag.py
[2026-07-31T11:15:12.801+0000] {processor.py:840} INFO - DAG(s) 'example_trigger_target_dag' retrieved from /home/airflow/.local/lib/python3.12/site-packages/airflow/example_dags/example_trigger_target_dag.py
[2026-07-31T11:15:12.881+0000] {logging_mixin.py:188} INFO - [2026-07-31T11:15:12.879+0000] {dag.py:3089} INFO - Sync 1 DAGs
[2026-07-31T11:15:12.989+0000] {logging_mixin.py:188} INFO - [2026-07-31T11:15:12.988+0000] {dag.py:3947} INFO - Setting next_dagrun for example_trigger_target_dag to None, run_after=None
[2026-07-31T11:15:13.069+0000] {processor.py:183} INFO - Processing /home/airflow/.local/lib/python3.12/site-packages/airflow/example_dags/example_trigger_target_dag.py took 0.340 seconds
[2026-07-31T11:15:43.715+0000] {processor.py:161} INFO - Started process (PID=2124) to work on /home/airflow/.local/lib/python3.12/site-packages/airflow/example_dags/example_trigger_target_dag.py
[2026-07-31T11:15:43.718+0000] {processor.py:830} INFO - Processing file /home/airflow/.local/lib/python3.12/site-packages/airflow/example_dags/example_trigger_target_dag.py for tasks to queue
[2026-07-31T11:15:43.726+0000] {logging_mixin.py:188} INFO - [2026-07-31T11:15:43.724+0000] {dagbag.py:545} INFO - Filling up the DagBag from /home/airflow/.local/lib/python3.12/site-packages/airflow/example_dags/example_trigger_target_dag.py
[2026-07-31T11:15:43.745+0000] {processor.py:840} INFO - DAG(s) 'example_trigger_target_dag' retrieved from /home/airflow/.local/lib/python3.12/site-packages/airflow/example_dags/example_trigger_target_dag.py
[2026-07-31T11:15:43.805+0000] {logging_mixin.py:188} INFO - [2026-07-31T11:15:43.805+0000] {dag.py:3089} INFO - Sync 1 DAGs
[2026-07-31T11:15:43.845+0000] {logging_mixin.py:188} INFO - [2026-07-31T11:15:43.844+0000] {dag.py:3947} INFO - Setting next_dagrun for example_trigger_target_dag to None, run_after=None
[2026-07-31T11:15:43.898+0000] {processor.py:183} INFO - Processing /home/airflow/.local/lib/python3.12/site-packages/airflow/example_dags/example_trigger_target_dag.py took 0.202 seconds
[2026-07-31T11:16:14.802+0000] {processor.py:161} INFO - Started process (PID=2182) to work on /home/airflow/.local/lib/python3.12/site-packages/airflow/example_dags/example_trigger_target_dag.py
[2026-07-31T11:16:14.805+0000] {processor.py:830} INFO - Processing file /home/airflow/.local/lib/python3.12/site-packages/airflow/example_dags/example_trigger_target_dag.py for tasks to queue
[2026-07-31T11:16:14.810+0000] {logging_mixin.py:188} INFO - [2026-07-31T11:16:14.809+0000] {dagbag.py:545} INFO - Filling up the DagBag from /home/airflow/.local/lib/python3.12/site-packages/airflow/example_dags/example_trigger_target_dag.py
[2026-07-31T11:16:14.825+0000] {processor.py:840} INFO - DAG(s) 'example_trigger_target_dag' retrieved from /home/airflow/.local/lib/python3.12/site-packages/airflow/example_dags/example_trigger_target_dag.py
[2026-07-31T11:16:14.875+0000] {logging_mixin.py:188} INFO - [2026-07-31T11:16:14.875+0000] {dag.py:3089} INFO - Sync 1 DAGs
[2026-07-31T11:16:14.920+0000] {logging_mixin.py:188} INFO - [2026-07-31T11:16:14.919+0000] {dag.py:3947} INFO - Setting next_dagrun for example_trigger_target_dag to None, run_after=None
[2026-07-31T11:16:14.984+0000] {processor.py:183} INFO - Processing /home/airflow/.local/lib/python3.12/site-packages/airflow/example_dags/example_trigger_target_dag.py took 0.194 seconds
[2026-07-31T11:16:46.644+0000] {processor.py:161} INFO - Started process (PID=2240) to work on /home/airflow/.local/lib/python3.12/site-packages/airflow/example_dags/example_trigger_target_dag.py
[2026-07-31T11:16:46.655+0000] {processor.py:830} INFO - Processing file /home/airflow/.local/lib/python3.12/site-packages/airflow/example_dags/example_trigger_target_dag.py for tasks to queue
[2026-07-31T11:16:46.667+0000] {logging_mixin.py:188} INFO - [2026-07-31T11:16:46.666+0000] {dagbag.py:545} INFO - Filling up the DagBag from /home/airflow/.local/lib/python3.12/site-packages/airflow/example_dags/example_trigger_target_dag.py
[2026-07-31T11:16:46.719+0000] {processor.py:840} INFO - DAG(s) 'example_trigger_target_dag' retrieved from /home/airflow/.local/lib/python3.12/site-packages/airflow/example_dags/example_trigger_target_dag.py
[2026-07-31T11:16:46.832+0000] {logging_mixin.py:188} INFO - [2026-07-31T11:16:46.831+0000] {dag.py:3089} INFO - Sync 1 DAGs
[2026-07-31T11:16:46.917+0000] {logging_mixin.py:188} INFO - [2026-07-31T11:16:46.916+0000] {dag.py:3947} INFO - Setting next_dagrun for example_trigger_target_dag to None, run_after=None
[2026-07-31T11:16:47.010+0000] {processor.py:183} INFO - Processing /home/airflow/.local/lib/python3.12/site-packages/airflow/example_dags/example_trigger_target_dag.py took 0.398 seconds
[2026-07-31T11:17:22.137+0000] {processor.py:161} INFO - Started process (PID=2300) to work on /home/airflow/.local/lib/python3.12/site-packages/airflow/example_dags/example_trigger_target_dag.py
[2026-07-31T11:17:22.149+0000] {processor.py:830} INFO - Processing file /home/airflow/.local/lib/python3.12/site-packages/airflow/example_dags/example_trigger_target_dag.py for tasks to queue
[2026-07-31T11:17:22.166+0000] {logging_mixin.py:188} INFO - [2026-07-31T11:17:22.165+0000] {dagbag.py:545} INFO - Filling up the DagBag from /home/airflow/.local/lib/python3.12/site-packages/airflow/example_dags/example_trigger_target_dag.py
[2026-07-31T11:17:22.226+0000] {processor.py:840} INFO - DAG(s) 'example_trigger_target_dag' retrieved from /home/airflow/.local/lib/python3.12/site-packages/airflow/example_dags/example_trigger_target_dag.py
[2026-07-31T11:17:22.522+0000] {logging_mixin.py:188} INFO - [2026-07-31T11:17:22.521+0000] {dag.py:3089} INFO - Sync 1 DAGs
[2026-07-31T11:17:22.604+0000] {logging_mixin.py:188} INFO - [2026-07-31T11:17:22.604+0000] {dag.py:3947} INFO - Setting next_dagrun for example_trigger_target_dag to None, run_after=None
[2026-07-31T11:17:23.498+0000] {processor.py:183} INFO - Processing /home/airflow/.local/lib/python3.12/site-packages/airflow/example_dags/example_trigger_target_dag.py took 1.424 seconds
[2026-07-31T11:18:02.571+0000] {processor.py:161} INFO - Started process (PID=2362) to work on /home/airflow/.local/lib/python3.12/site-packages/airflow/example_dags/example_trigger_target_dag.py
[2026-07-31T11:18:02.587+0000] {processor.py:830} INFO - Processing file /home/airflow/.local/lib/python3.12/site-packages/airflow/example_dags/example_trigger_target_dag.py for tasks to queue
[2026-07-31T11:18:02.617+0000] {logging_mixin.py:188} INFO - [2026-07-31T11:18:02.611+0000] {dagbag.py:545} INFO - Filling up the DagBag from /home/airflow/.local/lib/python3.12/site-packages/airflow/example_dags/example_trigger_target_dag.py
[2026-07-31T11:18:02.787+0000] {processor.py:840} INFO - DAG(s) 'example_trigger_target_dag' retrieved from /home/airflow/.local/lib/python3.12/site-packages/airflow/example_dags/example_trigger_target_dag.py
[2026-07-31T11:18:03.462+0000] {logging_mixin.py:188} INFO - [2026-07-31T11:18:03.452+0000] {dag.py:3089} INFO - Sync 1 DAGs
[2026-07-31T11:18:03.646+0000] {logging_mixin.py:188} INFO - [2026-07-31T11:18:03.645+0000] {dag.py:3947} INFO - Setting next_dagrun for example_trigger_target_dag to None, run_after=None
[2026-07-31T11:18:03.824+0000] {processor.py:183} INFO - Processing /home/airflow/.local/lib/python3.12/site-packages/airflow/example_dags/example_trigger_target_dag.py took 1.312 seconds
[2026-07-31T11:18:34.194+0000] {processor.py:161} INFO - Started process (PID=2420) to work on /home/airflow/.local/lib/python3.12/site-packages/airflow/example_dags/example_trigger_target_dag.py
[2026-07-31T11:18:34.203+0000] {processor.py:830} INFO - Processing file /home/airflow/.local/lib/python3.12/site-packages/airflow/example_dags/example_trigger_target_dag.py for tasks to queue
[2026-07-31T11:18:34.212+0000] {logging_mixin.py:188} INFO - [2026-07-31T11:18:34.210+0000] {dagbag.py:545} INFO - Filling up the DagBag from /home/airflow/.local/lib/python3.12/site-packages/airflow/example_dags/example_trigger_target_dag.py
[2026-07-31T11:18:34.240+0000] {processor.py:840} INFO - DAG(s) 'example_trigger_target_dag' retrieved from /home/airflow/.local/lib/python3.12/site-packages/airflow/example_dags/example_trigger_target_dag.py
[2026-07-31T11:18:34.309+0000] {logging_mixin.py:188} INFO - [2026-07-31T11:18:34.308+0000] {dag.py:3089} INFO - Sync 1 DAGs
[2026-07-31T11:18:34.351+0000] {logging_mixin.py:188} INFO - [2026-07-31T11:18:34.350+0000] {dag.py:3947} INFO - Setting next_dagrun for example_trigger_target_dag to None, run_after=None
[2026-07-31T11:18:34.433+0000] {processor.py:183} INFO - Processing /home/airflow/.local/lib/python3.12/site-packages/airflow/example_dags/example_trigger_target_dag.py took 0.265 seconds
[2026-07-31T11:19:04.903+0000] {processor.py:161} INFO - Started process (PID=2478) to work on /home/airflow/.local/lib/python3.12/site-packages/airflow/example_dags/example_trigger_target_dag.py
[2026-07-31T11:19:04.907+0000] {processor.py:830} INFO - Processing file /home/airflow/.local/lib/python3.12/site-packages/airflow/example_dags/example_trigger_target_dag.py for tasks to queue
[2026-07-31T11:19:04.913+0000] {logging_mixin.py:188} INFO - [2026-07-31T11:19:04.912+0000] {dagbag.py:545} INFO - Filling up the DagBag from /home/airflow/.local/lib/python3.12/site-packages/airflow/example_dags/example_trigger_target_dag.py
[2026-07-31T11:19:04.936+0000] {processor.py:840} INFO - DAG(s) 'example_trigger_target_dag' retrieved from /home/airflow/.local/lib/python3.12/site-packages/airflow/example_dags/example_trigger_target_dag.py
[2026-07-31T11:19:05.005+0000] {logging_mixin.py:188} INFO - [2026-07-31T11:19:05.004+0000] {dag.py:3089} INFO - Sync 1 DAGs
[2026-07-31T11:19:05.056+0000] {logging_mixin.py:188} INFO - [2026-07-31T11:19:05.056+0000] {dag.py:3947} INFO - Setting next_dagrun for example_trigger_target_dag to None, run_after=None
[2026-07-31T11:19:05.114+0000] {processor.py:183} INFO - Processing /home/airflow/.local/lib/python3.12/site-packages/airflow/example_dags/example_trigger_target_dag.py took 0.230 seconds
[2026-07-31T11:19:35.810+0000] {processor.py:161} INFO - Started process (PID=2536) to work on /home/airflow/.local/lib/python3.12/site-packages/airflow/example_dags/example_trigger_target_dag.py
[2026-07-31T11:19:35.821+0000] {processor.py:830} INFO - Processing file /home/airflow/.local/lib/python3.12/site-packages/airflow/example_dags/example_trigger_target_dag.py for tasks to queue
[2026-07-31T11:19:35.877+0000] {logging_mixin.py:188} INFO - [2026-07-31T11:19:35.854+0000] {dagbag.py:545} INFO - Filling up the DagBag from /home/airflow/.local/lib/python3.12/site-packages/airflow/example_dags/example_trigger_target_dag.py
[2026-07-31T11:19:35.922+0000] {processor.py:840} INFO - DAG(s) 'example_trigger_target_dag' retrieved from /home/airflow/.local/lib/python3.12/site-packages/airflow/example_dags/example_trigger_target_dag.py
[2026-07-31T11:19:36.027+0000] {logging_mixin.py:188} INFO - [2026-07-31T11:19:36.026+0000] {dag.py:3089} INFO - Sync 1 DAGs
[2026-07-31T11:19:36.130+0000] {logging_mixin.py:188} INFO - [2026-07-31T11:19:36.129+0000] {dag.py:3947} INFO - Setting next_dagrun for example_trigger_target_dag to None, run_after=None
[2026-07-31T11:19:36.253+0000] {processor.py:183} INFO - Processing /home/airflow/.local/lib/python3.12/site-packages/airflow/example_dags/example_trigger_target_dag.py took 0.518 seconds
[2026-07-31T11:20:21.560+0000] {processor.py:161} INFO - Started process (PID=2600) to work on /home/airflow/.local/lib/python3.12/site-packages/airflow/example_dags/example_trigger_target_dag.py
[2026-07-31T11:20:21.575+0000] {processor.py:830} INFO - Processing file /home/airflow/.local/lib/python3.12/site-packages/airflow/example_dags/example_trigger_target_dag.py for tasks to queue
[2026-07-31T11:20:21.593+0000] {logging_mixin.py:188} INFO - [2026-07-31T11:20:21.592+0000] {dagbag.py:545} INFO - Filling up the DagBag from /home/airflow/.local/lib/python3.12/site-packages/airflow/example_dags/example_trigger_target_dag.py
[2026-07-31T11:20:21.650+0000] {processor.py:840} INFO - DAG(s) 'example_trigger_target_dag' retrieved from /home/airflow/.local/lib/python3.12/site-packages/airflow/example_dags/example_trigger_target_dag.py
[2026-07-31T11:20:22.211+0000] {logging_mixin.py:188} INFO - [2026-07-31T11:20:22.210+0000] {dag.py:3089} INFO - Sync 1 DAGs
[2026-07-31T11:20:22.444+0000] {logging_mixin.py:188} INFO - [2026-07-31T11:20:22.443+0000] {dag.py:3947} INFO - Setting next_dagrun for example_trigger_target_dag to None, run_after=None
[2026-07-31T11:20:22.832+0000] {processor.py:183} INFO - Processing /home/airflow/.local/lib/python3.12/site-packages/airflow/example_dags/example_trigger_target_dag.py took 1.311 seconds
[2026-07-31T11:20:53.196+0000] {processor.py:161} INFO - Started process (PID=2658) to work on /home/airflow/.local/lib/python3.12/site-packages/airflow/example_dags/example_trigger_target_dag.py
[2026-07-31T11:20:53.200+0000] {processor.py:830} INFO - Processing file /home/airflow/.local/lib/python3.12/site-packages/airflow/example_dags/example_trigger_target_dag.py for tasks to queue
[2026-07-31T11:20:53.207+0000] {logging_mixin.py:188} INFO - [2026-07-31T11:20:53.206+0000] {dagbag.py:545} INFO - Filling up the DagBag from /home/airflow/.local/lib/python3.12/site-packages/airflow/example_dags/example_trigger_target_dag.py
[2026-07-31T11:20:53.230+0000] {processor.py:840} INFO - DAG(s) 'example_trigger_target_dag' retrieved from /home/airflow/.local/lib/python3.12/site-packages/airflow/example_dags/example_trigger_target_dag.py
[2026-07-31T11:20:53.334+0000] {logging_mixin.py:188} INFO - [2026-07-31T11:20:53.333+0000] {dag.py:3089} INFO - Sync 1 DAGs
[2026-07-31T11:20:53.440+0000] {logging_mixin.py:188} INFO - [2026-07-31T11:20:53.439+0000] {dag.py:3947} INFO - Setting next_dagrun for example_trigger_target_dag to None, run_after=None
[2026-07-31T11:20:53.568+0000] {processor.py:183} INFO - Processing /home/airflow/.local/lib/python3.12/site-packages/airflow/example_dags/example_trigger_target_dag.py took 0.393 seconds
[2026-07-31T11:21:24.092+0000] {processor.py:161} INFO - Started process (PID=2716) to work on /home/airflow/.local/lib/python3.12/site-packages/airflow/example_dags/example_trigger_target_dag.py
[2026-07-31T11:21:24.096+0000] {processor.py:830} INFO - Processing file /home/airflow/.local/lib/python3.12/site-packages/airflow/example_dags/example_trigger_target_dag.py for tasks to queue
[2026-07-31T11:21:24.102+0000] {logging_mixin.py:188} INFO - [2026-07-31T11:21:24.101+0000] {dagbag.py:545} INFO - Filling up the DagBag from /home/airflow/.local/lib/python3.12/site-packages/airflow/example_dags/example_trigger_target_dag.py
[2026-07-31T11:21:24.121+0000] {processor.py:840} INFO - DAG(s) 'example_trigger_target_dag' retrieved from /home/airflow/.local/lib/python3.12/site-packages/airflow/example_dags/example_trigger_target_dag.py
[2026-07-31T11:21:24.173+0000] {logging_mixin.py:188} INFO - [2026-07-31T11:21:24.173+0000] {dag.py:3089} INFO - Sync 1 DAGs
[2026-07-31T11:21:24.207+0000] {logging_mixin.py:188} INFO - [2026-07-31T11:21:24.207+0000] {dag.py:3947} INFO - Setting next_dagrun for example_trigger_target_dag to None, run_after=None
[2026-07-31T11:21:24.267+0000] {processor.py:183} INFO - Processing /home/airflow/.local/lib/python3.12/site-packages/airflow/example_dags/example_trigger_target_dag.py took 0.195 seconds
[2026-07-31T11:21:54.525+0000] {processor.py:161} INFO - Started process (PID=2775) to work on /home/airflow/.local/lib/python3.12/site-packages/airflow/example_dags/example_trigger_target_dag.py
[2026-07-31T11:21:54.528+0000] {processor.py:830} INFO - Processing file /home/airflow/.local/lib/python3.12/site-packages/airflow/example_dags/example_trigger_target_dag.py for tasks to queue
[2026-07-31T11:21:54.534+0000] {logging_mixin.py:188} INFO - [2026-07-31T11:21:54.533+0000] {dagbag.py:545} INFO - Filling up the DagBag from /home/airflow/.local/lib/python3.12/site-packages/airflow/example_dags/example_trigger_target_dag.py
[2026-07-31T11:21:54.550+0000] {processor.py:840} INFO - DAG(s) 'example_trigger_target_dag' retrieved from /home/airflow/.local/lib/python3.12/site-packages/airflow/example_dags/example_trigger_target_dag.py
[2026-07-31T11:21:54.607+0000] {logging_mixin.py:188} INFO - [2026-07-31T11:21:54.606+0000] {dag.py:3089} INFO - Sync 1 DAGs
[2026-07-31T11:21:54.660+0000] {logging_mixin.py:188} INFO - [2026-07-31T11:21:54.660+0000] {dag.py:3947} INFO - Setting next_dagrun for example_trigger_target_dag to None, run_after=None
[2026-07-31T11:21:54.725+0000] {processor.py:183} INFO - Processing /home/airflow/.local/lib/python3.12/site-packages/airflow/example_dags/example_trigger_target_dag.py took 0.219 seconds
[2026-07-31T11:22:25.701+0000] {processor.py:161} INFO - Started process (PID=2834) to work on /home/airflow/.local/lib/python3.12/site-packages/airflow/example_dags/example_trigger_target_dag.py
[2026-07-31T11:22:25.704+0000] {processor.py:830} INFO - Processing file /home/airflow/.local/lib/python3.12/site-packages/airflow/example_dags/example_trigger_target_dag.py for tasks to queue
[2026-07-31T11:22:25.710+0000] {logging_mixin.py:188} INFO - [2026-07-31T11:22:25.709+0000] {dagbag.py:545} INFO - Filling up the DagBag from /home/airflow/.local/lib/python3.12/site-packages/airflow/example_dags/example_trigger_target_dag.py
[2026-07-31T11:22:25.733+0000] {processor.py:840} INFO - DAG(s) 'example_trigger_target_dag' retrieved from /home/airflow/.local/lib/python3.12/site-packages/airflow/example_dags/example_trigger_target_dag.py
[2026-07-31T11:22:25.848+0000] {logging_mixin.py:188} INFO - [2026-07-31T11:22:25.847+0000] {dag.py:3089} INFO - Sync 1 DAGs
[2026-07-31T11:22:25.926+0000] {logging_mixin.py:188} INFO - [2026-07-31T11:22:25.926+0000] {dag.py:3947} INFO - Setting next_dagrun for example_trigger_target_dag to None, run_after=None
[2026-07-31T11:22:26.013+0000] {processor.py:183} INFO - Processing /home/airflow/.local/lib/python3.12/site-packages/airflow/example_dags/example_trigger_target_dag.py took 0.330 seconds
[2026-07-31T11:23:12.210+0000] {processor.py:161} INFO - Started process (PID=2889) to work on /home/airflow/.local/lib/python3.12/site-packages/airflow/example_dags/example_trigger_target_dag.py
[2026-07-31T11:23:12.218+0000] {processor.py:830} INFO - Processing file /home/airflow/.local/lib/python3.12/site-packages/airflow/example_dags/example_trigger_target_dag.py for tasks to queue
[2026-07-31T11:23:12.245+0000] {logging_mixin.py:188} INFO - [2026-07-31T11:23:12.244+0000] {dagbag.py:545} INFO - Filling up the DagBag from /home/airflow/.local/lib/python3.12/site-packages/airflow/example_dags/example_trigger_target_dag.py
[2026-07-31T11:23:12.390+0000] {processor.py:840} INFO - DAG(s) 'example_trigger_target_dag' retrieved from /home/airflow/.local/lib/python3.12/site-packages/airflow/example_dags/example_trigger_target_dag.py
[2026-07-31T11:23:12.682+0000] {logging_mixin.py:188} INFO - [2026-07-31T11:23:12.681+0000] {dag.py:3089} INFO - Sync 1 DAGs
[2026-07-31T11:23:12.809+0000] {logging_mixin.py:188} INFO - [2026-07-31T11:23:12.808+0000] {dag.py:3947} INFO - Setting next_dagrun for example_trigger_target_dag to None, run_after=None
[2026-07-31T11:23:13.003+0000] {processor.py:183} INFO - Processing /home/airflow/.local/lib/python3.12/site-packages/airflow/example_dags/example_trigger_target_dag.py took 0.850 seconds
[2026-07-31T11:25:12.588+0000] {processor.py:161} INFO - Started process (PID=2968) to work on /home/airflow/.local/lib/python3.12/site-packages/airflow/example_dags/example_trigger_target_dag.py
[2026-07-31T11:25:12.601+0000] {processor.py:830} INFO - Processing file /home/airflow/.local/lib/python3.12/site-packages/airflow/example_dags/example_trigger_target_dag.py for tasks to queue
[2026-07-31T11:25:12.620+0000] {logging_mixin.py:188} INFO - [2026-07-31T11:25:12.615+0000] {dagbag.py:545} INFO - Filling up the DagBag from /home/airflow/.local/lib/python3.12/site-packages/airflow/example_dags/example_trigger_target_dag.py
[2026-07-31T11:25:12.706+0000] {processor.py:840} INFO - DAG(s) 'example_trigger_target_dag' retrieved from /home/airflow/.local/lib/python3.12/site-packages/airflow/example_dags/example_trigger_target_dag.py
[2026-07-31T11:25:12.838+0000] {logging_mixin.py:188} INFO - [2026-07-31T11:25:12.837+0000] {dag.py:3089} INFO - Sync 1 DAGs
[2026-07-31T11:25:12.940+0000] {logging_mixin.py:188} INFO - [2026-07-31T11:25:12.939+0000] {dag.py:3947} INFO - Setting next_dagrun for example_trigger_target_dag to None, run_after=None
[2026-07-31T11:25:13.050+0000] {processor.py:183} INFO - Processing /home/airflow/.local/lib/python3.12/site-packages/airflow/example_dags/example_trigger_target_dag.py took 0.518 seconds
[2026-07-31T11:25:57.750+0000] {processor.py:161} INFO - Started process (PID=3018) to work on /home/airflow/.local/lib/python3.12/site-packages/airflow/example_dags/example_trigger_target_dag.py
[2026-07-31T11:25:57.756+0000] {processor.py:830} INFO - Processing file /home/airflow/.local/lib/python3.12/site-packages/airflow/example_dags/example_trigger_target_dag.py for tasks to queue
[2026-07-31T11:25:57.769+0000] {logging_mixin.py:188} INFO - [2026-07-31T11:25:57.766+0000] {dagbag.py:545} INFO - Filling up the DagBag from /home/airflow/.local/lib/python3.12/site-packages/airflow/example_dags/example_trigger_target_dag.py
[2026-07-31T11:25:57.831+0000] {processor.py:840} INFO - DAG(s) 'example_trigger_target_dag' retrieved from /home/airflow/.local/lib/python3.12/site-packages/airflow/example_dags/example_trigger_target_dag.py
[2026-07-31T11:25:58.026+0000] {logging_mixin.py:188} INFO - [2026-07-31T11:25:58.025+0000] {dag.py:3089} INFO - Sync 1 DAGs
[2026-07-31T11:25:58.138+0000] {logging_mixin.py:188} INFO - [2026-07-31T11:25:58.137+0000] {dag.py:3947} INFO - Setting next_dagrun for example_trigger_target_dag to None, run_after=None
[2026-07-31T11:25:58.353+0000] {processor.py:183} INFO - Processing /home/airflow/.local/lib/python3.12/site-packages/airflow/example_dags/example_trigger_target_dag.py took 0.659 seconds
[2026-07-31T11:26:56.311+0000] {processor.py:161} INFO - Started process (PID=3068) to work on /home/airflow/.local/lib/python3.12/site-packages/airflow/example_dags/example_trigger_target_dag.py
[2026-07-31T11:26:56.322+0000] {processor.py:830} INFO - Processing file /home/airflow/.local/lib/python3.12/site-packages/airflow/example_dags/example_trigger_target_dag.py for tasks to queue
[2026-07-31T11:26:56.334+0000] {logging_mixin.py:188} INFO - [2026-07-31T11:26:56.333+0000] {dagbag.py:545} INFO - Filling up the DagBag from /home/airflow/.local/lib/python3.12/site-packages/airflow/example_dags/example_trigger_target_dag.py
[2026-07-31T11:26:56.440+0000] {processor.py:840} INFO - DAG(s) 'example_trigger_target_dag' retrieved from /home/airflow/.local/lib/python3.12/site-packages/airflow/example_dags/example_trigger_target_dag.py
[2026-07-31T11:26:56.641+0000] {logging_mixin.py:188} INFO - [2026-07-31T11:26:56.640+0000] {dag.py:3089} INFO - Sync 1 DAGs
[2026-07-31T11:26:56.847+0000] {logging_mixin.py:188} INFO - [2026-07-31T11:26:56.846+0000] {dag.py:3947} INFO - Setting next_dagrun for example_trigger_target_dag to None, run_after=None
[2026-07-31T11:26:57.053+0000] {processor.py:183} INFO - Processing /home/airflow/.local/lib/python3.12/site-packages/airflow/example_dags/example_trigger_target_dag.py took 0.809 seconds
[2026-07-31T11:27:27.270+0000] {processor.py:161} INFO - Started process (PID=3125) to work on /home/airflow/.local/lib/python3.12/site-packages/airflow/example_dags/example_trigger_target_dag.py
[2026-07-31T11:27:27.274+0000] {processor.py:830} INFO - Processing file /home/airflow/.local/lib/python3.12/site-packages/airflow/example_dags/example_trigger_target_dag.py for tasks to queue
[2026-07-31T11:27:27.294+0000] {logging_mixin.py:188} INFO - [2026-07-31T11:27:27.293+0000] {dagbag.py:545} INFO - Filling up the DagBag from /home/airflow/.local/lib/python3.12/site-packages/airflow/example_dags/example_trigger_target_dag.py
[2026-07-31T11:27:27.356+0000] {processor.py:840} INFO - DAG(s) 'example_trigger_target_dag' retrieved from /home/airflow/.local/lib/python3.12/site-packages/airflow/example_dags/example_trigger_target_dag.py
[2026-07-31T11:27:27.482+0000] {logging_mixin.py:188} INFO - [2026-07-31T11:27:27.481+0000] {dag.py:3089} INFO - Sync 1 DAGs
[2026-07-31T11:27:27.597+0000] {logging_mixin.py:188} INFO - [2026-07-31T11:27:27.597+0000] {dag.py:3947} INFO - Setting next_dagrun for example_trigger_target_dag to None, run_after=None
[2026-07-31T11:27:27.754+0000] {processor.py:183} INFO - Processing /home/airflow/.local/lib/python3.12/site-packages/airflow/example_dags/example_trigger_target_dag.py took 0.511 seconds
[2026-07-31T11:27:58.342+0000] {processor.py:161} INFO - Started process (PID=3184) to work on /home/airflow/.local/lib/python3.12/site-packages/airflow/example_dags/example_trigger_target_dag.py
[2026-07-31T11:27:58.345+0000] {processor.py:830} INFO - Processing file /home/airflow/.local/lib/python3.12/site-packages/airflow/example_dags/example_trigger_target_dag.py for tasks to queue
[2026-07-31T11:27:58.350+0000] {logging_mixin.py:188} INFO - [2026-07-31T11:27:58.350+0000] {dagbag.py:545} INFO - Filling up the DagBag from /home/airflow/.local/lib/python3.12/site-packages/airflow/example_dags/example_trigger_target_dag.py
[2026-07-31T11:27:58.369+0000] {processor.py:840} INFO - DAG(s) 'example_trigger_target_dag' retrieved from /home/airflow/.local/lib/python3.12/site-packages/airflow/example_dags/example_trigger_target_dag.py
[2026-07-31T11:27:58.417+0000] {logging_mixin.py:188} INFO - [2026-07-31T11:27:58.416+0000] {dag.py:3089} INFO - Sync 1 DAGs
[2026-07-31T11:27:58.460+0000] {logging_mixin.py:188} INFO - [2026-07-31T11:27:58.459+0000] {dag.py:3947} INFO - Setting next_dagrun for example_trigger_target_dag to None, run_after=None
[2026-07-31T11:27:58.523+0000] {processor.py:183} INFO - Processing /home/airflow/.local/lib/python3.12/site-packages/airflow/example_dags/example_trigger_target_dag.py took 0.199 seconds
[2026-07-31T11:28:29.233+0000] {processor.py:161} INFO - Started process (PID=3242) to work on /home/airflow/.local/lib/python3.12/site-packages/airflow/example_dags/example_trigger_target_dag.py
[2026-07-31T11:28:29.235+0000] {processor.py:830} INFO - Processing file /home/airflow/.local/lib/python3.12/site-packages/airflow/example_dags/example_trigger_target_dag.py for tasks to queue
[2026-07-31T11:28:29.240+0000] {logging_mixin.py:188} INFO - [2026-07-31T11:28:29.239+0000] {dagbag.py:545} INFO - Filling up the DagBag from /home/airflow/.local/lib/python3.12/site-packages/airflow/example_dags/example_trigger_target_dag.py
[2026-07-31T11:28:29.255+0000] {processor.py:840} INFO - DAG(s) 'example_trigger_target_dag' retrieved from /home/airflow/.local/lib/python3.12/site-packages/airflow/example_dags/example_trigger_target_dag.py
[2026-07-31T11:28:29.311+0000] {logging_mixin.py:188} INFO - [2026-07-31T11:28:29.311+0000] {dag.py:3089} INFO - Sync 1 DAGs
[2026-07-31T11:28:29.347+0000] {logging_mixin.py:188} INFO - [2026-07-31T11:28:29.347+0000] {dag.py:3947} INFO - Setting next_dagrun for example_trigger_target_dag to None, run_after=None
[2026-07-31T11:28:29.400+0000] {processor.py:183} INFO - Processing /home/airflow/.local/lib/python3.12/site-packages/airflow/example_dags/example_trigger_target_dag.py took 0.181 seconds
[2026-07-31T11:29:00.150+0000] {processor.py:161} INFO - Started process (PID=3300) to work on /home/airflow/.local/lib/python3.12/site-packages/airflow/example_dags/example_trigger_target_dag.py
[2026-07-31T11:29:00.152+0000] {processor.py:830} INFO - Processing file /home/airflow/.local/lib/python3.12/site-packages/airflow/example_dags/example_trigger_target_dag.py for tasks to queue
[2026-07-31T11:29:00.157+0000] {logging_mixin.py:188} INFO - [2026-07-31T11:29:00.156+0000] {dagbag.py:545} INFO - Filling up the DagBag from /home/airflow/.local/lib/python3.12/site-packages/airflow/example_dags/example_trigger_target_dag.py
[2026-07-31T11:29:00.177+0000] {processor.py:840} INFO - DAG(s) 'example_trigger_target_dag' retrieved from /home/airflow/.local/lib/python3.12/site-packages/airflow/example_dags/example_trigger_target_dag.py
[2026-07-31T11:29:00.230+0000] {logging_mixin.py:188} INFO - [2026-07-31T11:29:00.229+0000] {dag.py:3089} INFO - Sync 1 DAGs
[2026-07-31T11:29:00.268+0000] {logging_mixin.py:188} INFO - [2026-07-31T11:29:00.267+0000] {dag.py:3947} INFO - Setting next_dagrun for example_trigger_target_dag to None, run_after=None
[2026-07-31T11:29:00.333+0000] {processor.py:183} INFO - Processing /home/airflow/.local/lib/python3.12/site-packages/airflow/example_dags/example_trigger_target_dag.py took 0.198 seconds
[2026-07-31T11:29:48.215+0000] {processor.py:161} INFO - Started process (PID=3363) to work on /home/airflow/.local/lib/python3.12/site-packages/airflow/example_dags/example_trigger_target_dag.py
[2026-07-31T11:29:48.251+0000] {processor.py:830} INFO - Processing file /home/airflow/.local/lib/python3.12/site-packages/airflow/example_dags/example_trigger_target_dag.py for tasks to queue
[2026-07-31T11:29:48.273+0000] {logging_mixin.py:188} INFO - [2026-07-31T11:29:48.271+0000] {dagbag.py:545} INFO - Filling up the DagBag from /home/airflow/.local/lib/python3.12/site-packages/airflow/example_dags/example_trigger_target_dag.py
[2026-07-31T11:29:48.421+0000] {processor.py:840} INFO - DAG(s) 'example_trigger_target_dag' retrieved from /home/airflow/.local/lib/python3.12/site-packages/airflow/example_dags/example_trigger_target_dag.py
[2026-07-31T11:29:48.844+0000] {logging_mixin.py:188} INFO - [2026-07-31T11:29:48.832+0000] {dag.py:3089} INFO - Sync 1 DAGs
[2026-07-31T11:29:49.012+0000] {logging_mixin.py:188} INFO - [2026-07-31T11:29:49.011+0000] {dag.py:3947} INFO - Setting next_dagrun for example_trigger_target_dag to None, run_after=None
[2026-07-31T11:29:49.362+0000] {processor.py:183} INFO - Processing /home/airflow/.local/lib/python3.12/site-packages/airflow/example_dags/example_trigger_target_dag.py took 1.636 seconds
[2026-07-31T11:30:33.172+0000] {processor.py:161} INFO - Started process (PID=3422) to work on /home/airflow/.local/lib/python3.12/site-packages/airflow/example_dags/example_trigger_target_dag.py
[2026-07-31T11:30:33.184+0000] {processor.py:830} INFO - Processing file /home/airflow/.local/lib/python3.12/site-packages/airflow/example_dags/example_trigger_target_dag.py for tasks to queue
[2026-07-31T11:30:33.195+0000] {logging_mixin.py:188} INFO - [2026-07-31T11:30:33.194+0000] {dagbag.py:545} INFO - Filling up the DagBag from /home/airflow/.local/lib/python3.12/site-packages/airflow/example_dags/example_trigger_target_dag.py
[2026-07-31T11:30:33.236+0000] {processor.py:840} INFO - DAG(s) 'example_trigger_target_dag' retrieved from /home/airflow/.local/lib/python3.12/site-packages/airflow/example_dags/example_trigger_target_dag.py
[2026-07-31T11:30:33.302+0000] {logging_mixin.py:188} INFO - [2026-07-31T11:30:33.301+0000] {dag.py:3089} INFO - Sync 1 DAGs
[2026-07-31T11:30:33.385+0000] {logging_mixin.py:188} INFO - [2026-07-31T11:30:33.384+0000] {dag.py:3947} INFO - Setting next_dagrun for example_trigger_target_dag to None, run_after=None
[2026-07-31T11:30:33.458+0000] {processor.py:183} INFO - Processing /home/airflow/.local/lib/python3.12/site-packages/airflow/example_dags/example_trigger_target_dag.py took 0.360 seconds
[2026-07-31T11:31:03.661+0000] {processor.py:161} INFO - Started process (PID=3480) to work on /home/airflow/.local/lib/python3.12/site-packages/airflow/example_dags/example_trigger_target_dag.py
[2026-07-31T11:31:03.667+0000] {processor.py:830} INFO - Processing file /home/airflow/.local/lib/python3.12/site-packages/airflow/example_dags/example_trigger_target_dag.py for tasks to queue
[2026-07-31T11:31:03.673+0000] {logging_mixin.py:188} INFO - [2026-07-31T11:31:03.672+0000] {dagbag.py:545} INFO - Filling up the DagBag from /home/airflow/.local/lib/python3.12/site-packages/airflow/example_dags/example_trigger_target_dag.py
[2026-07-31T11:31:03.707+0000] {processor.py:840} INFO - DAG(s) 'example_trigger_target_dag' retrieved from /home/airflow/.local/lib/python3.12/site-packages/airflow/example_dags/example_trigger_target_dag.py
[2026-07-31T11:31:03.794+0000] {logging_mixin.py:188} INFO - [2026-07-31T11:31:03.793+0000] {dag.py:3089} INFO - Sync 1 DAGs
[2026-07-31T11:31:03.849+0000] {logging_mixin.py:188} INFO - [2026-07-31T11:31:03.848+0000] {dag.py:3947} INFO - Setting next_dagrun for example_trigger_target_dag to None, run_after=None
[2026-07-31T11:31:03.928+0000] {processor.py:183} INFO - Processing /home/airflow/.local/lib/python3.12/site-packages/airflow/example_dags/example_trigger_target_dag.py took 0.288 seconds
[2026-07-31T11:31:34.121+0000] {processor.py:161} INFO - Started process (PID=3538) to work on /home/airflow/.local/lib/python3.12/site-packages/airflow/example_dags/example_trigger_target_dag.py
[2026-07-31T11:31:34.124+0000] {processor.py:830} INFO - Processing file /home/airflow/.local/lib/python3.12/site-packages/airflow/example_dags/example_trigger_target_dag.py for tasks to queue
[2026-07-31T11:31:34.129+0000] {logging_mixin.py:188} INFO - [2026-07-31T11:31:34.128+0000] {dagbag.py:545} INFO - Filling up the DagBag from /home/airflow/.local/lib/python3.12/site-packages/airflow/example_dags/example_trigger_target_dag.py
[2026-07-31T11:31:34.144+0000] {processor.py:840} INFO - DAG(s) 'example_trigger_target_dag' retrieved from /home/airflow/.local/lib/python3.12/site-packages/airflow/example_dags/example_trigger_target_dag.py
[2026-07-31T11:31:34.190+0000] {logging_mixin.py:188} INFO - [2026-07-31T11:31:34.189+0000] {dag.py:3089} INFO - Sync 1 DAGs
[2026-07-31T11:31:34.224+0000] {logging_mixin.py:188} INFO - [2026-07-31T11:31:34.224+0000] {dag.py:3947} INFO - Setting next_dagrun for example_trigger_target_dag to None, run_after=None
[2026-07-31T11:31:34.273+0000] {processor.py:183} INFO - Processing /home/airflow/.local/lib/python3.12/site-packages/airflow/example_dags/example_trigger_target_dag.py took 0.168 seconds
[2026-07-31T11:32:04.551+0000] {processor.py:161} INFO - Started process (PID=3595) to work on /home/airflow/.local/lib/python3.12/site-packages/airflow/example_dags/example_trigger_target_dag.py
[2026-07-31T11:32:04.555+0000] {processor.py:830} INFO - Processing file /home/airflow/.local/lib/python3.12/site-packages/airflow/example_dags/example_trigger_target_dag.py for tasks to queue
[2026-07-31T11:32:04.560+0000] {logging_mixin.py:188} INFO - [2026-07-31T11:32:04.559+0000] {dagbag.py:545} INFO - Filling up the DagBag from /home/airflow/.local/lib/python3.12/site-packages/airflow/example_dags/example_trigger_target_dag.py
[2026-07-31T11:32:04.577+0000] {processor.py:840} INFO - DAG(s) 'example_trigger_target_dag' retrieved from /home/airflow/.local/lib/python3.12/site-packages/airflow/example_dags/example_trigger_target_dag.py
[2026-07-31T11:32:04.638+0000] {logging_mixin.py:188} INFO - [2026-07-31T11:32:04.638+0000] {dag.py:3089} INFO - Sync 1 DAGs
[2026-07-31T11:32:04.678+0000] {logging_mixin.py:188} INFO - [2026-07-31T11:32:04.677+0000] {dag.py:3947} INFO - Setting next_dagrun for example_trigger_target_dag to None, run_after=None
[2026-07-31T11:32:04.732+0000] {processor.py:183} INFO - Processing /home/airflow/.local/lib/python3.12/site-packages/airflow/example_dags/example_trigger_target_dag.py took 0.199 seconds
[2026-07-31T11:32:38.102+0000] {processor.py:161} INFO - Started process (PID=3652) to work on /home/airflow/.local/lib/python3.12/site-packages/airflow/example_dags/example_trigger_target_dag.py
[2026-07-31T11:32:38.107+0000] {processor.py:830} INFO - Processing file /home/airflow/.local/lib/python3.12/site-packages/airflow/example_dags/example_trigger_target_dag.py for tasks to queue
[2026-07-31T11:32:38.140+0000] {logging_mixin.py:188} INFO - [2026-07-31T11:32:38.139+0000] {dagbag.py:545} INFO - Filling up the DagBag from /home/airflow/.local/lib/python3.12/site-packages/airflow/example_dags/example_trigger_target_dag.py
[2026-07-31T11:32:38.417+0000] {processor.py:840} INFO - DAG(s) 'example_trigger_target_dag' retrieved from /home/airflow/.local/lib/python3.12/site-packages/airflow/example_dags/example_trigger_target_dag.py
[2026-07-31T11:32:38.553+0000] {logging_mixin.py:188} INFO - [2026-07-31T11:32:38.551+0000] {dag.py:3089} INFO - Sync 1 DAGs
[2026-07-31T11:32:38.646+0000] {logging_mixin.py:188} INFO - [2026-07-31T11:32:38.645+0000] {dag.py:3947} INFO - Setting next_dagrun for example_trigger_target_dag to None, run_after=None
[2026-07-31T11:32:38.776+0000] {processor.py:183} INFO - Processing /home/airflow/.local/lib/python3.12/site-packages/airflow/example_dags/example_trigger_target_dag.py took 0.708 seconds
[2026-07-31T11:33:22.287+0000] {processor.py:161} INFO - Started process (PID=3712) to work on /home/airflow/.local/lib/python3.12/site-packages/airflow/example_dags/example_trigger_target_dag.py
[2026-07-31T11:33:22.341+0000] {processor.py:830} INFO - Processing file /home/airflow/.local/lib/python3.12/site-packages/airflow/example_dags/example_trigger_target_dag.py for tasks to queue
[2026-07-31T11:33:22.386+0000] {logging_mixin.py:188} INFO - [2026-07-31T11:33:22.385+0000] {dagbag.py:545} INFO - Filling up the DagBag from /home/airflow/.local/lib/python3.12/site-packages/airflow/example_dags/example_trigger_target_dag.py
[2026-07-31T11:33:22.640+0000] {processor.py:840} INFO - DAG(s) 'example_trigger_target_dag' retrieved from /home/airflow/.local/lib/python3.12/site-packages/airflow/example_dags/example_trigger_target_dag.py
[2026-07-31T11:33:22.918+0000] {logging_mixin.py:188} INFO - [2026-07-31T11:33:22.917+0000] {dag.py:3089} INFO - Sync 1 DAGs
[2026-07-31T11:33:23.145+0000] {logging_mixin.py:188} INFO - [2026-07-31T11:33:23.144+0000] {dag.py:3947} INFO - Setting next_dagrun for example_trigger_target_dag to None, run_after=None
[2026-07-31T11:33:23.510+0000] {processor.py:183} INFO - Processing /home/airflow/.local/lib/python3.12/site-packages/airflow/example_dags/example_trigger_target_dag.py took 1.392 seconds
[2026-07-31T11:34:34.463+0000] {processor.py:161} INFO - Started process (PID=3757) to work on /home/airflow/.local/lib/python3.12/site-packages/airflow/example_dags/example_trigger_target_dag.py
[2026-07-31T11:34:34.472+0000] {processor.py:830} INFO - Processing file /home/airflow/.local/lib/python3.12/site-packages/airflow/example_dags/example_trigger_target_dag.py for tasks to queue
[2026-07-31T11:34:34.491+0000] {logging_mixin.py:188} INFO - [2026-07-31T11:34:34.483+0000] {dagbag.py:545} INFO - Filling up the DagBag from /home/airflow/.local/lib/python3.12/site-packages/airflow/example_dags/example_trigger_target_dag.py
[2026-07-31T11:34:34.534+0000] {processor.py:840} INFO - DAG(s) 'example_trigger_target_dag' retrieved from /home/airflow/.local/lib/python3.12/site-packages/airflow/example_dags/example_trigger_target_dag.py
[2026-07-31T11:34:34.628+0000] {logging_mixin.py:188} INFO - [2026-07-31T11:34:34.627+0000] {dag.py:3089} INFO - Sync 1 DAGs
[2026-07-31T11:34:34.672+0000] {logging_mixin.py:188} INFO - [2026-07-31T11:34:34.671+0000] {dag.py:3947} INFO - Setting next_dagrun for example_trigger_target_dag to None, run_after=None
[2026-07-31T11:34:34.731+0000] {processor.py:183} INFO - Processing /home/airflow/.local/lib/python3.12/site-packages/airflow/example_dags/example_trigger_target_dag.py took 0.290 seconds
[2026-07-31T11:35:05.246+0000] {processor.py:161} INFO - Started process (PID=3816) to work on /home/airflow/.local/lib/python3.12/site-packages/airflow/example_dags/example_trigger_target_dag.py
[2026-07-31T11:35:05.249+0000] {processor.py:830} INFO - Processing file /home/airflow/.local/lib/python3.12/site-packages/airflow/example_dags/example_trigger_target_dag.py for tasks to queue
[2026-07-31T11:35:05.256+0000] {logging_mixin.py:188} INFO - [2026-07-31T11:35:05.255+0000] {dagbag.py:545} INFO - Filling up the DagBag from /home/airflow/.local/lib/python3.12/site-packages/airflow/example_dags/example_trigger_target_dag.py
[2026-07-31T11:35:05.273+0000] {processor.py:840} INFO - DAG(s) 'example_trigger_target_dag' retrieved from /home/airflow/.local/lib/python3.12/site-packages/airflow/example_dags/example_trigger_target_dag.py
[2026-07-31T11:35:05.335+0000] {logging_mixin.py:188} INFO - [2026-07-31T11:35:05.334+0000] {dag.py:3089} INFO - Sync 1 DAGs
[2026-07-31T11:35:05.373+0000] {logging_mixin.py:188} INFO - [2026-07-31T11:35:05.373+0000] {dag.py:3947} INFO - Setting next_dagrun for example_trigger_target_dag to None, run_after=None
[2026-07-31T11:35:05.412+0000] {processor.py:183} INFO - Processing /home/airflow/.local/lib/python3.12/site-packages/airflow/example_dags/example_trigger_target_dag.py took 0.181 seconds
[2026-07-31T11:35:36.548+0000] {processor.py:161} INFO - Started process (PID=3872) to work on /home/airflow/.local/lib/python3.12/site-packages/airflow/example_dags/example_trigger_target_dag.py
[2026-07-31T11:35:36.553+0000] {processor.py:830} INFO - Processing file /home/airflow/.local/lib/python3.12/site-packages/airflow/example_dags/example_trigger_target_dag.py for tasks to queue
[2026-07-31T11:35:36.558+0000] {logging_mixin.py:188} INFO - [2026-07-31T11:35:36.558+0000] {dagbag.py:545} INFO - Filling up the DagBag from /home/airflow/.local/lib/python3.12/site-packages/airflow/example_dags/example_trigger_target_dag.py
[2026-07-31T11:35:36.575+0000] {processor.py:840} INFO - DAG(s) 'example_trigger_target_dag' retrieved from /home/airflow/.local/lib/python3.12/site-packages/airflow/example_dags/example_trigger_target_dag.py
[2026-07-31T11:35:36.629+0000] {logging_mixin.py:188} INFO - [2026-07-31T11:35:36.628+0000] {dag.py:3089} INFO - Sync 1 DAGs
[2026-07-31T11:35:36.667+0000] {logging_mixin.py:188} INFO - [2026-07-31T11:35:36.666+0000] {dag.py:3947} INFO - Setting next_dagrun for example_trigger_target_dag to None, run_after=None
[2026-07-31T11:35:36.723+0000] {processor.py:183} INFO - Processing /home/airflow/.local/lib/python3.12/site-packages/airflow/example_dags/example_trigger_target_dag.py took 0.191 seconds
[2026-07-31T11:36:07.795+0000] {processor.py:161} INFO - Started process (PID=3931) to work on /home/airflow/.local/lib/python3.12/site-packages/airflow/example_dags/example_trigger_target_dag.py
[2026-07-31T11:36:07.797+0000] {processor.py:830} INFO - Processing file /home/airflow/.local/lib/python3.12/site-packages/airflow/example_dags/example_trigger_target_dag.py for tasks to queue
[2026-07-31T11:36:07.803+0000] {logging_mixin.py:188} INFO - [2026-07-31T11:36:07.802+0000] {dagbag.py:545} INFO - Filling up the DagBag from /home/airflow/.local/lib/python3.12/site-packages/airflow/example_dags/example_trigger_target_dag.py
[2026-07-31T11:36:07.819+0000] {processor.py:840} INFO - DAG(s) 'example_trigger_target_dag' retrieved from /home/airflow/.local/lib/python3.12/site-packages/airflow/example_dags/example_trigger_target_dag.py
[2026-07-31T11:36:07.865+0000] {logging_mixin.py:188} INFO - [2026-07-31T11:36:07.864+0000] {dag.py:3089} INFO - Sync 1 DAGs
[2026-07-31T11:36:07.904+0000] {logging_mixin.py:188} INFO - [2026-07-31T11:36:07.903+0000] {dag.py:3947} INFO - Setting next_dagrun for example_trigger_target_dag to None, run_after=None
[2026-07-31T11:36:07.947+0000] {processor.py:183} INFO - Processing /home/airflow/.local/lib/python3.12/site-packages/airflow/example_dags/example_trigger_target_dag.py took 0.167 seconds
[2026-07-31T11:36:39.098+0000] {processor.py:161} INFO - Started process (PID=3989) to work on /home/airflow/.local/lib/python3.12/site-packages/airflow/example_dags/example_trigger_target_dag.py
[2026-07-31T11:36:39.101+0000] {processor.py:830} INFO - Processing file /home/airflow/.local/lib/python3.12/site-packages/airflow/example_dags/example_trigger_target_dag.py for tasks to queue
[2026-07-31T11:36:39.110+0000] {logging_mixin.py:188} INFO - [2026-07-31T11:36:39.109+0000] {dagbag.py:545} INFO - Filling up the DagBag from /home/airflow/.local/lib/python3.12/site-packages/airflow/example_dags/example_trigger_target_dag.py
[2026-07-31T11:36:39.128+0000] {processor.py:840} INFO - DAG(s) 'example_trigger_target_dag' retrieved from /home/airflow/.local/lib/python3.12/site-packages/airflow/example_dags/example_trigger_target_dag.py
[2026-07-31T11:36:39.190+0000] {logging_mixin.py:188} INFO - [2026-07-31T11:36:39.190+0000] {dag.py:3089} INFO - Sync 1 DAGs
[2026-07-31T11:36:39.227+0000] {logging_mixin.py:188} INFO - [2026-07-31T11:36:39.226+0000] {dag.py:3947} INFO - Setting next_dagrun for example_trigger_target_dag to None, run_after=None
[2026-07-31T11:36:39.265+0000] {processor.py:183} INFO - Processing /home/airflow/.local/lib/python3.12/site-packages/airflow/example_dags/example_trigger_target_dag.py took 0.187 seconds
[2026-07-31T11:37:09.518+0000] {processor.py:161} INFO - Started process (PID=4048) to work on /home/airflow/.local/lib/python3.12/site-packages/airflow/example_dags/example_trigger_target_dag.py
[2026-07-31T11:37:09.521+0000] {processor.py:830} INFO - Processing file /home/airflow/.local/lib/python3.12/site-packages/airflow/example_dags/example_trigger_target_dag.py for tasks to queue
[2026-07-31T11:37:09.525+0000] {logging_mixin.py:188} INFO - [2026-07-31T11:37:09.524+0000] {dagbag.py:545} INFO - Filling up the DagBag from /home/airflow/.local/lib/python3.12/site-packages/airflow/example_dags/example_trigger_target_dag.py
[2026-07-31T11:37:09.538+0000] {processor.py:840} INFO - DAG(s) 'example_trigger_target_dag' retrieved from /home/airflow/.local/lib/python3.12/site-packages/airflow/example_dags/example_trigger_target_dag.py
[2026-07-31T11:37:09.576+0000] {logging_mixin.py:188} INFO - [2026-07-31T11:37:09.575+0000] {dag.py:3089} INFO - Sync 1 DAGs
[2026-07-31T11:37:09.629+0000] {logging_mixin.py:188} INFO - [2026-07-31T11:37:09.629+0000] {dag.py:3947} INFO - Setting next_dagrun for example_trigger_target_dag to None, run_after=None
[2026-07-31T11:37:09.697+0000] {processor.py:183} INFO - Processing /home/airflow/.local/lib/python3.12/site-packages/airflow/example_dags/example_trigger_target_dag.py took 0.193 seconds
[2026-07-31T11:37:40.010+0000] {processor.py:161} INFO - Started process (PID=4106) to work on /home/airflow/.local/lib/python3.12/site-packages/airflow/example_dags/example_trigger_target_dag.py
[2026-07-31T11:37:40.013+0000] {processor.py:830} INFO - Processing file /home/airflow/.local/lib/python3.12/site-packages/airflow/example_dags/example_trigger_target_dag.py for tasks to queue
[2026-07-31T11:37:40.021+0000] {logging_mixin.py:188} INFO - [2026-07-31T11:37:40.020+0000] {dagbag.py:545} INFO - Filling up the DagBag from /home/airflow/.local/lib/python3.12/site-packages/airflow/example_dags/example_trigger_target_dag.py
[2026-07-31T11:37:40.033+0000] {processor.py:840} INFO - DAG(s) 'example_trigger_target_dag' retrieved from /home/airflow/.local/lib/python3.12/site-packages/airflow/example_dags/example_trigger_target_dag.py
[2026-07-31T11:37:40.068+0000] {logging_mixin.py:188} INFO - [2026-07-31T11:37:40.068+0000] {dag.py:3089} INFO - Sync 1 DAGs
[2026-07-31T11:37:40.094+0000] {logging_mixin.py:188} INFO - [2026-07-31T11:37:40.093+0000] {dag.py:3947} INFO - Setting next_dagrun for example_trigger_target_dag to None, run_after=None
[2026-07-31T11:37:40.131+0000] {processor.py:183} INFO - Processing /home/airflow/.local/lib/python3.12/site-packages/airflow/example_dags/example_trigger_target_dag.py took 0.138 seconds
[2026-07-31T11:38:10.831+0000] {processor.py:161} INFO - Started process (PID=4164) to work on /home/airflow/.local/lib/python3.12/site-packages/airflow/example_dags/example_trigger_target_dag.py
[2026-07-31T11:38:10.833+0000] {processor.py:830} INFO - Processing file /home/airflow/.local/lib/python3.12/site-packages/airflow/example_dags/example_trigger_target_dag.py for tasks to queue
[2026-07-31T11:38:10.838+0000] {logging_mixin.py:188} INFO - [2026-07-31T11:38:10.837+0000] {dagbag.py:545} INFO - Filling up the DagBag from /home/airflow/.local/lib/python3.12/site-packages/airflow/example_dags/example_trigger_target_dag.py
[2026-07-31T11:38:10.848+0000] {processor.py:840} INFO - DAG(s) 'example_trigger_target_dag' retrieved from /home/airflow/.local/lib/python3.12/site-packages/airflow/example_dags/example_trigger_target_dag.py
[2026-07-31T11:38:10.881+0000] {logging_mixin.py:188} INFO - [2026-07-31T11:38:10.880+0000] {dag.py:3089} INFO - Sync 1 DAGs
[2026-07-31T11:38:10.902+0000] {logging_mixin.py:188} INFO - [2026-07-31T11:38:10.902+0000] {dag.py:3947} INFO - Setting next_dagrun for example_trigger_target_dag to None, run_after=None
[2026-07-31T11:38:10.936+0000] {processor.py:183} INFO - Processing /home/airflow/.local/lib/python3.12/site-packages/airflow/example_dags/example_trigger_target_dag.py took 0.120 seconds
[2026-07-31T11:38:41.296+0000] {processor.py:161} INFO - Started process (PID=4222) to work on /home/airflow/.local/lib/python3.12/site-packages/airflow/example_dags/example_trigger_target_dag.py
[2026-07-31T11:38:41.299+0000] {processor.py:830} INFO - Processing file /home/airflow/.local/lib/python3.12/site-packages/airflow/example_dags/example_trigger_target_dag.py for tasks to queue
[2026-07-31T11:38:41.304+0000] {logging_mixin.py:188} INFO - [2026-07-31T11:38:41.303+0000] {dagbag.py:545} INFO - Filling up the DagBag from /home/airflow/.local/lib/python3.12/site-packages/airflow/example_dags/example_trigger_target_dag.py
[2026-07-31T11:38:41.321+0000] {processor.py:840} INFO - DAG(s) 'example_trigger_target_dag' retrieved from /home/airflow/.local/lib/python3.12/site-packages/airflow/example_dags/example_trigger_target_dag.py
[2026-07-31T11:38:41.366+0000] {logging_mixin.py:188} INFO - [2026-07-31T11:38:41.365+0000] {dag.py:3089} INFO - Sync 1 DAGs
[2026-07-31T11:38:41.395+0000] {logging_mixin.py:188} INFO - [2026-07-31T11:38:41.394+0000] {dag.py:3947} INFO - Setting next_dagrun for example_trigger_target_dag to None, run_after=None
[2026-07-31T11:38:41.439+0000] {processor.py:183} INFO - Processing /home/airflow/.local/lib/python3.12/site-packages/airflow/example_dags/example_trigger_target_dag.py took 0.157 seconds
[2026-07-31T11:39:13.986+0000] {processor.py:161} INFO - Started process (PID=4286) to work on /home/airflow/.local/lib/python3.12/site-packages/airflow/example_dags/example_trigger_target_dag.py
[2026-07-31T11:39:13.999+0000] {processor.py:830} INFO - Processing file /home/airflow/.local/lib/python3.12/site-packages/airflow/example_dags/example_trigger_target_dag.py for tasks to queue
[2026-07-31T11:39:14.023+0000] {logging_mixin.py:188} INFO - [2026-07-31T11:39:14.011+0000] {dagbag.py:545} INFO - Filling up the DagBag from /home/airflow/.local/lib/python3.12/site-packages/airflow/example_dags/example_trigger_target_dag.py
[2026-07-31T11:39:14.096+0000] {processor.py:840} INFO - DAG(s) 'example_trigger_target_dag' retrieved from /home/airflow/.local/lib/python3.12/site-packages/airflow/example_dags/example_trigger_target_dag.py
[2026-07-31T11:39:14.222+0000] {logging_mixin.py:188} INFO - [2026-07-31T11:39:14.221+0000] {dag.py:3089} INFO - Sync 1 DAGs
[2026-07-31T11:39:14.298+0000] {logging_mixin.py:188} INFO - [2026-07-31T11:39:14.297+0000] {dag.py:3947} INFO - Setting next_dagrun for example_trigger_target_dag to None, run_after=None
[2026-07-31T11:39:14.392+0000] {processor.py:183} INFO - Processing /home/airflow/.local/lib/python3.12/site-packages/airflow/example_dags/example_trigger_target_dag.py took 0.450 seconds
[2026-07-31T11:39:45.170+0000] {processor.py:161} INFO - Started process (PID=4344) to work on /home/airflow/.local/lib/python3.12/site-packages/airflow/example_dags/example_trigger_target_dag.py
[2026-07-31T11:39:45.172+0000] {processor.py:830} INFO - Processing file /home/airflow/.local/lib/python3.12/site-packages/airflow/example_dags/example_trigger_target_dag.py for tasks to queue
[2026-07-31T11:39:45.175+0000] {logging_mixin.py:188} INFO - [2026-07-31T11:39:45.174+0000] {dagbag.py:545} INFO - Filling up the DagBag from /home/airflow/.local/lib/python3.12/site-packages/airflow/example_dags/example_trigger_target_dag.py
[2026-07-31T11:39:45.183+0000] {processor.py:840} INFO - DAG(s) 'example_trigger_target_dag' retrieved from /home/airflow/.local/lib/python3.12/site-packages/airflow/example_dags/example_trigger_target_dag.py
[2026-07-31T11:39:45.213+0000] {logging_mixin.py:188} INFO - [2026-07-31T11:39:45.213+0000] {dag.py:3089} INFO - Sync 1 DAGs
[2026-07-31T11:39:45.233+0000] {logging_mixin.py:188} INFO - [2026-07-31T11:39:45.233+0000] {dag.py:3947} INFO - Setting next_dagrun for example_trigger_target_dag to None, run_after=None
[2026-07-31T11:39:45.263+0000] {processor.py:183} INFO - Processing /home/airflow/.local/lib/python3.12/site-packages/airflow/example_dags/example_trigger_target_dag.py took 0.100 seconds
[2026-07-31T11:40:15.908+0000] {processor.py:161} INFO - Started process (PID=4402) to work on /home/airflow/.local/lib/python3.12/site-packages/airflow/example_dags/example_trigger_target_dag.py
[2026-07-31T11:40:15.911+0000] {processor.py:830} INFO - Processing file /home/airflow/.local/lib/python3.12/site-packages/airflow/example_dags/example_trigger_target_dag.py for tasks to queue
[2026-07-31T11:40:15.915+0000] {logging_mixin.py:188} INFO - [2026-07-31T11:40:15.914+0000] {dagbag.py:545} INFO - Filling up the DagBag from /home/airflow/.local/lib/python3.12/site-packages/airflow/example_dags/example_trigger_target_dag.py
[2026-07-31T11:40:15.923+0000] {processor.py:840} INFO - DAG(s) 'example_trigger_target_dag' retrieved from /home/airflow/.local/lib/python3.12/site-packages/airflow/example_dags/example_trigger_target_dag.py
[2026-07-31T11:40:15.952+0000] {logging_mixin.py:188} INFO - [2026-07-31T11:40:15.951+0000] {dag.py:3089} INFO - Sync 1 DAGs
[2026-07-31T11:40:15.975+0000] {logging_mixin.py:188} INFO - [2026-07-31T11:40:15.974+0000] {dag.py:3947} INFO - Setting next_dagrun for example_trigger_target_dag to None, run_after=None
[2026-07-31T11:40:16.010+0000] {processor.py:183} INFO - Processing /home/airflow/.local/lib/python3.12/site-packages/airflow/example_dags/example_trigger_target_dag.py took 0.111 seconds
[2026-07-31T11:40:46.897+0000] {processor.py:161} INFO - Started process (PID=4460) to work on /home/airflow/.local/lib/python3.12/site-packages/airflow/example_dags/example_trigger_target_dag.py
[2026-07-31T11:40:46.899+0000] {processor.py:830} INFO - Processing file /home/airflow/.local/lib/python3.12/site-packages/airflow/example_dags/example_trigger_target_dag.py for tasks to queue
[2026-07-31T11:40:46.906+0000] {logging_mixin.py:188} INFO - [2026-07-31T11:40:46.905+0000] {dagbag.py:545} INFO - Filling up the DagBag from /home/airflow/.local/lib/python3.12/site-packages/airflow/example_dags/example_trigger_target_dag.py
[2026-07-31T11:40:46.922+0000] {processor.py:840} INFO - DAG(s) 'example_trigger_target_dag' retrieved from /home/airflow/.local/lib/python3.12/site-packages/airflow/example_dags/example_trigger_target_dag.py
[2026-07-31T11:40:46.972+0000] {logging_mixin.py:188} INFO - [2026-07-31T11:40:46.971+0000] {dag.py:3089} INFO - Sync 1 DAGs
[2026-07-31T11:40:47.014+0000] {logging_mixin.py:188} INFO - [2026-07-31T11:40:47.013+0000] {dag.py:3947} INFO - Setting next_dagrun for example_trigger_target_dag to None, run_after=None
[2026-07-31T11:40:47.075+0000] {processor.py:183} INFO - Processing /home/airflow/.local/lib/python3.12/site-packages/airflow/example_dags/example_trigger_target_dag.py took 0.190 seconds
[2026-07-31T11:41:17.775+0000] {processor.py:161} INFO - Started process (PID=4518) to work on /home/airflow/.local/lib/python3.12/site-packages/airflow/example_dags/example_trigger_target_dag.py
[2026-07-31T11:41:17.776+0000] {processor.py:830} INFO - Processing file /home/airflow/.local/lib/python3.12/site-packages/airflow/example_dags/example_trigger_target_dag.py for tasks to queue
[2026-07-31T11:41:17.779+0000] {logging_mixin.py:188} INFO - [2026-07-31T11:41:17.779+0000] {dagbag.py:545} INFO - Filling up the DagBag from /home/airflow/.local/lib/python3.12/site-packages/airflow/example_dags/example_trigger_target_dag.py
[2026-07-31T11:41:17.790+0000] {processor.py:840} INFO - DAG(s) 'example_trigger_target_dag' retrieved from /home/airflow/.local/lib/python3.12/site-packages/airflow/example_dags/example_trigger_target_dag.py
[2026-07-31T11:41:17.827+0000] {logging_mixin.py:188} INFO - [2026-07-31T11:41:17.827+0000] {dag.py:3089} INFO - Sync 1 DAGs
[2026-07-31T11:41:17.850+0000] {logging_mixin.py:188} INFO - [2026-07-31T11:41:17.850+0000] {dag.py:3947} INFO - Setting next_dagrun for example_trigger_target_dag to None, run_after=None
[2026-07-31T11:41:17.897+0000] {processor.py:183} INFO - Processing /home/airflow/.local/lib/python3.12/site-packages/airflow/example_dags/example_trigger_target_dag.py took 0.132 seconds
[2026-07-31T11:41:48.315+0000] {processor.py:161} INFO - Started process (PID=4576) to work on /home/airflow/.local/lib/python3.12/site-packages/airflow/example_dags/example_trigger_target_dag.py
[2026-07-31T11:41:48.317+0000] {processor.py:830} INFO - Processing file /home/airflow/.local/lib/python3.12/site-packages/airflow/example_dags/example_trigger_target_dag.py for tasks to queue
[2026-07-31T11:41:48.321+0000] {logging_mixin.py:188} INFO - [2026-07-31T11:41:48.320+0000] {dagbag.py:545} INFO - Filling up the DagBag from /home/airflow/.local/lib/python3.12/site-packages/airflow/example_dags/example_trigger_target_dag.py
[2026-07-31T11:41:48.334+0000] {processor.py:840} INFO - DAG(s) 'example_trigger_target_dag' retrieved from /home/airflow/.local/lib/python3.12/site-packages/airflow/example_dags/example_trigger_target_dag.py
[2026-07-31T11:41:48.408+0000] {logging_mixin.py:188} INFO - [2026-07-31T11:41:48.408+0000] {dag.py:3089} INFO - Sync 1 DAGs
[2026-07-31T11:41:48.483+0000] {logging_mixin.py:188} INFO - [2026-07-31T11:41:48.482+0000] {dag.py:3947} INFO - Setting next_dagrun for example_trigger_target_dag to None, run_after=None
[2026-07-31T11:41:48.561+0000] {processor.py:183} INFO - Processing /home/airflow/.local/lib/python3.12/site-packages/airflow/example_dags/example_trigger_target_dag.py took 0.258 seconds
[2026-07-31T11:42:18.724+0000] {processor.py:161} INFO - Started process (PID=4634) to work on /home/airflow/.local/lib/python3.12/site-packages/airflow/example_dags/example_trigger_target_dag.py
[2026-07-31T11:42:18.726+0000] {processor.py:830} INFO - Processing file /home/airflow/.local/lib/python3.12/site-packages/airflow/example_dags/example_trigger_target_dag.py for tasks to queue
[2026-07-31T11:42:18.729+0000] {logging_mixin.py:188} INFO - [2026-07-31T11:42:18.728+0000] {dagbag.py:545} INFO - Filling up the DagBag from /home/airflow/.local/lib/python3.12/site-packages/airflow/example_dags/example_trigger_target_dag.py
[2026-07-31T11:42:18.740+0000] {processor.py:840} INFO - DAG(s) 'example_trigger_target_dag' retrieved from /home/airflow/.local/lib/python3.12/site-packages/airflow/example_dags/example_trigger_target_dag.py
[2026-07-31T11:42:18.771+0000] {logging_mixin.py:188} INFO - [2026-07-31T11:42:18.771+0000] {dag.py:3089} INFO - Sync 1 DAGs
[2026-07-31T11:42:18.791+0000] {logging_mixin.py:188} INFO - [2026-07-31T11:42:18.791+0000] {dag.py:3947} INFO - Setting next_dagrun for example_trigger_target_dag to None, run_after=None
[2026-07-31T11:42:18.823+0000] {processor.py:183} INFO - Processing /home/airflow/.local/lib/python3.12/site-packages/airflow/example_dags/example_trigger_target_dag.py took 0.108 seconds
[2026-07-31T11:42:49.289+0000] {processor.py:161} INFO - Started process (PID=4692) to work on /home/airflow/.local/lib/python3.12/site-packages/airflow/example_dags/example_trigger_target_dag.py
[2026-07-31T11:42:49.292+0000] {processor.py:830} INFO - Processing file /home/airflow/.local/lib/python3.12/site-packages/airflow/example_dags/example_trigger_target_dag.py for tasks to queue
[2026-07-31T11:42:49.296+0000] {logging_mixin.py:188} INFO - [2026-07-31T11:42:49.295+0000] {dagbag.py:545} INFO - Filling up the DagBag from /home/airflow/.local/lib/python3.12/site-packages/airflow/example_dags/example_trigger_target_dag.py
[2026-07-31T11:42:49.308+0000] {processor.py:840} INFO - DAG(s) 'example_trigger_target_dag' retrieved from /home/airflow/.local/lib/python3.12/site-packages/airflow/example_dags/example_trigger_target_dag.py
[2026-07-31T11:42:49.342+0000] {logging_mixin.py:188} INFO - [2026-07-31T11:42:49.341+0000] {dag.py:3089} INFO - Sync 1 DAGs
[2026-07-31T11:42:49.371+0000] {logging_mixin.py:188} INFO - [2026-07-31T11:42:49.371+0000] {dag.py:3947} INFO - Setting next_dagrun for example_trigger_target_dag to None, run_after=None
[2026-07-31T11:42:49.404+0000] {processor.py:183} INFO - Processing /home/airflow/.local/lib/python3.12/site-packages/airflow/example_dags/example_trigger_target_dag.py took 0.127 seconds
[2026-07-31T11:43:20.027+0000] {processor.py:161} INFO - Started process (PID=4748) to work on /home/airflow/.local/lib/python3.12/site-packages/airflow/example_dags/example_trigger_target_dag.py
[2026-07-31T11:43:20.029+0000] {processor.py:830} INFO - Processing file /home/airflow/.local/lib/python3.12/site-packages/airflow/example_dags/example_trigger_target_dag.py for tasks to queue
[2026-07-31T11:43:20.031+0000] {logging_mixin.py:188} INFO - [2026-07-31T11:43:20.031+0000] {dagbag.py:545} INFO - Filling up the DagBag from /home/airflow/.local/lib/python3.12/site-packages/airflow/example_dags/example_trigger_target_dag.py
[2026-07-31T11:43:20.039+0000] {processor.py:840} INFO - DAG(s) 'example_trigger_target_dag' retrieved from /home/airflow/.local/lib/python3.12/site-packages/airflow/example_dags/example_trigger_target_dag.py
[2026-07-31T11:43:20.067+0000] {logging_mixin.py:188} INFO - [2026-07-31T11:43:20.066+0000] {dag.py:3089} INFO - Sync 1 DAGs
[2026-07-31T11:43:20.088+0000] {logging_mixin.py:188} INFO - [2026-07-31T11:43:20.088+0000] {dag.py:3947} INFO - Setting next_dagrun for example_trigger_target_dag to None, run_after=None
[2026-07-31T11:43:20.116+0000] {processor.py:183} INFO - Processing /home/airflow/.local/lib/python3.12/site-packages/airflow/example_dags/example_trigger_target_dag.py took 0.101 seconds
[2026-07-31T11:43:50.241+0000] {processor.py:161} INFO - Started process (PID=4806) to work on /home/airflow/.local/lib/python3.12/site-packages/airflow/example_dags/example_trigger_target_dag.py
[2026-07-31T11:43:50.243+0000] {processor.py:830} INFO - Processing file /home/airflow/.local/lib/python3.12/site-packages/airflow/example_dags/example_trigger_target_dag.py for tasks to queue
[2026-07-31T11:43:50.246+0000] {logging_mixin.py:188} INFO - [2026-07-31T11:43:50.246+0000] {dagbag.py:545} INFO - Filling up the DagBag from /home/airflow/.local/lib/python3.12/site-packages/airflow/example_dags/example_trigger_target_dag.py
[2026-07-31T11:43:50.255+0000] {processor.py:840} INFO - DAG(s) 'example_trigger_target_dag' retrieved from /home/airflow/.local/lib/python3.12/site-packages/airflow/example_dags/example_trigger_target_dag.py
[2026-07-31T11:43:50.284+0000] {logging_mixin.py:188} INFO - [2026-07-31T11:43:50.284+0000] {dag.py:3089} INFO - Sync 1 DAGs
[2026-07-31T11:43:50.307+0000] {logging_mixin.py:188} INFO - [2026-07-31T11:43:50.306+0000] {dag.py:3947} INFO - Setting next_dagrun for example_trigger_target_dag to None, run_after=None
[2026-07-31T11:43:50.351+0000] {processor.py:183} INFO - Processing /home/airflow/.local/lib/python3.12/site-packages/airflow/example_dags/example_trigger_target_dag.py took 0.116 seconds
[2026-07-31T11:44:20.541+0000] {processor.py:161} INFO - Started process (PID=4864) to work on /home/airflow/.local/lib/python3.12/site-packages/airflow/example_dags/example_trigger_target_dag.py
[2026-07-31T11:44:20.543+0000] {processor.py:830} INFO - Processing file /home/airflow/.local/lib/python3.12/site-packages/airflow/example_dags/example_trigger_target_dag.py for tasks to queue
[2026-07-31T11:44:20.547+0000] {logging_mixin.py:188} INFO - [2026-07-31T11:44:20.546+0000] {dagbag.py:545} INFO - Filling up the DagBag from /home/airflow/.local/lib/python3.12/site-packages/airflow/example_dags/example_trigger_target_dag.py
[2026-07-31T11:44:20.561+0000] {processor.py:840} INFO - DAG(s) 'example_trigger_target_dag' retrieved from /home/airflow/.local/lib/python3.12/site-packages/airflow/example_dags/example_trigger_target_dag.py
[2026-07-31T11:44:20.596+0000] {logging_mixin.py:188} INFO - [2026-07-31T11:44:20.596+0000] {dag.py:3089} INFO - Sync 1 DAGs
[2026-07-31T11:44:20.616+0000] {logging_mixin.py:188} INFO - [2026-07-31T11:44:20.616+0000] {dag.py:3947} INFO - Setting next_dagrun for example_trigger_target_dag to None, run_after=None
[2026-07-31T11:44:20.649+0000] {processor.py:183} INFO - Processing /home/airflow/.local/lib/python3.12/site-packages/airflow/example_dags/example_trigger_target_dag.py took 0.117 seconds
[2026-07-31T11:44:50.894+0000] {processor.py:161} INFO - Started process (PID=4922) to work on /home/airflow/.local/lib/python3.12/site-packages/airflow/example_dags/example_trigger_target_dag.py
[2026-07-31T11:44:50.896+0000] {processor.py:830} INFO - Processing file /home/airflow/.local/lib/python3.12/site-packages/airflow/example_dags/example_trigger_target_dag.py for tasks to queue
[2026-07-31T11:44:50.901+0000] {logging_mixin.py:188} INFO - [2026-07-31T11:44:50.900+0000] {dagbag.py:545} INFO - Filling up the DagBag from /home/airflow/.local/lib/python3.12/site-packages/airflow/example_dags/example_trigger_target_dag.py
[2026-07-31T11:44:50.919+0000] {processor.py:840} INFO - DAG(s) 'example_trigger_target_dag' retrieved from /home/airflow/.local/lib/python3.12/site-packages/airflow/example_dags/example_trigger_target_dag.py
[2026-07-31T11:44:50.977+0000] {logging_mixin.py:188} INFO - [2026-07-31T11:44:50.976+0000] {dag.py:3089} INFO - Sync 1 DAGs
[2026-07-31T11:44:51.017+0000] {logging_mixin.py:188} INFO - [2026-07-31T11:44:51.017+0000] {dag.py:3947} INFO - Setting next_dagrun for example_trigger_target_dag to None, run_after=None
[2026-07-31T11:44:51.067+0000] {processor.py:183} INFO - Processing /home/airflow/.local/lib/python3.12/site-packages/airflow/example_dags/example_trigger_target_dag.py took 0.191 seconds
[2026-07-31T11:45:21.299+0000] {processor.py:161} INFO - Started process (PID=4979) to work on /home/airflow/.local/lib/python3.12/site-packages/airflow/example_dags/example_trigger_target_dag.py
[2026-07-31T11:45:21.301+0000] {processor.py:830} INFO - Processing file /home/airflow/.local/lib/python3.12/site-packages/airflow/example_dags/example_trigger_target_dag.py for tasks to queue
[2026-07-31T11:45:21.306+0000] {logging_mixin.py:188} INFO - [2026-07-31T11:45:21.305+0000] {dagbag.py:545} INFO - Filling up the DagBag from /home/airflow/.local/lib/python3.12/site-packages/airflow/example_dags/example_trigger_target_dag.py
[2026-07-31T11:45:21.320+0000] {processor.py:840} INFO - DAG(s) 'example_trigger_target_dag' retrieved from /home/airflow/.local/lib/python3.12/site-packages/airflow/example_dags/example_trigger_target_dag.py
[2026-07-31T11:45:21.363+0000] {logging_mixin.py:188} INFO - [2026-07-31T11:45:21.363+0000] {dag.py:3089} INFO - Sync 1 DAGs
[2026-07-31T11:45:21.397+0000] {logging_mixin.py:188} INFO - [2026-07-31T11:45:21.397+0000] {dag.py:3947} INFO - Setting next_dagrun for example_trigger_target_dag to None, run_after=None
[2026-07-31T11:45:21.439+0000] {processor.py:183} INFO - Processing /home/airflow/.local/lib/python3.12/site-packages/airflow/example_dags/example_trigger_target_dag.py took 0.152 seconds
[2026-07-31T11:45:51.904+0000] {processor.py:161} INFO - Started process (PID=5037) to work on /home/airflow/.local/lib/python3.12/site-packages/airflow/example_dags/example_trigger_target_dag.py
[2026-07-31T11:45:51.906+0000] {processor.py:830} INFO - Processing file /home/airflow/.local/lib/python3.12/site-packages/airflow/example_dags/example_trigger_target_dag.py for tasks to queue
[2026-07-31T11:45:51.909+0000] {logging_mixin.py:188} INFO - [2026-07-31T11:45:51.908+0000] {dagbag.py:545} INFO - Filling up the DagBag from /home/airflow/.local/lib/python3.12/site-packages/airflow/example_dags/example_trigger_target_dag.py
[2026-07-31T11:45:51.919+0000] {processor.py:840} INFO - DAG(s) 'example_trigger_target_dag' retrieved from /home/airflow/.local/lib/python3.12/site-packages/airflow/example_dags/example_trigger_target_dag.py
[2026-07-31T11:45:51.951+0000] {logging_mixin.py:188} INFO - [2026-07-31T11:45:51.950+0000] {dag.py:3089} INFO - Sync 1 DAGs
[2026-07-31T11:45:51.977+0000] {logging_mixin.py:188} INFO - [2026-07-31T11:45:51.976+0000] {dag.py:3947} INFO - Setting next_dagrun for example_trigger_target_dag to None, run_after=None
[2026-07-31T11:45:52.011+0000] {processor.py:183} INFO - Processing /home/airflow/.local/lib/python3.12/site-packages/airflow/example_dags/example_trigger_target_dag.py took 0.115 seconds
[2026-07-31T11:46:22.399+0000] {processor.py:161} INFO - Started process (PID=5095) to work on /home/airflow/.local/lib/python3.12/site-packages/airflow/example_dags/example_trigger_target_dag.py
[2026-07-31T11:46:22.401+0000] {processor.py:830} INFO - Processing file /home/airflow/.local/lib/python3.12/site-packages/airflow/example_dags/example_trigger_target_dag.py for tasks to queue
[2026-07-31T11:46:22.404+0000] {logging_mixin.py:188} INFO - [2026-07-31T11:46:22.403+0000] {dagbag.py:545} INFO - Filling up the DagBag from /home/airflow/.local/lib/python3.12/site-packages/airflow/example_dags/example_trigger_target_dag.py
[2026-07-31T11:46:22.410+0000] {processor.py:840} INFO - DAG(s) 'example_trigger_target_dag' retrieved from /home/airflow/.local/lib/python3.12/site-packages/airflow/example_dags/example_trigger_target_dag.py
[2026-07-31T11:46:22.439+0000] {logging_mixin.py:188} INFO - [2026-07-31T11:46:22.439+0000] {dag.py:3089} INFO - Sync 1 DAGs
[2026-07-31T11:46:22.456+0000] {logging_mixin.py:188} INFO - [2026-07-31T11:46:22.455+0000] {dag.py:3947} INFO - Setting next_dagrun for example_trigger_target_dag to None, run_after=None
[2026-07-31T11:46:22.480+0000] {processor.py:183} INFO - Processing /home/airflow/.local/lib/python3.12/site-packages/airflow/example_dags/example_trigger_target_dag.py took 0.089 seconds
[2026-07-31T11:46:52.889+0000] {processor.py:161} INFO - Started process (PID=5153) to work on /home/airflow/.local/lib/python3.12/site-packages/airflow/example_dags/example_trigger_target_dag.py
[2026-07-31T11:46:52.891+0000] {processor.py:830} INFO - Processing file /home/airflow/.local/lib/python3.12/site-packages/airflow/example_dags/example_trigger_target_dag.py for tasks to queue
[2026-07-31T11:46:52.894+0000] {logging_mixin.py:188} INFO - [2026-07-31T11:46:52.894+0000] {dagbag.py:545} INFO - Filling up the DagBag from /home/airflow/.local/lib/python3.12/site-packages/airflow/example_dags/example_trigger_target_dag.py
[2026-07-31T11:46:52.901+0000] {processor.py:840} INFO - DAG(s) 'example_trigger_target_dag' retrieved from /home/airflow/.local/lib/python3.12/site-packages/airflow/example_dags/example_trigger_target_dag.py
[2026-07-31T11:46:52.925+0000] {logging_mixin.py:188} INFO - [2026-07-31T11:46:52.924+0000] {dag.py:3089} INFO - Sync 1 DAGs
[2026-07-31T11:46:52.940+0000] {logging_mixin.py:188} INFO - [2026-07-31T11:46:52.940+0000] {dag.py:3947} INFO - Setting next_dagrun for example_trigger_target_dag to None, run_after=None
[2026-07-31T11:46:52.964+0000] {processor.py:183} INFO - Processing /home/airflow/.local/lib/python3.12/site-packages/airflow/example_dags/example_trigger_target_dag.py took 0.083 seconds
[2026-07-31T11:47:23.443+0000] {processor.py:161} INFO - Started process (PID=5211) to work on /home/airflow/.local/lib/python3.12/site-packages/airflow/example_dags/example_trigger_target_dag.py
[2026-07-31T11:47:23.445+0000] {processor.py:830} INFO - Processing file /home/airflow/.local/lib/python3.12/site-packages/airflow/example_dags/example_trigger_target_dag.py for tasks to queue
[2026-07-31T11:47:23.448+0000] {logging_mixin.py:188} INFO - [2026-07-31T11:47:23.447+0000] {dagbag.py:545} INFO - Filling up the DagBag from /home/airflow/.local/lib/python3.12/site-packages/airflow/example_dags/example_trigger_target_dag.py
[2026-07-31T11:47:23.456+0000] {processor.py:840} INFO - DAG(s) 'example_trigger_target_dag' retrieved from /home/airflow/.local/lib/python3.12/site-packages/airflow/example_dags/example_trigger_target_dag.py
[2026-07-31T11:47:23.482+0000] {logging_mixin.py:188} INFO - [2026-07-31T11:47:23.481+0000] {dag.py:3089} INFO - Sync 1 DAGs
[2026-07-31T11:47:23.500+0000] {logging_mixin.py:188} INFO - [2026-07-31T11:47:23.499+0000] {dag.py:3947} INFO - Setting next_dagrun for example_trigger_target_dag to None, run_after=None
[2026-07-31T11:47:23.530+0000] {processor.py:183} INFO - Processing /home/airflow/.local/lib/python3.12/site-packages/airflow/example_dags/example_trigger_target_dag.py took 0.094 seconds
[2026-07-31T11:47:53.627+0000] {processor.py:161} INFO - Started process (PID=5269) to work on /home/airflow/.local/lib/python3.12/site-packages/airflow/example_dags/example_trigger_target_dag.py
[2026-07-31T11:47:53.630+0000] {processor.py:830} INFO - Processing file /home/airflow/.local/lib/python3.12/site-packages/airflow/example_dags/example_trigger_target_dag.py for tasks to queue
[2026-07-31T11:47:53.633+0000] {logging_mixin.py:188} INFO - [2026-07-31T11:47:53.632+0000] {dagbag.py:545} INFO - Filling up the DagBag from /home/airflow/.local/lib/python3.12/site-packages/airflow/example_dags/example_trigger_target_dag.py
[2026-07-31T11:47:53.640+0000] {processor.py:840} INFO - DAG(s) 'example_trigger_target_dag' retrieved from /home/airflow/.local/lib/python3.12/site-packages/airflow/example_dags/example_trigger_target_dag.py
[2026-07-31T11:47:53.672+0000] {logging_mixin.py:188} INFO - [2026-07-31T11:47:53.671+0000] {dag.py:3089} INFO - Sync 1 DAGs
[2026-07-31T11:47:53.690+0000] {logging_mixin.py:188} INFO - [2026-07-31T11:47:53.690+0000] {dag.py:3947} INFO - Setting next_dagrun for example_trigger_target_dag to None, run_after=None
[2026-07-31T11:47:53.721+0000] {processor.py:183} INFO - Processing /home/airflow/.local/lib/python3.12/site-packages/airflow/example_dags/example_trigger_target_dag.py took 0.102 seconds
[2026-07-31T11:48:23.814+0000] {processor.py:161} INFO - Started process (PID=5327) to work on /home/airflow/.local/lib/python3.12/site-packages/airflow/example_dags/example_trigger_target_dag.py
[2026-07-31T11:48:23.816+0000] {processor.py:830} INFO - Processing file /home/airflow/.local/lib/python3.12/site-packages/airflow/example_dags/example_trigger_target_dag.py for tasks to queue
[2026-07-31T11:48:23.818+0000] {logging_mixin.py:188} INFO - [2026-07-31T11:48:23.818+0000] {dagbag.py:545} INFO - Filling up the DagBag from /home/airflow/.local/lib/python3.12/site-packages/airflow/example_dags/example_trigger_target_dag.py
[2026-07-31T11:48:23.825+0000] {processor.py:840} INFO - DAG(s) 'example_trigger_target_dag' retrieved from /home/airflow/.local/lib/python3.12/site-packages/airflow/example_dags/example_trigger_target_dag.py
[2026-07-31T11:48:23.850+0000] {logging_mixin.py:188} INFO - [2026-07-31T11:48:23.849+0000] {dag.py:3089} INFO - Sync 1 DAGs
[2026-07-31T11:48:23.866+0000] {logging_mixin.py:188} INFO - [2026-07-31T11:48:23.866+0000] {dag.py:3947} INFO - Setting next_dagrun for example_trigger_target_dag to None, run_after=None
[2026-07-31T11:48:23.890+0000] {processor.py:183} INFO - Processing /home/airflow/.local/lib/python3.12/site-packages/airflow/example_dags/example_trigger_target_dag.py took 0.082 seconds
[2026-07-31T11:48:54.278+0000] {processor.py:161} INFO - Started process (PID=5385) to work on /home/airflow/.local/lib/python3.12/site-packages/airflow/example_dags/example_trigger_target_dag.py
[2026-07-31T11:48:54.280+0000] {processor.py:830} INFO - Processing file /home/airflow/.local/lib/python3.12/site-packages/airflow/example_dags/example_trigger_target_dag.py for tasks to queue
[2026-07-31T11:48:54.283+0000] {logging_mixin.py:188} INFO - [2026-07-31T11:48:54.282+0000] {dagbag.py:545} INFO - Filling up the DagBag from /home/airflow/.local/lib/python3.12/site-packages/airflow/example_dags/example_trigger_target_dag.py
[2026-07-31T11:48:54.292+0000] {processor.py:840} INFO - DAG(s) 'example_trigger_target_dag' retrieved from /home/airflow/.local/lib/python3.12/site-packages/airflow/example_dags/example_trigger_target_dag.py
[2026-07-31T11:48:54.322+0000] {logging_mixin.py:188} INFO - [2026-07-31T11:48:54.321+0000] {dag.py:3089} INFO - Sync 1 DAGs
[2026-07-31T11:48:54.339+0000] {logging_mixin.py:188} INFO - [2026-07-31T11:48:54.339+0000] {dag.py:3947} INFO - Setting next_dagrun for example_trigger_target_dag to None, run_after=None
[2026-07-31T11:48:54.367+0000] {processor.py:183} INFO - Processing /home/airflow/.local/lib/python3.12/site-packages/airflow/example_dags/example_trigger_target_dag.py took 0.097 seconds
[2026-07-31T11:49:24.867+0000] {processor.py:161} INFO - Started process (PID=5443) to work on /home/airflow/.local/lib/python3.12/site-packages/airflow/example_dags/example_trigger_target_dag.py
[2026-07-31T11:49:24.869+0000] {processor.py:830} INFO - Processing file /home/airflow/.local/lib/python3.12/site-packages/airflow/example_dags/example_trigger_target_dag.py for tasks to queue
[2026-07-31T11:49:24.873+0000] {logging_mixin.py:188} INFO - [2026-07-31T11:49:24.873+0000] {dagbag.py:545} INFO - Filling up the DagBag from /home/airflow/.local/lib/python3.12/site-packages/airflow/example_dags/example_trigger_target_dag.py
[2026-07-31T11:49:24.884+0000] {processor.py:840} INFO - DAG(s) 'example_trigger_target_dag' retrieved from /home/airflow/.local/lib/python3.12/site-packages/airflow/example_dags/example_trigger_target_dag.py
[2026-07-31T11:49:24.916+0000] {logging_mixin.py:188} INFO - [2026-07-31T11:49:24.915+0000] {dag.py:3089} INFO - Sync 1 DAGs
[2026-07-31T11:49:24.936+0000] {logging_mixin.py:188} INFO - [2026-07-31T11:49:24.935+0000] {dag.py:3947} INFO - Setting next_dagrun for example_trigger_target_dag to None, run_after=None
[2026-07-31T11:49:24.966+0000] {processor.py:183} INFO - Processing /home/airflow/.local/lib/python3.12/site-packages/airflow/example_dags/example_trigger_target_dag.py took 0.108 seconds
[2026-07-31T11:49:55.642+0000] {processor.py:161} INFO - Started process (PID=5501) to work on /home/airflow/.local/lib/python3.12/site-packages/airflow/example_dags/example_trigger_target_dag.py
[2026-07-31T11:49:55.643+0000] {processor.py:830} INFO - Processing file /home/airflow/.local/lib/python3.12/site-packages/airflow/example_dags/example_trigger_target_dag.py for tasks to queue
[2026-07-31T11:49:55.646+0000] {logging_mixin.py:188} INFO - [2026-07-31T11:49:55.645+0000] {dagbag.py:545} INFO - Filling up the DagBag from /home/airflow/.local/lib/python3.12/site-packages/airflow/example_dags/example_trigger_target_dag.py
[2026-07-31T11:49:55.653+0000] {processor.py:840} INFO - DAG(s) 'example_trigger_target_dag' retrieved from /home/airflow/.local/lib/python3.12/site-packages/airflow/example_dags/example_trigger_target_dag.py
[2026-07-31T11:49:55.678+0000] {logging_mixin.py:188} INFO - [2026-07-31T11:49:55.677+0000] {dag.py:3089} INFO - Sync 1 DAGs
[2026-07-31T11:49:55.695+0000] {logging_mixin.py:188} INFO - [2026-07-31T11:49:55.695+0000] {dag.py:3947} INFO - Setting next_dagrun for example_trigger_target_dag to None, run_after=None
[2026-07-31T11:49:55.718+0000] {processor.py:183} INFO - Processing /home/airflow/.local/lib/python3.12/site-packages/airflow/example_dags/example_trigger_target_dag.py took 0.084 seconds
[2026-07-31T11:50:26.027+0000] {processor.py:161} INFO - Started process (PID=5559) to work on /home/airflow/.local/lib/python3.12/site-packages/airflow/example_dags/example_trigger_target_dag.py
[2026-07-31T11:50:26.029+0000] {processor.py:830} INFO - Processing file /home/airflow/.local/lib/python3.12/site-packages/airflow/example_dags/example_trigger_target_dag.py for tasks to queue
[2026-07-31T11:50:26.032+0000] {logging_mixin.py:188} INFO - [2026-07-31T11:50:26.031+0000] {dagbag.py:545} INFO - Filling up the DagBag from /home/airflow/.local/lib/python3.12/site-packages/airflow/example_dags/example_trigger_target_dag.py
[2026-07-31T11:50:26.040+0000] {processor.py:840} INFO - DAG(s) 'example_trigger_target_dag' retrieved from /home/airflow/.local/lib/python3.12/site-packages/airflow/example_dags/example_trigger_target_dag.py
[2026-07-31T11:50:26.066+0000] {logging_mixin.py:188} INFO - [2026-07-31T11:50:26.065+0000] {dag.py:3089} INFO - Sync 1 DAGs
[2026-07-31T11:50:26.083+0000] {logging_mixin.py:188} INFO - [2026-07-31T11:50:26.083+0000] {dag.py:3947} INFO - Setting next_dagrun for example_trigger_target_dag to None, run_after=None
[2026-07-31T11:50:26.117+0000] {processor.py:183} INFO - Processing /home/airflow/.local/lib/python3.12/site-packages/airflow/example_dags/example_trigger_target_dag.py took 0.098 seconds
[2026-07-31T11:50:56.414+0000] {processor.py:161} INFO - Started process (PID=5617) to work on /home/airflow/.local/lib/python3.12/site-packages/airflow/example_dags/example_trigger_target_dag.py
[2026-07-31T11:50:56.416+0000] {processor.py:830} INFO - Processing file /home/airflow/.local/lib/python3.12/site-packages/airflow/example_dags/example_trigger_target_dag.py for tasks to queue
[2026-07-31T11:50:56.418+0000] {logging_mixin.py:188} INFO - [2026-07-31T11:50:56.418+0000] {dagbag.py:545} INFO - Filling up the DagBag from /home/airflow/.local/lib/python3.12/site-packages/airflow/example_dags/example_trigger_target_dag.py
[2026-07-31T11:50:56.425+0000] {processor.py:840} INFO - DAG(s) 'example_trigger_target_dag' retrieved from /home/airflow/.local/lib/python3.12/site-packages/airflow/example_dags/example_trigger_target_dag.py
[2026-07-31T11:50:56.450+0000] {logging_mixin.py:188} INFO - [2026-07-31T11:50:56.449+0000] {dag.py:3089} INFO - Sync 1 DAGs
[2026-07-31T11:50:56.468+0000] {logging_mixin.py:188} INFO - [2026-07-31T11:50:56.467+0000] {dag.py:3947} INFO - Setting next_dagrun for example_trigger_target_dag to None, run_after=None
[2026-07-31T11:50:56.494+0000] {processor.py:183} INFO - Processing /home/airflow/.local/lib/python3.12/site-packages/airflow/example_dags/example_trigger_target_dag.py took 0.086 seconds
[2026-07-31T11:51:26.573+0000] {processor.py:161} INFO - Started process (PID=5675) to work on /home/airflow/.local/lib/python3.12/site-packages/airflow/example_dags/example_trigger_target_dag.py
[2026-07-31T11:51:26.575+0000] {processor.py:830} INFO - Processing file /home/airflow/.local/lib/python3.12/site-packages/airflow/example_dags/example_trigger_target_dag.py for tasks to queue
[2026-07-31T11:51:26.577+0000] {logging_mixin.py:188} INFO - [2026-07-31T11:51:26.576+0000] {dagbag.py:545} INFO - Filling up the DagBag from /home/airflow/.local/lib/python3.12/site-packages/airflow/example_dags/example_trigger_target_dag.py
[2026-07-31T11:51:26.584+0000] {processor.py:840} INFO - DAG(s) 'example_trigger_target_dag' retrieved from /home/airflow/.local/lib/python3.12/site-packages/airflow/example_dags/example_trigger_target_dag.py
[2026-07-31T11:51:26.612+0000] {logging_mixin.py:188} INFO - [2026-07-31T11:51:26.612+0000] {dag.py:3089} INFO - Sync 1 DAGs
[2026-07-31T11:51:26.628+0000] {logging_mixin.py:188} INFO - [2026-07-31T11:51:26.628+0000] {dag.py:3947} INFO - Setting next_dagrun for example_trigger_target_dag to None, run_after=None
[2026-07-31T11:51:26.655+0000] {processor.py:183} INFO - Processing /home/airflow/.local/lib/python3.12/site-packages/airflow/example_dags/example_trigger_target_dag.py took 0.089 seconds
[2026-07-31T11:51:57.036+0000] {processor.py:161} INFO - Started process (PID=5732) to work on /home/airflow/.local/lib/python3.12/site-packages/airflow/example_dags/example_trigger_target_dag.py
[2026-07-31T11:51:57.038+0000] {processor.py:830} INFO - Processing file /home/airflow/.local/lib/python3.12/site-packages/airflow/example_dags/example_trigger_target_dag.py for tasks to queue
[2026-07-31T11:51:57.041+0000] {logging_mixin.py:188} INFO - [2026-07-31T11:51:57.040+0000] {dagbag.py:545} INFO - Filling up the DagBag from /home/airflow/.local/lib/python3.12/site-packages/airflow/example_dags/example_trigger_target_dag.py
[2026-07-31T11:51:57.049+0000] {processor.py:840} INFO - DAG(s) 'example_trigger_target_dag' retrieved from /home/airflow/.local/lib/python3.12/site-packages/airflow/example_dags/example_trigger_target_dag.py
[2026-07-31T11:51:57.076+0000] {logging_mixin.py:188} INFO - [2026-07-31T11:51:57.075+0000] {dag.py:3089} INFO - Sync 1 DAGs
[2026-07-31T11:51:57.113+0000] {logging_mixin.py:188} INFO - [2026-07-31T11:51:57.112+0000] {dag.py:3947} INFO - Setting next_dagrun for example_trigger_target_dag to None, run_after=None
[2026-07-31T11:51:57.146+0000] {processor.py:183} INFO - Processing /home/airflow/.local/lib/python3.12/site-packages/airflow/example_dags/example_trigger_target_dag.py took 0.119 seconds
[2026-07-31T11:52:27.539+0000] {processor.py:161} INFO - Started process (PID=5790) to work on /home/airflow/.local/lib/python3.12/site-packages/airflow/example_dags/example_trigger_target_dag.py
[2026-07-31T11:52:27.540+0000] {processor.py:830} INFO - Processing file /home/airflow/.local/lib/python3.12/site-packages/airflow/example_dags/example_trigger_target_dag.py for tasks to queue
[2026-07-31T11:52:27.543+0000] {logging_mixin.py:188} INFO - [2026-07-31T11:52:27.543+0000] {dagbag.py:545} INFO - Filling up the DagBag from /home/airflow/.local/lib/python3.12/site-packages/airflow/example_dags/example_trigger_target_dag.py
[2026-07-31T11:52:27.551+0000] {processor.py:840} INFO - DAG(s) 'example_trigger_target_dag' retrieved from /home/airflow/.local/lib/python3.12/site-packages/airflow/example_dags/example_trigger_target_dag.py
[2026-07-31T11:52:27.582+0000] {logging_mixin.py:188} INFO - [2026-07-31T11:52:27.582+0000] {dag.py:3089} INFO - Sync 1 DAGs
[2026-07-31T11:52:27.599+0000] {logging_mixin.py:188} INFO - [2026-07-31T11:52:27.599+0000] {dag.py:3947} INFO - Setting next_dagrun for example_trigger_target_dag to None, run_after=None
[2026-07-31T11:52:27.627+0000] {processor.py:183} INFO - Processing /home/airflow/.local/lib/python3.12/site-packages/airflow/example_dags/example_trigger_target_dag.py took 0.096 seconds
[2026-07-31T11:52:58.183+0000] {processor.py:161} INFO - Started process (PID=5848) to work on /home/airflow/.local/lib/python3.12/site-packages/airflow/example_dags/example_trigger_target_dag.py
[2026-07-31T11:52:58.184+0000] {processor.py:830} INFO - Processing file /home/airflow/.local/lib/python3.12/site-packages/airflow/example_dags/example_trigger_target_dag.py for tasks to queue
[2026-07-31T11:52:58.187+0000] {logging_mixin.py:188} INFO - [2026-07-31T11:52:58.187+0000] {dagbag.py:545} INFO - Filling up the DagBag from /home/airflow/.local/lib/python3.12/site-packages/airflow/example_dags/example_trigger_target_dag.py
[2026-07-31T11:52:58.194+0000] {processor.py:840} INFO - DAG(s) 'example_trigger_target_dag' retrieved from /home/airflow/.local/lib/python3.12/site-packages/airflow/example_dags/example_trigger_target_dag.py
[2026-07-31T11:52:58.218+0000] {logging_mixin.py:188} INFO - [2026-07-31T11:52:58.218+0000] {dag.py:3089} INFO - Sync 1 DAGs
[2026-07-31T11:52:58.235+0000] {logging_mixin.py:188} INFO - [2026-07-31T11:52:58.234+0000] {dag.py:3947} INFO - Setting next_dagrun for example_trigger_target_dag to None, run_after=None
[2026-07-31T11:52:58.259+0000] {processor.py:183} INFO - Processing /home/airflow/.local/lib/python3.12/site-packages/airflow/example_dags/example_trigger_target_dag.py took 0.083 seconds
[2026-07-31T11:53:28.647+0000] {processor.py:161} INFO - Started process (PID=5906) to work on /home/airflow/.local/lib/python3.12/site-packages/airflow/example_dags/example_trigger_target_dag.py
[2026-07-31T11:53:28.648+0000] {processor.py:830} INFO - Processing file /home/airflow/.local/lib/python3.12/site-packages/airflow/example_dags/example_trigger_target_dag.py for tasks to queue
[2026-07-31T11:53:28.651+0000] {logging_mixin.py:188} INFO - [2026-07-31T11:53:28.651+0000] {dagbag.py:545} INFO - Filling up the DagBag from /home/airflow/.local/lib/python3.12/site-packages/airflow/example_dags/example_trigger_target_dag.py
[2026-07-31T11:53:28.660+0000] {processor.py:840} INFO - DAG(s) 'example_trigger_target_dag' retrieved from /home/airflow/.local/lib/python3.12/site-packages/airflow/example_dags/example_trigger_target_dag.py
[2026-07-31T11:53:28.686+0000] {logging_mixin.py:188} INFO - [2026-07-31T11:53:28.685+0000] {dag.py:3089} INFO - Sync 1 DAGs
[2026-07-31T11:53:28.861+0000] {logging_mixin.py:188} INFO - [2026-07-31T11:53:28.861+0000] {dag.py:3947} INFO - Setting next_dagrun for example_trigger_target_dag to None, run_after=None
[2026-07-31T11:53:28.890+0000] {processor.py:183} INFO - Processing /home/airflow/.local/lib/python3.12/site-packages/airflow/example_dags/example_trigger_target_dag.py took 0.251 seconds
[2026-07-31T11:53:59.140+0000] {processor.py:161} INFO - Started process (PID=5964) to work on /home/airflow/.local/lib/python3.12/site-packages/airflow/example_dags/example_trigger_target_dag.py
[2026-07-31T11:53:59.141+0000] {processor.py:830} INFO - Processing file /home/airflow/.local/lib/python3.12/site-packages/airflow/example_dags/example_trigger_target_dag.py for tasks to queue
[2026-07-31T11:53:59.144+0000] {logging_mixin.py:188} INFO - [2026-07-31T11:53:59.143+0000] {dagbag.py:545} INFO - Filling up the DagBag from /home/airflow/.local/lib/python3.12/site-packages/airflow/example_dags/example_trigger_target_dag.py
[2026-07-31T11:53:59.151+0000] {processor.py:840} INFO - DAG(s) 'example_trigger_target_dag' retrieved from /home/airflow/.local/lib/python3.12/site-packages/airflow/example_dags/example_trigger_target_dag.py
[2026-07-31T11:53:59.175+0000] {logging_mixin.py:188} INFO - [2026-07-31T11:53:59.175+0000] {dag.py:3089} INFO - Sync 1 DAGs
[2026-07-31T11:53:59.365+0000] {logging_mixin.py:188} INFO - [2026-07-31T11:53:59.364+0000] {dag.py:3947} INFO - Setting next_dagrun for example_trigger_target_dag to None, run_after=None
[2026-07-31T11:53:59.393+0000] {processor.py:183} INFO - Processing /home/airflow/.local/lib/python3.12/site-packages/airflow/example_dags/example_trigger_target_dag.py took 0.261 seconds
[2026-07-31T11:54:29.989+0000] {processor.py:161} INFO - Started process (PID=6023) to work on /home/airflow/.local/lib/python3.12/site-packages/airflow/example_dags/example_trigger_target_dag.py
[2026-07-31T11:54:29.990+0000] {processor.py:830} INFO - Processing file /home/airflow/.local/lib/python3.12/site-packages/airflow/example_dags/example_trigger_target_dag.py for tasks to queue
[2026-07-31T11:54:29.993+0000] {logging_mixin.py:188} INFO - [2026-07-31T11:54:29.993+0000] {dagbag.py:545} INFO - Filling up the DagBag from /home/airflow/.local/lib/python3.12/site-packages/airflow/example_dags/example_trigger_target_dag.py
[2026-07-31T11:54:30.001+0000] {processor.py:840} INFO - DAG(s) 'example_trigger_target_dag' retrieved from /home/airflow/.local/lib/python3.12/site-packages/airflow/example_dags/example_trigger_target_dag.py
[2026-07-31T11:54:30.026+0000] {logging_mixin.py:188} INFO - [2026-07-31T11:54:30.026+0000] {dag.py:3089} INFO - Sync 1 DAGs
[2026-07-31T11:54:30.047+0000] {logging_mixin.py:188} INFO - [2026-07-31T11:54:30.047+0000] {dag.py:3947} INFO - Setting next_dagrun for example_trigger_target_dag to None, run_after=None
[2026-07-31T11:54:30.071+0000] {processor.py:183} INFO - Processing /home/airflow/.local/lib/python3.12/site-packages/airflow/example_dags/example_trigger_target_dag.py took 0.090 seconds
[2026-07-31T11:55:00.434+0000] {processor.py:161} INFO - Started process (PID=6081) to work on /home/airflow/.local/lib/python3.12/site-packages/airflow/example_dags/example_trigger_target_dag.py
[2026-07-31T11:55:00.436+0000] {processor.py:830} INFO - Processing file /home/airflow/.local/lib/python3.12/site-packages/airflow/example_dags/example_trigger_target_dag.py for tasks to queue
[2026-07-31T11:55:00.439+0000] {logging_mixin.py:188} INFO - [2026-07-31T11:55:00.439+0000] {dagbag.py:545} INFO - Filling up the DagBag from /home/airflow/.local/lib/python3.12/site-packages/airflow/example_dags/example_trigger_target_dag.py
[2026-07-31T11:55:00.447+0000] {processor.py:840} INFO - DAG(s) 'example_trigger_target_dag' retrieved from /home/airflow/.local/lib/python3.12/site-packages/airflow/example_dags/example_trigger_target_dag.py
[2026-07-31T11:55:00.476+0000] {logging_mixin.py:188} INFO - [2026-07-31T11:55:00.476+0000] {dag.py:3089} INFO - Sync 1 DAGs
[2026-07-31T11:55:00.496+0000] {logging_mixin.py:188} INFO - [2026-07-31T11:55:00.496+0000] {dag.py:3947} INFO - Setting next_dagrun for example_trigger_target_dag to None, run_after=None
[2026-07-31T11:55:00.525+0000] {processor.py:183} INFO - Processing /home/airflow/.local/lib/python3.12/site-packages/airflow/example_dags/example_trigger_target_dag.py took 0.099 seconds
[2026-07-31T11:55:31.006+0000] {processor.py:161} INFO - Started process (PID=6139) to work on /home/airflow/.local/lib/python3.12/site-packages/airflow/example_dags/example_trigger_target_dag.py
[2026-07-31T11:55:31.007+0000] {processor.py:830} INFO - Processing file /home/airflow/.local/lib/python3.12/site-packages/airflow/example_dags/example_trigger_target_dag.py for tasks to queue
[2026-07-31T11:55:31.010+0000] {logging_mixin.py:188} INFO - [2026-07-31T11:55:31.009+0000] {dagbag.py:545} INFO - Filling up the DagBag from /home/airflow/.local/lib/python3.12/site-packages/airflow/example_dags/example_trigger_target_dag.py
[2026-07-31T11:55:31.017+0000] {processor.py:840} INFO - DAG(s) 'example_trigger_target_dag' retrieved from /home/airflow/.local/lib/python3.12/site-packages/airflow/example_dags/example_trigger_target_dag.py
[2026-07-31T11:55:31.044+0000] {logging_mixin.py:188} INFO - [2026-07-31T11:55:31.044+0000] {dag.py:3089} INFO - Sync 1 DAGs
[2026-07-31T11:55:31.060+0000] {logging_mixin.py:188} INFO - [2026-07-31T11:55:31.060+0000] {dag.py:3947} INFO - Setting next_dagrun for example_trigger_target_dag to None, run_after=None
[2026-07-31T11:55:31.084+0000] {processor.py:183} INFO - Processing /home/airflow/.local/lib/python3.12/site-packages/airflow/example_dags/example_trigger_target_dag.py took 0.086 seconds
[2026-07-31T11:56:01.625+0000] {processor.py:161} INFO - Started process (PID=6198) to work on /home/airflow/.local/lib/python3.12/site-packages/airflow/example_dags/example_trigger_target_dag.py
[2026-07-31T11:56:01.627+0000] {processor.py:830} INFO - Processing file /home/airflow/.local/lib/python3.12/site-packages/airflow/example_dags/example_trigger_target_dag.py for tasks to queue
[2026-07-31T11:56:01.629+0000] {logging_mixin.py:188} INFO - [2026-07-31T11:56:01.629+0000] {dagbag.py:545} INFO - Filling up the DagBag from /home/airflow/.local/lib/python3.12/site-packages/airflow/example_dags/example_trigger_target_dag.py
[2026-07-31T11:56:01.636+0000] {processor.py:840} INFO - DAG(s) 'example_trigger_target_dag' retrieved from /home/airflow/.local/lib/python3.12/site-packages/airflow/example_dags/example_trigger_target_dag.py
[2026-07-31T11:56:01.659+0000] {logging_mixin.py:188} INFO - [2026-07-31T11:56:01.659+0000] {dag.py:3089} INFO - Sync 1 DAGs
[2026-07-31T11:56:01.675+0000] {logging_mixin.py:188} INFO - [2026-07-31T11:56:01.675+0000] {dag.py:3947} INFO - Setting next_dagrun for example_trigger_target_dag to None, run_after=None
[2026-07-31T11:56:01.700+0000] {processor.py:183} INFO - Processing /home/airflow/.local/lib/python3.12/site-packages/airflow/example_dags/example_trigger_target_dag.py took 0.082 seconds
[2026-07-31T11:56:32.228+0000] {processor.py:161} INFO - Started process (PID=6256) to work on /home/airflow/.local/lib/python3.12/site-packages/airflow/example_dags/example_trigger_target_dag.py
[2026-07-31T11:56:32.229+0000] {processor.py:830} INFO - Processing file /home/airflow/.local/lib/python3.12/site-packages/airflow/example_dags/example_trigger_target_dag.py for tasks to queue
[2026-07-31T11:56:32.232+0000] {logging_mixin.py:188} INFO - [2026-07-31T11:56:32.231+0000] {dagbag.py:545} INFO - Filling up the DagBag from /home/airflow/.local/lib/python3.12/site-packages/airflow/example_dags/example_trigger_target_dag.py
[2026-07-31T11:56:32.240+0000] {processor.py:840} INFO - DAG(s) 'example_trigger_target_dag' retrieved from /home/airflow/.local/lib/python3.12/site-packages/airflow/example_dags/example_trigger_target_dag.py
[2026-07-31T11:56:32.266+0000] {logging_mixin.py:188} INFO - [2026-07-31T11:56:32.266+0000] {dag.py:3089} INFO - Sync 1 DAGs
[2026-07-31T11:56:32.283+0000] {logging_mixin.py:188} INFO - [2026-07-31T11:56:32.283+0000] {dag.py:3947} INFO - Setting next_dagrun for example_trigger_target_dag to None, run_after=None
[2026-07-31T11:56:32.310+0000] {processor.py:183} INFO - Processing /home/airflow/.local/lib/python3.12/site-packages/airflow/example_dags/example_trigger_target_dag.py took 0.091 seconds
[2026-07-31T11:57:02.895+0000] {processor.py:161} INFO - Started process (PID=6314) to work on /home/airflow/.local/lib/python3.12/site-packages/airflow/example_dags/example_trigger_target_dag.py
[2026-07-31T11:57:02.896+0000] {processor.py:830} INFO - Processing file /home/airflow/.local/lib/python3.12/site-packages/airflow/example_dags/example_trigger_target_dag.py for tasks to queue
[2026-07-31T11:57:02.899+0000] {logging_mixin.py:188} INFO - [2026-07-31T11:57:02.898+0000] {dagbag.py:545} INFO - Filling up the DagBag from /home/airflow/.local/lib/python3.12/site-packages/airflow/example_dags/example_trigger_target_dag.py
[2026-07-31T11:57:02.907+0000] {processor.py:840} INFO - DAG(s) 'example_trigger_target_dag' retrieved from /home/airflow/.local/lib/python3.12/site-packages/airflow/example_dags/example_trigger_target_dag.py
[2026-07-31T11:57:02.934+0000] {logging_mixin.py:188} INFO - [2026-07-31T11:57:02.934+0000] {dag.py:3089} INFO - Sync 1 DAGs
[2026-07-31T11:57:02.951+0000] {logging_mixin.py:188} INFO - [2026-07-31T11:57:02.951+0000] {dag.py:3947} INFO - Setting next_dagrun for example_trigger_target_dag to None, run_after=None
[2026-07-31T11:57:02.975+0000] {processor.py:183} INFO - Processing /home/airflow/.local/lib/python3.12/site-packages/airflow/example_dags/example_trigger_target_dag.py took 0.089 seconds
[2026-07-31T11:57:33.052+0000] {processor.py:161} INFO - Started process (PID=6372) to work on /home/airflow/.local/lib/python3.12/site-packages/airflow/example_dags/example_trigger_target_dag.py
[2026-07-31T11:57:33.055+0000] {processor.py:830} INFO - Processing file /home/airflow/.local/lib/python3.12/site-packages/airflow/example_dags/example_trigger_target_dag.py for tasks to queue
[2026-07-31T11:57:33.060+0000] {logging_mixin.py:188} INFO - [2026-07-31T11:57:33.059+0000] {dagbag.py:545} INFO - Filling up the DagBag from /home/airflow/.local/lib/python3.12/site-packages/airflow/example_dags/example_trigger_target_dag.py
[2026-07-31T11:57:33.080+0000] {processor.py:840} INFO - DAG(s) 'example_trigger_target_dag' retrieved from /home/airflow/.local/lib/python3.12/site-packages/airflow/example_dags/example_trigger_target_dag.py
[2026-07-31T11:57:33.158+0000] {logging_mixin.py:188} INFO - [2026-07-31T11:57:33.157+0000] {dag.py:3089} INFO - Sync 1 DAGs
[2026-07-31T11:57:33.213+0000] {logging_mixin.py:188} INFO - [2026-07-31T11:57:33.211+0000] {dag.py:3947} INFO - Setting next_dagrun for example_trigger_target_dag to None, run_after=None
[2026-07-31T11:57:33.291+0000] {processor.py:183} INFO - Processing /home/airflow/.local/lib/python3.12/site-packages/airflow/example_dags/example_trigger_target_dag.py took 0.253 seconds
[2026-07-31T11:58:03.788+0000] {processor.py:161} INFO - Started process (PID=6431) to work on /home/airflow/.local/lib/python3.12/site-packages/airflow/example_dags/example_trigger_target_dag.py
[2026-07-31T11:58:03.789+0000] {processor.py:830} INFO - Processing file /home/airflow/.local/lib/python3.12/site-packages/airflow/example_dags/example_trigger_target_dag.py for tasks to queue
[2026-07-31T11:58:03.792+0000] {logging_mixin.py:188} INFO - [2026-07-31T11:58:03.791+0000] {dagbag.py:545} INFO - Filling up the DagBag from /home/airflow/.local/lib/python3.12/site-packages/airflow/example_dags/example_trigger_target_dag.py
[2026-07-31T11:58:03.800+0000] {processor.py:840} INFO - DAG(s) 'example_trigger_target_dag' retrieved from /home/airflow/.local/lib/python3.12/site-packages/airflow/example_dags/example_trigger_target_dag.py
[2026-07-31T11:58:03.827+0000] {logging_mixin.py:188} INFO - [2026-07-31T11:58:03.827+0000] {dag.py:3089} INFO - Sync 1 DAGs
[2026-07-31T11:58:03.846+0000] {logging_mixin.py:188} INFO - [2026-07-31T11:58:03.845+0000] {dag.py:3947} INFO - Setting next_dagrun for example_trigger_target_dag to None, run_after=None
[2026-07-31T11:58:03.875+0000] {processor.py:183} INFO - Processing /home/airflow/.local/lib/python3.12/site-packages/airflow/example_dags/example_trigger_target_dag.py took 0.095 seconds
[2026-07-31T11:58:34.575+0000] {processor.py:161} INFO - Started process (PID=6489) to work on /home/airflow/.local/lib/python3.12/site-packages/airflow/example_dags/example_trigger_target_dag.py
[2026-07-31T11:58:34.577+0000] {processor.py:830} INFO - Processing file /home/airflow/.local/lib/python3.12/site-packages/airflow/example_dags/example_trigger_target_dag.py for tasks to queue
[2026-07-31T11:58:34.579+0000] {logging_mixin.py:188} INFO - [2026-07-31T11:58:34.579+0000] {dagbag.py:545} INFO - Filling up the DagBag from /home/airflow/.local/lib/python3.12/site-packages/airflow/example_dags/example_trigger_target_dag.py
[2026-07-31T11:58:34.588+0000] {processor.py:840} INFO - DAG(s) 'example_trigger_target_dag' retrieved from /home/airflow/.local/lib/python3.12/site-packages/airflow/example_dags/example_trigger_target_dag.py
[2026-07-31T11:58:34.616+0000] {logging_mixin.py:188} INFO - [2026-07-31T11:58:34.616+0000] {dag.py:3089} INFO - Sync 1 DAGs
[2026-07-31T11:58:34.635+0000] {logging_mixin.py:188} INFO - [2026-07-31T11:58:34.634+0000] {dag.py:3947} INFO - Setting next_dagrun for example_trigger_target_dag to None, run_after=None
[2026-07-31T11:58:34.669+0000] {processor.py:183} INFO - Processing /home/airflow/.local/lib/python3.12/site-packages/airflow/example_dags/example_trigger_target_dag.py took 0.101 seconds
[2026-07-31T11:59:05.403+0000] {processor.py:161} INFO - Started process (PID=6547) to work on /home/airflow/.local/lib/python3.12/site-packages/airflow/example_dags/example_trigger_target_dag.py
[2026-07-31T11:59:05.406+0000] {processor.py:830} INFO - Processing file /home/airflow/.local/lib/python3.12/site-packages/airflow/example_dags/example_trigger_target_dag.py for tasks to queue
[2026-07-31T11:59:05.409+0000] {logging_mixin.py:188} INFO - [2026-07-31T11:59:05.409+0000] {dagbag.py:545} INFO - Filling up the DagBag from /home/airflow/.local/lib/python3.12/site-packages/airflow/example_dags/example_trigger_target_dag.py
[2026-07-31T11:59:05.417+0000] {processor.py:840} INFO - DAG(s) 'example_trigger_target_dag' retrieved from /home/airflow/.local/lib/python3.12/site-packages/airflow/example_dags/example_trigger_target_dag.py
[2026-07-31T11:59:05.453+0000] {logging_mixin.py:188} INFO - [2026-07-31T11:59:05.452+0000] {dag.py:3089} INFO - Sync 1 DAGs
[2026-07-31T11:59:05.481+0000] {logging_mixin.py:188} INFO - [2026-07-31T11:59:05.481+0000] {dag.py:3947} INFO - Setting next_dagrun for example_trigger_target_dag to None, run_after=None
[2026-07-31T11:59:05.509+0000] {processor.py:183} INFO - Processing /home/airflow/.local/lib/python3.12/site-packages/airflow/example_dags/example_trigger_target_dag.py took 0.114 seconds
[2026-07-31T11:59:36.026+0000] {processor.py:161} INFO - Started process (PID=6605) to work on /home/airflow/.local/lib/python3.12/site-packages/airflow/example_dags/example_trigger_target_dag.py
[2026-07-31T11:59:36.027+0000] {processor.py:830} INFO - Processing file /home/airflow/.local/lib/python3.12/site-packages/airflow/example_dags/example_trigger_target_dag.py for tasks to queue
[2026-07-31T11:59:36.030+0000] {logging_mixin.py:188} INFO - [2026-07-31T11:59:36.029+0000] {dagbag.py:545} INFO - Filling up the DagBag from /home/airflow/.local/lib/python3.12/site-packages/airflow/example_dags/example_trigger_target_dag.py
[2026-07-31T11:59:36.038+0000] {processor.py:840} INFO - DAG(s) 'example_trigger_target_dag' retrieved from /home/airflow/.local/lib/python3.12/site-packages/airflow/example_dags/example_trigger_target_dag.py
[2026-07-31T11:59:36.063+0000] {logging_mixin.py:188} INFO - [2026-07-31T11:59:36.062+0000] {dag.py:3089} INFO - Sync 1 DAGs
[2026-07-31T11:59:36.078+0000] {logging_mixin.py:188} INFO - [2026-07-31T11:59:36.078+0000] {dag.py:3947} INFO - Setting next_dagrun for example_trigger_target_dag to None, run_after=None
[2026-07-31T11:59:36.111+0000] {processor.py:183} INFO - Processing /home/airflow/.local/lib/python3.12/site-packages/airflow/example_dags/example_trigger_target_dag.py took 0.092 seconds
[2026-07-31T12:00:06.293+0000] {processor.py:161} INFO - Started process (PID=6663) to work on /home/airflow/.local/lib/python3.12/site-packages/airflow/example_dags/example_trigger_target_dag.py
[2026-07-31T12:00:06.295+0000] {processor.py:830} INFO - Processing file /home/airflow/.local/lib/python3.12/site-packages/airflow/example_dags/example_trigger_target_dag.py for tasks to queue
[2026-07-31T12:00:06.298+0000] {logging_mixin.py:188} INFO - [2026-07-31T12:00:06.297+0000] {dagbag.py:545} INFO - Filling up the DagBag from /home/airflow/.local/lib/python3.12/site-packages/airflow/example_dags/example_trigger_target_dag.py
[2026-07-31T12:00:06.307+0000] {processor.py:840} INFO - DAG(s) 'example_trigger_target_dag' retrieved from /home/airflow/.local/lib/python3.12/site-packages/airflow/example_dags/example_trigger_target_dag.py
[2026-07-31T12:00:06.336+0000] {logging_mixin.py:188} INFO - [2026-07-31T12:00:06.336+0000] {dag.py:3089} INFO - Sync 1 DAGs
[2026-07-31T12:00:06.356+0000] {logging_mixin.py:188} INFO - [2026-07-31T12:00:06.356+0000] {dag.py:3947} INFO - Setting next_dagrun for example_trigger_target_dag to None, run_after=None
[2026-07-31T12:00:06.381+0000] {processor.py:183} INFO - Processing /home/airflow/.local/lib/python3.12/site-packages/airflow/example_dags/example_trigger_target_dag.py took 0.096 seconds
[2026-07-31T12:00:36.712+0000] {processor.py:161} INFO - Started process (PID=6721) to work on /home/airflow/.local/lib/python3.12/site-packages/airflow/example_dags/example_trigger_target_dag.py
[2026-07-31T12:00:36.713+0000] {processor.py:830} INFO - Processing file /home/airflow/.local/lib/python3.12/site-packages/airflow/example_dags/example_trigger_target_dag.py for tasks to queue
[2026-07-31T12:00:36.716+0000] {logging_mixin.py:188} INFO - [2026-07-31T12:00:36.715+0000] {dagbag.py:545} INFO - Filling up the DagBag from /home/airflow/.local/lib/python3.12/site-packages/airflow/example_dags/example_trigger_target_dag.py
[2026-07-31T12:00:36.723+0000] {processor.py:840} INFO - DAG(s) 'example_trigger_target_dag' retrieved from /home/airflow/.local/lib/python3.12/site-packages/airflow/example_dags/example_trigger_target_dag.py
[2026-07-31T12:00:36.749+0000] {logging_mixin.py:188} INFO - [2026-07-31T12:00:36.749+0000] {dag.py:3089} INFO - Sync 1 DAGs
[2026-07-31T12:00:36.769+0000] {logging_mixin.py:188} INFO - [2026-07-31T12:00:36.768+0000] {dag.py:3947} INFO - Setting next_dagrun for example_trigger_target_dag to None, run_after=None
[2026-07-31T12:00:36.799+0000] {processor.py:183} INFO - Processing /home/airflow/.local/lib/python3.12/site-packages/airflow/example_dags/example_trigger_target_dag.py took 0.095 seconds
[2026-07-31T12:01:07.743+0000] {processor.py:161} INFO - Started process (PID=6779) to work on /home/airflow/.local/lib/python3.12/site-packages/airflow/example_dags/example_trigger_target_dag.py
[2026-07-31T12:01:07.744+0000] {processor.py:830} INFO - Processing file /home/airflow/.local/lib/python3.12/site-packages/airflow/example_dags/example_trigger_target_dag.py for tasks to queue
[2026-07-31T12:01:07.749+0000] {logging_mixin.py:188} INFO - [2026-07-31T12:01:07.748+0000] {dagbag.py:545} INFO - Filling up the DagBag from /home/airflow/.local/lib/python3.12/site-packages/airflow/example_dags/example_trigger_target_dag.py
[2026-07-31T12:01:07.761+0000] {processor.py:840} INFO - DAG(s) 'example_trigger_target_dag' retrieved from /home/airflow/.local/lib/python3.12/site-packages/airflow/example_dags/example_trigger_target_dag.py
[2026-07-31T12:01:07.808+0000] {logging_mixin.py:188} INFO - [2026-07-31T12:01:07.807+0000] {dag.py:3089} INFO - Sync 1 DAGs
[2026-07-31T12:01:07.842+0000] {logging_mixin.py:188} INFO - [2026-07-31T12:01:07.841+0000] {dag.py:3947} INFO - Setting next_dagrun for example_trigger_target_dag to None, run_after=None
[2026-07-31T12:01:07.889+0000] {processor.py:183} INFO - Processing /home/airflow/.local/lib/python3.12/site-packages/airflow/example_dags/example_trigger_target_dag.py took 0.155 seconds
[2026-07-31T12:01:38.079+0000] {processor.py:161} INFO - Started process (PID=6837) to work on /home/airflow/.local/lib/python3.12/site-packages/airflow/example_dags/example_trigger_target_dag.py
[2026-07-31T12:01:38.081+0000] {processor.py:830} INFO - Processing file /home/airflow/.local/lib/python3.12/site-packages/airflow/example_dags/example_trigger_target_dag.py for tasks to queue
[2026-07-31T12:01:38.085+0000] {logging_mixin.py:188} INFO - [2026-07-31T12:01:38.084+0000] {dagbag.py:545} INFO - Filling up the DagBag from /home/airflow/.local/lib/python3.12/site-packages/airflow/example_dags/example_trigger_target_dag.py
[2026-07-31T12:01:38.095+0000] {processor.py:840} INFO - DAG(s) 'example_trigger_target_dag' retrieved from /home/airflow/.local/lib/python3.12/site-packages/airflow/example_dags/example_trigger_target_dag.py
[2026-07-31T12:01:38.129+0000] {logging_mixin.py:188} INFO - [2026-07-31T12:01:38.129+0000] {dag.py:3089} INFO - Sync 1 DAGs
[2026-07-31T12:01:38.152+0000] {logging_mixin.py:188} INFO - [2026-07-31T12:01:38.152+0000] {dag.py:3947} INFO - Setting next_dagrun for example_trigger_target_dag to None, run_after=None
[2026-07-31T12:01:38.190+0000] {processor.py:183} INFO - Processing /home/airflow/.local/lib/python3.12/site-packages/airflow/example_dags/example_trigger_target_dag.py took 0.122 seconds
[2026-07-31T12:02:08.261+0000] {processor.py:161} INFO - Started process (PID=6895) to work on /home/airflow/.local/lib/python3.12/site-packages/airflow/example_dags/example_trigger_target_dag.py
[2026-07-31T12:02:08.263+0000] {processor.py:830} INFO - Processing file /home/airflow/.local/lib/python3.12/site-packages/airflow/example_dags/example_trigger_target_dag.py for tasks to queue
[2026-07-31T12:02:08.267+0000] {logging_mixin.py:188} INFO - [2026-07-31T12:02:08.266+0000] {dagbag.py:545} INFO - Filling up the DagBag from /home/airflow/.local/lib/python3.12/site-packages/airflow/example_dags/example_trigger_target_dag.py
[2026-07-31T12:02:08.280+0000] {processor.py:840} INFO - DAG(s) 'example_trigger_target_dag' retrieved from /home/airflow/.local/lib/python3.12/site-packages/airflow/example_dags/example_trigger_target_dag.py
[2026-07-31T12:02:08.317+0000] {logging_mixin.py:188} INFO - [2026-07-31T12:02:08.316+0000] {dag.py:3089} INFO - Sync 1 DAGs
[2026-07-31T12:02:08.341+0000] {logging_mixin.py:188} INFO - [2026-07-31T12:02:08.340+0000] {dag.py:3947} INFO - Setting next_dagrun for example_trigger_target_dag to None, run_after=None
[2026-07-31T12:02:08.384+0000] {processor.py:183} INFO - Processing /home/airflow/.local/lib/python3.12/site-packages/airflow/example_dags/example_trigger_target_dag.py took 0.137 seconds
[2026-07-31T12:02:39.495+0000] {processor.py:161} INFO - Started process (PID=6952) to work on /home/airflow/.local/lib/python3.12/site-packages/airflow/example_dags/example_trigger_target_dag.py
[2026-07-31T12:02:39.496+0000] {processor.py:830} INFO - Processing file /home/airflow/.local/lib/python3.12/site-packages/airflow/example_dags/example_trigger_target_dag.py for tasks to queue
[2026-07-31T12:02:39.500+0000] {logging_mixin.py:188} INFO - [2026-07-31T12:02:39.499+0000] {dagbag.py:545} INFO - Filling up the DagBag from /home/airflow/.local/lib/python3.12/site-packages/airflow/example_dags/example_trigger_target_dag.py
[2026-07-31T12:02:39.508+0000] {processor.py:840} INFO - DAG(s) 'example_trigger_target_dag' retrieved from /home/airflow/.local/lib/python3.12/site-packages/airflow/example_dags/example_trigger_target_dag.py
[2026-07-31T12:02:39.538+0000] {logging_mixin.py:188} INFO - [2026-07-31T12:02:39.537+0000] {dag.py:3089} INFO - Sync 1 DAGs
[2026-07-31T12:02:39.557+0000] {logging_mixin.py:188} INFO - [2026-07-31T12:02:39.556+0000] {dag.py:3947} INFO - Setting next_dagrun for example_trigger_target_dag to None, run_after=None
[2026-07-31T12:02:39.601+0000] {processor.py:183} INFO - Processing /home/airflow/.local/lib/python3.12/site-packages/airflow/example_dags/example_trigger_target_dag.py took 0.115 seconds
[2026-07-31T12:03:10.426+0000] {processor.py:161} INFO - Started process (PID=7009) to work on /home/airflow/.local/lib/python3.12/site-packages/airflow/example_dags/example_trigger_target_dag.py
[2026-07-31T12:03:10.428+0000] {processor.py:830} INFO - Processing file /home/airflow/.local/lib/python3.12/site-packages/airflow/example_dags/example_trigger_target_dag.py for tasks to queue
[2026-07-31T12:03:10.431+0000] {logging_mixin.py:188} INFO - [2026-07-31T12:03:10.430+0000] {dagbag.py:545} INFO - Filling up the DagBag from /home/airflow/.local/lib/python3.12/site-packages/airflow/example_dags/example_trigger_target_dag.py
[2026-07-31T12:03:10.440+0000] {processor.py:840} INFO - DAG(s) 'example_trigger_target_dag' retrieved from /home/airflow/.local/lib/python3.12/site-packages/airflow/example_dags/example_trigger_target_dag.py
[2026-07-31T12:03:10.467+0000] {logging_mixin.py:188} INFO - [2026-07-31T12:03:10.467+0000] {dag.py:3089} INFO - Sync 1 DAGs
[2026-07-31T12:03:10.486+0000] {logging_mixin.py:188} INFO - [2026-07-31T12:03:10.485+0000] {dag.py:3947} INFO - Setting next_dagrun for example_trigger_target_dag to None, run_after=None
[2026-07-31T12:03:10.513+0000] {processor.py:183} INFO - Processing /home/airflow/.local/lib/python3.12/site-packages/airflow/example_dags/example_trigger_target_dag.py took 0.094 seconds
[2026-07-31T12:03:40.573+0000] {processor.py:161} INFO - Started process (PID=7067) to work on /home/airflow/.local/lib/python3.12/site-packages/airflow/example_dags/example_trigger_target_dag.py
[2026-07-31T12:03:40.574+0000] {processor.py:830} INFO - Processing file /home/airflow/.local/lib/python3.12/site-packages/airflow/example_dags/example_trigger_target_dag.py for tasks to queue
[2026-07-31T12:03:40.577+0000] {logging_mixin.py:188} INFO - [2026-07-31T12:03:40.576+0000] {dagbag.py:545} INFO - Filling up the DagBag from /home/airflow/.local/lib/python3.12/site-packages/airflow/example_dags/example_trigger_target_dag.py
[2026-07-31T12:03:40.585+0000] {processor.py:840} INFO - DAG(s) 'example_trigger_target_dag' retrieved from /home/airflow/.local/lib/python3.12/site-packages/airflow/example_dags/example_trigger_target_dag.py
[2026-07-31T12:03:40.610+0000] {logging_mixin.py:188} INFO - [2026-07-31T12:03:40.609+0000] {dag.py:3089} INFO - Sync 1 DAGs
[2026-07-31T12:03:40.627+0000] {logging_mixin.py:188} INFO - [2026-07-31T12:03:40.627+0000] {dag.py:3947} INFO - Setting next_dagrun for example_trigger_target_dag to None, run_after=None
[2026-07-31T12:03:40.651+0000] {processor.py:183} INFO - Processing /home/airflow/.local/lib/python3.12/site-packages/airflow/example_dags/example_trigger_target_dag.py took 0.086 seconds
[2026-07-31T12:04:10.931+0000] {processor.py:161} INFO - Started process (PID=7125) to work on /home/airflow/.local/lib/python3.12/site-packages/airflow/example_dags/example_trigger_target_dag.py
[2026-07-31T12:04:10.933+0000] {processor.py:830} INFO - Processing file /home/airflow/.local/lib/python3.12/site-packages/airflow/example_dags/example_trigger_target_dag.py for tasks to queue
[2026-07-31T12:04:10.937+0000] {logging_mixin.py:188} INFO - [2026-07-31T12:04:10.936+0000] {dagbag.py:545} INFO - Filling up the DagBag from /home/airflow/.local/lib/python3.12/site-packages/airflow/example_dags/example_trigger_target_dag.py
[2026-07-31T12:04:10.947+0000] {processor.py:840} INFO - DAG(s) 'example_trigger_target_dag' retrieved from /home/airflow/.local/lib/python3.12/site-packages/airflow/example_dags/example_trigger_target_dag.py
[2026-07-31T12:04:10.976+0000] {logging_mixin.py:188} INFO - [2026-07-31T12:04:10.976+0000] {dag.py:3089} INFO - Sync 1 DAGs
[2026-07-31T12:04:10.996+0000] {logging_mixin.py:188} INFO - [2026-07-31T12:04:10.995+0000] {dag.py:3947} INFO - Setting next_dagrun for example_trigger_target_dag to None, run_after=None
[2026-07-31T12:04:11.033+0000] {processor.py:183} INFO - Processing /home/airflow/.local/lib/python3.12/site-packages/airflow/example_dags/example_trigger_target_dag.py took 0.112 seconds
[2026-07-31T12:04:41.327+0000] {processor.py:161} INFO - Started process (PID=7183) to work on /home/airflow/.local/lib/python3.12/site-packages/airflow/example_dags/example_trigger_target_dag.py
[2026-07-31T12:04:41.329+0000] {processor.py:830} INFO - Processing file /home/airflow/.local/lib/python3.12/site-packages/airflow/example_dags/example_trigger_target_dag.py for tasks to queue
[2026-07-31T12:04:41.332+0000] {logging_mixin.py:188} INFO - [2026-07-31T12:04:41.332+0000] {dagbag.py:545} INFO - Filling up the DagBag from /home/airflow/.local/lib/python3.12/site-packages/airflow/example_dags/example_trigger_target_dag.py
[2026-07-31T12:04:41.340+0000] {processor.py:840} INFO - DAG(s) 'example_trigger_target_dag' retrieved from /home/airflow/.local/lib/python3.12/site-packages/airflow/example_dags/example_trigger_target_dag.py
[2026-07-31T12:04:41.369+0000] {logging_mixin.py:188} INFO - [2026-07-31T12:04:41.369+0000] {dag.py:3089} INFO - Sync 1 DAGs
[2026-07-31T12:04:41.389+0000] {logging_mixin.py:188} INFO - [2026-07-31T12:04:41.388+0000] {dag.py:3947} INFO - Setting next_dagrun for example_trigger_target_dag to None, run_after=None
[2026-07-31T12:04:41.413+0000] {processor.py:183} INFO - Processing /home/airflow/.local/lib/python3.12/site-packages/airflow/example_dags/example_trigger_target_dag.py took 0.094 seconds
[2026-07-31T12:05:14.434+0000] {processor.py:161} INFO - Started process (PID=7241) to work on /home/airflow/.local/lib/python3.12/site-packages/airflow/example_dags/example_trigger_target_dag.py
[2026-07-31T12:05:14.445+0000] {processor.py:830} INFO - Processing file /home/airflow/.local/lib/python3.12/site-packages/airflow/example_dags/example_trigger_target_dag.py for tasks to queue
[2026-07-31T12:05:14.461+0000] {logging_mixin.py:188} INFO - [2026-07-31T12:05:14.460+0000] {dagbag.py:545} INFO - Filling up the DagBag from /home/airflow/.local/lib/python3.12/site-packages/airflow/example_dags/example_trigger_target_dag.py
[2026-07-31T12:05:14.504+0000] {processor.py:840} INFO - DAG(s) 'example_trigger_target_dag' retrieved from /home/airflow/.local/lib/python3.12/site-packages/airflow/example_dags/example_trigger_target_dag.py
[2026-07-31T12:05:14.626+0000] {logging_mixin.py:188} INFO - [2026-07-31T12:05:14.626+0000] {dag.py:3089} INFO - Sync 1 DAGs
[2026-07-31T12:05:14.717+0000] {logging_mixin.py:188} INFO - [2026-07-31T12:05:14.716+0000] {dag.py:3947} INFO - Setting next_dagrun for example_trigger_target_dag to None, run_after=None
[2026-07-31T12:05:14.836+0000] {processor.py:183} INFO - Processing /home/airflow/.local/lib/python3.12/site-packages/airflow/example_dags/example_trigger_target_dag.py took 0.451 seconds
[2026-07-31T12:05:45.357+0000] {processor.py:161} INFO - Started process (PID=7300) to work on /home/airflow/.local/lib/python3.12/site-packages/airflow/example_dags/example_trigger_target_dag.py
[2026-07-31T12:05:45.359+0000] {processor.py:830} INFO - Processing file /home/airflow/.local/lib/python3.12/site-packages/airflow/example_dags/example_trigger_target_dag.py for tasks to queue
[2026-07-31T12:05:45.362+0000] {logging_mixin.py:188} INFO - [2026-07-31T12:05:45.362+0000] {dagbag.py:545} INFO - Filling up the DagBag from /home/airflow/.local/lib/python3.12/site-packages/airflow/example_dags/example_trigger_target_dag.py
[2026-07-31T12:05:45.371+0000] {processor.py:840} INFO - DAG(s) 'example_trigger_target_dag' retrieved from /home/airflow/.local/lib/python3.12/site-packages/airflow/example_dags/example_trigger_target_dag.py
[2026-07-31T12:05:45.395+0000] {logging_mixin.py:188} INFO - [2026-07-31T12:05:45.394+0000] {dag.py:3089} INFO - Sync 1 DAGs
[2026-07-31T12:05:45.412+0000] {logging_mixin.py:188} INFO - [2026-07-31T12:05:45.412+0000] {dag.py:3947} INFO - Setting next_dagrun for example_trigger_target_dag to None, run_after=None
[2026-07-31T12:05:45.441+0000] {processor.py:183} INFO - Processing /home/airflow/.local/lib/python3.12/site-packages/airflow/example_dags/example_trigger_target_dag.py took 0.094 seconds
[2026-07-31T12:06:15.652+0000] {processor.py:161} INFO - Started process (PID=7358) to work on /home/airflow/.local/lib/python3.12/site-packages/airflow/example_dags/example_trigger_target_dag.py
[2026-07-31T12:06:15.654+0000] {processor.py:830} INFO - Processing file /home/airflow/.local/lib/python3.12/site-packages/airflow/example_dags/example_trigger_target_dag.py for tasks to queue
[2026-07-31T12:06:15.658+0000] {logging_mixin.py:188} INFO - [2026-07-31T12:06:15.657+0000] {dagbag.py:545} INFO - Filling up the DagBag from /home/airflow/.local/lib/python3.12/site-packages/airflow/example_dags/example_trigger_target_dag.py
[2026-07-31T12:06:15.670+0000] {processor.py:840} INFO - DAG(s) 'example_trigger_target_dag' retrieved from /home/airflow/.local/lib/python3.12/site-packages/airflow/example_dags/example_trigger_target_dag.py
[2026-07-31T12:06:15.701+0000] {logging_mixin.py:188} INFO - [2026-07-31T12:06:15.701+0000] {dag.py:3089} INFO - Sync 1 DAGs
[2026-07-31T12:06:15.718+0000] {logging_mixin.py:188} INFO - [2026-07-31T12:06:15.718+0000] {dag.py:3947} INFO - Setting next_dagrun for example_trigger_target_dag to None, run_after=None
[2026-07-31T12:06:15.743+0000] {processor.py:183} INFO - Processing /home/airflow/.local/lib/python3.12/site-packages/airflow/example_dags/example_trigger_target_dag.py took 0.101 seconds
[2026-07-31T12:06:45.939+0000] {processor.py:161} INFO - Started process (PID=7416) to work on /home/airflow/.local/lib/python3.12/site-packages/airflow/example_dags/example_trigger_target_dag.py
[2026-07-31T12:06:45.940+0000] {processor.py:830} INFO - Processing file /home/airflow/.local/lib/python3.12/site-packages/airflow/example_dags/example_trigger_target_dag.py for tasks to queue
[2026-07-31T12:06:45.943+0000] {logging_mixin.py:188} INFO - [2026-07-31T12:06:45.942+0000] {dagbag.py:545} INFO - Filling up the DagBag from /home/airflow/.local/lib/python3.12/site-packages/airflow/example_dags/example_trigger_target_dag.py
[2026-07-31T12:06:45.953+0000] {processor.py:840} INFO - DAG(s) 'example_trigger_target_dag' retrieved from /home/airflow/.local/lib/python3.12/site-packages/airflow/example_dags/example_trigger_target_dag.py
[2026-07-31T12:06:45.980+0000] {logging_mixin.py:188} INFO - [2026-07-31T12:06:45.980+0000] {dag.py:3089} INFO - Sync 1 DAGs
[2026-07-31T12:06:46.000+0000] {logging_mixin.py:188} INFO - [2026-07-31T12:06:45.999+0000] {dag.py:3947} INFO - Setting next_dagrun for example_trigger_target_dag to None, run_after=None
[2026-07-31T12:06:46.030+0000] {processor.py:183} INFO - Processing /home/airflow/.local/lib/python3.12/site-packages/airflow/example_dags/example_trigger_target_dag.py took 0.101 seconds
[2026-07-31T12:07:16.518+0000] {processor.py:161} INFO - Started process (PID=7474) to work on /home/airflow/.local/lib/python3.12/site-packages/airflow/example_dags/example_trigger_target_dag.py
[2026-07-31T12:07:16.520+0000] {processor.py:830} INFO - Processing file /home/airflow/.local/lib/python3.12/site-packages/airflow/example_dags/example_trigger_target_dag.py for tasks to queue
[2026-07-31T12:07:16.523+0000] {logging_mixin.py:188} INFO - [2026-07-31T12:07:16.523+0000] {dagbag.py:545} INFO - Filling up the DagBag from /home/airflow/.local/lib/python3.12/site-packages/airflow/example_dags/example_trigger_target_dag.py
[2026-07-31T12:07:16.533+0000] {processor.py:840} INFO - DAG(s) 'example_trigger_target_dag' retrieved from /home/airflow/.local/lib/python3.12/site-packages/airflow/example_dags/example_trigger_target_dag.py
[2026-07-31T12:07:16.571+0000] {logging_mixin.py:188} INFO - [2026-07-31T12:07:16.571+0000] {dag.py:3089} INFO - Sync 1 DAGs
[2026-07-31T12:07:16.642+0000] {logging_mixin.py:188} INFO - [2026-07-31T12:07:16.641+0000] {dag.py:3947} INFO - Setting next_dagrun for example_trigger_target_dag to None, run_after=None
[2026-07-31T12:07:16.722+0000] {processor.py:183} INFO - Processing /home/airflow/.local/lib/python3.12/site-packages/airflow/example_dags/example_trigger_target_dag.py took 0.212 seconds
[2026-07-31T12:07:47.206+0000] {processor.py:161} INFO - Started process (PID=7532) to work on /home/airflow/.local/lib/python3.12/site-packages/airflow/example_dags/example_trigger_target_dag.py
[2026-07-31T12:07:47.208+0000] {processor.py:830} INFO - Processing file /home/airflow/.local/lib/python3.12/site-packages/airflow/example_dags/example_trigger_target_dag.py for tasks to queue
[2026-07-31T12:07:47.211+0000] {logging_mixin.py:188} INFO - [2026-07-31T12:07:47.211+0000] {dagbag.py:545} INFO - Filling up the DagBag from /home/airflow/.local/lib/python3.12/site-packages/airflow/example_dags/example_trigger_target_dag.py
[2026-07-31T12:07:47.224+0000] {processor.py:840} INFO - DAG(s) 'example_trigger_target_dag' retrieved from /home/airflow/.local/lib/python3.12/site-packages/airflow/example_dags/example_trigger_target_dag.py
[2026-07-31T12:07:47.259+0000] {logging_mixin.py:188} INFO - [2026-07-31T12:07:47.258+0000] {dag.py:3089} INFO - Sync 1 DAGs
[2026-07-31T12:07:47.288+0000] {logging_mixin.py:188} INFO - [2026-07-31T12:07:47.287+0000] {dag.py:3947} INFO - Setting next_dagrun for example_trigger_target_dag to None, run_after=None
[2026-07-31T12:07:47.342+0000] {processor.py:183} INFO - Processing /home/airflow/.local/lib/python3.12/site-packages/airflow/example_dags/example_trigger_target_dag.py took 0.146 seconds
[2026-07-31T12:08:18.169+0000] {processor.py:161} INFO - Started process (PID=7590) to work on /home/airflow/.local/lib/python3.12/site-packages/airflow/example_dags/example_trigger_target_dag.py
[2026-07-31T12:08:18.170+0000] {processor.py:830} INFO - Processing file /home/airflow/.local/lib/python3.12/site-packages/airflow/example_dags/example_trigger_target_dag.py for tasks to queue
[2026-07-31T12:08:18.173+0000] {logging_mixin.py:188} INFO - [2026-07-31T12:08:18.173+0000] {dagbag.py:545} INFO - Filling up the DagBag from /home/airflow/.local/lib/python3.12/site-packages/airflow/example_dags/example_trigger_target_dag.py
[2026-07-31T12:08:18.181+0000] {processor.py:840} INFO - DAG(s) 'example_trigger_target_dag' retrieved from /home/airflow/.local/lib/python3.12/site-packages/airflow/example_dags/example_trigger_target_dag.py
[2026-07-31T12:08:18.215+0000] {logging_mixin.py:188} INFO - [2026-07-31T12:08:18.214+0000] {dag.py:3089} INFO - Sync 1 DAGs
[2026-07-31T12:08:18.238+0000] {logging_mixin.py:188} INFO - [2026-07-31T12:08:18.237+0000] {dag.py:3947} INFO - Setting next_dagrun for example_trigger_target_dag to None, run_after=None
[2026-07-31T12:08:18.269+0000] {processor.py:183} INFO - Processing /home/airflow/.local/lib/python3.12/site-packages/airflow/example_dags/example_trigger_target_dag.py took 0.111 seconds
[2026-07-31T12:08:48.537+0000] {processor.py:161} INFO - Started process (PID=7648) to work on /home/airflow/.local/lib/python3.12/site-packages/airflow/example_dags/example_trigger_target_dag.py
[2026-07-31T12:08:48.538+0000] {processor.py:830} INFO - Processing file /home/airflow/.local/lib/python3.12/site-packages/airflow/example_dags/example_trigger_target_dag.py for tasks to queue
[2026-07-31T12:08:48.541+0000] {logging_mixin.py:188} INFO - [2026-07-31T12:08:48.540+0000] {dagbag.py:545} INFO - Filling up the DagBag from /home/airflow/.local/lib/python3.12/site-packages/airflow/example_dags/example_trigger_target_dag.py
[2026-07-31T12:08:48.548+0000] {processor.py:840} INFO - DAG(s) 'example_trigger_target_dag' retrieved from /home/airflow/.local/lib/python3.12/site-packages/airflow/example_dags/example_trigger_target_dag.py
[2026-07-31T12:08:48.576+0000] {logging_mixin.py:188} INFO - [2026-07-31T12:08:48.575+0000] {dag.py:3089} INFO - Sync 1 DAGs
[2026-07-31T12:08:48.593+0000] {logging_mixin.py:188} INFO - [2026-07-31T12:08:48.592+0000] {dag.py:3947} INFO - Setting next_dagrun for example_trigger_target_dag to None, run_after=None
[2026-07-31T12:08:48.625+0000] {processor.py:183} INFO - Processing /home/airflow/.local/lib/python3.12/site-packages/airflow/example_dags/example_trigger_target_dag.py took 0.096 seconds
[2026-07-31T12:09:18.745+0000] {processor.py:161} INFO - Started process (PID=7705) to work on /home/airflow/.local/lib/python3.12/site-packages/airflow/example_dags/example_trigger_target_dag.py
[2026-07-31T12:09:18.747+0000] {processor.py:830} INFO - Processing file /home/airflow/.local/lib/python3.12/site-packages/airflow/example_dags/example_trigger_target_dag.py for tasks to queue
[2026-07-31T12:09:18.749+0000] {logging_mixin.py:188} INFO - [2026-07-31T12:09:18.749+0000] {dagbag.py:545} INFO - Filling up the DagBag from /home/airflow/.local/lib/python3.12/site-packages/airflow/example_dags/example_trigger_target_dag.py
[2026-07-31T12:09:18.757+0000] {processor.py:840} INFO - DAG(s) 'example_trigger_target_dag' retrieved from /home/airflow/.local/lib/python3.12/site-packages/airflow/example_dags/example_trigger_target_dag.py
[2026-07-31T12:09:18.783+0000] {logging_mixin.py:188} INFO - [2026-07-31T12:09:18.782+0000] {dag.py:3089} INFO - Sync 1 DAGs
[2026-07-31T12:09:18.802+0000] {logging_mixin.py:188} INFO - [2026-07-31T12:09:18.802+0000] {dag.py:3947} INFO - Setting next_dagrun for example_trigger_target_dag to None, run_after=None
[2026-07-31T12:09:18.828+0000] {processor.py:183} INFO - Processing /home/airflow/.local/lib/python3.12/site-packages/airflow/example_dags/example_trigger_target_dag.py took 0.090 seconds
[2026-07-31T12:09:49.038+0000] {processor.py:161} INFO - Started process (PID=7763) to work on /home/airflow/.local/lib/python3.12/site-packages/airflow/example_dags/example_trigger_target_dag.py
[2026-07-31T12:09:49.039+0000] {processor.py:830} INFO - Processing file /home/airflow/.local/lib/python3.12/site-packages/airflow/example_dags/example_trigger_target_dag.py for tasks to queue
[2026-07-31T12:09:49.042+0000] {logging_mixin.py:188} INFO - [2026-07-31T12:09:49.042+0000] {dagbag.py:545} INFO - Filling up the DagBag from /home/airflow/.local/lib/python3.12/site-packages/airflow/example_dags/example_trigger_target_dag.py
[2026-07-31T12:09:49.050+0000] {processor.py:840} INFO - DAG(s) 'example_trigger_target_dag' retrieved from /home/airflow/.local/lib/python3.12/site-packages/airflow/example_dags/example_trigger_target_dag.py
[2026-07-31T12:09:49.084+0000] {logging_mixin.py:188} INFO - [2026-07-31T12:09:49.084+0000] {dag.py:3089} INFO - Sync 1 DAGs
[2026-07-31T12:09:49.104+0000] {logging_mixin.py:188} INFO - [2026-07-31T12:09:49.104+0000] {dag.py:3947} INFO - Setting next_dagrun for example_trigger_target_dag to None, run_after=None
[2026-07-31T12:09:49.137+0000] {processor.py:183} INFO - Processing /home/airflow/.local/lib/python3.12/site-packages/airflow/example_dags/example_trigger_target_dag.py took 0.106 seconds
[2026-07-31T12:10:19.487+0000] {processor.py:161} INFO - Started process (PID=7820) to work on /home/airflow/.local/lib/python3.12/site-packages/airflow/example_dags/example_trigger_target_dag.py
[2026-07-31T12:10:19.489+0000] {processor.py:830} INFO - Processing file /home/airflow/.local/lib/python3.12/site-packages/airflow/example_dags/example_trigger_target_dag.py for tasks to queue
[2026-07-31T12:10:19.491+0000] {logging_mixin.py:188} INFO - [2026-07-31T12:10:19.491+0000] {dagbag.py:545} INFO - Filling up the DagBag from /home/airflow/.local/lib/python3.12/site-packages/airflow/example_dags/example_trigger_target_dag.py
[2026-07-31T12:10:19.499+0000] {processor.py:840} INFO - DAG(s) 'example_trigger_target_dag' retrieved from /home/airflow/.local/lib/python3.12/site-packages/airflow/example_dags/example_trigger_target_dag.py
[2026-07-31T12:10:19.527+0000] {logging_mixin.py:188} INFO - [2026-07-31T12:10:19.527+0000] {dag.py:3089} INFO - Sync 1 DAGs
[2026-07-31T12:10:19.554+0000] {logging_mixin.py:188} INFO - [2026-07-31T12:10:19.554+0000] {dag.py:3947} INFO - Setting next_dagrun for example_trigger_target_dag to None, run_after=None
[2026-07-31T12:10:19.592+0000] {processor.py:183} INFO - Processing /home/airflow/.local/lib/python3.12/site-packages/airflow/example_dags/example_trigger_target_dag.py took 0.114 seconds
[2026-07-31T12:10:49.676+0000] {processor.py:161} INFO - Started process (PID=7877) to work on /home/airflow/.local/lib/python3.12/site-packages/airflow/example_dags/example_trigger_target_dag.py
[2026-07-31T12:10:49.678+0000] {processor.py:830} INFO - Processing file /home/airflow/.local/lib/python3.12/site-packages/airflow/example_dags/example_trigger_target_dag.py for tasks to queue
[2026-07-31T12:10:49.680+0000] {logging_mixin.py:188} INFO - [2026-07-31T12:10:49.680+0000] {dagbag.py:545} INFO - Filling up the DagBag from /home/airflow/.local/lib/python3.12/site-packages/airflow/example_dags/example_trigger_target_dag.py
[2026-07-31T12:10:49.688+0000] {processor.py:840} INFO - DAG(s) 'example_trigger_target_dag' retrieved from /home/airflow/.local/lib/python3.12/site-packages/airflow/example_dags/example_trigger_target_dag.py
[2026-07-31T12:10:49.713+0000] {logging_mixin.py:188} INFO - [2026-07-31T12:10:49.712+0000] {dag.py:3089} INFO - Sync 1 DAGs
[2026-07-31T12:10:49.728+0000] {logging_mixin.py:188} INFO - [2026-07-31T12:10:49.728+0000] {dag.py:3947} INFO - Setting next_dagrun for example_trigger_target_dag to None, run_after=None
[2026-07-31T12:10:49.755+0000] {processor.py:183} INFO - Processing /home/airflow/.local/lib/python3.12/site-packages/airflow/example_dags/example_trigger_target_dag.py took 0.085 seconds
[2026-07-31T12:11:20.513+0000] {processor.py:161} INFO - Started process (PID=7935) to work on /home/airflow/.local/lib/python3.12/site-packages/airflow/example_dags/example_trigger_target_dag.py
[2026-07-31T12:11:20.514+0000] {processor.py:830} INFO - Processing file /home/airflow/.local/lib/python3.12/site-packages/airflow/example_dags/example_trigger_target_dag.py for tasks to queue
[2026-07-31T12:11:20.517+0000] {logging_mixin.py:188} INFO - [2026-07-31T12:11:20.516+0000] {dagbag.py:545} INFO - Filling up the DagBag from /home/airflow/.local/lib/python3.12/site-packages/airflow/example_dags/example_trigger_target_dag.py
[2026-07-31T12:11:20.525+0000] {processor.py:840} INFO - DAG(s) 'example_trigger_target_dag' retrieved from /home/airflow/.local/lib/python3.12/site-packages/airflow/example_dags/example_trigger_target_dag.py
[2026-07-31T12:11:20.548+0000] {logging_mixin.py:188} INFO - [2026-07-31T12:11:20.548+0000] {dag.py:3089} INFO - Sync 1 DAGs
[2026-07-31T12:11:20.564+0000] {logging_mixin.py:188} INFO - [2026-07-31T12:11:20.564+0000] {dag.py:3947} INFO - Setting next_dagrun for example_trigger_target_dag to None, run_after=None
[2026-07-31T12:11:20.593+0000] {processor.py:183} INFO - Processing /home/airflow/.local/lib/python3.12/site-packages/airflow/example_dags/example_trigger_target_dag.py took 0.089 seconds
[2026-07-31T12:11:51.333+0000] {processor.py:161} INFO - Started process (PID=7992) to work on /home/airflow/.local/lib/python3.12/site-packages/airflow/example_dags/example_trigger_target_dag.py
[2026-07-31T12:11:51.335+0000] {processor.py:830} INFO - Processing file /home/airflow/.local/lib/python3.12/site-packages/airflow/example_dags/example_trigger_target_dag.py for tasks to queue
[2026-07-31T12:11:51.338+0000] {logging_mixin.py:188} INFO - [2026-07-31T12:11:51.337+0000] {dagbag.py:545} INFO - Filling up the DagBag from /home/airflow/.local/lib/python3.12/site-packages/airflow/example_dags/example_trigger_target_dag.py
[2026-07-31T12:11:51.346+0000] {processor.py:840} INFO - DAG(s) 'example_trigger_target_dag' retrieved from /home/airflow/.local/lib/python3.12/site-packages/airflow/example_dags/example_trigger_target_dag.py
[2026-07-31T12:11:51.371+0000] {logging_mixin.py:188} INFO - [2026-07-31T12:11:51.370+0000] {dag.py:3089} INFO - Sync 1 DAGs
[2026-07-31T12:11:51.387+0000] {logging_mixin.py:188} INFO - [2026-07-31T12:11:51.387+0000] {dag.py:3947} INFO - Setting next_dagrun for example_trigger_target_dag to None, run_after=None
[2026-07-31T12:11:51.414+0000] {processor.py:183} INFO - Processing /home/airflow/.local/lib/python3.12/site-packages/airflow/example_dags/example_trigger_target_dag.py took 0.090 seconds
[2026-07-31T12:12:21.656+0000] {processor.py:161} INFO - Started process (PID=8050) to work on /home/airflow/.local/lib/python3.12/site-packages/airflow/example_dags/example_trigger_target_dag.py
[2026-07-31T12:12:21.657+0000] {processor.py:830} INFO - Processing file /home/airflow/.local/lib/python3.12/site-packages/airflow/example_dags/example_trigger_target_dag.py for tasks to queue
[2026-07-31T12:12:21.659+0000] {logging_mixin.py:188} INFO - [2026-07-31T12:12:21.659+0000] {dagbag.py:545} INFO - Filling up the DagBag from /home/airflow/.local/lib/python3.12/site-packages/airflow/example_dags/example_trigger_target_dag.py
[2026-07-31T12:12:21.666+0000] {processor.py:840} INFO - DAG(s) 'example_trigger_target_dag' retrieved from /home/airflow/.local/lib/python3.12/site-packages/airflow/example_dags/example_trigger_target_dag.py
[2026-07-31T12:12:21.688+0000] {logging_mixin.py:188} INFO - [2026-07-31T12:12:21.688+0000] {dag.py:3089} INFO - Sync 1 DAGs
[2026-07-31T12:12:21.704+0000] {logging_mixin.py:188} INFO - [2026-07-31T12:12:21.704+0000] {dag.py:3947} INFO - Setting next_dagrun for example_trigger_target_dag to None, run_after=None
[2026-07-31T12:12:21.728+0000] {processor.py:183} INFO - Processing /home/airflow/.local/lib/python3.12/site-packages/airflow/example_dags/example_trigger_target_dag.py took 0.078 seconds
[2026-07-31T12:12:52.282+0000] {processor.py:161} INFO - Started process (PID=8114) to work on /home/airflow/.local/lib/python3.12/site-packages/airflow/example_dags/example_trigger_target_dag.py
[2026-07-31T12:12:52.283+0000] {processor.py:830} INFO - Processing file /home/airflow/.local/lib/python3.12/site-packages/airflow/example_dags/example_trigger_target_dag.py for tasks to queue
[2026-07-31T12:12:52.286+0000] {logging_mixin.py:188} INFO - [2026-07-31T12:12:52.286+0000] {dagbag.py:545} INFO - Filling up the DagBag from /home/airflow/.local/lib/python3.12/site-packages/airflow/example_dags/example_trigger_target_dag.py
[2026-07-31T12:12:52.294+0000] {processor.py:840} INFO - DAG(s) 'example_trigger_target_dag' retrieved from /home/airflow/.local/lib/python3.12/site-packages/airflow/example_dags/example_trigger_target_dag.py
[2026-07-31T12:12:52.318+0000] {logging_mixin.py:188} INFO - [2026-07-31T12:12:52.318+0000] {dag.py:3089} INFO - Sync 1 DAGs
[2026-07-31T12:12:52.335+0000] {logging_mixin.py:188} INFO - [2026-07-31T12:12:52.335+0000] {dag.py:3947} INFO - Setting next_dagrun for example_trigger_target_dag to None, run_after=None
[2026-07-31T12:12:52.358+0000] {processor.py:183} INFO - Processing /home/airflow/.local/lib/python3.12/site-packages/airflow/example_dags/example_trigger_target_dag.py took 0.084 seconds
[2026-07-31T12:13:23.215+0000] {processor.py:161} INFO - Started process (PID=8172) to work on /home/airflow/.local/lib/python3.12/site-packages/airflow/example_dags/example_trigger_target_dag.py
[2026-07-31T12:13:23.217+0000] {processor.py:830} INFO - Processing file /home/airflow/.local/lib/python3.12/site-packages/airflow/example_dags/example_trigger_target_dag.py for tasks to queue
[2026-07-31T12:13:23.220+0000] {logging_mixin.py:188} INFO - [2026-07-31T12:13:23.219+0000] {dagbag.py:545} INFO - Filling up the DagBag from /home/airflow/.local/lib/python3.12/site-packages/airflow/example_dags/example_trigger_target_dag.py
[2026-07-31T12:13:23.232+0000] {processor.py:840} INFO - DAG(s) 'example_trigger_target_dag' retrieved from /home/airflow/.local/lib/python3.12/site-packages/airflow/example_dags/example_trigger_target_dag.py
[2026-07-31T12:13:23.262+0000] {logging_mixin.py:188} INFO - [2026-07-31T12:13:23.262+0000] {dag.py:3089} INFO - Sync 1 DAGs
[2026-07-31T12:13:23.283+0000] {logging_mixin.py:188} INFO - [2026-07-31T12:13:23.282+0000] {dag.py:3947} INFO - Setting next_dagrun for example_trigger_target_dag to None, run_after=None
[2026-07-31T12:13:23.318+0000] {processor.py:183} INFO - Processing /home/airflow/.local/lib/python3.12/site-packages/airflow/example_dags/example_trigger_target_dag.py took 0.111 seconds
[2026-07-31T12:13:53.700+0000] {processor.py:161} INFO - Started process (PID=8230) to work on /home/airflow/.local/lib/python3.12/site-packages/airflow/example_dags/example_trigger_target_dag.py
[2026-07-31T12:13:53.701+0000] {processor.py:830} INFO - Processing file /home/airflow/.local/lib/python3.12/site-packages/airflow/example_dags/example_trigger_target_dag.py for tasks to queue
[2026-07-31T12:13:53.704+0000] {logging_mixin.py:188} INFO - [2026-07-31T12:13:53.703+0000] {dagbag.py:545} INFO - Filling up the DagBag from /home/airflow/.local/lib/python3.12/site-packages/airflow/example_dags/example_trigger_target_dag.py
[2026-07-31T12:13:53.712+0000] {processor.py:840} INFO - DAG(s) 'example_trigger_target_dag' retrieved from /home/airflow/.local/lib/python3.12/site-packages/airflow/example_dags/example_trigger_target_dag.py
[2026-07-31T12:13:53.743+0000] {logging_mixin.py:188} INFO - [2026-07-31T12:13:53.743+0000] {dag.py:3089} INFO - Sync 1 DAGs
[2026-07-31T12:13:53.761+0000] {logging_mixin.py:188} INFO - [2026-07-31T12:13:53.761+0000] {dag.py:3947} INFO - Setting next_dagrun for example_trigger_target_dag to None, run_after=None
[2026-07-31T12:13:53.789+0000] {processor.py:183} INFO - Processing /home/airflow/.local/lib/python3.12/site-packages/airflow/example_dags/example_trigger_target_dag.py took 0.096 seconds
[2026-07-31T12:14:24.138+0000] {processor.py:161} INFO - Started process (PID=8288) to work on /home/airflow/.local/lib/python3.12/site-packages/airflow/example_dags/example_trigger_target_dag.py
[2026-07-31T12:14:24.140+0000] {processor.py:830} INFO - Processing file /home/airflow/.local/lib/python3.12/site-packages/airflow/example_dags/example_trigger_target_dag.py for tasks to queue
[2026-07-31T12:14:24.142+0000] {logging_mixin.py:188} INFO - [2026-07-31T12:14:24.142+0000] {dagbag.py:545} INFO - Filling up the DagBag from /home/airflow/.local/lib/python3.12/site-packages/airflow/example_dags/example_trigger_target_dag.py
[2026-07-31T12:14:24.150+0000] {processor.py:840} INFO - DAG(s) 'example_trigger_target_dag' retrieved from /home/airflow/.local/lib/python3.12/site-packages/airflow/example_dags/example_trigger_target_dag.py
[2026-07-31T12:14:24.175+0000] {logging_mixin.py:188} INFO - [2026-07-31T12:14:24.174+0000] {dag.py:3089} INFO - Sync 1 DAGs
[2026-07-31T12:14:24.192+0000] {logging_mixin.py:188} INFO - [2026-07-31T12:14:24.192+0000] {dag.py:3947} INFO - Setting next_dagrun for example_trigger_target_dag to None, run_after=None
[2026-07-31T12:14:24.218+0000] {processor.py:183} INFO - Processing /home/airflow/.local/lib/python3.12/site-packages/airflow/example_dags/example_trigger_target_dag.py took 0.088 seconds
[2026-07-31T12:14:54.471+0000] {processor.py:161} INFO - Started process (PID=8345) to work on /home/airflow/.local/lib/python3.12/site-packages/airflow/example_dags/example_trigger_target_dag.py
[2026-07-31T12:14:54.472+0000] {processor.py:830} INFO - Processing file /home/airflow/.local/lib/python3.12/site-packages/airflow/example_dags/example_trigger_target_dag.py for tasks to queue
[2026-07-31T12:14:54.474+0000] {logging_mixin.py:188} INFO - [2026-07-31T12:14:54.474+0000] {dagbag.py:545} INFO - Filling up the DagBag from /home/airflow/.local/lib/python3.12/site-packages/airflow/example_dags/example_trigger_target_dag.py
[2026-07-31T12:14:54.483+0000] {processor.py:840} INFO - DAG(s) 'example_trigger_target_dag' retrieved from /home/airflow/.local/lib/python3.12/site-packages/airflow/example_dags/example_trigger_target_dag.py
[2026-07-31T12:14:54.508+0000] {logging_mixin.py:188} INFO - [2026-07-31T12:14:54.508+0000] {dag.py:3089} INFO - Sync 1 DAGs
[2026-07-31T12:14:54.526+0000] {logging_mixin.py:188} INFO - [2026-07-31T12:14:54.525+0000] {dag.py:3947} INFO - Setting next_dagrun for example_trigger_target_dag to None, run_after=None
[2026-07-31T12:14:54.551+0000] {processor.py:183} INFO - Processing /home/airflow/.local/lib/python3.12/site-packages/airflow/example_dags/example_trigger_target_dag.py took 0.088 seconds
[2026-07-31T12:15:25.012+0000] {processor.py:161} INFO - Started process (PID=8404) to work on /home/airflow/.local/lib/python3.12/site-packages/airflow/example_dags/example_trigger_target_dag.py
[2026-07-31T12:15:25.014+0000] {processor.py:830} INFO - Processing file /home/airflow/.local/lib/python3.12/site-packages/airflow/example_dags/example_trigger_target_dag.py for tasks to queue
[2026-07-31T12:15:25.017+0000] {logging_mixin.py:188} INFO - [2026-07-31T12:15:25.016+0000] {dagbag.py:545} INFO - Filling up the DagBag from /home/airflow/.local/lib/python3.12/site-packages/airflow/example_dags/example_trigger_target_dag.py
[2026-07-31T12:15:25.025+0000] {processor.py:840} INFO - DAG(s) 'example_trigger_target_dag' retrieved from /home/airflow/.local/lib/python3.12/site-packages/airflow/example_dags/example_trigger_target_dag.py
[2026-07-31T12:15:25.051+0000] {logging_mixin.py:188} INFO - [2026-07-31T12:15:25.050+0000] {dag.py:3089} INFO - Sync 1 DAGs
[2026-07-31T12:15:25.068+0000] {logging_mixin.py:188} INFO - [2026-07-31T12:15:25.068+0000] {dag.py:3947} INFO - Setting next_dagrun for example_trigger_target_dag to None, run_after=None
[2026-07-31T12:15:25.095+0000] {processor.py:183} INFO - Processing /home/airflow/.local/lib/python3.12/site-packages/airflow/example_dags/example_trigger_target_dag.py took 0.091 seconds
[2026-07-31T12:15:55.376+0000] {processor.py:161} INFO - Started process (PID=8462) to work on /home/airflow/.local/lib/python3.12/site-packages/airflow/example_dags/example_trigger_target_dag.py
[2026-07-31T12:15:55.378+0000] {processor.py:830} INFO - Processing file /home/airflow/.local/lib/python3.12/site-packages/airflow/example_dags/example_trigger_target_dag.py for tasks to queue
[2026-07-31T12:15:55.381+0000] {logging_mixin.py:188} INFO - [2026-07-31T12:15:55.380+0000] {dagbag.py:545} INFO - Filling up the DagBag from /home/airflow/.local/lib/python3.12/site-packages/airflow/example_dags/example_trigger_target_dag.py
[2026-07-31T12:15:55.390+0000] {processor.py:840} INFO - DAG(s) 'example_trigger_target_dag' retrieved from /home/airflow/.local/lib/python3.12/site-packages/airflow/example_dags/example_trigger_target_dag.py
[2026-07-31T12:15:55.417+0000] {logging_mixin.py:188} INFO - [2026-07-31T12:15:55.417+0000] {dag.py:3089} INFO - Sync 1 DAGs
[2026-07-31T12:15:55.435+0000] {logging_mixin.py:188} INFO - [2026-07-31T12:15:55.434+0000] {dag.py:3947} INFO - Setting next_dagrun for example_trigger_target_dag to None, run_after=None
[2026-07-31T12:15:55.459+0000] {processor.py:183} INFO - Processing /home/airflow/.local/lib/python3.12/site-packages/airflow/example_dags/example_trigger_target_dag.py took 0.092 seconds
[2026-07-31T12:16:25.851+0000] {processor.py:161} INFO - Started process (PID=8519) to work on /home/airflow/.local/lib/python3.12/site-packages/airflow/example_dags/example_trigger_target_dag.py
[2026-07-31T12:16:25.852+0000] {processor.py:830} INFO - Processing file /home/airflow/.local/lib/python3.12/site-packages/airflow/example_dags/example_trigger_target_dag.py for tasks to queue
[2026-07-31T12:16:25.856+0000] {logging_mixin.py:188} INFO - [2026-07-31T12:16:25.855+0000] {dagbag.py:545} INFO - Filling up the DagBag from /home/airflow/.local/lib/python3.12/site-packages/airflow/example_dags/example_trigger_target_dag.py
[2026-07-31T12:16:25.865+0000] {processor.py:840} INFO - DAG(s) 'example_trigger_target_dag' retrieved from /home/airflow/.local/lib/python3.12/site-packages/airflow/example_dags/example_trigger_target_dag.py
[2026-07-31T12:16:25.889+0000] {logging_mixin.py:188} INFO - [2026-07-31T12:16:25.888+0000] {dag.py:3089} INFO - Sync 1 DAGs
[2026-07-31T12:16:25.908+0000] {logging_mixin.py:188} INFO - [2026-07-31T12:16:25.908+0000] {dag.py:3947} INFO - Setting next_dagrun for example_trigger_target_dag to None, run_after=None
[2026-07-31T12:16:25.934+0000] {processor.py:183} INFO - Processing /home/airflow/.local/lib/python3.12/site-packages/airflow/example_dags/example_trigger_target_dag.py took 0.093 seconds
[2026-07-31T12:16:56.762+0000] {processor.py:161} INFO - Started process (PID=8577) to work on /home/airflow/.local/lib/python3.12/site-packages/airflow/example_dags/example_trigger_target_dag.py
[2026-07-31T12:16:56.764+0000] {processor.py:830} INFO - Processing file /home/airflow/.local/lib/python3.12/site-packages/airflow/example_dags/example_trigger_target_dag.py for tasks to queue
[2026-07-31T12:16:56.768+0000] {logging_mixin.py:188} INFO - [2026-07-31T12:16:56.767+0000] {dagbag.py:545} INFO - Filling up the DagBag from /home/airflow/.local/lib/python3.12/site-packages/airflow/example_dags/example_trigger_target_dag.py
[2026-07-31T12:16:56.776+0000] {processor.py:840} INFO - DAG(s) 'example_trigger_target_dag' retrieved from /home/airflow/.local/lib/python3.12/site-packages/airflow/example_dags/example_trigger_target_dag.py
[2026-07-31T12:16:56.801+0000] {logging_mixin.py:188} INFO - [2026-07-31T12:16:56.800+0000] {dag.py:3089} INFO - Sync 1 DAGs
[2026-07-31T12:16:56.818+0000] {logging_mixin.py:188} INFO - [2026-07-31T12:16:56.818+0000] {dag.py:3947} INFO - Setting next_dagrun for example_trigger_target_dag to None, run_after=None
[2026-07-31T12:16:56.847+0000] {processor.py:183} INFO - Processing /home/airflow/.local/lib/python3.12/site-packages/airflow/example_dags/example_trigger_target_dag.py took 0.093 seconds
[2026-07-31T12:17:27.095+0000] {processor.py:161} INFO - Started process (PID=8635) to work on /home/airflow/.local/lib/python3.12/site-packages/airflow/example_dags/example_trigger_target_dag.py
[2026-07-31T12:17:27.097+0000] {processor.py:830} INFO - Processing file /home/airflow/.local/lib/python3.12/site-packages/airflow/example_dags/example_trigger_target_dag.py for tasks to queue
[2026-07-31T12:17:27.100+0000] {logging_mixin.py:188} INFO - [2026-07-31T12:17:27.099+0000] {dagbag.py:545} INFO - Filling up the DagBag from /home/airflow/.local/lib/python3.12/site-packages/airflow/example_dags/example_trigger_target_dag.py
[2026-07-31T12:17:27.107+0000] {processor.py:840} INFO - DAG(s) 'example_trigger_target_dag' retrieved from /home/airflow/.local/lib/python3.12/site-packages/airflow/example_dags/example_trigger_target_dag.py
[2026-07-31T12:17:27.134+0000] {logging_mixin.py:188} INFO - [2026-07-31T12:17:27.133+0000] {dag.py:3089} INFO - Sync 1 DAGs
[2026-07-31T12:17:27.151+0000] {logging_mixin.py:188} INFO - [2026-07-31T12:17:27.151+0000] {dag.py:3947} INFO - Setting next_dagrun for example_trigger_target_dag to None, run_after=None
[2026-07-31T12:17:27.174+0000] {processor.py:183} INFO - Processing /home/airflow/.local/lib/python3.12/site-packages/airflow/example_dags/example_trigger_target_dag.py took 0.086 seconds
[2026-07-31T12:17:57.310+0000] {processor.py:161} INFO - Started process (PID=8693) to work on /home/airflow/.local/lib/python3.12/site-packages/airflow/example_dags/example_trigger_target_dag.py
[2026-07-31T12:17:57.312+0000] {processor.py:830} INFO - Processing file /home/airflow/.local/lib/python3.12/site-packages/airflow/example_dags/example_trigger_target_dag.py for tasks to queue
[2026-07-31T12:17:57.314+0000] {logging_mixin.py:188} INFO - [2026-07-31T12:17:57.314+0000] {dagbag.py:545} INFO - Filling up the DagBag from /home/airflow/.local/lib/python3.12/site-packages/airflow/example_dags/example_trigger_target_dag.py
[2026-07-31T12:17:57.321+0000] {processor.py:840} INFO - DAG(s) 'example_trigger_target_dag' retrieved from /home/airflow/.local/lib/python3.12/site-packages/airflow/example_dags/example_trigger_target_dag.py
[2026-07-31T12:17:57.346+0000] {logging_mixin.py:188} INFO - [2026-07-31T12:17:57.345+0000] {dag.py:3089} INFO - Sync 1 DAGs
[2026-07-31T12:17:57.362+0000] {logging_mixin.py:188} INFO - [2026-07-31T12:17:57.362+0000] {dag.py:3947} INFO - Setting next_dagrun for example_trigger_target_dag to None, run_after=None
[2026-07-31T12:17:57.389+0000] {processor.py:183} INFO - Processing /home/airflow/.local/lib/python3.12/site-packages/airflow/example_dags/example_trigger_target_dag.py took 0.088 seconds
[2026-07-31T12:18:27.879+0000] {processor.py:161} INFO - Started process (PID=8751) to work on /home/airflow/.local/lib/python3.12/site-packages/airflow/example_dags/example_trigger_target_dag.py
[2026-07-31T12:18:27.881+0000] {processor.py:830} INFO - Processing file /home/airflow/.local/lib/python3.12/site-packages/airflow/example_dags/example_trigger_target_dag.py for tasks to queue
[2026-07-31T12:18:27.883+0000] {logging_mixin.py:188} INFO - [2026-07-31T12:18:27.883+0000] {dagbag.py:545} INFO - Filling up the DagBag from /home/airflow/.local/lib/python3.12/site-packages/airflow/example_dags/example_trigger_target_dag.py
[2026-07-31T12:18:27.891+0000] {processor.py:840} INFO - DAG(s) 'example_trigger_target_dag' retrieved from /home/airflow/.local/lib/python3.12/site-packages/airflow/example_dags/example_trigger_target_dag.py
[2026-07-31T12:18:27.914+0000] {logging_mixin.py:188} INFO - [2026-07-31T12:18:27.914+0000] {dag.py:3089} INFO - Sync 1 DAGs
[2026-07-31T12:18:27.932+0000] {logging_mixin.py:188} INFO - [2026-07-31T12:18:27.931+0000] {dag.py:3947} INFO - Setting next_dagrun for example_trigger_target_dag to None, run_after=None
[2026-07-31T12:18:27.958+0000] {processor.py:183} INFO - Processing /home/airflow/.local/lib/python3.12/site-packages/airflow/example_dags/example_trigger_target_dag.py took 0.086 seconds
[2026-07-31T12:18:58.872+0000] {processor.py:161} INFO - Started process (PID=8809) to work on /home/airflow/.local/lib/python3.12/site-packages/airflow/example_dags/example_trigger_target_dag.py
[2026-07-31T12:18:58.873+0000] {processor.py:830} INFO - Processing file /home/airflow/.local/lib/python3.12/site-packages/airflow/example_dags/example_trigger_target_dag.py for tasks to queue
[2026-07-31T12:18:58.876+0000] {logging_mixin.py:188} INFO - [2026-07-31T12:18:58.875+0000] {dagbag.py:545} INFO - Filling up the DagBag from /home/airflow/.local/lib/python3.12/site-packages/airflow/example_dags/example_trigger_target_dag.py
[2026-07-31T12:18:58.883+0000] {processor.py:840} INFO - DAG(s) 'example_trigger_target_dag' retrieved from /home/airflow/.local/lib/python3.12/site-packages/airflow/example_dags/example_trigger_target_dag.py
[2026-07-31T12:18:58.908+0000] {logging_mixin.py:188} INFO - [2026-07-31T12:18:58.908+0000] {dag.py:3089} INFO - Sync 1 DAGs
[2026-07-31T12:18:58.925+0000] {logging_mixin.py:188} INFO - [2026-07-31T12:18:58.925+0000] {dag.py:3947} INFO - Setting next_dagrun for example_trigger_target_dag to None, run_after=None
[2026-07-31T12:18:58.951+0000] {processor.py:183} INFO - Processing /home/airflow/.local/lib/python3.12/site-packages/airflow/example_dags/example_trigger_target_dag.py took 0.087 seconds
[2026-07-31T12:19:30.370+0000] {processor.py:161} INFO - Started process (PID=8868) to work on /home/airflow/.local/lib/python3.12/site-packages/airflow/example_dags/example_trigger_target_dag.py
[2026-07-31T12:19:30.376+0000] {processor.py:830} INFO - Processing file /home/airflow/.local/lib/python3.12/site-packages/airflow/example_dags/example_trigger_target_dag.py for tasks to queue
[2026-07-31T12:19:30.381+0000] {logging_mixin.py:188} INFO - [2026-07-31T12:19:30.379+0000] {dagbag.py:545} INFO - Filling up the DagBag from /home/airflow/.local/lib/python3.12/site-packages/airflow/example_dags/example_trigger_target_dag.py
[2026-07-31T12:19:30.402+0000] {processor.py:840} INFO - DAG(s) 'example_trigger_target_dag' retrieved from /home/airflow/.local/lib/python3.12/site-packages/airflow/example_dags/example_trigger_target_dag.py
[2026-07-31T12:19:30.482+0000] {logging_mixin.py:188} INFO - [2026-07-31T12:19:30.480+0000] {dag.py:3089} INFO - Sync 1 DAGs
[2026-07-31T12:19:30.550+0000] {logging_mixin.py:188} INFO - [2026-07-31T12:19:30.549+0000] {dag.py:3947} INFO - Setting next_dagrun for example_trigger_target_dag to None, run_after=None
[2026-07-31T12:19:30.660+0000] {processor.py:183} INFO - Processing /home/airflow/.local/lib/python3.12/site-packages/airflow/example_dags/example_trigger_target_dag.py took 0.307 seconds
[2026-07-31T12:20:00.838+0000] {processor.py:161} INFO - Started process (PID=8926) to work on /home/airflow/.local/lib/python3.12/site-packages/airflow/example_dags/example_trigger_target_dag.py
[2026-07-31T12:20:00.840+0000] {processor.py:830} INFO - Processing file /home/airflow/.local/lib/python3.12/site-packages/airflow/example_dags/example_trigger_target_dag.py for tasks to queue
[2026-07-31T12:20:00.842+0000] {logging_mixin.py:188} INFO - [2026-07-31T12:20:00.842+0000] {dagbag.py:545} INFO - Filling up the DagBag from /home/airflow/.local/lib/python3.12/site-packages/airflow/example_dags/example_trigger_target_dag.py
[2026-07-31T12:20:00.850+0000] {processor.py:840} INFO - DAG(s) 'example_trigger_target_dag' retrieved from /home/airflow/.local/lib/python3.12/site-packages/airflow/example_dags/example_trigger_target_dag.py
[2026-07-31T12:20:00.879+0000] {logging_mixin.py:188} INFO - [2026-07-31T12:20:00.879+0000] {dag.py:3089} INFO - Sync 1 DAGs
[2026-07-31T12:20:00.897+0000] {logging_mixin.py:188} INFO - [2026-07-31T12:20:00.896+0000] {dag.py:3947} INFO - Setting next_dagrun for example_trigger_target_dag to None, run_after=None
[2026-07-31T12:20:00.927+0000] {processor.py:183} INFO - Processing /home/airflow/.local/lib/python3.12/site-packages/airflow/example_dags/example_trigger_target_dag.py took 0.097 seconds
[2026-07-31T12:20:31.331+0000] {processor.py:161} INFO - Started process (PID=8983) to work on /home/airflow/.local/lib/python3.12/site-packages/airflow/example_dags/example_trigger_target_dag.py
[2026-07-31T12:20:31.332+0000] {processor.py:830} INFO - Processing file /home/airflow/.local/lib/python3.12/site-packages/airflow/example_dags/example_trigger_target_dag.py for tasks to queue
[2026-07-31T12:20:31.335+0000] {logging_mixin.py:188} INFO - [2026-07-31T12:20:31.334+0000] {dagbag.py:545} INFO - Filling up the DagBag from /home/airflow/.local/lib/python3.12/site-packages/airflow/example_dags/example_trigger_target_dag.py
[2026-07-31T12:20:31.342+0000] {processor.py:840} INFO - DAG(s) 'example_trigger_target_dag' retrieved from /home/airflow/.local/lib/python3.12/site-packages/airflow/example_dags/example_trigger_target_dag.py
[2026-07-31T12:20:31.367+0000] {logging_mixin.py:188} INFO - [2026-07-31T12:20:31.366+0000] {dag.py:3089} INFO - Sync 1 DAGs
[2026-07-31T12:20:31.387+0000] {logging_mixin.py:188} INFO - [2026-07-31T12:20:31.387+0000] {dag.py:3947} INFO - Setting next_dagrun for example_trigger_target_dag to None, run_after=None
[2026-07-31T12:20:31.416+0000] {processor.py:183} INFO - Processing /home/airflow/.local/lib/python3.12/site-packages/airflow/example_dags/example_trigger_target_dag.py took 0.092 seconds
