[2026-07-31T10:53:15.653+0000] {processor.py:161} INFO - Started process (PID=121) to work on /home/airflow/.local/lib/python3.12/site-packages/airflow/example_dags/example_task_group.py
[2026-07-31T10:53:15.658+0000] {processor.py:830} INFO - Processing file /home/airflow/.local/lib/python3.12/site-packages/airflow/example_dags/example_task_group.py for tasks to queue
[2026-07-31T10:53:15.672+0000] {logging_mixin.py:188} INFO - [2026-07-31T10:53:15.671+0000] {dagbag.py:545} INFO - Filling up the DagBag from /home/airflow/.local/lib/python3.12/site-packages/airflow/example_dags/example_task_group.py
[2026-07-31T10:53:15.728+0000] {processor.py:840} INFO - DAG(s) 'example_task_group' retrieved from /home/airflow/.local/lib/python3.12/site-packages/airflow/example_dags/example_task_group.py
[2026-07-31T10:53:16.383+0000] {logging_mixin.py:188} INFO - [2026-07-31T10:53:16.377+0000] {dag.py:3089} INFO - Sync 1 DAGs
[2026-07-31T10:53:16.499+0000] {logging_mixin.py:188} INFO - [2026-07-31T10:53:16.497+0000] {dag.py:3947} INFO - Setting next_dagrun for example_task_group to 2026-07-30 00:00:00+00:00, run_after=2026-07-31 00:00:00+00:00
[2026-07-31T10:53:16.591+0000] {processor.py:183} INFO - Processing /home/airflow/.local/lib/python3.12/site-packages/airflow/example_dags/example_task_group.py took 0.959 seconds
[2026-07-31T10:54:23.447+0000] {processor.py:161} INFO - Started process (PID=185) to work on /home/airflow/.local/lib/python3.12/site-packages/airflow/example_dags/example_task_group.py
[2026-07-31T10:54:23.472+0000] {processor.py:830} INFO - Processing file /home/airflow/.local/lib/python3.12/site-packages/airflow/example_dags/example_task_group.py for tasks to queue
[2026-07-31T10:54:23.523+0000] {logging_mixin.py:188} INFO - [2026-07-31T10:54:23.515+0000] {dagbag.py:545} INFO - Filling up the DagBag from /home/airflow/.local/lib/python3.12/site-packages/airflow/example_dags/example_task_group.py
[2026-07-31T10:54:23.767+0000] {processor.py:840} INFO - DAG(s) 'example_task_group' retrieved from /home/airflow/.local/lib/python3.12/site-packages/airflow/example_dags/example_task_group.py
[2026-07-31T10:54:24.399+0000] {logging_mixin.py:188} INFO - [2026-07-31T10:54:24.398+0000] {dag.py:3089} INFO - Sync 1 DAGs
[2026-07-31T10:54:24.716+0000] {logging_mixin.py:188} INFO - [2026-07-31T10:54:24.715+0000] {dag.py:3947} INFO - Setting next_dagrun for example_task_group to 2026-07-30 00:00:00+00:00, run_after=2026-07-31 00:00:00+00:00
[2026-07-31T10:54:24.840+0000] {processor.py:183} INFO - Processing /home/airflow/.local/lib/python3.12/site-packages/airflow/example_dags/example_task_group.py took 1.815 seconds
[2026-07-31T10:55:18.761+0000] {processor.py:161} INFO - Started process (PID=244) to work on /home/airflow/.local/lib/python3.12/site-packages/airflow/example_dags/example_task_group.py
[2026-07-31T10:55:18.766+0000] {processor.py:830} INFO - Processing file /home/airflow/.local/lib/python3.12/site-packages/airflow/example_dags/example_task_group.py for tasks to queue
[2026-07-31T10:55:18.782+0000] {logging_mixin.py:188} INFO - [2026-07-31T10:55:18.780+0000] {dagbag.py:545} INFO - Filling up the DagBag from /home/airflow/.local/lib/python3.12/site-packages/airflow/example_dags/example_task_group.py
[2026-07-31T10:55:18.821+0000] {processor.py:840} INFO - DAG(s) 'example_task_group' retrieved from /home/airflow/.local/lib/python3.12/site-packages/airflow/example_dags/example_task_group.py
[2026-07-31T10:55:18.904+0000] {logging_mixin.py:188} INFO - [2026-07-31T10:55:18.903+0000] {dag.py:3089} INFO - Sync 1 DAGs
[2026-07-31T10:55:19.026+0000] {logging_mixin.py:188} INFO - [2026-07-31T10:55:19.024+0000] {dag.py:3947} INFO - Setting next_dagrun for example_task_group to 2026-07-30 00:00:00+00:00, run_after=2026-07-31 00:00:00+00:00
[2026-07-31T10:55:19.118+0000] {processor.py:183} INFO - Processing /home/airflow/.local/lib/python3.12/site-packages/airflow/example_dags/example_task_group.py took 0.394 seconds
[2026-07-31T10:55:49.822+0000] {processor.py:161} INFO - Started process (PID=302) to work on /home/airflow/.local/lib/python3.12/site-packages/airflow/example_dags/example_task_group.py
[2026-07-31T10:55:49.824+0000] {processor.py:830} INFO - Processing file /home/airflow/.local/lib/python3.12/site-packages/airflow/example_dags/example_task_group.py for tasks to queue
[2026-07-31T10:55:49.827+0000] {logging_mixin.py:188} INFO - [2026-07-31T10:55:49.827+0000] {dagbag.py:545} INFO - Filling up the DagBag from /home/airflow/.local/lib/python3.12/site-packages/airflow/example_dags/example_task_group.py
[2026-07-31T10:55:49.840+0000] {processor.py:840} INFO - DAG(s) 'example_task_group' retrieved from /home/airflow/.local/lib/python3.12/site-packages/airflow/example_dags/example_task_group.py
[2026-07-31T10:55:49.898+0000] {logging_mixin.py:188} INFO - [2026-07-31T10:55:49.897+0000] {dag.py:3089} INFO - Sync 1 DAGs
[2026-07-31T10:55:49.968+0000] {logging_mixin.py:188} INFO - [2026-07-31T10:55:49.967+0000] {dag.py:3947} INFO - Setting next_dagrun for example_task_group to 2026-07-30 00:00:00+00:00, run_after=2026-07-31 00:00:00+00:00
[2026-07-31T10:55:50.017+0000] {processor.py:183} INFO - Processing /home/airflow/.local/lib/python3.12/site-packages/airflow/example_dags/example_task_group.py took 0.208 seconds
[2026-07-31T10:56:20.227+0000] {processor.py:161} INFO - Started process (PID=360) to work on /home/airflow/.local/lib/python3.12/site-packages/airflow/example_dags/example_task_group.py
[2026-07-31T10:56:20.230+0000] {processor.py:830} INFO - Processing file /home/airflow/.local/lib/python3.12/site-packages/airflow/example_dags/example_task_group.py for tasks to queue
[2026-07-31T10:56:20.235+0000] {logging_mixin.py:188} INFO - [2026-07-31T10:56:20.234+0000] {dagbag.py:545} INFO - Filling up the DagBag from /home/airflow/.local/lib/python3.12/site-packages/airflow/example_dags/example_task_group.py
[2026-07-31T10:56:20.265+0000] {processor.py:840} INFO - DAG(s) 'example_task_group' retrieved from /home/airflow/.local/lib/python3.12/site-packages/airflow/example_dags/example_task_group.py
[2026-07-31T10:56:20.388+0000] {logging_mixin.py:188} INFO - [2026-07-31T10:56:20.387+0000] {dag.py:3089} INFO - Sync 1 DAGs
[2026-07-31T10:56:20.486+0000] {logging_mixin.py:188} INFO - [2026-07-31T10:56:20.485+0000] {dag.py:3947} INFO - Setting next_dagrun for example_task_group to 2026-07-30 00:00:00+00:00, run_after=2026-07-31 00:00:00+00:00
[2026-07-31T10:56:20.567+0000] {processor.py:183} INFO - Processing /home/airflow/.local/lib/python3.12/site-packages/airflow/example_dags/example_task_group.py took 0.360 seconds
[2026-07-31T10:56:57.530+0000] {processor.py:161} INFO - Started process (PID=418) to work on /home/airflow/.local/lib/python3.12/site-packages/airflow/example_dags/example_task_group.py
[2026-07-31T10:56:57.533+0000] {processor.py:830} INFO - Processing file /home/airflow/.local/lib/python3.12/site-packages/airflow/example_dags/example_task_group.py for tasks to queue
[2026-07-31T10:56:57.541+0000] {logging_mixin.py:188} INFO - [2026-07-31T10:56:57.540+0000] {dagbag.py:545} INFO - Filling up the DagBag from /home/airflow/.local/lib/python3.12/site-packages/airflow/example_dags/example_task_group.py
[2026-07-31T10:56:57.559+0000] {processor.py:840} INFO - DAG(s) 'example_task_group' retrieved from /home/airflow/.local/lib/python3.12/site-packages/airflow/example_dags/example_task_group.py
[2026-07-31T10:56:57.624+0000] {logging_mixin.py:188} INFO - [2026-07-31T10:56:57.623+0000] {dag.py:3089} INFO - Sync 1 DAGs
[2026-07-31T10:56:57.695+0000] {logging_mixin.py:188} INFO - [2026-07-31T10:56:57.694+0000] {dag.py:3947} INFO - Setting next_dagrun for example_task_group to 2026-07-30 00:00:00+00:00, run_after=2026-07-31 00:00:00+00:00
[2026-07-31T10:56:57.761+0000] {processor.py:183} INFO - Processing /home/airflow/.local/lib/python3.12/site-packages/airflow/example_dags/example_task_group.py took 0.253 seconds
[2026-07-31T10:57:31.469+0000] {processor.py:161} INFO - Started process (PID=476) to work on /home/airflow/.local/lib/python3.12/site-packages/airflow/example_dags/example_task_group.py
[2026-07-31T10:57:31.472+0000] {processor.py:830} INFO - Processing file /home/airflow/.local/lib/python3.12/site-packages/airflow/example_dags/example_task_group.py for tasks to queue
[2026-07-31T10:57:31.477+0000] {logging_mixin.py:188} INFO - [2026-07-31T10:57:31.476+0000] {dagbag.py:545} INFO - Filling up the DagBag from /home/airflow/.local/lib/python3.12/site-packages/airflow/example_dags/example_task_group.py
[2026-07-31T10:57:31.498+0000] {processor.py:840} INFO - DAG(s) 'example_task_group' retrieved from /home/airflow/.local/lib/python3.12/site-packages/airflow/example_dags/example_task_group.py
[2026-07-31T10:57:31.565+0000] {logging_mixin.py:188} INFO - [2026-07-31T10:57:31.560+0000] {dag.py:3089} INFO - Sync 1 DAGs
[2026-07-31T10:57:31.636+0000] {logging_mixin.py:188} INFO - [2026-07-31T10:57:31.635+0000] {dag.py:3947} INFO - Setting next_dagrun for example_task_group to 2026-07-30 00:00:00+00:00, run_after=2026-07-31 00:00:00+00:00
[2026-07-31T10:57:31.704+0000] {processor.py:183} INFO - Processing /home/airflow/.local/lib/python3.12/site-packages/airflow/example_dags/example_task_group.py took 0.248 seconds
[2026-07-31T10:58:01.886+0000] {processor.py:161} INFO - Started process (PID=532) to work on /home/airflow/.local/lib/python3.12/site-packages/airflow/example_dags/example_task_group.py
[2026-07-31T10:58:01.888+0000] {processor.py:830} INFO - Processing file /home/airflow/.local/lib/python3.12/site-packages/airflow/example_dags/example_task_group.py for tasks to queue
[2026-07-31T10:58:01.893+0000] {logging_mixin.py:188} INFO - [2026-07-31T10:58:01.892+0000] {dagbag.py:545} INFO - Filling up the DagBag from /home/airflow/.local/lib/python3.12/site-packages/airflow/example_dags/example_task_group.py
[2026-07-31T10:58:01.907+0000] {processor.py:840} INFO - DAG(s) 'example_task_group' retrieved from /home/airflow/.local/lib/python3.12/site-packages/airflow/example_dags/example_task_group.py
[2026-07-31T10:58:01.956+0000] {logging_mixin.py:188} INFO - [2026-07-31T10:58:01.955+0000] {dag.py:3089} INFO - Sync 1 DAGs
[2026-07-31T10:58:02.001+0000] {logging_mixin.py:188} INFO - [2026-07-31T10:58:02.000+0000] {dag.py:3947} INFO - Setting next_dagrun for example_task_group to 2026-07-30 00:00:00+00:00, run_after=2026-07-31 00:00:00+00:00
[2026-07-31T10:58:02.051+0000] {processor.py:183} INFO - Processing /home/airflow/.local/lib/python3.12/site-packages/airflow/example_dags/example_task_group.py took 0.178 seconds
[2026-07-31T10:58:32.228+0000] {processor.py:161} INFO - Started process (PID=590) to work on /home/airflow/.local/lib/python3.12/site-packages/airflow/example_dags/example_task_group.py
[2026-07-31T10:58:32.231+0000] {processor.py:830} INFO - Processing file /home/airflow/.local/lib/python3.12/site-packages/airflow/example_dags/example_task_group.py for tasks to queue
[2026-07-31T10:58:32.240+0000] {logging_mixin.py:188} INFO - [2026-07-31T10:58:32.239+0000] {dagbag.py:545} INFO - Filling up the DagBag from /home/airflow/.local/lib/python3.12/site-packages/airflow/example_dags/example_task_group.py
[2026-07-31T10:58:32.256+0000] {processor.py:840} INFO - DAG(s) 'example_task_group' retrieved from /home/airflow/.local/lib/python3.12/site-packages/airflow/example_dags/example_task_group.py
[2026-07-31T10:58:32.295+0000] {logging_mixin.py:188} INFO - [2026-07-31T10:58:32.295+0000] {dag.py:3089} INFO - Sync 1 DAGs
[2026-07-31T10:58:32.338+0000] {logging_mixin.py:188} INFO - [2026-07-31T10:58:32.337+0000] {dag.py:3947} INFO - Setting next_dagrun for example_task_group to 2026-07-30 00:00:00+00:00, run_after=2026-07-31 00:00:00+00:00
[2026-07-31T10:58:32.381+0000] {processor.py:183} INFO - Processing /home/airflow/.local/lib/python3.12/site-packages/airflow/example_dags/example_task_group.py took 0.166 seconds
[2026-07-31T10:59:02.701+0000] {processor.py:161} INFO - Started process (PID=647) to work on /home/airflow/.local/lib/python3.12/site-packages/airflow/example_dags/example_task_group.py
[2026-07-31T10:59:02.703+0000] {processor.py:830} INFO - Processing file /home/airflow/.local/lib/python3.12/site-packages/airflow/example_dags/example_task_group.py for tasks to queue
[2026-07-31T10:59:02.707+0000] {logging_mixin.py:188} INFO - [2026-07-31T10:59:02.706+0000] {dagbag.py:545} INFO - Filling up the DagBag from /home/airflow/.local/lib/python3.12/site-packages/airflow/example_dags/example_task_group.py
[2026-07-31T10:59:02.725+0000] {processor.py:840} INFO - DAG(s) 'example_task_group' retrieved from /home/airflow/.local/lib/python3.12/site-packages/airflow/example_dags/example_task_group.py
[2026-07-31T10:59:02.793+0000] {logging_mixin.py:188} INFO - [2026-07-31T10:59:02.792+0000] {dag.py:3089} INFO - Sync 1 DAGs
[2026-07-31T10:59:02.871+0000] {logging_mixin.py:188} INFO - [2026-07-31T10:59:02.871+0000] {dag.py:3947} INFO - Setting next_dagrun for example_task_group to 2026-07-30 00:00:00+00:00, run_after=2026-07-31 00:00:00+00:00
[2026-07-31T10:59:02.931+0000] {processor.py:183} INFO - Processing /home/airflow/.local/lib/python3.12/site-packages/airflow/example_dags/example_task_group.py took 0.241 seconds
[2026-07-31T10:59:33.203+0000] {processor.py:161} INFO - Started process (PID=705) to work on /home/airflow/.local/lib/python3.12/site-packages/airflow/example_dags/example_task_group.py
[2026-07-31T10:59:33.205+0000] {processor.py:830} INFO - Processing file /home/airflow/.local/lib/python3.12/site-packages/airflow/example_dags/example_task_group.py for tasks to queue
[2026-07-31T10:59:33.211+0000] {logging_mixin.py:188} INFO - [2026-07-31T10:59:33.210+0000] {dagbag.py:545} INFO - Filling up the DagBag from /home/airflow/.local/lib/python3.12/site-packages/airflow/example_dags/example_task_group.py
[2026-07-31T10:59:33.229+0000] {processor.py:840} INFO - DAG(s) 'example_task_group' retrieved from /home/airflow/.local/lib/python3.12/site-packages/airflow/example_dags/example_task_group.py
[2026-07-31T10:59:33.269+0000] {logging_mixin.py:188} INFO - [2026-07-31T10:59:33.269+0000] {dag.py:3089} INFO - Sync 1 DAGs
[2026-07-31T10:59:33.319+0000] {logging_mixin.py:188} INFO - [2026-07-31T10:59:33.319+0000] {dag.py:3947} INFO - Setting next_dagrun for example_task_group to 2026-07-30 00:00:00+00:00, run_after=2026-07-31 00:00:00+00:00
[2026-07-31T10:59:33.356+0000] {processor.py:183} INFO - Processing /home/airflow/.local/lib/python3.12/site-packages/airflow/example_dags/example_task_group.py took 0.166 seconds
[2026-07-31T11:00:03.973+0000] {processor.py:161} INFO - Started process (PID=764) to work on /home/airflow/.local/lib/python3.12/site-packages/airflow/example_dags/example_task_group.py
[2026-07-31T11:00:03.975+0000] {processor.py:830} INFO - Processing file /home/airflow/.local/lib/python3.12/site-packages/airflow/example_dags/example_task_group.py for tasks to queue
[2026-07-31T11:00:03.983+0000] {logging_mixin.py:188} INFO - [2026-07-31T11:00:03.983+0000] {dagbag.py:545} INFO - Filling up the DagBag from /home/airflow/.local/lib/python3.12/site-packages/airflow/example_dags/example_task_group.py
[2026-07-31T11:00:03.997+0000] {processor.py:840} INFO - DAG(s) 'example_task_group' retrieved from /home/airflow/.local/lib/python3.12/site-packages/airflow/example_dags/example_task_group.py
[2026-07-31T11:00:04.035+0000] {logging_mixin.py:188} INFO - [2026-07-31T11:00:04.035+0000] {dag.py:3089} INFO - Sync 1 DAGs
[2026-07-31T11:00:04.084+0000] {logging_mixin.py:188} INFO - [2026-07-31T11:00:04.083+0000] {dag.py:3947} INFO - Setting next_dagrun for example_task_group to 2026-07-30 00:00:00+00:00, run_after=2026-07-31 00:00:00+00:00
[2026-07-31T11:00:04.125+0000] {processor.py:183} INFO - Processing /home/airflow/.local/lib/python3.12/site-packages/airflow/example_dags/example_task_group.py took 0.161 seconds
[2026-07-31T11:00:34.825+0000] {processor.py:161} INFO - Started process (PID=822) to work on /home/airflow/.local/lib/python3.12/site-packages/airflow/example_dags/example_task_group.py
[2026-07-31T11:00:34.828+0000] {processor.py:830} INFO - Processing file /home/airflow/.local/lib/python3.12/site-packages/airflow/example_dags/example_task_group.py for tasks to queue
[2026-07-31T11:00:34.835+0000] {logging_mixin.py:188} INFO - [2026-07-31T11:00:34.835+0000] {dagbag.py:545} INFO - Filling up the DagBag from /home/airflow/.local/lib/python3.12/site-packages/airflow/example_dags/example_task_group.py
[2026-07-31T11:00:34.872+0000] {processor.py:840} INFO - DAG(s) 'example_task_group' retrieved from /home/airflow/.local/lib/python3.12/site-packages/airflow/example_dags/example_task_group.py
[2026-07-31T11:00:34.936+0000] {logging_mixin.py:188} INFO - [2026-07-31T11:00:34.935+0000] {dag.py:3089} INFO - Sync 1 DAGs
[2026-07-31T11:00:35.009+0000] {logging_mixin.py:188} INFO - [2026-07-31T11:00:35.008+0000] {dag.py:3947} INFO - Setting next_dagrun for example_task_group to 2026-07-30 00:00:00+00:00, run_after=2026-07-31 00:00:00+00:00
[2026-07-31T11:00:35.080+0000] {processor.py:183} INFO - Processing /home/airflow/.local/lib/python3.12/site-packages/airflow/example_dags/example_task_group.py took 0.271 seconds
[2026-07-31T11:01:05.976+0000] {processor.py:161} INFO - Started process (PID=880) to work on /home/airflow/.local/lib/python3.12/site-packages/airflow/example_dags/example_task_group.py
[2026-07-31T11:01:05.977+0000] {processor.py:830} INFO - Processing file /home/airflow/.local/lib/python3.12/site-packages/airflow/example_dags/example_task_group.py for tasks to queue
[2026-07-31T11:01:05.979+0000] {logging_mixin.py:188} INFO - [2026-07-31T11:01:05.979+0000] {dagbag.py:545} INFO - Filling up the DagBag from /home/airflow/.local/lib/python3.12/site-packages/airflow/example_dags/example_task_group.py
[2026-07-31T11:01:05.988+0000] {processor.py:840} INFO - DAG(s) 'example_task_group' retrieved from /home/airflow/.local/lib/python3.12/site-packages/airflow/example_dags/example_task_group.py
[2026-07-31T11:01:06.018+0000] {logging_mixin.py:188} INFO - [2026-07-31T11:01:06.017+0000] {dag.py:3089} INFO - Sync 1 DAGs
[2026-07-31T11:01:06.057+0000] {logging_mixin.py:188} INFO - [2026-07-31T11:01:06.057+0000] {dag.py:3947} INFO - Setting next_dagrun for example_task_group to 2026-07-30 00:00:00+00:00, run_after=2026-07-31 00:00:00+00:00
[2026-07-31T11:01:06.104+0000] {processor.py:183} INFO - Processing /home/airflow/.local/lib/python3.12/site-packages/airflow/example_dags/example_task_group.py took 0.136 seconds
[2026-07-31T11:01:36.226+0000] {processor.py:161} INFO - Started process (PID=938) to work on /home/airflow/.local/lib/python3.12/site-packages/airflow/example_dags/example_task_group.py
[2026-07-31T11:01:36.228+0000] {processor.py:830} INFO - Processing file /home/airflow/.local/lib/python3.12/site-packages/airflow/example_dags/example_task_group.py for tasks to queue
[2026-07-31T11:01:36.234+0000] {logging_mixin.py:188} INFO - [2026-07-31T11:01:36.233+0000] {dagbag.py:545} INFO - Filling up the DagBag from /home/airflow/.local/lib/python3.12/site-packages/airflow/example_dags/example_task_group.py
[2026-07-31T11:01:36.271+0000] {processor.py:840} INFO - DAG(s) 'example_task_group' retrieved from /home/airflow/.local/lib/python3.12/site-packages/airflow/example_dags/example_task_group.py
[2026-07-31T11:01:36.358+0000] {logging_mixin.py:188} INFO - [2026-07-31T11:01:36.357+0000] {dag.py:3089} INFO - Sync 1 DAGs
[2026-07-31T11:01:36.452+0000] {logging_mixin.py:188} INFO - [2026-07-31T11:01:36.451+0000] {dag.py:3947} INFO - Setting next_dagrun for example_task_group to 2026-07-30 00:00:00+00:00, run_after=2026-07-31 00:00:00+00:00
[2026-07-31T11:01:36.533+0000] {processor.py:183} INFO - Processing /home/airflow/.local/lib/python3.12/site-packages/airflow/example_dags/example_task_group.py took 0.326 seconds
[2026-07-31T11:02:07.356+0000] {processor.py:161} INFO - Started process (PID=1002) to work on /home/airflow/.local/lib/python3.12/site-packages/airflow/example_dags/example_task_group.py
[2026-07-31T11:02:07.358+0000] {processor.py:830} INFO - Processing file /home/airflow/.local/lib/python3.12/site-packages/airflow/example_dags/example_task_group.py for tasks to queue
[2026-07-31T11:02:07.362+0000] {logging_mixin.py:188} INFO - [2026-07-31T11:02:07.361+0000] {dagbag.py:545} INFO - Filling up the DagBag from /home/airflow/.local/lib/python3.12/site-packages/airflow/example_dags/example_task_group.py
[2026-07-31T11:02:07.382+0000] {processor.py:840} INFO - DAG(s) 'example_task_group' retrieved from /home/airflow/.local/lib/python3.12/site-packages/airflow/example_dags/example_task_group.py
[2026-07-31T11:02:07.430+0000] {logging_mixin.py:188} INFO - [2026-07-31T11:02:07.429+0000] {dag.py:3089} INFO - Sync 1 DAGs
[2026-07-31T11:02:07.483+0000] {logging_mixin.py:188} INFO - [2026-07-31T11:02:07.483+0000] {dag.py:3947} INFO - Setting next_dagrun for example_task_group to 2026-07-30 00:00:00+00:00, run_after=2026-07-31 00:00:00+00:00
[2026-07-31T11:02:07.532+0000] {processor.py:183} INFO - Processing /home/airflow/.local/lib/python3.12/site-packages/airflow/example_dags/example_task_group.py took 0.188 seconds
[2026-07-31T11:02:47.537+0000] {processor.py:161} INFO - Started process (PID=1060) to work on /home/airflow/.local/lib/python3.12/site-packages/airflow/example_dags/example_task_group.py
[2026-07-31T11:02:47.541+0000] {processor.py:830} INFO - Processing file /home/airflow/.local/lib/python3.12/site-packages/airflow/example_dags/example_task_group.py for tasks to queue
[2026-07-31T11:02:47.553+0000] {logging_mixin.py:188} INFO - [2026-07-31T11:02:47.552+0000] {dagbag.py:545} INFO - Filling up the DagBag from /home/airflow/.local/lib/python3.12/site-packages/airflow/example_dags/example_task_group.py
[2026-07-31T11:02:47.596+0000] {processor.py:840} INFO - DAG(s) 'example_task_group' retrieved from /home/airflow/.local/lib/python3.12/site-packages/airflow/example_dags/example_task_group.py
[2026-07-31T11:02:47.745+0000] {logging_mixin.py:188} INFO - [2026-07-31T11:02:47.744+0000] {dag.py:3089} INFO - Sync 1 DAGs
[2026-07-31T11:02:47.873+0000] {logging_mixin.py:188} INFO - [2026-07-31T11:02:47.872+0000] {dag.py:3947} INFO - Setting next_dagrun for example_task_group to 2026-07-30 00:00:00+00:00, run_after=2026-07-31 00:00:00+00:00
[2026-07-31T11:02:48.030+0000] {processor.py:183} INFO - Processing /home/airflow/.local/lib/python3.12/site-packages/airflow/example_dags/example_task_group.py took 0.517 seconds
[2026-07-31T11:03:18.829+0000] {processor.py:161} INFO - Started process (PID=1117) to work on /home/airflow/.local/lib/python3.12/site-packages/airflow/example_dags/example_task_group.py
[2026-07-31T11:03:18.833+0000] {processor.py:830} INFO - Processing file /home/airflow/.local/lib/python3.12/site-packages/airflow/example_dags/example_task_group.py for tasks to queue
[2026-07-31T11:03:18.840+0000] {logging_mixin.py:188} INFO - [2026-07-31T11:03:18.838+0000] {dagbag.py:545} INFO - Filling up the DagBag from /home/airflow/.local/lib/python3.12/site-packages/airflow/example_dags/example_task_group.py
[2026-07-31T11:03:18.873+0000] {processor.py:840} INFO - DAG(s) 'example_task_group' retrieved from /home/airflow/.local/lib/python3.12/site-packages/airflow/example_dags/example_task_group.py
[2026-07-31T11:03:18.980+0000] {logging_mixin.py:188} INFO - [2026-07-31T11:03:18.979+0000] {dag.py:3089} INFO - Sync 1 DAGs
[2026-07-31T11:03:19.069+0000] {logging_mixin.py:188} INFO - [2026-07-31T11:03:19.068+0000] {dag.py:3947} INFO - Setting next_dagrun for example_task_group to 2026-07-30 00:00:00+00:00, run_after=2026-07-31 00:00:00+00:00
[2026-07-31T11:03:19.149+0000] {processor.py:183} INFO - Processing /home/airflow/.local/lib/python3.12/site-packages/airflow/example_dags/example_task_group.py took 0.341 seconds
[2026-07-31T11:03:49.503+0000] {processor.py:161} INFO - Started process (PID=1175) to work on /home/airflow/.local/lib/python3.12/site-packages/airflow/example_dags/example_task_group.py
[2026-07-31T11:03:49.512+0000] {processor.py:830} INFO - Processing file /home/airflow/.local/lib/python3.12/site-packages/airflow/example_dags/example_task_group.py for tasks to queue
[2026-07-31T11:03:49.521+0000] {logging_mixin.py:188} INFO - [2026-07-31T11:03:49.520+0000] {dagbag.py:545} INFO - Filling up the DagBag from /home/airflow/.local/lib/python3.12/site-packages/airflow/example_dags/example_task_group.py
[2026-07-31T11:03:49.555+0000] {processor.py:840} INFO - DAG(s) 'example_task_group' retrieved from /home/airflow/.local/lib/python3.12/site-packages/airflow/example_dags/example_task_group.py
[2026-07-31T11:03:49.644+0000] {logging_mixin.py:188} INFO - [2026-07-31T11:03:49.642+0000] {dag.py:3089} INFO - Sync 1 DAGs
[2026-07-31T11:03:49.743+0000] {logging_mixin.py:188} INFO - [2026-07-31T11:03:49.743+0000] {dag.py:3947} INFO - Setting next_dagrun for example_task_group to 2026-07-30 00:00:00+00:00, run_after=2026-07-31 00:00:00+00:00
[2026-07-31T11:03:49.814+0000] {processor.py:183} INFO - Processing /home/airflow/.local/lib/python3.12/site-packages/airflow/example_dags/example_task_group.py took 0.331 seconds
[2026-07-31T11:04:23.267+0000] {processor.py:161} INFO - Started process (PID=1230) to work on /home/airflow/.local/lib/python3.12/site-packages/airflow/example_dags/example_task_group.py
[2026-07-31T11:04:23.273+0000] {processor.py:830} INFO - Processing file /home/airflow/.local/lib/python3.12/site-packages/airflow/example_dags/example_task_group.py for tasks to queue
[2026-07-31T11:04:23.283+0000] {logging_mixin.py:188} INFO - [2026-07-31T11:04:23.282+0000] {dagbag.py:545} INFO - Filling up the DagBag from /home/airflow/.local/lib/python3.12/site-packages/airflow/example_dags/example_task_group.py
[2026-07-31T11:04:23.326+0000] {processor.py:840} INFO - DAG(s) 'example_task_group' retrieved from /home/airflow/.local/lib/python3.12/site-packages/airflow/example_dags/example_task_group.py
[2026-07-31T11:04:23.442+0000] {logging_mixin.py:188} INFO - [2026-07-31T11:04:23.441+0000] {dag.py:3089} INFO - Sync 1 DAGs
[2026-07-31T11:04:23.622+0000] {logging_mixin.py:188} INFO - [2026-07-31T11:04:23.622+0000] {dag.py:3947} INFO - Setting next_dagrun for example_task_group to 2026-07-30 00:00:00+00:00, run_after=2026-07-31 00:00:00+00:00
[2026-07-31T11:04:23.698+0000] {processor.py:183} INFO - Processing /home/airflow/.local/lib/python3.12/site-packages/airflow/example_dags/example_task_group.py took 0.460 seconds
[2026-07-31T11:05:30.793+0000] {processor.py:161} INFO - Started process (PID=1294) to work on /home/airflow/.local/lib/python3.12/site-packages/airflow/example_dags/example_task_group.py
[2026-07-31T11:05:30.818+0000] {processor.py:830} INFO - Processing file /home/airflow/.local/lib/python3.12/site-packages/airflow/example_dags/example_task_group.py for tasks to queue
[2026-07-31T11:05:30.865+0000] {logging_mixin.py:188} INFO - [2026-07-31T11:05:30.861+0000] {dagbag.py:545} INFO - Filling up the DagBag from /home/airflow/.local/lib/python3.12/site-packages/airflow/example_dags/example_task_group.py
[2026-07-31T11:05:31.041+0000] {processor.py:840} INFO - DAG(s) 'example_task_group' retrieved from /home/airflow/.local/lib/python3.12/site-packages/airflow/example_dags/example_task_group.py
[2026-07-31T11:05:31.407+0000] {logging_mixin.py:188} INFO - [2026-07-31T11:05:31.406+0000] {dag.py:3089} INFO - Sync 1 DAGs
[2026-07-31T11:05:31.580+0000] {logging_mixin.py:188} INFO - [2026-07-31T11:05:31.579+0000] {dag.py:3947} INFO - Setting next_dagrun for example_task_group to 2026-07-30 00:00:00+00:00, run_after=2026-07-31 00:00:00+00:00
[2026-07-31T11:05:31.759+0000] {processor.py:183} INFO - Processing /home/airflow/.local/lib/python3.12/site-packages/airflow/example_dags/example_task_group.py took 1.118 seconds
[2026-07-31T11:06:18.233+0000] {processor.py:161} INFO - Started process (PID=1367) to work on /home/airflow/.local/lib/python3.12/site-packages/airflow/example_dags/example_task_group.py
[2026-07-31T11:06:18.242+0000] {processor.py:830} INFO - Processing file /home/airflow/.local/lib/python3.12/site-packages/airflow/example_dags/example_task_group.py for tasks to queue
[2026-07-31T11:06:18.257+0000] {logging_mixin.py:188} INFO - [2026-07-31T11:06:18.255+0000] {dagbag.py:545} INFO - Filling up the DagBag from /home/airflow/.local/lib/python3.12/site-packages/airflow/example_dags/example_task_group.py
[2026-07-31T11:06:18.320+0000] {processor.py:840} INFO - DAG(s) 'example_task_group' retrieved from /home/airflow/.local/lib/python3.12/site-packages/airflow/example_dags/example_task_group.py
[2026-07-31T11:06:18.431+0000] {logging_mixin.py:188} INFO - [2026-07-31T11:06:18.430+0000] {dag.py:3089} INFO - Sync 1 DAGs
[2026-07-31T11:06:18.549+0000] {logging_mixin.py:188} INFO - [2026-07-31T11:06:18.549+0000] {dag.py:3947} INFO - Setting next_dagrun for example_task_group to 2026-07-30 00:00:00+00:00, run_after=2026-07-31 00:00:00+00:00
[2026-07-31T11:06:18.698+0000] {processor.py:183} INFO - Processing /home/airflow/.local/lib/python3.12/site-packages/airflow/example_dags/example_task_group.py took 0.504 seconds
[2026-07-31T11:06:52.214+0000] {processor.py:161} INFO - Started process (PID=1432) to work on /home/airflow/.local/lib/python3.12/site-packages/airflow/example_dags/example_task_group.py
[2026-07-31T11:06:52.221+0000] {processor.py:830} INFO - Processing file /home/airflow/.local/lib/python3.12/site-packages/airflow/example_dags/example_task_group.py for tasks to queue
[2026-07-31T11:06:52.249+0000] {logging_mixin.py:188} INFO - [2026-07-31T11:06:52.247+0000] {dagbag.py:545} INFO - Filling up the DagBag from /home/airflow/.local/lib/python3.12/site-packages/airflow/example_dags/example_task_group.py
[2026-07-31T11:06:52.302+0000] {processor.py:840} INFO - DAG(s) 'example_task_group' retrieved from /home/airflow/.local/lib/python3.12/site-packages/airflow/example_dags/example_task_group.py
[2026-07-31T11:06:52.374+0000] {logging_mixin.py:188} INFO - [2026-07-31T11:06:52.374+0000] {dag.py:3089} INFO - Sync 1 DAGs
[2026-07-31T11:06:52.481+0000] {logging_mixin.py:188} INFO - [2026-07-31T11:06:52.480+0000] {dag.py:3947} INFO - Setting next_dagrun for example_task_group to 2026-07-30 00:00:00+00:00, run_after=2026-07-31 00:00:00+00:00
[2026-07-31T11:06:52.584+0000] {processor.py:183} INFO - Processing /home/airflow/.local/lib/python3.12/site-packages/airflow/example_dags/example_task_group.py took 0.407 seconds
[2026-07-31T11:07:58.258+0000] {processor.py:161} INFO - Started process (PID=1488) to work on /home/airflow/.local/lib/python3.12/site-packages/airflow/example_dags/example_task_group.py
[2026-07-31T11:07:58.304+0000] {processor.py:830} INFO - Processing file /home/airflow/.local/lib/python3.12/site-packages/airflow/example_dags/example_task_group.py for tasks to queue
[2026-07-31T11:07:58.356+0000] {logging_mixin.py:188} INFO - [2026-07-31T11:07:58.351+0000] {dagbag.py:545} INFO - Filling up the DagBag from /home/airflow/.local/lib/python3.12/site-packages/airflow/example_dags/example_task_group.py
[2026-07-31T11:07:58.597+0000] {processor.py:840} INFO - DAG(s) 'example_task_group' retrieved from /home/airflow/.local/lib/python3.12/site-packages/airflow/example_dags/example_task_group.py
[2026-07-31T11:07:58.877+0000] {logging_mixin.py:188} INFO - [2026-07-31T11:07:58.876+0000] {dag.py:3089} INFO - Sync 1 DAGs
[2026-07-31T11:07:59.242+0000] {logging_mixin.py:188} INFO - [2026-07-31T11:07:59.241+0000] {dag.py:3947} INFO - Setting next_dagrun for example_task_group to 2026-07-30 00:00:00+00:00, run_after=2026-07-31 00:00:00+00:00
[2026-07-31T11:07:59.437+0000] {processor.py:183} INFO - Processing /home/airflow/.local/lib/python3.12/site-packages/airflow/example_dags/example_task_group.py took 1.298 seconds
[2026-07-31T11:08:46.685+0000] {processor.py:161} INFO - Started process (PID=1557) to work on /home/airflow/.local/lib/python3.12/site-packages/airflow/example_dags/example_task_group.py
[2026-07-31T11:08:46.689+0000] {processor.py:830} INFO - Processing file /home/airflow/.local/lib/python3.12/site-packages/airflow/example_dags/example_task_group.py for tasks to queue
[2026-07-31T11:08:46.695+0000] {logging_mixin.py:188} INFO - [2026-07-31T11:08:46.694+0000] {dagbag.py:545} INFO - Filling up the DagBag from /home/airflow/.local/lib/python3.12/site-packages/airflow/example_dags/example_task_group.py
[2026-07-31T11:08:46.734+0000] {processor.py:840} INFO - DAG(s) 'example_task_group' retrieved from /home/airflow/.local/lib/python3.12/site-packages/airflow/example_dags/example_task_group.py
[2026-07-31T11:08:46.883+0000] {logging_mixin.py:188} INFO - [2026-07-31T11:08:46.881+0000] {dag.py:3089} INFO - Sync 1 DAGs
[2026-07-31T11:08:47.027+0000] {logging_mixin.py:188} INFO - [2026-07-31T11:08:47.026+0000] {dag.py:3947} INFO - Setting next_dagrun for example_task_group to 2026-07-30 00:00:00+00:00, run_after=2026-07-31 00:00:00+00:00
[2026-07-31T11:08:47.107+0000] {processor.py:183} INFO - Processing /home/airflow/.local/lib/python3.12/site-packages/airflow/example_dags/example_task_group.py took 0.445 seconds
[2026-07-31T11:09:44.066+0000] {processor.py:161} INFO - Started process (PID=1605) to work on /home/airflow/.local/lib/python3.12/site-packages/airflow/example_dags/example_task_group.py
[2026-07-31T11:09:44.069+0000] {processor.py:830} INFO - Processing file /home/airflow/.local/lib/python3.12/site-packages/airflow/example_dags/example_task_group.py for tasks to queue
[2026-07-31T11:09:44.075+0000] {logging_mixin.py:188} INFO - [2026-07-31T11:09:44.074+0000] {dagbag.py:545} INFO - Filling up the DagBag from /home/airflow/.local/lib/python3.12/site-packages/airflow/example_dags/example_task_group.py
[2026-07-31T11:09:44.105+0000] {processor.py:840} INFO - DAG(s) 'example_task_group' retrieved from /home/airflow/.local/lib/python3.12/site-packages/airflow/example_dags/example_task_group.py
[2026-07-31T11:09:44.207+0000] {logging_mixin.py:188} INFO - [2026-07-31T11:09:44.205+0000] {dag.py:3089} INFO - Sync 1 DAGs
[2026-07-31T11:09:45.297+0000] {logging_mixin.py:188} INFO - [2026-07-31T11:09:45.296+0000] {dag.py:3947} INFO - Setting next_dagrun for example_task_group to 2026-07-30 00:00:00+00:00, run_after=2026-07-31 00:00:00+00:00
[2026-07-31T11:09:45.411+0000] {processor.py:183} INFO - Processing /home/airflow/.local/lib/python3.12/site-packages/airflow/example_dags/example_task_group.py took 1.369 seconds
[2026-07-31T11:10:32.517+0000] {processor.py:161} INFO - Started process (PID=1666) to work on /home/airflow/.local/lib/python3.12/site-packages/airflow/example_dags/example_task_group.py
[2026-07-31T11:10:32.529+0000] {processor.py:830} INFO - Processing file /home/airflow/.local/lib/python3.12/site-packages/airflow/example_dags/example_task_group.py for tasks to queue
[2026-07-31T11:10:32.547+0000] {logging_mixin.py:188} INFO - [2026-07-31T11:10:32.546+0000] {dagbag.py:545} INFO - Filling up the DagBag from /home/airflow/.local/lib/python3.12/site-packages/airflow/example_dags/example_task_group.py
[2026-07-31T11:10:32.598+0000] {processor.py:840} INFO - DAG(s) 'example_task_group' retrieved from /home/airflow/.local/lib/python3.12/site-packages/airflow/example_dags/example_task_group.py
[2026-07-31T11:10:32.736+0000] {logging_mixin.py:188} INFO - [2026-07-31T11:10:32.734+0000] {dag.py:3089} INFO - Sync 1 DAGs
[2026-07-31T11:10:32.874+0000] {logging_mixin.py:188} INFO - [2026-07-31T11:10:32.874+0000] {dag.py:3947} INFO - Setting next_dagrun for example_task_group to 2026-07-30 00:00:00+00:00, run_after=2026-07-31 00:00:00+00:00
[2026-07-31T11:10:33.022+0000] {processor.py:183} INFO - Processing /home/airflow/.local/lib/python3.12/site-packages/airflow/example_dags/example_task_group.py took 0.541 seconds
[2026-07-31T11:11:30.477+0000] {processor.py:161} INFO - Started process (PID=1724) to work on /home/airflow/.local/lib/python3.12/site-packages/airflow/example_dags/example_task_group.py
[2026-07-31T11:11:30.484+0000] {processor.py:830} INFO - Processing file /home/airflow/.local/lib/python3.12/site-packages/airflow/example_dags/example_task_group.py for tasks to queue
[2026-07-31T11:11:30.542+0000] {logging_mixin.py:188} INFO - [2026-07-31T11:11:30.540+0000] {dagbag.py:545} INFO - Filling up the DagBag from /home/airflow/.local/lib/python3.12/site-packages/airflow/example_dags/example_task_group.py
[2026-07-31T11:11:30.644+0000] {processor.py:840} INFO - DAG(s) 'example_task_group' retrieved from /home/airflow/.local/lib/python3.12/site-packages/airflow/example_dags/example_task_group.py
[2026-07-31T11:11:30.823+0000] {logging_mixin.py:188} INFO - [2026-07-31T11:11:30.822+0000] {dag.py:3089} INFO - Sync 1 DAGs
[2026-07-31T11:11:30.991+0000] {logging_mixin.py:188} INFO - [2026-07-31T11:11:30.990+0000] {dag.py:3947} INFO - Setting next_dagrun for example_task_group to 2026-07-30 00:00:00+00:00, run_after=2026-07-31 00:00:00+00:00
[2026-07-31T11:11:31.176+0000] {processor.py:183} INFO - Processing /home/airflow/.local/lib/python3.12/site-packages/airflow/example_dags/example_task_group.py took 0.791 seconds
[2026-07-31T11:12:19.264+0000] {processor.py:161} INFO - Started process (PID=1785) to work on /home/airflow/.local/lib/python3.12/site-packages/airflow/example_dags/example_task_group.py
[2026-07-31T11:12:19.267+0000] {processor.py:830} INFO - Processing file /home/airflow/.local/lib/python3.12/site-packages/airflow/example_dags/example_task_group.py for tasks to queue
[2026-07-31T11:12:19.274+0000] {logging_mixin.py:188} INFO - [2026-07-31T11:12:19.273+0000] {dagbag.py:545} INFO - Filling up the DagBag from /home/airflow/.local/lib/python3.12/site-packages/airflow/example_dags/example_task_group.py
[2026-07-31T11:12:19.312+0000] {processor.py:840} INFO - DAG(s) 'example_task_group' retrieved from /home/airflow/.local/lib/python3.12/site-packages/airflow/example_dags/example_task_group.py
[2026-07-31T11:12:19.385+0000] {logging_mixin.py:188} INFO - [2026-07-31T11:12:19.384+0000] {dag.py:3089} INFO - Sync 1 DAGs
[2026-07-31T11:12:19.470+0000] {logging_mixin.py:188} INFO - [2026-07-31T11:12:19.469+0000] {dag.py:3947} INFO - Setting next_dagrun for example_task_group to 2026-07-30 00:00:00+00:00, run_after=2026-07-31 00:00:00+00:00
[2026-07-31T11:12:19.564+0000] {processor.py:183} INFO - Processing /home/airflow/.local/lib/python3.12/site-packages/airflow/example_dags/example_task_group.py took 0.326 seconds
[2026-07-31T11:13:00.809+0000] {processor.py:161} INFO - Started process (PID=1846) to work on /home/airflow/.local/lib/python3.12/site-packages/airflow/example_dags/example_task_group.py
[2026-07-31T11:13:00.814+0000] {processor.py:830} INFO - Processing file /home/airflow/.local/lib/python3.12/site-packages/airflow/example_dags/example_task_group.py for tasks to queue
[2026-07-31T11:13:00.833+0000] {logging_mixin.py:188} INFO - [2026-07-31T11:13:00.827+0000] {dagbag.py:545} INFO - Filling up the DagBag from /home/airflow/.local/lib/python3.12/site-packages/airflow/example_dags/example_task_group.py
[2026-07-31T11:13:00.894+0000] {processor.py:840} INFO - DAG(s) 'example_task_group' retrieved from /home/airflow/.local/lib/python3.12/site-packages/airflow/example_dags/example_task_group.py
[2026-07-31T11:13:01.122+0000] {logging_mixin.py:188} INFO - [2026-07-31T11:13:01.121+0000] {dag.py:3089} INFO - Sync 1 DAGs
[2026-07-31T11:13:01.406+0000] {logging_mixin.py:188} INFO - [2026-07-31T11:13:01.405+0000] {dag.py:3947} INFO - Setting next_dagrun for example_task_group to 2026-07-30 00:00:00+00:00, run_after=2026-07-31 00:00:00+00:00
[2026-07-31T11:13:01.628+0000] {processor.py:183} INFO - Processing /home/airflow/.local/lib/python3.12/site-packages/airflow/example_dags/example_task_group.py took 0.859 seconds
[2026-07-31T11:13:34.817+0000] {processor.py:161} INFO - Started process (PID=1905) to work on /home/airflow/.local/lib/python3.12/site-packages/airflow/example_dags/example_task_group.py
[2026-07-31T11:13:34.827+0000] {processor.py:830} INFO - Processing file /home/airflow/.local/lib/python3.12/site-packages/airflow/example_dags/example_task_group.py for tasks to queue
[2026-07-31T11:13:34.845+0000] {logging_mixin.py:188} INFO - [2026-07-31T11:13:34.843+0000] {dagbag.py:545} INFO - Filling up the DagBag from /home/airflow/.local/lib/python3.12/site-packages/airflow/example_dags/example_task_group.py
[2026-07-31T11:13:34.902+0000] {processor.py:840} INFO - DAG(s) 'example_task_group' retrieved from /home/airflow/.local/lib/python3.12/site-packages/airflow/example_dags/example_task_group.py
[2026-07-31T11:13:35.067+0000] {logging_mixin.py:188} INFO - [2026-07-31T11:13:35.065+0000] {dag.py:3089} INFO - Sync 1 DAGs
[2026-07-31T11:13:35.286+0000] {logging_mixin.py:188} INFO - [2026-07-31T11:13:35.285+0000] {dag.py:3947} INFO - Setting next_dagrun for example_task_group to 2026-07-30 00:00:00+00:00, run_after=2026-07-31 00:00:00+00:00
[2026-07-31T11:13:35.475+0000] {processor.py:183} INFO - Processing /home/airflow/.local/lib/python3.12/site-packages/airflow/example_dags/example_task_group.py took 0.701 seconds
[2026-07-31T11:14:28.887+0000] {processor.py:161} INFO - Started process (PID=1977) to work on /home/airflow/.local/lib/python3.12/site-packages/airflow/example_dags/example_task_group.py
[2026-07-31T11:14:28.891+0000] {processor.py:830} INFO - Processing file /home/airflow/.local/lib/python3.12/site-packages/airflow/example_dags/example_task_group.py for tasks to queue
[2026-07-31T11:14:28.901+0000] {logging_mixin.py:188} INFO - [2026-07-31T11:14:28.899+0000] {dagbag.py:545} INFO - Filling up the DagBag from /home/airflow/.local/lib/python3.12/site-packages/airflow/example_dags/example_task_group.py
[2026-07-31T11:14:28.988+0000] {processor.py:840} INFO - DAG(s) 'example_task_group' retrieved from /home/airflow/.local/lib/python3.12/site-packages/airflow/example_dags/example_task_group.py
[2026-07-31T11:14:29.257+0000] {logging_mixin.py:188} INFO - [2026-07-31T11:14:29.256+0000] {dag.py:3089} INFO - Sync 1 DAGs
[2026-07-31T11:14:29.555+0000] {logging_mixin.py:188} INFO - [2026-07-31T11:14:29.554+0000] {dag.py:3947} INFO - Setting next_dagrun for example_task_group to 2026-07-30 00:00:00+00:00, run_after=2026-07-31 00:00:00+00:00
[2026-07-31T11:14:29.639+0000] {processor.py:183} INFO - Processing /home/airflow/.local/lib/python3.12/site-packages/airflow/example_dags/example_task_group.py took 0.772 seconds
[2026-07-31T11:14:59.910+0000] {processor.py:161} INFO - Started process (PID=2036) to work on /home/airflow/.local/lib/python3.12/site-packages/airflow/example_dags/example_task_group.py
[2026-07-31T11:14:59.913+0000] {processor.py:830} INFO - Processing file /home/airflow/.local/lib/python3.12/site-packages/airflow/example_dags/example_task_group.py for tasks to queue
[2026-07-31T11:14:59.928+0000] {logging_mixin.py:188} INFO - [2026-07-31T11:14:59.927+0000] {dagbag.py:545} INFO - Filling up the DagBag from /home/airflow/.local/lib/python3.12/site-packages/airflow/example_dags/example_task_group.py
[2026-07-31T11:14:59.986+0000] {processor.py:840} INFO - DAG(s) 'example_task_group' retrieved from /home/airflow/.local/lib/python3.12/site-packages/airflow/example_dags/example_task_group.py
[2026-07-31T11:15:00.196+0000] {logging_mixin.py:188} INFO - [2026-07-31T11:15:00.195+0000] {dag.py:3089} INFO - Sync 1 DAGs
[2026-07-31T11:15:00.408+0000] {logging_mixin.py:188} INFO - [2026-07-31T11:15:00.407+0000] {dag.py:3947} INFO - Setting next_dagrun for example_task_group to 2026-07-30 00:00:00+00:00, run_after=2026-07-31 00:00:00+00:00
[2026-07-31T11:15:00.563+0000] {processor.py:183} INFO - Processing /home/airflow/.local/lib/python3.12/site-packages/airflow/example_dags/example_task_group.py took 0.679 seconds
[2026-07-31T11:15:30.739+0000] {processor.py:161} INFO - Started process (PID=2093) to work on /home/airflow/.local/lib/python3.12/site-packages/airflow/example_dags/example_task_group.py
[2026-07-31T11:15:30.743+0000] {processor.py:830} INFO - Processing file /home/airflow/.local/lib/python3.12/site-packages/airflow/example_dags/example_task_group.py for tasks to queue
[2026-07-31T11:15:30.751+0000] {logging_mixin.py:188} INFO - [2026-07-31T11:15:30.750+0000] {dagbag.py:545} INFO - Filling up the DagBag from /home/airflow/.local/lib/python3.12/site-packages/airflow/example_dags/example_task_group.py
[2026-07-31T11:15:30.778+0000] {processor.py:840} INFO - DAG(s) 'example_task_group' retrieved from /home/airflow/.local/lib/python3.12/site-packages/airflow/example_dags/example_task_group.py
[2026-07-31T11:15:30.855+0000] {logging_mixin.py:188} INFO - [2026-07-31T11:15:30.854+0000] {dag.py:3089} INFO - Sync 1 DAGs
[2026-07-31T11:15:30.957+0000] {logging_mixin.py:188} INFO - [2026-07-31T11:15:30.956+0000] {dag.py:3947} INFO - Setting next_dagrun for example_task_group to 2026-07-30 00:00:00+00:00, run_after=2026-07-31 00:00:00+00:00
[2026-07-31T11:15:31.058+0000] {processor.py:183} INFO - Processing /home/airflow/.local/lib/python3.12/site-packages/airflow/example_dags/example_task_group.py took 0.345 seconds
[2026-07-31T11:16:01.185+0000] {processor.py:161} INFO - Started process (PID=2152) to work on /home/airflow/.local/lib/python3.12/site-packages/airflow/example_dags/example_task_group.py
[2026-07-31T11:16:01.187+0000] {processor.py:830} INFO - Processing file /home/airflow/.local/lib/python3.12/site-packages/airflow/example_dags/example_task_group.py for tasks to queue
[2026-07-31T11:16:01.193+0000] {logging_mixin.py:188} INFO - [2026-07-31T11:16:01.192+0000] {dagbag.py:545} INFO - Filling up the DagBag from /home/airflow/.local/lib/python3.12/site-packages/airflow/example_dags/example_task_group.py
[2026-07-31T11:16:01.214+0000] {processor.py:840} INFO - DAG(s) 'example_task_group' retrieved from /home/airflow/.local/lib/python3.12/site-packages/airflow/example_dags/example_task_group.py
[2026-07-31T11:16:01.268+0000] {logging_mixin.py:188} INFO - [2026-07-31T11:16:01.266+0000] {dag.py:3089} INFO - Sync 1 DAGs
[2026-07-31T11:16:01.344+0000] {logging_mixin.py:188} INFO - [2026-07-31T11:16:01.343+0000] {dag.py:3947} INFO - Setting next_dagrun for example_task_group to 2026-07-30 00:00:00+00:00, run_after=2026-07-31 00:00:00+00:00
[2026-07-31T11:16:01.403+0000] {processor.py:183} INFO - Processing /home/airflow/.local/lib/python3.12/site-packages/airflow/example_dags/example_task_group.py took 0.236 seconds
[2026-07-31T11:16:31.703+0000] {processor.py:161} INFO - Started process (PID=2210) to work on /home/airflow/.local/lib/python3.12/site-packages/airflow/example_dags/example_task_group.py
[2026-07-31T11:16:31.706+0000] {processor.py:830} INFO - Processing file /home/airflow/.local/lib/python3.12/site-packages/airflow/example_dags/example_task_group.py for tasks to queue
[2026-07-31T11:16:31.711+0000] {logging_mixin.py:188} INFO - [2026-07-31T11:16:31.710+0000] {dagbag.py:545} INFO - Filling up the DagBag from /home/airflow/.local/lib/python3.12/site-packages/airflow/example_dags/example_task_group.py
[2026-07-31T11:16:31.731+0000] {processor.py:840} INFO - DAG(s) 'example_task_group' retrieved from /home/airflow/.local/lib/python3.12/site-packages/airflow/example_dags/example_task_group.py
[2026-07-31T11:16:31.788+0000] {logging_mixin.py:188} INFO - [2026-07-31T11:16:31.787+0000] {dag.py:3089} INFO - Sync 1 DAGs
[2026-07-31T11:16:31.871+0000] {logging_mixin.py:188} INFO - [2026-07-31T11:16:31.870+0000] {dag.py:3947} INFO - Setting next_dagrun for example_task_group to 2026-07-30 00:00:00+00:00, run_after=2026-07-31 00:00:00+00:00
[2026-07-31T11:16:31.942+0000] {processor.py:183} INFO - Processing /home/airflow/.local/lib/python3.12/site-packages/airflow/example_dags/example_task_group.py took 0.254 seconds
[2026-07-31T11:17:02.560+0000] {processor.py:161} INFO - Started process (PID=2270) to work on /home/airflow/.local/lib/python3.12/site-packages/airflow/example_dags/example_task_group.py
[2026-07-31T11:17:02.564+0000] {processor.py:830} INFO - Processing file /home/airflow/.local/lib/python3.12/site-packages/airflow/example_dags/example_task_group.py for tasks to queue
[2026-07-31T11:17:02.572+0000] {logging_mixin.py:188} INFO - [2026-07-31T11:17:02.569+0000] {dagbag.py:545} INFO - Filling up the DagBag from /home/airflow/.local/lib/python3.12/site-packages/airflow/example_dags/example_task_group.py
[2026-07-31T11:17:02.596+0000] {processor.py:840} INFO - DAG(s) 'example_task_group' retrieved from /home/airflow/.local/lib/python3.12/site-packages/airflow/example_dags/example_task_group.py
[2026-07-31T11:17:02.645+0000] {logging_mixin.py:188} INFO - [2026-07-31T11:17:02.645+0000] {dag.py:3089} INFO - Sync 1 DAGs
[2026-07-31T11:17:02.692+0000] {logging_mixin.py:188} INFO - [2026-07-31T11:17:02.692+0000] {dag.py:3947} INFO - Setting next_dagrun for example_task_group to 2026-07-30 00:00:00+00:00, run_after=2026-07-31 00:00:00+00:00
[2026-07-31T11:17:02.734+0000] {processor.py:183} INFO - Processing /home/airflow/.local/lib/python3.12/site-packages/airflow/example_dags/example_task_group.py took 0.201 seconds
[2026-07-31T11:17:34.239+0000] {processor.py:161} INFO - Started process (PID=2328) to work on /home/airflow/.local/lib/python3.12/site-packages/airflow/example_dags/example_task_group.py
[2026-07-31T11:17:34.251+0000] {processor.py:830} INFO - Processing file /home/airflow/.local/lib/python3.12/site-packages/airflow/example_dags/example_task_group.py for tasks to queue
[2026-07-31T11:17:34.262+0000] {logging_mixin.py:188} INFO - [2026-07-31T11:17:34.260+0000] {dagbag.py:545} INFO - Filling up the DagBag from /home/airflow/.local/lib/python3.12/site-packages/airflow/example_dags/example_task_group.py
[2026-07-31T11:17:34.315+0000] {processor.py:840} INFO - DAG(s) 'example_task_group' retrieved from /home/airflow/.local/lib/python3.12/site-packages/airflow/example_dags/example_task_group.py
[2026-07-31T11:17:34.447+0000] {logging_mixin.py:188} INFO - [2026-07-31T11:17:34.446+0000] {dag.py:3089} INFO - Sync 1 DAGs
[2026-07-31T11:17:34.591+0000] {logging_mixin.py:188} INFO - [2026-07-31T11:17:34.591+0000] {dag.py:3947} INFO - Setting next_dagrun for example_task_group to 2026-07-30 00:00:00+00:00, run_after=2026-07-31 00:00:00+00:00
[2026-07-31T11:17:34.722+0000] {processor.py:183} INFO - Processing /home/airflow/.local/lib/python3.12/site-packages/airflow/example_dags/example_task_group.py took 0.534 seconds
[2026-07-31T11:18:13.323+0000] {processor.py:161} INFO - Started process (PID=2383) to work on /home/airflow/.local/lib/python3.12/site-packages/airflow/example_dags/example_task_group.py
[2026-07-31T11:18:13.326+0000] {processor.py:830} INFO - Processing file /home/airflow/.local/lib/python3.12/site-packages/airflow/example_dags/example_task_group.py for tasks to queue
[2026-07-31T11:18:13.333+0000] {logging_mixin.py:188} INFO - [2026-07-31T11:18:13.332+0000] {dagbag.py:545} INFO - Filling up the DagBag from /home/airflow/.local/lib/python3.12/site-packages/airflow/example_dags/example_task_group.py
[2026-07-31T11:18:13.366+0000] {processor.py:840} INFO - DAG(s) 'example_task_group' retrieved from /home/airflow/.local/lib/python3.12/site-packages/airflow/example_dags/example_task_group.py
[2026-07-31T11:18:13.478+0000] {logging_mixin.py:188} INFO - [2026-07-31T11:18:13.477+0000] {dag.py:3089} INFO - Sync 1 DAGs
[2026-07-31T11:18:13.585+0000] {logging_mixin.py:188} INFO - [2026-07-31T11:18:13.584+0000] {dag.py:3947} INFO - Setting next_dagrun for example_task_group to 2026-07-30 00:00:00+00:00, run_after=2026-07-31 00:00:00+00:00
[2026-07-31T11:18:13.713+0000] {processor.py:183} INFO - Processing /home/airflow/.local/lib/python3.12/site-packages/airflow/example_dags/example_task_group.py took 0.457 seconds
[2026-07-31T11:18:44.776+0000] {processor.py:161} INFO - Started process (PID=2441) to work on /home/airflow/.local/lib/python3.12/site-packages/airflow/example_dags/example_task_group.py
[2026-07-31T11:18:44.793+0000] {processor.py:830} INFO - Processing file /home/airflow/.local/lib/python3.12/site-packages/airflow/example_dags/example_task_group.py for tasks to queue
[2026-07-31T11:18:44.814+0000] {logging_mixin.py:188} INFO - [2026-07-31T11:18:44.813+0000] {dagbag.py:545} INFO - Filling up the DagBag from /home/airflow/.local/lib/python3.12/site-packages/airflow/example_dags/example_task_group.py
[2026-07-31T11:18:44.860+0000] {processor.py:840} INFO - DAG(s) 'example_task_group' retrieved from /home/airflow/.local/lib/python3.12/site-packages/airflow/example_dags/example_task_group.py
[2026-07-31T11:18:44.935+0000] {logging_mixin.py:188} INFO - [2026-07-31T11:18:44.934+0000] {dag.py:3089} INFO - Sync 1 DAGs
[2026-07-31T11:18:45.092+0000] {logging_mixin.py:188} INFO - [2026-07-31T11:18:45.090+0000] {dag.py:3947} INFO - Setting next_dagrun for example_task_group to 2026-07-30 00:00:00+00:00, run_after=2026-07-31 00:00:00+00:00
[2026-07-31T11:18:45.250+0000] {processor.py:183} INFO - Processing /home/airflow/.local/lib/python3.12/site-packages/airflow/example_dags/example_task_group.py took 0.520 seconds
[2026-07-31T11:19:15.950+0000] {processor.py:161} INFO - Started process (PID=2500) to work on /home/airflow/.local/lib/python3.12/site-packages/airflow/example_dags/example_task_group.py
[2026-07-31T11:19:15.959+0000] {processor.py:830} INFO - Processing file /home/airflow/.local/lib/python3.12/site-packages/airflow/example_dags/example_task_group.py for tasks to queue
[2026-07-31T11:19:15.965+0000] {logging_mixin.py:188} INFO - [2026-07-31T11:19:15.963+0000] {dagbag.py:545} INFO - Filling up the DagBag from /home/airflow/.local/lib/python3.12/site-packages/airflow/example_dags/example_task_group.py
[2026-07-31T11:19:15.995+0000] {processor.py:840} INFO - DAG(s) 'example_task_group' retrieved from /home/airflow/.local/lib/python3.12/site-packages/airflow/example_dags/example_task_group.py
[2026-07-31T11:19:16.078+0000] {logging_mixin.py:188} INFO - [2026-07-31T11:19:16.077+0000] {dag.py:3089} INFO - Sync 1 DAGs
[2026-07-31T11:19:16.144+0000] {logging_mixin.py:188} INFO - [2026-07-31T11:19:16.144+0000] {dag.py:3947} INFO - Setting next_dagrun for example_task_group to 2026-07-30 00:00:00+00:00, run_after=2026-07-31 00:00:00+00:00
[2026-07-31T11:19:16.195+0000] {processor.py:183} INFO - Processing /home/airflow/.local/lib/python3.12/site-packages/airflow/example_dags/example_task_group.py took 0.265 seconds
[2026-07-31T11:19:47.275+0000] {processor.py:161} INFO - Started process (PID=2558) to work on /home/airflow/.local/lib/python3.12/site-packages/airflow/example_dags/example_task_group.py
[2026-07-31T11:19:47.280+0000] {processor.py:830} INFO - Processing file /home/airflow/.local/lib/python3.12/site-packages/airflow/example_dags/example_task_group.py for tasks to queue
[2026-07-31T11:19:47.287+0000] {logging_mixin.py:188} INFO - [2026-07-31T11:19:47.286+0000] {dagbag.py:545} INFO - Filling up the DagBag from /home/airflow/.local/lib/python3.12/site-packages/airflow/example_dags/example_task_group.py
[2026-07-31T11:19:47.351+0000] {processor.py:840} INFO - DAG(s) 'example_task_group' retrieved from /home/airflow/.local/lib/python3.12/site-packages/airflow/example_dags/example_task_group.py
[2026-07-31T11:19:47.533+0000] {logging_mixin.py:188} INFO - [2026-07-31T11:19:47.532+0000] {dag.py:3089} INFO - Sync 1 DAGs
[2026-07-31T11:19:47.780+0000] {logging_mixin.py:188} INFO - [2026-07-31T11:19:47.779+0000] {dag.py:3947} INFO - Setting next_dagrun for example_task_group to 2026-07-30 00:00:00+00:00, run_after=2026-07-31 00:00:00+00:00
[2026-07-31T11:19:48.031+0000] {processor.py:183} INFO - Processing /home/airflow/.local/lib/python3.12/site-packages/airflow/example_dags/example_task_group.py took 0.797 seconds
[2026-07-31T11:20:40.308+0000] {processor.py:161} INFO - Started process (PID=2631) to work on /home/airflow/.local/lib/python3.12/site-packages/airflow/example_dags/example_task_group.py
[2026-07-31T11:20:40.331+0000] {processor.py:830} INFO - Processing file /home/airflow/.local/lib/python3.12/site-packages/airflow/example_dags/example_task_group.py for tasks to queue
[2026-07-31T11:20:40.364+0000] {logging_mixin.py:188} INFO - [2026-07-31T11:20:40.362+0000] {dagbag.py:545} INFO - Filling up the DagBag from /home/airflow/.local/lib/python3.12/site-packages/airflow/example_dags/example_task_group.py
[2026-07-31T11:20:40.403+0000] {processor.py:840} INFO - DAG(s) 'example_task_group' retrieved from /home/airflow/.local/lib/python3.12/site-packages/airflow/example_dags/example_task_group.py
[2026-07-31T11:20:40.576+0000] {logging_mixin.py:188} INFO - [2026-07-31T11:20:40.575+0000] {dag.py:3089} INFO - Sync 1 DAGs
[2026-07-31T11:20:40.745+0000] {logging_mixin.py:188} INFO - [2026-07-31T11:20:40.744+0000] {dag.py:3947} INFO - Setting next_dagrun for example_task_group to 2026-07-30 00:00:00+00:00, run_after=2026-07-31 00:00:00+00:00
[2026-07-31T11:20:40.855+0000] {processor.py:183} INFO - Processing /home/airflow/.local/lib/python3.12/site-packages/airflow/example_dags/example_task_group.py took 0.631 seconds
[2026-07-31T11:21:11.757+0000] {processor.py:161} INFO - Started process (PID=2689) to work on /home/airflow/.local/lib/python3.12/site-packages/airflow/example_dags/example_task_group.py
[2026-07-31T11:21:11.762+0000] {processor.py:830} INFO - Processing file /home/airflow/.local/lib/python3.12/site-packages/airflow/example_dags/example_task_group.py for tasks to queue
[2026-07-31T11:21:11.770+0000] {logging_mixin.py:188} INFO - [2026-07-31T11:21:11.767+0000] {dagbag.py:545} INFO - Filling up the DagBag from /home/airflow/.local/lib/python3.12/site-packages/airflow/example_dags/example_task_group.py
[2026-07-31T11:21:11.812+0000] {processor.py:840} INFO - DAG(s) 'example_task_group' retrieved from /home/airflow/.local/lib/python3.12/site-packages/airflow/example_dags/example_task_group.py
[2026-07-31T11:21:11.879+0000] {logging_mixin.py:188} INFO - [2026-07-31T11:21:11.878+0000] {dag.py:3089} INFO - Sync 1 DAGs
[2026-07-31T11:21:11.948+0000] {logging_mixin.py:188} INFO - [2026-07-31T11:21:11.947+0000] {dag.py:3947} INFO - Setting next_dagrun for example_task_group to 2026-07-30 00:00:00+00:00, run_after=2026-07-31 00:00:00+00:00
[2026-07-31T11:21:12.025+0000] {processor.py:183} INFO - Processing /home/airflow/.local/lib/python3.12/site-packages/airflow/example_dags/example_task_group.py took 0.290 seconds
[2026-07-31T11:21:42.334+0000] {processor.py:161} INFO - Started process (PID=2748) to work on /home/airflow/.local/lib/python3.12/site-packages/airflow/example_dags/example_task_group.py
[2026-07-31T11:21:42.338+0000] {processor.py:830} INFO - Processing file /home/airflow/.local/lib/python3.12/site-packages/airflow/example_dags/example_task_group.py for tasks to queue
[2026-07-31T11:21:42.349+0000] {logging_mixin.py:188} INFO - [2026-07-31T11:21:42.348+0000] {dagbag.py:545} INFO - Filling up the DagBag from /home/airflow/.local/lib/python3.12/site-packages/airflow/example_dags/example_task_group.py
[2026-07-31T11:21:42.375+0000] {processor.py:840} INFO - DAG(s) 'example_task_group' retrieved from /home/airflow/.local/lib/python3.12/site-packages/airflow/example_dags/example_task_group.py
[2026-07-31T11:21:42.473+0000] {logging_mixin.py:188} INFO - [2026-07-31T11:21:42.472+0000] {dag.py:3089} INFO - Sync 1 DAGs
[2026-07-31T11:21:42.614+0000] {logging_mixin.py:188} INFO - [2026-07-31T11:21:42.613+0000] {dag.py:3947} INFO - Setting next_dagrun for example_task_group to 2026-07-30 00:00:00+00:00, run_after=2026-07-31 00:00:00+00:00
[2026-07-31T11:21:42.730+0000] {processor.py:183} INFO - Processing /home/airflow/.local/lib/python3.12/site-packages/airflow/example_dags/example_task_group.py took 0.417 seconds
[2026-07-31T11:22:12.957+0000] {processor.py:161} INFO - Started process (PID=2805) to work on /home/airflow/.local/lib/python3.12/site-packages/airflow/example_dags/example_task_group.py
[2026-07-31T11:22:12.963+0000] {processor.py:830} INFO - Processing file /home/airflow/.local/lib/python3.12/site-packages/airflow/example_dags/example_task_group.py for tasks to queue
[2026-07-31T11:22:12.977+0000] {logging_mixin.py:188} INFO - [2026-07-31T11:22:12.976+0000] {dagbag.py:545} INFO - Filling up the DagBag from /home/airflow/.local/lib/python3.12/site-packages/airflow/example_dags/example_task_group.py
[2026-07-31T11:22:13.019+0000] {processor.py:840} INFO - DAG(s) 'example_task_group' retrieved from /home/airflow/.local/lib/python3.12/site-packages/airflow/example_dags/example_task_group.py
[2026-07-31T11:22:13.155+0000] {logging_mixin.py:188} INFO - [2026-07-31T11:22:13.154+0000] {dag.py:3089} INFO - Sync 1 DAGs
[2026-07-31T11:22:13.276+0000] {logging_mixin.py:188} INFO - [2026-07-31T11:22:13.276+0000] {dag.py:3947} INFO - Setting next_dagrun for example_task_group to 2026-07-30 00:00:00+00:00, run_after=2026-07-31 00:00:00+00:00
[2026-07-31T11:22:13.349+0000] {processor.py:183} INFO - Processing /home/airflow/.local/lib/python3.12/site-packages/airflow/example_dags/example_task_group.py took 0.420 seconds
[2026-07-31T11:22:45.957+0000] {processor.py:161} INFO - Started process (PID=2864) to work on /home/airflow/.local/lib/python3.12/site-packages/airflow/example_dags/example_task_group.py
[2026-07-31T11:22:45.962+0000] {processor.py:830} INFO - Processing file /home/airflow/.local/lib/python3.12/site-packages/airflow/example_dags/example_task_group.py for tasks to queue
[2026-07-31T11:22:45.979+0000] {logging_mixin.py:188} INFO - [2026-07-31T11:22:45.977+0000] {dagbag.py:545} INFO - Filling up the DagBag from /home/airflow/.local/lib/python3.12/site-packages/airflow/example_dags/example_task_group.py
[2026-07-31T11:22:46.067+0000] {processor.py:840} INFO - DAG(s) 'example_task_group' retrieved from /home/airflow/.local/lib/python3.12/site-packages/airflow/example_dags/example_task_group.py
[2026-07-31T11:22:46.776+0000] {logging_mixin.py:188} INFO - [2026-07-31T11:22:46.770+0000] {dag.py:3089} INFO - Sync 1 DAGs
[2026-07-31T11:22:47.442+0000] {logging_mixin.py:188} INFO - [2026-07-31T11:22:47.440+0000] {dag.py:3947} INFO - Setting next_dagrun for example_task_group to 2026-07-30 00:00:00+00:00, run_after=2026-07-31 00:00:00+00:00
[2026-07-31T11:22:47.667+0000] {processor.py:183} INFO - Processing /home/airflow/.local/lib/python3.12/site-packages/airflow/example_dags/example_task_group.py took 1.769 seconds
[2026-07-31T11:24:27.112+0000] {processor.py:161} INFO - Started process (PID=2922) to work on /home/airflow/.local/lib/python3.12/site-packages/airflow/example_dags/example_task_group.py
[2026-07-31T11:24:27.431+0000] {processor.py:830} INFO - Processing file /home/airflow/.local/lib/python3.12/site-packages/airflow/example_dags/example_task_group.py for tasks to queue
[2026-07-31T11:24:27.886+0000] {logging_mixin.py:188} INFO - [2026-07-31T11:24:27.785+0000] {dagbag.py:545} INFO - Filling up the DagBag from /home/airflow/.local/lib/python3.12/site-packages/airflow/example_dags/example_task_group.py
[2026-07-31T11:24:28.040+0000] {processor.py:840} INFO - DAG(s) 'example_task_group' retrieved from /home/airflow/.local/lib/python3.12/site-packages/airflow/example_dags/example_task_group.py
[2026-07-31T11:24:28.641+0000] {logging_mixin.py:188} INFO - [2026-07-31T11:24:28.639+0000] {dag.py:3089} INFO - Sync 1 DAGs
[2026-07-31T11:24:30.380+0000] {logging_mixin.py:188} INFO - [2026-07-31T11:24:30.375+0000] {dag.py:3947} INFO - Setting next_dagrun for example_task_group to 2026-07-30 00:00:00+00:00, run_after=2026-07-31 00:00:00+00:00
[2026-07-31T11:24:30.765+0000] {processor.py:183} INFO - Processing /home/airflow/.local/lib/python3.12/site-packages/airflow/example_dags/example_task_group.py took 3.978 seconds
[2026-07-31T11:25:23.932+0000] {processor.py:161} INFO - Started process (PID=2985) to work on /home/airflow/.local/lib/python3.12/site-packages/airflow/example_dags/example_task_group.py
[2026-07-31T11:25:23.942+0000] {processor.py:830} INFO - Processing file /home/airflow/.local/lib/python3.12/site-packages/airflow/example_dags/example_task_group.py for tasks to queue
[2026-07-31T11:25:23.995+0000] {logging_mixin.py:188} INFO - [2026-07-31T11:25:23.993+0000] {dagbag.py:545} INFO - Filling up the DagBag from /home/airflow/.local/lib/python3.12/site-packages/airflow/example_dags/example_task_group.py
[2026-07-31T11:25:24.147+0000] {processor.py:840} INFO - DAG(s) 'example_task_group' retrieved from /home/airflow/.local/lib/python3.12/site-packages/airflow/example_dags/example_task_group.py
[2026-07-31T11:25:24.545+0000] {logging_mixin.py:188} INFO - [2026-07-31T11:25:24.544+0000] {dag.py:3089} INFO - Sync 1 DAGs
[2026-07-31T11:25:24.885+0000] {logging_mixin.py:188} INFO - [2026-07-31T11:25:24.873+0000] {dag.py:3947} INFO - Setting next_dagrun for example_task_group to 2026-07-30 00:00:00+00:00, run_after=2026-07-31 00:00:00+00:00
[2026-07-31T11:25:25.172+0000] {processor.py:183} INFO - Processing /home/airflow/.local/lib/python3.12/site-packages/airflow/example_dags/example_task_group.py took 1.343 seconds
[2026-07-31T11:26:10.106+0000] {processor.py:161} INFO - Started process (PID=3031) to work on /home/airflow/.local/lib/python3.12/site-packages/airflow/example_dags/example_task_group.py
[2026-07-31T11:26:10.148+0000] {processor.py:830} INFO - Processing file /home/airflow/.local/lib/python3.12/site-packages/airflow/example_dags/example_task_group.py for tasks to queue
[2026-07-31T11:26:10.192+0000] {logging_mixin.py:188} INFO - [2026-07-31T11:26:10.190+0000] {dagbag.py:545} INFO - Filling up the DagBag from /home/airflow/.local/lib/python3.12/site-packages/airflow/example_dags/example_task_group.py
[2026-07-31T11:26:10.729+0000] {processor.py:840} INFO - DAG(s) 'example_task_group' retrieved from /home/airflow/.local/lib/python3.12/site-packages/airflow/example_dags/example_task_group.py
[2026-07-31T11:26:25.138+0000] {logging_mixin.py:188} INFO - [2026-07-31T11:26:23.334+0000] {dag.py:3089} INFO - Sync 1 DAGs
[2026-07-31T11:26:30.691+0000] {logging_mixin.py:188} INFO - [2026-07-31T11:26:30.618+0000] {dag.py:3947} INFO - Setting next_dagrun for example_task_group to 2026-07-30 00:00:00+00:00, run_after=2026-07-31 00:00:00+00:00
[2026-07-31T11:26:34.701+0000] {processor.py:183} INFO - Processing /home/airflow/.local/lib/python3.12/site-packages/airflow/example_dags/example_task_group.py took 24.697 seconds
[2026-07-31T11:27:07.175+0000] {processor.py:161} INFO - Started process (PID=3094) to work on /home/airflow/.local/lib/python3.12/site-packages/airflow/example_dags/example_task_group.py
[2026-07-31T11:27:07.180+0000] {processor.py:830} INFO - Processing file /home/airflow/.local/lib/python3.12/site-packages/airflow/example_dags/example_task_group.py for tasks to queue
[2026-07-31T11:27:07.196+0000] {logging_mixin.py:188} INFO - [2026-07-31T11:27:07.195+0000] {dagbag.py:545} INFO - Filling up the DagBag from /home/airflow/.local/lib/python3.12/site-packages/airflow/example_dags/example_task_group.py
[2026-07-31T11:27:07.245+0000] {processor.py:840} INFO - DAG(s) 'example_task_group' retrieved from /home/airflow/.local/lib/python3.12/site-packages/airflow/example_dags/example_task_group.py
[2026-07-31T11:27:07.352+0000] {logging_mixin.py:188} INFO - [2026-07-31T11:27:07.352+0000] {dag.py:3089} INFO - Sync 1 DAGs
[2026-07-31T11:27:07.442+0000] {logging_mixin.py:188} INFO - [2026-07-31T11:27:07.441+0000] {dag.py:3947} INFO - Setting next_dagrun for example_task_group to 2026-07-30 00:00:00+00:00, run_after=2026-07-31 00:00:00+00:00
[2026-07-31T11:27:07.525+0000] {processor.py:183} INFO - Processing /home/airflow/.local/lib/python3.12/site-packages/airflow/example_dags/example_task_group.py took 0.397 seconds
[2026-07-31T11:27:37.637+0000] {processor.py:161} INFO - Started process (PID=3151) to work on /home/airflow/.local/lib/python3.12/site-packages/airflow/example_dags/example_task_group.py
[2026-07-31T11:27:37.639+0000] {processor.py:830} INFO - Processing file /home/airflow/.local/lib/python3.12/site-packages/airflow/example_dags/example_task_group.py for tasks to queue
[2026-07-31T11:27:37.643+0000] {logging_mixin.py:188} INFO - [2026-07-31T11:27:37.643+0000] {dagbag.py:545} INFO - Filling up the DagBag from /home/airflow/.local/lib/python3.12/site-packages/airflow/example_dags/example_task_group.py
[2026-07-31T11:27:37.668+0000] {processor.py:840} INFO - DAG(s) 'example_task_group' retrieved from /home/airflow/.local/lib/python3.12/site-packages/airflow/example_dags/example_task_group.py
[2026-07-31T11:27:37.743+0000] {logging_mixin.py:188} INFO - [2026-07-31T11:27:37.742+0000] {dag.py:3089} INFO - Sync 1 DAGs
[2026-07-31T11:27:37.846+0000] {logging_mixin.py:188} INFO - [2026-07-31T11:27:37.845+0000] {dag.py:3947} INFO - Setting next_dagrun for example_task_group to 2026-07-30 00:00:00+00:00, run_after=2026-07-31 00:00:00+00:00
[2026-07-31T11:27:37.922+0000] {processor.py:183} INFO - Processing /home/airflow/.local/lib/python3.12/site-packages/airflow/example_dags/example_task_group.py took 0.304 seconds
[2026-07-31T11:28:08.282+0000] {processor.py:161} INFO - Started process (PID=3209) to work on /home/airflow/.local/lib/python3.12/site-packages/airflow/example_dags/example_task_group.py
[2026-07-31T11:28:08.284+0000] {processor.py:830} INFO - Processing file /home/airflow/.local/lib/python3.12/site-packages/airflow/example_dags/example_task_group.py for tasks to queue
[2026-07-31T11:28:08.289+0000] {logging_mixin.py:188} INFO - [2026-07-31T11:28:08.288+0000] {dagbag.py:545} INFO - Filling up the DagBag from /home/airflow/.local/lib/python3.12/site-packages/airflow/example_dags/example_task_group.py
[2026-07-31T11:28:08.303+0000] {processor.py:840} INFO - DAG(s) 'example_task_group' retrieved from /home/airflow/.local/lib/python3.12/site-packages/airflow/example_dags/example_task_group.py
[2026-07-31T11:28:08.357+0000] {logging_mixin.py:188} INFO - [2026-07-31T11:28:08.357+0000] {dag.py:3089} INFO - Sync 1 DAGs
[2026-07-31T11:28:08.412+0000] {logging_mixin.py:188} INFO - [2026-07-31T11:28:08.411+0000] {dag.py:3947} INFO - Setting next_dagrun for example_task_group to 2026-07-30 00:00:00+00:00, run_after=2026-07-31 00:00:00+00:00
[2026-07-31T11:28:08.461+0000] {processor.py:183} INFO - Processing /home/airflow/.local/lib/python3.12/site-packages/airflow/example_dags/example_task_group.py took 0.192 seconds
[2026-07-31T11:28:38.873+0000] {processor.py:161} INFO - Started process (PID=3267) to work on /home/airflow/.local/lib/python3.12/site-packages/airflow/example_dags/example_task_group.py
[2026-07-31T11:28:38.879+0000] {processor.py:830} INFO - Processing file /home/airflow/.local/lib/python3.12/site-packages/airflow/example_dags/example_task_group.py for tasks to queue
[2026-07-31T11:28:38.890+0000] {logging_mixin.py:188} INFO - [2026-07-31T11:28:38.889+0000] {dagbag.py:545} INFO - Filling up the DagBag from /home/airflow/.local/lib/python3.12/site-packages/airflow/example_dags/example_task_group.py
[2026-07-31T11:28:38.966+0000] {processor.py:840} INFO - DAG(s) 'example_task_group' retrieved from /home/airflow/.local/lib/python3.12/site-packages/airflow/example_dags/example_task_group.py
[2026-07-31T11:28:39.260+0000] {logging_mixin.py:188} INFO - [2026-07-31T11:28:39.260+0000] {dag.py:3089} INFO - Sync 1 DAGs
[2026-07-31T11:28:39.515+0000] {logging_mixin.py:188} INFO - [2026-07-31T11:28:39.514+0000] {dag.py:3947} INFO - Setting next_dagrun for example_task_group to 2026-07-30 00:00:00+00:00, run_after=2026-07-31 00:00:00+00:00
[2026-07-31T11:28:39.844+0000] {processor.py:183} INFO - Processing /home/airflow/.local/lib/python3.12/site-packages/airflow/example_dags/example_task_group.py took 1.052 seconds
[2026-07-31T11:29:10.196+0000] {processor.py:161} INFO - Started process (PID=3323) to work on /home/airflow/.local/lib/python3.12/site-packages/airflow/example_dags/example_task_group.py
[2026-07-31T11:29:10.209+0000] {processor.py:830} INFO - Processing file /home/airflow/.local/lib/python3.12/site-packages/airflow/example_dags/example_task_group.py for tasks to queue
[2026-07-31T11:29:10.221+0000] {logging_mixin.py:188} INFO - [2026-07-31T11:29:10.220+0000] {dagbag.py:545} INFO - Filling up the DagBag from /home/airflow/.local/lib/python3.12/site-packages/airflow/example_dags/example_task_group.py
[2026-07-31T11:29:10.295+0000] {processor.py:840} INFO - DAG(s) 'example_task_group' retrieved from /home/airflow/.local/lib/python3.12/site-packages/airflow/example_dags/example_task_group.py
[2026-07-31T11:29:10.471+0000] {logging_mixin.py:188} INFO - [2026-07-31T11:29:10.470+0000] {dag.py:3089} INFO - Sync 1 DAGs
[2026-07-31T11:29:10.638+0000] {logging_mixin.py:188} INFO - [2026-07-31T11:29:10.637+0000] {dag.py:3947} INFO - Setting next_dagrun for example_task_group to 2026-07-30 00:00:00+00:00, run_after=2026-07-31 00:00:00+00:00
[2026-07-31T11:29:10.777+0000] {processor.py:183} INFO - Processing /home/airflow/.local/lib/python3.12/site-packages/airflow/example_dags/example_task_group.py took 0.619 seconds
[2026-07-31T11:29:55.903+0000] {processor.py:161} INFO - Started process (PID=3371) to work on /home/airflow/.local/lib/python3.12/site-packages/airflow/example_dags/example_task_group.py
[2026-07-31T11:29:55.908+0000] {processor.py:830} INFO - Processing file /home/airflow/.local/lib/python3.12/site-packages/airflow/example_dags/example_task_group.py for tasks to queue
[2026-07-31T11:29:55.926+0000] {logging_mixin.py:188} INFO - [2026-07-31T11:29:55.925+0000] {dagbag.py:545} INFO - Filling up the DagBag from /home/airflow/.local/lib/python3.12/site-packages/airflow/example_dags/example_task_group.py
[2026-07-31T11:29:56.127+0000] {processor.py:840} INFO - DAG(s) 'example_task_group' retrieved from /home/airflow/.local/lib/python3.12/site-packages/airflow/example_dags/example_task_group.py
[2026-07-31T11:29:56.382+0000] {logging_mixin.py:188} INFO - [2026-07-31T11:29:56.372+0000] {dag.py:3089} INFO - Sync 1 DAGs
[2026-07-31T11:29:56.551+0000] {logging_mixin.py:188} INFO - [2026-07-31T11:29:56.550+0000] {dag.py:3947} INFO - Setting next_dagrun for example_task_group to 2026-07-30 00:00:00+00:00, run_after=2026-07-31 00:00:00+00:00
[2026-07-31T11:29:56.775+0000] {processor.py:183} INFO - Processing /home/airflow/.local/lib/python3.12/site-packages/airflow/example_dags/example_task_group.py took 0.912 seconds
[2026-07-31T11:30:35.455+0000] {processor.py:161} INFO - Started process (PID=3427) to work on /home/airflow/.local/lib/python3.12/site-packages/airflow/example_dags/example_task_group.py
[2026-07-31T11:30:35.460+0000] {processor.py:830} INFO - Processing file /home/airflow/.local/lib/python3.12/site-packages/airflow/example_dags/example_task_group.py for tasks to queue
[2026-07-31T11:30:35.467+0000] {logging_mixin.py:188} INFO - [2026-07-31T11:30:35.466+0000] {dagbag.py:545} INFO - Filling up the DagBag from /home/airflow/.local/lib/python3.12/site-packages/airflow/example_dags/example_task_group.py
[2026-07-31T11:30:35.513+0000] {processor.py:840} INFO - DAG(s) 'example_task_group' retrieved from /home/airflow/.local/lib/python3.12/site-packages/airflow/example_dags/example_task_group.py
[2026-07-31T11:30:35.659+0000] {logging_mixin.py:188} INFO - [2026-07-31T11:30:35.658+0000] {dag.py:3089} INFO - Sync 1 DAGs
[2026-07-31T11:30:35.920+0000] {logging_mixin.py:188} INFO - [2026-07-31T11:30:35.919+0000] {dag.py:3947} INFO - Setting next_dagrun for example_task_group to 2026-07-30 00:00:00+00:00, run_after=2026-07-31 00:00:00+00:00
[2026-07-31T11:30:36.044+0000] {processor.py:183} INFO - Processing /home/airflow/.local/lib/python3.12/site-packages/airflow/example_dags/example_task_group.py took 0.626 seconds
[2026-07-31T11:31:06.467+0000] {processor.py:161} INFO - Started process (PID=3485) to work on /home/airflow/.local/lib/python3.12/site-packages/airflow/example_dags/example_task_group.py
[2026-07-31T11:31:06.469+0000] {processor.py:830} INFO - Processing file /home/airflow/.local/lib/python3.12/site-packages/airflow/example_dags/example_task_group.py for tasks to queue
[2026-07-31T11:31:06.475+0000] {logging_mixin.py:188} INFO - [2026-07-31T11:31:06.474+0000] {dagbag.py:545} INFO - Filling up the DagBag from /home/airflow/.local/lib/python3.12/site-packages/airflow/example_dags/example_task_group.py
[2026-07-31T11:31:06.498+0000] {processor.py:840} INFO - DAG(s) 'example_task_group' retrieved from /home/airflow/.local/lib/python3.12/site-packages/airflow/example_dags/example_task_group.py
[2026-07-31T11:31:06.580+0000] {logging_mixin.py:188} INFO - [2026-07-31T11:31:06.579+0000] {dag.py:3089} INFO - Sync 1 DAGs
[2026-07-31T11:31:06.709+0000] {logging_mixin.py:188} INFO - [2026-07-31T11:31:06.709+0000] {dag.py:3947} INFO - Setting next_dagrun for example_task_group to 2026-07-30 00:00:00+00:00, run_after=2026-07-31 00:00:00+00:00
[2026-07-31T11:31:06.774+0000] {processor.py:183} INFO - Processing /home/airflow/.local/lib/python3.12/site-packages/airflow/example_dags/example_task_group.py took 0.325 seconds
[2026-07-31T11:31:37.019+0000] {processor.py:161} INFO - Started process (PID=3543) to work on /home/airflow/.local/lib/python3.12/site-packages/airflow/example_dags/example_task_group.py
[2026-07-31T11:31:37.021+0000] {processor.py:830} INFO - Processing file /home/airflow/.local/lib/python3.12/site-packages/airflow/example_dags/example_task_group.py for tasks to queue
[2026-07-31T11:31:37.027+0000] {logging_mixin.py:188} INFO - [2026-07-31T11:31:37.026+0000] {dagbag.py:545} INFO - Filling up the DagBag from /home/airflow/.local/lib/python3.12/site-packages/airflow/example_dags/example_task_group.py
[2026-07-31T11:31:37.051+0000] {processor.py:840} INFO - DAG(s) 'example_task_group' retrieved from /home/airflow/.local/lib/python3.12/site-packages/airflow/example_dags/example_task_group.py
[2026-07-31T11:31:37.139+0000] {logging_mixin.py:188} INFO - [2026-07-31T11:31:37.139+0000] {dag.py:3089} INFO - Sync 1 DAGs
[2026-07-31T11:31:37.237+0000] {logging_mixin.py:188} INFO - [2026-07-31T11:31:37.236+0000] {dag.py:3947} INFO - Setting next_dagrun for example_task_group to 2026-07-30 00:00:00+00:00, run_after=2026-07-31 00:00:00+00:00
[2026-07-31T11:31:37.289+0000] {processor.py:183} INFO - Processing /home/airflow/.local/lib/python3.12/site-packages/airflow/example_dags/example_task_group.py took 0.288 seconds
[2026-07-31T11:32:07.549+0000] {processor.py:161} INFO - Started process (PID=3601) to work on /home/airflow/.local/lib/python3.12/site-packages/airflow/example_dags/example_task_group.py
[2026-07-31T11:32:07.552+0000] {processor.py:830} INFO - Processing file /home/airflow/.local/lib/python3.12/site-packages/airflow/example_dags/example_task_group.py for tasks to queue
[2026-07-31T11:32:07.556+0000] {logging_mixin.py:188} INFO - [2026-07-31T11:32:07.555+0000] {dagbag.py:545} INFO - Filling up the DagBag from /home/airflow/.local/lib/python3.12/site-packages/airflow/example_dags/example_task_group.py
[2026-07-31T11:32:07.579+0000] {processor.py:840} INFO - DAG(s) 'example_task_group' retrieved from /home/airflow/.local/lib/python3.12/site-packages/airflow/example_dags/example_task_group.py
[2026-07-31T11:32:07.645+0000] {logging_mixin.py:188} INFO - [2026-07-31T11:32:07.644+0000] {dag.py:3089} INFO - Sync 1 DAGs
[2026-07-31T11:32:07.712+0000] {logging_mixin.py:188} INFO - [2026-07-31T11:32:07.711+0000] {dag.py:3947} INFO - Setting next_dagrun for example_task_group to 2026-07-30 00:00:00+00:00, run_after=2026-07-31 00:00:00+00:00
[2026-07-31T11:32:07.770+0000] {processor.py:183} INFO - Processing /home/airflow/.local/lib/python3.12/site-packages/airflow/example_dags/example_task_group.py took 0.235 seconds
[2026-07-31T11:32:42.537+0000] {processor.py:161} INFO - Started process (PID=3659) to work on /home/airflow/.local/lib/python3.12/site-packages/airflow/example_dags/example_task_group.py
[2026-07-31T11:32:42.548+0000] {processor.py:830} INFO - Processing file /home/airflow/.local/lib/python3.12/site-packages/airflow/example_dags/example_task_group.py for tasks to queue
[2026-07-31T11:32:42.567+0000] {logging_mixin.py:188} INFO - [2026-07-31T11:32:42.566+0000] {dagbag.py:545} INFO - Filling up the DagBag from /home/airflow/.local/lib/python3.12/site-packages/airflow/example_dags/example_task_group.py
[2026-07-31T11:32:42.628+0000] {processor.py:840} INFO - DAG(s) 'example_task_group' retrieved from /home/airflow/.local/lib/python3.12/site-packages/airflow/example_dags/example_task_group.py
[2026-07-31T11:32:42.812+0000] {logging_mixin.py:188} INFO - [2026-07-31T11:32:42.811+0000] {dag.py:3089} INFO - Sync 1 DAGs
[2026-07-31T11:32:43.151+0000] {logging_mixin.py:188} INFO - [2026-07-31T11:32:43.150+0000] {dag.py:3947} INFO - Setting next_dagrun for example_task_group to 2026-07-30 00:00:00+00:00, run_after=2026-07-31 00:00:00+00:00
[2026-07-31T11:32:43.444+0000] {processor.py:183} INFO - Processing /home/airflow/.local/lib/python3.12/site-packages/airflow/example_dags/example_task_group.py took 0.946 seconds
[2026-07-31T11:33:37.627+0000] {processor.py:161} INFO - Started process (PID=3719) to work on /home/airflow/.local/lib/python3.12/site-packages/airflow/example_dags/example_task_group.py
[2026-07-31T11:33:37.691+0000] {processor.py:830} INFO - Processing file /home/airflow/.local/lib/python3.12/site-packages/airflow/example_dags/example_task_group.py for tasks to queue
[2026-07-31T11:33:37.734+0000] {logging_mixin.py:188} INFO - [2026-07-31T11:33:37.732+0000] {dagbag.py:545} INFO - Filling up the DagBag from /home/airflow/.local/lib/python3.12/site-packages/airflow/example_dags/example_task_group.py
[2026-07-31T11:33:38.493+0000] {processor.py:840} INFO - DAG(s) 'example_task_group' retrieved from /home/airflow/.local/lib/python3.12/site-packages/airflow/example_dags/example_task_group.py
[2026-07-31T11:33:44.009+0000] {logging_mixin.py:188} INFO - [2026-07-31T11:33:43.971+0000] {dag.py:3089} INFO - Sync 1 DAGs
[2026-07-31T11:34:00.531+0000] {logging_mixin.py:188} INFO - [2026-07-31T11:34:00.486+0000] {dag.py:3947} INFO - Setting next_dagrun for example_task_group to 2026-07-30 00:00:00+00:00, run_after=2026-07-31 00:00:00+00:00
[2026-07-31T11:34:02.729+0000] {processor.py:183} INFO - Processing /home/airflow/.local/lib/python3.12/site-packages/airflow/example_dags/example_task_group.py took 25.815 seconds
[2026-07-31T11:34:38.866+0000] {processor.py:161} INFO - Started process (PID=3784) to work on /home/airflow/.local/lib/python3.12/site-packages/airflow/example_dags/example_task_group.py
[2026-07-31T11:34:38.876+0000] {processor.py:830} INFO - Processing file /home/airflow/.local/lib/python3.12/site-packages/airflow/example_dags/example_task_group.py for tasks to queue
[2026-07-31T11:34:38.881+0000] {logging_mixin.py:188} INFO - [2026-07-31T11:34:38.880+0000] {dagbag.py:545} INFO - Filling up the DagBag from /home/airflow/.local/lib/python3.12/site-packages/airflow/example_dags/example_task_group.py
[2026-07-31T11:34:38.920+0000] {processor.py:840} INFO - DAG(s) 'example_task_group' retrieved from /home/airflow/.local/lib/python3.12/site-packages/airflow/example_dags/example_task_group.py
[2026-07-31T11:34:39.270+0000] {logging_mixin.py:188} INFO - [2026-07-31T11:34:39.259+0000] {dag.py:3089} INFO - Sync 1 DAGs
[2026-07-31T11:34:39.481+0000] {logging_mixin.py:188} INFO - [2026-07-31T11:34:39.481+0000] {dag.py:3947} INFO - Setting next_dagrun for example_task_group to 2026-07-30 00:00:00+00:00, run_after=2026-07-31 00:00:00+00:00
[2026-07-31T11:34:39.634+0000] {processor.py:183} INFO - Processing /home/airflow/.local/lib/python3.12/site-packages/airflow/example_dags/example_task_group.py took 0.798 seconds
[2026-07-31T11:35:10.527+0000] {processor.py:161} INFO - Started process (PID=3842) to work on /home/airflow/.local/lib/python3.12/site-packages/airflow/example_dags/example_task_group.py
[2026-07-31T11:35:10.529+0000] {processor.py:830} INFO - Processing file /home/airflow/.local/lib/python3.12/site-packages/airflow/example_dags/example_task_group.py for tasks to queue
[2026-07-31T11:35:10.532+0000] {logging_mixin.py:188} INFO - [2026-07-31T11:35:10.531+0000] {dagbag.py:545} INFO - Filling up the DagBag from /home/airflow/.local/lib/python3.12/site-packages/airflow/example_dags/example_task_group.py
[2026-07-31T11:35:10.546+0000] {processor.py:840} INFO - DAG(s) 'example_task_group' retrieved from /home/airflow/.local/lib/python3.12/site-packages/airflow/example_dags/example_task_group.py
[2026-07-31T11:35:10.585+0000] {logging_mixin.py:188} INFO - [2026-07-31T11:35:10.585+0000] {dag.py:3089} INFO - Sync 1 DAGs
[2026-07-31T11:35:10.625+0000] {logging_mixin.py:188} INFO - [2026-07-31T11:35:10.624+0000] {dag.py:3947} INFO - Setting next_dagrun for example_task_group to 2026-07-30 00:00:00+00:00, run_after=2026-07-31 00:00:00+00:00
[2026-07-31T11:35:10.661+0000] {processor.py:183} INFO - Processing /home/airflow/.local/lib/python3.12/site-packages/airflow/example_dags/example_task_group.py took 0.141 seconds
[2026-07-31T11:35:40.994+0000] {processor.py:161} INFO - Started process (PID=3901) to work on /home/airflow/.local/lib/python3.12/site-packages/airflow/example_dags/example_task_group.py
[2026-07-31T11:35:40.998+0000] {processor.py:830} INFO - Processing file /home/airflow/.local/lib/python3.12/site-packages/airflow/example_dags/example_task_group.py for tasks to queue
[2026-07-31T11:35:41.003+0000] {logging_mixin.py:188} INFO - [2026-07-31T11:35:41.002+0000] {dagbag.py:545} INFO - Filling up the DagBag from /home/airflow/.local/lib/python3.12/site-packages/airflow/example_dags/example_task_group.py
[2026-07-31T11:35:41.022+0000] {processor.py:840} INFO - DAG(s) 'example_task_group' retrieved from /home/airflow/.local/lib/python3.12/site-packages/airflow/example_dags/example_task_group.py
[2026-07-31T11:35:41.061+0000] {logging_mixin.py:188} INFO - [2026-07-31T11:35:41.061+0000] {dag.py:3089} INFO - Sync 1 DAGs
[2026-07-31T11:35:41.108+0000] {logging_mixin.py:188} INFO - [2026-07-31T11:35:41.108+0000] {dag.py:3947} INFO - Setting next_dagrun for example_task_group to 2026-07-30 00:00:00+00:00, run_after=2026-07-31 00:00:00+00:00
[2026-07-31T11:35:41.151+0000] {processor.py:183} INFO - Processing /home/airflow/.local/lib/python3.12/site-packages/airflow/example_dags/example_task_group.py took 0.167 seconds
[2026-07-31T11:36:11.541+0000] {processor.py:161} INFO - Started process (PID=3959) to work on /home/airflow/.local/lib/python3.12/site-packages/airflow/example_dags/example_task_group.py
[2026-07-31T11:36:11.543+0000] {processor.py:830} INFO - Processing file /home/airflow/.local/lib/python3.12/site-packages/airflow/example_dags/example_task_group.py for tasks to queue
[2026-07-31T11:36:11.548+0000] {logging_mixin.py:188} INFO - [2026-07-31T11:36:11.547+0000] {dagbag.py:545} INFO - Filling up the DagBag from /home/airflow/.local/lib/python3.12/site-packages/airflow/example_dags/example_task_group.py
[2026-07-31T11:36:11.568+0000] {processor.py:840} INFO - DAG(s) 'example_task_group' retrieved from /home/airflow/.local/lib/python3.12/site-packages/airflow/example_dags/example_task_group.py
[2026-07-31T11:36:11.648+0000] {logging_mixin.py:188} INFO - [2026-07-31T11:36:11.647+0000] {dag.py:3089} INFO - Sync 1 DAGs
[2026-07-31T11:36:11.709+0000] {logging_mixin.py:188} INFO - [2026-07-31T11:36:11.708+0000] {dag.py:3947} INFO - Setting next_dagrun for example_task_group to 2026-07-30 00:00:00+00:00, run_after=2026-07-31 00:00:00+00:00
[2026-07-31T11:36:11.761+0000] {processor.py:183} INFO - Processing /home/airflow/.local/lib/python3.12/site-packages/airflow/example_dags/example_task_group.py took 0.233 seconds
[2026-07-31T11:36:42.693+0000] {processor.py:161} INFO - Started process (PID=4007) to work on /home/airflow/.local/lib/python3.12/site-packages/airflow/example_dags/example_task_group.py
[2026-07-31T11:36:42.698+0000] {processor.py:830} INFO - Processing file /home/airflow/.local/lib/python3.12/site-packages/airflow/example_dags/example_task_group.py for tasks to queue
[2026-07-31T11:36:42.711+0000] {logging_mixin.py:188} INFO - [2026-07-31T11:36:42.710+0000] {dagbag.py:545} INFO - Filling up the DagBag from /home/airflow/.local/lib/python3.12/site-packages/airflow/example_dags/example_task_group.py
[2026-07-31T11:36:42.733+0000] {processor.py:840} INFO - DAG(s) 'example_task_group' retrieved from /home/airflow/.local/lib/python3.12/site-packages/airflow/example_dags/example_task_group.py
[2026-07-31T11:36:42.855+0000] {logging_mixin.py:188} INFO - [2026-07-31T11:36:42.854+0000] {dag.py:3089} INFO - Sync 1 DAGs
[2026-07-31T11:36:42.982+0000] {logging_mixin.py:188} INFO - [2026-07-31T11:36:42.982+0000] {dag.py:3947} INFO - Setting next_dagrun for example_task_group to 2026-07-30 00:00:00+00:00, run_after=2026-07-31 00:00:00+00:00
[2026-07-31T11:36:43.060+0000] {processor.py:183} INFO - Processing /home/airflow/.local/lib/python3.12/site-packages/airflow/example_dags/example_task_group.py took 0.396 seconds
[2026-07-31T11:37:14.025+0000] {processor.py:161} INFO - Started process (PID=4063) to work on /home/airflow/.local/lib/python3.12/site-packages/airflow/example_dags/example_task_group.py
[2026-07-31T11:37:14.029+0000] {processor.py:830} INFO - Processing file /home/airflow/.local/lib/python3.12/site-packages/airflow/example_dags/example_task_group.py for tasks to queue
[2026-07-31T11:37:14.034+0000] {logging_mixin.py:188} INFO - [2026-07-31T11:37:14.033+0000] {dagbag.py:545} INFO - Filling up the DagBag from /home/airflow/.local/lib/python3.12/site-packages/airflow/example_dags/example_task_group.py
[2026-07-31T11:37:14.056+0000] {processor.py:840} INFO - DAG(s) 'example_task_group' retrieved from /home/airflow/.local/lib/python3.12/site-packages/airflow/example_dags/example_task_group.py
[2026-07-31T11:37:14.106+0000] {logging_mixin.py:188} INFO - [2026-07-31T11:37:14.105+0000] {dag.py:3089} INFO - Sync 1 DAGs
[2026-07-31T11:37:14.154+0000] {logging_mixin.py:188} INFO - [2026-07-31T11:37:14.154+0000] {dag.py:3947} INFO - Setting next_dagrun for example_task_group to 2026-07-30 00:00:00+00:00, run_after=2026-07-31 00:00:00+00:00
[2026-07-31T11:37:14.213+0000] {processor.py:183} INFO - Processing /home/airflow/.local/lib/python3.12/site-packages/airflow/example_dags/example_task_group.py took 0.210 seconds
[2026-07-31T11:37:44.491+0000] {processor.py:161} INFO - Started process (PID=4121) to work on /home/airflow/.local/lib/python3.12/site-packages/airflow/example_dags/example_task_group.py
[2026-07-31T11:37:44.493+0000] {processor.py:830} INFO - Processing file /home/airflow/.local/lib/python3.12/site-packages/airflow/example_dags/example_task_group.py for tasks to queue
[2026-07-31T11:37:44.498+0000] {logging_mixin.py:188} INFO - [2026-07-31T11:37:44.497+0000] {dagbag.py:545} INFO - Filling up the DagBag from /home/airflow/.local/lib/python3.12/site-packages/airflow/example_dags/example_task_group.py
[2026-07-31T11:37:44.515+0000] {processor.py:840} INFO - DAG(s) 'example_task_group' retrieved from /home/airflow/.local/lib/python3.12/site-packages/airflow/example_dags/example_task_group.py
[2026-07-31T11:37:44.563+0000] {logging_mixin.py:188} INFO - [2026-07-31T11:37:44.563+0000] {dag.py:3089} INFO - Sync 1 DAGs
[2026-07-31T11:37:44.609+0000] {logging_mixin.py:188} INFO - [2026-07-31T11:37:44.609+0000] {dag.py:3947} INFO - Setting next_dagrun for example_task_group to 2026-07-30 00:00:00+00:00, run_after=2026-07-31 00:00:00+00:00
[2026-07-31T11:37:44.649+0000] {processor.py:183} INFO - Processing /home/airflow/.local/lib/python3.12/site-packages/airflow/example_dags/example_task_group.py took 0.167 seconds
[2026-07-31T11:38:15.662+0000] {processor.py:161} INFO - Started process (PID=4179) to work on /home/airflow/.local/lib/python3.12/site-packages/airflow/example_dags/example_task_group.py
[2026-07-31T11:38:15.666+0000] {processor.py:830} INFO - Processing file /home/airflow/.local/lib/python3.12/site-packages/airflow/example_dags/example_task_group.py for tasks to queue
[2026-07-31T11:38:15.671+0000] {logging_mixin.py:188} INFO - [2026-07-31T11:38:15.670+0000] {dagbag.py:545} INFO - Filling up the DagBag from /home/airflow/.local/lib/python3.12/site-packages/airflow/example_dags/example_task_group.py
[2026-07-31T11:38:15.696+0000] {processor.py:840} INFO - DAG(s) 'example_task_group' retrieved from /home/airflow/.local/lib/python3.12/site-packages/airflow/example_dags/example_task_group.py
[2026-07-31T11:38:15.766+0000] {logging_mixin.py:188} INFO - [2026-07-31T11:38:15.765+0000] {dag.py:3089} INFO - Sync 1 DAGs
[2026-07-31T11:38:15.820+0000] {logging_mixin.py:188} INFO - [2026-07-31T11:38:15.819+0000] {dag.py:3947} INFO - Setting next_dagrun for example_task_group to 2026-07-30 00:00:00+00:00, run_after=2026-07-31 00:00:00+00:00
[2026-07-31T11:38:15.875+0000] {processor.py:183} INFO - Processing /home/airflow/.local/lib/python3.12/site-packages/airflow/example_dags/example_task_group.py took 0.237 seconds
[2026-07-31T11:38:46.176+0000] {processor.py:161} INFO - Started process (PID=4237) to work on /home/airflow/.local/lib/python3.12/site-packages/airflow/example_dags/example_task_group.py
[2026-07-31T11:38:46.180+0000] {processor.py:830} INFO - Processing file /home/airflow/.local/lib/python3.12/site-packages/airflow/example_dags/example_task_group.py for tasks to queue
[2026-07-31T11:38:46.184+0000] {logging_mixin.py:188} INFO - [2026-07-31T11:38:46.183+0000] {dagbag.py:545} INFO - Filling up the DagBag from /home/airflow/.local/lib/python3.12/site-packages/airflow/example_dags/example_task_group.py
[2026-07-31T11:38:46.200+0000] {processor.py:840} INFO - DAG(s) 'example_task_group' retrieved from /home/airflow/.local/lib/python3.12/site-packages/airflow/example_dags/example_task_group.py
[2026-07-31T11:38:46.257+0000] {logging_mixin.py:188} INFO - [2026-07-31T11:38:46.256+0000] {dag.py:3089} INFO - Sync 1 DAGs
[2026-07-31T11:38:46.308+0000] {logging_mixin.py:188} INFO - [2026-07-31T11:38:46.308+0000] {dag.py:3947} INFO - Setting next_dagrun for example_task_group to 2026-07-30 00:00:00+00:00, run_after=2026-07-31 00:00:00+00:00
[2026-07-31T11:38:46.356+0000] {processor.py:183} INFO - Processing /home/airflow/.local/lib/python3.12/site-packages/airflow/example_dags/example_task_group.py took 0.194 seconds
[2026-07-31T11:39:17.320+0000] {processor.py:161} INFO - Started process (PID=4295) to work on /home/airflow/.local/lib/python3.12/site-packages/airflow/example_dags/example_task_group.py
[2026-07-31T11:39:17.324+0000] {processor.py:830} INFO - Processing file /home/airflow/.local/lib/python3.12/site-packages/airflow/example_dags/example_task_group.py for tasks to queue
[2026-07-31T11:39:17.334+0000] {logging_mixin.py:188} INFO - [2026-07-31T11:39:17.332+0000] {dagbag.py:545} INFO - Filling up the DagBag from /home/airflow/.local/lib/python3.12/site-packages/airflow/example_dags/example_task_group.py
[2026-07-31T11:39:17.359+0000] {processor.py:840} INFO - DAG(s) 'example_task_group' retrieved from /home/airflow/.local/lib/python3.12/site-packages/airflow/example_dags/example_task_group.py
[2026-07-31T11:39:17.511+0000] {logging_mixin.py:188} INFO - [2026-07-31T11:39:17.511+0000] {dag.py:3089} INFO - Sync 1 DAGs
[2026-07-31T11:39:17.686+0000] {logging_mixin.py:188} INFO - [2026-07-31T11:39:17.685+0000] {dag.py:3947} INFO - Setting next_dagrun for example_task_group to 2026-07-30 00:00:00+00:00, run_after=2026-07-31 00:00:00+00:00
[2026-07-31T11:39:17.791+0000] {processor.py:183} INFO - Processing /home/airflow/.local/lib/python3.12/site-packages/airflow/example_dags/example_task_group.py took 0.498 seconds
[2026-07-31T11:39:47.898+0000] {processor.py:161} INFO - Started process (PID=4353) to work on /home/airflow/.local/lib/python3.12/site-packages/airflow/example_dags/example_task_group.py
[2026-07-31T11:39:47.900+0000] {processor.py:830} INFO - Processing file /home/airflow/.local/lib/python3.12/site-packages/airflow/example_dags/example_task_group.py for tasks to queue
[2026-07-31T11:39:47.902+0000] {logging_mixin.py:188} INFO - [2026-07-31T11:39:47.902+0000] {dagbag.py:545} INFO - Filling up the DagBag from /home/airflow/.local/lib/python3.12/site-packages/airflow/example_dags/example_task_group.py
[2026-07-31T11:39:47.913+0000] {processor.py:840} INFO - DAG(s) 'example_task_group' retrieved from /home/airflow/.local/lib/python3.12/site-packages/airflow/example_dags/example_task_group.py
[2026-07-31T11:39:47.942+0000] {logging_mixin.py:188} INFO - [2026-07-31T11:39:47.942+0000] {dag.py:3089} INFO - Sync 1 DAGs
[2026-07-31T11:39:47.971+0000] {logging_mixin.py:188} INFO - [2026-07-31T11:39:47.970+0000] {dag.py:3947} INFO - Setting next_dagrun for example_task_group to 2026-07-30 00:00:00+00:00, run_after=2026-07-31 00:00:00+00:00
[2026-07-31T11:39:48.009+0000] {processor.py:183} INFO - Processing /home/airflow/.local/lib/python3.12/site-packages/airflow/example_dags/example_task_group.py took 0.118 seconds
[2026-07-31T11:40:18.573+0000] {processor.py:161} INFO - Started process (PID=4411) to work on /home/airflow/.local/lib/python3.12/site-packages/airflow/example_dags/example_task_group.py
[2026-07-31T11:40:18.575+0000] {processor.py:830} INFO - Processing file /home/airflow/.local/lib/python3.12/site-packages/airflow/example_dags/example_task_group.py for tasks to queue
[2026-07-31T11:40:18.578+0000] {logging_mixin.py:188} INFO - [2026-07-31T11:40:18.577+0000] {dagbag.py:545} INFO - Filling up the DagBag from /home/airflow/.local/lib/python3.12/site-packages/airflow/example_dags/example_task_group.py
[2026-07-31T11:40:18.590+0000] {processor.py:840} INFO - DAG(s) 'example_task_group' retrieved from /home/airflow/.local/lib/python3.12/site-packages/airflow/example_dags/example_task_group.py
[2026-07-31T11:40:18.619+0000] {logging_mixin.py:188} INFO - [2026-07-31T11:40:18.619+0000] {dag.py:3089} INFO - Sync 1 DAGs
[2026-07-31T11:40:18.652+0000] {logging_mixin.py:188} INFO - [2026-07-31T11:40:18.652+0000] {dag.py:3947} INFO - Setting next_dagrun for example_task_group to 2026-07-30 00:00:00+00:00, run_after=2026-07-31 00:00:00+00:00
[2026-07-31T11:40:18.682+0000] {processor.py:183} INFO - Processing /home/airflow/.local/lib/python3.12/site-packages/airflow/example_dags/example_task_group.py took 0.116 seconds
[2026-07-31T11:40:48.939+0000] {processor.py:161} INFO - Started process (PID=4469) to work on /home/airflow/.local/lib/python3.12/site-packages/airflow/example_dags/example_task_group.py
[2026-07-31T11:40:48.941+0000] {processor.py:830} INFO - Processing file /home/airflow/.local/lib/python3.12/site-packages/airflow/example_dags/example_task_group.py for tasks to queue
[2026-07-31T11:40:48.944+0000] {logging_mixin.py:188} INFO - [2026-07-31T11:40:48.943+0000] {dagbag.py:545} INFO - Filling up the DagBag from /home/airflow/.local/lib/python3.12/site-packages/airflow/example_dags/example_task_group.py
[2026-07-31T11:40:48.961+0000] {processor.py:840} INFO - DAG(s) 'example_task_group' retrieved from /home/airflow/.local/lib/python3.12/site-packages/airflow/example_dags/example_task_group.py
[2026-07-31T11:40:49.017+0000] {logging_mixin.py:188} INFO - [2026-07-31T11:40:49.016+0000] {dag.py:3089} INFO - Sync 1 DAGs
[2026-07-31T11:40:49.088+0000] {logging_mixin.py:188} INFO - [2026-07-31T11:40:49.087+0000] {dag.py:3947} INFO - Setting next_dagrun for example_task_group to 2026-07-30 00:00:00+00:00, run_after=2026-07-31 00:00:00+00:00
[2026-07-31T11:40:49.147+0000] {processor.py:183} INFO - Processing /home/airflow/.local/lib/python3.12/site-packages/airflow/example_dags/example_task_group.py took 0.221 seconds
[2026-07-31T11:41:19.239+0000] {processor.py:161} INFO - Started process (PID=4524) to work on /home/airflow/.local/lib/python3.12/site-packages/airflow/example_dags/example_task_group.py
[2026-07-31T11:41:19.240+0000] {processor.py:830} INFO - Processing file /home/airflow/.local/lib/python3.12/site-packages/airflow/example_dags/example_task_group.py for tasks to queue
[2026-07-31T11:41:19.243+0000] {logging_mixin.py:188} INFO - [2026-07-31T11:41:19.242+0000] {dagbag.py:545} INFO - Filling up the DagBag from /home/airflow/.local/lib/python3.12/site-packages/airflow/example_dags/example_task_group.py
[2026-07-31T11:41:19.254+0000] {processor.py:840} INFO - DAG(s) 'example_task_group' retrieved from /home/airflow/.local/lib/python3.12/site-packages/airflow/example_dags/example_task_group.py
[2026-07-31T11:41:19.291+0000] {logging_mixin.py:188} INFO - [2026-07-31T11:41:19.290+0000] {dag.py:3089} INFO - Sync 1 DAGs
[2026-07-31T11:41:19.317+0000] {logging_mixin.py:188} INFO - [2026-07-31T11:41:19.317+0000] {dag.py:3947} INFO - Setting next_dagrun for example_task_group to 2026-07-30 00:00:00+00:00, run_after=2026-07-31 00:00:00+00:00
[2026-07-31T11:41:19.346+0000] {processor.py:183} INFO - Processing /home/airflow/.local/lib/python3.12/site-packages/airflow/example_dags/example_task_group.py took 0.115 seconds
[2026-07-31T11:41:50.148+0000] {processor.py:161} INFO - Started process (PID=4582) to work on /home/airflow/.local/lib/python3.12/site-packages/airflow/example_dags/example_task_group.py
[2026-07-31T11:41:50.151+0000] {processor.py:830} INFO - Processing file /home/airflow/.local/lib/python3.12/site-packages/airflow/example_dags/example_task_group.py for tasks to queue
[2026-07-31T11:41:50.156+0000] {logging_mixin.py:188} INFO - [2026-07-31T11:41:50.155+0000] {dagbag.py:545} INFO - Filling up the DagBag from /home/airflow/.local/lib/python3.12/site-packages/airflow/example_dags/example_task_group.py
[2026-07-31T11:41:50.176+0000] {processor.py:840} INFO - DAG(s) 'example_task_group' retrieved from /home/airflow/.local/lib/python3.12/site-packages/airflow/example_dags/example_task_group.py
[2026-07-31T11:41:50.261+0000] {logging_mixin.py:188} INFO - [2026-07-31T11:41:50.260+0000] {dag.py:3089} INFO - Sync 1 DAGs
[2026-07-31T11:41:50.345+0000] {logging_mixin.py:188} INFO - [2026-07-31T11:41:50.344+0000] {dag.py:3947} INFO - Setting next_dagrun for example_task_group to 2026-07-30 00:00:00+00:00, run_after=2026-07-31 00:00:00+00:00
[2026-07-31T11:41:50.402+0000] {processor.py:183} INFO - Processing /home/airflow/.local/lib/python3.12/site-packages/airflow/example_dags/example_task_group.py took 0.270 seconds
[2026-07-31T11:42:21.169+0000] {processor.py:161} INFO - Started process (PID=4640) to work on /home/airflow/.local/lib/python3.12/site-packages/airflow/example_dags/example_task_group.py
[2026-07-31T11:42:21.172+0000] {processor.py:830} INFO - Processing file /home/airflow/.local/lib/python3.12/site-packages/airflow/example_dags/example_task_group.py for tasks to queue
[2026-07-31T11:42:21.176+0000] {logging_mixin.py:188} INFO - [2026-07-31T11:42:21.176+0000] {dagbag.py:545} INFO - Filling up the DagBag from /home/airflow/.local/lib/python3.12/site-packages/airflow/example_dags/example_task_group.py
[2026-07-31T11:42:21.190+0000] {processor.py:840} INFO - DAG(s) 'example_task_group' retrieved from /home/airflow/.local/lib/python3.12/site-packages/airflow/example_dags/example_task_group.py
[2026-07-31T11:42:21.358+0000] {logging_mixin.py:188} INFO - [2026-07-31T11:42:21.353+0000] {dag.py:3089} INFO - Sync 1 DAGs
[2026-07-31T11:42:21.467+0000] {logging_mixin.py:188} INFO - [2026-07-31T11:42:21.466+0000] {dag.py:3947} INFO - Setting next_dagrun for example_task_group to 2026-07-30 00:00:00+00:00, run_after=2026-07-31 00:00:00+00:00
[2026-07-31T11:42:21.520+0000] {processor.py:183} INFO - Processing /home/airflow/.local/lib/python3.12/site-packages/airflow/example_dags/example_task_group.py took 0.365 seconds
[2026-07-31T11:42:51.804+0000] {processor.py:161} INFO - Started process (PID=4698) to work on /home/airflow/.local/lib/python3.12/site-packages/airflow/example_dags/example_task_group.py
[2026-07-31T11:42:51.805+0000] {processor.py:830} INFO - Processing file /home/airflow/.local/lib/python3.12/site-packages/airflow/example_dags/example_task_group.py for tasks to queue
[2026-07-31T11:42:51.808+0000] {logging_mixin.py:188} INFO - [2026-07-31T11:42:51.807+0000] {dagbag.py:545} INFO - Filling up the DagBag from /home/airflow/.local/lib/python3.12/site-packages/airflow/example_dags/example_task_group.py
[2026-07-31T11:42:51.817+0000] {processor.py:840} INFO - DAG(s) 'example_task_group' retrieved from /home/airflow/.local/lib/python3.12/site-packages/airflow/example_dags/example_task_group.py
[2026-07-31T11:42:51.849+0000] {logging_mixin.py:188} INFO - [2026-07-31T11:42:51.848+0000] {dag.py:3089} INFO - Sync 1 DAGs
[2026-07-31T11:42:51.886+0000] {logging_mixin.py:188} INFO - [2026-07-31T11:42:51.885+0000] {dag.py:3947} INFO - Setting next_dagrun for example_task_group to 2026-07-30 00:00:00+00:00, run_after=2026-07-31 00:00:00+00:00
[2026-07-31T11:42:51.915+0000] {processor.py:183} INFO - Processing /home/airflow/.local/lib/python3.12/site-packages/airflow/example_dags/example_task_group.py took 0.122 seconds
[2026-07-31T11:43:22.222+0000] {processor.py:161} INFO - Started process (PID=4756) to work on /home/airflow/.local/lib/python3.12/site-packages/airflow/example_dags/example_task_group.py
[2026-07-31T11:43:22.223+0000] {processor.py:830} INFO - Processing file /home/airflow/.local/lib/python3.12/site-packages/airflow/example_dags/example_task_group.py for tasks to queue
[2026-07-31T11:43:22.226+0000] {logging_mixin.py:188} INFO - [2026-07-31T11:43:22.225+0000] {dagbag.py:545} INFO - Filling up the DagBag from /home/airflow/.local/lib/python3.12/site-packages/airflow/example_dags/example_task_group.py
[2026-07-31T11:43:22.235+0000] {processor.py:840} INFO - DAG(s) 'example_task_group' retrieved from /home/airflow/.local/lib/python3.12/site-packages/airflow/example_dags/example_task_group.py
[2026-07-31T11:43:22.260+0000] {logging_mixin.py:188} INFO - [2026-07-31T11:43:22.260+0000] {dag.py:3089} INFO - Sync 1 DAGs
[2026-07-31T11:43:22.285+0000] {logging_mixin.py:188} INFO - [2026-07-31T11:43:22.285+0000] {dag.py:3947} INFO - Setting next_dagrun for example_task_group to 2026-07-30 00:00:00+00:00, run_after=2026-07-31 00:00:00+00:00
[2026-07-31T11:43:22.310+0000] {processor.py:183} INFO - Processing /home/airflow/.local/lib/python3.12/site-packages/airflow/example_dags/example_task_group.py took 0.096 seconds
[2026-07-31T11:43:52.724+0000] {processor.py:161} INFO - Started process (PID=4814) to work on /home/airflow/.local/lib/python3.12/site-packages/airflow/example_dags/example_task_group.py
[2026-07-31T11:43:52.726+0000] {processor.py:830} INFO - Processing file /home/airflow/.local/lib/python3.12/site-packages/airflow/example_dags/example_task_group.py for tasks to queue
[2026-07-31T11:43:52.729+0000] {logging_mixin.py:188} INFO - [2026-07-31T11:43:52.729+0000] {dagbag.py:545} INFO - Filling up the DagBag from /home/airflow/.local/lib/python3.12/site-packages/airflow/example_dags/example_task_group.py
[2026-07-31T11:43:52.738+0000] {processor.py:840} INFO - DAG(s) 'example_task_group' retrieved from /home/airflow/.local/lib/python3.12/site-packages/airflow/example_dags/example_task_group.py
[2026-07-31T11:43:52.765+0000] {logging_mixin.py:188} INFO - [2026-07-31T11:43:52.765+0000] {dag.py:3089} INFO - Sync 1 DAGs
[2026-07-31T11:43:52.792+0000] {logging_mixin.py:188} INFO - [2026-07-31T11:43:52.792+0000] {dag.py:3947} INFO - Setting next_dagrun for example_task_group to 2026-07-30 00:00:00+00:00, run_after=2026-07-31 00:00:00+00:00
[2026-07-31T11:43:52.821+0000] {processor.py:183} INFO - Processing /home/airflow/.local/lib/python3.12/site-packages/airflow/example_dags/example_task_group.py took 0.107 seconds
[2026-07-31T11:44:22.994+0000] {processor.py:161} INFO - Started process (PID=4870) to work on /home/airflow/.local/lib/python3.12/site-packages/airflow/example_dags/example_task_group.py
[2026-07-31T11:44:22.996+0000] {processor.py:830} INFO - Processing file /home/airflow/.local/lib/python3.12/site-packages/airflow/example_dags/example_task_group.py for tasks to queue
[2026-07-31T11:44:23.000+0000] {logging_mixin.py:188} INFO - [2026-07-31T11:44:22.999+0000] {dagbag.py:545} INFO - Filling up the DagBag from /home/airflow/.local/lib/python3.12/site-packages/airflow/example_dags/example_task_group.py
[2026-07-31T11:44:23.014+0000] {processor.py:840} INFO - DAG(s) 'example_task_group' retrieved from /home/airflow/.local/lib/python3.12/site-packages/airflow/example_dags/example_task_group.py
[2026-07-31T11:44:23.050+0000] {logging_mixin.py:188} INFO - [2026-07-31T11:44:23.049+0000] {dag.py:3089} INFO - Sync 1 DAGs
[2026-07-31T11:44:23.089+0000] {logging_mixin.py:188} INFO - [2026-07-31T11:44:23.088+0000] {dag.py:3947} INFO - Setting next_dagrun for example_task_group to 2026-07-30 00:00:00+00:00, run_after=2026-07-31 00:00:00+00:00
[2026-07-31T11:44:23.122+0000] {processor.py:183} INFO - Processing /home/airflow/.local/lib/python3.12/site-packages/airflow/example_dags/example_task_group.py took 0.137 seconds
[2026-07-31T11:44:53.532+0000] {processor.py:161} INFO - Started process (PID=4928) to work on /home/airflow/.local/lib/python3.12/site-packages/airflow/example_dags/example_task_group.py
[2026-07-31T11:44:53.534+0000] {processor.py:830} INFO - Processing file /home/airflow/.local/lib/python3.12/site-packages/airflow/example_dags/example_task_group.py for tasks to queue
[2026-07-31T11:44:53.539+0000] {logging_mixin.py:188} INFO - [2026-07-31T11:44:53.538+0000] {dagbag.py:545} INFO - Filling up the DagBag from /home/airflow/.local/lib/python3.12/site-packages/airflow/example_dags/example_task_group.py
[2026-07-31T11:44:53.558+0000] {processor.py:840} INFO - DAG(s) 'example_task_group' retrieved from /home/airflow/.local/lib/python3.12/site-packages/airflow/example_dags/example_task_group.py
[2026-07-31T11:44:53.605+0000] {logging_mixin.py:188} INFO - [2026-07-31T11:44:53.605+0000] {dag.py:3089} INFO - Sync 1 DAGs
[2026-07-31T11:44:53.651+0000] {logging_mixin.py:188} INFO - [2026-07-31T11:44:53.651+0000] {dag.py:3947} INFO - Setting next_dagrun for example_task_group to 2026-07-30 00:00:00+00:00, run_after=2026-07-31 00:00:00+00:00
[2026-07-31T11:44:53.687+0000] {processor.py:183} INFO - Processing /home/airflow/.local/lib/python3.12/site-packages/airflow/example_dags/example_task_group.py took 0.169 seconds
[2026-07-31T11:45:23.862+0000] {processor.py:161} INFO - Started process (PID=4985) to work on /home/airflow/.local/lib/python3.12/site-packages/airflow/example_dags/example_task_group.py
[2026-07-31T11:45:23.864+0000] {processor.py:830} INFO - Processing file /home/airflow/.local/lib/python3.12/site-packages/airflow/example_dags/example_task_group.py for tasks to queue
[2026-07-31T11:45:23.866+0000] {logging_mixin.py:188} INFO - [2026-07-31T11:45:23.866+0000] {dagbag.py:545} INFO - Filling up the DagBag from /home/airflow/.local/lib/python3.12/site-packages/airflow/example_dags/example_task_group.py
[2026-07-31T11:45:23.875+0000] {processor.py:840} INFO - DAG(s) 'example_task_group' retrieved from /home/airflow/.local/lib/python3.12/site-packages/airflow/example_dags/example_task_group.py
[2026-07-31T11:45:23.904+0000] {logging_mixin.py:188} INFO - [2026-07-31T11:45:23.904+0000] {dag.py:3089} INFO - Sync 1 DAGs
[2026-07-31T11:45:23.933+0000] {logging_mixin.py:188} INFO - [2026-07-31T11:45:23.933+0000] {dag.py:3947} INFO - Setting next_dagrun for example_task_group to 2026-07-30 00:00:00+00:00, run_after=2026-07-31 00:00:00+00:00
[2026-07-31T11:45:23.958+0000] {processor.py:183} INFO - Processing /home/airflow/.local/lib/python3.12/site-packages/airflow/example_dags/example_task_group.py took 0.105 seconds
[2026-07-31T11:45:54.247+0000] {processor.py:161} INFO - Started process (PID=5043) to work on /home/airflow/.local/lib/python3.12/site-packages/airflow/example_dags/example_task_group.py
[2026-07-31T11:45:54.249+0000] {processor.py:830} INFO - Processing file /home/airflow/.local/lib/python3.12/site-packages/airflow/example_dags/example_task_group.py for tasks to queue
[2026-07-31T11:45:54.253+0000] {logging_mixin.py:188} INFO - [2026-07-31T11:45:54.252+0000] {dagbag.py:545} INFO - Filling up the DagBag from /home/airflow/.local/lib/python3.12/site-packages/airflow/example_dags/example_task_group.py
[2026-07-31T11:45:54.267+0000] {processor.py:840} INFO - DAG(s) 'example_task_group' retrieved from /home/airflow/.local/lib/python3.12/site-packages/airflow/example_dags/example_task_group.py
[2026-07-31T11:45:54.303+0000] {logging_mixin.py:188} INFO - [2026-07-31T11:45:54.302+0000] {dag.py:3089} INFO - Sync 1 DAGs
[2026-07-31T11:45:54.329+0000] {logging_mixin.py:188} INFO - [2026-07-31T11:45:54.328+0000] {dag.py:3947} INFO - Setting next_dagrun for example_task_group to 2026-07-30 00:00:00+00:00, run_after=2026-07-31 00:00:00+00:00
[2026-07-31T11:45:54.355+0000] {processor.py:183} INFO - Processing /home/airflow/.local/lib/python3.12/site-packages/airflow/example_dags/example_task_group.py took 0.116 seconds
[2026-07-31T11:46:24.715+0000] {processor.py:161} INFO - Started process (PID=5101) to work on /home/airflow/.local/lib/python3.12/site-packages/airflow/example_dags/example_task_group.py
[2026-07-31T11:46:24.716+0000] {processor.py:830} INFO - Processing file /home/airflow/.local/lib/python3.12/site-packages/airflow/example_dags/example_task_group.py for tasks to queue
[2026-07-31T11:46:24.719+0000] {logging_mixin.py:188} INFO - [2026-07-31T11:46:24.718+0000] {dagbag.py:545} INFO - Filling up the DagBag from /home/airflow/.local/lib/python3.12/site-packages/airflow/example_dags/example_task_group.py
[2026-07-31T11:46:24.728+0000] {processor.py:840} INFO - DAG(s) 'example_task_group' retrieved from /home/airflow/.local/lib/python3.12/site-packages/airflow/example_dags/example_task_group.py
[2026-07-31T11:46:24.754+0000] {logging_mixin.py:188} INFO - [2026-07-31T11:46:24.754+0000] {dag.py:3089} INFO - Sync 1 DAGs
[2026-07-31T11:46:24.784+0000] {logging_mixin.py:188} INFO - [2026-07-31T11:46:24.784+0000] {dag.py:3947} INFO - Setting next_dagrun for example_task_group to 2026-07-30 00:00:00+00:00, run_after=2026-07-31 00:00:00+00:00
[2026-07-31T11:46:24.810+0000] {processor.py:183} INFO - Processing /home/airflow/.local/lib/python3.12/site-packages/airflow/example_dags/example_task_group.py took 0.104 seconds
[2026-07-31T11:46:55.206+0000] {processor.py:161} INFO - Started process (PID=5159) to work on /home/airflow/.local/lib/python3.12/site-packages/airflow/example_dags/example_task_group.py
[2026-07-31T11:46:55.208+0000] {processor.py:830} INFO - Processing file /home/airflow/.local/lib/python3.12/site-packages/airflow/example_dags/example_task_group.py for tasks to queue
[2026-07-31T11:46:55.211+0000] {logging_mixin.py:188} INFO - [2026-07-31T11:46:55.211+0000] {dagbag.py:545} INFO - Filling up the DagBag from /home/airflow/.local/lib/python3.12/site-packages/airflow/example_dags/example_task_group.py
[2026-07-31T11:46:55.223+0000] {processor.py:840} INFO - DAG(s) 'example_task_group' retrieved from /home/airflow/.local/lib/python3.12/site-packages/airflow/example_dags/example_task_group.py
[2026-07-31T11:46:55.267+0000] {logging_mixin.py:188} INFO - [2026-07-31T11:46:55.267+0000] {dag.py:3089} INFO - Sync 1 DAGs
[2026-07-31T11:46:55.299+0000] {logging_mixin.py:188} INFO - [2026-07-31T11:46:55.299+0000] {dag.py:3947} INFO - Setting next_dagrun for example_task_group to 2026-07-30 00:00:00+00:00, run_after=2026-07-31 00:00:00+00:00
[2026-07-31T11:46:55.326+0000] {processor.py:183} INFO - Processing /home/airflow/.local/lib/python3.12/site-packages/airflow/example_dags/example_task_group.py took 0.130 seconds
[2026-07-31T11:47:25.817+0000] {processor.py:161} INFO - Started process (PID=5217) to work on /home/airflow/.local/lib/python3.12/site-packages/airflow/example_dags/example_task_group.py
[2026-07-31T11:47:25.818+0000] {processor.py:830} INFO - Processing file /home/airflow/.local/lib/python3.12/site-packages/airflow/example_dags/example_task_group.py for tasks to queue
[2026-07-31T11:47:25.821+0000] {logging_mixin.py:188} INFO - [2026-07-31T11:47:25.821+0000] {dagbag.py:545} INFO - Filling up the DagBag from /home/airflow/.local/lib/python3.12/site-packages/airflow/example_dags/example_task_group.py
[2026-07-31T11:47:25.833+0000] {processor.py:840} INFO - DAG(s) 'example_task_group' retrieved from /home/airflow/.local/lib/python3.12/site-packages/airflow/example_dags/example_task_group.py
[2026-07-31T11:47:25.879+0000] {logging_mixin.py:188} INFO - [2026-07-31T11:47:25.879+0000] {dag.py:3089} INFO - Sync 1 DAGs
[2026-07-31T11:47:25.930+0000] {logging_mixin.py:188} INFO - [2026-07-31T11:47:25.930+0000] {dag.py:3947} INFO - Setting next_dagrun for example_task_group to 2026-07-30 00:00:00+00:00, run_after=2026-07-31 00:00:00+00:00
[2026-07-31T11:47:25.982+0000] {processor.py:183} INFO - Processing /home/airflow/.local/lib/python3.12/site-packages/airflow/example_dags/example_task_group.py took 0.175 seconds
[2026-07-31T11:47:56.125+0000] {processor.py:161} INFO - Started process (PID=5275) to work on /home/airflow/.local/lib/python3.12/site-packages/airflow/example_dags/example_task_group.py
[2026-07-31T11:47:56.126+0000] {processor.py:830} INFO - Processing file /home/airflow/.local/lib/python3.12/site-packages/airflow/example_dags/example_task_group.py for tasks to queue
[2026-07-31T11:47:56.129+0000] {logging_mixin.py:188} INFO - [2026-07-31T11:47:56.128+0000] {dagbag.py:545} INFO - Filling up the DagBag from /home/airflow/.local/lib/python3.12/site-packages/airflow/example_dags/example_task_group.py
[2026-07-31T11:47:56.137+0000] {processor.py:840} INFO - DAG(s) 'example_task_group' retrieved from /home/airflow/.local/lib/python3.12/site-packages/airflow/example_dags/example_task_group.py
[2026-07-31T11:47:56.164+0000] {logging_mixin.py:188} INFO - [2026-07-31T11:47:56.164+0000] {dag.py:3089} INFO - Sync 1 DAGs
[2026-07-31T11:47:56.189+0000] {logging_mixin.py:188} INFO - [2026-07-31T11:47:56.189+0000] {dag.py:3947} INFO - Setting next_dagrun for example_task_group to 2026-07-30 00:00:00+00:00, run_after=2026-07-31 00:00:00+00:00
[2026-07-31T11:47:56.213+0000] {processor.py:183} INFO - Processing /home/airflow/.local/lib/python3.12/site-packages/airflow/example_dags/example_task_group.py took 0.094 seconds
[2026-07-31T11:48:26.378+0000] {processor.py:161} INFO - Started process (PID=5333) to work on /home/airflow/.local/lib/python3.12/site-packages/airflow/example_dags/example_task_group.py
[2026-07-31T11:48:26.380+0000] {processor.py:830} INFO - Processing file /home/airflow/.local/lib/python3.12/site-packages/airflow/example_dags/example_task_group.py for tasks to queue
[2026-07-31T11:48:26.382+0000] {logging_mixin.py:188} INFO - [2026-07-31T11:48:26.382+0000] {dagbag.py:545} INFO - Filling up the DagBag from /home/airflow/.local/lib/python3.12/site-packages/airflow/example_dags/example_task_group.py
[2026-07-31T11:48:26.391+0000] {processor.py:840} INFO - DAG(s) 'example_task_group' retrieved from /home/airflow/.local/lib/python3.12/site-packages/airflow/example_dags/example_task_group.py
[2026-07-31T11:48:26.416+0000] {logging_mixin.py:188} INFO - [2026-07-31T11:48:26.415+0000] {dag.py:3089} INFO - Sync 1 DAGs
[2026-07-31T11:48:26.447+0000] {logging_mixin.py:188} INFO - [2026-07-31T11:48:26.446+0000] {dag.py:3947} INFO - Setting next_dagrun for example_task_group to 2026-07-30 00:00:00+00:00, run_after=2026-07-31 00:00:00+00:00
[2026-07-31T11:48:26.470+0000] {processor.py:183} INFO - Processing /home/airflow/.local/lib/python3.12/site-packages/airflow/example_dags/example_task_group.py took 0.099 seconds
[2026-07-31T11:48:56.625+0000] {processor.py:161} INFO - Started process (PID=5391) to work on /home/airflow/.local/lib/python3.12/site-packages/airflow/example_dags/example_task_group.py
[2026-07-31T11:48:56.627+0000] {processor.py:830} INFO - Processing file /home/airflow/.local/lib/python3.12/site-packages/airflow/example_dags/example_task_group.py for tasks to queue
[2026-07-31T11:48:56.629+0000] {logging_mixin.py:188} INFO - [2026-07-31T11:48:56.629+0000] {dagbag.py:545} INFO - Filling up the DagBag from /home/airflow/.local/lib/python3.12/site-packages/airflow/example_dags/example_task_group.py
[2026-07-31T11:48:56.638+0000] {processor.py:840} INFO - DAG(s) 'example_task_group' retrieved from /home/airflow/.local/lib/python3.12/site-packages/airflow/example_dags/example_task_group.py
[2026-07-31T11:48:56.671+0000] {logging_mixin.py:188} INFO - [2026-07-31T11:48:56.671+0000] {dag.py:3089} INFO - Sync 1 DAGs
[2026-07-31T11:48:56.704+0000] {logging_mixin.py:188} INFO - [2026-07-31T11:48:56.704+0000] {dag.py:3947} INFO - Setting next_dagrun for example_task_group to 2026-07-30 00:00:00+00:00, run_after=2026-07-31 00:00:00+00:00
[2026-07-31T11:48:56.740+0000] {processor.py:183} INFO - Processing /home/airflow/.local/lib/python3.12/site-packages/airflow/example_dags/example_task_group.py took 0.123 seconds
[2026-07-31T11:49:27.217+0000] {processor.py:161} INFO - Started process (PID=5449) to work on /home/airflow/.local/lib/python3.12/site-packages/airflow/example_dags/example_task_group.py
[2026-07-31T11:49:27.218+0000] {processor.py:830} INFO - Processing file /home/airflow/.local/lib/python3.12/site-packages/airflow/example_dags/example_task_group.py for tasks to queue
[2026-07-31T11:49:27.221+0000] {logging_mixin.py:188} INFO - [2026-07-31T11:49:27.221+0000] {dagbag.py:545} INFO - Filling up the DagBag from /home/airflow/.local/lib/python3.12/site-packages/airflow/example_dags/example_task_group.py
[2026-07-31T11:49:27.230+0000] {processor.py:840} INFO - DAG(s) 'example_task_group' retrieved from /home/airflow/.local/lib/python3.12/site-packages/airflow/example_dags/example_task_group.py
[2026-07-31T11:49:27.261+0000] {logging_mixin.py:188} INFO - [2026-07-31T11:49:27.260+0000] {dag.py:3089} INFO - Sync 1 DAGs
[2026-07-31T11:49:27.287+0000] {logging_mixin.py:188} INFO - [2026-07-31T11:49:27.287+0000] {dag.py:3947} INFO - Setting next_dagrun for example_task_group to 2026-07-30 00:00:00+00:00, run_after=2026-07-31 00:00:00+00:00
[2026-07-31T11:49:27.314+0000] {processor.py:183} INFO - Processing /home/airflow/.local/lib/python3.12/site-packages/airflow/example_dags/example_task_group.py took 0.104 seconds
[2026-07-31T11:49:57.916+0000] {processor.py:161} INFO - Started process (PID=5507) to work on /home/airflow/.local/lib/python3.12/site-packages/airflow/example_dags/example_task_group.py
[2026-07-31T11:49:57.918+0000] {processor.py:830} INFO - Processing file /home/airflow/.local/lib/python3.12/site-packages/airflow/example_dags/example_task_group.py for tasks to queue
[2026-07-31T11:49:57.920+0000] {logging_mixin.py:188} INFO - [2026-07-31T11:49:57.920+0000] {dagbag.py:545} INFO - Filling up the DagBag from /home/airflow/.local/lib/python3.12/site-packages/airflow/example_dags/example_task_group.py
[2026-07-31T11:49:57.929+0000] {processor.py:840} INFO - DAG(s) 'example_task_group' retrieved from /home/airflow/.local/lib/python3.12/site-packages/airflow/example_dags/example_task_group.py
[2026-07-31T11:49:57.954+0000] {logging_mixin.py:188} INFO - [2026-07-31T11:49:57.954+0000] {dag.py:3089} INFO - Sync 1 DAGs
[2026-07-31T11:49:57.979+0000] {logging_mixin.py:188} INFO - [2026-07-31T11:49:57.979+0000] {dag.py:3947} INFO - Setting next_dagrun for example_task_group to 2026-07-30 00:00:00+00:00, run_after=2026-07-31 00:00:00+00:00
[2026-07-31T11:49:58.002+0000] {processor.py:183} INFO - Processing /home/airflow/.local/lib/python3.12/site-packages/airflow/example_dags/example_task_group.py took 0.093 seconds
[2026-07-31T11:50:28.349+0000] {processor.py:161} INFO - Started process (PID=5565) to work on /home/airflow/.local/lib/python3.12/site-packages/airflow/example_dags/example_task_group.py
[2026-07-31T11:50:28.351+0000] {processor.py:830} INFO - Processing file /home/airflow/.local/lib/python3.12/site-packages/airflow/example_dags/example_task_group.py for tasks to queue
[2026-07-31T11:50:28.355+0000] {logging_mixin.py:188} INFO - [2026-07-31T11:50:28.354+0000] {dagbag.py:545} INFO - Filling up the DagBag from /home/airflow/.local/lib/python3.12/site-packages/airflow/example_dags/example_task_group.py
[2026-07-31T11:50:28.366+0000] {processor.py:840} INFO - DAG(s) 'example_task_group' retrieved from /home/airflow/.local/lib/python3.12/site-packages/airflow/example_dags/example_task_group.py
[2026-07-31T11:50:28.398+0000] {logging_mixin.py:188} INFO - [2026-07-31T11:50:28.398+0000] {dag.py:3089} INFO - Sync 1 DAGs
[2026-07-31T11:50:28.430+0000] {logging_mixin.py:188} INFO - [2026-07-31T11:50:28.429+0000] {dag.py:3947} INFO - Setting next_dagrun for example_task_group to 2026-07-30 00:00:00+00:00, run_after=2026-07-31 00:00:00+00:00
[2026-07-31T11:50:28.454+0000] {processor.py:183} INFO - Processing /home/airflow/.local/lib/python3.12/site-packages/airflow/example_dags/example_task_group.py took 0.115 seconds
[2026-07-31T11:50:58.702+0000] {processor.py:161} INFO - Started process (PID=5623) to work on /home/airflow/.local/lib/python3.12/site-packages/airflow/example_dags/example_task_group.py
[2026-07-31T11:50:58.703+0000] {processor.py:830} INFO - Processing file /home/airflow/.local/lib/python3.12/site-packages/airflow/example_dags/example_task_group.py for tasks to queue
[2026-07-31T11:50:58.706+0000] {logging_mixin.py:188} INFO - [2026-07-31T11:50:58.706+0000] {dagbag.py:545} INFO - Filling up the DagBag from /home/airflow/.local/lib/python3.12/site-packages/airflow/example_dags/example_task_group.py
[2026-07-31T11:50:58.716+0000] {processor.py:840} INFO - DAG(s) 'example_task_group' retrieved from /home/airflow/.local/lib/python3.12/site-packages/airflow/example_dags/example_task_group.py
[2026-07-31T11:50:58.747+0000] {logging_mixin.py:188} INFO - [2026-07-31T11:50:58.747+0000] {dag.py:3089} INFO - Sync 1 DAGs
[2026-07-31T11:50:58.778+0000] {logging_mixin.py:188} INFO - [2026-07-31T11:50:58.778+0000] {dag.py:3947} INFO - Setting next_dagrun for example_task_group to 2026-07-30 00:00:00+00:00, run_after=2026-07-31 00:00:00+00:00
[2026-07-31T11:50:58.802+0000] {processor.py:183} INFO - Processing /home/airflow/.local/lib/python3.12/site-packages/airflow/example_dags/example_task_group.py took 0.109 seconds
[2026-07-31T11:51:28.859+0000] {processor.py:161} INFO - Started process (PID=5680) to work on /home/airflow/.local/lib/python3.12/site-packages/airflow/example_dags/example_task_group.py
[2026-07-31T11:51:28.866+0000] {processor.py:830} INFO - Processing file /home/airflow/.local/lib/python3.12/site-packages/airflow/example_dags/example_task_group.py for tasks to queue
[2026-07-31T11:51:28.869+0000] {logging_mixin.py:188} INFO - [2026-07-31T11:51:28.868+0000] {dagbag.py:545} INFO - Filling up the DagBag from /home/airflow/.local/lib/python3.12/site-packages/airflow/example_dags/example_task_group.py
[2026-07-31T11:51:28.880+0000] {processor.py:840} INFO - DAG(s) 'example_task_group' retrieved from /home/airflow/.local/lib/python3.12/site-packages/airflow/example_dags/example_task_group.py
[2026-07-31T11:51:28.904+0000] {logging_mixin.py:188} INFO - [2026-07-31T11:51:28.904+0000] {dag.py:3089} INFO - Sync 1 DAGs
[2026-07-31T11:51:28.930+0000] {logging_mixin.py:188} INFO - [2026-07-31T11:51:28.930+0000] {dag.py:3947} INFO - Setting next_dagrun for example_task_group to 2026-07-30 00:00:00+00:00, run_after=2026-07-31 00:00:00+00:00
[2026-07-31T11:51:28.957+0000] {processor.py:183} INFO - Processing /home/airflow/.local/lib/python3.12/site-packages/airflow/example_dags/example_task_group.py took 0.110 seconds
[2026-07-31T11:51:59.376+0000] {processor.py:161} INFO - Started process (PID=5738) to work on /home/airflow/.local/lib/python3.12/site-packages/airflow/example_dags/example_task_group.py
[2026-07-31T11:51:59.377+0000] {processor.py:830} INFO - Processing file /home/airflow/.local/lib/python3.12/site-packages/airflow/example_dags/example_task_group.py for tasks to queue
[2026-07-31T11:51:59.379+0000] {logging_mixin.py:188} INFO - [2026-07-31T11:51:59.379+0000] {dagbag.py:545} INFO - Filling up the DagBag from /home/airflow/.local/lib/python3.12/site-packages/airflow/example_dags/example_task_group.py
[2026-07-31T11:51:59.387+0000] {processor.py:840} INFO - DAG(s) 'example_task_group' retrieved from /home/airflow/.local/lib/python3.12/site-packages/airflow/example_dags/example_task_group.py
[2026-07-31T11:51:59.413+0000] {logging_mixin.py:188} INFO - [2026-07-31T11:51:59.413+0000] {dag.py:3089} INFO - Sync 1 DAGs
[2026-07-31T11:51:59.443+0000] {logging_mixin.py:188} INFO - [2026-07-31T11:51:59.442+0000] {dag.py:3947} INFO - Setting next_dagrun for example_task_group to 2026-07-30 00:00:00+00:00, run_after=2026-07-31 00:00:00+00:00
[2026-07-31T11:51:59.473+0000] {processor.py:183} INFO - Processing /home/airflow/.local/lib/python3.12/site-packages/airflow/example_dags/example_task_group.py took 0.106 seconds
[2026-07-31T11:52:29.858+0000] {processor.py:161} INFO - Started process (PID=5796) to work on /home/airflow/.local/lib/python3.12/site-packages/airflow/example_dags/example_task_group.py
[2026-07-31T11:52:29.859+0000] {processor.py:830} INFO - Processing file /home/airflow/.local/lib/python3.12/site-packages/airflow/example_dags/example_task_group.py for tasks to queue
[2026-07-31T11:52:29.862+0000] {logging_mixin.py:188} INFO - [2026-07-31T11:52:29.862+0000] {dagbag.py:545} INFO - Filling up the DagBag from /home/airflow/.local/lib/python3.12/site-packages/airflow/example_dags/example_task_group.py
[2026-07-31T11:52:29.872+0000] {processor.py:840} INFO - DAG(s) 'example_task_group' retrieved from /home/airflow/.local/lib/python3.12/site-packages/airflow/example_dags/example_task_group.py
[2026-07-31T11:52:29.910+0000] {logging_mixin.py:188} INFO - [2026-07-31T11:52:29.909+0000] {dag.py:3089} INFO - Sync 1 DAGs
[2026-07-31T11:52:29.945+0000] {logging_mixin.py:188} INFO - [2026-07-31T11:52:29.945+0000] {dag.py:3947} INFO - Setting next_dagrun for example_task_group to 2026-07-30 00:00:00+00:00, run_after=2026-07-31 00:00:00+00:00
[2026-07-31T11:52:29.975+0000] {processor.py:183} INFO - Processing /home/airflow/.local/lib/python3.12/site-packages/airflow/example_dags/example_task_group.py took 0.125 seconds
[2026-07-31T11:53:00.494+0000] {processor.py:161} INFO - Started process (PID=5854) to work on /home/airflow/.local/lib/python3.12/site-packages/airflow/example_dags/example_task_group.py
[2026-07-31T11:53:00.496+0000] {processor.py:830} INFO - Processing file /home/airflow/.local/lib/python3.12/site-packages/airflow/example_dags/example_task_group.py for tasks to queue
[2026-07-31T11:53:00.499+0000] {logging_mixin.py:188} INFO - [2026-07-31T11:53:00.498+0000] {dagbag.py:545} INFO - Filling up the DagBag from /home/airflow/.local/lib/python3.12/site-packages/airflow/example_dags/example_task_group.py
[2026-07-31T11:53:00.508+0000] {processor.py:840} INFO - DAG(s) 'example_task_group' retrieved from /home/airflow/.local/lib/python3.12/site-packages/airflow/example_dags/example_task_group.py
[2026-07-31T11:53:00.535+0000] {logging_mixin.py:188} INFO - [2026-07-31T11:53:00.534+0000] {dag.py:3089} INFO - Sync 1 DAGs
[2026-07-31T11:53:00.561+0000] {logging_mixin.py:188} INFO - [2026-07-31T11:53:00.561+0000] {dag.py:3947} INFO - Setting next_dagrun for example_task_group to 2026-07-30 00:00:00+00:00, run_after=2026-07-31 00:00:00+00:00
[2026-07-31T11:53:00.593+0000] {processor.py:183} INFO - Processing /home/airflow/.local/lib/python3.12/site-packages/airflow/example_dags/example_task_group.py took 0.106 seconds
[2026-07-31T11:53:31.320+0000] {processor.py:161} INFO - Started process (PID=5912) to work on /home/airflow/.local/lib/python3.12/site-packages/airflow/example_dags/example_task_group.py
[2026-07-31T11:53:31.321+0000] {processor.py:830} INFO - Processing file /home/airflow/.local/lib/python3.12/site-packages/airflow/example_dags/example_task_group.py for tasks to queue
[2026-07-31T11:53:31.324+0000] {logging_mixin.py:188} INFO - [2026-07-31T11:53:31.324+0000] {dagbag.py:545} INFO - Filling up the DagBag from /home/airflow/.local/lib/python3.12/site-packages/airflow/example_dags/example_task_group.py
[2026-07-31T11:53:31.334+0000] {processor.py:840} INFO - DAG(s) 'example_task_group' retrieved from /home/airflow/.local/lib/python3.12/site-packages/airflow/example_dags/example_task_group.py
[2026-07-31T11:53:31.359+0000] {logging_mixin.py:188} INFO - [2026-07-31T11:53:31.359+0000] {dag.py:3089} INFO - Sync 1 DAGs
[2026-07-31T11:53:31.395+0000] {logging_mixin.py:188} INFO - [2026-07-31T11:53:31.395+0000] {dag.py:3947} INFO - Setting next_dagrun for example_task_group to 2026-07-30 00:00:00+00:00, run_after=2026-07-31 00:00:00+00:00
[2026-07-31T11:53:31.420+0000] {processor.py:183} INFO - Processing /home/airflow/.local/lib/python3.12/site-packages/airflow/example_dags/example_task_group.py took 0.107 seconds
[2026-07-31T11:54:01.784+0000] {processor.py:161} INFO - Started process (PID=5970) to work on /home/airflow/.local/lib/python3.12/site-packages/airflow/example_dags/example_task_group.py
[2026-07-31T11:54:01.785+0000] {processor.py:830} INFO - Processing file /home/airflow/.local/lib/python3.12/site-packages/airflow/example_dags/example_task_group.py for tasks to queue
[2026-07-31T11:54:01.788+0000] {logging_mixin.py:188} INFO - [2026-07-31T11:54:01.788+0000] {dagbag.py:545} INFO - Filling up the DagBag from /home/airflow/.local/lib/python3.12/site-packages/airflow/example_dags/example_task_group.py
[2026-07-31T11:54:01.797+0000] {processor.py:840} INFO - DAG(s) 'example_task_group' retrieved from /home/airflow/.local/lib/python3.12/site-packages/airflow/example_dags/example_task_group.py
[2026-07-31T11:54:01.991+0000] {logging_mixin.py:188} INFO - [2026-07-31T11:54:01.991+0000] {dag.py:3089} INFO - Sync 1 DAGs
[2026-07-31T11:54:02.030+0000] {logging_mixin.py:188} INFO - [2026-07-31T11:54:02.030+0000] {dag.py:3947} INFO - Setting next_dagrun for example_task_group to 2026-07-30 00:00:00+00:00, run_after=2026-07-31 00:00:00+00:00
[2026-07-31T11:54:02.058+0000] {processor.py:183} INFO - Processing /home/airflow/.local/lib/python3.12/site-packages/airflow/example_dags/example_task_group.py took 0.281 seconds
[2026-07-31T11:54:32.310+0000] {processor.py:161} INFO - Started process (PID=6029) to work on /home/airflow/.local/lib/python3.12/site-packages/airflow/example_dags/example_task_group.py
[2026-07-31T11:54:32.311+0000] {processor.py:830} INFO - Processing file /home/airflow/.local/lib/python3.12/site-packages/airflow/example_dags/example_task_group.py for tasks to queue
[2026-07-31T11:54:32.314+0000] {logging_mixin.py:188} INFO - [2026-07-31T11:54:32.313+0000] {dagbag.py:545} INFO - Filling up the DagBag from /home/airflow/.local/lib/python3.12/site-packages/airflow/example_dags/example_task_group.py
[2026-07-31T11:54:32.322+0000] {processor.py:840} INFO - DAG(s) 'example_task_group' retrieved from /home/airflow/.local/lib/python3.12/site-packages/airflow/example_dags/example_task_group.py
[2026-07-31T11:54:32.348+0000] {logging_mixin.py:188} INFO - [2026-07-31T11:54:32.348+0000] {dag.py:3089} INFO - Sync 1 DAGs
[2026-07-31T11:54:32.373+0000] {logging_mixin.py:188} INFO - [2026-07-31T11:54:32.372+0000] {dag.py:3947} INFO - Setting next_dagrun for example_task_group to 2026-07-30 00:00:00+00:00, run_after=2026-07-31 00:00:00+00:00
[2026-07-31T11:54:32.396+0000] {processor.py:183} INFO - Processing /home/airflow/.local/lib/python3.12/site-packages/airflow/example_dags/example_task_group.py took 0.094 seconds
[2026-07-31T11:55:02.753+0000] {processor.py:161} INFO - Started process (PID=6087) to work on /home/airflow/.local/lib/python3.12/site-packages/airflow/example_dags/example_task_group.py
[2026-07-31T11:55:02.755+0000] {processor.py:830} INFO - Processing file /home/airflow/.local/lib/python3.12/site-packages/airflow/example_dags/example_task_group.py for tasks to queue
[2026-07-31T11:55:02.759+0000] {logging_mixin.py:188} INFO - [2026-07-31T11:55:02.759+0000] {dagbag.py:545} INFO - Filling up the DagBag from /home/airflow/.local/lib/python3.12/site-packages/airflow/example_dags/example_task_group.py
[2026-07-31T11:55:02.768+0000] {processor.py:840} INFO - DAG(s) 'example_task_group' retrieved from /home/airflow/.local/lib/python3.12/site-packages/airflow/example_dags/example_task_group.py
[2026-07-31T11:55:02.797+0000] {logging_mixin.py:188} INFO - [2026-07-31T11:55:02.797+0000] {dag.py:3089} INFO - Sync 1 DAGs
[2026-07-31T11:55:02.824+0000] {logging_mixin.py:188} INFO - [2026-07-31T11:55:02.824+0000] {dag.py:3947} INFO - Setting next_dagrun for example_task_group to 2026-07-30 00:00:00+00:00, run_after=2026-07-31 00:00:00+00:00
[2026-07-31T11:55:02.847+0000] {processor.py:183} INFO - Processing /home/airflow/.local/lib/python3.12/site-packages/airflow/example_dags/example_task_group.py took 0.101 seconds
[2026-07-31T11:55:33.322+0000] {processor.py:161} INFO - Started process (PID=6145) to work on /home/airflow/.local/lib/python3.12/site-packages/airflow/example_dags/example_task_group.py
[2026-07-31T11:55:33.323+0000] {processor.py:830} INFO - Processing file /home/airflow/.local/lib/python3.12/site-packages/airflow/example_dags/example_task_group.py for tasks to queue
[2026-07-31T11:55:33.326+0000] {logging_mixin.py:188} INFO - [2026-07-31T11:55:33.325+0000] {dagbag.py:545} INFO - Filling up the DagBag from /home/airflow/.local/lib/python3.12/site-packages/airflow/example_dags/example_task_group.py
[2026-07-31T11:55:33.335+0000] {processor.py:840} INFO - DAG(s) 'example_task_group' retrieved from /home/airflow/.local/lib/python3.12/site-packages/airflow/example_dags/example_task_group.py
[2026-07-31T11:55:33.366+0000] {logging_mixin.py:188} INFO - [2026-07-31T11:55:33.366+0000] {dag.py:3089} INFO - Sync 1 DAGs
[2026-07-31T11:55:33.401+0000] {logging_mixin.py:188} INFO - [2026-07-31T11:55:33.400+0000] {dag.py:3947} INFO - Setting next_dagrun for example_task_group to 2026-07-30 00:00:00+00:00, run_after=2026-07-31 00:00:00+00:00
[2026-07-31T11:55:33.429+0000] {processor.py:183} INFO - Processing /home/airflow/.local/lib/python3.12/site-packages/airflow/example_dags/example_task_group.py took 0.116 seconds
[2026-07-31T11:56:03.917+0000] {processor.py:161} INFO - Started process (PID=6204) to work on /home/airflow/.local/lib/python3.12/site-packages/airflow/example_dags/example_task_group.py
[2026-07-31T11:56:03.918+0000] {processor.py:830} INFO - Processing file /home/airflow/.local/lib/python3.12/site-packages/airflow/example_dags/example_task_group.py for tasks to queue
[2026-07-31T11:56:03.921+0000] {logging_mixin.py:188} INFO - [2026-07-31T11:56:03.920+0000] {dagbag.py:545} INFO - Filling up the DagBag from /home/airflow/.local/lib/python3.12/site-packages/airflow/example_dags/example_task_group.py
[2026-07-31T11:56:03.931+0000] {processor.py:840} INFO - DAG(s) 'example_task_group' retrieved from /home/airflow/.local/lib/python3.12/site-packages/airflow/example_dags/example_task_group.py
[2026-07-31T11:56:03.958+0000] {logging_mixin.py:188} INFO - [2026-07-31T11:56:03.957+0000] {dag.py:3089} INFO - Sync 1 DAGs
[2026-07-31T11:56:03.989+0000] {logging_mixin.py:188} INFO - [2026-07-31T11:56:03.989+0000] {dag.py:3947} INFO - Setting next_dagrun for example_task_group to 2026-07-30 00:00:00+00:00, run_after=2026-07-31 00:00:00+00:00
[2026-07-31T11:56:04.018+0000] {processor.py:183} INFO - Processing /home/airflow/.local/lib/python3.12/site-packages/airflow/example_dags/example_task_group.py took 0.108 seconds
[2026-07-31T11:56:34.557+0000] {processor.py:161} INFO - Started process (PID=6262) to work on /home/airflow/.local/lib/python3.12/site-packages/airflow/example_dags/example_task_group.py
[2026-07-31T11:56:34.558+0000] {processor.py:830} INFO - Processing file /home/airflow/.local/lib/python3.12/site-packages/airflow/example_dags/example_task_group.py for tasks to queue
[2026-07-31T11:56:34.561+0000] {logging_mixin.py:188} INFO - [2026-07-31T11:56:34.560+0000] {dagbag.py:545} INFO - Filling up the DagBag from /home/airflow/.local/lib/python3.12/site-packages/airflow/example_dags/example_task_group.py
[2026-07-31T11:56:34.569+0000] {processor.py:840} INFO - DAG(s) 'example_task_group' retrieved from /home/airflow/.local/lib/python3.12/site-packages/airflow/example_dags/example_task_group.py
[2026-07-31T11:56:34.598+0000] {logging_mixin.py:188} INFO - [2026-07-31T11:56:34.598+0000] {dag.py:3089} INFO - Sync 1 DAGs
[2026-07-31T11:56:34.625+0000] {logging_mixin.py:188} INFO - [2026-07-31T11:56:34.625+0000] {dag.py:3947} INFO - Setting next_dagrun for example_task_group to 2026-07-30 00:00:00+00:00, run_after=2026-07-31 00:00:00+00:00
[2026-07-31T11:56:34.648+0000] {processor.py:183} INFO - Processing /home/airflow/.local/lib/python3.12/site-packages/airflow/example_dags/example_task_group.py took 0.099 seconds
[2026-07-31T11:57:05.269+0000] {processor.py:161} INFO - Started process (PID=6320) to work on /home/airflow/.local/lib/python3.12/site-packages/airflow/example_dags/example_task_group.py
[2026-07-31T11:57:05.272+0000] {processor.py:830} INFO - Processing file /home/airflow/.local/lib/python3.12/site-packages/airflow/example_dags/example_task_group.py for tasks to queue
[2026-07-31T11:57:05.279+0000] {logging_mixin.py:188} INFO - [2026-07-31T11:57:05.278+0000] {dagbag.py:545} INFO - Filling up the DagBag from /home/airflow/.local/lib/python3.12/site-packages/airflow/example_dags/example_task_group.py
[2026-07-31T11:57:05.297+0000] {processor.py:840} INFO - DAG(s) 'example_task_group' retrieved from /home/airflow/.local/lib/python3.12/site-packages/airflow/example_dags/example_task_group.py
[2026-07-31T11:57:05.362+0000] {logging_mixin.py:188} INFO - [2026-07-31T11:57:05.361+0000] {dag.py:3089} INFO - Sync 1 DAGs
[2026-07-31T11:57:05.443+0000] {logging_mixin.py:188} INFO - [2026-07-31T11:57:05.442+0000] {dag.py:3947} INFO - Setting next_dagrun for example_task_group to 2026-07-30 00:00:00+00:00, run_after=2026-07-31 00:00:00+00:00
[2026-07-31T11:57:05.560+0000] {processor.py:183} INFO - Processing /home/airflow/.local/lib/python3.12/site-packages/airflow/example_dags/example_task_group.py took 0.311 seconds
[2026-07-31T11:57:35.895+0000] {processor.py:161} INFO - Started process (PID=6378) to work on /home/airflow/.local/lib/python3.12/site-packages/airflow/example_dags/example_task_group.py
[2026-07-31T11:57:35.898+0000] {processor.py:830} INFO - Processing file /home/airflow/.local/lib/python3.12/site-packages/airflow/example_dags/example_task_group.py for tasks to queue
[2026-07-31T11:57:35.906+0000] {logging_mixin.py:188} INFO - [2026-07-31T11:57:35.905+0000] {dagbag.py:545} INFO - Filling up the DagBag from /home/airflow/.local/lib/python3.12/site-packages/airflow/example_dags/example_task_group.py
[2026-07-31T11:57:35.931+0000] {processor.py:840} INFO - DAG(s) 'example_task_group' retrieved from /home/airflow/.local/lib/python3.12/site-packages/airflow/example_dags/example_task_group.py
[2026-07-31T11:57:36.005+0000] {logging_mixin.py:188} INFO - [2026-07-31T11:57:36.005+0000] {dag.py:3089} INFO - Sync 1 DAGs
[2026-07-31T11:57:36.230+0000] {logging_mixin.py:188} INFO - [2026-07-31T11:57:36.228+0000] {dag.py:3947} INFO - Setting next_dagrun for example_task_group to 2026-07-30 00:00:00+00:00, run_after=2026-07-31 00:00:00+00:00
[2026-07-31T11:57:36.378+0000] {processor.py:183} INFO - Processing /home/airflow/.local/lib/python3.12/site-packages/airflow/example_dags/example_task_group.py took 0.508 seconds
[2026-07-31T11:58:07.229+0000] {processor.py:161} INFO - Started process (PID=6437) to work on /home/airflow/.local/lib/python3.12/site-packages/airflow/example_dags/example_task_group.py
[2026-07-31T11:58:07.232+0000] {processor.py:830} INFO - Processing file /home/airflow/.local/lib/python3.12/site-packages/airflow/example_dags/example_task_group.py for tasks to queue
[2026-07-31T11:58:07.237+0000] {logging_mixin.py:188} INFO - [2026-07-31T11:58:07.236+0000] {dagbag.py:545} INFO - Filling up the DagBag from /home/airflow/.local/lib/python3.12/site-packages/airflow/example_dags/example_task_group.py
[2026-07-31T11:58:07.252+0000] {processor.py:840} INFO - DAG(s) 'example_task_group' retrieved from /home/airflow/.local/lib/python3.12/site-packages/airflow/example_dags/example_task_group.py
[2026-07-31T11:58:07.311+0000] {logging_mixin.py:188} INFO - [2026-07-31T11:58:07.310+0000] {dag.py:3089} INFO - Sync 1 DAGs
[2026-07-31T11:58:07.376+0000] {logging_mixin.py:188} INFO - [2026-07-31T11:58:07.374+0000] {dag.py:3947} INFO - Setting next_dagrun for example_task_group to 2026-07-30 00:00:00+00:00, run_after=2026-07-31 00:00:00+00:00
[2026-07-31T11:58:07.431+0000] {processor.py:183} INFO - Processing /home/airflow/.local/lib/python3.12/site-packages/airflow/example_dags/example_task_group.py took 0.217 seconds
[2026-07-31T11:58:37.995+0000] {processor.py:161} INFO - Started process (PID=6495) to work on /home/airflow/.local/lib/python3.12/site-packages/airflow/example_dags/example_task_group.py
[2026-07-31T11:58:37.997+0000] {processor.py:830} INFO - Processing file /home/airflow/.local/lib/python3.12/site-packages/airflow/example_dags/example_task_group.py for tasks to queue
[2026-07-31T11:58:38.001+0000] {logging_mixin.py:188} INFO - [2026-07-31T11:58:38.001+0000] {dagbag.py:545} INFO - Filling up the DagBag from /home/airflow/.local/lib/python3.12/site-packages/airflow/example_dags/example_task_group.py
[2026-07-31T11:58:38.015+0000] {processor.py:840} INFO - DAG(s) 'example_task_group' retrieved from /home/airflow/.local/lib/python3.12/site-packages/airflow/example_dags/example_task_group.py
[2026-07-31T11:58:38.051+0000] {logging_mixin.py:188} INFO - [2026-07-31T11:58:38.051+0000] {dag.py:3089} INFO - Sync 1 DAGs
[2026-07-31T11:58:38.079+0000] {logging_mixin.py:188} INFO - [2026-07-31T11:58:38.079+0000] {dag.py:3947} INFO - Setting next_dagrun for example_task_group to 2026-07-30 00:00:00+00:00, run_after=2026-07-31 00:00:00+00:00
[2026-07-31T11:58:38.101+0000] {processor.py:183} INFO - Processing /home/airflow/.local/lib/python3.12/site-packages/airflow/example_dags/example_task_group.py took 0.114 seconds
[2026-07-31T11:59:08.725+0000] {processor.py:161} INFO - Started process (PID=6553) to work on /home/airflow/.local/lib/python3.12/site-packages/airflow/example_dags/example_task_group.py
[2026-07-31T11:59:08.728+0000] {processor.py:830} INFO - Processing file /home/airflow/.local/lib/python3.12/site-packages/airflow/example_dags/example_task_group.py for tasks to queue
[2026-07-31T11:59:08.731+0000] {logging_mixin.py:188} INFO - [2026-07-31T11:59:08.731+0000] {dagbag.py:545} INFO - Filling up the DagBag from /home/airflow/.local/lib/python3.12/site-packages/airflow/example_dags/example_task_group.py
[2026-07-31T11:59:08.740+0000] {processor.py:840} INFO - DAG(s) 'example_task_group' retrieved from /home/airflow/.local/lib/python3.12/site-packages/airflow/example_dags/example_task_group.py
[2026-07-31T11:59:08.768+0000] {logging_mixin.py:188} INFO - [2026-07-31T11:59:08.768+0000] {dag.py:3089} INFO - Sync 1 DAGs
[2026-07-31T11:59:08.797+0000] {logging_mixin.py:188} INFO - [2026-07-31T11:59:08.797+0000] {dag.py:3947} INFO - Setting next_dagrun for example_task_group to 2026-07-30 00:00:00+00:00, run_after=2026-07-31 00:00:00+00:00
[2026-07-31T11:59:08.821+0000] {processor.py:183} INFO - Processing /home/airflow/.local/lib/python3.12/site-packages/airflow/example_dags/example_task_group.py took 0.102 seconds
[2026-07-31T11:59:39.356+0000] {processor.py:161} INFO - Started process (PID=6611) to work on /home/airflow/.local/lib/python3.12/site-packages/airflow/example_dags/example_task_group.py
[2026-07-31T11:59:39.358+0000] {processor.py:830} INFO - Processing file /home/airflow/.local/lib/python3.12/site-packages/airflow/example_dags/example_task_group.py for tasks to queue
[2026-07-31T11:59:39.360+0000] {logging_mixin.py:188} INFO - [2026-07-31T11:59:39.360+0000] {dagbag.py:545} INFO - Filling up the DagBag from /home/airflow/.local/lib/python3.12/site-packages/airflow/example_dags/example_task_group.py
[2026-07-31T11:59:39.370+0000] {processor.py:840} INFO - DAG(s) 'example_task_group' retrieved from /home/airflow/.local/lib/python3.12/site-packages/airflow/example_dags/example_task_group.py
[2026-07-31T11:59:39.398+0000] {logging_mixin.py:188} INFO - [2026-07-31T11:59:39.397+0000] {dag.py:3089} INFO - Sync 1 DAGs
[2026-07-31T11:59:39.427+0000] {logging_mixin.py:188} INFO - [2026-07-31T11:59:39.427+0000] {dag.py:3947} INFO - Setting next_dagrun for example_task_group to 2026-07-30 00:00:00+00:00, run_after=2026-07-31 00:00:00+00:00
[2026-07-31T11:59:39.450+0000] {processor.py:183} INFO - Processing /home/airflow/.local/lib/python3.12/site-packages/airflow/example_dags/example_task_group.py took 0.104 seconds
[2026-07-31T12:00:09.650+0000] {processor.py:161} INFO - Started process (PID=6669) to work on /home/airflow/.local/lib/python3.12/site-packages/airflow/example_dags/example_task_group.py
[2026-07-31T12:00:09.652+0000] {processor.py:830} INFO - Processing file /home/airflow/.local/lib/python3.12/site-packages/airflow/example_dags/example_task_group.py for tasks to queue
[2026-07-31T12:00:09.655+0000] {logging_mixin.py:188} INFO - [2026-07-31T12:00:09.654+0000] {dagbag.py:545} INFO - Filling up the DagBag from /home/airflow/.local/lib/python3.12/site-packages/airflow/example_dags/example_task_group.py
[2026-07-31T12:00:09.663+0000] {processor.py:840} INFO - DAG(s) 'example_task_group' retrieved from /home/airflow/.local/lib/python3.12/site-packages/airflow/example_dags/example_task_group.py
[2026-07-31T12:00:09.692+0000] {logging_mixin.py:188} INFO - [2026-07-31T12:00:09.692+0000] {dag.py:3089} INFO - Sync 1 DAGs
[2026-07-31T12:00:09.720+0000] {logging_mixin.py:188} INFO - [2026-07-31T12:00:09.720+0000] {dag.py:3947} INFO - Setting next_dagrun for example_task_group to 2026-07-30 00:00:00+00:00, run_after=2026-07-31 00:00:00+00:00
[2026-07-31T12:00:09.747+0000] {processor.py:183} INFO - Processing /home/airflow/.local/lib/python3.12/site-packages/airflow/example_dags/example_task_group.py took 0.104 seconds
[2026-07-31T12:00:40.047+0000] {processor.py:161} INFO - Started process (PID=6727) to work on /home/airflow/.local/lib/python3.12/site-packages/airflow/example_dags/example_task_group.py
[2026-07-31T12:00:40.049+0000] {processor.py:830} INFO - Processing file /home/airflow/.local/lib/python3.12/site-packages/airflow/example_dags/example_task_group.py for tasks to queue
[2026-07-31T12:00:40.051+0000] {logging_mixin.py:188} INFO - [2026-07-31T12:00:40.050+0000] {dagbag.py:545} INFO - Filling up the DagBag from /home/airflow/.local/lib/python3.12/site-packages/airflow/example_dags/example_task_group.py
[2026-07-31T12:00:40.061+0000] {processor.py:840} INFO - DAG(s) 'example_task_group' retrieved from /home/airflow/.local/lib/python3.12/site-packages/airflow/example_dags/example_task_group.py
[2026-07-31T12:00:40.088+0000] {logging_mixin.py:188} INFO - [2026-07-31T12:00:40.088+0000] {dag.py:3089} INFO - Sync 1 DAGs
[2026-07-31T12:00:40.116+0000] {logging_mixin.py:188} INFO - [2026-07-31T12:00:40.116+0000] {dag.py:3947} INFO - Setting next_dagrun for example_task_group to 2026-07-30 00:00:00+00:00, run_after=2026-07-31 00:00:00+00:00
[2026-07-31T12:00:40.143+0000] {processor.py:183} INFO - Processing /home/airflow/.local/lib/python3.12/site-packages/airflow/example_dags/example_task_group.py took 0.102 seconds
[2026-07-31T12:01:10.238+0000] {processor.py:161} INFO - Started process (PID=6785) to work on /home/airflow/.local/lib/python3.12/site-packages/airflow/example_dags/example_task_group.py
[2026-07-31T12:01:10.239+0000] {processor.py:830} INFO - Processing file /home/airflow/.local/lib/python3.12/site-packages/airflow/example_dags/example_task_group.py for tasks to queue
[2026-07-31T12:01:10.242+0000] {logging_mixin.py:188} INFO - [2026-07-31T12:01:10.241+0000] {dagbag.py:545} INFO - Filling up the DagBag from /home/airflow/.local/lib/python3.12/site-packages/airflow/example_dags/example_task_group.py
[2026-07-31T12:01:10.256+0000] {processor.py:840} INFO - DAG(s) 'example_task_group' retrieved from /home/airflow/.local/lib/python3.12/site-packages/airflow/example_dags/example_task_group.py
[2026-07-31T12:01:10.299+0000] {logging_mixin.py:188} INFO - [2026-07-31T12:01:10.298+0000] {dag.py:3089} INFO - Sync 1 DAGs
[2026-07-31T12:01:10.337+0000] {logging_mixin.py:188} INFO - [2026-07-31T12:01:10.336+0000] {dag.py:3947} INFO - Setting next_dagrun for example_task_group to 2026-07-30 00:00:00+00:00, run_after=2026-07-31 00:00:00+00:00
[2026-07-31T12:01:10.372+0000] {processor.py:183} INFO - Processing /home/airflow/.local/lib/python3.12/site-packages/airflow/example_dags/example_task_group.py took 0.143 seconds
[2026-07-31T12:01:40.602+0000] {processor.py:161} INFO - Started process (PID=6843) to work on /home/airflow/.local/lib/python3.12/site-packages/airflow/example_dags/example_task_group.py
[2026-07-31T12:01:40.604+0000] {processor.py:830} INFO - Processing file /home/airflow/.local/lib/python3.12/site-packages/airflow/example_dags/example_task_group.py for tasks to queue
[2026-07-31T12:01:40.607+0000] {logging_mixin.py:188} INFO - [2026-07-31T12:01:40.606+0000] {dagbag.py:545} INFO - Filling up the DagBag from /home/airflow/.local/lib/python3.12/site-packages/airflow/example_dags/example_task_group.py
[2026-07-31T12:01:40.620+0000] {processor.py:840} INFO - DAG(s) 'example_task_group' retrieved from /home/airflow/.local/lib/python3.12/site-packages/airflow/example_dags/example_task_group.py
[2026-07-31T12:01:40.649+0000] {logging_mixin.py:188} INFO - [2026-07-31T12:01:40.649+0000] {dag.py:3089} INFO - Sync 1 DAGs
[2026-07-31T12:01:40.688+0000] {logging_mixin.py:188} INFO - [2026-07-31T12:01:40.688+0000] {dag.py:3947} INFO - Setting next_dagrun for example_task_group to 2026-07-30 00:00:00+00:00, run_after=2026-07-31 00:00:00+00:00
[2026-07-31T12:01:40.719+0000] {processor.py:183} INFO - Processing /home/airflow/.local/lib/python3.12/site-packages/airflow/example_dags/example_task_group.py took 0.126 seconds
[2026-07-31T12:02:11.001+0000] {processor.py:161} INFO - Started process (PID=6901) to work on /home/airflow/.local/lib/python3.12/site-packages/airflow/example_dags/example_task_group.py
[2026-07-31T12:02:11.002+0000] {processor.py:830} INFO - Processing file /home/airflow/.local/lib/python3.12/site-packages/airflow/example_dags/example_task_group.py for tasks to queue
[2026-07-31T12:02:11.005+0000] {logging_mixin.py:188} INFO - [2026-07-31T12:02:11.004+0000] {dagbag.py:545} INFO - Filling up the DagBag from /home/airflow/.local/lib/python3.12/site-packages/airflow/example_dags/example_task_group.py
[2026-07-31T12:02:11.016+0000] {processor.py:840} INFO - DAG(s) 'example_task_group' retrieved from /home/airflow/.local/lib/python3.12/site-packages/airflow/example_dags/example_task_group.py
[2026-07-31T12:02:11.048+0000] {logging_mixin.py:188} INFO - [2026-07-31T12:02:11.048+0000] {dag.py:3089} INFO - Sync 1 DAGs
[2026-07-31T12:02:11.097+0000] {logging_mixin.py:188} INFO - [2026-07-31T12:02:11.097+0000] {dag.py:3947} INFO - Setting next_dagrun for example_task_group to 2026-07-30 00:00:00+00:00, run_after=2026-07-31 00:00:00+00:00
[2026-07-31T12:02:11.132+0000] {processor.py:183} INFO - Processing /home/airflow/.local/lib/python3.12/site-packages/airflow/example_dags/example_task_group.py took 0.138 seconds
[2026-07-31T12:02:42.029+0000] {processor.py:161} INFO - Started process (PID=6958) to work on /home/airflow/.local/lib/python3.12/site-packages/airflow/example_dags/example_task_group.py
[2026-07-31T12:02:42.032+0000] {processor.py:830} INFO - Processing file /home/airflow/.local/lib/python3.12/site-packages/airflow/example_dags/example_task_group.py for tasks to queue
[2026-07-31T12:02:42.037+0000] {logging_mixin.py:188} INFO - [2026-07-31T12:02:42.036+0000] {dagbag.py:545} INFO - Filling up the DagBag from /home/airflow/.local/lib/python3.12/site-packages/airflow/example_dags/example_task_group.py
[2026-07-31T12:02:42.046+0000] {processor.py:840} INFO - DAG(s) 'example_task_group' retrieved from /home/airflow/.local/lib/python3.12/site-packages/airflow/example_dags/example_task_group.py
[2026-07-31T12:02:42.071+0000] {logging_mixin.py:188} INFO - [2026-07-31T12:02:42.071+0000] {dag.py:3089} INFO - Sync 1 DAGs
[2026-07-31T12:02:42.099+0000] {logging_mixin.py:188} INFO - [2026-07-31T12:02:42.098+0000] {dag.py:3947} INFO - Setting next_dagrun for example_task_group to 2026-07-30 00:00:00+00:00, run_after=2026-07-31 00:00:00+00:00
[2026-07-31T12:02:42.121+0000] {processor.py:183} INFO - Processing /home/airflow/.local/lib/python3.12/site-packages/airflow/example_dags/example_task_group.py took 0.105 seconds
[2026-07-31T12:03:12.834+0000] {processor.py:161} INFO - Started process (PID=7015) to work on /home/airflow/.local/lib/python3.12/site-packages/airflow/example_dags/example_task_group.py
[2026-07-31T12:03:12.835+0000] {processor.py:830} INFO - Processing file /home/airflow/.local/lib/python3.12/site-packages/airflow/example_dags/example_task_group.py for tasks to queue
[2026-07-31T12:03:12.837+0000] {logging_mixin.py:188} INFO - [2026-07-31T12:03:12.837+0000] {dagbag.py:545} INFO - Filling up the DagBag from /home/airflow/.local/lib/python3.12/site-packages/airflow/example_dags/example_task_group.py
[2026-07-31T12:03:12.846+0000] {processor.py:840} INFO - DAG(s) 'example_task_group' retrieved from /home/airflow/.local/lib/python3.12/site-packages/airflow/example_dags/example_task_group.py
[2026-07-31T12:03:12.881+0000] {logging_mixin.py:188} INFO - [2026-07-31T12:03:12.880+0000] {dag.py:3089} INFO - Sync 1 DAGs
[2026-07-31T12:03:12.911+0000] {logging_mixin.py:188} INFO - [2026-07-31T12:03:12.910+0000] {dag.py:3947} INFO - Setting next_dagrun for example_task_group to 2026-07-30 00:00:00+00:00, run_after=2026-07-31 00:00:00+00:00
[2026-07-31T12:03:12.936+0000] {processor.py:183} INFO - Processing /home/airflow/.local/lib/python3.12/site-packages/airflow/example_dags/example_task_group.py took 0.110 seconds
[2026-07-31T12:03:42.997+0000] {processor.py:161} INFO - Started process (PID=7072) to work on /home/airflow/.local/lib/python3.12/site-packages/airflow/example_dags/example_task_group.py
[2026-07-31T12:03:42.999+0000] {processor.py:830} INFO - Processing file /home/airflow/.local/lib/python3.12/site-packages/airflow/example_dags/example_task_group.py for tasks to queue
[2026-07-31T12:03:43.002+0000] {logging_mixin.py:188} INFO - [2026-07-31T12:03:43.001+0000] {dagbag.py:545} INFO - Filling up the DagBag from /home/airflow/.local/lib/python3.12/site-packages/airflow/example_dags/example_task_group.py
[2026-07-31T12:03:43.014+0000] {processor.py:840} INFO - DAG(s) 'example_task_group' retrieved from /home/airflow/.local/lib/python3.12/site-packages/airflow/example_dags/example_task_group.py
[2026-07-31T12:03:43.047+0000] {logging_mixin.py:188} INFO - [2026-07-31T12:03:43.047+0000] {dag.py:3089} INFO - Sync 1 DAGs
[2026-07-31T12:03:43.081+0000] {logging_mixin.py:188} INFO - [2026-07-31T12:03:43.081+0000] {dag.py:3947} INFO - Setting next_dagrun for example_task_group to 2026-07-30 00:00:00+00:00, run_after=2026-07-31 00:00:00+00:00
[2026-07-31T12:03:43.111+0000] {processor.py:183} INFO - Processing /home/airflow/.local/lib/python3.12/site-packages/airflow/example_dags/example_task_group.py took 0.121 seconds
[2026-07-31T12:04:13.363+0000] {processor.py:161} INFO - Started process (PID=7131) to work on /home/airflow/.local/lib/python3.12/site-packages/airflow/example_dags/example_task_group.py
[2026-07-31T12:04:13.364+0000] {processor.py:830} INFO - Processing file /home/airflow/.local/lib/python3.12/site-packages/airflow/example_dags/example_task_group.py for tasks to queue
[2026-07-31T12:04:13.366+0000] {logging_mixin.py:188} INFO - [2026-07-31T12:04:13.366+0000] {dagbag.py:545} INFO - Filling up the DagBag from /home/airflow/.local/lib/python3.12/site-packages/airflow/example_dags/example_task_group.py
[2026-07-31T12:04:13.378+0000] {processor.py:840} INFO - DAG(s) 'example_task_group' retrieved from /home/airflow/.local/lib/python3.12/site-packages/airflow/example_dags/example_task_group.py
[2026-07-31T12:04:13.403+0000] {logging_mixin.py:188} INFO - [2026-07-31T12:04:13.403+0000] {dag.py:3089} INFO - Sync 1 DAGs
[2026-07-31T12:04:13.435+0000] {logging_mixin.py:188} INFO - [2026-07-31T12:04:13.435+0000] {dag.py:3947} INFO - Setting next_dagrun for example_task_group to 2026-07-30 00:00:00+00:00, run_after=2026-07-31 00:00:00+00:00
[2026-07-31T12:04:13.459+0000] {processor.py:183} INFO - Processing /home/airflow/.local/lib/python3.12/site-packages/airflow/example_dags/example_task_group.py took 0.103 seconds
[2026-07-31T12:04:43.984+0000] {processor.py:161} INFO - Started process (PID=7189) to work on /home/airflow/.local/lib/python3.12/site-packages/airflow/example_dags/example_task_group.py
[2026-07-31T12:04:43.985+0000] {processor.py:830} INFO - Processing file /home/airflow/.local/lib/python3.12/site-packages/airflow/example_dags/example_task_group.py for tasks to queue
[2026-07-31T12:04:43.988+0000] {logging_mixin.py:188} INFO - [2026-07-31T12:04:43.988+0000] {dagbag.py:545} INFO - Filling up the DagBag from /home/airflow/.local/lib/python3.12/site-packages/airflow/example_dags/example_task_group.py
[2026-07-31T12:04:43.998+0000] {processor.py:840} INFO - DAG(s) 'example_task_group' retrieved from /home/airflow/.local/lib/python3.12/site-packages/airflow/example_dags/example_task_group.py
[2026-07-31T12:04:44.027+0000] {logging_mixin.py:188} INFO - [2026-07-31T12:04:44.027+0000] {dag.py:3089} INFO - Sync 1 DAGs
[2026-07-31T12:04:44.063+0000] {logging_mixin.py:188} INFO - [2026-07-31T12:04:44.062+0000] {dag.py:3947} INFO - Setting next_dagrun for example_task_group to 2026-07-30 00:00:00+00:00, run_after=2026-07-31 00:00:00+00:00
[2026-07-31T12:04:44.091+0000] {processor.py:183} INFO - Processing /home/airflow/.local/lib/python3.12/site-packages/airflow/example_dags/example_task_group.py took 0.116 seconds
[2026-07-31T12:05:15.897+0000] {processor.py:161} INFO - Started process (PID=7246) to work on /home/airflow/.local/lib/python3.12/site-packages/airflow/example_dags/example_task_group.py
[2026-07-31T12:05:15.904+0000] {processor.py:830} INFO - Processing file /home/airflow/.local/lib/python3.12/site-packages/airflow/example_dags/example_task_group.py for tasks to queue
[2026-07-31T12:05:15.914+0000] {logging_mixin.py:188} INFO - [2026-07-31T12:05:15.913+0000] {dagbag.py:545} INFO - Filling up the DagBag from /home/airflow/.local/lib/python3.12/site-packages/airflow/example_dags/example_task_group.py
[2026-07-31T12:05:15.973+0000] {processor.py:840} INFO - DAG(s) 'example_task_group' retrieved from /home/airflow/.local/lib/python3.12/site-packages/airflow/example_dags/example_task_group.py
[2026-07-31T12:05:16.073+0000] {logging_mixin.py:188} INFO - [2026-07-31T12:05:16.072+0000] {dag.py:3089} INFO - Sync 1 DAGs
[2026-07-31T12:05:16.154+0000] {logging_mixin.py:188} INFO - [2026-07-31T12:05:16.142+0000] {dag.py:3947} INFO - Setting next_dagrun for example_task_group to 2026-07-30 00:00:00+00:00, run_after=2026-07-31 00:00:00+00:00
[2026-07-31T12:05:16.270+0000] {processor.py:183} INFO - Processing /home/airflow/.local/lib/python3.12/site-packages/airflow/example_dags/example_task_group.py took 0.402 seconds
[2026-07-31T12:05:46.853+0000] {processor.py:161} INFO - Started process (PID=7305) to work on /home/airflow/.local/lib/python3.12/site-packages/airflow/example_dags/example_task_group.py
[2026-07-31T12:05:46.855+0000] {processor.py:830} INFO - Processing file /home/airflow/.local/lib/python3.12/site-packages/airflow/example_dags/example_task_group.py for tasks to queue
[2026-07-31T12:05:46.860+0000] {logging_mixin.py:188} INFO - [2026-07-31T12:05:46.859+0000] {dagbag.py:545} INFO - Filling up the DagBag from /home/airflow/.local/lib/python3.12/site-packages/airflow/example_dags/example_task_group.py
[2026-07-31T12:05:46.874+0000] {processor.py:840} INFO - DAG(s) 'example_task_group' retrieved from /home/airflow/.local/lib/python3.12/site-packages/airflow/example_dags/example_task_group.py
[2026-07-31T12:05:46.915+0000] {logging_mixin.py:188} INFO - [2026-07-31T12:05:46.915+0000] {dag.py:3089} INFO - Sync 1 DAGs
[2026-07-31T12:05:46.951+0000] {logging_mixin.py:188} INFO - [2026-07-31T12:05:46.951+0000] {dag.py:3947} INFO - Setting next_dagrun for example_task_group to 2026-07-30 00:00:00+00:00, run_after=2026-07-31 00:00:00+00:00
[2026-07-31T12:05:46.998+0000] {processor.py:183} INFO - Processing /home/airflow/.local/lib/python3.12/site-packages/airflow/example_dags/example_task_group.py took 0.164 seconds
[2026-07-31T12:06:17.057+0000] {processor.py:161} INFO - Started process (PID=7362) to work on /home/airflow/.local/lib/python3.12/site-packages/airflow/example_dags/example_task_group.py
[2026-07-31T12:06:17.059+0000] {processor.py:830} INFO - Processing file /home/airflow/.local/lib/python3.12/site-packages/airflow/example_dags/example_task_group.py for tasks to queue
[2026-07-31T12:06:17.061+0000] {logging_mixin.py:188} INFO - [2026-07-31T12:06:17.061+0000] {dagbag.py:545} INFO - Filling up the DagBag from /home/airflow/.local/lib/python3.12/site-packages/airflow/example_dags/example_task_group.py
[2026-07-31T12:06:17.070+0000] {processor.py:840} INFO - DAG(s) 'example_task_group' retrieved from /home/airflow/.local/lib/python3.12/site-packages/airflow/example_dags/example_task_group.py
[2026-07-31T12:06:17.092+0000] {logging_mixin.py:188} INFO - [2026-07-31T12:06:17.091+0000] {dag.py:3089} INFO - Sync 1 DAGs
[2026-07-31T12:06:17.120+0000] {logging_mixin.py:188} INFO - [2026-07-31T12:06:17.119+0000] {dag.py:3947} INFO - Setting next_dagrun for example_task_group to 2026-07-30 00:00:00+00:00, run_after=2026-07-31 00:00:00+00:00
[2026-07-31T12:06:17.145+0000] {processor.py:183} INFO - Processing /home/airflow/.local/lib/python3.12/site-packages/airflow/example_dags/example_task_group.py took 0.098 seconds
[2026-07-31T12:06:47.414+0000] {processor.py:161} INFO - Started process (PID=7421) to work on /home/airflow/.local/lib/python3.12/site-packages/airflow/example_dags/example_task_group.py
[2026-07-31T12:06:47.416+0000] {processor.py:830} INFO - Processing file /home/airflow/.local/lib/python3.12/site-packages/airflow/example_dags/example_task_group.py for tasks to queue
[2026-07-31T12:06:47.419+0000] {logging_mixin.py:188} INFO - [2026-07-31T12:06:47.419+0000] {dagbag.py:545} INFO - Filling up the DagBag from /home/airflow/.local/lib/python3.12/site-packages/airflow/example_dags/example_task_group.py
[2026-07-31T12:06:47.429+0000] {processor.py:840} INFO - DAG(s) 'example_task_group' retrieved from /home/airflow/.local/lib/python3.12/site-packages/airflow/example_dags/example_task_group.py
[2026-07-31T12:06:47.475+0000] {logging_mixin.py:188} INFO - [2026-07-31T12:06:47.474+0000] {dag.py:3089} INFO - Sync 1 DAGs
[2026-07-31T12:06:47.549+0000] {logging_mixin.py:188} INFO - [2026-07-31T12:06:47.547+0000] {dag.py:3947} INFO - Setting next_dagrun for example_task_group to 2026-07-30 00:00:00+00:00, run_after=2026-07-31 00:00:00+00:00
[2026-07-31T12:06:47.704+0000] {processor.py:183} INFO - Processing /home/airflow/.local/lib/python3.12/site-packages/airflow/example_dags/example_task_group.py took 0.291 seconds
[2026-07-31T12:07:18.013+0000] {processor.py:161} INFO - Started process (PID=7479) to work on /home/airflow/.local/lib/python3.12/site-packages/airflow/example_dags/example_task_group.py
[2026-07-31T12:07:18.016+0000] {processor.py:830} INFO - Processing file /home/airflow/.local/lib/python3.12/site-packages/airflow/example_dags/example_task_group.py for tasks to queue
[2026-07-31T12:07:18.023+0000] {logging_mixin.py:188} INFO - [2026-07-31T12:07:18.022+0000] {dagbag.py:545} INFO - Filling up the DagBag from /home/airflow/.local/lib/python3.12/site-packages/airflow/example_dags/example_task_group.py
[2026-07-31T12:07:18.045+0000] {processor.py:840} INFO - DAG(s) 'example_task_group' retrieved from /home/airflow/.local/lib/python3.12/site-packages/airflow/example_dags/example_task_group.py
[2026-07-31T12:07:18.088+0000] {logging_mixin.py:188} INFO - [2026-07-31T12:07:18.088+0000] {dag.py:3089} INFO - Sync 1 DAGs
[2026-07-31T12:07:18.129+0000] {logging_mixin.py:188} INFO - [2026-07-31T12:07:18.129+0000] {dag.py:3947} INFO - Setting next_dagrun for example_task_group to 2026-07-30 00:00:00+00:00, run_after=2026-07-31 00:00:00+00:00
[2026-07-31T12:07:18.160+0000] {processor.py:183} INFO - Processing /home/airflow/.local/lib/python3.12/site-packages/airflow/example_dags/example_task_group.py took 0.166 seconds
