[2026-07-31T10:53:27.348+0000] {processor.py:161} INFO - Started process (PID=138) to work on /home/airflow/.local/lib/python3.12/site-packages/airflow/example_dags/example_latest_only_with_trigger.py
[2026-07-31T10:53:27.355+0000] {processor.py:830} INFO - Processing file /home/airflow/.local/lib/python3.12/site-packages/airflow/example_dags/example_latest_only_with_trigger.py for tasks to queue
[2026-07-31T10:53:27.393+0000] {logging_mixin.py:188} INFO - [2026-07-31T10:53:27.392+0000] {dagbag.py:545} INFO - Filling up the DagBag from /home/airflow/.local/lib/python3.12/site-packages/airflow/example_dags/example_latest_only_with_trigger.py
[2026-07-31T10:53:27.457+0000] {processor.py:840} INFO - DAG(s) 'latest_only_with_trigger' retrieved from /home/airflow/.local/lib/python3.12/site-packages/airflow/example_dags/example_latest_only_with_trigger.py
[2026-07-31T10:53:28.350+0000] {logging_mixin.py:188} INFO - [2026-07-31T10:53:28.334+0000] {dag.py:3089} INFO - Sync 1 DAGs
[2026-07-31T10:53:28.543+0000] {logging_mixin.py:188} INFO - [2026-07-31T10:53:28.542+0000] {dag.py:3947} INFO - Setting next_dagrun for latest_only_with_trigger to 2026-07-31 04:00:00+00:00, run_after=2026-07-31 08:00:00+00:00
[2026-07-31T10:53:28.664+0000] {processor.py:183} INFO - Processing /home/airflow/.local/lib/python3.12/site-packages/airflow/example_dags/example_latest_only_with_trigger.py took 1.355 seconds
[2026-07-31T10:54:42.878+0000] {processor.py:161} INFO - Started process (PID=201) to work on /home/airflow/.local/lib/python3.12/site-packages/airflow/example_dags/example_latest_only_with_trigger.py
[2026-07-31T10:54:42.897+0000] {processor.py:830} INFO - Processing file /home/airflow/.local/lib/python3.12/site-packages/airflow/example_dags/example_latest_only_with_trigger.py for tasks to queue
[2026-07-31T10:54:42.939+0000] {logging_mixin.py:188} INFO - [2026-07-31T10:54:42.924+0000] {dagbag.py:545} INFO - Filling up the DagBag from /home/airflow/.local/lib/python3.12/site-packages/airflow/example_dags/example_latest_only_with_trigger.py
[2026-07-31T10:54:43.047+0000] {processor.py:840} INFO - DAG(s) 'latest_only_with_trigger' retrieved from /home/airflow/.local/lib/python3.12/site-packages/airflow/example_dags/example_latest_only_with_trigger.py
[2026-07-31T10:54:43.543+0000] {logging_mixin.py:188} INFO - [2026-07-31T10:54:43.542+0000] {dag.py:3089} INFO - Sync 1 DAGs
[2026-07-31T10:54:43.977+0000] {logging_mixin.py:188} INFO - [2026-07-31T10:54:43.976+0000] {dag.py:3947} INFO - Setting next_dagrun for latest_only_with_trigger to 2026-07-31 04:00:00+00:00, run_after=2026-07-31 08:00:00+00:00
[2026-07-31T10:54:44.330+0000] {processor.py:183} INFO - Processing /home/airflow/.local/lib/python3.12/site-packages/airflow/example_dags/example_latest_only_with_trigger.py took 1.571 seconds
[2026-07-31T10:55:27.060+0000] {processor.py:161} INFO - Started process (PID=259) to work on /home/airflow/.local/lib/python3.12/site-packages/airflow/example_dags/example_latest_only_with_trigger.py
[2026-07-31T10:55:27.070+0000] {processor.py:830} INFO - Processing file /home/airflow/.local/lib/python3.12/site-packages/airflow/example_dags/example_latest_only_with_trigger.py for tasks to queue
[2026-07-31T10:55:27.078+0000] {logging_mixin.py:188} INFO - [2026-07-31T10:55:27.078+0000] {dagbag.py:545} INFO - Filling up the DagBag from /home/airflow/.local/lib/python3.12/site-packages/airflow/example_dags/example_latest_only_with_trigger.py
[2026-07-31T10:55:27.111+0000] {processor.py:840} INFO - DAG(s) 'latest_only_with_trigger' retrieved from /home/airflow/.local/lib/python3.12/site-packages/airflow/example_dags/example_latest_only_with_trigger.py
[2026-07-31T10:55:27.260+0000] {logging_mixin.py:188} INFO - [2026-07-31T10:55:27.259+0000] {dag.py:3089} INFO - Sync 1 DAGs
[2026-07-31T10:55:27.430+0000] {logging_mixin.py:188} INFO - [2026-07-31T10:55:27.425+0000] {dag.py:3947} INFO - Setting next_dagrun for latest_only_with_trigger to 2026-07-31 04:00:00+00:00, run_after=2026-07-31 08:00:00+00:00
[2026-07-31T10:55:27.566+0000] {processor.py:183} INFO - Processing /home/airflow/.local/lib/python3.12/site-packages/airflow/example_dags/example_latest_only_with_trigger.py took 0.553 seconds
[2026-07-31T10:55:57.856+0000] {processor.py:161} INFO - Started process (PID=315) to work on /home/airflow/.local/lib/python3.12/site-packages/airflow/example_dags/example_latest_only_with_trigger.py
[2026-07-31T10:55:57.859+0000] {processor.py:830} INFO - Processing file /home/airflow/.local/lib/python3.12/site-packages/airflow/example_dags/example_latest_only_with_trigger.py for tasks to queue
[2026-07-31T10:55:57.864+0000] {logging_mixin.py:188} INFO - [2026-07-31T10:55:57.863+0000] {dagbag.py:545} INFO - Filling up the DagBag from /home/airflow/.local/lib/python3.12/site-packages/airflow/example_dags/example_latest_only_with_trigger.py
[2026-07-31T10:55:57.880+0000] {processor.py:840} INFO - DAG(s) 'latest_only_with_trigger' retrieved from /home/airflow/.local/lib/python3.12/site-packages/airflow/example_dags/example_latest_only_with_trigger.py
[2026-07-31T10:55:57.935+0000] {logging_mixin.py:188} INFO - [2026-07-31T10:55:57.935+0000] {dag.py:3089} INFO - Sync 1 DAGs
[2026-07-31T10:55:58.004+0000] {logging_mixin.py:188} INFO - [2026-07-31T10:55:58.004+0000] {dag.py:3947} INFO - Setting next_dagrun for latest_only_with_trigger to 2026-07-31 04:00:00+00:00, run_after=2026-07-31 08:00:00+00:00
[2026-07-31T10:55:58.067+0000] {processor.py:183} INFO - Processing /home/airflow/.local/lib/python3.12/site-packages/airflow/example_dags/example_latest_only_with_trigger.py took 0.225 seconds
[2026-07-31T10:56:28.559+0000] {processor.py:161} INFO - Started process (PID=373) to work on /home/airflow/.local/lib/python3.12/site-packages/airflow/example_dags/example_latest_only_with_trigger.py
[2026-07-31T10:56:28.561+0000] {processor.py:830} INFO - Processing file /home/airflow/.local/lib/python3.12/site-packages/airflow/example_dags/example_latest_only_with_trigger.py for tasks to queue
[2026-07-31T10:56:28.564+0000] {logging_mixin.py:188} INFO - [2026-07-31T10:56:28.563+0000] {dagbag.py:545} INFO - Filling up the DagBag from /home/airflow/.local/lib/python3.12/site-packages/airflow/example_dags/example_latest_only_with_trigger.py
[2026-07-31T10:56:28.572+0000] {processor.py:840} INFO - DAG(s) 'latest_only_with_trigger' retrieved from /home/airflow/.local/lib/python3.12/site-packages/airflow/example_dags/example_latest_only_with_trigger.py
[2026-07-31T10:56:28.607+0000] {logging_mixin.py:188} INFO - [2026-07-31T10:56:28.607+0000] {dag.py:3089} INFO - Sync 1 DAGs
[2026-07-31T10:56:28.644+0000] {logging_mixin.py:188} INFO - [2026-07-31T10:56:28.643+0000] {dag.py:3947} INFO - Setting next_dagrun for latest_only_with_trigger to 2026-07-31 04:00:00+00:00, run_after=2026-07-31 08:00:00+00:00
[2026-07-31T10:56:28.684+0000] {processor.py:183} INFO - Processing /home/airflow/.local/lib/python3.12/site-packages/airflow/example_dags/example_latest_only_with_trigger.py took 0.132 seconds
[2026-07-31T10:56:59.227+0000] {processor.py:161} INFO - Started process (PID=431) to work on /home/airflow/.local/lib/python3.12/site-packages/airflow/example_dags/example_latest_only_with_trigger.py
[2026-07-31T10:56:59.230+0000] {processor.py:830} INFO - Processing file /home/airflow/.local/lib/python3.12/site-packages/airflow/example_dags/example_latest_only_with_trigger.py for tasks to queue
[2026-07-31T10:56:59.233+0000] {logging_mixin.py:188} INFO - [2026-07-31T10:56:59.232+0000] {dagbag.py:545} INFO - Filling up the DagBag from /home/airflow/.local/lib/python3.12/site-packages/airflow/example_dags/example_latest_only_with_trigger.py
[2026-07-31T10:56:59.244+0000] {processor.py:840} INFO - DAG(s) 'latest_only_with_trigger' retrieved from /home/airflow/.local/lib/python3.12/site-packages/airflow/example_dags/example_latest_only_with_trigger.py
[2026-07-31T10:56:59.280+0000] {logging_mixin.py:188} INFO - [2026-07-31T10:56:59.280+0000] {dag.py:3089} INFO - Sync 1 DAGs
[2026-07-31T10:56:59.333+0000] {logging_mixin.py:188} INFO - [2026-07-31T10:56:59.332+0000] {dag.py:3947} INFO - Setting next_dagrun for latest_only_with_trigger to 2026-07-31 04:00:00+00:00, run_after=2026-07-31 08:00:00+00:00
[2026-07-31T10:56:59.375+0000] {processor.py:183} INFO - Processing /home/airflow/.local/lib/python3.12/site-packages/airflow/example_dags/example_latest_only_with_trigger.py took 0.157 seconds
[2026-07-31T10:57:33.941+0000] {processor.py:161} INFO - Started process (PID=487) to work on /home/airflow/.local/lib/python3.12/site-packages/airflow/example_dags/example_latest_only_with_trigger.py
[2026-07-31T10:57:33.944+0000] {processor.py:830} INFO - Processing file /home/airflow/.local/lib/python3.12/site-packages/airflow/example_dags/example_latest_only_with_trigger.py for tasks to queue
[2026-07-31T10:57:33.949+0000] {logging_mixin.py:188} INFO - [2026-07-31T10:57:33.948+0000] {dagbag.py:545} INFO - Filling up the DagBag from /home/airflow/.local/lib/python3.12/site-packages/airflow/example_dags/example_latest_only_with_trigger.py
[2026-07-31T10:57:33.962+0000] {processor.py:840} INFO - DAG(s) 'latest_only_with_trigger' retrieved from /home/airflow/.local/lib/python3.12/site-packages/airflow/example_dags/example_latest_only_with_trigger.py
[2026-07-31T10:57:34.006+0000] {logging_mixin.py:188} INFO - [2026-07-31T10:57:34.005+0000] {dag.py:3089} INFO - Sync 1 DAGs
[2026-07-31T10:57:34.071+0000] {logging_mixin.py:188} INFO - [2026-07-31T10:57:34.071+0000] {dag.py:3947} INFO - Setting next_dagrun for latest_only_with_trigger to 2026-07-31 04:00:00+00:00, run_after=2026-07-31 08:00:00+00:00
[2026-07-31T10:57:34.123+0000] {processor.py:183} INFO - Processing /home/airflow/.local/lib/python3.12/site-packages/airflow/example_dags/example_latest_only_with_trigger.py took 0.207 seconds
[2026-07-31T10:58:05.685+0000] {processor.py:161} INFO - Started process (PID=550) to work on /home/airflow/.local/lib/python3.12/site-packages/airflow/example_dags/example_latest_only_with_trigger.py
[2026-07-31T10:58:05.689+0000] {processor.py:830} INFO - Processing file /home/airflow/.local/lib/python3.12/site-packages/airflow/example_dags/example_latest_only_with_trigger.py for tasks to queue
[2026-07-31T10:58:05.703+0000] {logging_mixin.py:188} INFO - [2026-07-31T10:58:05.701+0000] {dagbag.py:545} INFO - Filling up the DagBag from /home/airflow/.local/lib/python3.12/site-packages/airflow/example_dags/example_latest_only_with_trigger.py
[2026-07-31T10:58:05.733+0000] {processor.py:840} INFO - DAG(s) 'latest_only_with_trigger' retrieved from /home/airflow/.local/lib/python3.12/site-packages/airflow/example_dags/example_latest_only_with_trigger.py
[2026-07-31T10:58:05.829+0000] {logging_mixin.py:188} INFO - [2026-07-31T10:58:05.828+0000] {dag.py:3089} INFO - Sync 1 DAGs
[2026-07-31T10:58:05.897+0000] {logging_mixin.py:188} INFO - [2026-07-31T10:58:05.896+0000] {dag.py:3947} INFO - Setting next_dagrun for latest_only_with_trigger to 2026-07-31 04:00:00+00:00, run_after=2026-07-31 08:00:00+00:00
[2026-07-31T10:58:05.944+0000] {processor.py:183} INFO - Processing /home/airflow/.local/lib/python3.12/site-packages/airflow/example_dags/example_latest_only_with_trigger.py took 0.283 seconds
[2026-07-31T10:58:37.232+0000] {processor.py:161} INFO - Started process (PID=609) to work on /home/airflow/.local/lib/python3.12/site-packages/airflow/example_dags/example_latest_only_with_trigger.py
[2026-07-31T10:58:37.235+0000] {processor.py:830} INFO - Processing file /home/airflow/.local/lib/python3.12/site-packages/airflow/example_dags/example_latest_only_with_trigger.py for tasks to queue
[2026-07-31T10:58:37.241+0000] {logging_mixin.py:188} INFO - [2026-07-31T10:58:37.240+0000] {dagbag.py:545} INFO - Filling up the DagBag from /home/airflow/.local/lib/python3.12/site-packages/airflow/example_dags/example_latest_only_with_trigger.py
[2026-07-31T10:58:37.256+0000] {processor.py:840} INFO - DAG(s) 'latest_only_with_trigger' retrieved from /home/airflow/.local/lib/python3.12/site-packages/airflow/example_dags/example_latest_only_with_trigger.py
[2026-07-31T10:58:37.325+0000] {logging_mixin.py:188} INFO - [2026-07-31T10:58:37.324+0000] {dag.py:3089} INFO - Sync 1 DAGs
[2026-07-31T10:58:37.386+0000] {logging_mixin.py:188} INFO - [2026-07-31T10:58:37.386+0000] {dag.py:3947} INFO - Setting next_dagrun for latest_only_with_trigger to 2026-07-31 04:00:00+00:00, run_after=2026-07-31 08:00:00+00:00
[2026-07-31T10:58:37.435+0000] {processor.py:183} INFO - Processing /home/airflow/.local/lib/python3.12/site-packages/airflow/example_dags/example_latest_only_with_trigger.py took 0.218 seconds
[2026-07-31T10:59:07.694+0000] {processor.py:161} INFO - Started process (PID=665) to work on /home/airflow/.local/lib/python3.12/site-packages/airflow/example_dags/example_latest_only_with_trigger.py
[2026-07-31T10:59:07.696+0000] {processor.py:830} INFO - Processing file /home/airflow/.local/lib/python3.12/site-packages/airflow/example_dags/example_latest_only_with_trigger.py for tasks to queue
[2026-07-31T10:59:07.700+0000] {logging_mixin.py:188} INFO - [2026-07-31T10:59:07.699+0000] {dagbag.py:545} INFO - Filling up the DagBag from /home/airflow/.local/lib/python3.12/site-packages/airflow/example_dags/example_latest_only_with_trigger.py
[2026-07-31T10:59:07.710+0000] {processor.py:840} INFO - DAG(s) 'latest_only_with_trigger' retrieved from /home/airflow/.local/lib/python3.12/site-packages/airflow/example_dags/example_latest_only_with_trigger.py
[2026-07-31T10:59:07.751+0000] {logging_mixin.py:188} INFO - [2026-07-31T10:59:07.751+0000] {dag.py:3089} INFO - Sync 1 DAGs
[2026-07-31T10:59:07.824+0000] {logging_mixin.py:188} INFO - [2026-07-31T10:59:07.823+0000] {dag.py:3947} INFO - Setting next_dagrun for latest_only_with_trigger to 2026-07-31 04:00:00+00:00, run_after=2026-07-31 08:00:00+00:00
[2026-07-31T10:59:07.886+0000] {processor.py:183} INFO - Processing /home/airflow/.local/lib/python3.12/site-packages/airflow/example_dags/example_latest_only_with_trigger.py took 0.204 seconds
[2026-07-31T10:59:38.360+0000] {processor.py:161} INFO - Started process (PID=723) to work on /home/airflow/.local/lib/python3.12/site-packages/airflow/example_dags/example_latest_only_with_trigger.py
[2026-07-31T10:59:38.362+0000] {processor.py:830} INFO - Processing file /home/airflow/.local/lib/python3.12/site-packages/airflow/example_dags/example_latest_only_with_trigger.py for tasks to queue
[2026-07-31T10:59:38.365+0000] {logging_mixin.py:188} INFO - [2026-07-31T10:59:38.364+0000] {dagbag.py:545} INFO - Filling up the DagBag from /home/airflow/.local/lib/python3.12/site-packages/airflow/example_dags/example_latest_only_with_trigger.py
[2026-07-31T10:59:38.373+0000] {processor.py:840} INFO - DAG(s) 'latest_only_with_trigger' retrieved from /home/airflow/.local/lib/python3.12/site-packages/airflow/example_dags/example_latest_only_with_trigger.py
[2026-07-31T10:59:38.403+0000] {logging_mixin.py:188} INFO - [2026-07-31T10:59:38.402+0000] {dag.py:3089} INFO - Sync 1 DAGs
[2026-07-31T10:59:38.433+0000] {logging_mixin.py:188} INFO - [2026-07-31T10:59:38.433+0000] {dag.py:3947} INFO - Setting next_dagrun for latest_only_with_trigger to 2026-07-31 04:00:00+00:00, run_after=2026-07-31 08:00:00+00:00
[2026-07-31T10:59:38.461+0000] {processor.py:183} INFO - Processing /home/airflow/.local/lib/python3.12/site-packages/airflow/example_dags/example_latest_only_with_trigger.py took 0.109 seconds
[2026-07-31T11:00:08.788+0000] {processor.py:161} INFO - Started process (PID=781) to work on /home/airflow/.local/lib/python3.12/site-packages/airflow/example_dags/example_latest_only_with_trigger.py
[2026-07-31T11:00:08.790+0000] {processor.py:830} INFO - Processing file /home/airflow/.local/lib/python3.12/site-packages/airflow/example_dags/example_latest_only_with_trigger.py for tasks to queue
[2026-07-31T11:00:08.795+0000] {logging_mixin.py:188} INFO - [2026-07-31T11:00:08.794+0000] {dagbag.py:545} INFO - Filling up the DagBag from /home/airflow/.local/lib/python3.12/site-packages/airflow/example_dags/example_latest_only_with_trigger.py
[2026-07-31T11:00:08.803+0000] {processor.py:840} INFO - DAG(s) 'latest_only_with_trigger' retrieved from /home/airflow/.local/lib/python3.12/site-packages/airflow/example_dags/example_latest_only_with_trigger.py
[2026-07-31T11:00:08.833+0000] {logging_mixin.py:188} INFO - [2026-07-31T11:00:08.832+0000] {dag.py:3089} INFO - Sync 1 DAGs
[2026-07-31T11:00:08.881+0000] {logging_mixin.py:188} INFO - [2026-07-31T11:00:08.881+0000] {dag.py:3947} INFO - Setting next_dagrun for latest_only_with_trigger to 2026-07-31 04:00:00+00:00, run_after=2026-07-31 08:00:00+00:00
[2026-07-31T11:00:08.925+0000] {processor.py:183} INFO - Processing /home/airflow/.local/lib/python3.12/site-packages/airflow/example_dags/example_latest_only_with_trigger.py took 0.148 seconds
[2026-07-31T11:00:40.342+0000] {processor.py:161} INFO - Started process (PID=839) to work on /home/airflow/.local/lib/python3.12/site-packages/airflow/example_dags/example_latest_only_with_trigger.py
[2026-07-31T11:00:40.346+0000] {processor.py:830} INFO - Processing file /home/airflow/.local/lib/python3.12/site-packages/airflow/example_dags/example_latest_only_with_trigger.py for tasks to queue
[2026-07-31T11:00:40.355+0000] {logging_mixin.py:188} INFO - [2026-07-31T11:00:40.354+0000] {dagbag.py:545} INFO - Filling up the DagBag from /home/airflow/.local/lib/python3.12/site-packages/airflow/example_dags/example_latest_only_with_trigger.py
[2026-07-31T11:00:40.385+0000] {processor.py:840} INFO - DAG(s) 'latest_only_with_trigger' retrieved from /home/airflow/.local/lib/python3.12/site-packages/airflow/example_dags/example_latest_only_with_trigger.py
[2026-07-31T11:00:40.478+0000] {logging_mixin.py:188} INFO - [2026-07-31T11:00:40.476+0000] {dag.py:3089} INFO - Sync 1 DAGs
[2026-07-31T11:00:40.535+0000] {logging_mixin.py:188} INFO - [2026-07-31T11:00:40.534+0000] {dag.py:3947} INFO - Setting next_dagrun for latest_only_with_trigger to 2026-07-31 04:00:00+00:00, run_after=2026-07-31 08:00:00+00:00
[2026-07-31T11:00:40.585+0000] {processor.py:183} INFO - Processing /home/airflow/.local/lib/python3.12/site-packages/airflow/example_dags/example_latest_only_with_trigger.py took 0.267 seconds
[2026-07-31T11:01:11.080+0000] {processor.py:161} INFO - Started process (PID=897) to work on /home/airflow/.local/lib/python3.12/site-packages/airflow/example_dags/example_latest_only_with_trigger.py
[2026-07-31T11:01:11.081+0000] {processor.py:830} INFO - Processing file /home/airflow/.local/lib/python3.12/site-packages/airflow/example_dags/example_latest_only_with_trigger.py for tasks to queue
[2026-07-31T11:01:11.085+0000] {logging_mixin.py:188} INFO - [2026-07-31T11:01:11.084+0000] {dagbag.py:545} INFO - Filling up the DagBag from /home/airflow/.local/lib/python3.12/site-packages/airflow/example_dags/example_latest_only_with_trigger.py
[2026-07-31T11:01:11.095+0000] {processor.py:840} INFO - DAG(s) 'latest_only_with_trigger' retrieved from /home/airflow/.local/lib/python3.12/site-packages/airflow/example_dags/example_latest_only_with_trigger.py
[2026-07-31T11:01:11.129+0000] {logging_mixin.py:188} INFO - [2026-07-31T11:01:11.129+0000] {dag.py:3089} INFO - Sync 1 DAGs
[2026-07-31T11:01:11.175+0000] {logging_mixin.py:188} INFO - [2026-07-31T11:01:11.175+0000] {dag.py:3947} INFO - Setting next_dagrun for latest_only_with_trigger to 2026-07-31 04:00:00+00:00, run_after=2026-07-31 08:00:00+00:00
[2026-07-31T11:01:11.211+0000] {processor.py:183} INFO - Processing /home/airflow/.local/lib/python3.12/site-packages/airflow/example_dags/example_latest_only_with_trigger.py took 0.140 seconds
[2026-07-31T11:01:41.923+0000] {processor.py:161} INFO - Started process (PID=955) to work on /home/airflow/.local/lib/python3.12/site-packages/airflow/example_dags/example_latest_only_with_trigger.py
[2026-07-31T11:01:41.925+0000] {processor.py:830} INFO - Processing file /home/airflow/.local/lib/python3.12/site-packages/airflow/example_dags/example_latest_only_with_trigger.py for tasks to queue
[2026-07-31T11:01:41.930+0000] {logging_mixin.py:188} INFO - [2026-07-31T11:01:41.929+0000] {dagbag.py:545} INFO - Filling up the DagBag from /home/airflow/.local/lib/python3.12/site-packages/airflow/example_dags/example_latest_only_with_trigger.py
[2026-07-31T11:01:41.941+0000] {processor.py:840} INFO - DAG(s) 'latest_only_with_trigger' retrieved from /home/airflow/.local/lib/python3.12/site-packages/airflow/example_dags/example_latest_only_with_trigger.py
[2026-07-31T11:01:41.988+0000] {logging_mixin.py:188} INFO - [2026-07-31T11:01:41.988+0000] {dag.py:3089} INFO - Sync 1 DAGs
[2026-07-31T11:01:42.038+0000] {logging_mixin.py:188} INFO - [2026-07-31T11:01:42.038+0000] {dag.py:3947} INFO - Setting next_dagrun for latest_only_with_trigger to 2026-07-31 04:00:00+00:00, run_after=2026-07-31 08:00:00+00:00
[2026-07-31T11:01:42.077+0000] {processor.py:183} INFO - Processing /home/airflow/.local/lib/python3.12/site-packages/airflow/example_dags/example_latest_only_with_trigger.py took 0.167 seconds
[2026-07-31T11:02:12.661+0000] {processor.py:161} INFO - Started process (PID=1013) to work on /home/airflow/.local/lib/python3.12/site-packages/airflow/example_dags/example_latest_only_with_trigger.py
[2026-07-31T11:02:12.665+0000] {processor.py:830} INFO - Processing file /home/airflow/.local/lib/python3.12/site-packages/airflow/example_dags/example_latest_only_with_trigger.py for tasks to queue
[2026-07-31T11:02:12.669+0000] {logging_mixin.py:188} INFO - [2026-07-31T11:02:12.668+0000] {dagbag.py:545} INFO - Filling up the DagBag from /home/airflow/.local/lib/python3.12/site-packages/airflow/example_dags/example_latest_only_with_trigger.py
[2026-07-31T11:02:12.688+0000] {processor.py:840} INFO - DAG(s) 'latest_only_with_trigger' retrieved from /home/airflow/.local/lib/python3.12/site-packages/airflow/example_dags/example_latest_only_with_trigger.py
[2026-07-31T11:02:12.758+0000] {logging_mixin.py:188} INFO - [2026-07-31T11:02:12.758+0000] {dag.py:3089} INFO - Sync 1 DAGs
[2026-07-31T11:02:12.821+0000] {logging_mixin.py:188} INFO - [2026-07-31T11:02:12.820+0000] {dag.py:3947} INFO - Setting next_dagrun for latest_only_with_trigger to 2026-07-31 04:00:00+00:00, run_after=2026-07-31 08:00:00+00:00
[2026-07-31T11:02:12.877+0000] {processor.py:183} INFO - Processing /home/airflow/.local/lib/python3.12/site-packages/airflow/example_dags/example_latest_only_with_trigger.py took 0.227 seconds
[2026-07-31T11:02:52.933+0000] {processor.py:161} INFO - Started process (PID=1071) to work on /home/airflow/.local/lib/python3.12/site-packages/airflow/example_dags/example_latest_only_with_trigger.py
[2026-07-31T11:02:52.937+0000] {processor.py:830} INFO - Processing file /home/airflow/.local/lib/python3.12/site-packages/airflow/example_dags/example_latest_only_with_trigger.py for tasks to queue
[2026-07-31T11:02:52.946+0000] {logging_mixin.py:188} INFO - [2026-07-31T11:02:52.943+0000] {dagbag.py:545} INFO - Filling up the DagBag from /home/airflow/.local/lib/python3.12/site-packages/airflow/example_dags/example_latest_only_with_trigger.py
[2026-07-31T11:02:52.977+0000] {processor.py:840} INFO - DAG(s) 'latest_only_with_trigger' retrieved from /home/airflow/.local/lib/python3.12/site-packages/airflow/example_dags/example_latest_only_with_trigger.py
[2026-07-31T11:02:53.099+0000] {logging_mixin.py:188} INFO - [2026-07-31T11:02:53.098+0000] {dag.py:3089} INFO - Sync 1 DAGs
[2026-07-31T11:02:53.222+0000] {logging_mixin.py:188} INFO - [2026-07-31T11:02:53.222+0000] {dag.py:3947} INFO - Setting next_dagrun for latest_only_with_trigger to 2026-07-31 04:00:00+00:00, run_after=2026-07-31 08:00:00+00:00
[2026-07-31T11:02:53.315+0000] {processor.py:183} INFO - Processing /home/airflow/.local/lib/python3.12/site-packages/airflow/example_dags/example_latest_only_with_trigger.py took 0.415 seconds
[2026-07-31T11:03:24.765+0000] {processor.py:161} INFO - Started process (PID=1128) to work on /home/airflow/.local/lib/python3.12/site-packages/airflow/example_dags/example_latest_only_with_trigger.py
[2026-07-31T11:03:24.769+0000] {processor.py:830} INFO - Processing file /home/airflow/.local/lib/python3.12/site-packages/airflow/example_dags/example_latest_only_with_trigger.py for tasks to queue
[2026-07-31T11:03:24.778+0000] {logging_mixin.py:188} INFO - [2026-07-31T11:03:24.777+0000] {dagbag.py:545} INFO - Filling up the DagBag from /home/airflow/.local/lib/python3.12/site-packages/airflow/example_dags/example_latest_only_with_trigger.py
[2026-07-31T11:03:24.830+0000] {processor.py:840} INFO - DAG(s) 'latest_only_with_trigger' retrieved from /home/airflow/.local/lib/python3.12/site-packages/airflow/example_dags/example_latest_only_with_trigger.py
[2026-07-31T11:03:24.958+0000] {logging_mixin.py:188} INFO - [2026-07-31T11:03:24.957+0000] {dag.py:3089} INFO - Sync 1 DAGs
[2026-07-31T11:03:25.104+0000] {logging_mixin.py:188} INFO - [2026-07-31T11:03:25.104+0000] {dag.py:3947} INFO - Setting next_dagrun for latest_only_with_trigger to 2026-07-31 04:00:00+00:00, run_after=2026-07-31 08:00:00+00:00
[2026-07-31T11:03:25.243+0000] {processor.py:183} INFO - Processing /home/airflow/.local/lib/python3.12/site-packages/airflow/example_dags/example_latest_only_with_trigger.py took 0.503 seconds
[2026-07-31T11:03:56.677+0000] {processor.py:161} INFO - Started process (PID=1186) to work on /home/airflow/.local/lib/python3.12/site-packages/airflow/example_dags/example_latest_only_with_trigger.py
[2026-07-31T11:03:56.683+0000] {processor.py:830} INFO - Processing file /home/airflow/.local/lib/python3.12/site-packages/airflow/example_dags/example_latest_only_with_trigger.py for tasks to queue
[2026-07-31T11:03:56.699+0000] {logging_mixin.py:188} INFO - [2026-07-31T11:03:56.698+0000] {dagbag.py:545} INFO - Filling up the DagBag from /home/airflow/.local/lib/python3.12/site-packages/airflow/example_dags/example_latest_only_with_trigger.py
[2026-07-31T11:03:56.785+0000] {processor.py:840} INFO - DAG(s) 'latest_only_with_trigger' retrieved from /home/airflow/.local/lib/python3.12/site-packages/airflow/example_dags/example_latest_only_with_trigger.py
[2026-07-31T11:03:56.945+0000] {logging_mixin.py:188} INFO - [2026-07-31T11:03:56.944+0000] {dag.py:3089} INFO - Sync 1 DAGs
[2026-07-31T11:03:57.120+0000] {logging_mixin.py:188} INFO - [2026-07-31T11:03:57.119+0000] {dag.py:3947} INFO - Setting next_dagrun for latest_only_with_trigger to 2026-07-31 04:00:00+00:00, run_after=2026-07-31 08:00:00+00:00
[2026-07-31T11:03:57.270+0000] {processor.py:183} INFO - Processing /home/airflow/.local/lib/python3.12/site-packages/airflow/example_dags/example_latest_only_with_trigger.py took 0.622 seconds
[2026-07-31T11:04:31.940+0000] {processor.py:161} INFO - Started process (PID=1246) to work on /home/airflow/.local/lib/python3.12/site-packages/airflow/example_dags/example_latest_only_with_trigger.py
[2026-07-31T11:04:31.948+0000] {processor.py:830} INFO - Processing file /home/airflow/.local/lib/python3.12/site-packages/airflow/example_dags/example_latest_only_with_trigger.py for tasks to queue
[2026-07-31T11:04:31.997+0000] {logging_mixin.py:188} INFO - [2026-07-31T11:04:31.982+0000] {dagbag.py:545} INFO - Filling up the DagBag from /home/airflow/.local/lib/python3.12/site-packages/airflow/example_dags/example_latest_only_with_trigger.py
[2026-07-31T11:04:32.067+0000] {processor.py:840} INFO - DAG(s) 'latest_only_with_trigger' retrieved from /home/airflow/.local/lib/python3.12/site-packages/airflow/example_dags/example_latest_only_with_trigger.py
[2026-07-31T11:04:32.205+0000] {logging_mixin.py:188} INFO - [2026-07-31T11:04:32.204+0000] {dag.py:3089} INFO - Sync 1 DAGs
[2026-07-31T11:04:32.386+0000] {logging_mixin.py:188} INFO - [2026-07-31T11:04:32.385+0000] {dag.py:3947} INFO - Setting next_dagrun for latest_only_with_trigger to 2026-07-31 04:00:00+00:00, run_after=2026-07-31 08:00:00+00:00
[2026-07-31T11:04:32.533+0000] {processor.py:183} INFO - Processing /home/airflow/.local/lib/python3.12/site-packages/airflow/example_dags/example_latest_only_with_trigger.py took 0.651 seconds
[2026-07-31T11:05:41.252+0000] {processor.py:161} INFO - Started process (PID=1322) to work on /home/airflow/.local/lib/python3.12/site-packages/airflow/example_dags/example_latest_only_with_trigger.py
[2026-07-31T11:05:41.256+0000] {processor.py:830} INFO - Processing file /home/airflow/.local/lib/python3.12/site-packages/airflow/example_dags/example_latest_only_with_trigger.py for tasks to queue
[2026-07-31T11:05:41.262+0000] {logging_mixin.py:188} INFO - [2026-07-31T11:05:41.261+0000] {dagbag.py:545} INFO - Filling up the DagBag from /home/airflow/.local/lib/python3.12/site-packages/airflow/example_dags/example_latest_only_with_trigger.py
[2026-07-31T11:05:41.279+0000] {processor.py:840} INFO - DAG(s) 'latest_only_with_trigger' retrieved from /home/airflow/.local/lib/python3.12/site-packages/airflow/example_dags/example_latest_only_with_trigger.py
[2026-07-31T11:05:41.351+0000] {logging_mixin.py:188} INFO - [2026-07-31T11:05:41.350+0000] {dag.py:3089} INFO - Sync 1 DAGs
[2026-07-31T11:05:41.435+0000] {logging_mixin.py:188} INFO - [2026-07-31T11:05:41.434+0000] {dag.py:3947} INFO - Setting next_dagrun for latest_only_with_trigger to 2026-07-31 04:00:00+00:00, run_after=2026-07-31 08:00:00+00:00
[2026-07-31T11:05:41.504+0000] {processor.py:183} INFO - Processing /home/airflow/.local/lib/python3.12/site-packages/airflow/example_dags/example_latest_only_with_trigger.py took 0.269 seconds
[2026-07-31T11:06:23.402+0000] {processor.py:161} INFO - Started process (PID=1384) to work on /home/airflow/.local/lib/python3.12/site-packages/airflow/example_dags/example_latest_only_with_trigger.py
[2026-07-31T11:06:23.435+0000] {processor.py:830} INFO - Processing file /home/airflow/.local/lib/python3.12/site-packages/airflow/example_dags/example_latest_only_with_trigger.py for tasks to queue
[2026-07-31T11:06:23.483+0000] {logging_mixin.py:188} INFO - [2026-07-31T11:06:23.481+0000] {dagbag.py:545} INFO - Filling up the DagBag from /home/airflow/.local/lib/python3.12/site-packages/airflow/example_dags/example_latest_only_with_trigger.py
[2026-07-31T11:06:23.568+0000] {processor.py:840} INFO - DAG(s) 'latest_only_with_trigger' retrieved from /home/airflow/.local/lib/python3.12/site-packages/airflow/example_dags/example_latest_only_with_trigger.py
[2026-07-31T11:06:23.923+0000] {logging_mixin.py:188} INFO - [2026-07-31T11:06:23.915+0000] {dag.py:3089} INFO - Sync 1 DAGs
[2026-07-31T11:06:24.155+0000] {logging_mixin.py:188} INFO - [2026-07-31T11:06:24.154+0000] {dag.py:3947} INFO - Setting next_dagrun for latest_only_with_trigger to 2026-07-31 04:00:00+00:00, run_after=2026-07-31 08:00:00+00:00
[2026-07-31T11:06:24.345+0000] {processor.py:183} INFO - Processing /home/airflow/.local/lib/python3.12/site-packages/airflow/example_dags/example_latest_only_with_trigger.py took 1.098 seconds
[2026-07-31T11:06:55.058+0000] {processor.py:161} INFO - Started process (PID=1443) to work on /home/airflow/.local/lib/python3.12/site-packages/airflow/example_dags/example_latest_only_with_trigger.py
[2026-07-31T11:06:55.064+0000] {processor.py:830} INFO - Processing file /home/airflow/.local/lib/python3.12/site-packages/airflow/example_dags/example_latest_only_with_trigger.py for tasks to queue
[2026-07-31T11:06:55.070+0000] {logging_mixin.py:188} INFO - [2026-07-31T11:06:55.069+0000] {dagbag.py:545} INFO - Filling up the DagBag from /home/airflow/.local/lib/python3.12/site-packages/airflow/example_dags/example_latest_only_with_trigger.py
[2026-07-31T11:06:55.085+0000] {processor.py:840} INFO - DAG(s) 'latest_only_with_trigger' retrieved from /home/airflow/.local/lib/python3.12/site-packages/airflow/example_dags/example_latest_only_with_trigger.py
[2026-07-31T11:06:55.130+0000] {logging_mixin.py:188} INFO - [2026-07-31T11:06:55.129+0000] {dag.py:3089} INFO - Sync 1 DAGs
[2026-07-31T11:06:55.193+0000] {logging_mixin.py:188} INFO - [2026-07-31T11:06:55.193+0000] {dag.py:3947} INFO - Setting next_dagrun for latest_only_with_trigger to 2026-07-31 04:00:00+00:00, run_after=2026-07-31 08:00:00+00:00
[2026-07-31T11:06:55.249+0000] {processor.py:183} INFO - Processing /home/airflow/.local/lib/python3.12/site-packages/airflow/example_dags/example_latest_only_with_trigger.py took 0.220 seconds
[2026-07-31T11:08:19.855+0000] {processor.py:161} INFO - Started process (PID=1515) to work on /home/airflow/.local/lib/python3.12/site-packages/airflow/example_dags/example_latest_only_with_trigger.py
[2026-07-31T11:08:19.890+0000] {processor.py:830} INFO - Processing file /home/airflow/.local/lib/python3.12/site-packages/airflow/example_dags/example_latest_only_with_trigger.py for tasks to queue
[2026-07-31T11:08:19.965+0000] {logging_mixin.py:188} INFO - [2026-07-31T11:08:19.952+0000] {dagbag.py:545} INFO - Filling up the DagBag from /home/airflow/.local/lib/python3.12/site-packages/airflow/example_dags/example_latest_only_with_trigger.py
[2026-07-31T11:08:20.039+0000] {processor.py:840} INFO - DAG(s) 'latest_only_with_trigger' retrieved from /home/airflow/.local/lib/python3.12/site-packages/airflow/example_dags/example_latest_only_with_trigger.py
[2026-07-31T11:08:20.302+0000] {logging_mixin.py:188} INFO - [2026-07-31T11:08:20.296+0000] {dag.py:3089} INFO - Sync 1 DAGs
[2026-07-31T11:08:20.566+0000] {logging_mixin.py:188} INFO - [2026-07-31T11:08:20.565+0000] {dag.py:3947} INFO - Setting next_dagrun for latest_only_with_trigger to 2026-07-31 04:00:00+00:00, run_after=2026-07-31 08:00:00+00:00
[2026-07-31T11:08:20.900+0000] {processor.py:183} INFO - Processing /home/airflow/.local/lib/python3.12/site-packages/airflow/example_dags/example_latest_only_with_trigger.py took 1.104 seconds
[2026-07-31T11:09:19.312+0000] {processor.py:161} INFO - Started process (PID=1584) to work on /home/airflow/.local/lib/python3.12/site-packages/airflow/example_dags/example_latest_only_with_trigger.py
[2026-07-31T11:09:19.318+0000] {processor.py:830} INFO - Processing file /home/airflow/.local/lib/python3.12/site-packages/airflow/example_dags/example_latest_only_with_trigger.py for tasks to queue
[2026-07-31T11:09:19.334+0000] {logging_mixin.py:188} INFO - [2026-07-31T11:09:19.333+0000] {dagbag.py:545} INFO - Filling up the DagBag from /home/airflow/.local/lib/python3.12/site-packages/airflow/example_dags/example_latest_only_with_trigger.py
[2026-07-31T11:09:19.373+0000] {processor.py:840} INFO - DAG(s) 'latest_only_with_trigger' retrieved from /home/airflow/.local/lib/python3.12/site-packages/airflow/example_dags/example_latest_only_with_trigger.py
[2026-07-31T11:09:19.523+0000] {logging_mixin.py:188} INFO - [2026-07-31T11:09:19.521+0000] {dag.py:3089} INFO - Sync 1 DAGs
[2026-07-31T11:09:19.737+0000] {logging_mixin.py:188} INFO - [2026-07-31T11:09:19.733+0000] {dag.py:3947} INFO - Setting next_dagrun for latest_only_with_trigger to 2026-07-31 04:00:00+00:00, run_after=2026-07-31 08:00:00+00:00
[2026-07-31T11:09:19.845+0000] {processor.py:183} INFO - Processing /home/airflow/.local/lib/python3.12/site-packages/airflow/example_dags/example_latest_only_with_trigger.py took 0.577 seconds
[2026-07-31T11:10:12.501+0000] {processor.py:161} INFO - Started process (PID=1641) to work on /home/airflow/.local/lib/python3.12/site-packages/airflow/example_dags/example_latest_only_with_trigger.py
[2026-07-31T11:10:12.506+0000] {processor.py:830} INFO - Processing file /home/airflow/.local/lib/python3.12/site-packages/airflow/example_dags/example_latest_only_with_trigger.py for tasks to queue
[2026-07-31T11:10:12.524+0000] {logging_mixin.py:188} INFO - [2026-07-31T11:10:12.523+0000] {dagbag.py:545} INFO - Filling up the DagBag from /home/airflow/.local/lib/python3.12/site-packages/airflow/example_dags/example_latest_only_with_trigger.py
[2026-07-31T11:10:12.574+0000] {processor.py:840} INFO - DAG(s) 'latest_only_with_trigger' retrieved from /home/airflow/.local/lib/python3.12/site-packages/airflow/example_dags/example_latest_only_with_trigger.py
[2026-07-31T11:10:12.829+0000] {logging_mixin.py:188} INFO - [2026-07-31T11:10:12.826+0000] {dag.py:3089} INFO - Sync 1 DAGs
[2026-07-31T11:10:13.046+0000] {logging_mixin.py:188} INFO - [2026-07-31T11:10:13.045+0000] {dag.py:3947} INFO - Setting next_dagrun for latest_only_with_trigger to 2026-07-31 04:00:00+00:00, run_after=2026-07-31 08:00:00+00:00
[2026-07-31T11:10:13.215+0000] {processor.py:183} INFO - Processing /home/airflow/.local/lib/python3.12/site-packages/airflow/example_dags/example_latest_only_with_trigger.py took 0.770 seconds
[2026-07-31T11:11:00.680+0000] {processor.py:161} INFO - Started process (PID=1704) to work on /home/airflow/.local/lib/python3.12/site-packages/airflow/example_dags/example_latest_only_with_trigger.py
[2026-07-31T11:11:00.685+0000] {processor.py:830} INFO - Processing file /home/airflow/.local/lib/python3.12/site-packages/airflow/example_dags/example_latest_only_with_trigger.py for tasks to queue
[2026-07-31T11:11:00.718+0000] {logging_mixin.py:188} INFO - [2026-07-31T11:11:00.716+0000] {dagbag.py:545} INFO - Filling up the DagBag from /home/airflow/.local/lib/python3.12/site-packages/airflow/example_dags/example_latest_only_with_trigger.py
[2026-07-31T11:11:00.897+0000] {processor.py:840} INFO - DAG(s) 'latest_only_with_trigger' retrieved from /home/airflow/.local/lib/python3.12/site-packages/airflow/example_dags/example_latest_only_with_trigger.py
[2026-07-31T11:11:01.336+0000] {logging_mixin.py:188} INFO - [2026-07-31T11:11:01.335+0000] {dag.py:3089} INFO - Sync 1 DAGs
[2026-07-31T11:11:02.286+0000] {logging_mixin.py:188} INFO - [2026-07-31T11:11:02.283+0000] {dag.py:3947} INFO - Setting next_dagrun for latest_only_with_trigger to 2026-07-31 04:00:00+00:00, run_after=2026-07-31 08:00:00+00:00
[2026-07-31T11:11:02.927+0000] {processor.py:183} INFO - Processing /home/airflow/.local/lib/python3.12/site-packages/airflow/example_dags/example_latest_only_with_trigger.py took 2.311 seconds
[2026-07-31T11:12:11.735+0000] {processor.py:161} INFO - Started process (PID=1764) to work on /home/airflow/.local/lib/python3.12/site-packages/airflow/example_dags/example_latest_only_with_trigger.py
[2026-07-31T11:12:11.750+0000] {processor.py:830} INFO - Processing file /home/airflow/.local/lib/python3.12/site-packages/airflow/example_dags/example_latest_only_with_trigger.py for tasks to queue
[2026-07-31T11:12:11.771+0000] {logging_mixin.py:188} INFO - [2026-07-31T11:12:11.770+0000] {dagbag.py:545} INFO - Filling up the DagBag from /home/airflow/.local/lib/python3.12/site-packages/airflow/example_dags/example_latest_only_with_trigger.py
[2026-07-31T11:12:11.839+0000] {processor.py:840} INFO - DAG(s) 'latest_only_with_trigger' retrieved from /home/airflow/.local/lib/python3.12/site-packages/airflow/example_dags/example_latest_only_with_trigger.py
[2026-07-31T11:12:13.089+0000] {logging_mixin.py:188} INFO - [2026-07-31T11:12:13.088+0000] {dag.py:3089} INFO - Sync 1 DAGs
[2026-07-31T11:12:13.316+0000] {logging_mixin.py:188} INFO - [2026-07-31T11:12:13.315+0000] {dag.py:3947} INFO - Setting next_dagrun for latest_only_with_trigger to 2026-07-31 04:00:00+00:00, run_after=2026-07-31 08:00:00+00:00
[2026-07-31T11:12:13.482+0000] {processor.py:183} INFO - Processing /home/airflow/.local/lib/python3.12/site-packages/airflow/example_dags/example_latest_only_with_trigger.py took 1.812 seconds
[2026-07-31T11:12:43.736+0000] {processor.py:161} INFO - Started process (PID=1821) to work on /home/airflow/.local/lib/python3.12/site-packages/airflow/example_dags/example_latest_only_with_trigger.py
[2026-07-31T11:12:43.744+0000] {processor.py:830} INFO - Processing file /home/airflow/.local/lib/python3.12/site-packages/airflow/example_dags/example_latest_only_with_trigger.py for tasks to queue
[2026-07-31T11:12:43.795+0000] {logging_mixin.py:188} INFO - [2026-07-31T11:12:43.794+0000] {dagbag.py:545} INFO - Filling up the DagBag from /home/airflow/.local/lib/python3.12/site-packages/airflow/example_dags/example_latest_only_with_trigger.py
[2026-07-31T11:12:43.847+0000] {processor.py:840} INFO - DAG(s) 'latest_only_with_trigger' retrieved from /home/airflow/.local/lib/python3.12/site-packages/airflow/example_dags/example_latest_only_with_trigger.py
[2026-07-31T11:12:43.953+0000] {logging_mixin.py:188} INFO - [2026-07-31T11:12:43.953+0000] {dag.py:3089} INFO - Sync 1 DAGs
[2026-07-31T11:12:44.072+0000] {logging_mixin.py:188} INFO - [2026-07-31T11:12:44.071+0000] {dag.py:3947} INFO - Setting next_dagrun for latest_only_with_trigger to 2026-07-31 04:00:00+00:00, run_after=2026-07-31 08:00:00+00:00
[2026-07-31T11:12:44.146+0000] {processor.py:183} INFO - Processing /home/airflow/.local/lib/python3.12/site-packages/airflow/example_dags/example_latest_only_with_trigger.py took 0.496 seconds
[2026-07-31T11:13:15.641+0000] {processor.py:161} INFO - Started process (PID=1880) to work on /home/airflow/.local/lib/python3.12/site-packages/airflow/example_dags/example_latest_only_with_trigger.py
[2026-07-31T11:13:15.652+0000] {processor.py:830} INFO - Processing file /home/airflow/.local/lib/python3.12/site-packages/airflow/example_dags/example_latest_only_with_trigger.py for tasks to queue
[2026-07-31T11:13:15.663+0000] {logging_mixin.py:188} INFO - [2026-07-31T11:13:15.661+0000] {dagbag.py:545} INFO - Filling up the DagBag from /home/airflow/.local/lib/python3.12/site-packages/airflow/example_dags/example_latest_only_with_trigger.py
[2026-07-31T11:13:15.727+0000] {processor.py:840} INFO - DAG(s) 'latest_only_with_trigger' retrieved from /home/airflow/.local/lib/python3.12/site-packages/airflow/example_dags/example_latest_only_with_trigger.py
[2026-07-31T11:13:15.937+0000] {logging_mixin.py:188} INFO - [2026-07-31T11:13:15.936+0000] {dag.py:3089} INFO - Sync 1 DAGs
[2026-07-31T11:13:16.131+0000] {logging_mixin.py:188} INFO - [2026-07-31T11:13:16.130+0000] {dag.py:3947} INFO - Setting next_dagrun for latest_only_with_trigger to 2026-07-31 04:00:00+00:00, run_after=2026-07-31 08:00:00+00:00
[2026-07-31T11:13:16.294+0000] {processor.py:183} INFO - Processing /home/airflow/.local/lib/python3.12/site-packages/airflow/example_dags/example_latest_only_with_trigger.py took 0.698 seconds
[2026-07-31T11:14:02.654+0000] {processor.py:161} INFO - Started process (PID=1939) to work on /home/airflow/.local/lib/python3.12/site-packages/airflow/example_dags/example_latest_only_with_trigger.py
[2026-07-31T11:14:02.665+0000] {processor.py:830} INFO - Processing file /home/airflow/.local/lib/python3.12/site-packages/airflow/example_dags/example_latest_only_with_trigger.py for tasks to queue
[2026-07-31T11:14:02.689+0000] {logging_mixin.py:188} INFO - [2026-07-31T11:14:02.687+0000] {dagbag.py:545} INFO - Filling up the DagBag from /home/airflow/.local/lib/python3.12/site-packages/airflow/example_dags/example_latest_only_with_trigger.py
[2026-07-31T11:14:02.751+0000] {processor.py:840} INFO - DAG(s) 'latest_only_with_trigger' retrieved from /home/airflow/.local/lib/python3.12/site-packages/airflow/example_dags/example_latest_only_with_trigger.py
[2026-07-31T11:14:02.862+0000] {logging_mixin.py:188} INFO - [2026-07-31T11:14:02.856+0000] {dag.py:3089} INFO - Sync 1 DAGs
[2026-07-31T11:14:03.043+0000] {logging_mixin.py:188} INFO - [2026-07-31T11:14:03.042+0000] {dag.py:3947} INFO - Setting next_dagrun for latest_only_with_trigger to 2026-07-31 04:00:00+00:00, run_after=2026-07-31 08:00:00+00:00
[2026-07-31T11:14:03.144+0000] {processor.py:183} INFO - Processing /home/airflow/.local/lib/python3.12/site-packages/airflow/example_dags/example_latest_only_with_trigger.py took 0.542 seconds
[2026-07-31T11:14:35.031+0000] {processor.py:161} INFO - Started process (PID=1995) to work on /home/airflow/.local/lib/python3.12/site-packages/airflow/example_dags/example_latest_only_with_trigger.py
[2026-07-31T11:14:35.037+0000] {processor.py:830} INFO - Processing file /home/airflow/.local/lib/python3.12/site-packages/airflow/example_dags/example_latest_only_with_trigger.py for tasks to queue
[2026-07-31T11:14:35.043+0000] {logging_mixin.py:188} INFO - [2026-07-31T11:14:35.042+0000] {dagbag.py:545} INFO - Filling up the DagBag from /home/airflow/.local/lib/python3.12/site-packages/airflow/example_dags/example_latest_only_with_trigger.py
[2026-07-31T11:14:35.066+0000] {processor.py:840} INFO - DAG(s) 'latest_only_with_trigger' retrieved from /home/airflow/.local/lib/python3.12/site-packages/airflow/example_dags/example_latest_only_with_trigger.py
[2026-07-31T11:14:35.125+0000] {logging_mixin.py:188} INFO - [2026-07-31T11:14:35.124+0000] {dag.py:3089} INFO - Sync 1 DAGs
[2026-07-31T11:14:35.192+0000] {logging_mixin.py:188} INFO - [2026-07-31T11:14:35.191+0000] {dag.py:3947} INFO - Setting next_dagrun for latest_only_with_trigger to 2026-07-31 04:00:00+00:00, run_after=2026-07-31 08:00:00+00:00
[2026-07-31T11:14:35.276+0000] {processor.py:183} INFO - Processing /home/airflow/.local/lib/python3.12/site-packages/airflow/example_dags/example_latest_only_with_trigger.py took 0.271 seconds
[2026-07-31T11:15:07.000+0000] {processor.py:161} INFO - Started process (PID=2054) to work on /home/airflow/.local/lib/python3.12/site-packages/airflow/example_dags/example_latest_only_with_trigger.py
[2026-07-31T11:15:07.002+0000] {processor.py:830} INFO - Processing file /home/airflow/.local/lib/python3.12/site-packages/airflow/example_dags/example_latest_only_with_trigger.py for tasks to queue
[2026-07-31T11:15:07.008+0000] {logging_mixin.py:188} INFO - [2026-07-31T11:15:07.007+0000] {dagbag.py:545} INFO - Filling up the DagBag from /home/airflow/.local/lib/python3.12/site-packages/airflow/example_dags/example_latest_only_with_trigger.py
[2026-07-31T11:15:07.021+0000] {processor.py:840} INFO - DAG(s) 'latest_only_with_trigger' retrieved from /home/airflow/.local/lib/python3.12/site-packages/airflow/example_dags/example_latest_only_with_trigger.py
[2026-07-31T11:15:07.107+0000] {logging_mixin.py:188} INFO - [2026-07-31T11:15:07.103+0000] {dag.py:3089} INFO - Sync 1 DAGs
[2026-07-31T11:15:07.245+0000] {logging_mixin.py:188} INFO - [2026-07-31T11:15:07.244+0000] {dag.py:3947} INFO - Setting next_dagrun for latest_only_with_trigger to 2026-07-31 04:00:00+00:00, run_after=2026-07-31 08:00:00+00:00
[2026-07-31T11:15:07.318+0000] {processor.py:183} INFO - Processing /home/airflow/.local/lib/python3.12/site-packages/airflow/example_dags/example_latest_only_with_trigger.py took 0.335 seconds
[2026-07-31T11:15:41.997+0000] {processor.py:161} INFO - Started process (PID=2117) to work on /home/airflow/.local/lib/python3.12/site-packages/airflow/example_dags/example_latest_only_with_trigger.py
[2026-07-31T11:15:42.016+0000] {processor.py:830} INFO - Processing file /home/airflow/.local/lib/python3.12/site-packages/airflow/example_dags/example_latest_only_with_trigger.py for tasks to queue
[2026-07-31T11:15:42.052+0000] {logging_mixin.py:188} INFO - [2026-07-31T11:15:42.050+0000] {dagbag.py:545} INFO - Filling up the DagBag from /home/airflow/.local/lib/python3.12/site-packages/airflow/example_dags/example_latest_only_with_trigger.py
[2026-07-31T11:15:42.104+0000] {processor.py:840} INFO - DAG(s) 'latest_only_with_trigger' retrieved from /home/airflow/.local/lib/python3.12/site-packages/airflow/example_dags/example_latest_only_with_trigger.py
[2026-07-31T11:15:42.266+0000] {logging_mixin.py:188} INFO - [2026-07-31T11:15:42.264+0000] {dag.py:3089} INFO - Sync 1 DAGs
[2026-07-31T11:15:42.386+0000] {logging_mixin.py:188} INFO - [2026-07-31T11:15:42.384+0000] {dag.py:3947} INFO - Setting next_dagrun for latest_only_with_trigger to 2026-07-31 04:00:00+00:00, run_after=2026-07-31 08:00:00+00:00
[2026-07-31T11:15:42.584+0000] {processor.py:183} INFO - Processing /home/airflow/.local/lib/python3.12/site-packages/airflow/example_dags/example_latest_only_with_trigger.py took 0.637 seconds
[2026-07-31T11:16:13.351+0000] {processor.py:161} INFO - Started process (PID=2176) to work on /home/airflow/.local/lib/python3.12/site-packages/airflow/example_dags/example_latest_only_with_trigger.py
[2026-07-31T11:16:13.354+0000] {processor.py:830} INFO - Processing file /home/airflow/.local/lib/python3.12/site-packages/airflow/example_dags/example_latest_only_with_trigger.py for tasks to queue
[2026-07-31T11:16:13.359+0000] {logging_mixin.py:188} INFO - [2026-07-31T11:16:13.358+0000] {dagbag.py:545} INFO - Filling up the DagBag from /home/airflow/.local/lib/python3.12/site-packages/airflow/example_dags/example_latest_only_with_trigger.py
[2026-07-31T11:16:13.373+0000] {processor.py:840} INFO - DAG(s) 'latest_only_with_trigger' retrieved from /home/airflow/.local/lib/python3.12/site-packages/airflow/example_dags/example_latest_only_with_trigger.py
[2026-07-31T11:16:13.424+0000] {logging_mixin.py:188} INFO - [2026-07-31T11:16:13.424+0000] {dag.py:3089} INFO - Sync 1 DAGs
[2026-07-31T11:16:13.496+0000] {logging_mixin.py:188} INFO - [2026-07-31T11:16:13.495+0000] {dag.py:3947} INFO - Setting next_dagrun for latest_only_with_trigger to 2026-07-31 04:00:00+00:00, run_after=2026-07-31 08:00:00+00:00
[2026-07-31T11:16:13.580+0000] {processor.py:183} INFO - Processing /home/airflow/.local/lib/python3.12/site-packages/airflow/example_dags/example_latest_only_with_trigger.py took 0.251 seconds
[2026-07-31T11:16:44.473+0000] {processor.py:161} INFO - Started process (PID=2234) to work on /home/airflow/.local/lib/python3.12/site-packages/airflow/example_dags/example_latest_only_with_trigger.py
[2026-07-31T11:16:44.475+0000] {processor.py:830} INFO - Processing file /home/airflow/.local/lib/python3.12/site-packages/airflow/example_dags/example_latest_only_with_trigger.py for tasks to queue
[2026-07-31T11:16:44.480+0000] {logging_mixin.py:188} INFO - [2026-07-31T11:16:44.479+0000] {dagbag.py:545} INFO - Filling up the DagBag from /home/airflow/.local/lib/python3.12/site-packages/airflow/example_dags/example_latest_only_with_trigger.py
[2026-07-31T11:16:44.512+0000] {processor.py:840} INFO - DAG(s) 'latest_only_with_trigger' retrieved from /home/airflow/.local/lib/python3.12/site-packages/airflow/example_dags/example_latest_only_with_trigger.py
[2026-07-31T11:16:44.597+0000] {logging_mixin.py:188} INFO - [2026-07-31T11:16:44.596+0000] {dag.py:3089} INFO - Sync 1 DAGs
[2026-07-31T11:16:44.686+0000] {logging_mixin.py:188} INFO - [2026-07-31T11:16:44.686+0000] {dag.py:3947} INFO - Setting next_dagrun for latest_only_with_trigger to 2026-07-31 04:00:00+00:00, run_after=2026-07-31 08:00:00+00:00
[2026-07-31T11:16:44.768+0000] {processor.py:183} INFO - Processing /home/airflow/.local/lib/python3.12/site-packages/airflow/example_dags/example_latest_only_with_trigger.py took 0.313 seconds
[2026-07-31T11:17:15.172+0000] {processor.py:161} INFO - Started process (PID=2293) to work on /home/airflow/.local/lib/python3.12/site-packages/airflow/example_dags/example_latest_only_with_trigger.py
[2026-07-31T11:17:15.190+0000] {processor.py:830} INFO - Processing file /home/airflow/.local/lib/python3.12/site-packages/airflow/example_dags/example_latest_only_with_trigger.py for tasks to queue
[2026-07-31T11:17:15.200+0000] {logging_mixin.py:188} INFO - [2026-07-31T11:17:15.199+0000] {dagbag.py:545} INFO - Filling up the DagBag from /home/airflow/.local/lib/python3.12/site-packages/airflow/example_dags/example_latest_only_with_trigger.py
[2026-07-31T11:17:15.245+0000] {processor.py:840} INFO - DAG(s) 'latest_only_with_trigger' retrieved from /home/airflow/.local/lib/python3.12/site-packages/airflow/example_dags/example_latest_only_with_trigger.py
[2026-07-31T11:17:15.402+0000] {logging_mixin.py:188} INFO - [2026-07-31T11:17:15.401+0000] {dag.py:3089} INFO - Sync 1 DAGs
[2026-07-31T11:17:15.514+0000] {logging_mixin.py:188} INFO - [2026-07-31T11:17:15.512+0000] {dag.py:3947} INFO - Setting next_dagrun for latest_only_with_trigger to 2026-07-31 04:00:00+00:00, run_after=2026-07-31 08:00:00+00:00
[2026-07-31T11:17:15.655+0000] {processor.py:183} INFO - Processing /home/airflow/.local/lib/python3.12/site-packages/airflow/example_dags/example_latest_only_with_trigger.py took 0.534 seconds
[2026-07-31T11:17:59.622+0000] {processor.py:161} INFO - Started process (PID=2355) to work on /home/airflow/.local/lib/python3.12/site-packages/airflow/example_dags/example_latest_only_with_trigger.py
[2026-07-31T11:17:59.627+0000] {processor.py:830} INFO - Processing file /home/airflow/.local/lib/python3.12/site-packages/airflow/example_dags/example_latest_only_with_trigger.py for tasks to queue
[2026-07-31T11:17:59.641+0000] {logging_mixin.py:188} INFO - [2026-07-31T11:17:59.640+0000] {dagbag.py:545} INFO - Filling up the DagBag from /home/airflow/.local/lib/python3.12/site-packages/airflow/example_dags/example_latest_only_with_trigger.py
[2026-07-31T11:17:59.671+0000] {processor.py:840} INFO - DAG(s) 'latest_only_with_trigger' retrieved from /home/airflow/.local/lib/python3.12/site-packages/airflow/example_dags/example_latest_only_with_trigger.py
[2026-07-31T11:17:59.770+0000] {logging_mixin.py:188} INFO - [2026-07-31T11:17:59.769+0000] {dag.py:3089} INFO - Sync 1 DAGs
[2026-07-31T11:17:59.968+0000] {logging_mixin.py:188} INFO - [2026-07-31T11:17:59.961+0000] {dag.py:3947} INFO - Setting next_dagrun for latest_only_with_trigger to 2026-07-31 04:00:00+00:00, run_after=2026-07-31 08:00:00+00:00
[2026-07-31T11:18:00.078+0000] {processor.py:183} INFO - Processing /home/airflow/.local/lib/python3.12/site-packages/airflow/example_dags/example_latest_only_with_trigger.py took 0.490 seconds
[2026-07-31T11:18:30.551+0000] {processor.py:161} INFO - Started process (PID=2413) to work on /home/airflow/.local/lib/python3.12/site-packages/airflow/example_dags/example_latest_only_with_trigger.py
[2026-07-31T11:18:30.554+0000] {processor.py:830} INFO - Processing file /home/airflow/.local/lib/python3.12/site-packages/airflow/example_dags/example_latest_only_with_trigger.py for tasks to queue
[2026-07-31T11:18:30.560+0000] {logging_mixin.py:188} INFO - [2026-07-31T11:18:30.559+0000] {dagbag.py:545} INFO - Filling up the DagBag from /home/airflow/.local/lib/python3.12/site-packages/airflow/example_dags/example_latest_only_with_trigger.py
[2026-07-31T11:18:30.575+0000] {processor.py:840} INFO - DAG(s) 'latest_only_with_trigger' retrieved from /home/airflow/.local/lib/python3.12/site-packages/airflow/example_dags/example_latest_only_with_trigger.py
[2026-07-31T11:18:30.639+0000] {logging_mixin.py:188} INFO - [2026-07-31T11:18:30.639+0000] {dag.py:3089} INFO - Sync 1 DAGs
[2026-07-31T11:18:30.731+0000] {logging_mixin.py:188} INFO - [2026-07-31T11:18:30.731+0000] {dag.py:3947} INFO - Setting next_dagrun for latest_only_with_trigger to 2026-07-31 04:00:00+00:00, run_after=2026-07-31 08:00:00+00:00
[2026-07-31T11:18:30.812+0000] {processor.py:183} INFO - Processing /home/airflow/.local/lib/python3.12/site-packages/airflow/example_dags/example_latest_only_with_trigger.py took 0.276 seconds
[2026-07-31T11:19:01.910+0000] {processor.py:161} INFO - Started process (PID=2471) to work on /home/airflow/.local/lib/python3.12/site-packages/airflow/example_dags/example_latest_only_with_trigger.py
[2026-07-31T11:19:01.913+0000] {processor.py:830} INFO - Processing file /home/airflow/.local/lib/python3.12/site-packages/airflow/example_dags/example_latest_only_with_trigger.py for tasks to queue
[2026-07-31T11:19:01.920+0000] {logging_mixin.py:188} INFO - [2026-07-31T11:19:01.920+0000] {dagbag.py:545} INFO - Filling up the DagBag from /home/airflow/.local/lib/python3.12/site-packages/airflow/example_dags/example_latest_only_with_trigger.py
[2026-07-31T11:19:01.936+0000] {processor.py:840} INFO - DAG(s) 'latest_only_with_trigger' retrieved from /home/airflow/.local/lib/python3.12/site-packages/airflow/example_dags/example_latest_only_with_trigger.py
[2026-07-31T11:19:01.992+0000] {logging_mixin.py:188} INFO - [2026-07-31T11:19:01.991+0000] {dag.py:3089} INFO - Sync 1 DAGs
[2026-07-31T11:19:02.074+0000] {logging_mixin.py:188} INFO - [2026-07-31T11:19:02.073+0000] {dag.py:3947} INFO - Setting next_dagrun for latest_only_with_trigger to 2026-07-31 04:00:00+00:00, run_after=2026-07-31 08:00:00+00:00
[2026-07-31T11:19:02.176+0000] {processor.py:183} INFO - Processing /home/airflow/.local/lib/python3.12/site-packages/airflow/example_dags/example_latest_only_with_trigger.py took 0.284 seconds
[2026-07-31T11:19:33.011+0000] {processor.py:161} INFO - Started process (PID=2529) to work on /home/airflow/.local/lib/python3.12/site-packages/airflow/example_dags/example_latest_only_with_trigger.py
[2026-07-31T11:19:33.023+0000] {processor.py:830} INFO - Processing file /home/airflow/.local/lib/python3.12/site-packages/airflow/example_dags/example_latest_only_with_trigger.py for tasks to queue
[2026-07-31T11:19:33.033+0000] {logging_mixin.py:188} INFO - [2026-07-31T11:19:33.030+0000] {dagbag.py:545} INFO - Filling up the DagBag from /home/airflow/.local/lib/python3.12/site-packages/airflow/example_dags/example_latest_only_with_trigger.py
[2026-07-31T11:19:33.079+0000] {processor.py:840} INFO - DAG(s) 'latest_only_with_trigger' retrieved from /home/airflow/.local/lib/python3.12/site-packages/airflow/example_dags/example_latest_only_with_trigger.py
[2026-07-31T11:19:33.288+0000] {logging_mixin.py:188} INFO - [2026-07-31T11:19:33.287+0000] {dag.py:3089} INFO - Sync 1 DAGs
[2026-07-31T11:19:33.438+0000] {logging_mixin.py:188} INFO - [2026-07-31T11:19:33.438+0000] {dag.py:3947} INFO - Setting next_dagrun for latest_only_with_trigger to 2026-07-31 04:00:00+00:00, run_after=2026-07-31 08:00:00+00:00
[2026-07-31T11:19:33.507+0000] {processor.py:183} INFO - Processing /home/airflow/.local/lib/python3.12/site-packages/airflow/example_dags/example_latest_only_with_trigger.py took 0.547 seconds
[2026-07-31T11:20:11.925+0000] {processor.py:161} INFO - Started process (PID=2591) to work on /home/airflow/.local/lib/python3.12/site-packages/airflow/example_dags/example_latest_only_with_trigger.py
[2026-07-31T11:20:11.963+0000] {processor.py:830} INFO - Processing file /home/airflow/.local/lib/python3.12/site-packages/airflow/example_dags/example_latest_only_with_trigger.py for tasks to queue
[2026-07-31T11:20:12.039+0000] {logging_mixin.py:188} INFO - [2026-07-31T11:20:12.000+0000] {dagbag.py:545} INFO - Filling up the DagBag from /home/airflow/.local/lib/python3.12/site-packages/airflow/example_dags/example_latest_only_with_trigger.py
[2026-07-31T11:20:12.434+0000] {processor.py:840} INFO - DAG(s) 'latest_only_with_trigger' retrieved from /home/airflow/.local/lib/python3.12/site-packages/airflow/example_dags/example_latest_only_with_trigger.py
[2026-07-31T11:20:14.775+0000] {logging_mixin.py:188} INFO - [2026-07-31T11:20:14.732+0000] {dag.py:3089} INFO - Sync 1 DAGs
[2026-07-31T11:20:16.531+0000] {logging_mixin.py:188} INFO - [2026-07-31T11:20:16.530+0000] {dag.py:3947} INFO - Setting next_dagrun for latest_only_with_trigger to 2026-07-31 04:00:00+00:00, run_after=2026-07-31 08:00:00+00:00
[2026-07-31T11:20:16.819+0000] {processor.py:183} INFO - Processing /home/airflow/.local/lib/python3.12/site-packages/airflow/example_dags/example_latest_only_with_trigger.py took 5.042 seconds
[2026-07-31T11:20:49.392+0000] {processor.py:161} INFO - Started process (PID=2650) to work on /home/airflow/.local/lib/python3.12/site-packages/airflow/example_dags/example_latest_only_with_trigger.py
[2026-07-31T11:20:49.396+0000] {processor.py:830} INFO - Processing file /home/airflow/.local/lib/python3.12/site-packages/airflow/example_dags/example_latest_only_with_trigger.py for tasks to queue
[2026-07-31T11:20:49.403+0000] {logging_mixin.py:188} INFO - [2026-07-31T11:20:49.402+0000] {dagbag.py:545} INFO - Filling up the DagBag from /home/airflow/.local/lib/python3.12/site-packages/airflow/example_dags/example_latest_only_with_trigger.py
[2026-07-31T11:20:49.425+0000] {processor.py:840} INFO - DAG(s) 'latest_only_with_trigger' retrieved from /home/airflow/.local/lib/python3.12/site-packages/airflow/example_dags/example_latest_only_with_trigger.py
[2026-07-31T11:20:49.519+0000] {logging_mixin.py:188} INFO - [2026-07-31T11:20:49.517+0000] {dag.py:3089} INFO - Sync 1 DAGs
[2026-07-31T11:20:49.676+0000] {logging_mixin.py:188} INFO - [2026-07-31T11:20:49.675+0000] {dag.py:3947} INFO - Setting next_dagrun for latest_only_with_trigger to 2026-07-31 04:00:00+00:00, run_after=2026-07-31 08:00:00+00:00
[2026-07-31T11:20:49.855+0000] {processor.py:183} INFO - Processing /home/airflow/.local/lib/python3.12/site-packages/airflow/example_dags/example_latest_only_with_trigger.py took 0.486 seconds
[2026-07-31T11:21:22.243+0000] {processor.py:161} INFO - Started process (PID=2710) to work on /home/airflow/.local/lib/python3.12/site-packages/airflow/example_dags/example_latest_only_with_trigger.py
[2026-07-31T11:21:22.246+0000] {processor.py:830} INFO - Processing file /home/airflow/.local/lib/python3.12/site-packages/airflow/example_dags/example_latest_only_with_trigger.py for tasks to queue
[2026-07-31T11:21:22.250+0000] {logging_mixin.py:188} INFO - [2026-07-31T11:21:22.249+0000] {dagbag.py:545} INFO - Filling up the DagBag from /home/airflow/.local/lib/python3.12/site-packages/airflow/example_dags/example_latest_only_with_trigger.py
[2026-07-31T11:21:22.264+0000] {processor.py:840} INFO - DAG(s) 'latest_only_with_trigger' retrieved from /home/airflow/.local/lib/python3.12/site-packages/airflow/example_dags/example_latest_only_with_trigger.py
[2026-07-31T11:21:22.314+0000] {logging_mixin.py:188} INFO - [2026-07-31T11:21:22.313+0000] {dag.py:3089} INFO - Sync 1 DAGs
[2026-07-31T11:21:22.402+0000] {logging_mixin.py:188} INFO - [2026-07-31T11:21:22.402+0000] {dag.py:3947} INFO - Setting next_dagrun for latest_only_with_trigger to 2026-07-31 04:00:00+00:00, run_after=2026-07-31 08:00:00+00:00
[2026-07-31T11:21:22.460+0000] {processor.py:183} INFO - Processing /home/airflow/.local/lib/python3.12/site-packages/airflow/example_dags/example_latest_only_with_trigger.py took 0.233 seconds
[2026-07-31T11:21:52.662+0000] {processor.py:161} INFO - Started process (PID=2767) to work on /home/airflow/.local/lib/python3.12/site-packages/airflow/example_dags/example_latest_only_with_trigger.py
[2026-07-31T11:21:52.665+0000] {processor.py:830} INFO - Processing file /home/airflow/.local/lib/python3.12/site-packages/airflow/example_dags/example_latest_only_with_trigger.py for tasks to queue
[2026-07-31T11:21:52.671+0000] {logging_mixin.py:188} INFO - [2026-07-31T11:21:52.670+0000] {dagbag.py:545} INFO - Filling up the DagBag from /home/airflow/.local/lib/python3.12/site-packages/airflow/example_dags/example_latest_only_with_trigger.py
[2026-07-31T11:21:52.687+0000] {processor.py:840} INFO - DAG(s) 'latest_only_with_trigger' retrieved from /home/airflow/.local/lib/python3.12/site-packages/airflow/example_dags/example_latest_only_with_trigger.py
[2026-07-31T11:21:52.754+0000] {logging_mixin.py:188} INFO - [2026-07-31T11:21:52.754+0000] {dag.py:3089} INFO - Sync 1 DAGs
[2026-07-31T11:21:52.837+0000] {logging_mixin.py:188} INFO - [2026-07-31T11:21:52.837+0000] {dag.py:3947} INFO - Setting next_dagrun for latest_only_with_trigger to 2026-07-31 04:00:00+00:00, run_after=2026-07-31 08:00:00+00:00
[2026-07-31T11:21:52.901+0000] {processor.py:183} INFO - Processing /home/airflow/.local/lib/python3.12/site-packages/airflow/example_dags/example_latest_only_with_trigger.py took 0.255 seconds
[2026-07-31T11:22:23.266+0000] {processor.py:161} INFO - Started process (PID=2825) to work on /home/airflow/.local/lib/python3.12/site-packages/airflow/example_dags/example_latest_only_with_trigger.py
[2026-07-31T11:22:23.268+0000] {processor.py:830} INFO - Processing file /home/airflow/.local/lib/python3.12/site-packages/airflow/example_dags/example_latest_only_with_trigger.py for tasks to queue
[2026-07-31T11:22:23.273+0000] {logging_mixin.py:188} INFO - [2026-07-31T11:22:23.273+0000] {dagbag.py:545} INFO - Filling up the DagBag from /home/airflow/.local/lib/python3.12/site-packages/airflow/example_dags/example_latest_only_with_trigger.py
[2026-07-31T11:22:23.284+0000] {processor.py:840} INFO - DAG(s) 'latest_only_with_trigger' retrieved from /home/airflow/.local/lib/python3.12/site-packages/airflow/example_dags/example_latest_only_with_trigger.py
[2026-07-31T11:22:23.398+0000] {logging_mixin.py:188} INFO - [2026-07-31T11:22:23.397+0000] {dag.py:3089} INFO - Sync 1 DAGs
[2026-07-31T11:22:23.477+0000] {logging_mixin.py:188} INFO - [2026-07-31T11:22:23.476+0000] {dag.py:3947} INFO - Setting next_dagrun for latest_only_with_trigger to 2026-07-31 04:00:00+00:00, run_after=2026-07-31 08:00:00+00:00
[2026-07-31T11:22:23.522+0000] {processor.py:183} INFO - Processing /home/airflow/.local/lib/python3.12/site-packages/airflow/example_dags/example_latest_only_with_trigger.py took 0.268 seconds
[2026-07-31T11:23:21.306+0000] {processor.py:161} INFO - Started process (PID=2896) to work on /home/airflow/.local/lib/python3.12/site-packages/airflow/example_dags/example_latest_only_with_trigger.py
[2026-07-31T11:23:21.346+0000] {processor.py:830} INFO - Processing file /home/airflow/.local/lib/python3.12/site-packages/airflow/example_dags/example_latest_only_with_trigger.py for tasks to queue
[2026-07-31T11:23:21.406+0000] {logging_mixin.py:188} INFO - [2026-07-31T11:23:21.405+0000] {dagbag.py:545} INFO - Filling up the DagBag from /home/airflow/.local/lib/python3.12/site-packages/airflow/example_dags/example_latest_only_with_trigger.py
[2026-07-31T11:23:21.536+0000] {processor.py:840} INFO - DAG(s) 'latest_only_with_trigger' retrieved from /home/airflow/.local/lib/python3.12/site-packages/airflow/example_dags/example_latest_only_with_trigger.py
[2026-07-31T11:23:21.961+0000] {logging_mixin.py:188} INFO - [2026-07-31T11:23:21.950+0000] {dag.py:3089} INFO - Sync 1 DAGs
[2026-07-31T11:23:22.701+0000] {logging_mixin.py:188} INFO - [2026-07-31T11:23:22.686+0000] {dag.py:3947} INFO - Setting next_dagrun for latest_only_with_trigger to 2026-07-31 04:00:00+00:00, run_after=2026-07-31 08:00:00+00:00
[2026-07-31T11:23:23.328+0000] {processor.py:183} INFO - Processing /home/airflow/.local/lib/python3.12/site-packages/airflow/example_dags/example_latest_only_with_trigger.py took 2.227 seconds
[2026-07-31T11:25:16.999+0000] {processor.py:161} INFO - Started process (PID=2978) to work on /home/airflow/.local/lib/python3.12/site-packages/airflow/example_dags/example_latest_only_with_trigger.py
[2026-07-31T11:25:17.014+0000] {processor.py:830} INFO - Processing file /home/airflow/.local/lib/python3.12/site-packages/airflow/example_dags/example_latest_only_with_trigger.py for tasks to queue
[2026-07-31T11:25:17.056+0000] {logging_mixin.py:188} INFO - [2026-07-31T11:25:17.054+0000] {dagbag.py:545} INFO - Filling up the DagBag from /home/airflow/.local/lib/python3.12/site-packages/airflow/example_dags/example_latest_only_with_trigger.py
[2026-07-31T11:25:17.169+0000] {processor.py:840} INFO - DAG(s) 'latest_only_with_trigger' retrieved from /home/airflow/.local/lib/python3.12/site-packages/airflow/example_dags/example_latest_only_with_trigger.py
[2026-07-31T11:25:17.439+0000] {logging_mixin.py:188} INFO - [2026-07-31T11:25:17.438+0000] {dag.py:3089} INFO - Sync 1 DAGs
[2026-07-31T11:25:17.666+0000] {logging_mixin.py:188} INFO - [2026-07-31T11:25:17.665+0000] {dag.py:3947} INFO - Setting next_dagrun for latest_only_with_trigger to 2026-07-31 04:00:00+00:00, run_after=2026-07-31 08:00:00+00:00
[2026-07-31T11:25:18.180+0000] {processor.py:183} INFO - Processing /home/airflow/.local/lib/python3.12/site-packages/airflow/example_dags/example_latest_only_with_trigger.py took 1.260 seconds
[2026-07-31T11:26:42.659+0000] {processor.py:161} INFO - Started process (PID=3047) to work on /home/airflow/.local/lib/python3.12/site-packages/airflow/example_dags/example_latest_only_with_trigger.py
[2026-07-31T11:26:42.668+0000] {processor.py:830} INFO - Processing file /home/airflow/.local/lib/python3.12/site-packages/airflow/example_dags/example_latest_only_with_trigger.py for tasks to queue
[2026-07-31T11:26:42.697+0000] {logging_mixin.py:188} INFO - [2026-07-31T11:26:42.696+0000] {dagbag.py:545} INFO - Filling up the DagBag from /home/airflow/.local/lib/python3.12/site-packages/airflow/example_dags/example_latest_only_with_trigger.py
[2026-07-31T11:26:42.780+0000] {processor.py:840} INFO - DAG(s) 'latest_only_with_trigger' retrieved from /home/airflow/.local/lib/python3.12/site-packages/airflow/example_dags/example_latest_only_with_trigger.py
[2026-07-31T11:26:42.897+0000] {logging_mixin.py:188} INFO - [2026-07-31T11:26:42.896+0000] {dag.py:3089} INFO - Sync 1 DAGs
[2026-07-31T11:26:43.098+0000] {logging_mixin.py:188} INFO - [2026-07-31T11:26:43.097+0000] {dag.py:3947} INFO - Setting next_dagrun for latest_only_with_trigger to 2026-07-31 04:00:00+00:00, run_after=2026-07-31 08:00:00+00:00
[2026-07-31T11:26:43.375+0000] {processor.py:183} INFO - Processing /home/airflow/.local/lib/python3.12/site-packages/airflow/example_dags/example_latest_only_with_trigger.py took 0.751 seconds
[2026-07-31T11:27:13.774+0000] {processor.py:161} INFO - Started process (PID=3104) to work on /home/airflow/.local/lib/python3.12/site-packages/airflow/example_dags/example_latest_only_with_trigger.py
[2026-07-31T11:27:13.778+0000] {processor.py:830} INFO - Processing file /home/airflow/.local/lib/python3.12/site-packages/airflow/example_dags/example_latest_only_with_trigger.py for tasks to queue
[2026-07-31T11:27:13.783+0000] {logging_mixin.py:188} INFO - [2026-07-31T11:27:13.782+0000] {dagbag.py:545} INFO - Filling up the DagBag from /home/airflow/.local/lib/python3.12/site-packages/airflow/example_dags/example_latest_only_with_trigger.py
[2026-07-31T11:27:13.801+0000] {processor.py:840} INFO - DAG(s) 'latest_only_with_trigger' retrieved from /home/airflow/.local/lib/python3.12/site-packages/airflow/example_dags/example_latest_only_with_trigger.py
[2026-07-31T11:27:13.859+0000] {logging_mixin.py:188} INFO - [2026-07-31T11:27:13.859+0000] {dag.py:3089} INFO - Sync 1 DAGs
[2026-07-31T11:27:13.921+0000] {logging_mixin.py:188} INFO - [2026-07-31T11:27:13.920+0000] {dag.py:3947} INFO - Setting next_dagrun for latest_only_with_trigger to 2026-07-31 04:00:00+00:00, run_after=2026-07-31 08:00:00+00:00
[2026-07-31T11:27:13.982+0000] {processor.py:183} INFO - Processing /home/airflow/.local/lib/python3.12/site-packages/airflow/example_dags/example_latest_only_with_trigger.py took 0.225 seconds
[2026-07-31T11:27:44.626+0000] {processor.py:161} INFO - Started process (PID=3163) to work on /home/airflow/.local/lib/python3.12/site-packages/airflow/example_dags/example_latest_only_with_trigger.py
[2026-07-31T11:27:44.630+0000] {processor.py:830} INFO - Processing file /home/airflow/.local/lib/python3.12/site-packages/airflow/example_dags/example_latest_only_with_trigger.py for tasks to queue
[2026-07-31T11:27:44.640+0000] {logging_mixin.py:188} INFO - [2026-07-31T11:27:44.638+0000] {dagbag.py:545} INFO - Filling up the DagBag from /home/airflow/.local/lib/python3.12/site-packages/airflow/example_dags/example_latest_only_with_trigger.py
[2026-07-31T11:27:44.666+0000] {processor.py:840} INFO - DAG(s) 'latest_only_with_trigger' retrieved from /home/airflow/.local/lib/python3.12/site-packages/airflow/example_dags/example_latest_only_with_trigger.py
[2026-07-31T11:27:44.749+0000] {logging_mixin.py:188} INFO - [2026-07-31T11:27:44.749+0000] {dag.py:3089} INFO - Sync 1 DAGs
[2026-07-31T11:27:44.801+0000] {logging_mixin.py:188} INFO - [2026-07-31T11:27:44.801+0000] {dag.py:3947} INFO - Setting next_dagrun for latest_only_with_trigger to 2026-07-31 04:00:00+00:00, run_after=2026-07-31 08:00:00+00:00
[2026-07-31T11:27:44.850+0000] {processor.py:183} INFO - Processing /home/airflow/.local/lib/python3.12/site-packages/airflow/example_dags/example_latest_only_with_trigger.py took 0.253 seconds
[2026-07-31T11:28:15.395+0000] {processor.py:161} INFO - Started process (PID=3221) to work on /home/airflow/.local/lib/python3.12/site-packages/airflow/example_dags/example_latest_only_with_trigger.py
[2026-07-31T11:28:15.398+0000] {processor.py:830} INFO - Processing file /home/airflow/.local/lib/python3.12/site-packages/airflow/example_dags/example_latest_only_with_trigger.py for tasks to queue
[2026-07-31T11:28:15.402+0000] {logging_mixin.py:188} INFO - [2026-07-31T11:28:15.402+0000] {dagbag.py:545} INFO - Filling up the DagBag from /home/airflow/.local/lib/python3.12/site-packages/airflow/example_dags/example_latest_only_with_trigger.py
[2026-07-31T11:28:15.414+0000] {processor.py:840} INFO - DAG(s) 'latest_only_with_trigger' retrieved from /home/airflow/.local/lib/python3.12/site-packages/airflow/example_dags/example_latest_only_with_trigger.py
[2026-07-31T11:28:15.457+0000] {logging_mixin.py:188} INFO - [2026-07-31T11:28:15.457+0000] {dag.py:3089} INFO - Sync 1 DAGs
[2026-07-31T11:28:15.505+0000] {logging_mixin.py:188} INFO - [2026-07-31T11:28:15.505+0000] {dag.py:3947} INFO - Setting next_dagrun for latest_only_with_trigger to 2026-07-31 04:00:00+00:00, run_after=2026-07-31 08:00:00+00:00
[2026-07-31T11:28:15.553+0000] {processor.py:183} INFO - Processing /home/airflow/.local/lib/python3.12/site-packages/airflow/example_dags/example_latest_only_with_trigger.py took 0.168 seconds
[2026-07-31T11:28:46.420+0000] {processor.py:161} INFO - Started process (PID=3279) to work on /home/airflow/.local/lib/python3.12/site-packages/airflow/example_dags/example_latest_only_with_trigger.py
[2026-07-31T11:28:46.427+0000] {processor.py:830} INFO - Processing file /home/airflow/.local/lib/python3.12/site-packages/airflow/example_dags/example_latest_only_with_trigger.py for tasks to queue
[2026-07-31T11:28:46.435+0000] {logging_mixin.py:188} INFO - [2026-07-31T11:28:46.434+0000] {dagbag.py:545} INFO - Filling up the DagBag from /home/airflow/.local/lib/python3.12/site-packages/airflow/example_dags/example_latest_only_with_trigger.py
[2026-07-31T11:28:46.459+0000] {processor.py:840} INFO - DAG(s) 'latest_only_with_trigger' retrieved from /home/airflow/.local/lib/python3.12/site-packages/airflow/example_dags/example_latest_only_with_trigger.py
[2026-07-31T11:28:46.529+0000] {logging_mixin.py:188} INFO - [2026-07-31T11:28:46.528+0000] {dag.py:3089} INFO - Sync 1 DAGs
[2026-07-31T11:28:46.637+0000] {logging_mixin.py:188} INFO - [2026-07-31T11:28:46.636+0000] {dag.py:3947} INFO - Setting next_dagrun for latest_only_with_trigger to 2026-07-31 04:00:00+00:00, run_after=2026-07-31 08:00:00+00:00
[2026-07-31T11:28:46.738+0000] {processor.py:183} INFO - Processing /home/airflow/.local/lib/python3.12/site-packages/airflow/example_dags/example_latest_only_with_trigger.py took 0.343 seconds
[2026-07-31T11:29:23.181+0000] {processor.py:161} INFO - Started process (PID=3336) to work on /home/airflow/.local/lib/python3.12/site-packages/airflow/example_dags/example_latest_only_with_trigger.py
[2026-07-31T11:29:23.189+0000] {processor.py:830} INFO - Processing file /home/airflow/.local/lib/python3.12/site-packages/airflow/example_dags/example_latest_only_with_trigger.py for tasks to queue
[2026-07-31T11:29:23.208+0000] {logging_mixin.py:188} INFO - [2026-07-31T11:29:23.206+0000] {dagbag.py:545} INFO - Filling up the DagBag from /home/airflow/.local/lib/python3.12/site-packages/airflow/example_dags/example_latest_only_with_trigger.py
[2026-07-31T11:29:23.263+0000] {processor.py:840} INFO - DAG(s) 'latest_only_with_trigger' retrieved from /home/airflow/.local/lib/python3.12/site-packages/airflow/example_dags/example_latest_only_with_trigger.py
[2026-07-31T11:29:23.473+0000] {logging_mixin.py:188} INFO - [2026-07-31T11:29:23.472+0000] {dag.py:3089} INFO - Sync 1 DAGs
[2026-07-31T11:29:23.672+0000] {logging_mixin.py:188} INFO - [2026-07-31T11:29:23.671+0000] {dag.py:3947} INFO - Setting next_dagrun for latest_only_with_trigger to 2026-07-31 04:00:00+00:00, run_after=2026-07-31 08:00:00+00:00
[2026-07-31T11:29:23.864+0000] {processor.py:183} INFO - Processing /home/airflow/.local/lib/python3.12/site-packages/airflow/example_dags/example_latest_only_with_trigger.py took 0.784 seconds
[2026-07-31T11:30:04.000+0000] {processor.py:161} INFO - Started process (PID=3381) to work on /home/airflow/.local/lib/python3.12/site-packages/airflow/example_dags/example_latest_only_with_trigger.py
[2026-07-31T11:30:04.024+0000] {processor.py:830} INFO - Processing file /home/airflow/.local/lib/python3.12/site-packages/airflow/example_dags/example_latest_only_with_trigger.py for tasks to queue
[2026-07-31T11:30:04.057+0000] {logging_mixin.py:188} INFO - [2026-07-31T11:30:04.056+0000] {dagbag.py:545} INFO - Filling up the DagBag from /home/airflow/.local/lib/python3.12/site-packages/airflow/example_dags/example_latest_only_with_trigger.py
[2026-07-31T11:30:04.197+0000] {processor.py:840} INFO - DAG(s) 'latest_only_with_trigger' retrieved from /home/airflow/.local/lib/python3.12/site-packages/airflow/example_dags/example_latest_only_with_trigger.py
[2026-07-31T11:30:04.585+0000] {logging_mixin.py:188} INFO - [2026-07-31T11:30:04.584+0000] {dag.py:3089} INFO - Sync 1 DAGs
[2026-07-31T11:30:04.923+0000] {logging_mixin.py:188} INFO - [2026-07-31T11:30:04.922+0000] {dag.py:3947} INFO - Setting next_dagrun for latest_only_with_trigger to 2026-07-31 04:00:00+00:00, run_after=2026-07-31 08:00:00+00:00
[2026-07-31T11:30:05.427+0000] {processor.py:183} INFO - Processing /home/airflow/.local/lib/python3.12/site-packages/airflow/example_dags/example_latest_only_with_trigger.py took 1.721 seconds
[2026-07-31T11:30:39.900+0000] {processor.py:161} INFO - Started process (PID=3440) to work on /home/airflow/.local/lib/python3.12/site-packages/airflow/example_dags/example_latest_only_with_trigger.py
[2026-07-31T11:30:39.903+0000] {processor.py:830} INFO - Processing file /home/airflow/.local/lib/python3.12/site-packages/airflow/example_dags/example_latest_only_with_trigger.py for tasks to queue
[2026-07-31T11:30:39.910+0000] {logging_mixin.py:188} INFO - [2026-07-31T11:30:39.909+0000] {dagbag.py:545} INFO - Filling up the DagBag from /home/airflow/.local/lib/python3.12/site-packages/airflow/example_dags/example_latest_only_with_trigger.py
[2026-07-31T11:30:39.936+0000] {processor.py:840} INFO - DAG(s) 'latest_only_with_trigger' retrieved from /home/airflow/.local/lib/python3.12/site-packages/airflow/example_dags/example_latest_only_with_trigger.py
[2026-07-31T11:30:40.069+0000] {logging_mixin.py:188} INFO - [2026-07-31T11:30:40.067+0000] {dag.py:3089} INFO - Sync 1 DAGs
[2026-07-31T11:30:40.284+0000] {logging_mixin.py:188} INFO - [2026-07-31T11:30:40.283+0000] {dag.py:3947} INFO - Setting next_dagrun for latest_only_with_trigger to 2026-07-31 04:00:00+00:00, run_after=2026-07-31 08:00:00+00:00
[2026-07-31T11:30:40.384+0000] {processor.py:183} INFO - Processing /home/airflow/.local/lib/python3.12/site-packages/airflow/example_dags/example_latest_only_with_trigger.py took 0.514 seconds
[2026-07-31T11:31:10.732+0000] {processor.py:161} INFO - Started process (PID=3498) to work on /home/airflow/.local/lib/python3.12/site-packages/airflow/example_dags/example_latest_only_with_trigger.py
[2026-07-31T11:31:10.735+0000] {processor.py:830} INFO - Processing file /home/airflow/.local/lib/python3.12/site-packages/airflow/example_dags/example_latest_only_with_trigger.py for tasks to queue
[2026-07-31T11:31:10.740+0000] {logging_mixin.py:188} INFO - [2026-07-31T11:31:10.739+0000] {dagbag.py:545} INFO - Filling up the DagBag from /home/airflow/.local/lib/python3.12/site-packages/airflow/example_dags/example_latest_only_with_trigger.py
[2026-07-31T11:31:10.754+0000] {processor.py:840} INFO - DAG(s) 'latest_only_with_trigger' retrieved from /home/airflow/.local/lib/python3.12/site-packages/airflow/example_dags/example_latest_only_with_trigger.py
[2026-07-31T11:31:10.811+0000] {logging_mixin.py:188} INFO - [2026-07-31T11:31:10.810+0000] {dag.py:3089} INFO - Sync 1 DAGs
[2026-07-31T11:31:10.874+0000] {logging_mixin.py:188} INFO - [2026-07-31T11:31:10.873+0000] {dag.py:3947} INFO - Setting next_dagrun for latest_only_with_trigger to 2026-07-31 04:00:00+00:00, run_after=2026-07-31 08:00:00+00:00
[2026-07-31T11:31:10.924+0000] {processor.py:183} INFO - Processing /home/airflow/.local/lib/python3.12/site-packages/airflow/example_dags/example_latest_only_with_trigger.py took 0.209 seconds
[2026-07-31T11:31:41.305+0000] {processor.py:161} INFO - Started process (PID=3556) to work on /home/airflow/.local/lib/python3.12/site-packages/airflow/example_dags/example_latest_only_with_trigger.py
[2026-07-31T11:31:41.308+0000] {processor.py:830} INFO - Processing file /home/airflow/.local/lib/python3.12/site-packages/airflow/example_dags/example_latest_only_with_trigger.py for tasks to queue
[2026-07-31T11:31:41.315+0000] {logging_mixin.py:188} INFO - [2026-07-31T11:31:41.312+0000] {dagbag.py:545} INFO - Filling up the DagBag from /home/airflow/.local/lib/python3.12/site-packages/airflow/example_dags/example_latest_only_with_trigger.py
[2026-07-31T11:31:41.335+0000] {processor.py:840} INFO - DAG(s) 'latest_only_with_trigger' retrieved from /home/airflow/.local/lib/python3.12/site-packages/airflow/example_dags/example_latest_only_with_trigger.py
[2026-07-31T11:31:41.429+0000] {logging_mixin.py:188} INFO - [2026-07-31T11:31:41.428+0000] {dag.py:3089} INFO - Sync 1 DAGs
[2026-07-31T11:31:41.494+0000] {logging_mixin.py:188} INFO - [2026-07-31T11:31:41.494+0000] {dag.py:3947} INFO - Setting next_dagrun for latest_only_with_trigger to 2026-07-31 04:00:00+00:00, run_after=2026-07-31 08:00:00+00:00
[2026-07-31T11:31:41.533+0000] {processor.py:183} INFO - Processing /home/airflow/.local/lib/python3.12/site-packages/airflow/example_dags/example_latest_only_with_trigger.py took 0.255 seconds
[2026-07-31T11:32:12.122+0000] {processor.py:161} INFO - Started process (PID=3614) to work on /home/airflow/.local/lib/python3.12/site-packages/airflow/example_dags/example_latest_only_with_trigger.py
[2026-07-31T11:32:12.126+0000] {processor.py:830} INFO - Processing file /home/airflow/.local/lib/python3.12/site-packages/airflow/example_dags/example_latest_only_with_trigger.py for tasks to queue
[2026-07-31T11:32:12.141+0000] {logging_mixin.py:188} INFO - [2026-07-31T11:32:12.140+0000] {dagbag.py:545} INFO - Filling up the DagBag from /home/airflow/.local/lib/python3.12/site-packages/airflow/example_dags/example_latest_only_with_trigger.py
[2026-07-31T11:32:12.165+0000] {processor.py:840} INFO - DAG(s) 'latest_only_with_trigger' retrieved from /home/airflow/.local/lib/python3.12/site-packages/airflow/example_dags/example_latest_only_with_trigger.py
[2026-07-31T11:32:12.246+0000] {logging_mixin.py:188} INFO - [2026-07-31T11:32:12.246+0000] {dag.py:3089} INFO - Sync 1 DAGs
[2026-07-31T11:32:12.355+0000] {logging_mixin.py:188} INFO - [2026-07-31T11:32:12.354+0000] {dag.py:3947} INFO - Setting next_dagrun for latest_only_with_trigger to 2026-07-31 04:00:00+00:00, run_after=2026-07-31 08:00:00+00:00
[2026-07-31T11:32:12.474+0000] {processor.py:183} INFO - Processing /home/airflow/.local/lib/python3.12/site-packages/airflow/example_dags/example_latest_only_with_trigger.py took 0.393 seconds
[2026-07-31T11:32:58.774+0000] {processor.py:161} INFO - Started process (PID=3683) to work on /home/airflow/.local/lib/python3.12/site-packages/airflow/example_dags/example_latest_only_with_trigger.py
[2026-07-31T11:32:58.779+0000] {processor.py:830} INFO - Processing file /home/airflow/.local/lib/python3.12/site-packages/airflow/example_dags/example_latest_only_with_trigger.py for tasks to queue
[2026-07-31T11:32:58.797+0000] {logging_mixin.py:188} INFO - [2026-07-31T11:32:58.795+0000] {dagbag.py:545} INFO - Filling up the DagBag from /home/airflow/.local/lib/python3.12/site-packages/airflow/example_dags/example_latest_only_with_trigger.py
[2026-07-31T11:32:58.865+0000] {processor.py:840} INFO - DAG(s) 'latest_only_with_trigger' retrieved from /home/airflow/.local/lib/python3.12/site-packages/airflow/example_dags/example_latest_only_with_trigger.py
[2026-07-31T11:32:59.145+0000] {logging_mixin.py:188} INFO - [2026-07-31T11:32:59.144+0000] {dag.py:3089} INFO - Sync 1 DAGs
[2026-07-31T11:32:59.713+0000] {logging_mixin.py:188} INFO - [2026-07-31T11:32:59.712+0000] {dag.py:3947} INFO - Setting next_dagrun for latest_only_with_trigger to 2026-07-31 04:00:00+00:00, run_after=2026-07-31 08:00:00+00:00
[2026-07-31T11:32:59.981+0000] {processor.py:183} INFO - Processing /home/airflow/.local/lib/python3.12/site-packages/airflow/example_dags/example_latest_only_with_trigger.py took 1.254 seconds
[2026-07-31T11:34:35.375+0000] {processor.py:161} INFO - Started process (PID=3762) to work on /home/airflow/.local/lib/python3.12/site-packages/airflow/example_dags/example_latest_only_with_trigger.py
[2026-07-31T11:34:35.377+0000] {processor.py:830} INFO - Processing file /home/airflow/.local/lib/python3.12/site-packages/airflow/example_dags/example_latest_only_with_trigger.py for tasks to queue
[2026-07-31T11:34:35.380+0000] {logging_mixin.py:188} INFO - [2026-07-31T11:34:35.380+0000] {dagbag.py:545} INFO - Filling up the DagBag from /home/airflow/.local/lib/python3.12/site-packages/airflow/example_dags/example_latest_only_with_trigger.py
[2026-07-31T11:34:35.397+0000] {processor.py:840} INFO - DAG(s) 'latest_only_with_trigger' retrieved from /home/airflow/.local/lib/python3.12/site-packages/airflow/example_dags/example_latest_only_with_trigger.py
[2026-07-31T11:34:35.461+0000] {logging_mixin.py:188} INFO - [2026-07-31T11:34:35.460+0000] {dag.py:3089} INFO - Sync 1 DAGs
[2026-07-31T11:34:35.582+0000] {logging_mixin.py:188} INFO - [2026-07-31T11:34:35.581+0000] {dag.py:3947} INFO - Setting next_dagrun for latest_only_with_trigger to 2026-07-31 04:00:00+00:00, run_after=2026-07-31 08:00:00+00:00
[2026-07-31T11:34:35.697+0000] {processor.py:183} INFO - Processing /home/airflow/.local/lib/python3.12/site-packages/airflow/example_dags/example_latest_only_with_trigger.py took 0.334 seconds
[2026-07-31T11:35:05.783+0000] {processor.py:161} INFO - Started process (PID=3820) to work on /home/airflow/.local/lib/python3.12/site-packages/airflow/example_dags/example_latest_only_with_trigger.py
[2026-07-31T11:35:05.786+0000] {processor.py:830} INFO - Processing file /home/airflow/.local/lib/python3.12/site-packages/airflow/example_dags/example_latest_only_with_trigger.py for tasks to queue
[2026-07-31T11:35:05.790+0000] {logging_mixin.py:188} INFO - [2026-07-31T11:35:05.789+0000] {dagbag.py:545} INFO - Filling up the DagBag from /home/airflow/.local/lib/python3.12/site-packages/airflow/example_dags/example_latest_only_with_trigger.py
[2026-07-31T11:35:05.802+0000] {processor.py:840} INFO - DAG(s) 'latest_only_with_trigger' retrieved from /home/airflow/.local/lib/python3.12/site-packages/airflow/example_dags/example_latest_only_with_trigger.py
[2026-07-31T11:35:05.838+0000] {logging_mixin.py:188} INFO - [2026-07-31T11:35:05.838+0000] {dag.py:3089} INFO - Sync 1 DAGs
[2026-07-31T11:35:05.877+0000] {logging_mixin.py:188} INFO - [2026-07-31T11:35:05.877+0000] {dag.py:3947} INFO - Setting next_dagrun for latest_only_with_trigger to 2026-07-31 04:00:00+00:00, run_after=2026-07-31 08:00:00+00:00
[2026-07-31T11:35:05.913+0000] {processor.py:183} INFO - Processing /home/airflow/.local/lib/python3.12/site-packages/airflow/example_dags/example_latest_only_with_trigger.py took 0.140 seconds
[2026-07-31T11:35:38.418+0000] {processor.py:161} INFO - Started process (PID=3879) to work on /home/airflow/.local/lib/python3.12/site-packages/airflow/example_dags/example_latest_only_with_trigger.py
[2026-07-31T11:35:38.421+0000] {processor.py:830} INFO - Processing file /home/airflow/.local/lib/python3.12/site-packages/airflow/example_dags/example_latest_only_with_trigger.py for tasks to queue
[2026-07-31T11:35:38.432+0000] {logging_mixin.py:188} INFO - [2026-07-31T11:35:38.431+0000] {dagbag.py:545} INFO - Filling up the DagBag from /home/airflow/.local/lib/python3.12/site-packages/airflow/example_dags/example_latest_only_with_trigger.py
[2026-07-31T11:35:38.454+0000] {processor.py:840} INFO - DAG(s) 'latest_only_with_trigger' retrieved from /home/airflow/.local/lib/python3.12/site-packages/airflow/example_dags/example_latest_only_with_trigger.py
[2026-07-31T11:35:38.623+0000] {logging_mixin.py:188} INFO - [2026-07-31T11:35:38.622+0000] {dag.py:3089} INFO - Sync 1 DAGs
[2026-07-31T11:35:38.675+0000] {logging_mixin.py:188} INFO - [2026-07-31T11:35:38.675+0000] {dag.py:3947} INFO - Setting next_dagrun for latest_only_with_trigger to 2026-07-31 04:00:00+00:00, run_after=2026-07-31 08:00:00+00:00
[2026-07-31T11:35:38.722+0000] {processor.py:183} INFO - Processing /home/airflow/.local/lib/python3.12/site-packages/airflow/example_dags/example_latest_only_with_trigger.py took 0.327 seconds
[2026-07-31T11:36:08.995+0000] {processor.py:161} INFO - Started process (PID=3936) to work on /home/airflow/.local/lib/python3.12/site-packages/airflow/example_dags/example_latest_only_with_trigger.py
[2026-07-31T11:36:08.998+0000] {processor.py:830} INFO - Processing file /home/airflow/.local/lib/python3.12/site-packages/airflow/example_dags/example_latest_only_with_trigger.py for tasks to queue
[2026-07-31T11:36:09.002+0000] {logging_mixin.py:188} INFO - [2026-07-31T11:36:09.001+0000] {dagbag.py:545} INFO - Filling up the DagBag from /home/airflow/.local/lib/python3.12/site-packages/airflow/example_dags/example_latest_only_with_trigger.py
[2026-07-31T11:36:09.018+0000] {processor.py:840} INFO - DAG(s) 'latest_only_with_trigger' retrieved from /home/airflow/.local/lib/python3.12/site-packages/airflow/example_dags/example_latest_only_with_trigger.py
[2026-07-31T11:36:09.094+0000] {logging_mixin.py:188} INFO - [2026-07-31T11:36:09.093+0000] {dag.py:3089} INFO - Sync 1 DAGs
[2026-07-31T11:36:09.168+0000] {logging_mixin.py:188} INFO - [2026-07-31T11:36:09.167+0000] {dag.py:3947} INFO - Setting next_dagrun for latest_only_with_trigger to 2026-07-31 04:00:00+00:00, run_after=2026-07-31 08:00:00+00:00
[2026-07-31T11:36:09.209+0000] {processor.py:183} INFO - Processing /home/airflow/.local/lib/python3.12/site-packages/airflow/example_dags/example_latest_only_with_trigger.py took 0.226 seconds
[2026-07-31T11:36:40.321+0000] {processor.py:161} INFO - Started process (PID=3994) to work on /home/airflow/.local/lib/python3.12/site-packages/airflow/example_dags/example_latest_only_with_trigger.py
[2026-07-31T11:36:40.329+0000] {processor.py:830} INFO - Processing file /home/airflow/.local/lib/python3.12/site-packages/airflow/example_dags/example_latest_only_with_trigger.py for tasks to queue
[2026-07-31T11:36:40.340+0000] {logging_mixin.py:188} INFO - [2026-07-31T11:36:40.339+0000] {dagbag.py:545} INFO - Filling up the DagBag from /home/airflow/.local/lib/python3.12/site-packages/airflow/example_dags/example_latest_only_with_trigger.py
[2026-07-31T11:36:40.366+0000] {processor.py:840} INFO - DAG(s) 'latest_only_with_trigger' retrieved from /home/airflow/.local/lib/python3.12/site-packages/airflow/example_dags/example_latest_only_with_trigger.py
[2026-07-31T11:36:40.463+0000] {logging_mixin.py:188} INFO - [2026-07-31T11:36:40.462+0000] {dag.py:3089} INFO - Sync 1 DAGs
[2026-07-31T11:36:40.591+0000] {logging_mixin.py:188} INFO - [2026-07-31T11:36:40.590+0000] {dag.py:3947} INFO - Setting next_dagrun for latest_only_with_trigger to 2026-07-31 04:00:00+00:00, run_after=2026-07-31 08:00:00+00:00
[2026-07-31T11:36:40.644+0000] {processor.py:183} INFO - Processing /home/airflow/.local/lib/python3.12/site-packages/airflow/example_dags/example_latest_only_with_trigger.py took 0.374 seconds
[2026-07-31T11:37:11.122+0000] {processor.py:161} INFO - Started process (PID=4053) to work on /home/airflow/.local/lib/python3.12/site-packages/airflow/example_dags/example_latest_only_with_trigger.py
[2026-07-31T11:37:11.124+0000] {processor.py:830} INFO - Processing file /home/airflow/.local/lib/python3.12/site-packages/airflow/example_dags/example_latest_only_with_trigger.py for tasks to queue
[2026-07-31T11:37:11.128+0000] {logging_mixin.py:188} INFO - [2026-07-31T11:37:11.127+0000] {dagbag.py:545} INFO - Filling up the DagBag from /home/airflow/.local/lib/python3.12/site-packages/airflow/example_dags/example_latest_only_with_trigger.py
[2026-07-31T11:37:11.139+0000] {processor.py:840} INFO - DAG(s) 'latest_only_with_trigger' retrieved from /home/airflow/.local/lib/python3.12/site-packages/airflow/example_dags/example_latest_only_with_trigger.py
[2026-07-31T11:37:11.187+0000] {logging_mixin.py:188} INFO - [2026-07-31T11:37:11.186+0000] {dag.py:3089} INFO - Sync 1 DAGs
[2026-07-31T11:37:11.258+0000] {logging_mixin.py:188} INFO - [2026-07-31T11:37:11.257+0000] {dag.py:3947} INFO - Setting next_dagrun for latest_only_with_trigger to 2026-07-31 04:00:00+00:00, run_after=2026-07-31 08:00:00+00:00
[2026-07-31T11:37:11.317+0000] {processor.py:183} INFO - Processing /home/airflow/.local/lib/python3.12/site-packages/airflow/example_dags/example_latest_only_with_trigger.py took 0.208 seconds
[2026-07-31T11:37:41.499+0000] {processor.py:161} INFO - Started process (PID=4110) to work on /home/airflow/.local/lib/python3.12/site-packages/airflow/example_dags/example_latest_only_with_trigger.py
[2026-07-31T11:37:41.501+0000] {processor.py:830} INFO - Processing file /home/airflow/.local/lib/python3.12/site-packages/airflow/example_dags/example_latest_only_with_trigger.py for tasks to queue
[2026-07-31T11:37:41.504+0000] {logging_mixin.py:188} INFO - [2026-07-31T11:37:41.504+0000] {dagbag.py:545} INFO - Filling up the DagBag from /home/airflow/.local/lib/python3.12/site-packages/airflow/example_dags/example_latest_only_with_trigger.py
[2026-07-31T11:37:41.515+0000] {processor.py:840} INFO - DAG(s) 'latest_only_with_trigger' retrieved from /home/airflow/.local/lib/python3.12/site-packages/airflow/example_dags/example_latest_only_with_trigger.py
[2026-07-31T11:37:41.561+0000] {logging_mixin.py:188} INFO - [2026-07-31T11:37:41.560+0000] {dag.py:3089} INFO - Sync 1 DAGs
[2026-07-31T11:37:41.654+0000] {logging_mixin.py:188} INFO - [2026-07-31T11:37:41.653+0000] {dag.py:3947} INFO - Setting next_dagrun for latest_only_with_trigger to 2026-07-31 04:00:00+00:00, run_after=2026-07-31 08:00:00+00:00
[2026-07-31T11:37:41.745+0000] {processor.py:183} INFO - Processing /home/airflow/.local/lib/python3.12/site-packages/airflow/example_dags/example_latest_only_with_trigger.py took 0.256 seconds
[2026-07-31T11:38:12.471+0000] {processor.py:161} INFO - Started process (PID=4174) to work on /home/airflow/.local/lib/python3.12/site-packages/airflow/example_dags/example_latest_only_with_trigger.py
[2026-07-31T11:38:12.474+0000] {processor.py:830} INFO - Processing file /home/airflow/.local/lib/python3.12/site-packages/airflow/example_dags/example_latest_only_with_trigger.py for tasks to queue
[2026-07-31T11:38:12.477+0000] {logging_mixin.py:188} INFO - [2026-07-31T11:38:12.476+0000] {dagbag.py:545} INFO - Filling up the DagBag from /home/airflow/.local/lib/python3.12/site-packages/airflow/example_dags/example_latest_only_with_trigger.py
[2026-07-31T11:38:12.489+0000] {processor.py:840} INFO - DAG(s) 'latest_only_with_trigger' retrieved from /home/airflow/.local/lib/python3.12/site-packages/airflow/example_dags/example_latest_only_with_trigger.py
[2026-07-31T11:38:12.527+0000] {logging_mixin.py:188} INFO - [2026-07-31T11:38:12.526+0000] {dag.py:3089} INFO - Sync 1 DAGs
[2026-07-31T11:38:12.585+0000] {logging_mixin.py:188} INFO - [2026-07-31T11:38:12.585+0000] {dag.py:3947} INFO - Setting next_dagrun for latest_only_with_trigger to 2026-07-31 04:00:00+00:00, run_after=2026-07-31 08:00:00+00:00
[2026-07-31T11:38:12.626+0000] {processor.py:183} INFO - Processing /home/airflow/.local/lib/python3.12/site-packages/airflow/example_dags/example_latest_only_with_trigger.py took 0.166 seconds
[2026-07-31T11:38:42.747+0000] {processor.py:161} INFO - Started process (PID=4226) to work on /home/airflow/.local/lib/python3.12/site-packages/airflow/example_dags/example_latest_only_with_trigger.py
[2026-07-31T11:38:42.751+0000] {processor.py:830} INFO - Processing file /home/airflow/.local/lib/python3.12/site-packages/airflow/example_dags/example_latest_only_with_trigger.py for tasks to queue
[2026-07-31T11:38:42.761+0000] {logging_mixin.py:188} INFO - [2026-07-31T11:38:42.760+0000] {dagbag.py:545} INFO - Filling up the DagBag from /home/airflow/.local/lib/python3.12/site-packages/airflow/example_dags/example_latest_only_with_trigger.py
[2026-07-31T11:38:42.778+0000] {processor.py:840} INFO - DAG(s) 'latest_only_with_trigger' retrieved from /home/airflow/.local/lib/python3.12/site-packages/airflow/example_dags/example_latest_only_with_trigger.py
[2026-07-31T11:38:42.840+0000] {logging_mixin.py:188} INFO - [2026-07-31T11:38:42.840+0000] {dag.py:3089} INFO - Sync 1 DAGs
[2026-07-31T11:38:42.926+0000] {logging_mixin.py:188} INFO - [2026-07-31T11:38:42.925+0000] {dag.py:3947} INFO - Setting next_dagrun for latest_only_with_trigger to 2026-07-31 04:00:00+00:00, run_after=2026-07-31 08:00:00+00:00
[2026-07-31T11:38:43.017+0000] {processor.py:183} INFO - Processing /home/airflow/.local/lib/python3.12/site-packages/airflow/example_dags/example_latest_only_with_trigger.py took 0.294 seconds
[2026-07-31T11:39:14.915+0000] {processor.py:161} INFO - Started process (PID=4290) to work on /home/airflow/.local/lib/python3.12/site-packages/airflow/example_dags/example_latest_only_with_trigger.py
[2026-07-31T11:39:14.918+0000] {processor.py:830} INFO - Processing file /home/airflow/.local/lib/python3.12/site-packages/airflow/example_dags/example_latest_only_with_trigger.py for tasks to queue
[2026-07-31T11:39:14.922+0000] {logging_mixin.py:188} INFO - [2026-07-31T11:39:14.922+0000] {dagbag.py:545} INFO - Filling up the DagBag from /home/airflow/.local/lib/python3.12/site-packages/airflow/example_dags/example_latest_only_with_trigger.py
[2026-07-31T11:39:14.937+0000] {processor.py:840} INFO - DAG(s) 'latest_only_with_trigger' retrieved from /home/airflow/.local/lib/python3.12/site-packages/airflow/example_dags/example_latest_only_with_trigger.py
[2026-07-31T11:39:14.998+0000] {logging_mixin.py:188} INFO - [2026-07-31T11:39:14.998+0000] {dag.py:3089} INFO - Sync 1 DAGs
[2026-07-31T11:39:15.157+0000] {logging_mixin.py:188} INFO - [2026-07-31T11:39:15.156+0000] {dag.py:3947} INFO - Setting next_dagrun for latest_only_with_trigger to 2026-07-31 04:00:00+00:00, run_after=2026-07-31 08:00:00+00:00
[2026-07-31T11:39:15.224+0000] {processor.py:183} INFO - Processing /home/airflow/.local/lib/python3.12/site-packages/airflow/example_dags/example_latest_only_with_trigger.py took 0.324 seconds
[2026-07-31T11:39:45.446+0000] {processor.py:161} INFO - Started process (PID=4348) to work on /home/airflow/.local/lib/python3.12/site-packages/airflow/example_dags/example_latest_only_with_trigger.py
[2026-07-31T11:39:45.447+0000] {processor.py:830} INFO - Processing file /home/airflow/.local/lib/python3.12/site-packages/airflow/example_dags/example_latest_only_with_trigger.py for tasks to queue
[2026-07-31T11:39:45.450+0000] {logging_mixin.py:188} INFO - [2026-07-31T11:39:45.450+0000] {dagbag.py:545} INFO - Filling up the DagBag from /home/airflow/.local/lib/python3.12/site-packages/airflow/example_dags/example_latest_only_with_trigger.py
[2026-07-31T11:39:45.457+0000] {processor.py:840} INFO - DAG(s) 'latest_only_with_trigger' retrieved from /home/airflow/.local/lib/python3.12/site-packages/airflow/example_dags/example_latest_only_with_trigger.py
[2026-07-31T11:39:45.486+0000] {logging_mixin.py:188} INFO - [2026-07-31T11:39:45.486+0000] {dag.py:3089} INFO - Sync 1 DAGs
[2026-07-31T11:39:45.515+0000] {logging_mixin.py:188} INFO - [2026-07-31T11:39:45.515+0000] {dag.py:3947} INFO - Setting next_dagrun for latest_only_with_trigger to 2026-07-31 04:00:00+00:00, run_after=2026-07-31 08:00:00+00:00
[2026-07-31T11:39:45.544+0000] {processor.py:183} INFO - Processing /home/airflow/.local/lib/python3.12/site-packages/airflow/example_dags/example_latest_only_with_trigger.py took 0.106 seconds
[2026-07-31T11:40:16.237+0000] {processor.py:161} INFO - Started process (PID=4406) to work on /home/airflow/.local/lib/python3.12/site-packages/airflow/example_dags/example_latest_only_with_trigger.py
[2026-07-31T11:40:16.238+0000] {processor.py:830} INFO - Processing file /home/airflow/.local/lib/python3.12/site-packages/airflow/example_dags/example_latest_only_with_trigger.py for tasks to queue
[2026-07-31T11:40:16.241+0000] {logging_mixin.py:188} INFO - [2026-07-31T11:40:16.240+0000] {dagbag.py:545} INFO - Filling up the DagBag from /home/airflow/.local/lib/python3.12/site-packages/airflow/example_dags/example_latest_only_with_trigger.py
[2026-07-31T11:40:16.248+0000] {processor.py:840} INFO - DAG(s) 'latest_only_with_trigger' retrieved from /home/airflow/.local/lib/python3.12/site-packages/airflow/example_dags/example_latest_only_with_trigger.py
[2026-07-31T11:40:16.274+0000] {logging_mixin.py:188} INFO - [2026-07-31T11:40:16.273+0000] {dag.py:3089} INFO - Sync 1 DAGs
[2026-07-31T11:40:16.299+0000] {logging_mixin.py:188} INFO - [2026-07-31T11:40:16.298+0000] {dag.py:3947} INFO - Setting next_dagrun for latest_only_with_trigger to 2026-07-31 04:00:00+00:00, run_after=2026-07-31 08:00:00+00:00
[2026-07-31T11:40:16.322+0000] {processor.py:183} INFO - Processing /home/airflow/.local/lib/python3.12/site-packages/airflow/example_dags/example_latest_only_with_trigger.py took 0.093 seconds
[2026-07-31T11:40:47.676+0000] {processor.py:161} INFO - Started process (PID=4464) to work on /home/airflow/.local/lib/python3.12/site-packages/airflow/example_dags/example_latest_only_with_trigger.py
[2026-07-31T11:40:47.679+0000] {processor.py:830} INFO - Processing file /home/airflow/.local/lib/python3.12/site-packages/airflow/example_dags/example_latest_only_with_trigger.py for tasks to queue
[2026-07-31T11:40:47.684+0000] {logging_mixin.py:188} INFO - [2026-07-31T11:40:47.683+0000] {dagbag.py:545} INFO - Filling up the DagBag from /home/airflow/.local/lib/python3.12/site-packages/airflow/example_dags/example_latest_only_with_trigger.py
[2026-07-31T11:40:47.700+0000] {processor.py:840} INFO - DAG(s) 'latest_only_with_trigger' retrieved from /home/airflow/.local/lib/python3.12/site-packages/airflow/example_dags/example_latest_only_with_trigger.py
[2026-07-31T11:40:47.777+0000] {logging_mixin.py:188} INFO - [2026-07-31T11:40:47.776+0000] {dag.py:3089} INFO - Sync 1 DAGs
[2026-07-31T11:40:47.893+0000] {logging_mixin.py:188} INFO - [2026-07-31T11:40:47.893+0000] {dag.py:3947} INFO - Setting next_dagrun for latest_only_with_trigger to 2026-07-31 04:00:00+00:00, run_after=2026-07-31 08:00:00+00:00
[2026-07-31T11:40:47.956+0000] {processor.py:183} INFO - Processing /home/airflow/.local/lib/python3.12/site-packages/airflow/example_dags/example_latest_only_with_trigger.py took 0.304 seconds
[2026-07-31T11:41:18.191+0000] {processor.py:161} INFO - Started process (PID=4522) to work on /home/airflow/.local/lib/python3.12/site-packages/airflow/example_dags/example_latest_only_with_trigger.py
[2026-07-31T11:41:18.193+0000] {processor.py:830} INFO - Processing file /home/airflow/.local/lib/python3.12/site-packages/airflow/example_dags/example_latest_only_with_trigger.py for tasks to queue
[2026-07-31T11:41:18.196+0000] {logging_mixin.py:188} INFO - [2026-07-31T11:41:18.195+0000] {dagbag.py:545} INFO - Filling up the DagBag from /home/airflow/.local/lib/python3.12/site-packages/airflow/example_dags/example_latest_only_with_trigger.py
[2026-07-31T11:41:18.204+0000] {processor.py:840} INFO - DAG(s) 'latest_only_with_trigger' retrieved from /home/airflow/.local/lib/python3.12/site-packages/airflow/example_dags/example_latest_only_with_trigger.py
[2026-07-31T11:41:18.240+0000] {logging_mixin.py:188} INFO - [2026-07-31T11:41:18.240+0000] {dag.py:3089} INFO - Sync 1 DAGs
[2026-07-31T11:41:18.280+0000] {logging_mixin.py:188} INFO - [2026-07-31T11:41:18.280+0000] {dag.py:3947} INFO - Setting next_dagrun for latest_only_with_trigger to 2026-07-31 04:00:00+00:00, run_after=2026-07-31 08:00:00+00:00
[2026-07-31T11:41:18.312+0000] {processor.py:183} INFO - Processing /home/airflow/.local/lib/python3.12/site-packages/airflow/example_dags/example_latest_only_with_trigger.py took 0.132 seconds
[2026-07-31T11:41:49.102+0000] {processor.py:161} INFO - Started process (PID=4580) to work on /home/airflow/.local/lib/python3.12/site-packages/airflow/example_dags/example_latest_only_with_trigger.py
[2026-07-31T11:41:49.104+0000] {processor.py:830} INFO - Processing file /home/airflow/.local/lib/python3.12/site-packages/airflow/example_dags/example_latest_only_with_trigger.py for tasks to queue
[2026-07-31T11:41:49.108+0000] {logging_mixin.py:188} INFO - [2026-07-31T11:41:49.108+0000] {dagbag.py:545} INFO - Filling up the DagBag from /home/airflow/.local/lib/python3.12/site-packages/airflow/example_dags/example_latest_only_with_trigger.py
[2026-07-31T11:41:49.122+0000] {processor.py:840} INFO - DAG(s) 'latest_only_with_trigger' retrieved from /home/airflow/.local/lib/python3.12/site-packages/airflow/example_dags/example_latest_only_with_trigger.py
[2026-07-31T11:41:49.166+0000] {logging_mixin.py:188} INFO - [2026-07-31T11:41:49.166+0000] {dag.py:3089} INFO - Sync 1 DAGs
[2026-07-31T11:41:49.220+0000] {logging_mixin.py:188} INFO - [2026-07-31T11:41:49.220+0000] {dag.py:3947} INFO - Setting next_dagrun for latest_only_with_trigger to 2026-07-31 04:00:00+00:00, run_after=2026-07-31 08:00:00+00:00
[2026-07-31T11:41:49.262+0000] {processor.py:183} INFO - Processing /home/airflow/.local/lib/python3.12/site-packages/airflow/example_dags/example_latest_only_with_trigger.py took 0.179 seconds
[2026-07-31T11:42:20.100+0000] {processor.py:161} INFO - Started process (PID=4638) to work on /home/airflow/.local/lib/python3.12/site-packages/airflow/example_dags/example_latest_only_with_trigger.py
[2026-07-31T11:42:20.103+0000] {processor.py:830} INFO - Processing file /home/airflow/.local/lib/python3.12/site-packages/airflow/example_dags/example_latest_only_with_trigger.py for tasks to queue
[2026-07-31T11:42:20.106+0000] {logging_mixin.py:188} INFO - [2026-07-31T11:42:20.106+0000] {dagbag.py:545} INFO - Filling up the DagBag from /home/airflow/.local/lib/python3.12/site-packages/airflow/example_dags/example_latest_only_with_trigger.py
[2026-07-31T11:42:20.117+0000] {processor.py:840} INFO - DAG(s) 'latest_only_with_trigger' retrieved from /home/airflow/.local/lib/python3.12/site-packages/airflow/example_dags/example_latest_only_with_trigger.py
[2026-07-31T11:42:20.158+0000] {logging_mixin.py:188} INFO - [2026-07-31T11:42:20.158+0000] {dag.py:3089} INFO - Sync 1 DAGs
[2026-07-31T11:42:20.269+0000] {logging_mixin.py:188} INFO - [2026-07-31T11:42:20.268+0000] {dag.py:3947} INFO - Setting next_dagrun for latest_only_with_trigger to 2026-07-31 04:00:00+00:00, run_after=2026-07-31 08:00:00+00:00
[2026-07-31T11:42:20.340+0000] {processor.py:183} INFO - Processing /home/airflow/.local/lib/python3.12/site-packages/airflow/example_dags/example_latest_only_with_trigger.py took 0.252 seconds
[2026-07-31T11:42:50.757+0000] {processor.py:161} INFO - Started process (PID=4696) to work on /home/airflow/.local/lib/python3.12/site-packages/airflow/example_dags/example_latest_only_with_trigger.py
[2026-07-31T11:42:50.758+0000] {processor.py:830} INFO - Processing file /home/airflow/.local/lib/python3.12/site-packages/airflow/example_dags/example_latest_only_with_trigger.py for tasks to queue
[2026-07-31T11:42:50.761+0000] {logging_mixin.py:188} INFO - [2026-07-31T11:42:50.760+0000] {dagbag.py:545} INFO - Filling up the DagBag from /home/airflow/.local/lib/python3.12/site-packages/airflow/example_dags/example_latest_only_with_trigger.py
[2026-07-31T11:42:50.768+0000] {processor.py:840} INFO - DAG(s) 'latest_only_with_trigger' retrieved from /home/airflow/.local/lib/python3.12/site-packages/airflow/example_dags/example_latest_only_with_trigger.py
[2026-07-31T11:42:50.793+0000] {logging_mixin.py:188} INFO - [2026-07-31T11:42:50.793+0000] {dag.py:3089} INFO - Sync 1 DAGs
[2026-07-31T11:42:50.823+0000] {logging_mixin.py:188} INFO - [2026-07-31T11:42:50.823+0000] {dag.py:3947} INFO - Setting next_dagrun for latest_only_with_trigger to 2026-07-31 04:00:00+00:00, run_after=2026-07-31 08:00:00+00:00
[2026-07-31T11:42:50.848+0000] {processor.py:183} INFO - Processing /home/airflow/.local/lib/python3.12/site-packages/airflow/example_dags/example_latest_only_with_trigger.py took 0.100 seconds
[2026-07-31T11:43:21.218+0000] {processor.py:161} INFO - Started process (PID=4754) to work on /home/airflow/.local/lib/python3.12/site-packages/airflow/example_dags/example_latest_only_with_trigger.py
[2026-07-31T11:43:21.220+0000] {processor.py:830} INFO - Processing file /home/airflow/.local/lib/python3.12/site-packages/airflow/example_dags/example_latest_only_with_trigger.py for tasks to queue
[2026-07-31T11:43:21.226+0000] {logging_mixin.py:188} INFO - [2026-07-31T11:43:21.224+0000] {dagbag.py:545} INFO - Filling up the DagBag from /home/airflow/.local/lib/python3.12/site-packages/airflow/example_dags/example_latest_only_with_trigger.py
[2026-07-31T11:43:21.246+0000] {processor.py:840} INFO - DAG(s) 'latest_only_with_trigger' retrieved from /home/airflow/.local/lib/python3.12/site-packages/airflow/example_dags/example_latest_only_with_trigger.py
[2026-07-31T11:43:21.276+0000] {logging_mixin.py:188} INFO - [2026-07-31T11:43:21.276+0000] {dag.py:3089} INFO - Sync 1 DAGs
[2026-07-31T11:43:21.306+0000] {logging_mixin.py:188} INFO - [2026-07-31T11:43:21.305+0000] {dag.py:3947} INFO - Setting next_dagrun for latest_only_with_trigger to 2026-07-31 04:00:00+00:00, run_after=2026-07-31 08:00:00+00:00
[2026-07-31T11:43:21.330+0000] {processor.py:183} INFO - Processing /home/airflow/.local/lib/python3.12/site-packages/airflow/example_dags/example_latest_only_with_trigger.py took 0.124 seconds
[2026-07-31T11:43:51.534+0000] {processor.py:161} INFO - Started process (PID=4810) to work on /home/airflow/.local/lib/python3.12/site-packages/airflow/example_dags/example_latest_only_with_trigger.py
[2026-07-31T11:43:51.535+0000] {processor.py:830} INFO - Processing file /home/airflow/.local/lib/python3.12/site-packages/airflow/example_dags/example_latest_only_with_trigger.py for tasks to queue
[2026-07-31T11:43:51.538+0000] {logging_mixin.py:188} INFO - [2026-07-31T11:43:51.538+0000] {dagbag.py:545} INFO - Filling up the DagBag from /home/airflow/.local/lib/python3.12/site-packages/airflow/example_dags/example_latest_only_with_trigger.py
[2026-07-31T11:43:51.549+0000] {processor.py:840} INFO - DAG(s) 'latest_only_with_trigger' retrieved from /home/airflow/.local/lib/python3.12/site-packages/airflow/example_dags/example_latest_only_with_trigger.py
[2026-07-31T11:43:51.576+0000] {logging_mixin.py:188} INFO - [2026-07-31T11:43:51.575+0000] {dag.py:3089} INFO - Sync 1 DAGs
[2026-07-31T11:43:51.616+0000] {logging_mixin.py:188} INFO - [2026-07-31T11:43:51.616+0000] {dag.py:3947} INFO - Setting next_dagrun for latest_only_with_trigger to 2026-07-31 04:00:00+00:00, run_after=2026-07-31 08:00:00+00:00
[2026-07-31T11:43:51.646+0000] {processor.py:183} INFO - Processing /home/airflow/.local/lib/python3.12/site-packages/airflow/example_dags/example_latest_only_with_trigger.py took 0.121 seconds
[2026-07-31T11:44:21.920+0000] {processor.py:161} INFO - Started process (PID=4868) to work on /home/airflow/.local/lib/python3.12/site-packages/airflow/example_dags/example_latest_only_with_trigger.py
[2026-07-31T11:44:21.922+0000] {processor.py:830} INFO - Processing file /home/airflow/.local/lib/python3.12/site-packages/airflow/example_dags/example_latest_only_with_trigger.py for tasks to queue
[2026-07-31T11:44:21.926+0000] {logging_mixin.py:188} INFO - [2026-07-31T11:44:21.925+0000] {dagbag.py:545} INFO - Filling up the DagBag from /home/airflow/.local/lib/python3.12/site-packages/airflow/example_dags/example_latest_only_with_trigger.py
[2026-07-31T11:44:21.939+0000] {processor.py:840} INFO - DAG(s) 'latest_only_with_trigger' retrieved from /home/airflow/.local/lib/python3.12/site-packages/airflow/example_dags/example_latest_only_with_trigger.py
[2026-07-31T11:44:21.986+0000] {logging_mixin.py:188} INFO - [2026-07-31T11:44:21.986+0000] {dag.py:3089} INFO - Sync 1 DAGs
[2026-07-31T11:44:22.042+0000] {logging_mixin.py:188} INFO - [2026-07-31T11:44:22.042+0000] {dag.py:3947} INFO - Setting next_dagrun for latest_only_with_trigger to 2026-07-31 04:00:00+00:00, run_after=2026-07-31 08:00:00+00:00
[2026-07-31T11:44:22.091+0000] {processor.py:183} INFO - Processing /home/airflow/.local/lib/python3.12/site-packages/airflow/example_dags/example_latest_only_with_trigger.py took 0.183 seconds
[2026-07-31T11:44:52.472+0000] {processor.py:161} INFO - Started process (PID=4926) to work on /home/airflow/.local/lib/python3.12/site-packages/airflow/example_dags/example_latest_only_with_trigger.py
[2026-07-31T11:44:52.484+0000] {processor.py:830} INFO - Processing file /home/airflow/.local/lib/python3.12/site-packages/airflow/example_dags/example_latest_only_with_trigger.py for tasks to queue
[2026-07-31T11:44:52.496+0000] {logging_mixin.py:188} INFO - [2026-07-31T11:44:52.494+0000] {dagbag.py:545} INFO - Filling up the DagBag from /home/airflow/.local/lib/python3.12/site-packages/airflow/example_dags/example_latest_only_with_trigger.py
[2026-07-31T11:44:52.517+0000] {processor.py:840} INFO - DAG(s) 'latest_only_with_trigger' retrieved from /home/airflow/.local/lib/python3.12/site-packages/airflow/example_dags/example_latest_only_with_trigger.py
[2026-07-31T11:44:52.566+0000] {logging_mixin.py:188} INFO - [2026-07-31T11:44:52.566+0000] {dag.py:3089} INFO - Sync 1 DAGs
[2026-07-31T11:44:52.613+0000] {logging_mixin.py:188} INFO - [2026-07-31T11:44:52.612+0000] {dag.py:3947} INFO - Setting next_dagrun for latest_only_with_trigger to 2026-07-31 04:00:00+00:00, run_after=2026-07-31 08:00:00+00:00
[2026-07-31T11:44:52.650+0000] {processor.py:183} INFO - Processing /home/airflow/.local/lib/python3.12/site-packages/airflow/example_dags/example_latest_only_with_trigger.py took 0.208 seconds
[2026-07-31T11:45:22.698+0000] {processor.py:161} INFO - Started process (PID=4983) to work on /home/airflow/.local/lib/python3.12/site-packages/airflow/example_dags/example_latest_only_with_trigger.py
[2026-07-31T11:45:22.700+0000] {processor.py:830} INFO - Processing file /home/airflow/.local/lib/python3.12/site-packages/airflow/example_dags/example_latest_only_with_trigger.py for tasks to queue
[2026-07-31T11:45:22.706+0000] {logging_mixin.py:188} INFO - [2026-07-31T11:45:22.706+0000] {dagbag.py:545} INFO - Filling up the DagBag from /home/airflow/.local/lib/python3.12/site-packages/airflow/example_dags/example_latest_only_with_trigger.py
[2026-07-31T11:45:22.714+0000] {processor.py:840} INFO - DAG(s) 'latest_only_with_trigger' retrieved from /home/airflow/.local/lib/python3.12/site-packages/airflow/example_dags/example_latest_only_with_trigger.py
[2026-07-31T11:45:22.743+0000] {logging_mixin.py:188} INFO - [2026-07-31T11:45:22.743+0000] {dag.py:3089} INFO - Sync 1 DAGs
[2026-07-31T11:45:22.775+0000] {logging_mixin.py:188} INFO - [2026-07-31T11:45:22.775+0000] {dag.py:3947} INFO - Setting next_dagrun for latest_only_with_trigger to 2026-07-31 04:00:00+00:00, run_after=2026-07-31 08:00:00+00:00
[2026-07-31T11:45:22.803+0000] {processor.py:183} INFO - Processing /home/airflow/.local/lib/python3.12/site-packages/airflow/example_dags/example_latest_only_with_trigger.py took 0.114 seconds
[2026-07-31T11:45:53.204+0000] {processor.py:161} INFO - Started process (PID=5041) to work on /home/airflow/.local/lib/python3.12/site-packages/airflow/example_dags/example_latest_only_with_trigger.py
[2026-07-31T11:45:53.205+0000] {processor.py:830} INFO - Processing file /home/airflow/.local/lib/python3.12/site-packages/airflow/example_dags/example_latest_only_with_trigger.py for tasks to queue
[2026-07-31T11:45:53.207+0000] {logging_mixin.py:188} INFO - [2026-07-31T11:45:53.207+0000] {dagbag.py:545} INFO - Filling up the DagBag from /home/airflow/.local/lib/python3.12/site-packages/airflow/example_dags/example_latest_only_with_trigger.py
[2026-07-31T11:45:53.214+0000] {processor.py:840} INFO - DAG(s) 'latest_only_with_trigger' retrieved from /home/airflow/.local/lib/python3.12/site-packages/airflow/example_dags/example_latest_only_with_trigger.py
[2026-07-31T11:45:53.241+0000] {logging_mixin.py:188} INFO - [2026-07-31T11:45:53.240+0000] {dag.py:3089} INFO - Sync 1 DAGs
[2026-07-31T11:45:53.271+0000] {logging_mixin.py:188} INFO - [2026-07-31T11:45:53.270+0000] {dag.py:3947} INFO - Setting next_dagrun for latest_only_with_trigger to 2026-07-31 04:00:00+00:00, run_after=2026-07-31 08:00:00+00:00
[2026-07-31T11:45:53.297+0000] {processor.py:183} INFO - Processing /home/airflow/.local/lib/python3.12/site-packages/airflow/example_dags/example_latest_only_with_trigger.py took 0.101 seconds
[2026-07-31T11:46:23.694+0000] {processor.py:161} INFO - Started process (PID=5099) to work on /home/airflow/.local/lib/python3.12/site-packages/airflow/example_dags/example_latest_only_with_trigger.py
[2026-07-31T11:46:23.696+0000] {processor.py:830} INFO - Processing file /home/airflow/.local/lib/python3.12/site-packages/airflow/example_dags/example_latest_only_with_trigger.py for tasks to queue
[2026-07-31T11:46:23.698+0000] {logging_mixin.py:188} INFO - [2026-07-31T11:46:23.698+0000] {dagbag.py:545} INFO - Filling up the DagBag from /home/airflow/.local/lib/python3.12/site-packages/airflow/example_dags/example_latest_only_with_trigger.py
[2026-07-31T11:46:23.707+0000] {processor.py:840} INFO - DAG(s) 'latest_only_with_trigger' retrieved from /home/airflow/.local/lib/python3.12/site-packages/airflow/example_dags/example_latest_only_with_trigger.py
[2026-07-31T11:46:23.734+0000] {logging_mixin.py:188} INFO - [2026-07-31T11:46:23.733+0000] {dag.py:3089} INFO - Sync 1 DAGs
[2026-07-31T11:46:23.764+0000] {logging_mixin.py:188} INFO - [2026-07-31T11:46:23.764+0000] {dag.py:3947} INFO - Setting next_dagrun for latest_only_with_trigger to 2026-07-31 04:00:00+00:00, run_after=2026-07-31 08:00:00+00:00
[2026-07-31T11:46:23.795+0000] {processor.py:183} INFO - Processing /home/airflow/.local/lib/python3.12/site-packages/airflow/example_dags/example_latest_only_with_trigger.py took 0.108 seconds
[2026-07-31T11:46:54.145+0000] {processor.py:161} INFO - Started process (PID=5157) to work on /home/airflow/.local/lib/python3.12/site-packages/airflow/example_dags/example_latest_only_with_trigger.py
[2026-07-31T11:46:54.147+0000] {processor.py:830} INFO - Processing file /home/airflow/.local/lib/python3.12/site-packages/airflow/example_dags/example_latest_only_with_trigger.py for tasks to queue
[2026-07-31T11:46:54.150+0000] {logging_mixin.py:188} INFO - [2026-07-31T11:46:54.149+0000] {dagbag.py:545} INFO - Filling up the DagBag from /home/airflow/.local/lib/python3.12/site-packages/airflow/example_dags/example_latest_only_with_trigger.py
[2026-07-31T11:46:54.157+0000] {processor.py:840} INFO - DAG(s) 'latest_only_with_trigger' retrieved from /home/airflow/.local/lib/python3.12/site-packages/airflow/example_dags/example_latest_only_with_trigger.py
[2026-07-31T11:46:54.182+0000] {logging_mixin.py:188} INFO - [2026-07-31T11:46:54.182+0000] {dag.py:3089} INFO - Sync 1 DAGs
[2026-07-31T11:46:54.214+0000] {logging_mixin.py:188} INFO - [2026-07-31T11:46:54.214+0000] {dag.py:3947} INFO - Setting next_dagrun for latest_only_with_trigger to 2026-07-31 04:00:00+00:00, run_after=2026-07-31 08:00:00+00:00
[2026-07-31T11:46:54.242+0000] {processor.py:183} INFO - Processing /home/airflow/.local/lib/python3.12/site-packages/airflow/example_dags/example_latest_only_with_trigger.py took 0.107 seconds
[2026-07-31T11:47:24.772+0000] {processor.py:161} INFO - Started process (PID=5215) to work on /home/airflow/.local/lib/python3.12/site-packages/airflow/example_dags/example_latest_only_with_trigger.py
[2026-07-31T11:47:24.775+0000] {processor.py:830} INFO - Processing file /home/airflow/.local/lib/python3.12/site-packages/airflow/example_dags/example_latest_only_with_trigger.py for tasks to queue
[2026-07-31T11:47:24.779+0000] {logging_mixin.py:188} INFO - [2026-07-31T11:47:24.778+0000] {dagbag.py:545} INFO - Filling up the DagBag from /home/airflow/.local/lib/python3.12/site-packages/airflow/example_dags/example_latest_only_with_trigger.py
[2026-07-31T11:47:24.793+0000] {processor.py:840} INFO - DAG(s) 'latest_only_with_trigger' retrieved from /home/airflow/.local/lib/python3.12/site-packages/airflow/example_dags/example_latest_only_with_trigger.py
[2026-07-31T11:47:24.838+0000] {logging_mixin.py:188} INFO - [2026-07-31T11:47:24.837+0000] {dag.py:3089} INFO - Sync 1 DAGs
[2026-07-31T11:47:24.869+0000] {logging_mixin.py:188} INFO - [2026-07-31T11:47:24.869+0000] {dag.py:3947} INFO - Setting next_dagrun for latest_only_with_trigger to 2026-07-31 04:00:00+00:00, run_after=2026-07-31 08:00:00+00:00
[2026-07-31T11:47:24.893+0000] {processor.py:183} INFO - Processing /home/airflow/.local/lib/python3.12/site-packages/airflow/example_dags/example_latest_only_with_trigger.py took 0.131 seconds
[2026-07-31T11:47:54.980+0000] {processor.py:161} INFO - Started process (PID=5273) to work on /home/airflow/.local/lib/python3.12/site-packages/airflow/example_dags/example_latest_only_with_trigger.py
[2026-07-31T11:47:54.981+0000] {processor.py:830} INFO - Processing file /home/airflow/.local/lib/python3.12/site-packages/airflow/example_dags/example_latest_only_with_trigger.py for tasks to queue
[2026-07-31T11:47:54.984+0000] {logging_mixin.py:188} INFO - [2026-07-31T11:47:54.983+0000] {dagbag.py:545} INFO - Filling up the DagBag from /home/airflow/.local/lib/python3.12/site-packages/airflow/example_dags/example_latest_only_with_trigger.py
[2026-07-31T11:47:54.991+0000] {processor.py:840} INFO - DAG(s) 'latest_only_with_trigger' retrieved from /home/airflow/.local/lib/python3.12/site-packages/airflow/example_dags/example_latest_only_with_trigger.py
[2026-07-31T11:47:55.021+0000] {logging_mixin.py:188} INFO - [2026-07-31T11:47:55.020+0000] {dag.py:3089} INFO - Sync 1 DAGs
[2026-07-31T11:47:55.050+0000] {logging_mixin.py:188} INFO - [2026-07-31T11:47:55.050+0000] {dag.py:3947} INFO - Setting next_dagrun for latest_only_with_trigger to 2026-07-31 04:00:00+00:00, run_after=2026-07-31 08:00:00+00:00
[2026-07-31T11:47:55.076+0000] {processor.py:183} INFO - Processing /home/airflow/.local/lib/python3.12/site-packages/airflow/example_dags/example_latest_only_with_trigger.py took 0.104 seconds
[2026-07-31T11:48:25.216+0000] {processor.py:161} INFO - Started process (PID=5331) to work on /home/airflow/.local/lib/python3.12/site-packages/airflow/example_dags/example_latest_only_with_trigger.py
[2026-07-31T11:48:25.218+0000] {processor.py:830} INFO - Processing file /home/airflow/.local/lib/python3.12/site-packages/airflow/example_dags/example_latest_only_with_trigger.py for tasks to queue
[2026-07-31T11:48:25.220+0000] {logging_mixin.py:188} INFO - [2026-07-31T11:48:25.220+0000] {dagbag.py:545} INFO - Filling up the DagBag from /home/airflow/.local/lib/python3.12/site-packages/airflow/example_dags/example_latest_only_with_trigger.py
[2026-07-31T11:48:25.228+0000] {processor.py:840} INFO - DAG(s) 'latest_only_with_trigger' retrieved from /home/airflow/.local/lib/python3.12/site-packages/airflow/example_dags/example_latest_only_with_trigger.py
[2026-07-31T11:48:25.255+0000] {logging_mixin.py:188} INFO - [2026-07-31T11:48:25.254+0000] {dag.py:3089} INFO - Sync 1 DAGs
[2026-07-31T11:48:25.283+0000] {logging_mixin.py:188} INFO - [2026-07-31T11:48:25.283+0000] {dag.py:3947} INFO - Setting next_dagrun for latest_only_with_trigger to 2026-07-31 04:00:00+00:00, run_after=2026-07-31 08:00:00+00:00
[2026-07-31T11:48:25.310+0000] {processor.py:183} INFO - Processing /home/airflow/.local/lib/python3.12/site-packages/airflow/example_dags/example_latest_only_with_trigger.py took 0.101 seconds
[2026-07-31T11:48:55.586+0000] {processor.py:161} INFO - Started process (PID=5389) to work on /home/airflow/.local/lib/python3.12/site-packages/airflow/example_dags/example_latest_only_with_trigger.py
[2026-07-31T11:48:55.588+0000] {processor.py:830} INFO - Processing file /home/airflow/.local/lib/python3.12/site-packages/airflow/example_dags/example_latest_only_with_trigger.py for tasks to queue
[2026-07-31T11:48:55.592+0000] {logging_mixin.py:188} INFO - [2026-07-31T11:48:55.592+0000] {dagbag.py:545} INFO - Filling up the DagBag from /home/airflow/.local/lib/python3.12/site-packages/airflow/example_dags/example_latest_only_with_trigger.py
[2026-07-31T11:48:55.602+0000] {processor.py:840} INFO - DAG(s) 'latest_only_with_trigger' retrieved from /home/airflow/.local/lib/python3.12/site-packages/airflow/example_dags/example_latest_only_with_trigger.py
[2026-07-31T11:48:55.634+0000] {logging_mixin.py:188} INFO - [2026-07-31T11:48:55.633+0000] {dag.py:3089} INFO - Sync 1 DAGs
[2026-07-31T11:48:55.671+0000] {logging_mixin.py:188} INFO - [2026-07-31T11:48:55.671+0000] {dag.py:3947} INFO - Setting next_dagrun for latest_only_with_trigger to 2026-07-31 04:00:00+00:00, run_after=2026-07-31 08:00:00+00:00
[2026-07-31T11:48:55.697+0000] {processor.py:183} INFO - Processing /home/airflow/.local/lib/python3.12/site-packages/airflow/example_dags/example_latest_only_with_trigger.py took 0.120 seconds
[2026-07-31T11:49:26.161+0000] {processor.py:161} INFO - Started process (PID=5447) to work on /home/airflow/.local/lib/python3.12/site-packages/airflow/example_dags/example_latest_only_with_trigger.py
[2026-07-31T11:49:26.162+0000] {processor.py:830} INFO - Processing file /home/airflow/.local/lib/python3.12/site-packages/airflow/example_dags/example_latest_only_with_trigger.py for tasks to queue
[2026-07-31T11:49:26.165+0000] {logging_mixin.py:188} INFO - [2026-07-31T11:49:26.164+0000] {dagbag.py:545} INFO - Filling up the DagBag from /home/airflow/.local/lib/python3.12/site-packages/airflow/example_dags/example_latest_only_with_trigger.py
[2026-07-31T11:49:26.172+0000] {processor.py:840} INFO - DAG(s) 'latest_only_with_trigger' retrieved from /home/airflow/.local/lib/python3.12/site-packages/airflow/example_dags/example_latest_only_with_trigger.py
[2026-07-31T11:49:26.198+0000] {logging_mixin.py:188} INFO - [2026-07-31T11:49:26.197+0000] {dag.py:3089} INFO - Sync 1 DAGs
[2026-07-31T11:49:26.226+0000] {logging_mixin.py:188} INFO - [2026-07-31T11:49:26.226+0000] {dag.py:3947} INFO - Setting next_dagrun for latest_only_with_trigger to 2026-07-31 04:00:00+00:00, run_after=2026-07-31 08:00:00+00:00
[2026-07-31T11:49:26.253+0000] {processor.py:183} INFO - Processing /home/airflow/.local/lib/python3.12/site-packages/airflow/example_dags/example_latest_only_with_trigger.py took 0.099 seconds
[2026-07-31T11:49:56.878+0000] {processor.py:161} INFO - Started process (PID=5505) to work on /home/airflow/.local/lib/python3.12/site-packages/airflow/example_dags/example_latest_only_with_trigger.py
[2026-07-31T11:49:56.879+0000] {processor.py:830} INFO - Processing file /home/airflow/.local/lib/python3.12/site-packages/airflow/example_dags/example_latest_only_with_trigger.py for tasks to queue
[2026-07-31T11:49:56.881+0000] {logging_mixin.py:188} INFO - [2026-07-31T11:49:56.881+0000] {dagbag.py:545} INFO - Filling up the DagBag from /home/airflow/.local/lib/python3.12/site-packages/airflow/example_dags/example_latest_only_with_trigger.py
[2026-07-31T11:49:56.889+0000] {processor.py:840} INFO - DAG(s) 'latest_only_with_trigger' retrieved from /home/airflow/.local/lib/python3.12/site-packages/airflow/example_dags/example_latest_only_with_trigger.py
[2026-07-31T11:49:56.914+0000] {logging_mixin.py:188} INFO - [2026-07-31T11:49:56.913+0000] {dag.py:3089} INFO - Sync 1 DAGs
[2026-07-31T11:49:56.942+0000] {logging_mixin.py:188} INFO - [2026-07-31T11:49:56.942+0000] {dag.py:3947} INFO - Setting next_dagrun for latest_only_with_trigger to 2026-07-31 04:00:00+00:00, run_after=2026-07-31 08:00:00+00:00
[2026-07-31T11:49:56.968+0000] {processor.py:183} INFO - Processing /home/airflow/.local/lib/python3.12/site-packages/airflow/example_dags/example_latest_only_with_trigger.py took 0.099 seconds
[2026-07-31T11:50:27.307+0000] {processor.py:161} INFO - Started process (PID=5563) to work on /home/airflow/.local/lib/python3.12/site-packages/airflow/example_dags/example_latest_only_with_trigger.py
[2026-07-31T11:50:27.308+0000] {processor.py:830} INFO - Processing file /home/airflow/.local/lib/python3.12/site-packages/airflow/example_dags/example_latest_only_with_trigger.py for tasks to queue
[2026-07-31T11:50:27.310+0000] {logging_mixin.py:188} INFO - [2026-07-31T11:50:27.310+0000] {dagbag.py:545} INFO - Filling up the DagBag from /home/airflow/.local/lib/python3.12/site-packages/airflow/example_dags/example_latest_only_with_trigger.py
[2026-07-31T11:50:27.318+0000] {processor.py:840} INFO - DAG(s) 'latest_only_with_trigger' retrieved from /home/airflow/.local/lib/python3.12/site-packages/airflow/example_dags/example_latest_only_with_trigger.py
[2026-07-31T11:50:27.342+0000] {logging_mixin.py:188} INFO - [2026-07-31T11:50:27.341+0000] {dag.py:3089} INFO - Sync 1 DAGs
[2026-07-31T11:50:27.370+0000] {logging_mixin.py:188} INFO - [2026-07-31T11:50:27.369+0000] {dag.py:3947} INFO - Setting next_dagrun for latest_only_with_trigger to 2026-07-31 04:00:00+00:00, run_after=2026-07-31 08:00:00+00:00
[2026-07-31T11:50:27.392+0000] {processor.py:183} INFO - Processing /home/airflow/.local/lib/python3.12/site-packages/airflow/example_dags/example_latest_only_with_trigger.py took 0.092 seconds
[2026-07-31T11:50:57.658+0000] {processor.py:161} INFO - Started process (PID=5621) to work on /home/airflow/.local/lib/python3.12/site-packages/airflow/example_dags/example_latest_only_with_trigger.py
[2026-07-31T11:50:57.660+0000] {processor.py:830} INFO - Processing file /home/airflow/.local/lib/python3.12/site-packages/airflow/example_dags/example_latest_only_with_trigger.py for tasks to queue
[2026-07-31T11:50:57.662+0000] {logging_mixin.py:188} INFO - [2026-07-31T11:50:57.662+0000] {dagbag.py:545} INFO - Filling up the DagBag from /home/airflow/.local/lib/python3.12/site-packages/airflow/example_dags/example_latest_only_with_trigger.py
[2026-07-31T11:50:57.669+0000] {processor.py:840} INFO - DAG(s) 'latest_only_with_trigger' retrieved from /home/airflow/.local/lib/python3.12/site-packages/airflow/example_dags/example_latest_only_with_trigger.py
[2026-07-31T11:50:57.692+0000] {logging_mixin.py:188} INFO - [2026-07-31T11:50:57.692+0000] {dag.py:3089} INFO - Sync 1 DAGs
[2026-07-31T11:50:57.721+0000] {logging_mixin.py:188} INFO - [2026-07-31T11:50:57.720+0000] {dag.py:3947} INFO - Setting next_dagrun for latest_only_with_trigger to 2026-07-31 04:00:00+00:00, run_after=2026-07-31 08:00:00+00:00
[2026-07-31T11:50:57.746+0000] {processor.py:183} INFO - Processing /home/airflow/.local/lib/python3.12/site-packages/airflow/example_dags/example_latest_only_with_trigger.py took 0.098 seconds
[2026-07-31T11:51:27.823+0000] {processor.py:161} INFO - Started process (PID=5679) to work on /home/airflow/.local/lib/python3.12/site-packages/airflow/example_dags/example_latest_only_with_trigger.py
[2026-07-31T11:51:27.824+0000] {processor.py:830} INFO - Processing file /home/airflow/.local/lib/python3.12/site-packages/airflow/example_dags/example_latest_only_with_trigger.py for tasks to queue
[2026-07-31T11:51:27.827+0000] {logging_mixin.py:188} INFO - [2026-07-31T11:51:27.827+0000] {dagbag.py:545} INFO - Filling up the DagBag from /home/airflow/.local/lib/python3.12/site-packages/airflow/example_dags/example_latest_only_with_trigger.py
[2026-07-31T11:51:27.835+0000] {processor.py:840} INFO - DAG(s) 'latest_only_with_trigger' retrieved from /home/airflow/.local/lib/python3.12/site-packages/airflow/example_dags/example_latest_only_with_trigger.py
[2026-07-31T11:51:27.860+0000] {logging_mixin.py:188} INFO - [2026-07-31T11:51:27.859+0000] {dag.py:3089} INFO - Sync 1 DAGs
[2026-07-31T11:51:27.886+0000] {logging_mixin.py:188} INFO - [2026-07-31T11:51:27.886+0000] {dag.py:3947} INFO - Setting next_dagrun for latest_only_with_trigger to 2026-07-31 04:00:00+00:00, run_after=2026-07-31 08:00:00+00:00
[2026-07-31T11:51:27.909+0000] {processor.py:183} INFO - Processing /home/airflow/.local/lib/python3.12/site-packages/airflow/example_dags/example_latest_only_with_trigger.py took 0.092 seconds
[2026-07-31T11:51:58.339+0000] {processor.py:161} INFO - Started process (PID=5736) to work on /home/airflow/.local/lib/python3.12/site-packages/airflow/example_dags/example_latest_only_with_trigger.py
[2026-07-31T11:51:58.341+0000] {processor.py:830} INFO - Processing file /home/airflow/.local/lib/python3.12/site-packages/airflow/example_dags/example_latest_only_with_trigger.py for tasks to queue
[2026-07-31T11:51:58.344+0000] {logging_mixin.py:188} INFO - [2026-07-31T11:51:58.344+0000] {dagbag.py:545} INFO - Filling up the DagBag from /home/airflow/.local/lib/python3.12/site-packages/airflow/example_dags/example_latest_only_with_trigger.py
[2026-07-31T11:51:58.351+0000] {processor.py:840} INFO - DAG(s) 'latest_only_with_trigger' retrieved from /home/airflow/.local/lib/python3.12/site-packages/airflow/example_dags/example_latest_only_with_trigger.py
[2026-07-31T11:51:58.379+0000] {logging_mixin.py:188} INFO - [2026-07-31T11:51:58.378+0000] {dag.py:3089} INFO - Sync 1 DAGs
[2026-07-31T11:51:58.408+0000] {logging_mixin.py:188} INFO - [2026-07-31T11:51:58.407+0000] {dag.py:3947} INFO - Setting next_dagrun for latest_only_with_trigger to 2026-07-31 04:00:00+00:00, run_after=2026-07-31 08:00:00+00:00
[2026-07-31T11:51:58.431+0000] {processor.py:183} INFO - Processing /home/airflow/.local/lib/python3.12/site-packages/airflow/example_dags/example_latest_only_with_trigger.py took 0.098 seconds
[2026-07-31T11:52:28.811+0000] {processor.py:161} INFO - Started process (PID=5794) to work on /home/airflow/.local/lib/python3.12/site-packages/airflow/example_dags/example_latest_only_with_trigger.py
[2026-07-31T11:52:28.813+0000] {processor.py:830} INFO - Processing file /home/airflow/.local/lib/python3.12/site-packages/airflow/example_dags/example_latest_only_with_trigger.py for tasks to queue
[2026-07-31T11:52:28.815+0000] {logging_mixin.py:188} INFO - [2026-07-31T11:52:28.815+0000] {dagbag.py:545} INFO - Filling up the DagBag from /home/airflow/.local/lib/python3.12/site-packages/airflow/example_dags/example_latest_only_with_trigger.py
[2026-07-31T11:52:28.822+0000] {processor.py:840} INFO - DAG(s) 'latest_only_with_trigger' retrieved from /home/airflow/.local/lib/python3.12/site-packages/airflow/example_dags/example_latest_only_with_trigger.py
[2026-07-31T11:52:28.844+0000] {logging_mixin.py:188} INFO - [2026-07-31T11:52:28.844+0000] {dag.py:3089} INFO - Sync 1 DAGs
[2026-07-31T11:52:28.874+0000] {logging_mixin.py:188} INFO - [2026-07-31T11:52:28.873+0000] {dag.py:3947} INFO - Setting next_dagrun for latest_only_with_trigger to 2026-07-31 04:00:00+00:00, run_after=2026-07-31 08:00:00+00:00
[2026-07-31T11:52:28.899+0000] {processor.py:183} INFO - Processing /home/airflow/.local/lib/python3.12/site-packages/airflow/example_dags/example_latest_only_with_trigger.py took 0.096 seconds
[2026-07-31T11:52:59.424+0000] {processor.py:161} INFO - Started process (PID=5852) to work on /home/airflow/.local/lib/python3.12/site-packages/airflow/example_dags/example_latest_only_with_trigger.py
[2026-07-31T11:52:59.426+0000] {processor.py:830} INFO - Processing file /home/airflow/.local/lib/python3.12/site-packages/airflow/example_dags/example_latest_only_with_trigger.py for tasks to queue
[2026-07-31T11:52:59.428+0000] {logging_mixin.py:188} INFO - [2026-07-31T11:52:59.428+0000] {dagbag.py:545} INFO - Filling up the DagBag from /home/airflow/.local/lib/python3.12/site-packages/airflow/example_dags/example_latest_only_with_trigger.py
[2026-07-31T11:52:59.436+0000] {processor.py:840} INFO - DAG(s) 'latest_only_with_trigger' retrieved from /home/airflow/.local/lib/python3.12/site-packages/airflow/example_dags/example_latest_only_with_trigger.py
[2026-07-31T11:52:59.461+0000] {logging_mixin.py:188} INFO - [2026-07-31T11:52:59.460+0000] {dag.py:3089} INFO - Sync 1 DAGs
[2026-07-31T11:52:59.489+0000] {logging_mixin.py:188} INFO - [2026-07-31T11:52:59.489+0000] {dag.py:3947} INFO - Setting next_dagrun for latest_only_with_trigger to 2026-07-31 04:00:00+00:00, run_after=2026-07-31 08:00:00+00:00
[2026-07-31T11:52:59.531+0000] {processor.py:183} INFO - Processing /home/airflow/.local/lib/python3.12/site-packages/airflow/example_dags/example_latest_only_with_trigger.py took 0.115 seconds
[2026-07-31T11:53:30.265+0000] {processor.py:161} INFO - Started process (PID=5910) to work on /home/airflow/.local/lib/python3.12/site-packages/airflow/example_dags/example_latest_only_with_trigger.py
[2026-07-31T11:53:30.266+0000] {processor.py:830} INFO - Processing file /home/airflow/.local/lib/python3.12/site-packages/airflow/example_dags/example_latest_only_with_trigger.py for tasks to queue
[2026-07-31T11:53:30.270+0000] {logging_mixin.py:188} INFO - [2026-07-31T11:53:30.270+0000] {dagbag.py:545} INFO - Filling up the DagBag from /home/airflow/.local/lib/python3.12/site-packages/airflow/example_dags/example_latest_only_with_trigger.py
[2026-07-31T11:53:30.279+0000] {processor.py:840} INFO - DAG(s) 'latest_only_with_trigger' retrieved from /home/airflow/.local/lib/python3.12/site-packages/airflow/example_dags/example_latest_only_with_trigger.py
[2026-07-31T11:53:30.304+0000] {logging_mixin.py:188} INFO - [2026-07-31T11:53:30.304+0000] {dag.py:3089} INFO - Sync 1 DAGs
[2026-07-31T11:53:30.501+0000] {logging_mixin.py:188} INFO - [2026-07-31T11:53:30.500+0000] {dag.py:3947} INFO - Setting next_dagrun for latest_only_with_trigger to 2026-07-31 04:00:00+00:00, run_after=2026-07-31 08:00:00+00:00
[2026-07-31T11:53:30.523+0000] {processor.py:183} INFO - Processing /home/airflow/.local/lib/python3.12/site-packages/airflow/example_dags/example_latest_only_with_trigger.py took 0.266 seconds
[2026-07-31T11:54:00.757+0000] {processor.py:161} INFO - Started process (PID=5968) to work on /home/airflow/.local/lib/python3.12/site-packages/airflow/example_dags/example_latest_only_with_trigger.py
[2026-07-31T11:54:00.758+0000] {processor.py:830} INFO - Processing file /home/airflow/.local/lib/python3.12/site-packages/airflow/example_dags/example_latest_only_with_trigger.py for tasks to queue
[2026-07-31T11:54:00.761+0000] {logging_mixin.py:188} INFO - [2026-07-31T11:54:00.761+0000] {dagbag.py:545} INFO - Filling up the DagBag from /home/airflow/.local/lib/python3.12/site-packages/airflow/example_dags/example_latest_only_with_trigger.py
[2026-07-31T11:54:00.769+0000] {processor.py:840} INFO - DAG(s) 'latest_only_with_trigger' retrieved from /home/airflow/.local/lib/python3.12/site-packages/airflow/example_dags/example_latest_only_with_trigger.py
[2026-07-31T11:54:00.797+0000] {logging_mixin.py:188} INFO - [2026-07-31T11:54:00.796+0000] {dag.py:3089} INFO - Sync 1 DAGs
[2026-07-31T11:54:00.980+0000] {logging_mixin.py:188} INFO - [2026-07-31T11:54:00.980+0000] {dag.py:3947} INFO - Setting next_dagrun for latest_only_with_trigger to 2026-07-31 04:00:00+00:00, run_after=2026-07-31 08:00:00+00:00
[2026-07-31T11:54:01.007+0000] {processor.py:183} INFO - Processing /home/airflow/.local/lib/python3.12/site-packages/airflow/example_dags/example_latest_only_with_trigger.py took 0.257 seconds
[2026-07-31T11:54:31.234+0000] {processor.py:161} INFO - Started process (PID=6027) to work on /home/airflow/.local/lib/python3.12/site-packages/airflow/example_dags/example_latest_only_with_trigger.py
[2026-07-31T11:54:31.236+0000] {processor.py:830} INFO - Processing file /home/airflow/.local/lib/python3.12/site-packages/airflow/example_dags/example_latest_only_with_trigger.py for tasks to queue
[2026-07-31T11:54:31.239+0000] {logging_mixin.py:188} INFO - [2026-07-31T11:54:31.238+0000] {dagbag.py:545} INFO - Filling up the DagBag from /home/airflow/.local/lib/python3.12/site-packages/airflow/example_dags/example_latest_only_with_trigger.py
[2026-07-31T11:54:31.247+0000] {processor.py:840} INFO - DAG(s) 'latest_only_with_trigger' retrieved from /home/airflow/.local/lib/python3.12/site-packages/airflow/example_dags/example_latest_only_with_trigger.py
[2026-07-31T11:54:31.273+0000] {logging_mixin.py:188} INFO - [2026-07-31T11:54:31.273+0000] {dag.py:3089} INFO - Sync 1 DAGs
[2026-07-31T11:54:31.303+0000] {logging_mixin.py:188} INFO - [2026-07-31T11:54:31.303+0000] {dag.py:3947} INFO - Setting next_dagrun for latest_only_with_trigger to 2026-07-31 04:00:00+00:00, run_after=2026-07-31 08:00:00+00:00
[2026-07-31T11:54:31.330+0000] {processor.py:183} INFO - Processing /home/airflow/.local/lib/python3.12/site-packages/airflow/example_dags/example_latest_only_with_trigger.py took 0.104 seconds
[2026-07-31T11:55:01.707+0000] {processor.py:161} INFO - Started process (PID=6085) to work on /home/airflow/.local/lib/python3.12/site-packages/airflow/example_dags/example_latest_only_with_trigger.py
[2026-07-31T11:55:01.708+0000] {processor.py:830} INFO - Processing file /home/airflow/.local/lib/python3.12/site-packages/airflow/example_dags/example_latest_only_with_trigger.py for tasks to queue
[2026-07-31T11:55:01.711+0000] {logging_mixin.py:188} INFO - [2026-07-31T11:55:01.710+0000] {dagbag.py:545} INFO - Filling up the DagBag from /home/airflow/.local/lib/python3.12/site-packages/airflow/example_dags/example_latest_only_with_trigger.py
[2026-07-31T11:55:01.720+0000] {processor.py:840} INFO - DAG(s) 'latest_only_with_trigger' retrieved from /home/airflow/.local/lib/python3.12/site-packages/airflow/example_dags/example_latest_only_with_trigger.py
[2026-07-31T11:55:01.750+0000] {logging_mixin.py:188} INFO - [2026-07-31T11:55:01.749+0000] {dag.py:3089} INFO - Sync 1 DAGs
[2026-07-31T11:55:01.785+0000] {logging_mixin.py:188} INFO - [2026-07-31T11:55:01.785+0000] {dag.py:3947} INFO - Setting next_dagrun for latest_only_with_trigger to 2026-07-31 04:00:00+00:00, run_after=2026-07-31 08:00:00+00:00
[2026-07-31T11:55:01.807+0000] {processor.py:183} INFO - Processing /home/airflow/.local/lib/python3.12/site-packages/airflow/example_dags/example_latest_only_with_trigger.py took 0.111 seconds
[2026-07-31T11:55:32.263+0000] {processor.py:161} INFO - Started process (PID=6143) to work on /home/airflow/.local/lib/python3.12/site-packages/airflow/example_dags/example_latest_only_with_trigger.py
[2026-07-31T11:55:32.264+0000] {processor.py:830} INFO - Processing file /home/airflow/.local/lib/python3.12/site-packages/airflow/example_dags/example_latest_only_with_trigger.py for tasks to queue
[2026-07-31T11:55:32.267+0000] {logging_mixin.py:188} INFO - [2026-07-31T11:55:32.267+0000] {dagbag.py:545} INFO - Filling up the DagBag from /home/airflow/.local/lib/python3.12/site-packages/airflow/example_dags/example_latest_only_with_trigger.py
[2026-07-31T11:55:32.275+0000] {processor.py:840} INFO - DAG(s) 'latest_only_with_trigger' retrieved from /home/airflow/.local/lib/python3.12/site-packages/airflow/example_dags/example_latest_only_with_trigger.py
[2026-07-31T11:55:32.300+0000] {logging_mixin.py:188} INFO - [2026-07-31T11:55:32.300+0000] {dag.py:3089} INFO - Sync 1 DAGs
[2026-07-31T11:55:32.332+0000] {logging_mixin.py:188} INFO - [2026-07-31T11:55:32.331+0000] {dag.py:3947} INFO - Setting next_dagrun for latest_only_with_trigger to 2026-07-31 04:00:00+00:00, run_after=2026-07-31 08:00:00+00:00
[2026-07-31T11:55:32.359+0000] {processor.py:183} INFO - Processing /home/airflow/.local/lib/python3.12/site-packages/airflow/example_dags/example_latest_only_with_trigger.py took 0.104 seconds
[2026-07-31T11:56:02.874+0000] {processor.py:161} INFO - Started process (PID=6202) to work on /home/airflow/.local/lib/python3.12/site-packages/airflow/example_dags/example_latest_only_with_trigger.py
[2026-07-31T11:56:02.875+0000] {processor.py:830} INFO - Processing file /home/airflow/.local/lib/python3.12/site-packages/airflow/example_dags/example_latest_only_with_trigger.py for tasks to queue
[2026-07-31T11:56:02.877+0000] {logging_mixin.py:188} INFO - [2026-07-31T11:56:02.877+0000] {dagbag.py:545} INFO - Filling up the DagBag from /home/airflow/.local/lib/python3.12/site-packages/airflow/example_dags/example_latest_only_with_trigger.py
[2026-07-31T11:56:02.885+0000] {processor.py:840} INFO - DAG(s) 'latest_only_with_trigger' retrieved from /home/airflow/.local/lib/python3.12/site-packages/airflow/example_dags/example_latest_only_with_trigger.py
[2026-07-31T11:56:02.909+0000] {logging_mixin.py:188} INFO - [2026-07-31T11:56:02.909+0000] {dag.py:3089} INFO - Sync 1 DAGs
[2026-07-31T11:56:02.940+0000] {logging_mixin.py:188} INFO - [2026-07-31T11:56:02.940+0000] {dag.py:3947} INFO - Setting next_dagrun for latest_only_with_trigger to 2026-07-31 04:00:00+00:00, run_after=2026-07-31 08:00:00+00:00
[2026-07-31T11:56:02.965+0000] {processor.py:183} INFO - Processing /home/airflow/.local/lib/python3.12/site-packages/airflow/example_dags/example_latest_only_with_trigger.py took 0.099 seconds
[2026-07-31T11:56:33.509+0000] {processor.py:161} INFO - Started process (PID=6260) to work on /home/airflow/.local/lib/python3.12/site-packages/airflow/example_dags/example_latest_only_with_trigger.py
[2026-07-31T11:56:33.510+0000] {processor.py:830} INFO - Processing file /home/airflow/.local/lib/python3.12/site-packages/airflow/example_dags/example_latest_only_with_trigger.py for tasks to queue
[2026-07-31T11:56:33.513+0000] {logging_mixin.py:188} INFO - [2026-07-31T11:56:33.512+0000] {dagbag.py:545} INFO - Filling up the DagBag from /home/airflow/.local/lib/python3.12/site-packages/airflow/example_dags/example_latest_only_with_trigger.py
[2026-07-31T11:56:33.520+0000] {processor.py:840} INFO - DAG(s) 'latest_only_with_trigger' retrieved from /home/airflow/.local/lib/python3.12/site-packages/airflow/example_dags/example_latest_only_with_trigger.py
[2026-07-31T11:56:33.545+0000] {logging_mixin.py:188} INFO - [2026-07-31T11:56:33.545+0000] {dag.py:3089} INFO - Sync 1 DAGs
[2026-07-31T11:56:33.572+0000] {logging_mixin.py:188} INFO - [2026-07-31T11:56:33.572+0000] {dag.py:3947} INFO - Setting next_dagrun for latest_only_with_trigger to 2026-07-31 04:00:00+00:00, run_after=2026-07-31 08:00:00+00:00
[2026-07-31T11:56:33.597+0000] {processor.py:183} INFO - Processing /home/airflow/.local/lib/python3.12/site-packages/airflow/example_dags/example_latest_only_with_trigger.py took 0.096 seconds
[2026-07-31T11:57:04.199+0000] {processor.py:161} INFO - Started process (PID=6318) to work on /home/airflow/.local/lib/python3.12/site-packages/airflow/example_dags/example_latest_only_with_trigger.py
[2026-07-31T11:57:04.201+0000] {processor.py:830} INFO - Processing file /home/airflow/.local/lib/python3.12/site-packages/airflow/example_dags/example_latest_only_with_trigger.py for tasks to queue
[2026-07-31T11:57:04.203+0000] {logging_mixin.py:188} INFO - [2026-07-31T11:57:04.203+0000] {dagbag.py:545} INFO - Filling up the DagBag from /home/airflow/.local/lib/python3.12/site-packages/airflow/example_dags/example_latest_only_with_trigger.py
[2026-07-31T11:57:04.213+0000] {processor.py:840} INFO - DAG(s) 'latest_only_with_trigger' retrieved from /home/airflow/.local/lib/python3.12/site-packages/airflow/example_dags/example_latest_only_with_trigger.py
[2026-07-31T11:57:04.248+0000] {logging_mixin.py:188} INFO - [2026-07-31T11:57:04.248+0000] {dag.py:3089} INFO - Sync 1 DAGs
[2026-07-31T11:57:04.280+0000] {logging_mixin.py:188} INFO - [2026-07-31T11:57:04.280+0000] {dag.py:3947} INFO - Setting next_dagrun for latest_only_with_trigger to 2026-07-31 04:00:00+00:00, run_after=2026-07-31 08:00:00+00:00
[2026-07-31T11:57:04.308+0000] {processor.py:183} INFO - Processing /home/airflow/.local/lib/python3.12/site-packages/airflow/example_dags/example_latest_only_with_trigger.py took 0.118 seconds
[2026-07-31T11:57:34.777+0000] {processor.py:161} INFO - Started process (PID=6376) to work on /home/airflow/.local/lib/python3.12/site-packages/airflow/example_dags/example_latest_only_with_trigger.py
[2026-07-31T11:57:34.790+0000] {processor.py:830} INFO - Processing file /home/airflow/.local/lib/python3.12/site-packages/airflow/example_dags/example_latest_only_with_trigger.py for tasks to queue
[2026-07-31T11:57:34.797+0000] {logging_mixin.py:188} INFO - [2026-07-31T11:57:34.796+0000] {dagbag.py:545} INFO - Filling up the DagBag from /home/airflow/.local/lib/python3.12/site-packages/airflow/example_dags/example_latest_only_with_trigger.py
[2026-07-31T11:57:34.835+0000] {processor.py:840} INFO - DAG(s) 'latest_only_with_trigger' retrieved from /home/airflow/.local/lib/python3.12/site-packages/airflow/example_dags/example_latest_only_with_trigger.py
[2026-07-31T11:57:34.911+0000] {logging_mixin.py:188} INFO - [2026-07-31T11:57:34.910+0000] {dag.py:3089} INFO - Sync 1 DAGs
[2026-07-31T11:57:34.979+0000] {logging_mixin.py:188} INFO - [2026-07-31T11:57:34.979+0000] {dag.py:3947} INFO - Setting next_dagrun for latest_only_with_trigger to 2026-07-31 04:00:00+00:00, run_after=2026-07-31 08:00:00+00:00
[2026-07-31T11:57:35.030+0000] {processor.py:183} INFO - Processing /home/airflow/.local/lib/python3.12/site-packages/airflow/example_dags/example_latest_only_with_trigger.py took 0.281 seconds
[2026-07-31T11:58:05.138+0000] {processor.py:161} INFO - Started process (PID=6435) to work on /home/airflow/.local/lib/python3.12/site-packages/airflow/example_dags/example_latest_only_with_trigger.py
[2026-07-31T11:58:05.140+0000] {processor.py:830} INFO - Processing file /home/airflow/.local/lib/python3.12/site-packages/airflow/example_dags/example_latest_only_with_trigger.py for tasks to queue
[2026-07-31T11:58:05.142+0000] {logging_mixin.py:188} INFO - [2026-07-31T11:58:05.142+0000] {dagbag.py:545} INFO - Filling up the DagBag from /home/airflow/.local/lib/python3.12/site-packages/airflow/example_dags/example_latest_only_with_trigger.py
[2026-07-31T11:58:05.152+0000] {processor.py:840} INFO - DAG(s) 'latest_only_with_trigger' retrieved from /home/airflow/.local/lib/python3.12/site-packages/airflow/example_dags/example_latest_only_with_trigger.py
[2026-07-31T11:58:05.182+0000] {logging_mixin.py:188} INFO - [2026-07-31T11:58:05.181+0000] {dag.py:3089} INFO - Sync 1 DAGs
[2026-07-31T11:58:05.214+0000] {logging_mixin.py:188} INFO - [2026-07-31T11:58:05.213+0000] {dag.py:3947} INFO - Setting next_dagrun for latest_only_with_trigger to 2026-07-31 04:00:00+00:00, run_after=2026-07-31 08:00:00+00:00
[2026-07-31T11:58:05.247+0000] {processor.py:183} INFO - Processing /home/airflow/.local/lib/python3.12/site-packages/airflow/example_dags/example_latest_only_with_trigger.py took 0.118 seconds
[2026-07-31T11:58:35.957+0000] {processor.py:161} INFO - Started process (PID=6493) to work on /home/airflow/.local/lib/python3.12/site-packages/airflow/example_dags/example_latest_only_with_trigger.py
[2026-07-31T11:58:35.958+0000] {processor.py:830} INFO - Processing file /home/airflow/.local/lib/python3.12/site-packages/airflow/example_dags/example_latest_only_with_trigger.py for tasks to queue
[2026-07-31T11:58:35.961+0000] {logging_mixin.py:188} INFO - [2026-07-31T11:58:35.960+0000] {dagbag.py:545} INFO - Filling up the DagBag from /home/airflow/.local/lib/python3.12/site-packages/airflow/example_dags/example_latest_only_with_trigger.py
[2026-07-31T11:58:35.968+0000] {processor.py:840} INFO - DAG(s) 'latest_only_with_trigger' retrieved from /home/airflow/.local/lib/python3.12/site-packages/airflow/example_dags/example_latest_only_with_trigger.py
[2026-07-31T11:58:35.992+0000] {logging_mixin.py:188} INFO - [2026-07-31T11:58:35.991+0000] {dag.py:3089} INFO - Sync 1 DAGs
[2026-07-31T11:58:36.022+0000] {logging_mixin.py:188} INFO - [2026-07-31T11:58:36.022+0000] {dag.py:3947} INFO - Setting next_dagrun for latest_only_with_trigger to 2026-07-31 04:00:00+00:00, run_after=2026-07-31 08:00:00+00:00
[2026-07-31T11:58:36.047+0000] {processor.py:183} INFO - Processing /home/airflow/.local/lib/python3.12/site-packages/airflow/example_dags/example_latest_only_with_trigger.py took 0.098 seconds
[2026-07-31T11:59:06.700+0000] {processor.py:161} INFO - Started process (PID=6551) to work on /home/airflow/.local/lib/python3.12/site-packages/airflow/example_dags/example_latest_only_with_trigger.py
[2026-07-31T11:59:06.702+0000] {processor.py:830} INFO - Processing file /home/airflow/.local/lib/python3.12/site-packages/airflow/example_dags/example_latest_only_with_trigger.py for tasks to queue
[2026-07-31T11:59:06.704+0000] {logging_mixin.py:188} INFO - [2026-07-31T11:59:06.704+0000] {dagbag.py:545} INFO - Filling up the DagBag from /home/airflow/.local/lib/python3.12/site-packages/airflow/example_dags/example_latest_only_with_trigger.py
[2026-07-31T11:59:06.712+0000] {processor.py:840} INFO - DAG(s) 'latest_only_with_trigger' retrieved from /home/airflow/.local/lib/python3.12/site-packages/airflow/example_dags/example_latest_only_with_trigger.py
[2026-07-31T11:59:06.740+0000] {logging_mixin.py:188} INFO - [2026-07-31T11:59:06.740+0000] {dag.py:3089} INFO - Sync 1 DAGs
[2026-07-31T11:59:06.772+0000] {logging_mixin.py:188} INFO - [2026-07-31T11:59:06.772+0000] {dag.py:3947} INFO - Setting next_dagrun for latest_only_with_trigger to 2026-07-31 04:00:00+00:00, run_after=2026-07-31 08:00:00+00:00
[2026-07-31T11:59:06.808+0000] {processor.py:183} INFO - Processing /home/airflow/.local/lib/python3.12/site-packages/airflow/example_dags/example_latest_only_with_trigger.py took 0.116 seconds
[2026-07-31T11:59:37.308+0000] {processor.py:161} INFO - Started process (PID=6609) to work on /home/airflow/.local/lib/python3.12/site-packages/airflow/example_dags/example_latest_only_with_trigger.py
[2026-07-31T11:59:37.309+0000] {processor.py:830} INFO - Processing file /home/airflow/.local/lib/python3.12/site-packages/airflow/example_dags/example_latest_only_with_trigger.py for tasks to queue
[2026-07-31T11:59:37.312+0000] {logging_mixin.py:188} INFO - [2026-07-31T11:59:37.311+0000] {dagbag.py:545} INFO - Filling up the DagBag from /home/airflow/.local/lib/python3.12/site-packages/airflow/example_dags/example_latest_only_with_trigger.py
[2026-07-31T11:59:37.321+0000] {processor.py:840} INFO - DAG(s) 'latest_only_with_trigger' retrieved from /home/airflow/.local/lib/python3.12/site-packages/airflow/example_dags/example_latest_only_with_trigger.py
[2026-07-31T11:59:37.348+0000] {logging_mixin.py:188} INFO - [2026-07-31T11:59:37.347+0000] {dag.py:3089} INFO - Sync 1 DAGs
[2026-07-31T11:59:37.377+0000] {logging_mixin.py:188} INFO - [2026-07-31T11:59:37.377+0000] {dag.py:3947} INFO - Setting next_dagrun for latest_only_with_trigger to 2026-07-31 04:00:00+00:00, run_after=2026-07-31 08:00:00+00:00
[2026-07-31T11:59:37.406+0000] {processor.py:183} INFO - Processing /home/airflow/.local/lib/python3.12/site-packages/airflow/example_dags/example_latest_only_with_trigger.py took 0.106 seconds
[2026-07-31T12:00:07.596+0000] {processor.py:161} INFO - Started process (PID=6667) to work on /home/airflow/.local/lib/python3.12/site-packages/airflow/example_dags/example_latest_only_with_trigger.py
[2026-07-31T12:00:07.597+0000] {processor.py:830} INFO - Processing file /home/airflow/.local/lib/python3.12/site-packages/airflow/example_dags/example_latest_only_with_trigger.py for tasks to queue
[2026-07-31T12:00:07.600+0000] {logging_mixin.py:188} INFO - [2026-07-31T12:00:07.599+0000] {dagbag.py:545} INFO - Filling up the DagBag from /home/airflow/.local/lib/python3.12/site-packages/airflow/example_dags/example_latest_only_with_trigger.py
[2026-07-31T12:00:07.607+0000] {processor.py:840} INFO - DAG(s) 'latest_only_with_trigger' retrieved from /home/airflow/.local/lib/python3.12/site-packages/airflow/example_dags/example_latest_only_with_trigger.py
[2026-07-31T12:00:07.632+0000] {logging_mixin.py:188} INFO - [2026-07-31T12:00:07.632+0000] {dag.py:3089} INFO - Sync 1 DAGs
[2026-07-31T12:00:07.661+0000] {logging_mixin.py:188} INFO - [2026-07-31T12:00:07.660+0000] {dag.py:3947} INFO - Setting next_dagrun for latest_only_with_trigger to 2026-07-31 08:00:00+00:00, run_after=2026-07-31 12:00:00+00:00
[2026-07-31T12:00:07.686+0000] {processor.py:183} INFO - Processing /home/airflow/.local/lib/python3.12/site-packages/airflow/example_dags/example_latest_only_with_trigger.py took 0.098 seconds
[2026-07-31T12:00:37.996+0000] {processor.py:161} INFO - Started process (PID=6725) to work on /home/airflow/.local/lib/python3.12/site-packages/airflow/example_dags/example_latest_only_with_trigger.py
[2026-07-31T12:00:37.997+0000] {processor.py:830} INFO - Processing file /home/airflow/.local/lib/python3.12/site-packages/airflow/example_dags/example_latest_only_with_trigger.py for tasks to queue
[2026-07-31T12:00:38.000+0000] {logging_mixin.py:188} INFO - [2026-07-31T12:00:38.000+0000] {dagbag.py:545} INFO - Filling up the DagBag from /home/airflow/.local/lib/python3.12/site-packages/airflow/example_dags/example_latest_only_with_trigger.py
[2026-07-31T12:00:38.010+0000] {processor.py:840} INFO - DAG(s) 'latest_only_with_trigger' retrieved from /home/airflow/.local/lib/python3.12/site-packages/airflow/example_dags/example_latest_only_with_trigger.py
[2026-07-31T12:00:38.036+0000] {logging_mixin.py:188} INFO - [2026-07-31T12:00:38.036+0000] {dag.py:3089} INFO - Sync 1 DAGs
[2026-07-31T12:00:38.071+0000] {logging_mixin.py:188} INFO - [2026-07-31T12:00:38.071+0000] {dag.py:3947} INFO - Setting next_dagrun for latest_only_with_trigger to 2026-07-31 08:00:00+00:00, run_after=2026-07-31 12:00:00+00:00
[2026-07-31T12:00:38.094+0000] {processor.py:183} INFO - Processing /home/airflow/.local/lib/python3.12/site-packages/airflow/example_dags/example_latest_only_with_trigger.py took 0.112 seconds
[2026-07-31T12:01:08.194+0000] {processor.py:161} INFO - Started process (PID=6783) to work on /home/airflow/.local/lib/python3.12/site-packages/airflow/example_dags/example_latest_only_with_trigger.py
[2026-07-31T12:01:08.195+0000] {processor.py:830} INFO - Processing file /home/airflow/.local/lib/python3.12/site-packages/airflow/example_dags/example_latest_only_with_trigger.py for tasks to queue
[2026-07-31T12:01:08.198+0000] {logging_mixin.py:188} INFO - [2026-07-31T12:01:08.198+0000] {dagbag.py:545} INFO - Filling up the DagBag from /home/airflow/.local/lib/python3.12/site-packages/airflow/example_dags/example_latest_only_with_trigger.py
[2026-07-31T12:01:08.206+0000] {processor.py:840} INFO - DAG(s) 'latest_only_with_trigger' retrieved from /home/airflow/.local/lib/python3.12/site-packages/airflow/example_dags/example_latest_only_with_trigger.py
[2026-07-31T12:01:08.231+0000] {logging_mixin.py:188} INFO - [2026-07-31T12:01:08.231+0000] {dag.py:3089} INFO - Sync 1 DAGs
[2026-07-31T12:01:08.259+0000] {logging_mixin.py:188} INFO - [2026-07-31T12:01:08.259+0000] {dag.py:3947} INFO - Setting next_dagrun for latest_only_with_trigger to 2026-07-31 08:00:00+00:00, run_after=2026-07-31 12:00:00+00:00
[2026-07-31T12:01:08.282+0000] {processor.py:183} INFO - Processing /home/airflow/.local/lib/python3.12/site-packages/airflow/example_dags/example_latest_only_with_trigger.py took 0.096 seconds
[2026-07-31T12:01:38.400+0000] {processor.py:161} INFO - Started process (PID=6841) to work on /home/airflow/.local/lib/python3.12/site-packages/airflow/example_dags/example_latest_only_with_trigger.py
[2026-07-31T12:01:38.402+0000] {processor.py:830} INFO - Processing file /home/airflow/.local/lib/python3.12/site-packages/airflow/example_dags/example_latest_only_with_trigger.py for tasks to queue
[2026-07-31T12:01:38.408+0000] {logging_mixin.py:188} INFO - [2026-07-31T12:01:38.407+0000] {dagbag.py:545} INFO - Filling up the DagBag from /home/airflow/.local/lib/python3.12/site-packages/airflow/example_dags/example_latest_only_with_trigger.py
[2026-07-31T12:01:38.421+0000] {processor.py:840} INFO - DAG(s) 'latest_only_with_trigger' retrieved from /home/airflow/.local/lib/python3.12/site-packages/airflow/example_dags/example_latest_only_with_trigger.py
[2026-07-31T12:01:38.456+0000] {logging_mixin.py:188} INFO - [2026-07-31T12:01:38.456+0000] {dag.py:3089} INFO - Sync 1 DAGs
[2026-07-31T12:01:38.507+0000] {logging_mixin.py:188} INFO - [2026-07-31T12:01:38.506+0000] {dag.py:3947} INFO - Setting next_dagrun for latest_only_with_trigger to 2026-07-31 08:00:00+00:00, run_after=2026-07-31 12:00:00+00:00
[2026-07-31T12:01:38.553+0000] {processor.py:183} INFO - Processing /home/airflow/.local/lib/python3.12/site-packages/airflow/example_dags/example_latest_only_with_trigger.py took 0.162 seconds
[2026-07-31T12:02:08.761+0000] {processor.py:161} INFO - Started process (PID=6899) to work on /home/airflow/.local/lib/python3.12/site-packages/airflow/example_dags/example_latest_only_with_trigger.py
[2026-07-31T12:02:08.762+0000] {processor.py:830} INFO - Processing file /home/airflow/.local/lib/python3.12/site-packages/airflow/example_dags/example_latest_only_with_trigger.py for tasks to queue
[2026-07-31T12:02:08.765+0000] {logging_mixin.py:188} INFO - [2026-07-31T12:02:08.764+0000] {dagbag.py:545} INFO - Filling up the DagBag from /home/airflow/.local/lib/python3.12/site-packages/airflow/example_dags/example_latest_only_with_trigger.py
[2026-07-31T12:02:08.772+0000] {processor.py:840} INFO - DAG(s) 'latest_only_with_trigger' retrieved from /home/airflow/.local/lib/python3.12/site-packages/airflow/example_dags/example_latest_only_with_trigger.py
[2026-07-31T12:02:08.799+0000] {logging_mixin.py:188} INFO - [2026-07-31T12:02:08.799+0000] {dag.py:3089} INFO - Sync 1 DAGs
[2026-07-31T12:02:08.899+0000] {logging_mixin.py:188} INFO - [2026-07-31T12:02:08.898+0000] {dag.py:3947} INFO - Setting next_dagrun for latest_only_with_trigger to 2026-07-31 08:00:00+00:00, run_after=2026-07-31 12:00:00+00:00
[2026-07-31T12:02:08.961+0000] {processor.py:183} INFO - Processing /home/airflow/.local/lib/python3.12/site-packages/airflow/example_dags/example_latest_only_with_trigger.py took 0.207 seconds
[2026-07-31T12:02:39.858+0000] {processor.py:161} INFO - Started process (PID=6956) to work on /home/airflow/.local/lib/python3.12/site-packages/airflow/example_dags/example_latest_only_with_trigger.py
[2026-07-31T12:02:39.860+0000] {processor.py:830} INFO - Processing file /home/airflow/.local/lib/python3.12/site-packages/airflow/example_dags/example_latest_only_with_trigger.py for tasks to queue
[2026-07-31T12:02:39.864+0000] {logging_mixin.py:188} INFO - [2026-07-31T12:02:39.863+0000] {dagbag.py:545} INFO - Filling up the DagBag from /home/airflow/.local/lib/python3.12/site-packages/airflow/example_dags/example_latest_only_with_trigger.py
[2026-07-31T12:02:39.878+0000] {processor.py:840} INFO - DAG(s) 'latest_only_with_trigger' retrieved from /home/airflow/.local/lib/python3.12/site-packages/airflow/example_dags/example_latest_only_with_trigger.py
[2026-07-31T12:02:39.911+0000] {logging_mixin.py:188} INFO - [2026-07-31T12:02:39.910+0000] {dag.py:3089} INFO - Sync 1 DAGs
[2026-07-31T12:02:39.946+0000] {logging_mixin.py:188} INFO - [2026-07-31T12:02:39.946+0000] {dag.py:3947} INFO - Setting next_dagrun for latest_only_with_trigger to 2026-07-31 08:00:00+00:00, run_after=2026-07-31 12:00:00+00:00
[2026-07-31T12:02:39.982+0000] {processor.py:183} INFO - Processing /home/airflow/.local/lib/python3.12/site-packages/airflow/example_dags/example_latest_only_with_trigger.py took 0.136 seconds
[2026-07-31T12:03:10.803+0000] {processor.py:161} INFO - Started process (PID=7013) to work on /home/airflow/.local/lib/python3.12/site-packages/airflow/example_dags/example_latest_only_with_trigger.py
[2026-07-31T12:03:10.804+0000] {processor.py:830} INFO - Processing file /home/airflow/.local/lib/python3.12/site-packages/airflow/example_dags/example_latest_only_with_trigger.py for tasks to queue
[2026-07-31T12:03:10.807+0000] {logging_mixin.py:188} INFO - [2026-07-31T12:03:10.807+0000] {dagbag.py:545} INFO - Filling up the DagBag from /home/airflow/.local/lib/python3.12/site-packages/airflow/example_dags/example_latest_only_with_trigger.py
[2026-07-31T12:03:10.815+0000] {processor.py:840} INFO - DAG(s) 'latest_only_with_trigger' retrieved from /home/airflow/.local/lib/python3.12/site-packages/airflow/example_dags/example_latest_only_with_trigger.py
[2026-07-31T12:03:10.840+0000] {logging_mixin.py:188} INFO - [2026-07-31T12:03:10.839+0000] {dag.py:3089} INFO - Sync 1 DAGs
[2026-07-31T12:03:10.867+0000] {logging_mixin.py:188} INFO - [2026-07-31T12:03:10.867+0000] {dag.py:3947} INFO - Setting next_dagrun for latest_only_with_trigger to 2026-07-31 08:00:00+00:00, run_after=2026-07-31 12:00:00+00:00
[2026-07-31T12:03:10.891+0000] {processor.py:183} INFO - Processing /home/airflow/.local/lib/python3.12/site-packages/airflow/example_dags/example_latest_only_with_trigger.py took 0.097 seconds
[2026-07-31T12:03:40.962+0000] {processor.py:161} INFO - Started process (PID=7071) to work on /home/airflow/.local/lib/python3.12/site-packages/airflow/example_dags/example_latest_only_with_trigger.py
[2026-07-31T12:03:40.963+0000] {processor.py:830} INFO - Processing file /home/airflow/.local/lib/python3.12/site-packages/airflow/example_dags/example_latest_only_with_trigger.py for tasks to queue
[2026-07-31T12:03:40.965+0000] {logging_mixin.py:188} INFO - [2026-07-31T12:03:40.965+0000] {dagbag.py:545} INFO - Filling up the DagBag from /home/airflow/.local/lib/python3.12/site-packages/airflow/example_dags/example_latest_only_with_trigger.py
[2026-07-31T12:03:40.972+0000] {processor.py:840} INFO - DAG(s) 'latest_only_with_trigger' retrieved from /home/airflow/.local/lib/python3.12/site-packages/airflow/example_dags/example_latest_only_with_trigger.py
[2026-07-31T12:03:40.998+0000] {logging_mixin.py:188} INFO - [2026-07-31T12:03:40.998+0000] {dag.py:3089} INFO - Sync 1 DAGs
[2026-07-31T12:03:41.029+0000] {logging_mixin.py:188} INFO - [2026-07-31T12:03:41.028+0000] {dag.py:3947} INFO - Setting next_dagrun for latest_only_with_trigger to 2026-07-31 08:00:00+00:00, run_after=2026-07-31 12:00:00+00:00
[2026-07-31T12:03:41.053+0000] {processor.py:183} INFO - Processing /home/airflow/.local/lib/python3.12/site-packages/airflow/example_dags/example_latest_only_with_trigger.py took 0.099 seconds
[2026-07-31T12:04:11.225+0000] {processor.py:161} INFO - Started process (PID=7129) to work on /home/airflow/.local/lib/python3.12/site-packages/airflow/example_dags/example_latest_only_with_trigger.py
[2026-07-31T12:04:11.226+0000] {processor.py:830} INFO - Processing file /home/airflow/.local/lib/python3.12/site-packages/airflow/example_dags/example_latest_only_with_trigger.py for tasks to queue
[2026-07-31T12:04:11.228+0000] {logging_mixin.py:188} INFO - [2026-07-31T12:04:11.228+0000] {dagbag.py:545} INFO - Filling up the DagBag from /home/airflow/.local/lib/python3.12/site-packages/airflow/example_dags/example_latest_only_with_trigger.py
[2026-07-31T12:04:11.235+0000] {processor.py:840} INFO - DAG(s) 'latest_only_with_trigger' retrieved from /home/airflow/.local/lib/python3.12/site-packages/airflow/example_dags/example_latest_only_with_trigger.py
[2026-07-31T12:04:11.265+0000] {logging_mixin.py:188} INFO - [2026-07-31T12:04:11.265+0000] {dag.py:3089} INFO - Sync 1 DAGs
[2026-07-31T12:04:11.297+0000] {logging_mixin.py:188} INFO - [2026-07-31T12:04:11.297+0000] {dag.py:3947} INFO - Setting next_dagrun for latest_only_with_trigger to 2026-07-31 08:00:00+00:00, run_after=2026-07-31 12:00:00+00:00
[2026-07-31T12:04:11.323+0000] {processor.py:183} INFO - Processing /home/airflow/.local/lib/python3.12/site-packages/airflow/example_dags/example_latest_only_with_trigger.py took 0.107 seconds
[2026-07-31T12:04:41.792+0000] {processor.py:161} INFO - Started process (PID=7187) to work on /home/airflow/.local/lib/python3.12/site-packages/airflow/example_dags/example_latest_only_with_trigger.py
[2026-07-31T12:04:41.798+0000] {processor.py:830} INFO - Processing file /home/airflow/.local/lib/python3.12/site-packages/airflow/example_dags/example_latest_only_with_trigger.py for tasks to queue
[2026-07-31T12:04:41.804+0000] {logging_mixin.py:188} INFO - [2026-07-31T12:04:41.803+0000] {dagbag.py:545} INFO - Filling up the DagBag from /home/airflow/.local/lib/python3.12/site-packages/airflow/example_dags/example_latest_only_with_trigger.py
[2026-07-31T12:04:41.825+0000] {processor.py:840} INFO - DAG(s) 'latest_only_with_trigger' retrieved from /home/airflow/.local/lib/python3.12/site-packages/airflow/example_dags/example_latest_only_with_trigger.py
[2026-07-31T12:04:41.890+0000] {logging_mixin.py:188} INFO - [2026-07-31T12:04:41.890+0000] {dag.py:3089} INFO - Sync 1 DAGs
[2026-07-31T12:04:41.957+0000] {logging_mixin.py:188} INFO - [2026-07-31T12:04:41.957+0000] {dag.py:3947} INFO - Setting next_dagrun for latest_only_with_trigger to 2026-07-31 08:00:00+00:00, run_after=2026-07-31 12:00:00+00:00
[2026-07-31T12:04:42.002+0000] {processor.py:183} INFO - Processing /home/airflow/.local/lib/python3.12/site-packages/airflow/example_dags/example_latest_only_with_trigger.py took 0.225 seconds
[2026-07-31T12:05:16.330+0000] {processor.py:161} INFO - Started process (PID=7247) to work on /home/airflow/.local/lib/python3.12/site-packages/airflow/example_dags/example_latest_only_with_trigger.py
[2026-07-31T12:05:16.332+0000] {processor.py:830} INFO - Processing file /home/airflow/.local/lib/python3.12/site-packages/airflow/example_dags/example_latest_only_with_trigger.py for tasks to queue
[2026-07-31T12:05:16.336+0000] {logging_mixin.py:188} INFO - [2026-07-31T12:05:16.335+0000] {dagbag.py:545} INFO - Filling up the DagBag from /home/airflow/.local/lib/python3.12/site-packages/airflow/example_dags/example_latest_only_with_trigger.py
[2026-07-31T12:05:16.348+0000] {processor.py:840} INFO - DAG(s) 'latest_only_with_trigger' retrieved from /home/airflow/.local/lib/python3.12/site-packages/airflow/example_dags/example_latest_only_with_trigger.py
[2026-07-31T12:05:16.393+0000] {logging_mixin.py:188} INFO - [2026-07-31T12:05:16.393+0000] {dag.py:3089} INFO - Sync 1 DAGs
[2026-07-31T12:05:16.431+0000] {logging_mixin.py:188} INFO - [2026-07-31T12:05:16.431+0000] {dag.py:3947} INFO - Setting next_dagrun for latest_only_with_trigger to 2026-07-31 08:00:00+00:00, run_after=2026-07-31 12:00:00+00:00
[2026-07-31T12:05:16.463+0000] {processor.py:183} INFO - Processing /home/airflow/.local/lib/python3.12/site-packages/airflow/example_dags/example_latest_only_with_trigger.py took 0.143 seconds
[2026-07-31T12:05:47.063+0000] {processor.py:161} INFO - Started process (PID=7306) to work on /home/airflow/.local/lib/python3.12/site-packages/airflow/example_dags/example_latest_only_with_trigger.py
[2026-07-31T12:05:47.065+0000] {processor.py:830} INFO - Processing file /home/airflow/.local/lib/python3.12/site-packages/airflow/example_dags/example_latest_only_with_trigger.py for tasks to queue
[2026-07-31T12:05:47.068+0000] {logging_mixin.py:188} INFO - [2026-07-31T12:05:47.068+0000] {dagbag.py:545} INFO - Filling up the DagBag from /home/airflow/.local/lib/python3.12/site-packages/airflow/example_dags/example_latest_only_with_trigger.py
[2026-07-31T12:05:47.076+0000] {processor.py:840} INFO - DAG(s) 'latest_only_with_trigger' retrieved from /home/airflow/.local/lib/python3.12/site-packages/airflow/example_dags/example_latest_only_with_trigger.py
[2026-07-31T12:05:47.102+0000] {logging_mixin.py:188} INFO - [2026-07-31T12:05:47.101+0000] {dag.py:3089} INFO - Sync 1 DAGs
[2026-07-31T12:05:47.135+0000] {logging_mixin.py:188} INFO - [2026-07-31T12:05:47.135+0000] {dag.py:3947} INFO - Setting next_dagrun for latest_only_with_trigger to 2026-07-31 08:00:00+00:00, run_after=2026-07-31 12:00:00+00:00
[2026-07-31T12:05:47.163+0000] {processor.py:183} INFO - Processing /home/airflow/.local/lib/python3.12/site-packages/airflow/example_dags/example_latest_only_with_trigger.py took 0.114 seconds
[2026-07-31T12:06:17.362+0000] {processor.py:161} INFO - Started process (PID=7364) to work on /home/airflow/.local/lib/python3.12/site-packages/airflow/example_dags/example_latest_only_with_trigger.py
[2026-07-31T12:06:17.363+0000] {processor.py:830} INFO - Processing file /home/airflow/.local/lib/python3.12/site-packages/airflow/example_dags/example_latest_only_with_trigger.py for tasks to queue
[2026-07-31T12:06:17.365+0000] {logging_mixin.py:188} INFO - [2026-07-31T12:06:17.365+0000] {dagbag.py:545} INFO - Filling up the DagBag from /home/airflow/.local/lib/python3.12/site-packages/airflow/example_dags/example_latest_only_with_trigger.py
[2026-07-31T12:06:17.372+0000] {processor.py:840} INFO - DAG(s) 'latest_only_with_trigger' retrieved from /home/airflow/.local/lib/python3.12/site-packages/airflow/example_dags/example_latest_only_with_trigger.py
[2026-07-31T12:06:17.397+0000] {logging_mixin.py:188} INFO - [2026-07-31T12:06:17.397+0000] {dag.py:3089} INFO - Sync 1 DAGs
[2026-07-31T12:06:17.426+0000] {logging_mixin.py:188} INFO - [2026-07-31T12:06:17.425+0000] {dag.py:3947} INFO - Setting next_dagrun for latest_only_with_trigger to 2026-07-31 08:00:00+00:00, run_after=2026-07-31 12:00:00+00:00
[2026-07-31T12:06:17.453+0000] {processor.py:183} INFO - Processing /home/airflow/.local/lib/python3.12/site-packages/airflow/example_dags/example_latest_only_with_trigger.py took 0.099 seconds
[2026-07-31T12:06:47.890+0000] {processor.py:161} INFO - Started process (PID=7422) to work on /home/airflow/.local/lib/python3.12/site-packages/airflow/example_dags/example_latest_only_with_trigger.py
[2026-07-31T12:06:47.898+0000] {processor.py:830} INFO - Processing file /home/airflow/.local/lib/python3.12/site-packages/airflow/example_dags/example_latest_only_with_trigger.py for tasks to queue
[2026-07-31T12:06:47.904+0000] {logging_mixin.py:188} INFO - [2026-07-31T12:06:47.904+0000] {dagbag.py:545} INFO - Filling up the DagBag from /home/airflow/.local/lib/python3.12/site-packages/airflow/example_dags/example_latest_only_with_trigger.py
[2026-07-31T12:06:47.923+0000] {processor.py:840} INFO - DAG(s) 'latest_only_with_trigger' retrieved from /home/airflow/.local/lib/python3.12/site-packages/airflow/example_dags/example_latest_only_with_trigger.py
[2026-07-31T12:06:47.991+0000] {logging_mixin.py:188} INFO - [2026-07-31T12:06:47.990+0000] {dag.py:3089} INFO - Sync 1 DAGs
[2026-07-31T12:06:48.062+0000] {logging_mixin.py:188} INFO - [2026-07-31T12:06:48.061+0000] {dag.py:3947} INFO - Setting next_dagrun for latest_only_with_trigger to 2026-07-31 08:00:00+00:00, run_after=2026-07-31 12:00:00+00:00
[2026-07-31T12:06:48.113+0000] {processor.py:183} INFO - Processing /home/airflow/.local/lib/python3.12/site-packages/airflow/example_dags/example_latest_only_with_trigger.py took 0.247 seconds
[2026-07-31T12:07:18.223+0000] {processor.py:161} INFO - Started process (PID=7480) to work on /home/airflow/.local/lib/python3.12/site-packages/airflow/example_dags/example_latest_only_with_trigger.py
[2026-07-31T12:07:18.225+0000] {processor.py:830} INFO - Processing file /home/airflow/.local/lib/python3.12/site-packages/airflow/example_dags/example_latest_only_with_trigger.py for tasks to queue
[2026-07-31T12:07:18.229+0000] {logging_mixin.py:188} INFO - [2026-07-31T12:07:18.228+0000] {dagbag.py:545} INFO - Filling up the DagBag from /home/airflow/.local/lib/python3.12/site-packages/airflow/example_dags/example_latest_only_with_trigger.py
[2026-07-31T12:07:18.237+0000] {processor.py:840} INFO - DAG(s) 'latest_only_with_trigger' retrieved from /home/airflow/.local/lib/python3.12/site-packages/airflow/example_dags/example_latest_only_with_trigger.py
[2026-07-31T12:07:18.267+0000] {logging_mixin.py:188} INFO - [2026-07-31T12:07:18.267+0000] {dag.py:3089} INFO - Sync 1 DAGs
[2026-07-31T12:07:18.297+0000] {logging_mixin.py:188} INFO - [2026-07-31T12:07:18.296+0000] {dag.py:3947} INFO - Setting next_dagrun for latest_only_with_trigger to 2026-07-31 08:00:00+00:00, run_after=2026-07-31 12:00:00+00:00
[2026-07-31T12:07:18.324+0000] {processor.py:183} INFO - Processing /home/airflow/.local/lib/python3.12/site-packages/airflow/example_dags/example_latest_only_with_trigger.py took 0.115 seconds
[2026-07-31T12:07:49.063+0000] {processor.py:161} INFO - Started process (PID=7538) to work on /home/airflow/.local/lib/python3.12/site-packages/airflow/example_dags/example_latest_only_with_trigger.py
[2026-07-31T12:07:49.065+0000] {processor.py:830} INFO - Processing file /home/airflow/.local/lib/python3.12/site-packages/airflow/example_dags/example_latest_only_with_trigger.py for tasks to queue
[2026-07-31T12:07:49.069+0000] {logging_mixin.py:188} INFO - [2026-07-31T12:07:49.068+0000] {dagbag.py:545} INFO - Filling up the DagBag from /home/airflow/.local/lib/python3.12/site-packages/airflow/example_dags/example_latest_only_with_trigger.py
[2026-07-31T12:07:49.079+0000] {processor.py:840} INFO - DAG(s) 'latest_only_with_trigger' retrieved from /home/airflow/.local/lib/python3.12/site-packages/airflow/example_dags/example_latest_only_with_trigger.py
[2026-07-31T12:07:49.115+0000] {logging_mixin.py:188} INFO - [2026-07-31T12:07:49.114+0000] {dag.py:3089} INFO - Sync 1 DAGs
[2026-07-31T12:07:49.158+0000] {logging_mixin.py:188} INFO - [2026-07-31T12:07:49.158+0000] {dag.py:3947} INFO - Setting next_dagrun for latest_only_with_trigger to 2026-07-31 08:00:00+00:00, run_after=2026-07-31 12:00:00+00:00
[2026-07-31T12:07:49.192+0000] {processor.py:183} INFO - Processing /home/airflow/.local/lib/python3.12/site-packages/airflow/example_dags/example_latest_only_with_trigger.py took 0.140 seconds
[2026-07-31T12:08:19.893+0000] {processor.py:161} INFO - Started process (PID=7596) to work on /home/airflow/.local/lib/python3.12/site-packages/airflow/example_dags/example_latest_only_with_trigger.py
[2026-07-31T12:08:19.895+0000] {processor.py:830} INFO - Processing file /home/airflow/.local/lib/python3.12/site-packages/airflow/example_dags/example_latest_only_with_trigger.py for tasks to queue
[2026-07-31T12:08:19.897+0000] {logging_mixin.py:188} INFO - [2026-07-31T12:08:19.897+0000] {dagbag.py:545} INFO - Filling up the DagBag from /home/airflow/.local/lib/python3.12/site-packages/airflow/example_dags/example_latest_only_with_trigger.py
[2026-07-31T12:08:19.904+0000] {processor.py:840} INFO - DAG(s) 'latest_only_with_trigger' retrieved from /home/airflow/.local/lib/python3.12/site-packages/airflow/example_dags/example_latest_only_with_trigger.py
[2026-07-31T12:08:19.933+0000] {logging_mixin.py:188} INFO - [2026-07-31T12:08:19.933+0000] {dag.py:3089} INFO - Sync 1 DAGs
[2026-07-31T12:08:19.968+0000] {logging_mixin.py:188} INFO - [2026-07-31T12:08:19.968+0000] {dag.py:3947} INFO - Setting next_dagrun for latest_only_with_trigger to 2026-07-31 08:00:00+00:00, run_after=2026-07-31 12:00:00+00:00
[2026-07-31T12:08:20.002+0000] {processor.py:183} INFO - Processing /home/airflow/.local/lib/python3.12/site-packages/airflow/example_dags/example_latest_only_with_trigger.py took 0.119 seconds
[2026-07-31T12:08:50.102+0000] {processor.py:161} INFO - Started process (PID=7654) to work on /home/airflow/.local/lib/python3.12/site-packages/airflow/example_dags/example_latest_only_with_trigger.py
[2026-07-31T12:08:50.106+0000] {processor.py:830} INFO - Processing file /home/airflow/.local/lib/python3.12/site-packages/airflow/example_dags/example_latest_only_with_trigger.py for tasks to queue
[2026-07-31T12:08:50.113+0000] {logging_mixin.py:188} INFO - [2026-07-31T12:08:50.112+0000] {dagbag.py:545} INFO - Filling up the DagBag from /home/airflow/.local/lib/python3.12/site-packages/airflow/example_dags/example_latest_only_with_trigger.py
[2026-07-31T12:08:50.131+0000] {processor.py:840} INFO - DAG(s) 'latest_only_with_trigger' retrieved from /home/airflow/.local/lib/python3.12/site-packages/airflow/example_dags/example_latest_only_with_trigger.py
[2026-07-31T12:08:50.180+0000] {logging_mixin.py:188} INFO - [2026-07-31T12:08:50.179+0000] {dag.py:3089} INFO - Sync 1 DAGs
[2026-07-31T12:08:50.234+0000] {logging_mixin.py:188} INFO - [2026-07-31T12:08:50.233+0000] {dag.py:3947} INFO - Setting next_dagrun for latest_only_with_trigger to 2026-07-31 08:00:00+00:00, run_after=2026-07-31 12:00:00+00:00
[2026-07-31T12:08:50.269+0000] {processor.py:183} INFO - Processing /home/airflow/.local/lib/python3.12/site-packages/airflow/example_dags/example_latest_only_with_trigger.py took 0.194 seconds
[2026-07-31T12:09:21.299+0000] {processor.py:161} INFO - Started process (PID=7717) to work on /home/airflow/.local/lib/python3.12/site-packages/airflow/example_dags/example_latest_only_with_trigger.py
[2026-07-31T12:09:21.301+0000] {processor.py:830} INFO - Processing file /home/airflow/.local/lib/python3.12/site-packages/airflow/example_dags/example_latest_only_with_trigger.py for tasks to queue
[2026-07-31T12:09:21.304+0000] {logging_mixin.py:188} INFO - [2026-07-31T12:09:21.303+0000] {dagbag.py:545} INFO - Filling up the DagBag from /home/airflow/.local/lib/python3.12/site-packages/airflow/example_dags/example_latest_only_with_trigger.py
[2026-07-31T12:09:21.312+0000] {processor.py:840} INFO - DAG(s) 'latest_only_with_trigger' retrieved from /home/airflow/.local/lib/python3.12/site-packages/airflow/example_dags/example_latest_only_with_trigger.py
[2026-07-31T12:09:21.344+0000] {logging_mixin.py:188} INFO - [2026-07-31T12:09:21.343+0000] {dag.py:3089} INFO - Sync 1 DAGs
[2026-07-31T12:09:21.373+0000] {logging_mixin.py:188} INFO - [2026-07-31T12:09:21.372+0000] {dag.py:3947} INFO - Setting next_dagrun for latest_only_with_trigger to 2026-07-31 08:00:00+00:00, run_after=2026-07-31 12:00:00+00:00
[2026-07-31T12:09:21.399+0000] {processor.py:183} INFO - Processing /home/airflow/.local/lib/python3.12/site-packages/airflow/example_dags/example_latest_only_with_trigger.py took 0.108 seconds
[2026-07-31T12:09:51.555+0000] {processor.py:161} INFO - Started process (PID=7777) to work on /home/airflow/.local/lib/python3.12/site-packages/airflow/example_dags/example_latest_only_with_trigger.py
[2026-07-31T12:09:51.557+0000] {processor.py:830} INFO - Processing file /home/airflow/.local/lib/python3.12/site-packages/airflow/example_dags/example_latest_only_with_trigger.py for tasks to queue
[2026-07-31T12:09:51.560+0000] {logging_mixin.py:188} INFO - [2026-07-31T12:09:51.559+0000] {dagbag.py:545} INFO - Filling up the DagBag from /home/airflow/.local/lib/python3.12/site-packages/airflow/example_dags/example_latest_only_with_trigger.py
[2026-07-31T12:09:51.567+0000] {processor.py:840} INFO - DAG(s) 'latest_only_with_trigger' retrieved from /home/airflow/.local/lib/python3.12/site-packages/airflow/example_dags/example_latest_only_with_trigger.py
[2026-07-31T12:09:51.604+0000] {logging_mixin.py:188} INFO - [2026-07-31T12:09:51.604+0000] {dag.py:3089} INFO - Sync 1 DAGs
[2026-07-31T12:09:51.636+0000] {logging_mixin.py:188} INFO - [2026-07-31T12:09:51.636+0000] {dag.py:3947} INFO - Setting next_dagrun for latest_only_with_trigger to 2026-07-31 08:00:00+00:00, run_after=2026-07-31 12:00:00+00:00
[2026-07-31T12:09:51.661+0000] {processor.py:183} INFO - Processing /home/airflow/.local/lib/python3.12/site-packages/airflow/example_dags/example_latest_only_with_trigger.py took 0.113 seconds
[2026-07-31T12:10:22.125+0000] {processor.py:161} INFO - Started process (PID=7835) to work on /home/airflow/.local/lib/python3.12/site-packages/airflow/example_dags/example_latest_only_with_trigger.py
[2026-07-31T12:10:22.126+0000] {processor.py:830} INFO - Processing file /home/airflow/.local/lib/python3.12/site-packages/airflow/example_dags/example_latest_only_with_trigger.py for tasks to queue
[2026-07-31T12:10:22.129+0000] {logging_mixin.py:188} INFO - [2026-07-31T12:10:22.128+0000] {dagbag.py:545} INFO - Filling up the DagBag from /home/airflow/.local/lib/python3.12/site-packages/airflow/example_dags/example_latest_only_with_trigger.py
[2026-07-31T12:10:22.136+0000] {processor.py:840} INFO - DAG(s) 'latest_only_with_trigger' retrieved from /home/airflow/.local/lib/python3.12/site-packages/airflow/example_dags/example_latest_only_with_trigger.py
[2026-07-31T12:10:22.165+0000] {logging_mixin.py:188} INFO - [2026-07-31T12:10:22.165+0000] {dag.py:3089} INFO - Sync 1 DAGs
[2026-07-31T12:10:22.194+0000] {logging_mixin.py:188} INFO - [2026-07-31T12:10:22.194+0000] {dag.py:3947} INFO - Setting next_dagrun for latest_only_with_trigger to 2026-07-31 08:00:00+00:00, run_after=2026-07-31 12:00:00+00:00
[2026-07-31T12:10:22.219+0000] {processor.py:183} INFO - Processing /home/airflow/.local/lib/python3.12/site-packages/airflow/example_dags/example_latest_only_with_trigger.py took 0.102 seconds
[2026-07-31T12:10:52.419+0000] {processor.py:161} INFO - Started process (PID=7893) to work on /home/airflow/.local/lib/python3.12/site-packages/airflow/example_dags/example_latest_only_with_trigger.py
[2026-07-31T12:10:52.420+0000] {processor.py:830} INFO - Processing file /home/airflow/.local/lib/python3.12/site-packages/airflow/example_dags/example_latest_only_with_trigger.py for tasks to queue
[2026-07-31T12:10:52.423+0000] {logging_mixin.py:188} INFO - [2026-07-31T12:10:52.422+0000] {dagbag.py:545} INFO - Filling up the DagBag from /home/airflow/.local/lib/python3.12/site-packages/airflow/example_dags/example_latest_only_with_trigger.py
[2026-07-31T12:10:52.429+0000] {processor.py:840} INFO - DAG(s) 'latest_only_with_trigger' retrieved from /home/airflow/.local/lib/python3.12/site-packages/airflow/example_dags/example_latest_only_with_trigger.py
[2026-07-31T12:10:52.457+0000] {logging_mixin.py:188} INFO - [2026-07-31T12:10:52.456+0000] {dag.py:3089} INFO - Sync 1 DAGs
[2026-07-31T12:10:52.486+0000] {logging_mixin.py:188} INFO - [2026-07-31T12:10:52.486+0000] {dag.py:3947} INFO - Setting next_dagrun for latest_only_with_trigger to 2026-07-31 08:00:00+00:00, run_after=2026-07-31 12:00:00+00:00
[2026-07-31T12:10:52.512+0000] {processor.py:183} INFO - Processing /home/airflow/.local/lib/python3.12/site-packages/airflow/example_dags/example_latest_only_with_trigger.py took 0.101 seconds
[2026-07-31T12:11:22.945+0000] {processor.py:161} INFO - Started process (PID=7950) to work on /home/airflow/.local/lib/python3.12/site-packages/airflow/example_dags/example_latest_only_with_trigger.py
[2026-07-31T12:11:22.947+0000] {processor.py:830} INFO - Processing file /home/airflow/.local/lib/python3.12/site-packages/airflow/example_dags/example_latest_only_with_trigger.py for tasks to queue
[2026-07-31T12:11:22.950+0000] {logging_mixin.py:188} INFO - [2026-07-31T12:11:22.950+0000] {dagbag.py:545} INFO - Filling up the DagBag from /home/airflow/.local/lib/python3.12/site-packages/airflow/example_dags/example_latest_only_with_trigger.py
[2026-07-31T12:11:22.958+0000] {processor.py:840} INFO - DAG(s) 'latest_only_with_trigger' retrieved from /home/airflow/.local/lib/python3.12/site-packages/airflow/example_dags/example_latest_only_with_trigger.py
[2026-07-31T12:11:23.000+0000] {logging_mixin.py:188} INFO - [2026-07-31T12:11:23.000+0000] {dag.py:3089} INFO - Sync 1 DAGs
[2026-07-31T12:11:23.037+0000] {logging_mixin.py:188} INFO - [2026-07-31T12:11:23.036+0000] {dag.py:3947} INFO - Setting next_dagrun for latest_only_with_trigger to 2026-07-31 08:00:00+00:00, run_after=2026-07-31 12:00:00+00:00
[2026-07-31T12:11:23.071+0000] {processor.py:183} INFO - Processing /home/airflow/.local/lib/python3.12/site-packages/airflow/example_dags/example_latest_only_with_trigger.py took 0.134 seconds
[2026-07-31T12:11:53.500+0000] {processor.py:161} INFO - Started process (PID=8008) to work on /home/airflow/.local/lib/python3.12/site-packages/airflow/example_dags/example_latest_only_with_trigger.py
[2026-07-31T12:11:53.512+0000] {processor.py:830} INFO - Processing file /home/airflow/.local/lib/python3.12/site-packages/airflow/example_dags/example_latest_only_with_trigger.py for tasks to queue
[2026-07-31T12:11:53.519+0000] {logging_mixin.py:188} INFO - [2026-07-31T12:11:53.518+0000] {dagbag.py:545} INFO - Filling up the DagBag from /home/airflow/.local/lib/python3.12/site-packages/airflow/example_dags/example_latest_only_with_trigger.py
[2026-07-31T12:11:53.569+0000] {processor.py:840} INFO - DAG(s) 'latest_only_with_trigger' retrieved from /home/airflow/.local/lib/python3.12/site-packages/airflow/example_dags/example_latest_only_with_trigger.py
[2026-07-31T12:11:53.631+0000] {logging_mixin.py:188} INFO - [2026-07-31T12:11:53.630+0000] {dag.py:3089} INFO - Sync 1 DAGs
[2026-07-31T12:11:53.718+0000] {logging_mixin.py:188} INFO - [2026-07-31T12:11:53.718+0000] {dag.py:3947} INFO - Setting next_dagrun for latest_only_with_trigger to 2026-07-31 08:00:00+00:00, run_after=2026-07-31 12:00:00+00:00
[2026-07-31T12:11:53.750+0000] {processor.py:183} INFO - Processing /home/airflow/.local/lib/python3.12/site-packages/airflow/example_dags/example_latest_only_with_trigger.py took 0.291 seconds
[2026-07-31T12:12:24.474+0000] {processor.py:161} INFO - Started process (PID=8066) to work on /home/airflow/.local/lib/python3.12/site-packages/airflow/example_dags/example_latest_only_with_trigger.py
[2026-07-31T12:12:24.475+0000] {processor.py:830} INFO - Processing file /home/airflow/.local/lib/python3.12/site-packages/airflow/example_dags/example_latest_only_with_trigger.py for tasks to queue
[2026-07-31T12:12:24.478+0000] {logging_mixin.py:188} INFO - [2026-07-31T12:12:24.477+0000] {dagbag.py:545} INFO - Filling up the DagBag from /home/airflow/.local/lib/python3.12/site-packages/airflow/example_dags/example_latest_only_with_trigger.py
[2026-07-31T12:12:24.486+0000] {processor.py:840} INFO - DAG(s) 'latest_only_with_trigger' retrieved from /home/airflow/.local/lib/python3.12/site-packages/airflow/example_dags/example_latest_only_with_trigger.py
[2026-07-31T12:12:24.512+0000] {logging_mixin.py:188} INFO - [2026-07-31T12:12:24.511+0000] {dag.py:3089} INFO - Sync 1 DAGs
[2026-07-31T12:12:24.541+0000] {logging_mixin.py:188} INFO - [2026-07-31T12:12:24.541+0000] {dag.py:3947} INFO - Setting next_dagrun for latest_only_with_trigger to 2026-07-31 08:00:00+00:00, run_after=2026-07-31 12:00:00+00:00
[2026-07-31T12:12:24.565+0000] {processor.py:183} INFO - Processing /home/airflow/.local/lib/python3.12/site-packages/airflow/example_dags/example_latest_only_with_trigger.py took 0.099 seconds
[2026-07-31T12:12:55.251+0000] {processor.py:161} INFO - Started process (PID=8124) to work on /home/airflow/.local/lib/python3.12/site-packages/airflow/example_dags/example_latest_only_with_trigger.py
[2026-07-31T12:12:55.252+0000] {processor.py:830} INFO - Processing file /home/airflow/.local/lib/python3.12/site-packages/airflow/example_dags/example_latest_only_with_trigger.py for tasks to queue
[2026-07-31T12:12:55.255+0000] {logging_mixin.py:188} INFO - [2026-07-31T12:12:55.255+0000] {dagbag.py:545} INFO - Filling up the DagBag from /home/airflow/.local/lib/python3.12/site-packages/airflow/example_dags/example_latest_only_with_trigger.py
[2026-07-31T12:12:55.266+0000] {processor.py:840} INFO - DAG(s) 'latest_only_with_trigger' retrieved from /home/airflow/.local/lib/python3.12/site-packages/airflow/example_dags/example_latest_only_with_trigger.py
[2026-07-31T12:12:55.299+0000] {logging_mixin.py:188} INFO - [2026-07-31T12:12:55.298+0000] {dag.py:3089} INFO - Sync 1 DAGs
[2026-07-31T12:12:55.334+0000] {logging_mixin.py:188} INFO - [2026-07-31T12:12:55.333+0000] {dag.py:3947} INFO - Setting next_dagrun for latest_only_with_trigger to 2026-07-31 08:00:00+00:00, run_after=2026-07-31 12:00:00+00:00
[2026-07-31T12:12:55.359+0000] {processor.py:183} INFO - Processing /home/airflow/.local/lib/python3.12/site-packages/airflow/example_dags/example_latest_only_with_trigger.py took 0.119 seconds
[2026-07-31T12:13:26.037+0000] {processor.py:161} INFO - Started process (PID=8182) to work on /home/airflow/.local/lib/python3.12/site-packages/airflow/example_dags/example_latest_only_with_trigger.py
[2026-07-31T12:13:26.038+0000] {processor.py:830} INFO - Processing file /home/airflow/.local/lib/python3.12/site-packages/airflow/example_dags/example_latest_only_with_trigger.py for tasks to queue
[2026-07-31T12:13:26.041+0000] {logging_mixin.py:188} INFO - [2026-07-31T12:13:26.041+0000] {dagbag.py:545} INFO - Filling up the DagBag from /home/airflow/.local/lib/python3.12/site-packages/airflow/example_dags/example_latest_only_with_trigger.py
[2026-07-31T12:13:26.049+0000] {processor.py:840} INFO - DAG(s) 'latest_only_with_trigger' retrieved from /home/airflow/.local/lib/python3.12/site-packages/airflow/example_dags/example_latest_only_with_trigger.py
[2026-07-31T12:13:26.082+0000] {logging_mixin.py:188} INFO - [2026-07-31T12:13:26.082+0000] {dag.py:3089} INFO - Sync 1 DAGs
[2026-07-31T12:13:26.110+0000] {logging_mixin.py:188} INFO - [2026-07-31T12:13:26.110+0000] {dag.py:3947} INFO - Setting next_dagrun for latest_only_with_trigger to 2026-07-31 08:00:00+00:00, run_after=2026-07-31 12:00:00+00:00
[2026-07-31T12:13:26.134+0000] {processor.py:183} INFO - Processing /home/airflow/.local/lib/python3.12/site-packages/airflow/example_dags/example_latest_only_with_trigger.py took 0.105 seconds
[2026-07-31T12:13:56.680+0000] {processor.py:161} INFO - Started process (PID=8240) to work on /home/airflow/.local/lib/python3.12/site-packages/airflow/example_dags/example_latest_only_with_trigger.py
[2026-07-31T12:13:56.682+0000] {processor.py:830} INFO - Processing file /home/airflow/.local/lib/python3.12/site-packages/airflow/example_dags/example_latest_only_with_trigger.py for tasks to queue
[2026-07-31T12:13:56.684+0000] {logging_mixin.py:188} INFO - [2026-07-31T12:13:56.684+0000] {dagbag.py:545} INFO - Filling up the DagBag from /home/airflow/.local/lib/python3.12/site-packages/airflow/example_dags/example_latest_only_with_trigger.py
[2026-07-31T12:13:56.693+0000] {processor.py:840} INFO - DAG(s) 'latest_only_with_trigger' retrieved from /home/airflow/.local/lib/python3.12/site-packages/airflow/example_dags/example_latest_only_with_trigger.py
[2026-07-31T12:13:56.717+0000] {logging_mixin.py:188} INFO - [2026-07-31T12:13:56.717+0000] {dag.py:3089} INFO - Sync 1 DAGs
[2026-07-31T12:13:56.745+0000] {logging_mixin.py:188} INFO - [2026-07-31T12:13:56.745+0000] {dag.py:3947} INFO - Setting next_dagrun for latest_only_with_trigger to 2026-07-31 08:00:00+00:00, run_after=2026-07-31 12:00:00+00:00
[2026-07-31T12:13:56.770+0000] {processor.py:183} INFO - Processing /home/airflow/.local/lib/python3.12/site-packages/airflow/example_dags/example_latest_only_with_trigger.py took 0.099 seconds
[2026-07-31T12:14:27.035+0000] {processor.py:161} INFO - Started process (PID=8298) to work on /home/airflow/.local/lib/python3.12/site-packages/airflow/example_dags/example_latest_only_with_trigger.py
[2026-07-31T12:14:27.037+0000] {processor.py:830} INFO - Processing file /home/airflow/.local/lib/python3.12/site-packages/airflow/example_dags/example_latest_only_with_trigger.py for tasks to queue
[2026-07-31T12:14:27.039+0000] {logging_mixin.py:188} INFO - [2026-07-31T12:14:27.039+0000] {dagbag.py:545} INFO - Filling up the DagBag from /home/airflow/.local/lib/python3.12/site-packages/airflow/example_dags/example_latest_only_with_trigger.py
[2026-07-31T12:14:27.046+0000] {processor.py:840} INFO - DAG(s) 'latest_only_with_trigger' retrieved from /home/airflow/.local/lib/python3.12/site-packages/airflow/example_dags/example_latest_only_with_trigger.py
[2026-07-31T12:14:27.070+0000] {logging_mixin.py:188} INFO - [2026-07-31T12:14:27.070+0000] {dag.py:3089} INFO - Sync 1 DAGs
[2026-07-31T12:14:27.099+0000] {logging_mixin.py:188} INFO - [2026-07-31T12:14:27.099+0000] {dag.py:3947} INFO - Setting next_dagrun for latest_only_with_trigger to 2026-07-31 08:00:00+00:00, run_after=2026-07-31 12:00:00+00:00
[2026-07-31T12:14:27.124+0000] {processor.py:183} INFO - Processing /home/airflow/.local/lib/python3.12/site-packages/airflow/example_dags/example_latest_only_with_trigger.py took 0.100 seconds
[2026-07-31T12:14:57.369+0000] {processor.py:161} INFO - Started process (PID=8355) to work on /home/airflow/.local/lib/python3.12/site-packages/airflow/example_dags/example_latest_only_with_trigger.py
[2026-07-31T12:14:57.370+0000] {processor.py:830} INFO - Processing file /home/airflow/.local/lib/python3.12/site-packages/airflow/example_dags/example_latest_only_with_trigger.py for tasks to queue
[2026-07-31T12:14:57.375+0000] {logging_mixin.py:188} INFO - [2026-07-31T12:14:57.374+0000] {dagbag.py:545} INFO - Filling up the DagBag from /home/airflow/.local/lib/python3.12/site-packages/airflow/example_dags/example_latest_only_with_trigger.py
[2026-07-31T12:14:57.382+0000] {processor.py:840} INFO - DAG(s) 'latest_only_with_trigger' retrieved from /home/airflow/.local/lib/python3.12/site-packages/airflow/example_dags/example_latest_only_with_trigger.py
[2026-07-31T12:14:57.409+0000] {logging_mixin.py:188} INFO - [2026-07-31T12:14:57.409+0000] {dag.py:3089} INFO - Sync 1 DAGs
[2026-07-31T12:14:57.437+0000] {logging_mixin.py:188} INFO - [2026-07-31T12:14:57.437+0000] {dag.py:3947} INFO - Setting next_dagrun for latest_only_with_trigger to 2026-07-31 08:00:00+00:00, run_after=2026-07-31 12:00:00+00:00
[2026-07-31T12:14:57.461+0000] {processor.py:183} INFO - Processing /home/airflow/.local/lib/python3.12/site-packages/airflow/example_dags/example_latest_only_with_trigger.py took 0.099 seconds
[2026-07-31T12:15:28.023+0000] {processor.py:161} INFO - Started process (PID=8414) to work on /home/airflow/.local/lib/python3.12/site-packages/airflow/example_dags/example_latest_only_with_trigger.py
[2026-07-31T12:15:28.025+0000] {processor.py:830} INFO - Processing file /home/airflow/.local/lib/python3.12/site-packages/airflow/example_dags/example_latest_only_with_trigger.py for tasks to queue
[2026-07-31T12:15:28.029+0000] {logging_mixin.py:188} INFO - [2026-07-31T12:15:28.028+0000] {dagbag.py:545} INFO - Filling up the DagBag from /home/airflow/.local/lib/python3.12/site-packages/airflow/example_dags/example_latest_only_with_trigger.py
[2026-07-31T12:15:28.035+0000] {processor.py:840} INFO - DAG(s) 'latest_only_with_trigger' retrieved from /home/airflow/.local/lib/python3.12/site-packages/airflow/example_dags/example_latest_only_with_trigger.py
[2026-07-31T12:15:28.062+0000] {logging_mixin.py:188} INFO - [2026-07-31T12:15:28.062+0000] {dag.py:3089} INFO - Sync 1 DAGs
[2026-07-31T12:15:28.093+0000] {logging_mixin.py:188} INFO - [2026-07-31T12:15:28.092+0000] {dag.py:3947} INFO - Setting next_dagrun for latest_only_with_trigger to 2026-07-31 08:00:00+00:00, run_after=2026-07-31 12:00:00+00:00
[2026-07-31T12:15:28.130+0000] {processor.py:183} INFO - Processing /home/airflow/.local/lib/python3.12/site-packages/airflow/example_dags/example_latest_only_with_trigger.py took 0.115 seconds
[2026-07-31T12:15:58.913+0000] {processor.py:161} INFO - Started process (PID=8469) to work on /home/airflow/.local/lib/python3.12/site-packages/airflow/example_dags/example_latest_only_with_trigger.py
[2026-07-31T12:15:58.915+0000] {processor.py:830} INFO - Processing file /home/airflow/.local/lib/python3.12/site-packages/airflow/example_dags/example_latest_only_with_trigger.py for tasks to queue
[2026-07-31T12:15:58.918+0000] {logging_mixin.py:188} INFO - [2026-07-31T12:15:58.917+0000] {dagbag.py:545} INFO - Filling up the DagBag from /home/airflow/.local/lib/python3.12/site-packages/airflow/example_dags/example_latest_only_with_trigger.py
[2026-07-31T12:15:58.927+0000] {processor.py:840} INFO - DAG(s) 'latest_only_with_trigger' retrieved from /home/airflow/.local/lib/python3.12/site-packages/airflow/example_dags/example_latest_only_with_trigger.py
[2026-07-31T12:15:58.960+0000] {logging_mixin.py:188} INFO - [2026-07-31T12:15:58.960+0000] {dag.py:3089} INFO - Sync 1 DAGs
[2026-07-31T12:15:58.995+0000] {logging_mixin.py:188} INFO - [2026-07-31T12:15:58.995+0000] {dag.py:3947} INFO - Setting next_dagrun for latest_only_with_trigger to 2026-07-31 08:00:00+00:00, run_after=2026-07-31 12:00:00+00:00
[2026-07-31T12:15:59.026+0000] {processor.py:183} INFO - Processing /home/airflow/.local/lib/python3.12/site-packages/airflow/example_dags/example_latest_only_with_trigger.py took 0.120 seconds
[2026-07-31T12:16:29.352+0000] {processor.py:161} INFO - Started process (PID=8526) to work on /home/airflow/.local/lib/python3.12/site-packages/airflow/example_dags/example_latest_only_with_trigger.py
[2026-07-31T12:16:29.354+0000] {processor.py:830} INFO - Processing file /home/airflow/.local/lib/python3.12/site-packages/airflow/example_dags/example_latest_only_with_trigger.py for tasks to queue
[2026-07-31T12:16:29.357+0000] {logging_mixin.py:188} INFO - [2026-07-31T12:16:29.357+0000] {dagbag.py:545} INFO - Filling up the DagBag from /home/airflow/.local/lib/python3.12/site-packages/airflow/example_dags/example_latest_only_with_trigger.py
[2026-07-31T12:16:29.365+0000] {processor.py:840} INFO - DAG(s) 'latest_only_with_trigger' retrieved from /home/airflow/.local/lib/python3.12/site-packages/airflow/example_dags/example_latest_only_with_trigger.py
[2026-07-31T12:16:29.394+0000] {logging_mixin.py:188} INFO - [2026-07-31T12:16:29.393+0000] {dag.py:3089} INFO - Sync 1 DAGs
[2026-07-31T12:16:29.422+0000] {logging_mixin.py:188} INFO - [2026-07-31T12:16:29.421+0000] {dag.py:3947} INFO - Setting next_dagrun for latest_only_with_trigger to 2026-07-31 08:00:00+00:00, run_after=2026-07-31 12:00:00+00:00
[2026-07-31T12:16:29.445+0000] {processor.py:183} INFO - Processing /home/airflow/.local/lib/python3.12/site-packages/airflow/example_dags/example_latest_only_with_trigger.py took 0.100 seconds
[2026-07-31T12:17:00.318+0000] {processor.py:161} INFO - Started process (PID=8585) to work on /home/airflow/.local/lib/python3.12/site-packages/airflow/example_dags/example_latest_only_with_trigger.py
[2026-07-31T12:17:00.319+0000] {processor.py:830} INFO - Processing file /home/airflow/.local/lib/python3.12/site-packages/airflow/example_dags/example_latest_only_with_trigger.py for tasks to queue
[2026-07-31T12:17:00.324+0000] {logging_mixin.py:188} INFO - [2026-07-31T12:17:00.323+0000] {dagbag.py:545} INFO - Filling up the DagBag from /home/airflow/.local/lib/python3.12/site-packages/airflow/example_dags/example_latest_only_with_trigger.py
[2026-07-31T12:17:00.332+0000] {processor.py:840} INFO - DAG(s) 'latest_only_with_trigger' retrieved from /home/airflow/.local/lib/python3.12/site-packages/airflow/example_dags/example_latest_only_with_trigger.py
[2026-07-31T12:17:00.368+0000] {logging_mixin.py:188} INFO - [2026-07-31T12:17:00.367+0000] {dag.py:3089} INFO - Sync 1 DAGs
[2026-07-31T12:17:00.394+0000] {logging_mixin.py:188} INFO - [2026-07-31T12:17:00.394+0000] {dag.py:3947} INFO - Setting next_dagrun for latest_only_with_trigger to 2026-07-31 08:00:00+00:00, run_after=2026-07-31 12:00:00+00:00
[2026-07-31T12:17:00.417+0000] {processor.py:183} INFO - Processing /home/airflow/.local/lib/python3.12/site-packages/airflow/example_dags/example_latest_only_with_trigger.py took 0.109 seconds
[2026-07-31T12:17:30.588+0000] {processor.py:161} INFO - Started process (PID=8643) to work on /home/airflow/.local/lib/python3.12/site-packages/airflow/example_dags/example_latest_only_with_trigger.py
[2026-07-31T12:17:30.591+0000] {processor.py:830} INFO - Processing file /home/airflow/.local/lib/python3.12/site-packages/airflow/example_dags/example_latest_only_with_trigger.py for tasks to queue
[2026-07-31T12:17:30.593+0000] {logging_mixin.py:188} INFO - [2026-07-31T12:17:30.593+0000] {dagbag.py:545} INFO - Filling up the DagBag from /home/airflow/.local/lib/python3.12/site-packages/airflow/example_dags/example_latest_only_with_trigger.py
[2026-07-31T12:17:30.603+0000] {processor.py:840} INFO - DAG(s) 'latest_only_with_trigger' retrieved from /home/airflow/.local/lib/python3.12/site-packages/airflow/example_dags/example_latest_only_with_trigger.py
[2026-07-31T12:17:30.628+0000] {logging_mixin.py:188} INFO - [2026-07-31T12:17:30.628+0000] {dag.py:3089} INFO - Sync 1 DAGs
[2026-07-31T12:17:30.660+0000] {logging_mixin.py:188} INFO - [2026-07-31T12:17:30.659+0000] {dag.py:3947} INFO - Setting next_dagrun for latest_only_with_trigger to 2026-07-31 08:00:00+00:00, run_after=2026-07-31 12:00:00+00:00
[2026-07-31T12:17:30.683+0000] {processor.py:183} INFO - Processing /home/airflow/.local/lib/python3.12/site-packages/airflow/example_dags/example_latest_only_with_trigger.py took 0.101 seconds
[2026-07-31T12:18:00.847+0000] {processor.py:161} INFO - Started process (PID=8701) to work on /home/airflow/.local/lib/python3.12/site-packages/airflow/example_dags/example_latest_only_with_trigger.py
[2026-07-31T12:18:00.849+0000] {processor.py:830} INFO - Processing file /home/airflow/.local/lib/python3.12/site-packages/airflow/example_dags/example_latest_only_with_trigger.py for tasks to queue
[2026-07-31T12:18:00.853+0000] {logging_mixin.py:188} INFO - [2026-07-31T12:18:00.852+0000] {dagbag.py:545} INFO - Filling up the DagBag from /home/airflow/.local/lib/python3.12/site-packages/airflow/example_dags/example_latest_only_with_trigger.py
[2026-07-31T12:18:00.861+0000] {processor.py:840} INFO - DAG(s) 'latest_only_with_trigger' retrieved from /home/airflow/.local/lib/python3.12/site-packages/airflow/example_dags/example_latest_only_with_trigger.py
[2026-07-31T12:18:00.890+0000] {logging_mixin.py:188} INFO - [2026-07-31T12:18:00.889+0000] {dag.py:3089} INFO - Sync 1 DAGs
[2026-07-31T12:18:00.923+0000] {logging_mixin.py:188} INFO - [2026-07-31T12:18:00.923+0000] {dag.py:3947} INFO - Setting next_dagrun for latest_only_with_trigger to 2026-07-31 08:00:00+00:00, run_after=2026-07-31 12:00:00+00:00
[2026-07-31T12:18:00.950+0000] {processor.py:183} INFO - Processing /home/airflow/.local/lib/python3.12/site-packages/airflow/example_dags/example_latest_only_with_trigger.py took 0.110 seconds
[2026-07-31T12:18:31.387+0000] {processor.py:161} INFO - Started process (PID=8759) to work on /home/airflow/.local/lib/python3.12/site-packages/airflow/example_dags/example_latest_only_with_trigger.py
[2026-07-31T12:18:31.388+0000] {processor.py:830} INFO - Processing file /home/airflow/.local/lib/python3.12/site-packages/airflow/example_dags/example_latest_only_with_trigger.py for tasks to queue
[2026-07-31T12:18:31.390+0000] {logging_mixin.py:188} INFO - [2026-07-31T12:18:31.390+0000] {dagbag.py:545} INFO - Filling up the DagBag from /home/airflow/.local/lib/python3.12/site-packages/airflow/example_dags/example_latest_only_with_trigger.py
[2026-07-31T12:18:31.396+0000] {processor.py:840} INFO - DAG(s) 'latest_only_with_trigger' retrieved from /home/airflow/.local/lib/python3.12/site-packages/airflow/example_dags/example_latest_only_with_trigger.py
[2026-07-31T12:18:31.422+0000] {logging_mixin.py:188} INFO - [2026-07-31T12:18:31.422+0000] {dag.py:3089} INFO - Sync 1 DAGs
[2026-07-31T12:18:31.448+0000] {logging_mixin.py:188} INFO - [2026-07-31T12:18:31.448+0000] {dag.py:3947} INFO - Setting next_dagrun for latest_only_with_trigger to 2026-07-31 08:00:00+00:00, run_after=2026-07-31 12:00:00+00:00
[2026-07-31T12:18:31.471+0000] {processor.py:183} INFO - Processing /home/airflow/.local/lib/python3.12/site-packages/airflow/example_dags/example_latest_only_with_trigger.py took 0.093 seconds
[2026-07-31T12:19:01.536+0000] {processor.py:161} INFO - Started process (PID=8816) to work on /home/airflow/.local/lib/python3.12/site-packages/airflow/example_dags/example_latest_only_with_trigger.py
[2026-07-31T12:19:01.538+0000] {processor.py:830} INFO - Processing file /home/airflow/.local/lib/python3.12/site-packages/airflow/example_dags/example_latest_only_with_trigger.py for tasks to queue
[2026-07-31T12:19:01.540+0000] {logging_mixin.py:188} INFO - [2026-07-31T12:19:01.540+0000] {dagbag.py:545} INFO - Filling up the DagBag from /home/airflow/.local/lib/python3.12/site-packages/airflow/example_dags/example_latest_only_with_trigger.py
[2026-07-31T12:19:01.548+0000] {processor.py:840} INFO - DAG(s) 'latest_only_with_trigger' retrieved from /home/airflow/.local/lib/python3.12/site-packages/airflow/example_dags/example_latest_only_with_trigger.py
[2026-07-31T12:19:01.576+0000] {logging_mixin.py:188} INFO - [2026-07-31T12:19:01.575+0000] {dag.py:3089} INFO - Sync 1 DAGs
[2026-07-31T12:19:01.609+0000] {logging_mixin.py:188} INFO - [2026-07-31T12:19:01.608+0000] {dag.py:3947} INFO - Setting next_dagrun for latest_only_with_trigger to 2026-07-31 08:00:00+00:00, run_after=2026-07-31 12:00:00+00:00
[2026-07-31T12:19:01.639+0000] {processor.py:183} INFO - Processing /home/airflow/.local/lib/python3.12/site-packages/airflow/example_dags/example_latest_only_with_trigger.py took 0.111 seconds
[2026-07-31T12:19:32.007+0000] {processor.py:161} INFO - Started process (PID=8875) to work on /home/airflow/.local/lib/python3.12/site-packages/airflow/example_dags/example_latest_only_with_trigger.py
[2026-07-31T12:19:32.010+0000] {processor.py:830} INFO - Processing file /home/airflow/.local/lib/python3.12/site-packages/airflow/example_dags/example_latest_only_with_trigger.py for tasks to queue
[2026-07-31T12:19:32.013+0000] {logging_mixin.py:188} INFO - [2026-07-31T12:19:32.013+0000] {dagbag.py:545} INFO - Filling up the DagBag from /home/airflow/.local/lib/python3.12/site-packages/airflow/example_dags/example_latest_only_with_trigger.py
[2026-07-31T12:19:32.024+0000] {processor.py:840} INFO - DAG(s) 'latest_only_with_trigger' retrieved from /home/airflow/.local/lib/python3.12/site-packages/airflow/example_dags/example_latest_only_with_trigger.py
[2026-07-31T12:19:32.099+0000] {logging_mixin.py:188} INFO - [2026-07-31T12:19:32.099+0000] {dag.py:3089} INFO - Sync 1 DAGs
[2026-07-31T12:19:32.184+0000] {logging_mixin.py:188} INFO - [2026-07-31T12:19:32.183+0000] {dag.py:3947} INFO - Setting next_dagrun for latest_only_with_trigger to 2026-07-31 08:00:00+00:00, run_after=2026-07-31 12:00:00+00:00
[2026-07-31T12:19:32.250+0000] {processor.py:183} INFO - Processing /home/airflow/.local/lib/python3.12/site-packages/airflow/example_dags/example_latest_only_with_trigger.py took 0.257 seconds
[2026-07-31T12:20:02.998+0000] {processor.py:161} INFO - Started process (PID=8934) to work on /home/airflow/.local/lib/python3.12/site-packages/airflow/example_dags/example_latest_only_with_trigger.py
[2026-07-31T12:20:03.002+0000] {processor.py:830} INFO - Processing file /home/airflow/.local/lib/python3.12/site-packages/airflow/example_dags/example_latest_only_with_trigger.py for tasks to queue
[2026-07-31T12:20:03.011+0000] {logging_mixin.py:188} INFO - [2026-07-31T12:20:03.009+0000] {dagbag.py:545} INFO - Filling up the DagBag from /home/airflow/.local/lib/python3.12/site-packages/airflow/example_dags/example_latest_only_with_trigger.py
[2026-07-31T12:20:03.026+0000] {processor.py:840} INFO - DAG(s) 'latest_only_with_trigger' retrieved from /home/airflow/.local/lib/python3.12/site-packages/airflow/example_dags/example_latest_only_with_trigger.py
[2026-07-31T12:20:03.083+0000] {logging_mixin.py:188} INFO - [2026-07-31T12:20:03.082+0000] {dag.py:3089} INFO - Sync 1 DAGs
[2026-07-31T12:20:03.136+0000] {logging_mixin.py:188} INFO - [2026-07-31T12:20:03.136+0000] {dag.py:3947} INFO - Setting next_dagrun for latest_only_with_trigger to 2026-07-31 08:00:00+00:00, run_after=2026-07-31 12:00:00+00:00
[2026-07-31T12:20:03.182+0000] {processor.py:183} INFO - Processing /home/airflow/.local/lib/python3.12/site-packages/airflow/example_dags/example_latest_only_with_trigger.py took 0.201 seconds
[2026-07-31T12:20:34.132+0000] {processor.py:161} INFO - Started process (PID=8992) to work on /home/airflow/.local/lib/python3.12/site-packages/airflow/example_dags/example_latest_only_with_trigger.py
[2026-07-31T12:20:34.134+0000] {processor.py:830} INFO - Processing file /home/airflow/.local/lib/python3.12/site-packages/airflow/example_dags/example_latest_only_with_trigger.py for tasks to queue
[2026-07-31T12:20:34.137+0000] {logging_mixin.py:188} INFO - [2026-07-31T12:20:34.137+0000] {dagbag.py:545} INFO - Filling up the DagBag from /home/airflow/.local/lib/python3.12/site-packages/airflow/example_dags/example_latest_only_with_trigger.py
[2026-07-31T12:20:34.144+0000] {processor.py:840} INFO - DAG(s) 'latest_only_with_trigger' retrieved from /home/airflow/.local/lib/python3.12/site-packages/airflow/example_dags/example_latest_only_with_trigger.py
[2026-07-31T12:20:34.174+0000] {logging_mixin.py:188} INFO - [2026-07-31T12:20:34.174+0000] {dag.py:3089} INFO - Sync 1 DAGs
[2026-07-31T12:20:34.205+0000] {logging_mixin.py:188} INFO - [2026-07-31T12:20:34.204+0000] {dag.py:3947} INFO - Setting next_dagrun for latest_only_with_trigger to 2026-07-31 08:00:00+00:00, run_after=2026-07-31 12:00:00+00:00
[2026-07-31T12:20:34.233+0000] {processor.py:183} INFO - Processing /home/airflow/.local/lib/python3.12/site-packages/airflow/example_dags/example_latest_only_with_trigger.py took 0.112 seconds
