[2026-07-31T10:53:09.176+0000] {processor.py:161} INFO - Started process (PID=111) to work on /home/airflow/.local/lib/python3.12/site-packages/airflow/example_dags/example_short_circuit_operator.py
[2026-07-31T10:53:09.179+0000] {processor.py:830} INFO - Processing file /home/airflow/.local/lib/python3.12/site-packages/airflow/example_dags/example_short_circuit_operator.py for tasks to queue
[2026-07-31T10:53:09.184+0000] {logging_mixin.py:188} INFO - [2026-07-31T10:53:09.183+0000] {dagbag.py:545} INFO - Filling up the DagBag from /home/airflow/.local/lib/python3.12/site-packages/airflow/example_dags/example_short_circuit_operator.py
[2026-07-31T10:53:09.217+0000] {processor.py:840} INFO - DAG(s) 'example_short_circuit_operator' retrieved from /home/airflow/.local/lib/python3.12/site-packages/airflow/example_dags/example_short_circuit_operator.py
[2026-07-31T10:53:10.031+0000] {logging_mixin.py:188} INFO - [2026-07-31T10:53:10.030+0000] {dag.py:3089} INFO - Sync 1 DAGs
[2026-07-31T10:53:10.351+0000] {logging_mixin.py:188} INFO - [2026-07-31T10:53:10.351+0000] {dag.py:3947} INFO - Setting next_dagrun for example_short_circuit_operator to 2026-07-30 00:00:00+00:00, run_after=2026-07-31 00:00:00+00:00
[2026-07-31T10:53:10.623+0000] {processor.py:183} INFO - Processing /home/airflow/.local/lib/python3.12/site-packages/airflow/example_dags/example_short_circuit_operator.py took 1.466 seconds
[2026-07-31T10:53:58.318+0000] {processor.py:161} INFO - Started process (PID=175) to work on /home/airflow/.local/lib/python3.12/site-packages/airflow/example_dags/example_short_circuit_operator.py
[2026-07-31T10:53:58.321+0000] {processor.py:830} INFO - Processing file /home/airflow/.local/lib/python3.12/site-packages/airflow/example_dags/example_short_circuit_operator.py for tasks to queue
[2026-07-31T10:53:58.328+0000] {logging_mixin.py:188} INFO - [2026-07-31T10:53:58.327+0000] {dagbag.py:545} INFO - Filling up the DagBag from /home/airflow/.local/lib/python3.12/site-packages/airflow/example_dags/example_short_circuit_operator.py
[2026-07-31T10:53:58.359+0000] {processor.py:840} INFO - DAG(s) 'example_short_circuit_operator' retrieved from /home/airflow/.local/lib/python3.12/site-packages/airflow/example_dags/example_short_circuit_operator.py
[2026-07-31T10:53:58.534+0000] {logging_mixin.py:188} INFO - [2026-07-31T10:53:58.533+0000] {dag.py:3089} INFO - Sync 1 DAGs
[2026-07-31T10:53:58.760+0000] {logging_mixin.py:188} INFO - [2026-07-31T10:53:58.758+0000] {dag.py:3947} INFO - Setting next_dagrun for example_short_circuit_operator to 2026-07-30 00:00:00+00:00, run_after=2026-07-31 00:00:00+00:00
[2026-07-31T10:53:58.922+0000] {processor.py:183} INFO - Processing /home/airflow/.local/lib/python3.12/site-packages/airflow/example_dags/example_short_circuit_operator.py took 0.627 seconds
[2026-07-31T10:55:15.074+0000] {processor.py:161} INFO - Started process (PID=234) to work on /home/airflow/.local/lib/python3.12/site-packages/airflow/example_dags/example_short_circuit_operator.py
[2026-07-31T10:55:15.080+0000] {processor.py:830} INFO - Processing file /home/airflow/.local/lib/python3.12/site-packages/airflow/example_dags/example_short_circuit_operator.py for tasks to queue
[2026-07-31T10:55:15.093+0000] {logging_mixin.py:188} INFO - [2026-07-31T10:55:15.092+0000] {dagbag.py:545} INFO - Filling up the DagBag from /home/airflow/.local/lib/python3.12/site-packages/airflow/example_dags/example_short_circuit_operator.py
[2026-07-31T10:55:15.151+0000] {processor.py:840} INFO - DAG(s) 'example_short_circuit_operator' retrieved from /home/airflow/.local/lib/python3.12/site-packages/airflow/example_dags/example_short_circuit_operator.py
[2026-07-31T10:55:15.483+0000] {logging_mixin.py:188} INFO - [2026-07-31T10:55:15.482+0000] {dag.py:3089} INFO - Sync 1 DAGs
[2026-07-31T10:55:15.632+0000] {logging_mixin.py:188} INFO - [2026-07-31T10:55:15.631+0000] {dag.py:3947} INFO - Setting next_dagrun for example_short_circuit_operator to 2026-07-30 00:00:00+00:00, run_after=2026-07-31 00:00:00+00:00
[2026-07-31T10:55:15.890+0000] {processor.py:183} INFO - Processing /home/airflow/.local/lib/python3.12/site-packages/airflow/example_dags/example_short_circuit_operator.py took 0.848 seconds
[2026-07-31T10:55:46.121+0000] {processor.py:161} INFO - Started process (PID=292) to work on /home/airflow/.local/lib/python3.12/site-packages/airflow/example_dags/example_short_circuit_operator.py
[2026-07-31T10:55:46.124+0000] {processor.py:830} INFO - Processing file /home/airflow/.local/lib/python3.12/site-packages/airflow/example_dags/example_short_circuit_operator.py for tasks to queue
[2026-07-31T10:55:46.129+0000] {logging_mixin.py:188} INFO - [2026-07-31T10:55:46.128+0000] {dagbag.py:545} INFO - Filling up the DagBag from /home/airflow/.local/lib/python3.12/site-packages/airflow/example_dags/example_short_circuit_operator.py
[2026-07-31T10:55:46.165+0000] {processor.py:840} INFO - DAG(s) 'example_short_circuit_operator' retrieved from /home/airflow/.local/lib/python3.12/site-packages/airflow/example_dags/example_short_circuit_operator.py
[2026-07-31T10:55:46.255+0000] {logging_mixin.py:188} INFO - [2026-07-31T10:55:46.254+0000] {dag.py:3089} INFO - Sync 1 DAGs
[2026-07-31T10:55:46.381+0000] {logging_mixin.py:188} INFO - [2026-07-31T10:55:46.377+0000] {dag.py:3947} INFO - Setting next_dagrun for example_short_circuit_operator to 2026-07-30 00:00:00+00:00, run_after=2026-07-31 00:00:00+00:00
[2026-07-31T10:55:46.486+0000] {processor.py:183} INFO - Processing /home/airflow/.local/lib/python3.12/site-packages/airflow/example_dags/example_short_circuit_operator.py took 0.386 seconds
[2026-07-31T10:56:17.552+0000] {processor.py:161} INFO - Started process (PID=350) to work on /home/airflow/.local/lib/python3.12/site-packages/airflow/example_dags/example_short_circuit_operator.py
[2026-07-31T10:56:17.554+0000] {processor.py:830} INFO - Processing file /home/airflow/.local/lib/python3.12/site-packages/airflow/example_dags/example_short_circuit_operator.py for tasks to queue
[2026-07-31T10:56:17.558+0000] {logging_mixin.py:188} INFO - [2026-07-31T10:56:17.557+0000] {dagbag.py:545} INFO - Filling up the DagBag from /home/airflow/.local/lib/python3.12/site-packages/airflow/example_dags/example_short_circuit_operator.py
[2026-07-31T10:56:17.571+0000] {processor.py:840} INFO - DAG(s) 'example_short_circuit_operator' retrieved from /home/airflow/.local/lib/python3.12/site-packages/airflow/example_dags/example_short_circuit_operator.py
[2026-07-31T10:56:17.617+0000] {logging_mixin.py:188} INFO - [2026-07-31T10:56:17.617+0000] {dag.py:3089} INFO - Sync 1 DAGs
[2026-07-31T10:56:17.657+0000] {logging_mixin.py:188} INFO - [2026-07-31T10:56:17.657+0000] {dag.py:3947} INFO - Setting next_dagrun for example_short_circuit_operator to 2026-07-30 00:00:00+00:00, run_after=2026-07-31 00:00:00+00:00
[2026-07-31T10:56:17.696+0000] {processor.py:183} INFO - Processing /home/airflow/.local/lib/python3.12/site-packages/airflow/example_dags/example_short_circuit_operator.py took 0.158 seconds
[2026-07-31T10:56:55.205+0000] {processor.py:161} INFO - Started process (PID=408) to work on /home/airflow/.local/lib/python3.12/site-packages/airflow/example_dags/example_short_circuit_operator.py
[2026-07-31T10:56:55.210+0000] {processor.py:830} INFO - Processing file /home/airflow/.local/lib/python3.12/site-packages/airflow/example_dags/example_short_circuit_operator.py for tasks to queue
[2026-07-31T10:56:55.216+0000] {logging_mixin.py:188} INFO - [2026-07-31T10:56:55.215+0000] {dagbag.py:545} INFO - Filling up the DagBag from /home/airflow/.local/lib/python3.12/site-packages/airflow/example_dags/example_short_circuit_operator.py
[2026-07-31T10:56:55.245+0000] {processor.py:840} INFO - DAG(s) 'example_short_circuit_operator' retrieved from /home/airflow/.local/lib/python3.12/site-packages/airflow/example_dags/example_short_circuit_operator.py
[2026-07-31T10:56:55.314+0000] {logging_mixin.py:188} INFO - [2026-07-31T10:56:55.313+0000] {dag.py:3089} INFO - Sync 1 DAGs
[2026-07-31T10:56:55.410+0000] {logging_mixin.py:188} INFO - [2026-07-31T10:56:55.409+0000] {dag.py:3947} INFO - Setting next_dagrun for example_short_circuit_operator to 2026-07-30 00:00:00+00:00, run_after=2026-07-31 00:00:00+00:00
[2026-07-31T10:56:55.503+0000] {processor.py:183} INFO - Processing /home/airflow/.local/lib/python3.12/site-packages/airflow/example_dags/example_short_circuit_operator.py took 0.316 seconds
[2026-07-31T10:57:26.276+0000] {processor.py:161} INFO - Started process (PID=464) to work on /home/airflow/.local/lib/python3.12/site-packages/airflow/example_dags/example_short_circuit_operator.py
[2026-07-31T10:57:26.278+0000] {processor.py:830} INFO - Processing file /home/airflow/.local/lib/python3.12/site-packages/airflow/example_dags/example_short_circuit_operator.py for tasks to queue
[2026-07-31T10:57:26.287+0000] {logging_mixin.py:188} INFO - [2026-07-31T10:57:26.286+0000] {dagbag.py:545} INFO - Filling up the DagBag from /home/airflow/.local/lib/python3.12/site-packages/airflow/example_dags/example_short_circuit_operator.py
[2026-07-31T10:57:26.308+0000] {processor.py:840} INFO - DAG(s) 'example_short_circuit_operator' retrieved from /home/airflow/.local/lib/python3.12/site-packages/airflow/example_dags/example_short_circuit_operator.py
[2026-07-31T10:57:26.369+0000] {logging_mixin.py:188} INFO - [2026-07-31T10:57:26.368+0000] {dag.py:3089} INFO - Sync 1 DAGs
[2026-07-31T10:57:26.423+0000] {logging_mixin.py:188} INFO - [2026-07-31T10:57:26.422+0000] {dag.py:3947} INFO - Setting next_dagrun for example_short_circuit_operator to 2026-07-30 00:00:00+00:00, run_after=2026-07-31 00:00:00+00:00
[2026-07-31T10:57:26.464+0000] {processor.py:183} INFO - Processing /home/airflow/.local/lib/python3.12/site-packages/airflow/example_dags/example_short_circuit_operator.py took 0.201 seconds
[2026-07-31T10:57:57.005+0000] {processor.py:161} INFO - Started process (PID=522) to work on /home/airflow/.local/lib/python3.12/site-packages/airflow/example_dags/example_short_circuit_operator.py
[2026-07-31T10:57:57.008+0000] {processor.py:830} INFO - Processing file /home/airflow/.local/lib/python3.12/site-packages/airflow/example_dags/example_short_circuit_operator.py for tasks to queue
[2026-07-31T10:57:57.016+0000] {logging_mixin.py:188} INFO - [2026-07-31T10:57:57.015+0000] {dagbag.py:545} INFO - Filling up the DagBag from /home/airflow/.local/lib/python3.12/site-packages/airflow/example_dags/example_short_circuit_operator.py
[2026-07-31T10:57:57.044+0000] {processor.py:840} INFO - DAG(s) 'example_short_circuit_operator' retrieved from /home/airflow/.local/lib/python3.12/site-packages/airflow/example_dags/example_short_circuit_operator.py
[2026-07-31T10:57:57.108+0000] {logging_mixin.py:188} INFO - [2026-07-31T10:57:57.107+0000] {dag.py:3089} INFO - Sync 1 DAGs
[2026-07-31T10:57:57.166+0000] {logging_mixin.py:188} INFO - [2026-07-31T10:57:57.165+0000] {dag.py:3947} INFO - Setting next_dagrun for example_short_circuit_operator to 2026-07-30 00:00:00+00:00, run_after=2026-07-31 00:00:00+00:00
[2026-07-31T10:57:57.225+0000] {processor.py:183} INFO - Processing /home/airflow/.local/lib/python3.12/site-packages/airflow/example_dags/example_short_circuit_operator.py took 0.236 seconds
[2026-07-31T10:58:27.288+0000] {processor.py:161} INFO - Started process (PID=580) to work on /home/airflow/.local/lib/python3.12/site-packages/airflow/example_dags/example_short_circuit_operator.py
[2026-07-31T10:58:27.290+0000] {processor.py:830} INFO - Processing file /home/airflow/.local/lib/python3.12/site-packages/airflow/example_dags/example_short_circuit_operator.py for tasks to queue
[2026-07-31T10:58:27.293+0000] {logging_mixin.py:188} INFO - [2026-07-31T10:58:27.292+0000] {dagbag.py:545} INFO - Filling up the DagBag from /home/airflow/.local/lib/python3.12/site-packages/airflow/example_dags/example_short_circuit_operator.py
[2026-07-31T10:58:27.304+0000] {processor.py:840} INFO - DAG(s) 'example_short_circuit_operator' retrieved from /home/airflow/.local/lib/python3.12/site-packages/airflow/example_dags/example_short_circuit_operator.py
[2026-07-31T10:58:27.345+0000] {logging_mixin.py:188} INFO - [2026-07-31T10:58:27.344+0000] {dag.py:3089} INFO - Sync 1 DAGs
[2026-07-31T10:58:27.384+0000] {logging_mixin.py:188} INFO - [2026-07-31T10:58:27.383+0000] {dag.py:3947} INFO - Setting next_dagrun for example_short_circuit_operator to 2026-07-30 00:00:00+00:00, run_after=2026-07-31 00:00:00+00:00
[2026-07-31T10:58:27.411+0000] {processor.py:183} INFO - Processing /home/airflow/.local/lib/python3.12/site-packages/airflow/example_dags/example_short_circuit_operator.py took 0.133 seconds
[2026-07-31T10:58:57.903+0000] {processor.py:161} INFO - Started process (PID=638) to work on /home/airflow/.local/lib/python3.12/site-packages/airflow/example_dags/example_short_circuit_operator.py
[2026-07-31T10:58:57.906+0000] {processor.py:830} INFO - Processing file /home/airflow/.local/lib/python3.12/site-packages/airflow/example_dags/example_short_circuit_operator.py for tasks to queue
[2026-07-31T10:58:57.908+0000] {logging_mixin.py:188} INFO - [2026-07-31T10:58:57.908+0000] {dagbag.py:545} INFO - Filling up the DagBag from /home/airflow/.local/lib/python3.12/site-packages/airflow/example_dags/example_short_circuit_operator.py
[2026-07-31T10:58:57.920+0000] {processor.py:840} INFO - DAG(s) 'example_short_circuit_operator' retrieved from /home/airflow/.local/lib/python3.12/site-packages/airflow/example_dags/example_short_circuit_operator.py
[2026-07-31T10:58:57.964+0000] {logging_mixin.py:188} INFO - [2026-07-31T10:58:57.964+0000] {dag.py:3089} INFO - Sync 1 DAGs
[2026-07-31T10:58:58.010+0000] {logging_mixin.py:188} INFO - [2026-07-31T10:58:58.008+0000] {dag.py:3947} INFO - Setting next_dagrun for example_short_circuit_operator to 2026-07-30 00:00:00+00:00, run_after=2026-07-31 00:00:00+00:00
[2026-07-31T10:58:58.053+0000] {processor.py:183} INFO - Processing /home/airflow/.local/lib/python3.12/site-packages/airflow/example_dags/example_short_circuit_operator.py took 0.164 seconds
[2026-07-31T10:59:28.662+0000] {processor.py:161} INFO - Started process (PID=696) to work on /home/airflow/.local/lib/python3.12/site-packages/airflow/example_dags/example_short_circuit_operator.py
[2026-07-31T10:59:28.672+0000] {processor.py:830} INFO - Processing file /home/airflow/.local/lib/python3.12/site-packages/airflow/example_dags/example_short_circuit_operator.py for tasks to queue
[2026-07-31T10:59:28.682+0000] {logging_mixin.py:188} INFO - [2026-07-31T10:59:28.680+0000] {dagbag.py:545} INFO - Filling up the DagBag from /home/airflow/.local/lib/python3.12/site-packages/airflow/example_dags/example_short_circuit_operator.py
[2026-07-31T10:59:28.744+0000] {processor.py:840} INFO - DAG(s) 'example_short_circuit_operator' retrieved from /home/airflow/.local/lib/python3.12/site-packages/airflow/example_dags/example_short_circuit_operator.py
[2026-07-31T10:59:28.879+0000] {logging_mixin.py:188} INFO - [2026-07-31T10:59:28.878+0000] {dag.py:3089} INFO - Sync 1 DAGs
[2026-07-31T10:59:29.006+0000] {logging_mixin.py:188} INFO - [2026-07-31T10:59:29.005+0000] {dag.py:3947} INFO - Setting next_dagrun for example_short_circuit_operator to 2026-07-30 00:00:00+00:00, run_after=2026-07-31 00:00:00+00:00
[2026-07-31T10:59:29.086+0000] {processor.py:183} INFO - Processing /home/airflow/.local/lib/python3.12/site-packages/airflow/example_dags/example_short_circuit_operator.py took 0.464 seconds
[2026-07-31T10:59:59.794+0000] {processor.py:161} INFO - Started process (PID=754) to work on /home/airflow/.local/lib/python3.12/site-packages/airflow/example_dags/example_short_circuit_operator.py
[2026-07-31T10:59:59.796+0000] {processor.py:830} INFO - Processing file /home/airflow/.local/lib/python3.12/site-packages/airflow/example_dags/example_short_circuit_operator.py for tasks to queue
[2026-07-31T10:59:59.801+0000] {logging_mixin.py:188} INFO - [2026-07-31T10:59:59.800+0000] {dagbag.py:545} INFO - Filling up the DagBag from /home/airflow/.local/lib/python3.12/site-packages/airflow/example_dags/example_short_circuit_operator.py
[2026-07-31T10:59:59.828+0000] {processor.py:840} INFO - DAG(s) 'example_short_circuit_operator' retrieved from /home/airflow/.local/lib/python3.12/site-packages/airflow/example_dags/example_short_circuit_operator.py
[2026-07-31T10:59:59.876+0000] {logging_mixin.py:188} INFO - [2026-07-31T10:59:59.876+0000] {dag.py:3089} INFO - Sync 1 DAGs
[2026-07-31T10:59:59.922+0000] {logging_mixin.py:188} INFO - [2026-07-31T10:59:59.922+0000] {dag.py:3947} INFO - Setting next_dagrun for example_short_circuit_operator to 2026-07-30 00:00:00+00:00, run_after=2026-07-31 00:00:00+00:00
[2026-07-31T10:59:59.967+0000] {processor.py:183} INFO - Processing /home/airflow/.local/lib/python3.12/site-packages/airflow/example_dags/example_short_circuit_operator.py took 0.186 seconds
[2026-07-31T11:00:30.171+0000] {processor.py:161} INFO - Started process (PID=812) to work on /home/airflow/.local/lib/python3.12/site-packages/airflow/example_dags/example_short_circuit_operator.py
[2026-07-31T11:00:30.173+0000] {processor.py:830} INFO - Processing file /home/airflow/.local/lib/python3.12/site-packages/airflow/example_dags/example_short_circuit_operator.py for tasks to queue
[2026-07-31T11:00:30.177+0000] {logging_mixin.py:188} INFO - [2026-07-31T11:00:30.177+0000] {dagbag.py:545} INFO - Filling up the DagBag from /home/airflow/.local/lib/python3.12/site-packages/airflow/example_dags/example_short_circuit_operator.py
[2026-07-31T11:00:30.190+0000] {processor.py:840} INFO - DAG(s) 'example_short_circuit_operator' retrieved from /home/airflow/.local/lib/python3.12/site-packages/airflow/example_dags/example_short_circuit_operator.py
[2026-07-31T11:00:30.230+0000] {logging_mixin.py:188} INFO - [2026-07-31T11:00:30.230+0000] {dag.py:3089} INFO - Sync 1 DAGs
[2026-07-31T11:00:30.268+0000] {logging_mixin.py:188} INFO - [2026-07-31T11:00:30.267+0000] {dag.py:3947} INFO - Setting next_dagrun for example_short_circuit_operator to 2026-07-30 00:00:00+00:00, run_after=2026-07-31 00:00:00+00:00
[2026-07-31T11:00:30.310+0000] {processor.py:183} INFO - Processing /home/airflow/.local/lib/python3.12/site-packages/airflow/example_dags/example_short_circuit_operator.py took 0.150 seconds
[2026-07-31T11:01:00.347+0000] {processor.py:161} INFO - Started process (PID=870) to work on /home/airflow/.local/lib/python3.12/site-packages/airflow/example_dags/example_short_circuit_operator.py
[2026-07-31T11:01:00.349+0000] {processor.py:830} INFO - Processing file /home/airflow/.local/lib/python3.12/site-packages/airflow/example_dags/example_short_circuit_operator.py for tasks to queue
[2026-07-31T11:01:00.351+0000] {logging_mixin.py:188} INFO - [2026-07-31T11:01:00.351+0000] {dagbag.py:545} INFO - Filling up the DagBag from /home/airflow/.local/lib/python3.12/site-packages/airflow/example_dags/example_short_circuit_operator.py
[2026-07-31T11:01:00.360+0000] {processor.py:840} INFO - DAG(s) 'example_short_circuit_operator' retrieved from /home/airflow/.local/lib/python3.12/site-packages/airflow/example_dags/example_short_circuit_operator.py
[2026-07-31T11:01:00.389+0000] {logging_mixin.py:188} INFO - [2026-07-31T11:01:00.388+0000] {dag.py:3089} INFO - Sync 1 DAGs
[2026-07-31T11:01:00.415+0000] {logging_mixin.py:188} INFO - [2026-07-31T11:01:00.415+0000] {dag.py:3947} INFO - Setting next_dagrun for example_short_circuit_operator to 2026-07-30 00:00:00+00:00, run_after=2026-07-31 00:00:00+00:00
[2026-07-31T11:01:00.442+0000] {processor.py:183} INFO - Processing /home/airflow/.local/lib/python3.12/site-packages/airflow/example_dags/example_short_circuit_operator.py took 0.101 seconds
[2026-07-31T11:01:31.361+0000] {processor.py:161} INFO - Started process (PID=928) to work on /home/airflow/.local/lib/python3.12/site-packages/airflow/example_dags/example_short_circuit_operator.py
[2026-07-31T11:01:31.364+0000] {processor.py:830} INFO - Processing file /home/airflow/.local/lib/python3.12/site-packages/airflow/example_dags/example_short_circuit_operator.py for tasks to queue
[2026-07-31T11:01:31.369+0000] {logging_mixin.py:188} INFO - [2026-07-31T11:01:31.368+0000] {dagbag.py:545} INFO - Filling up the DagBag from /home/airflow/.local/lib/python3.12/site-packages/airflow/example_dags/example_short_circuit_operator.py
[2026-07-31T11:01:31.397+0000] {processor.py:840} INFO - DAG(s) 'example_short_circuit_operator' retrieved from /home/airflow/.local/lib/python3.12/site-packages/airflow/example_dags/example_short_circuit_operator.py
[2026-07-31T11:01:31.481+0000] {logging_mixin.py:188} INFO - [2026-07-31T11:01:31.480+0000] {dag.py:3089} INFO - Sync 1 DAGs
[2026-07-31T11:01:31.569+0000] {logging_mixin.py:188} INFO - [2026-07-31T11:01:31.567+0000] {dag.py:3947} INFO - Setting next_dagrun for example_short_circuit_operator to 2026-07-30 00:00:00+00:00, run_after=2026-07-31 00:00:00+00:00
[2026-07-31T11:01:31.620+0000] {processor.py:183} INFO - Processing /home/airflow/.local/lib/python3.12/site-packages/airflow/example_dags/example_short_circuit_operator.py took 0.277 seconds
[2026-07-31T11:02:02.318+0000] {processor.py:161} INFO - Started process (PID=986) to work on /home/airflow/.local/lib/python3.12/site-packages/airflow/example_dags/example_short_circuit_operator.py
[2026-07-31T11:02:02.323+0000] {processor.py:830} INFO - Processing file /home/airflow/.local/lib/python3.12/site-packages/airflow/example_dags/example_short_circuit_operator.py for tasks to queue
[2026-07-31T11:02:02.330+0000] {logging_mixin.py:188} INFO - [2026-07-31T11:02:02.329+0000] {dagbag.py:545} INFO - Filling up the DagBag from /home/airflow/.local/lib/python3.12/site-packages/airflow/example_dags/example_short_circuit_operator.py
[2026-07-31T11:02:02.355+0000] {processor.py:840} INFO - DAG(s) 'example_short_circuit_operator' retrieved from /home/airflow/.local/lib/python3.12/site-packages/airflow/example_dags/example_short_circuit_operator.py
[2026-07-31T11:02:02.415+0000] {logging_mixin.py:188} INFO - [2026-07-31T11:02:02.414+0000] {dag.py:3089} INFO - Sync 1 DAGs
[2026-07-31T11:02:02.486+0000] {logging_mixin.py:188} INFO - [2026-07-31T11:02:02.485+0000] {dag.py:3947} INFO - Setting next_dagrun for example_short_circuit_operator to 2026-07-30 00:00:00+00:00, run_after=2026-07-31 00:00:00+00:00
[2026-07-31T11:02:02.527+0000] {processor.py:183} INFO - Processing /home/airflow/.local/lib/python3.12/site-packages/airflow/example_dags/example_short_circuit_operator.py took 0.228 seconds
[2026-07-31T11:02:40.119+0000] {processor.py:161} INFO - Started process (PID=1046) to work on /home/airflow/.local/lib/python3.12/site-packages/airflow/example_dags/example_short_circuit_operator.py
[2026-07-31T11:02:40.134+0000] {processor.py:830} INFO - Processing file /home/airflow/.local/lib/python3.12/site-packages/airflow/example_dags/example_short_circuit_operator.py for tasks to queue
[2026-07-31T11:02:40.164+0000] {logging_mixin.py:188} INFO - [2026-07-31T11:02:40.163+0000] {dagbag.py:545} INFO - Filling up the DagBag from /home/airflow/.local/lib/python3.12/site-packages/airflow/example_dags/example_short_circuit_operator.py
[2026-07-31T11:02:40.302+0000] {processor.py:840} INFO - DAG(s) 'example_short_circuit_operator' retrieved from /home/airflow/.local/lib/python3.12/site-packages/airflow/example_dags/example_short_circuit_operator.py
[2026-07-31T11:02:40.571+0000] {logging_mixin.py:188} INFO - [2026-07-31T11:02:40.560+0000] {dag.py:3089} INFO - Sync 1 DAGs
[2026-07-31T11:02:40.693+0000] {logging_mixin.py:188} INFO - [2026-07-31T11:02:40.693+0000] {dag.py:3947} INFO - Setting next_dagrun for example_short_circuit_operator to 2026-07-30 00:00:00+00:00, run_after=2026-07-31 00:00:00+00:00
[2026-07-31T11:02:40.821+0000] {processor.py:183} INFO - Processing /home/airflow/.local/lib/python3.12/site-packages/airflow/example_dags/example_short_circuit_operator.py took 0.737 seconds
[2026-07-31T11:03:11.104+0000] {processor.py:161} INFO - Started process (PID=1103) to work on /home/airflow/.local/lib/python3.12/site-packages/airflow/example_dags/example_short_circuit_operator.py
[2026-07-31T11:03:11.107+0000] {processor.py:830} INFO - Processing file /home/airflow/.local/lib/python3.12/site-packages/airflow/example_dags/example_short_circuit_operator.py for tasks to queue
[2026-07-31T11:03:11.114+0000] {logging_mixin.py:188} INFO - [2026-07-31T11:03:11.114+0000] {dagbag.py:545} INFO - Filling up the DagBag from /home/airflow/.local/lib/python3.12/site-packages/airflow/example_dags/example_short_circuit_operator.py
[2026-07-31T11:03:11.137+0000] {processor.py:840} INFO - DAG(s) 'example_short_circuit_operator' retrieved from /home/airflow/.local/lib/python3.12/site-packages/airflow/example_dags/example_short_circuit_operator.py
[2026-07-31T11:03:11.211+0000] {logging_mixin.py:188} INFO - [2026-07-31T11:03:11.211+0000] {dag.py:3089} INFO - Sync 1 DAGs
[2026-07-31T11:03:11.292+0000] {logging_mixin.py:188} INFO - [2026-07-31T11:03:11.291+0000] {dag.py:3947} INFO - Setting next_dagrun for example_short_circuit_operator to 2026-07-30 00:00:00+00:00, run_after=2026-07-31 00:00:00+00:00
[2026-07-31T11:03:11.381+0000] {processor.py:183} INFO - Processing /home/airflow/.local/lib/python3.12/site-packages/airflow/example_dags/example_short_circuit_operator.py took 0.297 seconds
[2026-07-31T11:03:42.004+0000] {processor.py:161} INFO - Started process (PID=1160) to work on /home/airflow/.local/lib/python3.12/site-packages/airflow/example_dags/example_short_circuit_operator.py
[2026-07-31T11:03:42.007+0000] {processor.py:830} INFO - Processing file /home/airflow/.local/lib/python3.12/site-packages/airflow/example_dags/example_short_circuit_operator.py for tasks to queue
[2026-07-31T11:03:42.012+0000] {logging_mixin.py:188} INFO - [2026-07-31T11:03:42.011+0000] {dagbag.py:545} INFO - Filling up the DagBag from /home/airflow/.local/lib/python3.12/site-packages/airflow/example_dags/example_short_circuit_operator.py
[2026-07-31T11:03:42.031+0000] {processor.py:840} INFO - DAG(s) 'example_short_circuit_operator' retrieved from /home/airflow/.local/lib/python3.12/site-packages/airflow/example_dags/example_short_circuit_operator.py
[2026-07-31T11:03:42.094+0000] {logging_mixin.py:188} INFO - [2026-07-31T11:03:42.094+0000] {dag.py:3089} INFO - Sync 1 DAGs
[2026-07-31T11:03:42.163+0000] {logging_mixin.py:188} INFO - [2026-07-31T11:03:42.163+0000] {dag.py:3947} INFO - Setting next_dagrun for example_short_circuit_operator to 2026-07-30 00:00:00+00:00, run_after=2026-07-31 00:00:00+00:00
[2026-07-31T11:03:42.218+0000] {processor.py:183} INFO - Processing /home/airflow/.local/lib/python3.12/site-packages/airflow/example_dags/example_short_circuit_operator.py took 0.233 seconds
[2026-07-31T11:04:12.649+0000] {processor.py:161} INFO - Started process (PID=1218) to work on /home/airflow/.local/lib/python3.12/site-packages/airflow/example_dags/example_short_circuit_operator.py
[2026-07-31T11:04:12.653+0000] {processor.py:830} INFO - Processing file /home/airflow/.local/lib/python3.12/site-packages/airflow/example_dags/example_short_circuit_operator.py for tasks to queue
[2026-07-31T11:04:12.660+0000] {logging_mixin.py:188} INFO - [2026-07-31T11:04:12.658+0000] {dagbag.py:545} INFO - Filling up the DagBag from /home/airflow/.local/lib/python3.12/site-packages/airflow/example_dags/example_short_circuit_operator.py
[2026-07-31T11:04:12.694+0000] {processor.py:840} INFO - DAG(s) 'example_short_circuit_operator' retrieved from /home/airflow/.local/lib/python3.12/site-packages/airflow/example_dags/example_short_circuit_operator.py
[2026-07-31T11:04:12.815+0000] {logging_mixin.py:188} INFO - [2026-07-31T11:04:12.814+0000] {dag.py:3089} INFO - Sync 1 DAGs
[2026-07-31T11:04:12.963+0000] {logging_mixin.py:188} INFO - [2026-07-31T11:04:12.960+0000] {dag.py:3947} INFO - Setting next_dagrun for example_short_circuit_operator to 2026-07-30 00:00:00+00:00, run_after=2026-07-31 00:00:00+00:00
[2026-07-31T11:04:13.097+0000] {processor.py:183} INFO - Processing /home/airflow/.local/lib/python3.12/site-packages/airflow/example_dags/example_short_circuit_operator.py took 0.466 seconds
[2026-07-31T11:04:50.936+0000] {processor.py:161} INFO - Started process (PID=1274) to work on /home/airflow/.local/lib/python3.12/site-packages/airflow/example_dags/example_short_circuit_operator.py
[2026-07-31T11:04:50.942+0000] {processor.py:830} INFO - Processing file /home/airflow/.local/lib/python3.12/site-packages/airflow/example_dags/example_short_circuit_operator.py for tasks to queue
[2026-07-31T11:04:50.968+0000] {logging_mixin.py:188} INFO - [2026-07-31T11:04:50.967+0000] {dagbag.py:545} INFO - Filling up the DagBag from /home/airflow/.local/lib/python3.12/site-packages/airflow/example_dags/example_short_circuit_operator.py
[2026-07-31T11:04:51.058+0000] {processor.py:840} INFO - DAG(s) 'example_short_circuit_operator' retrieved from /home/airflow/.local/lib/python3.12/site-packages/airflow/example_dags/example_short_circuit_operator.py
[2026-07-31T11:04:51.372+0000] {logging_mixin.py:188} INFO - [2026-07-31T11:04:51.371+0000] {dag.py:3089} INFO - Sync 1 DAGs
[2026-07-31T11:04:51.725+0000] {logging_mixin.py:188} INFO - [2026-07-31T11:04:51.724+0000] {dag.py:3947} INFO - Setting next_dagrun for example_short_circuit_operator to 2026-07-30 00:00:00+00:00, run_after=2026-07-31 00:00:00+00:00
[2026-07-31T11:04:52.308+0000] {processor.py:183} INFO - Processing /home/airflow/.local/lib/python3.12/site-packages/airflow/example_dags/example_short_circuit_operator.py took 1.429 seconds
[2026-07-31T11:05:38.601+0000] {processor.py:161} INFO - Started process (PID=1311) to work on /home/airflow/.local/lib/python3.12/site-packages/airflow/example_dags/example_short_circuit_operator.py
[2026-07-31T11:05:38.608+0000] {processor.py:830} INFO - Processing file /home/airflow/.local/lib/python3.12/site-packages/airflow/example_dags/example_short_circuit_operator.py for tasks to queue
[2026-07-31T11:05:38.619+0000] {logging_mixin.py:188} INFO - [2026-07-31T11:05:38.617+0000] {dagbag.py:545} INFO - Filling up the DagBag from /home/airflow/.local/lib/python3.12/site-packages/airflow/example_dags/example_short_circuit_operator.py
[2026-07-31T11:05:38.667+0000] {processor.py:840} INFO - DAG(s) 'example_short_circuit_operator' retrieved from /home/airflow/.local/lib/python3.12/site-packages/airflow/example_dags/example_short_circuit_operator.py
[2026-07-31T11:05:38.763+0000] {logging_mixin.py:188} INFO - [2026-07-31T11:05:38.762+0000] {dag.py:3089} INFO - Sync 1 DAGs
[2026-07-31T11:05:38.875+0000] {logging_mixin.py:188} INFO - [2026-07-31T11:05:38.874+0000] {dag.py:3947} INFO - Setting next_dagrun for example_short_circuit_operator to 2026-07-30 00:00:00+00:00, run_after=2026-07-31 00:00:00+00:00
[2026-07-31T11:05:38.955+0000] {processor.py:183} INFO - Processing /home/airflow/.local/lib/python3.12/site-packages/airflow/example_dags/example_short_circuit_operator.py took 0.378 seconds
[2026-07-31T11:06:16.930+0000] {processor.py:161} INFO - Started process (PID=1363) to work on /home/airflow/.local/lib/python3.12/site-packages/airflow/example_dags/example_short_circuit_operator.py
[2026-07-31T11:06:16.956+0000] {processor.py:830} INFO - Processing file /home/airflow/.local/lib/python3.12/site-packages/airflow/example_dags/example_short_circuit_operator.py for tasks to queue
[2026-07-31T11:06:16.976+0000] {logging_mixin.py:188} INFO - [2026-07-31T11:06:16.970+0000] {dagbag.py:545} INFO - Filling up the DagBag from /home/airflow/.local/lib/python3.12/site-packages/airflow/example_dags/example_short_circuit_operator.py
[2026-07-31T11:06:17.052+0000] {processor.py:840} INFO - DAG(s) 'example_short_circuit_operator' retrieved from /home/airflow/.local/lib/python3.12/site-packages/airflow/example_dags/example_short_circuit_operator.py
[2026-07-31T11:06:17.222+0000] {logging_mixin.py:188} INFO - [2026-07-31T11:06:17.221+0000] {dag.py:3089} INFO - Sync 1 DAGs
[2026-07-31T11:06:17.399+0000] {logging_mixin.py:188} INFO - [2026-07-31T11:06:17.397+0000] {dag.py:3947} INFO - Setting next_dagrun for example_short_circuit_operator to 2026-07-30 00:00:00+00:00, run_after=2026-07-31 00:00:00+00:00
[2026-07-31T11:06:17.514+0000] {processor.py:183} INFO - Processing /home/airflow/.local/lib/python3.12/site-packages/airflow/example_dags/example_short_circuit_operator.py took 0.626 seconds
[2026-07-31T11:06:51.158+0000] {processor.py:161} INFO - Started process (PID=1428) to work on /home/airflow/.local/lib/python3.12/site-packages/airflow/example_dags/example_short_circuit_operator.py
[2026-07-31T11:06:51.164+0000] {processor.py:830} INFO - Processing file /home/airflow/.local/lib/python3.12/site-packages/airflow/example_dags/example_short_circuit_operator.py for tasks to queue
[2026-07-31T11:06:51.174+0000] {logging_mixin.py:188} INFO - [2026-07-31T11:06:51.173+0000] {dagbag.py:545} INFO - Filling up the DagBag from /home/airflow/.local/lib/python3.12/site-packages/airflow/example_dags/example_short_circuit_operator.py
[2026-07-31T11:06:51.214+0000] {processor.py:840} INFO - DAG(s) 'example_short_circuit_operator' retrieved from /home/airflow/.local/lib/python3.12/site-packages/airflow/example_dags/example_short_circuit_operator.py
[2026-07-31T11:06:51.395+0000] {logging_mixin.py:188} INFO - [2026-07-31T11:06:51.394+0000] {dag.py:3089} INFO - Sync 1 DAGs
[2026-07-31T11:06:51.506+0000] {logging_mixin.py:188} INFO - [2026-07-31T11:06:51.504+0000] {dag.py:3947} INFO - Setting next_dagrun for example_short_circuit_operator to 2026-07-30 00:00:00+00:00, run_after=2026-07-31 00:00:00+00:00
[2026-07-31T11:06:51.608+0000] {processor.py:183} INFO - Processing /home/airflow/.local/lib/python3.12/site-packages/airflow/example_dags/example_short_circuit_operator.py took 0.493 seconds
[2026-07-31T11:07:46.933+0000] {processor.py:161} INFO - Started process (PID=1483) to work on /home/airflow/.local/lib/python3.12/site-packages/airflow/example_dags/example_short_circuit_operator.py
[2026-07-31T11:07:46.950+0000] {processor.py:830} INFO - Processing file /home/airflow/.local/lib/python3.12/site-packages/airflow/example_dags/example_short_circuit_operator.py for tasks to queue
[2026-07-31T11:07:46.967+0000] {logging_mixin.py:188} INFO - [2026-07-31T11:07:46.965+0000] {dagbag.py:545} INFO - Filling up the DagBag from /home/airflow/.local/lib/python3.12/site-packages/airflow/example_dags/example_short_circuit_operator.py
[2026-07-31T11:07:47.049+0000] {processor.py:840} INFO - DAG(s) 'example_short_circuit_operator' retrieved from /home/airflow/.local/lib/python3.12/site-packages/airflow/example_dags/example_short_circuit_operator.py
[2026-07-31T11:07:47.302+0000] {logging_mixin.py:188} INFO - [2026-07-31T11:07:47.301+0000] {dag.py:3089} INFO - Sync 1 DAGs
[2026-07-31T11:07:47.525+0000] {logging_mixin.py:188} INFO - [2026-07-31T11:07:47.524+0000] {dag.py:3947} INFO - Setting next_dagrun for example_short_circuit_operator to 2026-07-30 00:00:00+00:00, run_after=2026-07-31 00:00:00+00:00
[2026-07-31T11:07:47.865+0000] {processor.py:183} INFO - Processing /home/airflow/.local/lib/python3.12/site-packages/airflow/example_dags/example_short_circuit_operator.py took 1.013 seconds
[2026-07-31T11:08:44.747+0000] {processor.py:161} INFO - Started process (PID=1552) to work on /home/airflow/.local/lib/python3.12/site-packages/airflow/example_dags/example_short_circuit_operator.py
[2026-07-31T11:08:44.752+0000] {processor.py:830} INFO - Processing file /home/airflow/.local/lib/python3.12/site-packages/airflow/example_dags/example_short_circuit_operator.py for tasks to queue
[2026-07-31T11:08:44.768+0000] {logging_mixin.py:188} INFO - [2026-07-31T11:08:44.765+0000] {dagbag.py:545} INFO - Filling up the DagBag from /home/airflow/.local/lib/python3.12/site-packages/airflow/example_dags/example_short_circuit_operator.py
[2026-07-31T11:08:44.821+0000] {processor.py:840} INFO - DAG(s) 'example_short_circuit_operator' retrieved from /home/airflow/.local/lib/python3.12/site-packages/airflow/example_dags/example_short_circuit_operator.py
[2026-07-31T11:08:44.990+0000] {logging_mixin.py:188} INFO - [2026-07-31T11:08:44.989+0000] {dag.py:3089} INFO - Sync 1 DAGs
[2026-07-31T11:08:45.124+0000] {logging_mixin.py:188} INFO - [2026-07-31T11:08:45.124+0000] {dag.py:3947} INFO - Setting next_dagrun for example_short_circuit_operator to 2026-07-30 00:00:00+00:00, run_after=2026-07-31 00:00:00+00:00
[2026-07-31T11:08:45.255+0000] {processor.py:183} INFO - Processing /home/airflow/.local/lib/python3.12/site-packages/airflow/example_dags/example_short_circuit_operator.py took 0.542 seconds
[2026-07-31T11:09:38.730+0000] {processor.py:161} INFO - Started process (PID=1597) to work on /home/airflow/.local/lib/python3.12/site-packages/airflow/example_dags/example_short_circuit_operator.py
[2026-07-31T11:09:38.736+0000] {processor.py:830} INFO - Processing file /home/airflow/.local/lib/python3.12/site-packages/airflow/example_dags/example_short_circuit_operator.py for tasks to queue
[2026-07-31T11:09:38.747+0000] {logging_mixin.py:188} INFO - [2026-07-31T11:09:38.746+0000] {dagbag.py:545} INFO - Filling up the DagBag from /home/airflow/.local/lib/python3.12/site-packages/airflow/example_dags/example_short_circuit_operator.py
[2026-07-31T11:09:38.821+0000] {processor.py:840} INFO - DAG(s) 'example_short_circuit_operator' retrieved from /home/airflow/.local/lib/python3.12/site-packages/airflow/example_dags/example_short_circuit_operator.py
[2026-07-31T11:09:39.006+0000] {logging_mixin.py:188} INFO - [2026-07-31T11:09:39.004+0000] {dag.py:3089} INFO - Sync 1 DAGs
[2026-07-31T11:09:39.127+0000] {logging_mixin.py:188} INFO - [2026-07-31T11:09:39.125+0000] {dag.py:3947} INFO - Setting next_dagrun for example_short_circuit_operator to 2026-07-30 00:00:00+00:00, run_after=2026-07-31 00:00:00+00:00
[2026-07-31T11:09:39.753+0000] {processor.py:183} INFO - Processing /home/airflow/.local/lib/python3.12/site-packages/airflow/example_dags/example_short_circuit_operator.py took 1.061 seconds
[2026-07-31T11:10:29.734+0000] {processor.py:161} INFO - Started process (PID=1658) to work on /home/airflow/.local/lib/python3.12/site-packages/airflow/example_dags/example_short_circuit_operator.py
[2026-07-31T11:10:29.739+0000] {processor.py:830} INFO - Processing file /home/airflow/.local/lib/python3.12/site-packages/airflow/example_dags/example_short_circuit_operator.py for tasks to queue
[2026-07-31T11:10:29.754+0000] {logging_mixin.py:188} INFO - [2026-07-31T11:10:29.752+0000] {dagbag.py:545} INFO - Filling up the DagBag from /home/airflow/.local/lib/python3.12/site-packages/airflow/example_dags/example_short_circuit_operator.py
[2026-07-31T11:10:29.820+0000] {processor.py:840} INFO - DAG(s) 'example_short_circuit_operator' retrieved from /home/airflow/.local/lib/python3.12/site-packages/airflow/example_dags/example_short_circuit_operator.py
[2026-07-31T11:10:29.992+0000] {logging_mixin.py:188} INFO - [2026-07-31T11:10:29.991+0000] {dag.py:3089} INFO - Sync 1 DAGs
[2026-07-31T11:10:30.290+0000] {logging_mixin.py:188} INFO - [2026-07-31T11:10:30.289+0000] {dag.py:3947} INFO - Setting next_dagrun for example_short_circuit_operator to 2026-07-30 00:00:00+00:00, run_after=2026-07-31 00:00:00+00:00
[2026-07-31T11:10:30.452+0000] {processor.py:183} INFO - Processing /home/airflow/.local/lib/python3.12/site-packages/airflow/example_dags/example_short_circuit_operator.py took 0.764 seconds
[2026-07-31T11:11:07.013+0000] {processor.py:161} INFO - Started process (PID=1713) to work on /home/airflow/.local/lib/python3.12/site-packages/airflow/example_dags/example_short_circuit_operator.py
[2026-07-31T11:11:07.057+0000] {processor.py:830} INFO - Processing file /home/airflow/.local/lib/python3.12/site-packages/airflow/example_dags/example_short_circuit_operator.py for tasks to queue
[2026-07-31T11:11:07.073+0000] {logging_mixin.py:188} INFO - [2026-07-31T11:11:07.072+0000] {dagbag.py:545} INFO - Filling up the DagBag from /home/airflow/.local/lib/python3.12/site-packages/airflow/example_dags/example_short_circuit_operator.py
[2026-07-31T11:11:07.212+0000] {processor.py:840} INFO - DAG(s) 'example_short_circuit_operator' retrieved from /home/airflow/.local/lib/python3.12/site-packages/airflow/example_dags/example_short_circuit_operator.py
[2026-07-31T11:11:07.429+0000] {logging_mixin.py:188} INFO - [2026-07-31T11:11:07.427+0000] {dag.py:3089} INFO - Sync 1 DAGs
[2026-07-31T11:11:07.556+0000] {logging_mixin.py:188} INFO - [2026-07-31T11:11:07.555+0000] {dag.py:3947} INFO - Setting next_dagrun for example_short_circuit_operator to 2026-07-30 00:00:00+00:00, run_after=2026-07-31 00:00:00+00:00
[2026-07-31T11:11:07.691+0000] {processor.py:183} INFO - Processing /home/airflow/.local/lib/python3.12/site-packages/airflow/example_dags/example_short_circuit_operator.py took 0.732 seconds
[2026-07-31T11:12:01.229+0000] {processor.py:161} INFO - Started process (PID=1747) to work on /home/airflow/.local/lib/python3.12/site-packages/airflow/example_dags/example_short_circuit_operator.py
[2026-07-31T11:12:01.235+0000] {processor.py:830} INFO - Processing file /home/airflow/.local/lib/python3.12/site-packages/airflow/example_dags/example_short_circuit_operator.py for tasks to queue
[2026-07-31T11:12:01.264+0000] {logging_mixin.py:188} INFO - [2026-07-31T11:12:01.263+0000] {dagbag.py:545} INFO - Filling up the DagBag from /home/airflow/.local/lib/python3.12/site-packages/airflow/example_dags/example_short_circuit_operator.py
[2026-07-31T11:12:01.346+0000] {processor.py:840} INFO - DAG(s) 'example_short_circuit_operator' retrieved from /home/airflow/.local/lib/python3.12/site-packages/airflow/example_dags/example_short_circuit_operator.py
[2026-07-31T11:12:02.588+0000] {logging_mixin.py:188} INFO - [2026-07-31T11:12:02.586+0000] {dag.py:3089} INFO - Sync 1 DAGs
[2026-07-31T11:12:02.934+0000] {logging_mixin.py:188} INFO - [2026-07-31T11:12:02.928+0000] {dag.py:3947} INFO - Setting next_dagrun for example_short_circuit_operator to 2026-07-30 00:00:00+00:00, run_after=2026-07-31 00:00:00+00:00
[2026-07-31T11:12:03.183+0000] {processor.py:183} INFO - Processing /home/airflow/.local/lib/python3.12/site-packages/airflow/example_dags/example_short_circuit_operator.py took 2.007 seconds
[2026-07-31T11:12:34.161+0000] {processor.py:161} INFO - Started process (PID=1805) to work on /home/airflow/.local/lib/python3.12/site-packages/airflow/example_dags/example_short_circuit_operator.py
[2026-07-31T11:12:34.165+0000] {processor.py:830} INFO - Processing file /home/airflow/.local/lib/python3.12/site-packages/airflow/example_dags/example_short_circuit_operator.py for tasks to queue
[2026-07-31T11:12:34.180+0000] {logging_mixin.py:188} INFO - [2026-07-31T11:12:34.178+0000] {dagbag.py:545} INFO - Filling up the DagBag from /home/airflow/.local/lib/python3.12/site-packages/airflow/example_dags/example_short_circuit_operator.py
[2026-07-31T11:12:34.210+0000] {processor.py:840} INFO - DAG(s) 'example_short_circuit_operator' retrieved from /home/airflow/.local/lib/python3.12/site-packages/airflow/example_dags/example_short_circuit_operator.py
[2026-07-31T11:12:34.278+0000] {logging_mixin.py:188} INFO - [2026-07-31T11:12:34.278+0000] {dag.py:3089} INFO - Sync 1 DAGs
[2026-07-31T11:12:34.346+0000] {logging_mixin.py:188} INFO - [2026-07-31T11:12:34.346+0000] {dag.py:3947} INFO - Setting next_dagrun for example_short_circuit_operator to 2026-07-30 00:00:00+00:00, run_after=2026-07-31 00:00:00+00:00
[2026-07-31T11:12:34.391+0000] {processor.py:183} INFO - Processing /home/airflow/.local/lib/python3.12/site-packages/airflow/example_dags/example_short_circuit_operator.py took 0.260 seconds
[2026-07-31T11:13:12.573+0000] {processor.py:161} INFO - Started process (PID=1869) to work on /home/airflow/.local/lib/python3.12/site-packages/airflow/example_dags/example_short_circuit_operator.py
[2026-07-31T11:13:12.578+0000] {processor.py:830} INFO - Processing file /home/airflow/.local/lib/python3.12/site-packages/airflow/example_dags/example_short_circuit_operator.py for tasks to queue
[2026-07-31T11:13:12.593+0000] {logging_mixin.py:188} INFO - [2026-07-31T11:13:12.592+0000] {dagbag.py:545} INFO - Filling up the DagBag from /home/airflow/.local/lib/python3.12/site-packages/airflow/example_dags/example_short_circuit_operator.py
[2026-07-31T11:13:12.642+0000] {processor.py:840} INFO - DAG(s) 'example_short_circuit_operator' retrieved from /home/airflow/.local/lib/python3.12/site-packages/airflow/example_dags/example_short_circuit_operator.py
[2026-07-31T11:13:12.737+0000] {logging_mixin.py:188} INFO - [2026-07-31T11:13:12.736+0000] {dag.py:3089} INFO - Sync 1 DAGs
[2026-07-31T11:13:12.878+0000] {logging_mixin.py:188} INFO - [2026-07-31T11:13:12.877+0000] {dag.py:3947} INFO - Setting next_dagrun for example_short_circuit_operator to 2026-07-30 00:00:00+00:00, run_after=2026-07-31 00:00:00+00:00
[2026-07-31T11:13:12.989+0000] {processor.py:183} INFO - Processing /home/airflow/.local/lib/python3.12/site-packages/airflow/example_dags/example_short_circuit_operator.py took 0.460 seconds
[2026-07-31T11:13:49.735+0000] {processor.py:161} INFO - Started process (PID=1926) to work on /home/airflow/.local/lib/python3.12/site-packages/airflow/example_dags/example_short_circuit_operator.py
[2026-07-31T11:13:49.739+0000] {processor.py:830} INFO - Processing file /home/airflow/.local/lib/python3.12/site-packages/airflow/example_dags/example_short_circuit_operator.py for tasks to queue
[2026-07-31T11:13:49.753+0000] {logging_mixin.py:188} INFO - [2026-07-31T11:13:49.747+0000] {dagbag.py:545} INFO - Filling up the DagBag from /home/airflow/.local/lib/python3.12/site-packages/airflow/example_dags/example_short_circuit_operator.py
[2026-07-31T11:13:49.788+0000] {processor.py:840} INFO - DAG(s) 'example_short_circuit_operator' retrieved from /home/airflow/.local/lib/python3.12/site-packages/airflow/example_dags/example_short_circuit_operator.py
[2026-07-31T11:13:49.881+0000] {logging_mixin.py:188} INFO - [2026-07-31T11:13:49.880+0000] {dag.py:3089} INFO - Sync 1 DAGs
[2026-07-31T11:13:50.036+0000] {logging_mixin.py:188} INFO - [2026-07-31T11:13:50.034+0000] {dag.py:3947} INFO - Setting next_dagrun for example_short_circuit_operator to 2026-07-30 00:00:00+00:00, run_after=2026-07-31 00:00:00+00:00
[2026-07-31T11:13:50.165+0000] {processor.py:183} INFO - Processing /home/airflow/.local/lib/python3.12/site-packages/airflow/example_dags/example_short_circuit_operator.py took 0.474 seconds
[2026-07-31T11:14:31.878+0000] {processor.py:161} INFO - Started process (PID=1984) to work on /home/airflow/.local/lib/python3.12/site-packages/airflow/example_dags/example_short_circuit_operator.py
[2026-07-31T11:14:31.882+0000] {processor.py:830} INFO - Processing file /home/airflow/.local/lib/python3.12/site-packages/airflow/example_dags/example_short_circuit_operator.py for tasks to queue
[2026-07-31T11:14:31.889+0000] {logging_mixin.py:188} INFO - [2026-07-31T11:14:31.888+0000] {dagbag.py:545} INFO - Filling up the DagBag from /home/airflow/.local/lib/python3.12/site-packages/airflow/example_dags/example_short_circuit_operator.py
[2026-07-31T11:14:31.956+0000] {processor.py:840} INFO - DAG(s) 'example_short_circuit_operator' retrieved from /home/airflow/.local/lib/python3.12/site-packages/airflow/example_dags/example_short_circuit_operator.py
[2026-07-31T11:14:32.134+0000] {logging_mixin.py:188} INFO - [2026-07-31T11:14:32.133+0000] {dag.py:3089} INFO - Sync 1 DAGs
[2026-07-31T11:14:32.286+0000] {logging_mixin.py:188} INFO - [2026-07-31T11:14:32.285+0000] {dag.py:3947} INFO - Setting next_dagrun for example_short_circuit_operator to 2026-07-30 00:00:00+00:00, run_after=2026-07-31 00:00:00+00:00
[2026-07-31T11:14:32.387+0000] {processor.py:183} INFO - Processing /home/airflow/.local/lib/python3.12/site-packages/airflow/example_dags/example_short_circuit_operator.py took 0.538 seconds
[2026-07-31T11:15:02.782+0000] {processor.py:161} INFO - Started process (PID=2041) to work on /home/airflow/.local/lib/python3.12/site-packages/airflow/example_dags/example_short_circuit_operator.py
[2026-07-31T11:15:02.786+0000] {processor.py:830} INFO - Processing file /home/airflow/.local/lib/python3.12/site-packages/airflow/example_dags/example_short_circuit_operator.py for tasks to queue
[2026-07-31T11:15:02.798+0000] {logging_mixin.py:188} INFO - [2026-07-31T11:15:02.797+0000] {dagbag.py:545} INFO - Filling up the DagBag from /home/airflow/.local/lib/python3.12/site-packages/airflow/example_dags/example_short_circuit_operator.py
[2026-07-31T11:15:02.835+0000] {processor.py:840} INFO - DAG(s) 'example_short_circuit_operator' retrieved from /home/airflow/.local/lib/python3.12/site-packages/airflow/example_dags/example_short_circuit_operator.py
[2026-07-31T11:15:02.945+0000] {logging_mixin.py:188} INFO - [2026-07-31T11:15:02.944+0000] {dag.py:3089} INFO - Sync 1 DAGs
[2026-07-31T11:15:03.031+0000] {logging_mixin.py:188} INFO - [2026-07-31T11:15:03.030+0000] {dag.py:3947} INFO - Setting next_dagrun for example_short_circuit_operator to 2026-07-30 00:00:00+00:00, run_after=2026-07-31 00:00:00+00:00
[2026-07-31T11:15:03.099+0000] {processor.py:183} INFO - Processing /home/airflow/.local/lib/python3.12/site-packages/airflow/example_dags/example_short_circuit_operator.py took 0.341 seconds
[2026-07-31T11:15:33.478+0000] {processor.py:161} INFO - Started process (PID=2096) to work on /home/airflow/.local/lib/python3.12/site-packages/airflow/example_dags/example_short_circuit_operator.py
[2026-07-31T11:15:33.491+0000] {processor.py:830} INFO - Processing file /home/airflow/.local/lib/python3.12/site-packages/airflow/example_dags/example_short_circuit_operator.py for tasks to queue
[2026-07-31T11:15:33.511+0000] {logging_mixin.py:188} INFO - [2026-07-31T11:15:33.509+0000] {dagbag.py:545} INFO - Filling up the DagBag from /home/airflow/.local/lib/python3.12/site-packages/airflow/example_dags/example_short_circuit_operator.py
[2026-07-31T11:15:33.581+0000] {processor.py:840} INFO - DAG(s) 'example_short_circuit_operator' retrieved from /home/airflow/.local/lib/python3.12/site-packages/airflow/example_dags/example_short_circuit_operator.py
[2026-07-31T11:15:33.771+0000] {logging_mixin.py:188} INFO - [2026-07-31T11:15:33.770+0000] {dag.py:3089} INFO - Sync 1 DAGs
[2026-07-31T11:15:34.011+0000] {logging_mixin.py:188} INFO - [2026-07-31T11:15:34.010+0000] {dag.py:3947} INFO - Setting next_dagrun for example_short_circuit_operator to 2026-07-30 00:00:00+00:00, run_after=2026-07-31 00:00:00+00:00
[2026-07-31T11:15:34.204+0000] {processor.py:183} INFO - Processing /home/airflow/.local/lib/python3.12/site-packages/airflow/example_dags/example_short_circuit_operator.py took 0.771 seconds
[2026-07-31T11:16:04.856+0000] {processor.py:161} INFO - Started process (PID=2155) to work on /home/airflow/.local/lib/python3.12/site-packages/airflow/example_dags/example_short_circuit_operator.py
[2026-07-31T11:16:04.860+0000] {processor.py:830} INFO - Processing file /home/airflow/.local/lib/python3.12/site-packages/airflow/example_dags/example_short_circuit_operator.py for tasks to queue
[2026-07-31T11:16:04.870+0000] {logging_mixin.py:188} INFO - [2026-07-31T11:16:04.868+0000] {dagbag.py:545} INFO - Filling up the DagBag from /home/airflow/.local/lib/python3.12/site-packages/airflow/example_dags/example_short_circuit_operator.py
[2026-07-31T11:16:04.906+0000] {processor.py:840} INFO - DAG(s) 'example_short_circuit_operator' retrieved from /home/airflow/.local/lib/python3.12/site-packages/airflow/example_dags/example_short_circuit_operator.py
[2026-07-31T11:16:05.015+0000] {logging_mixin.py:188} INFO - [2026-07-31T11:16:05.014+0000] {dag.py:3089} INFO - Sync 1 DAGs
[2026-07-31T11:16:05.096+0000] {logging_mixin.py:188} INFO - [2026-07-31T11:16:05.095+0000] {dag.py:3947} INFO - Setting next_dagrun for example_short_circuit_operator to 2026-07-30 00:00:00+00:00, run_after=2026-07-31 00:00:00+00:00
[2026-07-31T11:16:05.167+0000] {processor.py:183} INFO - Processing /home/airflow/.local/lib/python3.12/site-packages/airflow/example_dags/example_short_circuit_operator.py took 0.346 seconds
[2026-07-31T11:16:35.378+0000] {processor.py:161} INFO - Started process (PID=2213) to work on /home/airflow/.local/lib/python3.12/site-packages/airflow/example_dags/example_short_circuit_operator.py
[2026-07-31T11:16:35.380+0000] {processor.py:830} INFO - Processing file /home/airflow/.local/lib/python3.12/site-packages/airflow/example_dags/example_short_circuit_operator.py for tasks to queue
[2026-07-31T11:16:35.385+0000] {logging_mixin.py:188} INFO - [2026-07-31T11:16:35.384+0000] {dagbag.py:545} INFO - Filling up the DagBag from /home/airflow/.local/lib/python3.12/site-packages/airflow/example_dags/example_short_circuit_operator.py
[2026-07-31T11:16:35.403+0000] {processor.py:840} INFO - DAG(s) 'example_short_circuit_operator' retrieved from /home/airflow/.local/lib/python3.12/site-packages/airflow/example_dags/example_short_circuit_operator.py
[2026-07-31T11:16:35.455+0000] {logging_mixin.py:188} INFO - [2026-07-31T11:16:35.455+0000] {dag.py:3089} INFO - Sync 1 DAGs
[2026-07-31T11:16:35.507+0000] {logging_mixin.py:188} INFO - [2026-07-31T11:16:35.507+0000] {dag.py:3947} INFO - Setting next_dagrun for example_short_circuit_operator to 2026-07-30 00:00:00+00:00, run_after=2026-07-31 00:00:00+00:00
[2026-07-31T11:16:35.563+0000] {processor.py:183} INFO - Processing /home/airflow/.local/lib/python3.12/site-packages/airflow/example_dags/example_short_circuit_operator.py took 0.199 seconds
[2026-07-31T11:17:06.049+0000] {processor.py:161} INFO - Started process (PID=2273) to work on /home/airflow/.local/lib/python3.12/site-packages/airflow/example_dags/example_short_circuit_operator.py
[2026-07-31T11:17:06.052+0000] {processor.py:830} INFO - Processing file /home/airflow/.local/lib/python3.12/site-packages/airflow/example_dags/example_short_circuit_operator.py for tasks to queue
[2026-07-31T11:17:06.059+0000] {logging_mixin.py:188} INFO - [2026-07-31T11:17:06.058+0000] {dagbag.py:545} INFO - Filling up the DagBag from /home/airflow/.local/lib/python3.12/site-packages/airflow/example_dags/example_short_circuit_operator.py
[2026-07-31T11:17:06.088+0000] {processor.py:840} INFO - DAG(s) 'example_short_circuit_operator' retrieved from /home/airflow/.local/lib/python3.12/site-packages/airflow/example_dags/example_short_circuit_operator.py
[2026-07-31T11:17:06.146+0000] {logging_mixin.py:188} INFO - [2026-07-31T11:17:06.146+0000] {dag.py:3089} INFO - Sync 1 DAGs
[2026-07-31T11:17:06.209+0000] {logging_mixin.py:188} INFO - [2026-07-31T11:17:06.208+0000] {dag.py:3947} INFO - Setting next_dagrun for example_short_circuit_operator to 2026-07-30 00:00:00+00:00, run_after=2026-07-31 00:00:00+00:00
[2026-07-31T11:17:06.253+0000] {processor.py:183} INFO - Processing /home/airflow/.local/lib/python3.12/site-packages/airflow/example_dags/example_short_circuit_operator.py took 0.224 seconds
[2026-07-31T11:17:39.984+0000] {processor.py:161} INFO - Started process (PID=2331) to work on /home/airflow/.local/lib/python3.12/site-packages/airflow/example_dags/example_short_circuit_operator.py
[2026-07-31T11:17:39.994+0000] {processor.py:830} INFO - Processing file /home/airflow/.local/lib/python3.12/site-packages/airflow/example_dags/example_short_circuit_operator.py for tasks to queue
[2026-07-31T11:17:40.042+0000] {logging_mixin.py:188} INFO - [2026-07-31T11:17:40.041+0000] {dagbag.py:545} INFO - Filling up the DagBag from /home/airflow/.local/lib/python3.12/site-packages/airflow/example_dags/example_short_circuit_operator.py
[2026-07-31T11:17:40.165+0000] {processor.py:840} INFO - DAG(s) 'example_short_circuit_operator' retrieved from /home/airflow/.local/lib/python3.12/site-packages/airflow/example_dags/example_short_circuit_operator.py
[2026-07-31T11:17:40.415+0000] {logging_mixin.py:188} INFO - [2026-07-31T11:17:40.414+0000] {dag.py:3089} INFO - Sync 1 DAGs
[2026-07-31T11:17:40.756+0000] {logging_mixin.py:188} INFO - [2026-07-31T11:17:40.744+0000] {dag.py:3947} INFO - Setting next_dagrun for example_short_circuit_operator to 2026-07-30 00:00:00+00:00, run_after=2026-07-31 00:00:00+00:00
[2026-07-31T11:17:41.599+0000] {processor.py:183} INFO - Processing /home/airflow/.local/lib/python3.12/site-packages/airflow/example_dags/example_short_circuit_operator.py took 1.662 seconds
[2026-07-31T11:18:14.213+0000] {processor.py:161} INFO - Started process (PID=2386) to work on /home/airflow/.local/lib/python3.12/site-packages/airflow/example_dags/example_short_circuit_operator.py
[2026-07-31T11:18:14.220+0000] {processor.py:830} INFO - Processing file /home/airflow/.local/lib/python3.12/site-packages/airflow/example_dags/example_short_circuit_operator.py for tasks to queue
[2026-07-31T11:18:14.228+0000] {logging_mixin.py:188} INFO - [2026-07-31T11:18:14.226+0000] {dagbag.py:545} INFO - Filling up the DagBag from /home/airflow/.local/lib/python3.12/site-packages/airflow/example_dags/example_short_circuit_operator.py
[2026-07-31T11:18:14.267+0000] {processor.py:840} INFO - DAG(s) 'example_short_circuit_operator' retrieved from /home/airflow/.local/lib/python3.12/site-packages/airflow/example_dags/example_short_circuit_operator.py
[2026-07-31T11:18:14.387+0000] {logging_mixin.py:188} INFO - [2026-07-31T11:18:14.386+0000] {dag.py:3089} INFO - Sync 1 DAGs
[2026-07-31T11:18:14.484+0000] {logging_mixin.py:188} INFO - [2026-07-31T11:18:14.483+0000] {dag.py:3947} INFO - Setting next_dagrun for example_short_circuit_operator to 2026-07-30 00:00:00+00:00, run_after=2026-07-31 00:00:00+00:00
[2026-07-31T11:18:14.562+0000] {processor.py:183} INFO - Processing /home/airflow/.local/lib/python3.12/site-packages/airflow/example_dags/example_short_circuit_operator.py took 0.375 seconds
[2026-07-31T11:18:45.442+0000] {processor.py:161} INFO - Started process (PID=2443) to work on /home/airflow/.local/lib/python3.12/site-packages/airflow/example_dags/example_short_circuit_operator.py
[2026-07-31T11:18:45.445+0000] {processor.py:830} INFO - Processing file /home/airflow/.local/lib/python3.12/site-packages/airflow/example_dags/example_short_circuit_operator.py for tasks to queue
[2026-07-31T11:18:45.452+0000] {logging_mixin.py:188} INFO - [2026-07-31T11:18:45.451+0000] {dagbag.py:545} INFO - Filling up the DagBag from /home/airflow/.local/lib/python3.12/site-packages/airflow/example_dags/example_short_circuit_operator.py
[2026-07-31T11:18:45.474+0000] {processor.py:840} INFO - DAG(s) 'example_short_circuit_operator' retrieved from /home/airflow/.local/lib/python3.12/site-packages/airflow/example_dags/example_short_circuit_operator.py
[2026-07-31T11:18:45.539+0000] {logging_mixin.py:188} INFO - [2026-07-31T11:18:45.538+0000] {dag.py:3089} INFO - Sync 1 DAGs
[2026-07-31T11:18:45.638+0000] {logging_mixin.py:188} INFO - [2026-07-31T11:18:45.638+0000] {dag.py:3947} INFO - Setting next_dagrun for example_short_circuit_operator to 2026-07-30 00:00:00+00:00, run_after=2026-07-31 00:00:00+00:00
[2026-07-31T11:18:45.757+0000] {processor.py:183} INFO - Processing /home/airflow/.local/lib/python3.12/site-packages/airflow/example_dags/example_short_circuit_operator.py took 0.333 seconds
[2026-07-31T11:19:15.949+0000] {processor.py:161} INFO - Started process (PID=2499) to work on /home/airflow/.local/lib/python3.12/site-packages/airflow/example_dags/example_short_circuit_operator.py
[2026-07-31T11:19:15.954+0000] {processor.py:830} INFO - Processing file /home/airflow/.local/lib/python3.12/site-packages/airflow/example_dags/example_short_circuit_operator.py for tasks to queue
[2026-07-31T11:19:15.961+0000] {logging_mixin.py:188} INFO - [2026-07-31T11:19:15.960+0000] {dagbag.py:545} INFO - Filling up the DagBag from /home/airflow/.local/lib/python3.12/site-packages/airflow/example_dags/example_short_circuit_operator.py
[2026-07-31T11:19:15.988+0000] {processor.py:840} INFO - DAG(s) 'example_short_circuit_operator' retrieved from /home/airflow/.local/lib/python3.12/site-packages/airflow/example_dags/example_short_circuit_operator.py
[2026-07-31T11:19:16.067+0000] {logging_mixin.py:188} INFO - [2026-07-31T11:19:16.067+0000] {dag.py:3089} INFO - Sync 1 DAGs
[2026-07-31T11:19:16.125+0000] {logging_mixin.py:188} INFO - [2026-07-31T11:19:16.124+0000] {dag.py:3947} INFO - Setting next_dagrun for example_short_circuit_operator to 2026-07-30 00:00:00+00:00, run_after=2026-07-31 00:00:00+00:00
[2026-07-31T11:19:16.164+0000] {processor.py:183} INFO - Processing /home/airflow/.local/lib/python3.12/site-packages/airflow/example_dags/example_short_circuit_operator.py took 0.235 seconds
[2026-07-31T11:19:46.545+0000] {processor.py:161} INFO - Started process (PID=2556) to work on /home/airflow/.local/lib/python3.12/site-packages/airflow/example_dags/example_short_circuit_operator.py
[2026-07-31T11:19:46.550+0000] {processor.py:830} INFO - Processing file /home/airflow/.local/lib/python3.12/site-packages/airflow/example_dags/example_short_circuit_operator.py for tasks to queue
[2026-07-31T11:19:46.558+0000] {logging_mixin.py:188} INFO - [2026-07-31T11:19:46.556+0000] {dagbag.py:545} INFO - Filling up the DagBag from /home/airflow/.local/lib/python3.12/site-packages/airflow/example_dags/example_short_circuit_operator.py
[2026-07-31T11:19:46.605+0000] {processor.py:840} INFO - DAG(s) 'example_short_circuit_operator' retrieved from /home/airflow/.local/lib/python3.12/site-packages/airflow/example_dags/example_short_circuit_operator.py
[2026-07-31T11:19:46.763+0000] {logging_mixin.py:188} INFO - [2026-07-31T11:19:46.762+0000] {dag.py:3089} INFO - Sync 1 DAGs
[2026-07-31T11:19:46.928+0000] {logging_mixin.py:188} INFO - [2026-07-31T11:19:46.927+0000] {dag.py:3947} INFO - Setting next_dagrun for example_short_circuit_operator to 2026-07-30 00:00:00+00:00, run_after=2026-07-31 00:00:00+00:00
[2026-07-31T11:19:47.056+0000] {processor.py:183} INFO - Processing /home/airflow/.local/lib/python3.12/site-packages/airflow/example_dags/example_short_circuit_operator.py took 0.533 seconds
[2026-07-31T11:20:21.437+0000] {processor.py:161} INFO - Started process (PID=2599) to work on /home/airflow/.local/lib/python3.12/site-packages/airflow/example_dags/example_short_circuit_operator.py
[2026-07-31T11:20:21.441+0000] {processor.py:830} INFO - Processing file /home/airflow/.local/lib/python3.12/site-packages/airflow/example_dags/example_short_circuit_operator.py for tasks to queue
[2026-07-31T11:20:21.451+0000] {logging_mixin.py:188} INFO - [2026-07-31T11:20:21.449+0000] {dagbag.py:545} INFO - Filling up the DagBag from /home/airflow/.local/lib/python3.12/site-packages/airflow/example_dags/example_short_circuit_operator.py
[2026-07-31T11:20:21.515+0000] {processor.py:840} INFO - DAG(s) 'example_short_circuit_operator' retrieved from /home/airflow/.local/lib/python3.12/site-packages/airflow/example_dags/example_short_circuit_operator.py
[2026-07-31T11:20:21.756+0000] {logging_mixin.py:188} INFO - [2026-07-31T11:20:21.755+0000] {dag.py:3089} INFO - Sync 1 DAGs
[2026-07-31T11:20:22.605+0000] {logging_mixin.py:188} INFO - [2026-07-31T11:20:22.604+0000] {dag.py:3947} INFO - Setting next_dagrun for example_short_circuit_operator to 2026-07-30 00:00:00+00:00, run_after=2026-07-31 00:00:00+00:00
[2026-07-31T11:20:23.018+0000] {processor.py:183} INFO - Processing /home/airflow/.local/lib/python3.12/site-packages/airflow/example_dags/example_short_circuit_operator.py took 1.619 seconds
[2026-07-31T11:20:53.763+0000] {processor.py:161} INFO - Started process (PID=2659) to work on /home/airflow/.local/lib/python3.12/site-packages/airflow/example_dags/example_short_circuit_operator.py
[2026-07-31T11:20:53.768+0000] {processor.py:830} INFO - Processing file /home/airflow/.local/lib/python3.12/site-packages/airflow/example_dags/example_short_circuit_operator.py for tasks to queue
[2026-07-31T11:20:53.775+0000] {logging_mixin.py:188} INFO - [2026-07-31T11:20:53.774+0000] {dagbag.py:545} INFO - Filling up the DagBag from /home/airflow/.local/lib/python3.12/site-packages/airflow/example_dags/example_short_circuit_operator.py
[2026-07-31T11:20:53.799+0000] {processor.py:840} INFO - DAG(s) 'example_short_circuit_operator' retrieved from /home/airflow/.local/lib/python3.12/site-packages/airflow/example_dags/example_short_circuit_operator.py
[2026-07-31T11:20:53.888+0000] {logging_mixin.py:188} INFO - [2026-07-31T11:20:53.887+0000] {dag.py:3089} INFO - Sync 1 DAGs
[2026-07-31T11:20:53.965+0000] {logging_mixin.py:188} INFO - [2026-07-31T11:20:53.965+0000] {dag.py:3947} INFO - Setting next_dagrun for example_short_circuit_operator to 2026-07-30 00:00:00+00:00, run_after=2026-07-31 00:00:00+00:00
[2026-07-31T11:20:54.034+0000] {processor.py:183} INFO - Processing /home/airflow/.local/lib/python3.12/site-packages/airflow/example_dags/example_short_circuit_operator.py took 0.307 seconds
[2026-07-31T11:21:24.376+0000] {processor.py:161} INFO - Started process (PID=2717) to work on /home/airflow/.local/lib/python3.12/site-packages/airflow/example_dags/example_short_circuit_operator.py
[2026-07-31T11:21:24.380+0000] {processor.py:830} INFO - Processing file /home/airflow/.local/lib/python3.12/site-packages/airflow/example_dags/example_short_circuit_operator.py for tasks to queue
[2026-07-31T11:21:24.385+0000] {logging_mixin.py:188} INFO - [2026-07-31T11:21:24.384+0000] {dagbag.py:545} INFO - Filling up the DagBag from /home/airflow/.local/lib/python3.12/site-packages/airflow/example_dags/example_short_circuit_operator.py
[2026-07-31T11:21:24.407+0000] {processor.py:840} INFO - DAG(s) 'example_short_circuit_operator' retrieved from /home/airflow/.local/lib/python3.12/site-packages/airflow/example_dags/example_short_circuit_operator.py
[2026-07-31T11:21:24.478+0000] {logging_mixin.py:188} INFO - [2026-07-31T11:21:24.478+0000] {dag.py:3089} INFO - Sync 1 DAGs
[2026-07-31T11:21:24.528+0000] {logging_mixin.py:188} INFO - [2026-07-31T11:21:24.528+0000] {dag.py:3947} INFO - Setting next_dagrun for example_short_circuit_operator to 2026-07-30 00:00:00+00:00, run_after=2026-07-31 00:00:00+00:00
[2026-07-31T11:21:24.578+0000] {processor.py:183} INFO - Processing /home/airflow/.local/lib/python3.12/site-packages/airflow/example_dags/example_short_circuit_operator.py took 0.223 seconds
[2026-07-31T11:21:54.715+0000] {processor.py:161} INFO - Started process (PID=2776) to work on /home/airflow/.local/lib/python3.12/site-packages/airflow/example_dags/example_short_circuit_operator.py
[2026-07-31T11:21:54.718+0000] {processor.py:830} INFO - Processing file /home/airflow/.local/lib/python3.12/site-packages/airflow/example_dags/example_short_circuit_operator.py for tasks to queue
[2026-07-31T11:21:54.725+0000] {logging_mixin.py:188} INFO - [2026-07-31T11:21:54.724+0000] {dagbag.py:545} INFO - Filling up the DagBag from /home/airflow/.local/lib/python3.12/site-packages/airflow/example_dags/example_short_circuit_operator.py
[2026-07-31T11:21:54.752+0000] {processor.py:840} INFO - DAG(s) 'example_short_circuit_operator' retrieved from /home/airflow/.local/lib/python3.12/site-packages/airflow/example_dags/example_short_circuit_operator.py
[2026-07-31T11:21:54.809+0000] {logging_mixin.py:188} INFO - [2026-07-31T11:21:54.809+0000] {dag.py:3089} INFO - Sync 1 DAGs
[2026-07-31T11:21:54.874+0000] {logging_mixin.py:188} INFO - [2026-07-31T11:21:54.873+0000] {dag.py:3947} INFO - Setting next_dagrun for example_short_circuit_operator to 2026-07-30 00:00:00+00:00, run_after=2026-07-31 00:00:00+00:00
[2026-07-31T11:21:54.935+0000] {processor.py:183} INFO - Processing /home/airflow/.local/lib/python3.12/site-packages/airflow/example_dags/example_short_circuit_operator.py took 0.239 seconds
[2026-07-31T11:22:25.357+0000] {processor.py:161} INFO - Started process (PID=2833) to work on /home/airflow/.local/lib/python3.12/site-packages/airflow/example_dags/example_short_circuit_operator.py
[2026-07-31T11:22:25.359+0000] {processor.py:830} INFO - Processing file /home/airflow/.local/lib/python3.12/site-packages/airflow/example_dags/example_short_circuit_operator.py for tasks to queue
[2026-07-31T11:22:25.364+0000] {logging_mixin.py:188} INFO - [2026-07-31T11:22:25.363+0000] {dagbag.py:545} INFO - Filling up the DagBag from /home/airflow/.local/lib/python3.12/site-packages/airflow/example_dags/example_short_circuit_operator.py
[2026-07-31T11:22:25.389+0000] {processor.py:840} INFO - DAG(s) 'example_short_circuit_operator' retrieved from /home/airflow/.local/lib/python3.12/site-packages/airflow/example_dags/example_short_circuit_operator.py
[2026-07-31T11:22:25.476+0000] {logging_mixin.py:188} INFO - [2026-07-31T11:22:25.475+0000] {dag.py:3089} INFO - Sync 1 DAGs
[2026-07-31T11:22:25.570+0000] {logging_mixin.py:188} INFO - [2026-07-31T11:22:25.569+0000] {dag.py:3947} INFO - Setting next_dagrun for example_short_circuit_operator to 2026-07-30 00:00:00+00:00, run_after=2026-07-31 00:00:00+00:00
[2026-07-31T11:22:25.634+0000] {processor.py:183} INFO - Processing /home/airflow/.local/lib/python3.12/site-packages/airflow/example_dags/example_short_circuit_operator.py took 0.290 seconds
[2026-07-31T11:23:08.294+0000] {processor.py:161} INFO - Started process (PID=2886) to work on /home/airflow/.local/lib/python3.12/site-packages/airflow/example_dags/example_short_circuit_operator.py
[2026-07-31T11:23:08.324+0000] {processor.py:830} INFO - Processing file /home/airflow/.local/lib/python3.12/site-packages/airflow/example_dags/example_short_circuit_operator.py for tasks to queue
[2026-07-31T11:23:08.346+0000] {logging_mixin.py:188} INFO - [2026-07-31T11:23:08.345+0000] {dagbag.py:545} INFO - Filling up the DagBag from /home/airflow/.local/lib/python3.12/site-packages/airflow/example_dags/example_short_circuit_operator.py
[2026-07-31T11:23:08.492+0000] {processor.py:840} INFO - DAG(s) 'example_short_circuit_operator' retrieved from /home/airflow/.local/lib/python3.12/site-packages/airflow/example_dags/example_short_circuit_operator.py
[2026-07-31T11:23:09.177+0000] {logging_mixin.py:188} INFO - [2026-07-31T11:23:09.176+0000] {dag.py:3089} INFO - Sync 1 DAGs
[2026-07-31T11:23:09.566+0000] {logging_mixin.py:188} INFO - [2026-07-31T11:23:09.565+0000] {dag.py:3947} INFO - Setting next_dagrun for example_short_circuit_operator to 2026-07-30 00:00:00+00:00, run_after=2026-07-31 00:00:00+00:00
[2026-07-31T11:23:09.842+0000] {processor.py:183} INFO - Processing /home/airflow/.local/lib/python3.12/site-packages/airflow/example_dags/example_short_circuit_operator.py took 1.680 seconds
[2026-07-31T11:25:09.786+0000] {processor.py:161} INFO - Started process (PID=2963) to work on /home/airflow/.local/lib/python3.12/site-packages/airflow/example_dags/example_short_circuit_operator.py
[2026-07-31T11:25:09.800+0000] {processor.py:830} INFO - Processing file /home/airflow/.local/lib/python3.12/site-packages/airflow/example_dags/example_short_circuit_operator.py for tasks to queue
[2026-07-31T11:25:09.829+0000] {logging_mixin.py:188} INFO - [2026-07-31T11:25:09.822+0000] {dagbag.py:545} INFO - Filling up the DagBag from /home/airflow/.local/lib/python3.12/site-packages/airflow/example_dags/example_short_circuit_operator.py
[2026-07-31T11:25:09.912+0000] {processor.py:840} INFO - DAG(s) 'example_short_circuit_operator' retrieved from /home/airflow/.local/lib/python3.12/site-packages/airflow/example_dags/example_short_circuit_operator.py
[2026-07-31T11:25:10.126+0000] {logging_mixin.py:188} INFO - [2026-07-31T11:25:10.125+0000] {dag.py:3089} INFO - Sync 1 DAGs
[2026-07-31T11:25:10.309+0000] {logging_mixin.py:188} INFO - [2026-07-31T11:25:10.309+0000] {dag.py:3947} INFO - Setting next_dagrun for example_short_circuit_operator to 2026-07-30 00:00:00+00:00, run_after=2026-07-31 00:00:00+00:00
[2026-07-31T11:25:10.453+0000] {processor.py:183} INFO - Processing /home/airflow/.local/lib/python3.12/site-packages/airflow/example_dags/example_short_circuit_operator.py took 0.711 seconds
[2026-07-31T11:25:54.368+0000] {processor.py:161} INFO - Started process (PID=3013) to work on /home/airflow/.local/lib/python3.12/site-packages/airflow/example_dags/example_short_circuit_operator.py
[2026-07-31T11:25:54.379+0000] {processor.py:830} INFO - Processing file /home/airflow/.local/lib/python3.12/site-packages/airflow/example_dags/example_short_circuit_operator.py for tasks to queue
[2026-07-31T11:25:54.392+0000] {logging_mixin.py:188} INFO - [2026-07-31T11:25:54.391+0000] {dagbag.py:545} INFO - Filling up the DagBag from /home/airflow/.local/lib/python3.12/site-packages/airflow/example_dags/example_short_circuit_operator.py
[2026-07-31T11:25:54.500+0000] {processor.py:840} INFO - DAG(s) 'example_short_circuit_operator' retrieved from /home/airflow/.local/lib/python3.12/site-packages/airflow/example_dags/example_short_circuit_operator.py
[2026-07-31T11:25:54.925+0000] {logging_mixin.py:188} INFO - [2026-07-31T11:25:54.914+0000] {dag.py:3089} INFO - Sync 1 DAGs
[2026-07-31T11:25:55.398+0000] {logging_mixin.py:188} INFO - [2026-07-31T11:25:55.397+0000] {dag.py:3947} INFO - Setting next_dagrun for example_short_circuit_operator to 2026-07-30 00:00:00+00:00, run_after=2026-07-31 00:00:00+00:00
[2026-07-31T11:25:55.655+0000] {processor.py:183} INFO - Processing /home/airflow/.local/lib/python3.12/site-packages/airflow/example_dags/example_short_circuit_operator.py took 1.377 seconds
[2026-07-31T11:26:53.092+0000] {processor.py:161} INFO - Started process (PID=3063) to work on /home/airflow/.local/lib/python3.12/site-packages/airflow/example_dags/example_short_circuit_operator.py
[2026-07-31T11:26:53.109+0000] {processor.py:830} INFO - Processing file /home/airflow/.local/lib/python3.12/site-packages/airflow/example_dags/example_short_circuit_operator.py for tasks to queue
[2026-07-31T11:26:53.121+0000] {logging_mixin.py:188} INFO - [2026-07-31T11:26:53.120+0000] {dagbag.py:545} INFO - Filling up the DagBag from /home/airflow/.local/lib/python3.12/site-packages/airflow/example_dags/example_short_circuit_operator.py
[2026-07-31T11:26:53.325+0000] {processor.py:840} INFO - DAG(s) 'example_short_circuit_operator' retrieved from /home/airflow/.local/lib/python3.12/site-packages/airflow/example_dags/example_short_circuit_operator.py
[2026-07-31T11:26:53.437+0000] {logging_mixin.py:188} INFO - [2026-07-31T11:26:53.436+0000] {dag.py:3089} INFO - Sync 1 DAGs
[2026-07-31T11:26:53.630+0000] {logging_mixin.py:188} INFO - [2026-07-31T11:26:53.628+0000] {dag.py:3947} INFO - Setting next_dagrun for example_short_circuit_operator to 2026-07-30 00:00:00+00:00, run_after=2026-07-31 00:00:00+00:00
[2026-07-31T11:26:53.868+0000] {processor.py:183} INFO - Processing /home/airflow/.local/lib/python3.12/site-packages/airflow/example_dags/example_short_circuit_operator.py took 0.835 seconds
[2026-07-31T11:27:24.390+0000] {processor.py:161} INFO - Started process (PID=3120) to work on /home/airflow/.local/lib/python3.12/site-packages/airflow/example_dags/example_short_circuit_operator.py
[2026-07-31T11:27:24.396+0000] {processor.py:830} INFO - Processing file /home/airflow/.local/lib/python3.12/site-packages/airflow/example_dags/example_short_circuit_operator.py for tasks to queue
[2026-07-31T11:27:24.405+0000] {logging_mixin.py:188} INFO - [2026-07-31T11:27:24.404+0000] {dagbag.py:545} INFO - Filling up the DagBag from /home/airflow/.local/lib/python3.12/site-packages/airflow/example_dags/example_short_circuit_operator.py
[2026-07-31T11:27:24.448+0000] {processor.py:840} INFO - DAG(s) 'example_short_circuit_operator' retrieved from /home/airflow/.local/lib/python3.12/site-packages/airflow/example_dags/example_short_circuit_operator.py
[2026-07-31T11:27:24.579+0000] {logging_mixin.py:188} INFO - [2026-07-31T11:27:24.578+0000] {dag.py:3089} INFO - Sync 1 DAGs
[2026-07-31T11:27:24.740+0000] {logging_mixin.py:188} INFO - [2026-07-31T11:27:24.739+0000] {dag.py:3947} INFO - Setting next_dagrun for example_short_circuit_operator to 2026-07-30 00:00:00+00:00, run_after=2026-07-31 00:00:00+00:00
[2026-07-31T11:27:24.819+0000] {processor.py:183} INFO - Processing /home/airflow/.local/lib/python3.12/site-packages/airflow/example_dags/example_short_circuit_operator.py took 0.471 seconds
[2026-07-31T11:27:54.973+0000] {processor.py:161} INFO - Started process (PID=3179) to work on /home/airflow/.local/lib/python3.12/site-packages/airflow/example_dags/example_short_circuit_operator.py
[2026-07-31T11:27:54.977+0000] {processor.py:830} INFO - Processing file /home/airflow/.local/lib/python3.12/site-packages/airflow/example_dags/example_short_circuit_operator.py for tasks to queue
[2026-07-31T11:27:54.981+0000] {logging_mixin.py:188} INFO - [2026-07-31T11:27:54.981+0000] {dagbag.py:545} INFO - Filling up the DagBag from /home/airflow/.local/lib/python3.12/site-packages/airflow/example_dags/example_short_circuit_operator.py
[2026-07-31T11:27:55.001+0000] {processor.py:840} INFO - DAG(s) 'example_short_circuit_operator' retrieved from /home/airflow/.local/lib/python3.12/site-packages/airflow/example_dags/example_short_circuit_operator.py
[2026-07-31T11:27:55.070+0000] {logging_mixin.py:188} INFO - [2026-07-31T11:27:55.069+0000] {dag.py:3089} INFO - Sync 1 DAGs
[2026-07-31T11:27:55.123+0000] {logging_mixin.py:188} INFO - [2026-07-31T11:27:55.122+0000] {dag.py:3947} INFO - Setting next_dagrun for example_short_circuit_operator to 2026-07-30 00:00:00+00:00, run_after=2026-07-31 00:00:00+00:00
[2026-07-31T11:27:55.169+0000] {processor.py:183} INFO - Processing /home/airflow/.local/lib/python3.12/site-packages/airflow/example_dags/example_short_circuit_operator.py took 0.211 seconds
[2026-07-31T11:28:25.662+0000] {processor.py:161} INFO - Started process (PID=3237) to work on /home/airflow/.local/lib/python3.12/site-packages/airflow/example_dags/example_short_circuit_operator.py
[2026-07-31T11:28:25.664+0000] {processor.py:830} INFO - Processing file /home/airflow/.local/lib/python3.12/site-packages/airflow/example_dags/example_short_circuit_operator.py for tasks to queue
[2026-07-31T11:28:25.669+0000] {logging_mixin.py:188} INFO - [2026-07-31T11:28:25.668+0000] {dagbag.py:545} INFO - Filling up the DagBag from /home/airflow/.local/lib/python3.12/site-packages/airflow/example_dags/example_short_circuit_operator.py
[2026-07-31T11:28:25.686+0000] {processor.py:840} INFO - DAG(s) 'example_short_circuit_operator' retrieved from /home/airflow/.local/lib/python3.12/site-packages/airflow/example_dags/example_short_circuit_operator.py
[2026-07-31T11:28:25.738+0000] {logging_mixin.py:188} INFO - [2026-07-31T11:28:25.736+0000] {dag.py:3089} INFO - Sync 1 DAGs
[2026-07-31T11:28:25.794+0000] {logging_mixin.py:188} INFO - [2026-07-31T11:28:25.793+0000] {dag.py:3947} INFO - Setting next_dagrun for example_short_circuit_operator to 2026-07-30 00:00:00+00:00, run_after=2026-07-31 00:00:00+00:00
[2026-07-31T11:28:25.844+0000] {processor.py:183} INFO - Processing /home/airflow/.local/lib/python3.12/site-packages/airflow/example_dags/example_short_circuit_operator.py took 0.193 seconds
[2026-07-31T11:28:56.107+0000] {processor.py:161} INFO - Started process (PID=3295) to work on /home/airflow/.local/lib/python3.12/site-packages/airflow/example_dags/example_short_circuit_operator.py
[2026-07-31T11:28:56.111+0000] {processor.py:830} INFO - Processing file /home/airflow/.local/lib/python3.12/site-packages/airflow/example_dags/example_short_circuit_operator.py for tasks to queue
[2026-07-31T11:28:56.120+0000] {logging_mixin.py:188} INFO - [2026-07-31T11:28:56.119+0000] {dagbag.py:545} INFO - Filling up the DagBag from /home/airflow/.local/lib/python3.12/site-packages/airflow/example_dags/example_short_circuit_operator.py
[2026-07-31T11:28:56.160+0000] {processor.py:840} INFO - DAG(s) 'example_short_circuit_operator' retrieved from /home/airflow/.local/lib/python3.12/site-packages/airflow/example_dags/example_short_circuit_operator.py
[2026-07-31T11:28:56.236+0000] {logging_mixin.py:188} INFO - [2026-07-31T11:28:56.236+0000] {dag.py:3089} INFO - Sync 1 DAGs
[2026-07-31T11:28:56.319+0000] {logging_mixin.py:188} INFO - [2026-07-31T11:28:56.319+0000] {dag.py:3947} INFO - Setting next_dagrun for example_short_circuit_operator to 2026-07-30 00:00:00+00:00, run_after=2026-07-31 00:00:00+00:00
[2026-07-31T11:28:56.382+0000] {processor.py:183} INFO - Processing /home/airflow/.local/lib/python3.12/site-packages/airflow/example_dags/example_short_circuit_operator.py took 0.296 seconds
[2026-07-31T11:29:40.903+0000] {processor.py:161} INFO - Started process (PID=3358) to work on /home/airflow/.local/lib/python3.12/site-packages/airflow/example_dags/example_short_circuit_operator.py
[2026-07-31T11:29:40.915+0000] {processor.py:830} INFO - Processing file /home/airflow/.local/lib/python3.12/site-packages/airflow/example_dags/example_short_circuit_operator.py for tasks to queue
[2026-07-31T11:29:40.941+0000] {logging_mixin.py:188} INFO - [2026-07-31T11:29:40.940+0000] {dagbag.py:545} INFO - Filling up the DagBag from /home/airflow/.local/lib/python3.12/site-packages/airflow/example_dags/example_short_circuit_operator.py
[2026-07-31T11:29:41.024+0000] {processor.py:840} INFO - DAG(s) 'example_short_circuit_operator' retrieved from /home/airflow/.local/lib/python3.12/site-packages/airflow/example_dags/example_short_circuit_operator.py
[2026-07-31T11:29:41.243+0000] {logging_mixin.py:188} INFO - [2026-07-31T11:29:41.242+0000] {dag.py:3089} INFO - Sync 1 DAGs
[2026-07-31T11:29:41.446+0000] {logging_mixin.py:188} INFO - [2026-07-31T11:29:41.445+0000] {dag.py:3947} INFO - Setting next_dagrun for example_short_circuit_operator to 2026-07-30 00:00:00+00:00, run_after=2026-07-31 00:00:00+00:00
[2026-07-31T11:29:41.654+0000] {processor.py:183} INFO - Processing /home/airflow/.local/lib/python3.12/site-packages/airflow/example_dags/example_short_circuit_operator.py took 0.828 seconds
[2026-07-31T11:30:29.019+0000] {processor.py:161} INFO - Started process (PID=3413) to work on /home/airflow/.local/lib/python3.12/site-packages/airflow/example_dags/example_short_circuit_operator.py
[2026-07-31T11:30:29.027+0000] {processor.py:830} INFO - Processing file /home/airflow/.local/lib/python3.12/site-packages/airflow/example_dags/example_short_circuit_operator.py for tasks to queue
[2026-07-31T11:30:29.037+0000] {logging_mixin.py:188} INFO - [2026-07-31T11:30:29.036+0000] {dagbag.py:545} INFO - Filling up the DagBag from /home/airflow/.local/lib/python3.12/site-packages/airflow/example_dags/example_short_circuit_operator.py
[2026-07-31T11:30:29.078+0000] {processor.py:840} INFO - DAG(s) 'example_short_circuit_operator' retrieved from /home/airflow/.local/lib/python3.12/site-packages/airflow/example_dags/example_short_circuit_operator.py
[2026-07-31T11:30:29.198+0000] {logging_mixin.py:188} INFO - [2026-07-31T11:30:29.197+0000] {dag.py:3089} INFO - Sync 1 DAGs
[2026-07-31T11:30:29.318+0000] {logging_mixin.py:188} INFO - [2026-07-31T11:30:29.317+0000] {dag.py:3947} INFO - Setting next_dagrun for example_short_circuit_operator to 2026-07-30 00:00:00+00:00, run_after=2026-07-31 00:00:00+00:00
[2026-07-31T11:30:29.399+0000] {processor.py:183} INFO - Processing /home/airflow/.local/lib/python3.12/site-packages/airflow/example_dags/example_short_circuit_operator.py took 0.409 seconds
[2026-07-31T11:30:59.687+0000] {processor.py:161} INFO - Started process (PID=3471) to work on /home/airflow/.local/lib/python3.12/site-packages/airflow/example_dags/example_short_circuit_operator.py
[2026-07-31T11:30:59.690+0000] {processor.py:830} INFO - Processing file /home/airflow/.local/lib/python3.12/site-packages/airflow/example_dags/example_short_circuit_operator.py for tasks to queue
[2026-07-31T11:30:59.695+0000] {logging_mixin.py:188} INFO - [2026-07-31T11:30:59.694+0000] {dagbag.py:545} INFO - Filling up the DagBag from /home/airflow/.local/lib/python3.12/site-packages/airflow/example_dags/example_short_circuit_operator.py
[2026-07-31T11:30:59.718+0000] {processor.py:840} INFO - DAG(s) 'example_short_circuit_operator' retrieved from /home/airflow/.local/lib/python3.12/site-packages/airflow/example_dags/example_short_circuit_operator.py
[2026-07-31T11:30:59.791+0000] {logging_mixin.py:188} INFO - [2026-07-31T11:30:59.790+0000] {dag.py:3089} INFO - Sync 1 DAGs
[2026-07-31T11:30:59.852+0000] {logging_mixin.py:188} INFO - [2026-07-31T11:30:59.852+0000] {dag.py:3947} INFO - Setting next_dagrun for example_short_circuit_operator to 2026-07-30 00:00:00+00:00, run_after=2026-07-31 00:00:00+00:00
[2026-07-31T11:30:59.926+0000] {processor.py:183} INFO - Processing /home/airflow/.local/lib/python3.12/site-packages/airflow/example_dags/example_short_circuit_operator.py took 0.263 seconds
[2026-07-31T11:31:30.333+0000] {processor.py:161} INFO - Started process (PID=3529) to work on /home/airflow/.local/lib/python3.12/site-packages/airflow/example_dags/example_short_circuit_operator.py
[2026-07-31T11:31:30.335+0000] {processor.py:830} INFO - Processing file /home/airflow/.local/lib/python3.12/site-packages/airflow/example_dags/example_short_circuit_operator.py for tasks to queue
[2026-07-31T11:31:30.339+0000] {logging_mixin.py:188} INFO - [2026-07-31T11:31:30.338+0000] {dagbag.py:545} INFO - Filling up the DagBag from /home/airflow/.local/lib/python3.12/site-packages/airflow/example_dags/example_short_circuit_operator.py
[2026-07-31T11:31:30.359+0000] {processor.py:840} INFO - DAG(s) 'example_short_circuit_operator' retrieved from /home/airflow/.local/lib/python3.12/site-packages/airflow/example_dags/example_short_circuit_operator.py
[2026-07-31T11:31:30.418+0000] {logging_mixin.py:188} INFO - [2026-07-31T11:31:30.417+0000] {dag.py:3089} INFO - Sync 1 DAGs
[2026-07-31T11:31:30.469+0000] {logging_mixin.py:188} INFO - [2026-07-31T11:31:30.468+0000] {dag.py:3947} INFO - Setting next_dagrun for example_short_circuit_operator to 2026-07-30 00:00:00+00:00, run_after=2026-07-31 00:00:00+00:00
[2026-07-31T11:31:30.514+0000] {processor.py:183} INFO - Processing /home/airflow/.local/lib/python3.12/site-packages/airflow/example_dags/example_short_circuit_operator.py took 0.194 seconds
[2026-07-31T11:32:00.810+0000] {processor.py:161} INFO - Started process (PID=3587) to work on /home/airflow/.local/lib/python3.12/site-packages/airflow/example_dags/example_short_circuit_operator.py
[2026-07-31T11:32:00.813+0000] {processor.py:830} INFO - Processing file /home/airflow/.local/lib/python3.12/site-packages/airflow/example_dags/example_short_circuit_operator.py for tasks to queue
[2026-07-31T11:32:00.824+0000] {logging_mixin.py:188} INFO - [2026-07-31T11:32:00.823+0000] {dagbag.py:545} INFO - Filling up the DagBag from /home/airflow/.local/lib/python3.12/site-packages/airflow/example_dags/example_short_circuit_operator.py
[2026-07-31T11:32:00.850+0000] {processor.py:840} INFO - DAG(s) 'example_short_circuit_operator' retrieved from /home/airflow/.local/lib/python3.12/site-packages/airflow/example_dags/example_short_circuit_operator.py
[2026-07-31T11:32:00.947+0000] {logging_mixin.py:188} INFO - [2026-07-31T11:32:00.946+0000] {dag.py:3089} INFO - Sync 1 DAGs
[2026-07-31T11:32:01.032+0000] {logging_mixin.py:188} INFO - [2026-07-31T11:32:01.030+0000] {dag.py:3947} INFO - Setting next_dagrun for example_short_circuit_operator to 2026-07-30 00:00:00+00:00, run_after=2026-07-31 00:00:00+00:00
[2026-07-31T11:32:01.085+0000] {processor.py:183} INFO - Processing /home/airflow/.local/lib/python3.12/site-packages/airflow/example_dags/example_short_circuit_operator.py took 0.298 seconds
[2026-07-31T11:32:32.820+0000] {processor.py:161} INFO - Started process (PID=3643) to work on /home/airflow/.local/lib/python3.12/site-packages/airflow/example_dags/example_short_circuit_operator.py
[2026-07-31T11:32:32.823+0000] {processor.py:830} INFO - Processing file /home/airflow/.local/lib/python3.12/site-packages/airflow/example_dags/example_short_circuit_operator.py for tasks to queue
[2026-07-31T11:32:32.829+0000] {logging_mixin.py:188} INFO - [2026-07-31T11:32:32.828+0000] {dagbag.py:545} INFO - Filling up the DagBag from /home/airflow/.local/lib/python3.12/site-packages/airflow/example_dags/example_short_circuit_operator.py
[2026-07-31T11:32:32.874+0000] {processor.py:840} INFO - DAG(s) 'example_short_circuit_operator' retrieved from /home/airflow/.local/lib/python3.12/site-packages/airflow/example_dags/example_short_circuit_operator.py
[2026-07-31T11:32:33.024+0000] {logging_mixin.py:188} INFO - [2026-07-31T11:32:33.023+0000] {dag.py:3089} INFO - Sync 1 DAGs
[2026-07-31T11:32:33.124+0000] {logging_mixin.py:188} INFO - [2026-07-31T11:32:33.123+0000] {dag.py:3947} INFO - Setting next_dagrun for example_short_circuit_operator to 2026-07-30 00:00:00+00:00, run_after=2026-07-31 00:00:00+00:00
[2026-07-31T11:32:33.206+0000] {processor.py:183} INFO - Processing /home/airflow/.local/lib/python3.12/site-packages/airflow/example_dags/example_short_circuit_operator.py took 0.406 seconds
[2026-07-31T11:33:16.684+0000] {processor.py:161} INFO - Started process (PID=3702) to work on /home/airflow/.local/lib/python3.12/site-packages/airflow/example_dags/example_short_circuit_operator.py
[2026-07-31T11:33:16.690+0000] {processor.py:830} INFO - Processing file /home/airflow/.local/lib/python3.12/site-packages/airflow/example_dags/example_short_circuit_operator.py for tasks to queue
[2026-07-31T11:33:16.734+0000] {logging_mixin.py:188} INFO - [2026-07-31T11:33:16.733+0000] {dagbag.py:545} INFO - Filling up the DagBag from /home/airflow/.local/lib/python3.12/site-packages/airflow/example_dags/example_short_circuit_operator.py
[2026-07-31T11:33:16.792+0000] {processor.py:840} INFO - DAG(s) 'example_short_circuit_operator' retrieved from /home/airflow/.local/lib/python3.12/site-packages/airflow/example_dags/example_short_circuit_operator.py
[2026-07-31T11:33:17.024+0000] {logging_mixin.py:188} INFO - [2026-07-31T11:33:17.023+0000] {dag.py:3089} INFO - Sync 1 DAGs
[2026-07-31T11:33:17.268+0000] {logging_mixin.py:188} INFO - [2026-07-31T11:33:17.267+0000] {dag.py:3947} INFO - Setting next_dagrun for example_short_circuit_operator to 2026-07-30 00:00:00+00:00, run_after=2026-07-31 00:00:00+00:00
[2026-07-31T11:33:17.467+0000] {processor.py:183} INFO - Processing /home/airflow/.local/lib/python3.12/site-packages/airflow/example_dags/example_short_circuit_operator.py took 0.826 seconds
[2026-07-31T11:34:33.159+0000] {processor.py:161} INFO - Started process (PID=3752) to work on /home/airflow/.local/lib/python3.12/site-packages/airflow/example_dags/example_short_circuit_operator.py
[2026-07-31T11:34:33.164+0000] {processor.py:830} INFO - Processing file /home/airflow/.local/lib/python3.12/site-packages/airflow/example_dags/example_short_circuit_operator.py for tasks to queue
[2026-07-31T11:34:33.173+0000] {logging_mixin.py:188} INFO - [2026-07-31T11:34:33.173+0000] {dagbag.py:545} INFO - Filling up the DagBag from /home/airflow/.local/lib/python3.12/site-packages/airflow/example_dags/example_short_circuit_operator.py
[2026-07-31T11:34:33.215+0000] {processor.py:840} INFO - DAG(s) 'example_short_circuit_operator' retrieved from /home/airflow/.local/lib/python3.12/site-packages/airflow/example_dags/example_short_circuit_operator.py
[2026-07-31T11:34:33.296+0000] {logging_mixin.py:188} INFO - [2026-07-31T11:34:33.295+0000] {dag.py:3089} INFO - Sync 1 DAGs
[2026-07-31T11:34:33.415+0000] {logging_mixin.py:188} INFO - [2026-07-31T11:34:33.414+0000] {dag.py:3947} INFO - Setting next_dagrun for example_short_circuit_operator to 2026-07-30 00:00:00+00:00, run_after=2026-07-31 00:00:00+00:00
[2026-07-31T11:34:33.512+0000] {processor.py:183} INFO - Processing /home/airflow/.local/lib/python3.12/site-packages/airflow/example_dags/example_short_circuit_operator.py took 0.375 seconds
[2026-07-31T11:35:03.689+0000] {processor.py:161} INFO - Started process (PID=3810) to work on /home/airflow/.local/lib/python3.12/site-packages/airflow/example_dags/example_short_circuit_operator.py
[2026-07-31T11:35:03.691+0000] {processor.py:830} INFO - Processing file /home/airflow/.local/lib/python3.12/site-packages/airflow/example_dags/example_short_circuit_operator.py for tasks to queue
[2026-07-31T11:35:03.697+0000] {logging_mixin.py:188} INFO - [2026-07-31T11:35:03.696+0000] {dagbag.py:545} INFO - Filling up the DagBag from /home/airflow/.local/lib/python3.12/site-packages/airflow/example_dags/example_short_circuit_operator.py
[2026-07-31T11:35:03.716+0000] {processor.py:840} INFO - DAG(s) 'example_short_circuit_operator' retrieved from /home/airflow/.local/lib/python3.12/site-packages/airflow/example_dags/example_short_circuit_operator.py
[2026-07-31T11:35:03.782+0000] {logging_mixin.py:188} INFO - [2026-07-31T11:35:03.781+0000] {dag.py:3089} INFO - Sync 1 DAGs
[2026-07-31T11:35:03.831+0000] {logging_mixin.py:188} INFO - [2026-07-31T11:35:03.831+0000] {dag.py:3947} INFO - Setting next_dagrun for example_short_circuit_operator to 2026-07-30 00:00:00+00:00, run_after=2026-07-31 00:00:00+00:00
[2026-07-31T11:35:03.877+0000] {processor.py:183} INFO - Processing /home/airflow/.local/lib/python3.12/site-packages/airflow/example_dags/example_short_circuit_operator.py took 0.199 seconds
[2026-07-31T11:35:34.174+0000] {processor.py:161} INFO - Started process (PID=3867) to work on /home/airflow/.local/lib/python3.12/site-packages/airflow/example_dags/example_short_circuit_operator.py
[2026-07-31T11:35:34.178+0000] {processor.py:830} INFO - Processing file /home/airflow/.local/lib/python3.12/site-packages/airflow/example_dags/example_short_circuit_operator.py for tasks to queue
[2026-07-31T11:35:34.184+0000] {logging_mixin.py:188} INFO - [2026-07-31T11:35:34.183+0000] {dagbag.py:545} INFO - Filling up the DagBag from /home/airflow/.local/lib/python3.12/site-packages/airflow/example_dags/example_short_circuit_operator.py
[2026-07-31T11:35:34.211+0000] {processor.py:840} INFO - DAG(s) 'example_short_circuit_operator' retrieved from /home/airflow/.local/lib/python3.12/site-packages/airflow/example_dags/example_short_circuit_operator.py
[2026-07-31T11:35:34.328+0000] {logging_mixin.py:188} INFO - [2026-07-31T11:35:34.327+0000] {dag.py:3089} INFO - Sync 1 DAGs
[2026-07-31T11:35:34.434+0000] {logging_mixin.py:188} INFO - [2026-07-31T11:35:34.433+0000] {dag.py:3947} INFO - Setting next_dagrun for example_short_circuit_operator to 2026-07-30 00:00:00+00:00, run_after=2026-07-31 00:00:00+00:00
[2026-07-31T11:35:34.517+0000] {processor.py:183} INFO - Processing /home/airflow/.local/lib/python3.12/site-packages/airflow/example_dags/example_short_circuit_operator.py took 0.358 seconds
[2026-07-31T11:36:04.672+0000] {processor.py:161} INFO - Started process (PID=3926) to work on /home/airflow/.local/lib/python3.12/site-packages/airflow/example_dags/example_short_circuit_operator.py
[2026-07-31T11:36:04.675+0000] {processor.py:830} INFO - Processing file /home/airflow/.local/lib/python3.12/site-packages/airflow/example_dags/example_short_circuit_operator.py for tasks to queue
[2026-07-31T11:36:04.679+0000] {logging_mixin.py:188} INFO - [2026-07-31T11:36:04.678+0000] {dagbag.py:545} INFO - Filling up the DagBag from /home/airflow/.local/lib/python3.12/site-packages/airflow/example_dags/example_short_circuit_operator.py
[2026-07-31T11:36:04.701+0000] {processor.py:840} INFO - DAG(s) 'example_short_circuit_operator' retrieved from /home/airflow/.local/lib/python3.12/site-packages/airflow/example_dags/example_short_circuit_operator.py
[2026-07-31T11:36:04.808+0000] {logging_mixin.py:188} INFO - [2026-07-31T11:36:04.808+0000] {dag.py:3089} INFO - Sync 1 DAGs
[2026-07-31T11:36:04.905+0000] {logging_mixin.py:188} INFO - [2026-07-31T11:36:04.904+0000] {dag.py:3947} INFO - Setting next_dagrun for example_short_circuit_operator to 2026-07-30 00:00:00+00:00, run_after=2026-07-31 00:00:00+00:00
[2026-07-31T11:36:04.986+0000] {processor.py:183} INFO - Processing /home/airflow/.local/lib/python3.12/site-packages/airflow/example_dags/example_short_circuit_operator.py took 0.332 seconds
[2026-07-31T11:36:35.118+0000] {processor.py:161} INFO - Started process (PID=3984) to work on /home/airflow/.local/lib/python3.12/site-packages/airflow/example_dags/example_short_circuit_operator.py
[2026-07-31T11:36:35.122+0000] {processor.py:830} INFO - Processing file /home/airflow/.local/lib/python3.12/site-packages/airflow/example_dags/example_short_circuit_operator.py for tasks to queue
[2026-07-31T11:36:35.126+0000] {logging_mixin.py:188} INFO - [2026-07-31T11:36:35.126+0000] {dagbag.py:545} INFO - Filling up the DagBag from /home/airflow/.local/lib/python3.12/site-packages/airflow/example_dags/example_short_circuit_operator.py
[2026-07-31T11:36:35.148+0000] {processor.py:840} INFO - DAG(s) 'example_short_circuit_operator' retrieved from /home/airflow/.local/lib/python3.12/site-packages/airflow/example_dags/example_short_circuit_operator.py
[2026-07-31T11:36:35.212+0000] {logging_mixin.py:188} INFO - [2026-07-31T11:36:35.211+0000] {dag.py:3089} INFO - Sync 1 DAGs
[2026-07-31T11:36:35.259+0000] {logging_mixin.py:188} INFO - [2026-07-31T11:36:35.259+0000] {dag.py:3947} INFO - Setting next_dagrun for example_short_circuit_operator to 2026-07-30 00:00:00+00:00, run_after=2026-07-31 00:00:00+00:00
[2026-07-31T11:36:35.292+0000] {processor.py:183} INFO - Processing /home/airflow/.local/lib/python3.12/site-packages/airflow/example_dags/example_short_circuit_operator.py took 0.186 seconds
[2026-07-31T11:37:05.498+0000] {processor.py:161} INFO - Started process (PID=4043) to work on /home/airflow/.local/lib/python3.12/site-packages/airflow/example_dags/example_short_circuit_operator.py
[2026-07-31T11:37:05.501+0000] {processor.py:830} INFO - Processing file /home/airflow/.local/lib/python3.12/site-packages/airflow/example_dags/example_short_circuit_operator.py for tasks to queue
[2026-07-31T11:37:05.509+0000] {logging_mixin.py:188} INFO - [2026-07-31T11:37:05.508+0000] {dagbag.py:545} INFO - Filling up the DagBag from /home/airflow/.local/lib/python3.12/site-packages/airflow/example_dags/example_short_circuit_operator.py
[2026-07-31T11:37:05.543+0000] {processor.py:840} INFO - DAG(s) 'example_short_circuit_operator' retrieved from /home/airflow/.local/lib/python3.12/site-packages/airflow/example_dags/example_short_circuit_operator.py
[2026-07-31T11:37:05.602+0000] {logging_mixin.py:188} INFO - [2026-07-31T11:37:05.601+0000] {dag.py:3089} INFO - Sync 1 DAGs
[2026-07-31T11:37:05.669+0000] {logging_mixin.py:188} INFO - [2026-07-31T11:37:05.668+0000] {dag.py:3947} INFO - Setting next_dagrun for example_short_circuit_operator to 2026-07-30 00:00:00+00:00, run_after=2026-07-31 00:00:00+00:00
[2026-07-31T11:37:05.722+0000] {processor.py:183} INFO - Processing /home/airflow/.local/lib/python3.12/site-packages/airflow/example_dags/example_short_circuit_operator.py took 0.240 seconds
[2026-07-31T11:37:36.016+0000] {processor.py:161} INFO - Started process (PID=4101) to work on /home/airflow/.local/lib/python3.12/site-packages/airflow/example_dags/example_short_circuit_operator.py
[2026-07-31T11:37:36.020+0000] {processor.py:830} INFO - Processing file /home/airflow/.local/lib/python3.12/site-packages/airflow/example_dags/example_short_circuit_operator.py for tasks to queue
[2026-07-31T11:37:36.024+0000] {logging_mixin.py:188} INFO - [2026-07-31T11:37:36.024+0000] {dagbag.py:545} INFO - Filling up the DagBag from /home/airflow/.local/lib/python3.12/site-packages/airflow/example_dags/example_short_circuit_operator.py
[2026-07-31T11:37:36.044+0000] {processor.py:840} INFO - DAG(s) 'example_short_circuit_operator' retrieved from /home/airflow/.local/lib/python3.12/site-packages/airflow/example_dags/example_short_circuit_operator.py
[2026-07-31T11:37:36.116+0000] {logging_mixin.py:188} INFO - [2026-07-31T11:37:36.116+0000] {dag.py:3089} INFO - Sync 1 DAGs
[2026-07-31T11:37:36.210+0000] {logging_mixin.py:188} INFO - [2026-07-31T11:37:36.207+0000] {dag.py:3947} INFO - Setting next_dagrun for example_short_circuit_operator to 2026-07-30 00:00:00+00:00, run_after=2026-07-31 00:00:00+00:00
[2026-07-31T11:37:36.327+0000] {processor.py:183} INFO - Processing /home/airflow/.local/lib/python3.12/site-packages/airflow/example_dags/example_short_circuit_operator.py took 0.326 seconds
[2026-07-31T11:38:07.147+0000] {processor.py:161} INFO - Started process (PID=4159) to work on /home/airflow/.local/lib/python3.12/site-packages/airflow/example_dags/example_short_circuit_operator.py
[2026-07-31T11:38:07.149+0000] {processor.py:830} INFO - Processing file /home/airflow/.local/lib/python3.12/site-packages/airflow/example_dags/example_short_circuit_operator.py for tasks to queue
[2026-07-31T11:38:07.154+0000] {logging_mixin.py:188} INFO - [2026-07-31T11:38:07.153+0000] {dagbag.py:545} INFO - Filling up the DagBag from /home/airflow/.local/lib/python3.12/site-packages/airflow/example_dags/example_short_circuit_operator.py
[2026-07-31T11:38:07.168+0000] {processor.py:840} INFO - DAG(s) 'example_short_circuit_operator' retrieved from /home/airflow/.local/lib/python3.12/site-packages/airflow/example_dags/example_short_circuit_operator.py
[2026-07-31T11:38:07.209+0000] {logging_mixin.py:188} INFO - [2026-07-31T11:38:07.209+0000] {dag.py:3089} INFO - Sync 1 DAGs
[2026-07-31T11:38:07.250+0000] {logging_mixin.py:188} INFO - [2026-07-31T11:38:07.249+0000] {dag.py:3947} INFO - Setting next_dagrun for example_short_circuit_operator to 2026-07-30 00:00:00+00:00, run_after=2026-07-31 00:00:00+00:00
[2026-07-31T11:38:07.288+0000] {processor.py:183} INFO - Processing /home/airflow/.local/lib/python3.12/site-packages/airflow/example_dags/example_short_circuit_operator.py took 0.156 seconds
[2026-07-31T11:38:37.717+0000] {processor.py:161} INFO - Started process (PID=4217) to work on /home/airflow/.local/lib/python3.12/site-packages/airflow/example_dags/example_short_circuit_operator.py
[2026-07-31T11:38:37.725+0000] {processor.py:830} INFO - Processing file /home/airflow/.local/lib/python3.12/site-packages/airflow/example_dags/example_short_circuit_operator.py for tasks to queue
[2026-07-31T11:38:37.730+0000] {logging_mixin.py:188} INFO - [2026-07-31T11:38:37.729+0000] {dagbag.py:545} INFO - Filling up the DagBag from /home/airflow/.local/lib/python3.12/site-packages/airflow/example_dags/example_short_circuit_operator.py
[2026-07-31T11:38:37.748+0000] {processor.py:840} INFO - DAG(s) 'example_short_circuit_operator' retrieved from /home/airflow/.local/lib/python3.12/site-packages/airflow/example_dags/example_short_circuit_operator.py
[2026-07-31T11:38:37.805+0000] {logging_mixin.py:188} INFO - [2026-07-31T11:38:37.804+0000] {dag.py:3089} INFO - Sync 1 DAGs
[2026-07-31T11:38:37.866+0000] {logging_mixin.py:188} INFO - [2026-07-31T11:38:37.865+0000] {dag.py:3947} INFO - Setting next_dagrun for example_short_circuit_operator to 2026-07-30 00:00:00+00:00, run_after=2026-07-31 00:00:00+00:00
[2026-07-31T11:38:37.918+0000] {processor.py:183} INFO - Processing /home/airflow/.local/lib/python3.12/site-packages/airflow/example_dags/example_short_circuit_operator.py took 0.228 seconds
[2026-07-31T11:39:08.578+0000] {processor.py:161} INFO - Started process (PID=4275) to work on /home/airflow/.local/lib/python3.12/site-packages/airflow/example_dags/example_short_circuit_operator.py
[2026-07-31T11:39:08.593+0000] {processor.py:830} INFO - Processing file /home/airflow/.local/lib/python3.12/site-packages/airflow/example_dags/example_short_circuit_operator.py for tasks to queue
[2026-07-31T11:39:08.608+0000] {logging_mixin.py:188} INFO - [2026-07-31T11:39:08.606+0000] {dagbag.py:545} INFO - Filling up the DagBag from /home/airflow/.local/lib/python3.12/site-packages/airflow/example_dags/example_short_circuit_operator.py
[2026-07-31T11:39:08.670+0000] {processor.py:840} INFO - DAG(s) 'example_short_circuit_operator' retrieved from /home/airflow/.local/lib/python3.12/site-packages/airflow/example_dags/example_short_circuit_operator.py
[2026-07-31T11:39:08.811+0000] {logging_mixin.py:188} INFO - [2026-07-31T11:39:08.810+0000] {dag.py:3089} INFO - Sync 1 DAGs
[2026-07-31T11:39:09.010+0000] {logging_mixin.py:188} INFO - [2026-07-31T11:39:09.009+0000] {dag.py:3947} INFO - Setting next_dagrun for example_short_circuit_operator to 2026-07-30 00:00:00+00:00, run_after=2026-07-31 00:00:00+00:00
[2026-07-31T11:39:09.187+0000] {processor.py:183} INFO - Processing /home/airflow/.local/lib/python3.12/site-packages/airflow/example_dags/example_short_circuit_operator.py took 0.630 seconds
[2026-07-31T11:39:39.638+0000] {processor.py:161} INFO - Started process (PID=4333) to work on /home/airflow/.local/lib/python3.12/site-packages/airflow/example_dags/example_short_circuit_operator.py
[2026-07-31T11:39:39.640+0000] {processor.py:830} INFO - Processing file /home/airflow/.local/lib/python3.12/site-packages/airflow/example_dags/example_short_circuit_operator.py for tasks to queue
[2026-07-31T11:39:39.643+0000] {logging_mixin.py:188} INFO - [2026-07-31T11:39:39.643+0000] {dagbag.py:545} INFO - Filling up the DagBag from /home/airflow/.local/lib/python3.12/site-packages/airflow/example_dags/example_short_circuit_operator.py
[2026-07-31T11:39:39.654+0000] {processor.py:840} INFO - DAG(s) 'example_short_circuit_operator' retrieved from /home/airflow/.local/lib/python3.12/site-packages/airflow/example_dags/example_short_circuit_operator.py
[2026-07-31T11:39:39.707+0000] {logging_mixin.py:188} INFO - [2026-07-31T11:39:39.707+0000] {dag.py:3089} INFO - Sync 1 DAGs
[2026-07-31T11:39:39.743+0000] {logging_mixin.py:188} INFO - [2026-07-31T11:39:39.742+0000] {dag.py:3947} INFO - Setting next_dagrun for example_short_circuit_operator to 2026-07-30 00:00:00+00:00, run_after=2026-07-31 00:00:00+00:00
[2026-07-31T11:39:39.773+0000] {processor.py:183} INFO - Processing /home/airflow/.local/lib/python3.12/site-packages/airflow/example_dags/example_short_circuit_operator.py took 0.144 seconds
[2026-07-31T11:40:10.378+0000] {processor.py:161} INFO - Started process (PID=4391) to work on /home/airflow/.local/lib/python3.12/site-packages/airflow/example_dags/example_short_circuit_operator.py
[2026-07-31T11:40:10.380+0000] {processor.py:830} INFO - Processing file /home/airflow/.local/lib/python3.12/site-packages/airflow/example_dags/example_short_circuit_operator.py for tasks to queue
[2026-07-31T11:40:10.385+0000] {logging_mixin.py:188} INFO - [2026-07-31T11:40:10.384+0000] {dagbag.py:545} INFO - Filling up the DagBag from /home/airflow/.local/lib/python3.12/site-packages/airflow/example_dags/example_short_circuit_operator.py
[2026-07-31T11:40:10.398+0000] {processor.py:840} INFO - DAG(s) 'example_short_circuit_operator' retrieved from /home/airflow/.local/lib/python3.12/site-packages/airflow/example_dags/example_short_circuit_operator.py
[2026-07-31T11:40:10.439+0000] {logging_mixin.py:188} INFO - [2026-07-31T11:40:10.439+0000] {dag.py:3089} INFO - Sync 1 DAGs
[2026-07-31T11:40:10.472+0000] {logging_mixin.py:188} INFO - [2026-07-31T11:40:10.471+0000] {dag.py:3947} INFO - Setting next_dagrun for example_short_circuit_operator to 2026-07-30 00:00:00+00:00, run_after=2026-07-31 00:00:00+00:00
[2026-07-31T11:40:10.506+0000] {processor.py:183} INFO - Processing /home/airflow/.local/lib/python3.12/site-packages/airflow/example_dags/example_short_circuit_operator.py took 0.140 seconds
[2026-07-31T11:40:41.040+0000] {processor.py:161} INFO - Started process (PID=4449) to work on /home/airflow/.local/lib/python3.12/site-packages/airflow/example_dags/example_short_circuit_operator.py
[2026-07-31T11:40:41.041+0000] {processor.py:830} INFO - Processing file /home/airflow/.local/lib/python3.12/site-packages/airflow/example_dags/example_short_circuit_operator.py for tasks to queue
[2026-07-31T11:40:41.048+0000] {logging_mixin.py:188} INFO - [2026-07-31T11:40:41.047+0000] {dagbag.py:545} INFO - Filling up the DagBag from /home/airflow/.local/lib/python3.12/site-packages/airflow/example_dags/example_short_circuit_operator.py
[2026-07-31T11:40:41.069+0000] {processor.py:840} INFO - DAG(s) 'example_short_circuit_operator' retrieved from /home/airflow/.local/lib/python3.12/site-packages/airflow/example_dags/example_short_circuit_operator.py
[2026-07-31T11:40:41.136+0000] {logging_mixin.py:188} INFO - [2026-07-31T11:40:41.136+0000] {dag.py:3089} INFO - Sync 1 DAGs
[2026-07-31T11:40:41.202+0000] {logging_mixin.py:188} INFO - [2026-07-31T11:40:41.201+0000] {dag.py:3947} INFO - Setting next_dagrun for example_short_circuit_operator to 2026-07-30 00:00:00+00:00, run_after=2026-07-31 00:00:00+00:00
[2026-07-31T11:40:41.257+0000] {processor.py:183} INFO - Processing /home/airflow/.local/lib/python3.12/site-packages/airflow/example_dags/example_short_circuit_operator.py took 0.236 seconds
[2026-07-31T11:41:12.627+0000] {processor.py:161} INFO - Started process (PID=4507) to work on /home/airflow/.local/lib/python3.12/site-packages/airflow/example_dags/example_short_circuit_operator.py
[2026-07-31T11:41:12.633+0000] {processor.py:830} INFO - Processing file /home/airflow/.local/lib/python3.12/site-packages/airflow/example_dags/example_short_circuit_operator.py for tasks to queue
[2026-07-31T11:41:12.642+0000] {logging_mixin.py:188} INFO - [2026-07-31T11:41:12.640+0000] {dagbag.py:545} INFO - Filling up the DagBag from /home/airflow/.local/lib/python3.12/site-packages/airflow/example_dags/example_short_circuit_operator.py
[2026-07-31T11:41:12.681+0000] {processor.py:840} INFO - DAG(s) 'example_short_circuit_operator' retrieved from /home/airflow/.local/lib/python3.12/site-packages/airflow/example_dags/example_short_circuit_operator.py
[2026-07-31T11:41:12.773+0000] {logging_mixin.py:188} INFO - [2026-07-31T11:41:12.772+0000] {dag.py:3089} INFO - Sync 1 DAGs
[2026-07-31T11:41:12.899+0000] {logging_mixin.py:188} INFO - [2026-07-31T11:41:12.898+0000] {dag.py:3947} INFO - Setting next_dagrun for example_short_circuit_operator to 2026-07-30 00:00:00+00:00, run_after=2026-07-31 00:00:00+00:00
[2026-07-31T11:41:13.084+0000] {processor.py:183} INFO - Processing /home/airflow/.local/lib/python3.12/site-packages/airflow/example_dags/example_short_circuit_operator.py took 0.496 seconds
[2026-07-31T11:41:43.320+0000] {processor.py:161} INFO - Started process (PID=4563) to work on /home/airflow/.local/lib/python3.12/site-packages/airflow/example_dags/example_short_circuit_operator.py
[2026-07-31T11:41:43.322+0000] {processor.py:830} INFO - Processing file /home/airflow/.local/lib/python3.12/site-packages/airflow/example_dags/example_short_circuit_operator.py for tasks to queue
[2026-07-31T11:41:43.326+0000] {logging_mixin.py:188} INFO - [2026-07-31T11:41:43.325+0000] {dagbag.py:545} INFO - Filling up the DagBag from /home/airflow/.local/lib/python3.12/site-packages/airflow/example_dags/example_short_circuit_operator.py
[2026-07-31T11:41:43.341+0000] {processor.py:840} INFO - DAG(s) 'example_short_circuit_operator' retrieved from /home/airflow/.local/lib/python3.12/site-packages/airflow/example_dags/example_short_circuit_operator.py
[2026-07-31T11:41:43.401+0000] {logging_mixin.py:188} INFO - [2026-07-31T11:41:43.400+0000] {dag.py:3089} INFO - Sync 1 DAGs
[2026-07-31T11:41:43.455+0000] {logging_mixin.py:188} INFO - [2026-07-31T11:41:43.454+0000] {dag.py:3947} INFO - Setting next_dagrun for example_short_circuit_operator to 2026-07-30 00:00:00+00:00, run_after=2026-07-31 00:00:00+00:00
[2026-07-31T11:41:43.520+0000] {processor.py:183} INFO - Processing /home/airflow/.local/lib/python3.12/site-packages/airflow/example_dags/example_short_circuit_operator.py took 0.224 seconds
[2026-07-31T11:42:14.090+0000] {processor.py:161} INFO - Started process (PID=4621) to work on /home/airflow/.local/lib/python3.12/site-packages/airflow/example_dags/example_short_circuit_operator.py
[2026-07-31T11:42:14.095+0000] {processor.py:830} INFO - Processing file /home/airflow/.local/lib/python3.12/site-packages/airflow/example_dags/example_short_circuit_operator.py for tasks to queue
[2026-07-31T11:42:14.101+0000] {logging_mixin.py:188} INFO - [2026-07-31T11:42:14.100+0000] {dagbag.py:545} INFO - Filling up the DagBag from /home/airflow/.local/lib/python3.12/site-packages/airflow/example_dags/example_short_circuit_operator.py
[2026-07-31T11:42:14.127+0000] {processor.py:840} INFO - DAG(s) 'example_short_circuit_operator' retrieved from /home/airflow/.local/lib/python3.12/site-packages/airflow/example_dags/example_short_circuit_operator.py
[2026-07-31T11:42:14.211+0000] {logging_mixin.py:188} INFO - [2026-07-31T11:42:14.210+0000] {dag.py:3089} INFO - Sync 1 DAGs
[2026-07-31T11:42:14.352+0000] {logging_mixin.py:188} INFO - [2026-07-31T11:42:14.351+0000] {dag.py:3947} INFO - Setting next_dagrun for example_short_circuit_operator to 2026-07-30 00:00:00+00:00, run_after=2026-07-31 00:00:00+00:00
[2026-07-31T11:42:14.450+0000] {processor.py:183} INFO - Processing /home/airflow/.local/lib/python3.12/site-packages/airflow/example_dags/example_short_circuit_operator.py took 0.394 seconds
[2026-07-31T11:42:44.716+0000] {processor.py:161} INFO - Started process (PID=4679) to work on /home/airflow/.local/lib/python3.12/site-packages/airflow/example_dags/example_short_circuit_operator.py
[2026-07-31T11:42:44.752+0000] {processor.py:830} INFO - Processing file /home/airflow/.local/lib/python3.12/site-packages/airflow/example_dags/example_short_circuit_operator.py for tasks to queue
[2026-07-31T11:42:44.754+0000] {logging_mixin.py:188} INFO - [2026-07-31T11:42:44.754+0000] {dagbag.py:545} INFO - Filling up the DagBag from /home/airflow/.local/lib/python3.12/site-packages/airflow/example_dags/example_short_circuit_operator.py
[2026-07-31T11:42:44.764+0000] {processor.py:840} INFO - DAG(s) 'example_short_circuit_operator' retrieved from /home/airflow/.local/lib/python3.12/site-packages/airflow/example_dags/example_short_circuit_operator.py
[2026-07-31T11:42:44.802+0000] {logging_mixin.py:188} INFO - [2026-07-31T11:42:44.801+0000] {dag.py:3089} INFO - Sync 1 DAGs
[2026-07-31T11:42:44.837+0000] {logging_mixin.py:188} INFO - [2026-07-31T11:42:44.836+0000] {dag.py:3947} INFO - Setting next_dagrun for example_short_circuit_operator to 2026-07-30 00:00:00+00:00, run_after=2026-07-31 00:00:00+00:00
[2026-07-31T11:42:44.868+0000] {processor.py:183} INFO - Processing /home/airflow/.local/lib/python3.12/site-packages/airflow/example_dags/example_short_circuit_operator.py took 0.160 seconds
[2026-07-31T11:43:15.356+0000] {processor.py:161} INFO - Started process (PID=4743) to work on /home/airflow/.local/lib/python3.12/site-packages/airflow/example_dags/example_short_circuit_operator.py
[2026-07-31T11:43:15.359+0000] {processor.py:830} INFO - Processing file /home/airflow/.local/lib/python3.12/site-packages/airflow/example_dags/example_short_circuit_operator.py for tasks to queue
[2026-07-31T11:43:15.363+0000] {logging_mixin.py:188} INFO - [2026-07-31T11:43:15.362+0000] {dagbag.py:545} INFO - Filling up the DagBag from /home/airflow/.local/lib/python3.12/site-packages/airflow/example_dags/example_short_circuit_operator.py
[2026-07-31T11:43:15.377+0000] {processor.py:840} INFO - DAG(s) 'example_short_circuit_operator' retrieved from /home/airflow/.local/lib/python3.12/site-packages/airflow/example_dags/example_short_circuit_operator.py
[2026-07-31T11:43:15.424+0000] {logging_mixin.py:188} INFO - [2026-07-31T11:43:15.423+0000] {dag.py:3089} INFO - Sync 1 DAGs
[2026-07-31T11:43:15.461+0000] {logging_mixin.py:188} INFO - [2026-07-31T11:43:15.460+0000] {dag.py:3947} INFO - Setting next_dagrun for example_short_circuit_operator to 2026-07-30 00:00:00+00:00, run_after=2026-07-31 00:00:00+00:00
[2026-07-31T11:43:15.493+0000] {processor.py:183} INFO - Processing /home/airflow/.local/lib/python3.12/site-packages/airflow/example_dags/example_short_circuit_operator.py took 0.147 seconds
[2026-07-31T11:43:45.805+0000] {processor.py:161} INFO - Started process (PID=4801) to work on /home/airflow/.local/lib/python3.12/site-packages/airflow/example_dags/example_short_circuit_operator.py
[2026-07-31T11:43:45.807+0000] {processor.py:830} INFO - Processing file /home/airflow/.local/lib/python3.12/site-packages/airflow/example_dags/example_short_circuit_operator.py for tasks to queue
[2026-07-31T11:43:45.809+0000] {logging_mixin.py:188} INFO - [2026-07-31T11:43:45.809+0000] {dagbag.py:545} INFO - Filling up the DagBag from /home/airflow/.local/lib/python3.12/site-packages/airflow/example_dags/example_short_circuit_operator.py
[2026-07-31T11:43:45.817+0000] {processor.py:840} INFO - DAG(s) 'example_short_circuit_operator' retrieved from /home/airflow/.local/lib/python3.12/site-packages/airflow/example_dags/example_short_circuit_operator.py
[2026-07-31T11:43:45.844+0000] {logging_mixin.py:188} INFO - [2026-07-31T11:43:45.844+0000] {dag.py:3089} INFO - Sync 1 DAGs
[2026-07-31T11:43:45.871+0000] {logging_mixin.py:188} INFO - [2026-07-31T11:43:45.871+0000] {dag.py:3947} INFO - Setting next_dagrun for example_short_circuit_operator to 2026-07-30 00:00:00+00:00, run_after=2026-07-31 00:00:00+00:00
[2026-07-31T11:43:45.896+0000] {processor.py:183} INFO - Processing /home/airflow/.local/lib/python3.12/site-packages/airflow/example_dags/example_short_circuit_operator.py took 0.098 seconds
[2026-07-31T11:44:16.115+0000] {processor.py:161} INFO - Started process (PID=4859) to work on /home/airflow/.local/lib/python3.12/site-packages/airflow/example_dags/example_short_circuit_operator.py
[2026-07-31T11:44:16.116+0000] {processor.py:830} INFO - Processing file /home/airflow/.local/lib/python3.12/site-packages/airflow/example_dags/example_short_circuit_operator.py for tasks to queue
[2026-07-31T11:44:16.119+0000] {logging_mixin.py:188} INFO - [2026-07-31T11:44:16.118+0000] {dagbag.py:545} INFO - Filling up the DagBag from /home/airflow/.local/lib/python3.12/site-packages/airflow/example_dags/example_short_circuit_operator.py
[2026-07-31T11:44:16.128+0000] {processor.py:840} INFO - DAG(s) 'example_short_circuit_operator' retrieved from /home/airflow/.local/lib/python3.12/site-packages/airflow/example_dags/example_short_circuit_operator.py
[2026-07-31T11:44:16.157+0000] {logging_mixin.py:188} INFO - [2026-07-31T11:44:16.157+0000] {dag.py:3089} INFO - Sync 1 DAGs
[2026-07-31T11:44:16.185+0000] {logging_mixin.py:188} INFO - [2026-07-31T11:44:16.185+0000] {dag.py:3947} INFO - Setting next_dagrun for example_short_circuit_operator to 2026-07-30 00:00:00+00:00, run_after=2026-07-31 00:00:00+00:00
[2026-07-31T11:44:16.216+0000] {processor.py:183} INFO - Processing /home/airflow/.local/lib/python3.12/site-packages/airflow/example_dags/example_short_circuit_operator.py took 0.110 seconds
[2026-07-31T11:44:46.350+0000] {processor.py:161} INFO - Started process (PID=4917) to work on /home/airflow/.local/lib/python3.12/site-packages/airflow/example_dags/example_short_circuit_operator.py
[2026-07-31T11:44:46.352+0000] {processor.py:830} INFO - Processing file /home/airflow/.local/lib/python3.12/site-packages/airflow/example_dags/example_short_circuit_operator.py for tasks to queue
[2026-07-31T11:44:46.357+0000] {logging_mixin.py:188} INFO - [2026-07-31T11:44:46.356+0000] {dagbag.py:545} INFO - Filling up the DagBag from /home/airflow/.local/lib/python3.12/site-packages/airflow/example_dags/example_short_circuit_operator.py
[2026-07-31T11:44:46.376+0000] {processor.py:840} INFO - DAG(s) 'example_short_circuit_operator' retrieved from /home/airflow/.local/lib/python3.12/site-packages/airflow/example_dags/example_short_circuit_operator.py
[2026-07-31T11:44:46.433+0000] {logging_mixin.py:188} INFO - [2026-07-31T11:44:46.432+0000] {dag.py:3089} INFO - Sync 1 DAGs
[2026-07-31T11:44:46.497+0000] {logging_mixin.py:188} INFO - [2026-07-31T11:44:46.496+0000] {dag.py:3947} INFO - Setting next_dagrun for example_short_circuit_operator to 2026-07-30 00:00:00+00:00, run_after=2026-07-31 00:00:00+00:00
[2026-07-31T11:44:46.563+0000] {processor.py:183} INFO - Processing /home/airflow/.local/lib/python3.12/site-packages/airflow/example_dags/example_short_circuit_operator.py took 0.224 seconds
[2026-07-31T11:45:18.369+0000] {processor.py:161} INFO - Started process (PID=4974) to work on /home/airflow/.local/lib/python3.12/site-packages/airflow/example_dags/example_short_circuit_operator.py
[2026-07-31T11:45:18.377+0000] {processor.py:830} INFO - Processing file /home/airflow/.local/lib/python3.12/site-packages/airflow/example_dags/example_short_circuit_operator.py for tasks to queue
[2026-07-31T11:45:18.384+0000] {logging_mixin.py:188} INFO - [2026-07-31T11:45:18.383+0000] {dagbag.py:545} INFO - Filling up the DagBag from /home/airflow/.local/lib/python3.12/site-packages/airflow/example_dags/example_short_circuit_operator.py
[2026-07-31T11:45:18.402+0000] {processor.py:840} INFO - DAG(s) 'example_short_circuit_operator' retrieved from /home/airflow/.local/lib/python3.12/site-packages/airflow/example_dags/example_short_circuit_operator.py
[2026-07-31T11:45:18.487+0000] {logging_mixin.py:188} INFO - [2026-07-31T11:45:18.486+0000] {dag.py:3089} INFO - Sync 1 DAGs
[2026-07-31T11:45:18.624+0000] {logging_mixin.py:188} INFO - [2026-07-31T11:45:18.623+0000] {dag.py:3947} INFO - Setting next_dagrun for example_short_circuit_operator to 2026-07-30 00:00:00+00:00, run_after=2026-07-31 00:00:00+00:00
[2026-07-31T11:45:18.803+0000] {processor.py:183} INFO - Processing /home/airflow/.local/lib/python3.12/site-packages/airflow/example_dags/example_short_circuit_operator.py took 0.451 seconds
[2026-07-31T11:45:49.397+0000] {processor.py:161} INFO - Started process (PID=5032) to work on /home/airflow/.local/lib/python3.12/site-packages/airflow/example_dags/example_short_circuit_operator.py
[2026-07-31T11:45:49.398+0000] {processor.py:830} INFO - Processing file /home/airflow/.local/lib/python3.12/site-packages/airflow/example_dags/example_short_circuit_operator.py for tasks to queue
[2026-07-31T11:45:49.402+0000] {logging_mixin.py:188} INFO - [2026-07-31T11:45:49.402+0000] {dagbag.py:545} INFO - Filling up the DagBag from /home/airflow/.local/lib/python3.12/site-packages/airflow/example_dags/example_short_circuit_operator.py
[2026-07-31T11:45:49.412+0000] {processor.py:840} INFO - DAG(s) 'example_short_circuit_operator' retrieved from /home/airflow/.local/lib/python3.12/site-packages/airflow/example_dags/example_short_circuit_operator.py
[2026-07-31T11:45:49.449+0000] {logging_mixin.py:188} INFO - [2026-07-31T11:45:49.449+0000] {dag.py:3089} INFO - Sync 1 DAGs
[2026-07-31T11:45:49.481+0000] {logging_mixin.py:188} INFO - [2026-07-31T11:45:49.480+0000] {dag.py:3947} INFO - Setting next_dagrun for example_short_circuit_operator to 2026-07-30 00:00:00+00:00, run_after=2026-07-31 00:00:00+00:00
[2026-07-31T11:45:49.513+0000] {processor.py:183} INFO - Processing /home/airflow/.local/lib/python3.12/site-packages/airflow/example_dags/example_short_circuit_operator.py took 0.124 seconds
[2026-07-31T11:46:20.036+0000] {processor.py:161} INFO - Started process (PID=5090) to work on /home/airflow/.local/lib/python3.12/site-packages/airflow/example_dags/example_short_circuit_operator.py
[2026-07-31T11:46:20.041+0000] {processor.py:830} INFO - Processing file /home/airflow/.local/lib/python3.12/site-packages/airflow/example_dags/example_short_circuit_operator.py for tasks to queue
[2026-07-31T11:46:20.044+0000] {logging_mixin.py:188} INFO - [2026-07-31T11:46:20.043+0000] {dagbag.py:545} INFO - Filling up the DagBag from /home/airflow/.local/lib/python3.12/site-packages/airflow/example_dags/example_short_circuit_operator.py
[2026-07-31T11:46:20.053+0000] {processor.py:840} INFO - DAG(s) 'example_short_circuit_operator' retrieved from /home/airflow/.local/lib/python3.12/site-packages/airflow/example_dags/example_short_circuit_operator.py
[2026-07-31T11:46:20.090+0000] {logging_mixin.py:188} INFO - [2026-07-31T11:46:20.089+0000] {dag.py:3089} INFO - Sync 1 DAGs
[2026-07-31T11:46:20.123+0000] {logging_mixin.py:188} INFO - [2026-07-31T11:46:20.123+0000] {dag.py:3947} INFO - Setting next_dagrun for example_short_circuit_operator to 2026-07-30 00:00:00+00:00, run_after=2026-07-31 00:00:00+00:00
[2026-07-31T11:46:20.154+0000] {processor.py:183} INFO - Processing /home/airflow/.local/lib/python3.12/site-packages/airflow/example_dags/example_short_circuit_operator.py took 0.127 seconds
[2026-07-31T11:46:50.573+0000] {processor.py:161} INFO - Started process (PID=5148) to work on /home/airflow/.local/lib/python3.12/site-packages/airflow/example_dags/example_short_circuit_operator.py
[2026-07-31T11:46:50.574+0000] {processor.py:830} INFO - Processing file /home/airflow/.local/lib/python3.12/site-packages/airflow/example_dags/example_short_circuit_operator.py for tasks to queue
[2026-07-31T11:46:50.576+0000] {logging_mixin.py:188} INFO - [2026-07-31T11:46:50.575+0000] {dagbag.py:545} INFO - Filling up the DagBag from /home/airflow/.local/lib/python3.12/site-packages/airflow/example_dags/example_short_circuit_operator.py
[2026-07-31T11:46:50.585+0000] {processor.py:840} INFO - DAG(s) 'example_short_circuit_operator' retrieved from /home/airflow/.local/lib/python3.12/site-packages/airflow/example_dags/example_short_circuit_operator.py
[2026-07-31T11:46:50.611+0000] {logging_mixin.py:188} INFO - [2026-07-31T11:46:50.611+0000] {dag.py:3089} INFO - Sync 1 DAGs
[2026-07-31T11:46:50.639+0000] {logging_mixin.py:188} INFO - [2026-07-31T11:46:50.638+0000] {dag.py:3947} INFO - Setting next_dagrun for example_short_circuit_operator to 2026-07-30 00:00:00+00:00, run_after=2026-07-31 00:00:00+00:00
[2026-07-31T11:46:50.661+0000] {processor.py:183} INFO - Processing /home/airflow/.local/lib/python3.12/site-packages/airflow/example_dags/example_short_circuit_operator.py took 0.096 seconds
[2026-07-31T11:47:20.933+0000] {processor.py:161} INFO - Started process (PID=5206) to work on /home/airflow/.local/lib/python3.12/site-packages/airflow/example_dags/example_short_circuit_operator.py
[2026-07-31T11:47:20.935+0000] {processor.py:830} INFO - Processing file /home/airflow/.local/lib/python3.12/site-packages/airflow/example_dags/example_short_circuit_operator.py for tasks to queue
[2026-07-31T11:47:20.941+0000] {logging_mixin.py:188} INFO - [2026-07-31T11:47:20.940+0000] {dagbag.py:545} INFO - Filling up the DagBag from /home/airflow/.local/lib/python3.12/site-packages/airflow/example_dags/example_short_circuit_operator.py
[2026-07-31T11:47:20.952+0000] {processor.py:840} INFO - DAG(s) 'example_short_circuit_operator' retrieved from /home/airflow/.local/lib/python3.12/site-packages/airflow/example_dags/example_short_circuit_operator.py
[2026-07-31T11:47:21.027+0000] {logging_mixin.py:188} INFO - [2026-07-31T11:47:21.026+0000] {dag.py:3089} INFO - Sync 1 DAGs
[2026-07-31T11:47:21.081+0000] {logging_mixin.py:188} INFO - [2026-07-31T11:47:21.080+0000] {dag.py:3947} INFO - Setting next_dagrun for example_short_circuit_operator to 2026-07-30 00:00:00+00:00, run_after=2026-07-31 00:00:00+00:00
[2026-07-31T11:47:21.138+0000] {processor.py:183} INFO - Processing /home/airflow/.local/lib/python3.12/site-packages/airflow/example_dags/example_short_circuit_operator.py took 0.216 seconds
[2026-07-31T11:47:51.252+0000] {processor.py:161} INFO - Started process (PID=5264) to work on /home/airflow/.local/lib/python3.12/site-packages/airflow/example_dags/example_short_circuit_operator.py
[2026-07-31T11:47:51.254+0000] {processor.py:830} INFO - Processing file /home/airflow/.local/lib/python3.12/site-packages/airflow/example_dags/example_short_circuit_operator.py for tasks to queue
[2026-07-31T11:47:51.257+0000] {logging_mixin.py:188} INFO - [2026-07-31T11:47:51.257+0000] {dagbag.py:545} INFO - Filling up the DagBag from /home/airflow/.local/lib/python3.12/site-packages/airflow/example_dags/example_short_circuit_operator.py
[2026-07-31T11:47:51.270+0000] {processor.py:840} INFO - DAG(s) 'example_short_circuit_operator' retrieved from /home/airflow/.local/lib/python3.12/site-packages/airflow/example_dags/example_short_circuit_operator.py
[2026-07-31T11:47:51.313+0000] {logging_mixin.py:188} INFO - [2026-07-31T11:47:51.312+0000] {dag.py:3089} INFO - Sync 1 DAGs
[2026-07-31T11:47:51.349+0000] {logging_mixin.py:188} INFO - [2026-07-31T11:47:51.349+0000] {dag.py:3947} INFO - Setting next_dagrun for example_short_circuit_operator to 2026-07-30 00:00:00+00:00, run_after=2026-07-31 00:00:00+00:00
[2026-07-31T11:47:51.383+0000] {processor.py:183} INFO - Processing /home/airflow/.local/lib/python3.12/site-packages/airflow/example_dags/example_short_circuit_operator.py took 0.140 seconds
[2026-07-31T11:48:21.488+0000] {processor.py:161} INFO - Started process (PID=5322) to work on /home/airflow/.local/lib/python3.12/site-packages/airflow/example_dags/example_short_circuit_operator.py
[2026-07-31T11:48:21.489+0000] {processor.py:830} INFO - Processing file /home/airflow/.local/lib/python3.12/site-packages/airflow/example_dags/example_short_circuit_operator.py for tasks to queue
[2026-07-31T11:48:21.492+0000] {logging_mixin.py:188} INFO - [2026-07-31T11:48:21.491+0000] {dagbag.py:545} INFO - Filling up the DagBag from /home/airflow/.local/lib/python3.12/site-packages/airflow/example_dags/example_short_circuit_operator.py
[2026-07-31T11:48:21.502+0000] {processor.py:840} INFO - DAG(s) 'example_short_circuit_operator' retrieved from /home/airflow/.local/lib/python3.12/site-packages/airflow/example_dags/example_short_circuit_operator.py
[2026-07-31T11:48:21.533+0000] {logging_mixin.py:188} INFO - [2026-07-31T11:48:21.533+0000] {dag.py:3089} INFO - Sync 1 DAGs
[2026-07-31T11:48:21.561+0000] {logging_mixin.py:188} INFO - [2026-07-31T11:48:21.560+0000] {dag.py:3947} INFO - Setting next_dagrun for example_short_circuit_operator to 2026-07-30 00:00:00+00:00, run_after=2026-07-31 00:00:00+00:00
[2026-07-31T11:48:21.585+0000] {processor.py:183} INFO - Processing /home/airflow/.local/lib/python3.12/site-packages/airflow/example_dags/example_short_circuit_operator.py took 0.104 seconds
[2026-07-31T11:48:51.850+0000] {processor.py:161} INFO - Started process (PID=5380) to work on /home/airflow/.local/lib/python3.12/site-packages/airflow/example_dags/example_short_circuit_operator.py
[2026-07-31T11:48:51.852+0000] {processor.py:830} INFO - Processing file /home/airflow/.local/lib/python3.12/site-packages/airflow/example_dags/example_short_circuit_operator.py for tasks to queue
[2026-07-31T11:48:51.855+0000] {logging_mixin.py:188} INFO - [2026-07-31T11:48:51.855+0000] {dagbag.py:545} INFO - Filling up the DagBag from /home/airflow/.local/lib/python3.12/site-packages/airflow/example_dags/example_short_circuit_operator.py
[2026-07-31T11:48:51.867+0000] {processor.py:840} INFO - DAG(s) 'example_short_circuit_operator' retrieved from /home/airflow/.local/lib/python3.12/site-packages/airflow/example_dags/example_short_circuit_operator.py
[2026-07-31T11:48:51.903+0000] {logging_mixin.py:188} INFO - [2026-07-31T11:48:51.903+0000] {dag.py:3089} INFO - Sync 1 DAGs
[2026-07-31T11:48:51.933+0000] {logging_mixin.py:188} INFO - [2026-07-31T11:48:51.933+0000] {dag.py:3947} INFO - Setting next_dagrun for example_short_circuit_operator to 2026-07-30 00:00:00+00:00, run_after=2026-07-31 00:00:00+00:00
[2026-07-31T11:48:51.963+0000] {processor.py:183} INFO - Processing /home/airflow/.local/lib/python3.12/site-packages/airflow/example_dags/example_short_circuit_operator.py took 0.122 seconds
[2026-07-31T11:49:22.549+0000] {processor.py:161} INFO - Started process (PID=5438) to work on /home/airflow/.local/lib/python3.12/site-packages/airflow/example_dags/example_short_circuit_operator.py
[2026-07-31T11:49:22.551+0000] {processor.py:830} INFO - Processing file /home/airflow/.local/lib/python3.12/site-packages/airflow/example_dags/example_short_circuit_operator.py for tasks to queue
[2026-07-31T11:49:22.554+0000] {logging_mixin.py:188} INFO - [2026-07-31T11:49:22.553+0000] {dagbag.py:545} INFO - Filling up the DagBag from /home/airflow/.local/lib/python3.12/site-packages/airflow/example_dags/example_short_circuit_operator.py
[2026-07-31T11:49:22.563+0000] {processor.py:840} INFO - DAG(s) 'example_short_circuit_operator' retrieved from /home/airflow/.local/lib/python3.12/site-packages/airflow/example_dags/example_short_circuit_operator.py
[2026-07-31T11:49:22.593+0000] {logging_mixin.py:188} INFO - [2026-07-31T11:49:22.593+0000] {dag.py:3089} INFO - Sync 1 DAGs
[2026-07-31T11:49:22.631+0000] {logging_mixin.py:188} INFO - [2026-07-31T11:49:22.630+0000] {dag.py:3947} INFO - Setting next_dagrun for example_short_circuit_operator to 2026-07-30 00:00:00+00:00, run_after=2026-07-31 00:00:00+00:00
[2026-07-31T11:49:22.660+0000] {processor.py:183} INFO - Processing /home/airflow/.local/lib/python3.12/site-packages/airflow/example_dags/example_short_circuit_operator.py took 0.122 seconds
[2026-07-31T11:49:53.297+0000] {processor.py:161} INFO - Started process (PID=5496) to work on /home/airflow/.local/lib/python3.12/site-packages/airflow/example_dags/example_short_circuit_operator.py
[2026-07-31T11:49:53.298+0000] {processor.py:830} INFO - Processing file /home/airflow/.local/lib/python3.12/site-packages/airflow/example_dags/example_short_circuit_operator.py for tasks to queue
[2026-07-31T11:49:53.301+0000] {logging_mixin.py:188} INFO - [2026-07-31T11:49:53.300+0000] {dagbag.py:545} INFO - Filling up the DagBag from /home/airflow/.local/lib/python3.12/site-packages/airflow/example_dags/example_short_circuit_operator.py
[2026-07-31T11:49:53.309+0000] {processor.py:840} INFO - DAG(s) 'example_short_circuit_operator' retrieved from /home/airflow/.local/lib/python3.12/site-packages/airflow/example_dags/example_short_circuit_operator.py
[2026-07-31T11:49:53.337+0000] {logging_mixin.py:188} INFO - [2026-07-31T11:49:53.336+0000] {dag.py:3089} INFO - Sync 1 DAGs
[2026-07-31T11:49:53.365+0000] {logging_mixin.py:188} INFO - [2026-07-31T11:49:53.364+0000] {dag.py:3947} INFO - Setting next_dagrun for example_short_circuit_operator to 2026-07-30 00:00:00+00:00, run_after=2026-07-31 00:00:00+00:00
[2026-07-31T11:49:53.388+0000] {processor.py:183} INFO - Processing /home/airflow/.local/lib/python3.12/site-packages/airflow/example_dags/example_short_circuit_operator.py took 0.098 seconds
[2026-07-31T11:50:23.582+0000] {processor.py:161} INFO - Started process (PID=5554) to work on /home/airflow/.local/lib/python3.12/site-packages/airflow/example_dags/example_short_circuit_operator.py
[2026-07-31T11:50:23.584+0000] {processor.py:830} INFO - Processing file /home/airflow/.local/lib/python3.12/site-packages/airflow/example_dags/example_short_circuit_operator.py for tasks to queue
[2026-07-31T11:50:23.586+0000] {logging_mixin.py:188} INFO - [2026-07-31T11:50:23.586+0000] {dagbag.py:545} INFO - Filling up the DagBag from /home/airflow/.local/lib/python3.12/site-packages/airflow/example_dags/example_short_circuit_operator.py
[2026-07-31T11:50:23.594+0000] {processor.py:840} INFO - DAG(s) 'example_short_circuit_operator' retrieved from /home/airflow/.local/lib/python3.12/site-packages/airflow/example_dags/example_short_circuit_operator.py
[2026-07-31T11:50:23.621+0000] {logging_mixin.py:188} INFO - [2026-07-31T11:50:23.621+0000] {dag.py:3089} INFO - Sync 1 DAGs
[2026-07-31T11:50:23.648+0000] {logging_mixin.py:188} INFO - [2026-07-31T11:50:23.648+0000] {dag.py:3947} INFO - Setting next_dagrun for example_short_circuit_operator to 2026-07-30 00:00:00+00:00, run_after=2026-07-31 00:00:00+00:00
[2026-07-31T11:50:23.676+0000] {processor.py:183} INFO - Processing /home/airflow/.local/lib/python3.12/site-packages/airflow/example_dags/example_short_circuit_operator.py took 0.101 seconds
[2026-07-31T11:50:53.982+0000] {processor.py:161} INFO - Started process (PID=5612) to work on /home/airflow/.local/lib/python3.12/site-packages/airflow/example_dags/example_short_circuit_operator.py
[2026-07-31T11:50:53.984+0000] {processor.py:830} INFO - Processing file /home/airflow/.local/lib/python3.12/site-packages/airflow/example_dags/example_short_circuit_operator.py for tasks to queue
[2026-07-31T11:50:53.986+0000] {logging_mixin.py:188} INFO - [2026-07-31T11:50:53.986+0000] {dagbag.py:545} INFO - Filling up the DagBag from /home/airflow/.local/lib/python3.12/site-packages/airflow/example_dags/example_short_circuit_operator.py
[2026-07-31T11:50:53.997+0000] {processor.py:840} INFO - DAG(s) 'example_short_circuit_operator' retrieved from /home/airflow/.local/lib/python3.12/site-packages/airflow/example_dags/example_short_circuit_operator.py
[2026-07-31T11:50:54.028+0000] {logging_mixin.py:188} INFO - [2026-07-31T11:50:54.028+0000] {dag.py:3089} INFO - Sync 1 DAGs
[2026-07-31T11:50:54.055+0000] {logging_mixin.py:188} INFO - [2026-07-31T11:50:54.055+0000] {dag.py:3947} INFO - Setting next_dagrun for example_short_circuit_operator to 2026-07-30 00:00:00+00:00, run_after=2026-07-31 00:00:00+00:00
[2026-07-31T11:50:54.077+0000] {processor.py:183} INFO - Processing /home/airflow/.local/lib/python3.12/site-packages/airflow/example_dags/example_short_circuit_operator.py took 0.102 seconds
[2026-07-31T11:51:24.229+0000] {processor.py:161} INFO - Started process (PID=5670) to work on /home/airflow/.local/lib/python3.12/site-packages/airflow/example_dags/example_short_circuit_operator.py
[2026-07-31T11:51:24.233+0000] {processor.py:830} INFO - Processing file /home/airflow/.local/lib/python3.12/site-packages/airflow/example_dags/example_short_circuit_operator.py for tasks to queue
[2026-07-31T11:51:24.236+0000] {logging_mixin.py:188} INFO - [2026-07-31T11:51:24.236+0000] {dagbag.py:545} INFO - Filling up the DagBag from /home/airflow/.local/lib/python3.12/site-packages/airflow/example_dags/example_short_circuit_operator.py
[2026-07-31T11:51:24.246+0000] {processor.py:840} INFO - DAG(s) 'example_short_circuit_operator' retrieved from /home/airflow/.local/lib/python3.12/site-packages/airflow/example_dags/example_short_circuit_operator.py
[2026-07-31T11:51:24.275+0000] {logging_mixin.py:188} INFO - [2026-07-31T11:51:24.275+0000] {dag.py:3089} INFO - Sync 1 DAGs
[2026-07-31T11:51:24.305+0000] {logging_mixin.py:188} INFO - [2026-07-31T11:51:24.305+0000] {dag.py:3947} INFO - Setting next_dagrun for example_short_circuit_operator to 2026-07-30 00:00:00+00:00, run_after=2026-07-31 00:00:00+00:00
[2026-07-31T11:51:24.328+0000] {processor.py:183} INFO - Processing /home/airflow/.local/lib/python3.12/site-packages/airflow/example_dags/example_short_circuit_operator.py took 0.107 seconds
[2026-07-31T11:51:54.692+0000] {processor.py:161} INFO - Started process (PID=5727) to work on /home/airflow/.local/lib/python3.12/site-packages/airflow/example_dags/example_short_circuit_operator.py
[2026-07-31T11:51:54.693+0000] {processor.py:830} INFO - Processing file /home/airflow/.local/lib/python3.12/site-packages/airflow/example_dags/example_short_circuit_operator.py for tasks to queue
[2026-07-31T11:51:54.698+0000] {logging_mixin.py:188} INFO - [2026-07-31T11:51:54.698+0000] {dagbag.py:545} INFO - Filling up the DagBag from /home/airflow/.local/lib/python3.12/site-packages/airflow/example_dags/example_short_circuit_operator.py
[2026-07-31T11:51:54.707+0000] {processor.py:840} INFO - DAG(s) 'example_short_circuit_operator' retrieved from /home/airflow/.local/lib/python3.12/site-packages/airflow/example_dags/example_short_circuit_operator.py
[2026-07-31T11:51:54.735+0000] {logging_mixin.py:188} INFO - [2026-07-31T11:51:54.735+0000] {dag.py:3089} INFO - Sync 1 DAGs
[2026-07-31T11:51:54.763+0000] {logging_mixin.py:188} INFO - [2026-07-31T11:51:54.763+0000] {dag.py:3947} INFO - Setting next_dagrun for example_short_circuit_operator to 2026-07-30 00:00:00+00:00, run_after=2026-07-31 00:00:00+00:00
[2026-07-31T11:51:54.791+0000] {processor.py:183} INFO - Processing /home/airflow/.local/lib/python3.12/site-packages/airflow/example_dags/example_short_circuit_operator.py took 0.106 seconds
[2026-07-31T11:52:25.210+0000] {processor.py:161} INFO - Started process (PID=5785) to work on /home/airflow/.local/lib/python3.12/site-packages/airflow/example_dags/example_short_circuit_operator.py
[2026-07-31T11:52:25.211+0000] {processor.py:830} INFO - Processing file /home/airflow/.local/lib/python3.12/site-packages/airflow/example_dags/example_short_circuit_operator.py for tasks to queue
[2026-07-31T11:52:25.214+0000] {logging_mixin.py:188} INFO - [2026-07-31T11:52:25.214+0000] {dagbag.py:545} INFO - Filling up the DagBag from /home/airflow/.local/lib/python3.12/site-packages/airflow/example_dags/example_short_circuit_operator.py
[2026-07-31T11:52:25.224+0000] {processor.py:840} INFO - DAG(s) 'example_short_circuit_operator' retrieved from /home/airflow/.local/lib/python3.12/site-packages/airflow/example_dags/example_short_circuit_operator.py
[2026-07-31T11:52:25.256+0000] {logging_mixin.py:188} INFO - [2026-07-31T11:52:25.255+0000] {dag.py:3089} INFO - Sync 1 DAGs
[2026-07-31T11:52:25.287+0000] {logging_mixin.py:188} INFO - [2026-07-31T11:52:25.287+0000] {dag.py:3947} INFO - Setting next_dagrun for example_short_circuit_operator to 2026-07-30 00:00:00+00:00, run_after=2026-07-31 00:00:00+00:00
[2026-07-31T11:52:25.317+0000] {processor.py:183} INFO - Processing /home/airflow/.local/lib/python3.12/site-packages/airflow/example_dags/example_short_circuit_operator.py took 0.115 seconds
[2026-07-31T11:52:55.803+0000] {processor.py:161} INFO - Started process (PID=5843) to work on /home/airflow/.local/lib/python3.12/site-packages/airflow/example_dags/example_short_circuit_operator.py
[2026-07-31T11:52:55.805+0000] {processor.py:830} INFO - Processing file /home/airflow/.local/lib/python3.12/site-packages/airflow/example_dags/example_short_circuit_operator.py for tasks to queue
[2026-07-31T11:52:55.807+0000] {logging_mixin.py:188} INFO - [2026-07-31T11:52:55.807+0000] {dagbag.py:545} INFO - Filling up the DagBag from /home/airflow/.local/lib/python3.12/site-packages/airflow/example_dags/example_short_circuit_operator.py
[2026-07-31T11:52:55.816+0000] {processor.py:840} INFO - DAG(s) 'example_short_circuit_operator' retrieved from /home/airflow/.local/lib/python3.12/site-packages/airflow/example_dags/example_short_circuit_operator.py
[2026-07-31T11:52:55.843+0000] {logging_mixin.py:188} INFO - [2026-07-31T11:52:55.843+0000] {dag.py:3089} INFO - Sync 1 DAGs
[2026-07-31T11:52:55.870+0000] {logging_mixin.py:188} INFO - [2026-07-31T11:52:55.869+0000] {dag.py:3947} INFO - Setting next_dagrun for example_short_circuit_operator to 2026-07-30 00:00:00+00:00, run_after=2026-07-31 00:00:00+00:00
[2026-07-31T11:52:55.893+0000] {processor.py:183} INFO - Processing /home/airflow/.local/lib/python3.12/site-packages/airflow/example_dags/example_short_circuit_operator.py took 0.096 seconds
[2026-07-31T11:53:26.663+0000] {processor.py:161} INFO - Started process (PID=5901) to work on /home/airflow/.local/lib/python3.12/site-packages/airflow/example_dags/example_short_circuit_operator.py
[2026-07-31T11:53:26.664+0000] {processor.py:830} INFO - Processing file /home/airflow/.local/lib/python3.12/site-packages/airflow/example_dags/example_short_circuit_operator.py for tasks to queue
[2026-07-31T11:53:26.667+0000] {logging_mixin.py:188} INFO - [2026-07-31T11:53:26.667+0000] {dagbag.py:545} INFO - Filling up the DagBag from /home/airflow/.local/lib/python3.12/site-packages/airflow/example_dags/example_short_circuit_operator.py
[2026-07-31T11:53:26.677+0000] {processor.py:840} INFO - DAG(s) 'example_short_circuit_operator' retrieved from /home/airflow/.local/lib/python3.12/site-packages/airflow/example_dags/example_short_circuit_operator.py
[2026-07-31T11:53:26.707+0000] {logging_mixin.py:188} INFO - [2026-07-31T11:53:26.706+0000] {dag.py:3089} INFO - Sync 1 DAGs
[2026-07-31T11:53:26.947+0000] {logging_mixin.py:188} INFO - [2026-07-31T11:53:26.947+0000] {dag.py:3947} INFO - Setting next_dagrun for example_short_circuit_operator to 2026-07-30 00:00:00+00:00, run_after=2026-07-31 00:00:00+00:00
[2026-07-31T11:53:26.972+0000] {processor.py:183} INFO - Processing /home/airflow/.local/lib/python3.12/site-packages/airflow/example_dags/example_short_circuit_operator.py took 0.317 seconds
[2026-07-31T11:53:57.200+0000] {processor.py:161} INFO - Started process (PID=5959) to work on /home/airflow/.local/lib/python3.12/site-packages/airflow/example_dags/example_short_circuit_operator.py
[2026-07-31T11:53:57.201+0000] {processor.py:830} INFO - Processing file /home/airflow/.local/lib/python3.12/site-packages/airflow/example_dags/example_short_circuit_operator.py for tasks to queue
[2026-07-31T11:53:57.205+0000] {logging_mixin.py:188} INFO - [2026-07-31T11:53:57.204+0000] {dagbag.py:545} INFO - Filling up the DagBag from /home/airflow/.local/lib/python3.12/site-packages/airflow/example_dags/example_short_circuit_operator.py
[2026-07-31T11:53:57.215+0000] {processor.py:840} INFO - DAG(s) 'example_short_circuit_operator' retrieved from /home/airflow/.local/lib/python3.12/site-packages/airflow/example_dags/example_short_circuit_operator.py
[2026-07-31T11:53:57.243+0000] {logging_mixin.py:188} INFO - [2026-07-31T11:53:57.243+0000] {dag.py:3089} INFO - Sync 1 DAGs
[2026-07-31T11:53:57.445+0000] {logging_mixin.py:188} INFO - [2026-07-31T11:53:57.445+0000] {dag.py:3947} INFO - Setting next_dagrun for example_short_circuit_operator to 2026-07-30 00:00:00+00:00, run_after=2026-07-31 00:00:00+00:00
[2026-07-31T11:53:57.475+0000] {processor.py:183} INFO - Processing /home/airflow/.local/lib/python3.12/site-packages/airflow/example_dags/example_short_circuit_operator.py took 0.286 seconds
[2026-07-31T11:54:27.533+0000] {processor.py:161} INFO - Started process (PID=6018) to work on /home/airflow/.local/lib/python3.12/site-packages/airflow/example_dags/example_short_circuit_operator.py
[2026-07-31T11:54:27.534+0000] {processor.py:830} INFO - Processing file /home/airflow/.local/lib/python3.12/site-packages/airflow/example_dags/example_short_circuit_operator.py for tasks to queue
[2026-07-31T11:54:27.537+0000] {logging_mixin.py:188} INFO - [2026-07-31T11:54:27.537+0000] {dagbag.py:545} INFO - Filling up the DagBag from /home/airflow/.local/lib/python3.12/site-packages/airflow/example_dags/example_short_circuit_operator.py
[2026-07-31T11:54:27.549+0000] {processor.py:840} INFO - DAG(s) 'example_short_circuit_operator' retrieved from /home/airflow/.local/lib/python3.12/site-packages/airflow/example_dags/example_short_circuit_operator.py
[2026-07-31T11:54:27.579+0000] {logging_mixin.py:188} INFO - [2026-07-31T11:54:27.578+0000] {dag.py:3089} INFO - Sync 1 DAGs
[2026-07-31T11:54:27.607+0000] {logging_mixin.py:188} INFO - [2026-07-31T11:54:27.607+0000] {dag.py:3947} INFO - Setting next_dagrun for example_short_circuit_operator to 2026-07-30 00:00:00+00:00, run_after=2026-07-31 00:00:00+00:00
[2026-07-31T11:54:27.631+0000] {processor.py:183} INFO - Processing /home/airflow/.local/lib/python3.12/site-packages/airflow/example_dags/example_short_circuit_operator.py took 0.107 seconds
[2026-07-31T11:54:58.073+0000] {processor.py:161} INFO - Started process (PID=6076) to work on /home/airflow/.local/lib/python3.12/site-packages/airflow/example_dags/example_short_circuit_operator.py
[2026-07-31T11:54:58.075+0000] {processor.py:830} INFO - Processing file /home/airflow/.local/lib/python3.12/site-packages/airflow/example_dags/example_short_circuit_operator.py for tasks to queue
[2026-07-31T11:54:58.077+0000] {logging_mixin.py:188} INFO - [2026-07-31T11:54:58.077+0000] {dagbag.py:545} INFO - Filling up the DagBag from /home/airflow/.local/lib/python3.12/site-packages/airflow/example_dags/example_short_circuit_operator.py
[2026-07-31T11:54:58.086+0000] {processor.py:840} INFO - DAG(s) 'example_short_circuit_operator' retrieved from /home/airflow/.local/lib/python3.12/site-packages/airflow/example_dags/example_short_circuit_operator.py
[2026-07-31T11:54:58.112+0000] {logging_mixin.py:188} INFO - [2026-07-31T11:54:58.112+0000] {dag.py:3089} INFO - Sync 1 DAGs
[2026-07-31T11:54:58.147+0000] {logging_mixin.py:188} INFO - [2026-07-31T11:54:58.146+0000] {dag.py:3947} INFO - Setting next_dagrun for example_short_circuit_operator to 2026-07-30 00:00:00+00:00, run_after=2026-07-31 00:00:00+00:00
[2026-07-31T11:54:58.172+0000] {processor.py:183} INFO - Processing /home/airflow/.local/lib/python3.12/site-packages/airflow/example_dags/example_short_circuit_operator.py took 0.107 seconds
[2026-07-31T11:55:28.701+0000] {processor.py:161} INFO - Started process (PID=6134) to work on /home/airflow/.local/lib/python3.12/site-packages/airflow/example_dags/example_short_circuit_operator.py
[2026-07-31T11:55:28.702+0000] {processor.py:830} INFO - Processing file /home/airflow/.local/lib/python3.12/site-packages/airflow/example_dags/example_short_circuit_operator.py for tasks to queue
[2026-07-31T11:55:28.705+0000] {logging_mixin.py:188} INFO - [2026-07-31T11:55:28.704+0000] {dagbag.py:545} INFO - Filling up the DagBag from /home/airflow/.local/lib/python3.12/site-packages/airflow/example_dags/example_short_circuit_operator.py
[2026-07-31T11:55:28.713+0000] {processor.py:840} INFO - DAG(s) 'example_short_circuit_operator' retrieved from /home/airflow/.local/lib/python3.12/site-packages/airflow/example_dags/example_short_circuit_operator.py
[2026-07-31T11:55:28.741+0000] {logging_mixin.py:188} INFO - [2026-07-31T11:55:28.741+0000] {dag.py:3089} INFO - Sync 1 DAGs
[2026-07-31T11:55:28.769+0000] {logging_mixin.py:188} INFO - [2026-07-31T11:55:28.769+0000] {dag.py:3947} INFO - Setting next_dagrun for example_short_circuit_operator to 2026-07-30 00:00:00+00:00, run_after=2026-07-31 00:00:00+00:00
[2026-07-31T11:55:28.793+0000] {processor.py:183} INFO - Processing /home/airflow/.local/lib/python3.12/site-packages/airflow/example_dags/example_short_circuit_operator.py took 0.099 seconds
[2026-07-31T11:55:59.291+0000] {processor.py:161} INFO - Started process (PID=6193) to work on /home/airflow/.local/lib/python3.12/site-packages/airflow/example_dags/example_short_circuit_operator.py
[2026-07-31T11:55:59.295+0000] {processor.py:830} INFO - Processing file /home/airflow/.local/lib/python3.12/site-packages/airflow/example_dags/example_short_circuit_operator.py for tasks to queue
[2026-07-31T11:55:59.299+0000] {logging_mixin.py:188} INFO - [2026-07-31T11:55:59.298+0000] {dagbag.py:545} INFO - Filling up the DagBag from /home/airflow/.local/lib/python3.12/site-packages/airflow/example_dags/example_short_circuit_operator.py
[2026-07-31T11:55:59.308+0000] {processor.py:840} INFO - DAG(s) 'example_short_circuit_operator' retrieved from /home/airflow/.local/lib/python3.12/site-packages/airflow/example_dags/example_short_circuit_operator.py
[2026-07-31T11:55:59.336+0000] {logging_mixin.py:188} INFO - [2026-07-31T11:55:59.335+0000] {dag.py:3089} INFO - Sync 1 DAGs
[2026-07-31T11:55:59.367+0000] {logging_mixin.py:188} INFO - [2026-07-31T11:55:59.367+0000] {dag.py:3947} INFO - Setting next_dagrun for example_short_circuit_operator to 2026-07-30 00:00:00+00:00, run_after=2026-07-31 00:00:00+00:00
[2026-07-31T11:55:59.390+0000] {processor.py:183} INFO - Processing /home/airflow/.local/lib/python3.12/site-packages/airflow/example_dags/example_short_circuit_operator.py took 0.107 seconds
[2026-07-31T11:56:29.855+0000] {processor.py:161} INFO - Started process (PID=6251) to work on /home/airflow/.local/lib/python3.12/site-packages/airflow/example_dags/example_short_circuit_operator.py
[2026-07-31T11:56:29.857+0000] {processor.py:830} INFO - Processing file /home/airflow/.local/lib/python3.12/site-packages/airflow/example_dags/example_short_circuit_operator.py for tasks to queue
[2026-07-31T11:56:29.860+0000] {logging_mixin.py:188} INFO - [2026-07-31T11:56:29.860+0000] {dagbag.py:545} INFO - Filling up the DagBag from /home/airflow/.local/lib/python3.12/site-packages/airflow/example_dags/example_short_circuit_operator.py
[2026-07-31T11:56:29.870+0000] {processor.py:840} INFO - DAG(s) 'example_short_circuit_operator' retrieved from /home/airflow/.local/lib/python3.12/site-packages/airflow/example_dags/example_short_circuit_operator.py
[2026-07-31T11:56:29.907+0000] {logging_mixin.py:188} INFO - [2026-07-31T11:56:29.907+0000] {dag.py:3089} INFO - Sync 1 DAGs
[2026-07-31T11:56:29.937+0000] {logging_mixin.py:188} INFO - [2026-07-31T11:56:29.936+0000] {dag.py:3947} INFO - Setting next_dagrun for example_short_circuit_operator to 2026-07-30 00:00:00+00:00, run_after=2026-07-31 00:00:00+00:00
[2026-07-31T11:56:29.961+0000] {processor.py:183} INFO - Processing /home/airflow/.local/lib/python3.12/site-packages/airflow/example_dags/example_short_circuit_operator.py took 0.114 seconds
[2026-07-31T11:57:00.509+0000] {processor.py:161} INFO - Started process (PID=6309) to work on /home/airflow/.local/lib/python3.12/site-packages/airflow/example_dags/example_short_circuit_operator.py
[2026-07-31T11:57:00.511+0000] {processor.py:830} INFO - Processing file /home/airflow/.local/lib/python3.12/site-packages/airflow/example_dags/example_short_circuit_operator.py for tasks to queue
[2026-07-31T11:57:00.515+0000] {logging_mixin.py:188} INFO - [2026-07-31T11:57:00.514+0000] {dagbag.py:545} INFO - Filling up the DagBag from /home/airflow/.local/lib/python3.12/site-packages/airflow/example_dags/example_short_circuit_operator.py
[2026-07-31T11:57:00.531+0000] {processor.py:840} INFO - DAG(s) 'example_short_circuit_operator' retrieved from /home/airflow/.local/lib/python3.12/site-packages/airflow/example_dags/example_short_circuit_operator.py
[2026-07-31T11:57:00.571+0000] {logging_mixin.py:188} INFO - [2026-07-31T11:57:00.570+0000] {dag.py:3089} INFO - Sync 1 DAGs
[2026-07-31T11:57:00.608+0000] {logging_mixin.py:188} INFO - [2026-07-31T11:57:00.607+0000] {dag.py:3947} INFO - Setting next_dagrun for example_short_circuit_operator to 2026-07-30 00:00:00+00:00, run_after=2026-07-31 00:00:00+00:00
[2026-07-31T11:57:00.634+0000] {processor.py:183} INFO - Processing /home/airflow/.local/lib/python3.12/site-packages/airflow/example_dags/example_short_circuit_operator.py took 0.138 seconds
[2026-07-31T11:57:31.762+0000] {processor.py:161} INFO - Started process (PID=6367) to work on /home/airflow/.local/lib/python3.12/site-packages/airflow/example_dags/example_short_circuit_operator.py
[2026-07-31T11:57:31.767+0000] {processor.py:830} INFO - Processing file /home/airflow/.local/lib/python3.12/site-packages/airflow/example_dags/example_short_circuit_operator.py for tasks to queue
[2026-07-31T11:57:31.776+0000] {logging_mixin.py:188} INFO - [2026-07-31T11:57:31.775+0000] {dagbag.py:545} INFO - Filling up the DagBag from /home/airflow/.local/lib/python3.12/site-packages/airflow/example_dags/example_short_circuit_operator.py
[2026-07-31T11:57:31.842+0000] {processor.py:840} INFO - DAG(s) 'example_short_circuit_operator' retrieved from /home/airflow/.local/lib/python3.12/site-packages/airflow/example_dags/example_short_circuit_operator.py
[2026-07-31T11:57:31.995+0000] {logging_mixin.py:188} INFO - [2026-07-31T11:57:31.994+0000] {dag.py:3089} INFO - Sync 1 DAGs
[2026-07-31T11:57:32.147+0000] {logging_mixin.py:188} INFO - [2026-07-31T11:57:32.147+0000] {dag.py:3947} INFO - Setting next_dagrun for example_short_circuit_operator to 2026-07-30 00:00:00+00:00, run_after=2026-07-31 00:00:00+00:00
[2026-07-31T11:57:32.294+0000] {processor.py:183} INFO - Processing /home/airflow/.local/lib/python3.12/site-packages/airflow/example_dags/example_short_circuit_operator.py took 0.568 seconds
[2026-07-31T11:58:02.406+0000] {processor.py:161} INFO - Started process (PID=6426) to work on /home/airflow/.local/lib/python3.12/site-packages/airflow/example_dags/example_short_circuit_operator.py
[2026-07-31T11:58:02.407+0000] {processor.py:830} INFO - Processing file /home/airflow/.local/lib/python3.12/site-packages/airflow/example_dags/example_short_circuit_operator.py for tasks to queue
[2026-07-31T11:58:02.410+0000] {logging_mixin.py:188} INFO - [2026-07-31T11:58:02.410+0000] {dagbag.py:545} INFO - Filling up the DagBag from /home/airflow/.local/lib/python3.12/site-packages/airflow/example_dags/example_short_circuit_operator.py
[2026-07-31T11:58:02.421+0000] {processor.py:840} INFO - DAG(s) 'example_short_circuit_operator' retrieved from /home/airflow/.local/lib/python3.12/site-packages/airflow/example_dags/example_short_circuit_operator.py
[2026-07-31T11:58:02.452+0000] {logging_mixin.py:188} INFO - [2026-07-31T11:58:02.451+0000] {dag.py:3089} INFO - Sync 1 DAGs
[2026-07-31T11:58:02.551+0000] {logging_mixin.py:188} INFO - [2026-07-31T11:58:02.551+0000] {dag.py:3947} INFO - Setting next_dagrun for example_short_circuit_operator to 2026-07-30 00:00:00+00:00, run_after=2026-07-31 00:00:00+00:00
[2026-07-31T11:58:02.585+0000] {processor.py:183} INFO - Processing /home/airflow/.local/lib/python3.12/site-packages/airflow/example_dags/example_short_circuit_operator.py took 0.188 seconds
[2026-07-31T11:58:33.279+0000] {processor.py:161} INFO - Started process (PID=6484) to work on /home/airflow/.local/lib/python3.12/site-packages/airflow/example_dags/example_short_circuit_operator.py
[2026-07-31T11:58:33.281+0000] {processor.py:830} INFO - Processing file /home/airflow/.local/lib/python3.12/site-packages/airflow/example_dags/example_short_circuit_operator.py for tasks to queue
[2026-07-31T11:58:33.284+0000] {logging_mixin.py:188} INFO - [2026-07-31T11:58:33.283+0000] {dagbag.py:545} INFO - Filling up the DagBag from /home/airflow/.local/lib/python3.12/site-packages/airflow/example_dags/example_short_circuit_operator.py
[2026-07-31T11:58:33.294+0000] {processor.py:840} INFO - DAG(s) 'example_short_circuit_operator' retrieved from /home/airflow/.local/lib/python3.12/site-packages/airflow/example_dags/example_short_circuit_operator.py
[2026-07-31T11:58:33.326+0000] {logging_mixin.py:188} INFO - [2026-07-31T11:58:33.326+0000] {dag.py:3089} INFO - Sync 1 DAGs
[2026-07-31T11:58:33.357+0000] {logging_mixin.py:188} INFO - [2026-07-31T11:58:33.357+0000] {dag.py:3947} INFO - Setting next_dagrun for example_short_circuit_operator to 2026-07-30 00:00:00+00:00, run_after=2026-07-31 00:00:00+00:00
[2026-07-31T11:58:33.383+0000] {processor.py:183} INFO - Processing /home/airflow/.local/lib/python3.12/site-packages/airflow/example_dags/example_short_circuit_operator.py took 0.110 seconds
[2026-07-31T11:59:04.090+0000] {processor.py:161} INFO - Started process (PID=6542) to work on /home/airflow/.local/lib/python3.12/site-packages/airflow/example_dags/example_short_circuit_operator.py
[2026-07-31T11:59:04.092+0000] {processor.py:830} INFO - Processing file /home/airflow/.local/lib/python3.12/site-packages/airflow/example_dags/example_short_circuit_operator.py for tasks to queue
[2026-07-31T11:59:04.096+0000] {logging_mixin.py:188} INFO - [2026-07-31T11:59:04.096+0000] {dagbag.py:545} INFO - Filling up the DagBag from /home/airflow/.local/lib/python3.12/site-packages/airflow/example_dags/example_short_circuit_operator.py
[2026-07-31T11:59:04.105+0000] {processor.py:840} INFO - DAG(s) 'example_short_circuit_operator' retrieved from /home/airflow/.local/lib/python3.12/site-packages/airflow/example_dags/example_short_circuit_operator.py
[2026-07-31T11:59:04.134+0000] {logging_mixin.py:188} INFO - [2026-07-31T11:59:04.134+0000] {dag.py:3089} INFO - Sync 1 DAGs
[2026-07-31T11:59:04.167+0000] {logging_mixin.py:188} INFO - [2026-07-31T11:59:04.166+0000] {dag.py:3947} INFO - Setting next_dagrun for example_short_circuit_operator to 2026-07-30 00:00:00+00:00, run_after=2026-07-31 00:00:00+00:00
[2026-07-31T11:59:04.190+0000] {processor.py:183} INFO - Processing /home/airflow/.local/lib/python3.12/site-packages/airflow/example_dags/example_short_circuit_operator.py took 0.107 seconds
[2026-07-31T11:59:34.682+0000] {processor.py:161} INFO - Started process (PID=6600) to work on /home/airflow/.local/lib/python3.12/site-packages/airflow/example_dags/example_short_circuit_operator.py
[2026-07-31T11:59:34.684+0000] {processor.py:830} INFO - Processing file /home/airflow/.local/lib/python3.12/site-packages/airflow/example_dags/example_short_circuit_operator.py for tasks to queue
[2026-07-31T11:59:34.689+0000] {logging_mixin.py:188} INFO - [2026-07-31T11:59:34.688+0000] {dagbag.py:545} INFO - Filling up the DagBag from /home/airflow/.local/lib/python3.12/site-packages/airflow/example_dags/example_short_circuit_operator.py
[2026-07-31T11:59:34.710+0000] {processor.py:840} INFO - DAG(s) 'example_short_circuit_operator' retrieved from /home/airflow/.local/lib/python3.12/site-packages/airflow/example_dags/example_short_circuit_operator.py
[2026-07-31T11:59:34.762+0000] {logging_mixin.py:188} INFO - [2026-07-31T11:59:34.762+0000] {dag.py:3089} INFO - Sync 1 DAGs
[2026-07-31T11:59:34.796+0000] {logging_mixin.py:188} INFO - [2026-07-31T11:59:34.795+0000] {dag.py:3947} INFO - Setting next_dagrun for example_short_circuit_operator to 2026-07-30 00:00:00+00:00, run_after=2026-07-31 00:00:00+00:00
[2026-07-31T11:59:34.822+0000] {processor.py:183} INFO - Processing /home/airflow/.local/lib/python3.12/site-packages/airflow/example_dags/example_short_circuit_operator.py took 0.152 seconds
[2026-07-31T12:00:05.002+0000] {processor.py:161} INFO - Started process (PID=6658) to work on /home/airflow/.local/lib/python3.12/site-packages/airflow/example_dags/example_short_circuit_operator.py
[2026-07-31T12:00:05.005+0000] {processor.py:830} INFO - Processing file /home/airflow/.local/lib/python3.12/site-packages/airflow/example_dags/example_short_circuit_operator.py for tasks to queue
[2026-07-31T12:00:05.009+0000] {logging_mixin.py:188} INFO - [2026-07-31T12:00:05.009+0000] {dagbag.py:545} INFO - Filling up the DagBag from /home/airflow/.local/lib/python3.12/site-packages/airflow/example_dags/example_short_circuit_operator.py
[2026-07-31T12:00:05.022+0000] {processor.py:840} INFO - DAG(s) 'example_short_circuit_operator' retrieved from /home/airflow/.local/lib/python3.12/site-packages/airflow/example_dags/example_short_circuit_operator.py
[2026-07-31T12:00:05.062+0000] {logging_mixin.py:188} INFO - [2026-07-31T12:00:05.062+0000] {dag.py:3089} INFO - Sync 1 DAGs
[2026-07-31T12:00:05.098+0000] {logging_mixin.py:188} INFO - [2026-07-31T12:00:05.097+0000] {dag.py:3947} INFO - Setting next_dagrun for example_short_circuit_operator to 2026-07-30 00:00:00+00:00, run_after=2026-07-31 00:00:00+00:00
[2026-07-31T12:00:05.126+0000] {processor.py:183} INFO - Processing /home/airflow/.local/lib/python3.12/site-packages/airflow/example_dags/example_short_circuit_operator.py took 0.134 seconds
[2026-07-31T12:00:35.401+0000] {processor.py:161} INFO - Started process (PID=6716) to work on /home/airflow/.local/lib/python3.12/site-packages/airflow/example_dags/example_short_circuit_operator.py
[2026-07-31T12:00:35.403+0000] {processor.py:830} INFO - Processing file /home/airflow/.local/lib/python3.12/site-packages/airflow/example_dags/example_short_circuit_operator.py for tasks to queue
[2026-07-31T12:00:35.407+0000] {logging_mixin.py:188} INFO - [2026-07-31T12:00:35.406+0000] {dagbag.py:545} INFO - Filling up the DagBag from /home/airflow/.local/lib/python3.12/site-packages/airflow/example_dags/example_short_circuit_operator.py
[2026-07-31T12:00:35.421+0000] {processor.py:840} INFO - DAG(s) 'example_short_circuit_operator' retrieved from /home/airflow/.local/lib/python3.12/site-packages/airflow/example_dags/example_short_circuit_operator.py
[2026-07-31T12:00:35.456+0000] {logging_mixin.py:188} INFO - [2026-07-31T12:00:35.456+0000] {dag.py:3089} INFO - Sync 1 DAGs
[2026-07-31T12:00:35.484+0000] {logging_mixin.py:188} INFO - [2026-07-31T12:00:35.483+0000] {dag.py:3947} INFO - Setting next_dagrun for example_short_circuit_operator to 2026-07-30 00:00:00+00:00, run_after=2026-07-31 00:00:00+00:00
[2026-07-31T12:00:35.505+0000] {processor.py:183} INFO - Processing /home/airflow/.local/lib/python3.12/site-packages/airflow/example_dags/example_short_circuit_operator.py took 0.111 seconds
[2026-07-31T12:01:06.417+0000] {processor.py:161} INFO - Started process (PID=6774) to work on /home/airflow/.local/lib/python3.12/site-packages/airflow/example_dags/example_short_circuit_operator.py
[2026-07-31T12:01:06.418+0000] {processor.py:830} INFO - Processing file /home/airflow/.local/lib/python3.12/site-packages/airflow/example_dags/example_short_circuit_operator.py for tasks to queue
[2026-07-31T12:01:06.421+0000] {logging_mixin.py:188} INFO - [2026-07-31T12:01:06.420+0000] {dagbag.py:545} INFO - Filling up the DagBag from /home/airflow/.local/lib/python3.12/site-packages/airflow/example_dags/example_short_circuit_operator.py
[2026-07-31T12:01:06.431+0000] {processor.py:840} INFO - DAG(s) 'example_short_circuit_operator' retrieved from /home/airflow/.local/lib/python3.12/site-packages/airflow/example_dags/example_short_circuit_operator.py
[2026-07-31T12:01:06.459+0000] {logging_mixin.py:188} INFO - [2026-07-31T12:01:06.458+0000] {dag.py:3089} INFO - Sync 1 DAGs
[2026-07-31T12:01:06.488+0000] {logging_mixin.py:188} INFO - [2026-07-31T12:01:06.488+0000] {dag.py:3947} INFO - Setting next_dagrun for example_short_circuit_operator to 2026-07-30 00:00:00+00:00, run_after=2026-07-31 00:00:00+00:00
[2026-07-31T12:01:06.514+0000] {processor.py:183} INFO - Processing /home/airflow/.local/lib/python3.12/site-packages/airflow/example_dags/example_short_circuit_operator.py took 0.105 seconds
[2026-07-31T12:01:36.763+0000] {processor.py:161} INFO - Started process (PID=6832) to work on /home/airflow/.local/lib/python3.12/site-packages/airflow/example_dags/example_short_circuit_operator.py
[2026-07-31T12:01:36.765+0000] {processor.py:830} INFO - Processing file /home/airflow/.local/lib/python3.12/site-packages/airflow/example_dags/example_short_circuit_operator.py for tasks to queue
[2026-07-31T12:01:36.768+0000] {logging_mixin.py:188} INFO - [2026-07-31T12:01:36.767+0000] {dagbag.py:545} INFO - Filling up the DagBag from /home/airflow/.local/lib/python3.12/site-packages/airflow/example_dags/example_short_circuit_operator.py
[2026-07-31T12:01:36.777+0000] {processor.py:840} INFO - DAG(s) 'example_short_circuit_operator' retrieved from /home/airflow/.local/lib/python3.12/site-packages/airflow/example_dags/example_short_circuit_operator.py
[2026-07-31T12:01:36.807+0000] {logging_mixin.py:188} INFO - [2026-07-31T12:01:36.806+0000] {dag.py:3089} INFO - Sync 1 DAGs
[2026-07-31T12:01:36.837+0000] {logging_mixin.py:188} INFO - [2026-07-31T12:01:36.837+0000] {dag.py:3947} INFO - Setting next_dagrun for example_short_circuit_operator to 2026-07-30 00:00:00+00:00, run_after=2026-07-31 00:00:00+00:00
[2026-07-31T12:01:36.865+0000] {processor.py:183} INFO - Processing /home/airflow/.local/lib/python3.12/site-packages/airflow/example_dags/example_short_circuit_operator.py took 0.110 seconds
[2026-07-31T12:02:07.885+0000] {processor.py:161} INFO - Started process (PID=6890) to work on /home/airflow/.local/lib/python3.12/site-packages/airflow/example_dags/example_short_circuit_operator.py
[2026-07-31T12:02:07.887+0000] {processor.py:830} INFO - Processing file /home/airflow/.local/lib/python3.12/site-packages/airflow/example_dags/example_short_circuit_operator.py for tasks to queue
[2026-07-31T12:02:07.891+0000] {logging_mixin.py:188} INFO - [2026-07-31T12:02:07.890+0000] {dagbag.py:545} INFO - Filling up the DagBag from /home/airflow/.local/lib/python3.12/site-packages/airflow/example_dags/example_short_circuit_operator.py
[2026-07-31T12:02:07.904+0000] {processor.py:840} INFO - DAG(s) 'example_short_circuit_operator' retrieved from /home/airflow/.local/lib/python3.12/site-packages/airflow/example_dags/example_short_circuit_operator.py
[2026-07-31T12:02:07.941+0000] {logging_mixin.py:188} INFO - [2026-07-31T12:02:07.940+0000] {dag.py:3089} INFO - Sync 1 DAGs
[2026-07-31T12:02:07.970+0000] {logging_mixin.py:188} INFO - [2026-07-31T12:02:07.970+0000] {dag.py:3947} INFO - Setting next_dagrun for example_short_circuit_operator to 2026-07-30 00:00:00+00:00, run_after=2026-07-31 00:00:00+00:00
[2026-07-31T12:02:08.010+0000] {processor.py:183} INFO - Processing /home/airflow/.local/lib/python3.12/site-packages/airflow/example_dags/example_short_circuit_operator.py took 0.134 seconds
[2026-07-31T12:02:38.901+0000] {processor.py:161} INFO - Started process (PID=6947) to work on /home/airflow/.local/lib/python3.12/site-packages/airflow/example_dags/example_short_circuit_operator.py
[2026-07-31T12:02:38.905+0000] {processor.py:830} INFO - Processing file /home/airflow/.local/lib/python3.12/site-packages/airflow/example_dags/example_short_circuit_operator.py for tasks to queue
[2026-07-31T12:02:38.919+0000] {logging_mixin.py:188} INFO - [2026-07-31T12:02:38.918+0000] {dagbag.py:545} INFO - Filling up the DagBag from /home/airflow/.local/lib/python3.12/site-packages/airflow/example_dags/example_short_circuit_operator.py
[2026-07-31T12:02:38.959+0000] {processor.py:840} INFO - DAG(s) 'example_short_circuit_operator' retrieved from /home/airflow/.local/lib/python3.12/site-packages/airflow/example_dags/example_short_circuit_operator.py
[2026-07-31T12:02:39.072+0000] {logging_mixin.py:188} INFO - [2026-07-31T12:02:39.071+0000] {dag.py:3089} INFO - Sync 1 DAGs
[2026-07-31T12:02:39.180+0000] {logging_mixin.py:188} INFO - [2026-07-31T12:02:39.179+0000] {dag.py:3947} INFO - Setting next_dagrun for example_short_circuit_operator to 2026-07-30 00:00:00+00:00, run_after=2026-07-31 00:00:00+00:00
[2026-07-31T12:02:39.237+0000] {processor.py:183} INFO - Processing /home/airflow/.local/lib/python3.12/site-packages/airflow/example_dags/example_short_circuit_operator.py took 0.363 seconds
[2026-07-31T12:03:09.861+0000] {processor.py:161} INFO - Started process (PID=7004) to work on /home/airflow/.local/lib/python3.12/site-packages/airflow/example_dags/example_short_circuit_operator.py
[2026-07-31T12:03:09.862+0000] {processor.py:830} INFO - Processing file /home/airflow/.local/lib/python3.12/site-packages/airflow/example_dags/example_short_circuit_operator.py for tasks to queue
[2026-07-31T12:03:09.865+0000] {logging_mixin.py:188} INFO - [2026-07-31T12:03:09.864+0000] {dagbag.py:545} INFO - Filling up the DagBag from /home/airflow/.local/lib/python3.12/site-packages/airflow/example_dags/example_short_circuit_operator.py
[2026-07-31T12:03:09.874+0000] {processor.py:840} INFO - DAG(s) 'example_short_circuit_operator' retrieved from /home/airflow/.local/lib/python3.12/site-packages/airflow/example_dags/example_short_circuit_operator.py
[2026-07-31T12:03:09.904+0000] {logging_mixin.py:188} INFO - [2026-07-31T12:03:09.904+0000] {dag.py:3089} INFO - Sync 1 DAGs
[2026-07-31T12:03:09.933+0000] {logging_mixin.py:188} INFO - [2026-07-31T12:03:09.933+0000] {dag.py:3947} INFO - Setting next_dagrun for example_short_circuit_operator to 2026-07-30 00:00:00+00:00, run_after=2026-07-31 00:00:00+00:00
[2026-07-31T12:03:09.958+0000] {processor.py:183} INFO - Processing /home/airflow/.local/lib/python3.12/site-packages/airflow/example_dags/example_short_circuit_operator.py took 0.105 seconds
[2026-07-31T12:03:40.181+0000] {processor.py:161} INFO - Started process (PID=7062) to work on /home/airflow/.local/lib/python3.12/site-packages/airflow/example_dags/example_short_circuit_operator.py
[2026-07-31T12:03:40.182+0000] {processor.py:830} INFO - Processing file /home/airflow/.local/lib/python3.12/site-packages/airflow/example_dags/example_short_circuit_operator.py for tasks to queue
[2026-07-31T12:03:40.185+0000] {logging_mixin.py:188} INFO - [2026-07-31T12:03:40.184+0000] {dagbag.py:545} INFO - Filling up the DagBag from /home/airflow/.local/lib/python3.12/site-packages/airflow/example_dags/example_short_circuit_operator.py
[2026-07-31T12:03:40.194+0000] {processor.py:840} INFO - DAG(s) 'example_short_circuit_operator' retrieved from /home/airflow/.local/lib/python3.12/site-packages/airflow/example_dags/example_short_circuit_operator.py
[2026-07-31T12:03:40.219+0000] {logging_mixin.py:188} INFO - [2026-07-31T12:03:40.219+0000] {dag.py:3089} INFO - Sync 1 DAGs
[2026-07-31T12:03:40.247+0000] {logging_mixin.py:188} INFO - [2026-07-31T12:03:40.247+0000] {dag.py:3947} INFO - Setting next_dagrun for example_short_circuit_operator to 2026-07-30 00:00:00+00:00, run_after=2026-07-31 00:00:00+00:00
[2026-07-31T12:03:40.270+0000] {processor.py:183} INFO - Processing /home/airflow/.local/lib/python3.12/site-packages/airflow/example_dags/example_short_circuit_operator.py took 0.096 seconds
[2026-07-31T12:04:10.547+0000] {processor.py:161} INFO - Started process (PID=7120) to work on /home/airflow/.local/lib/python3.12/site-packages/airflow/example_dags/example_short_circuit_operator.py
[2026-07-31T12:04:10.551+0000] {processor.py:830} INFO - Processing file /home/airflow/.local/lib/python3.12/site-packages/airflow/example_dags/example_short_circuit_operator.py for tasks to queue
[2026-07-31T12:04:10.557+0000] {logging_mixin.py:188} INFO - [2026-07-31T12:04:10.555+0000] {dagbag.py:545} INFO - Filling up the DagBag from /home/airflow/.local/lib/python3.12/site-packages/airflow/example_dags/example_short_circuit_operator.py
[2026-07-31T12:04:10.570+0000] {processor.py:840} INFO - DAG(s) 'example_short_circuit_operator' retrieved from /home/airflow/.local/lib/python3.12/site-packages/airflow/example_dags/example_short_circuit_operator.py
[2026-07-31T12:04:10.606+0000] {logging_mixin.py:188} INFO - [2026-07-31T12:04:10.605+0000] {dag.py:3089} INFO - Sync 1 DAGs
[2026-07-31T12:04:10.643+0000] {logging_mixin.py:188} INFO - [2026-07-31T12:04:10.642+0000] {dag.py:3947} INFO - Setting next_dagrun for example_short_circuit_operator to 2026-07-30 00:00:00+00:00, run_after=2026-07-31 00:00:00+00:00
[2026-07-31T12:04:10.669+0000] {processor.py:183} INFO - Processing /home/airflow/.local/lib/python3.12/site-packages/airflow/example_dags/example_short_circuit_operator.py took 0.140 seconds
[2026-07-31T12:04:40.924+0000] {processor.py:161} INFO - Started process (PID=7178) to work on /home/airflow/.local/lib/python3.12/site-packages/airflow/example_dags/example_short_circuit_operator.py
[2026-07-31T12:04:40.926+0000] {processor.py:830} INFO - Processing file /home/airflow/.local/lib/python3.12/site-packages/airflow/example_dags/example_short_circuit_operator.py for tasks to queue
[2026-07-31T12:04:40.930+0000] {logging_mixin.py:188} INFO - [2026-07-31T12:04:40.929+0000] {dagbag.py:545} INFO - Filling up the DagBag from /home/airflow/.local/lib/python3.12/site-packages/airflow/example_dags/example_short_circuit_operator.py
[2026-07-31T12:04:40.944+0000] {processor.py:840} INFO - DAG(s) 'example_short_circuit_operator' retrieved from /home/airflow/.local/lib/python3.12/site-packages/airflow/example_dags/example_short_circuit_operator.py
[2026-07-31T12:04:40.980+0000] {logging_mixin.py:188} INFO - [2026-07-31T12:04:40.979+0000] {dag.py:3089} INFO - Sync 1 DAGs
[2026-07-31T12:04:41.012+0000] {logging_mixin.py:188} INFO - [2026-07-31T12:04:41.011+0000] {dag.py:3947} INFO - Setting next_dagrun for example_short_circuit_operator to 2026-07-30 00:00:00+00:00, run_after=2026-07-31 00:00:00+00:00
[2026-07-31T12:04:41.039+0000] {processor.py:183} INFO - Processing /home/airflow/.local/lib/python3.12/site-packages/airflow/example_dags/example_short_circuit_operator.py took 0.131 seconds
[2026-07-31T12:05:12.511+0000] {processor.py:161} INFO - Started process (PID=7236) to work on /home/airflow/.local/lib/python3.12/site-packages/airflow/example_dags/example_short_circuit_operator.py
[2026-07-31T12:05:12.515+0000] {processor.py:830} INFO - Processing file /home/airflow/.local/lib/python3.12/site-packages/airflow/example_dags/example_short_circuit_operator.py for tasks to queue
[2026-07-31T12:05:12.529+0000] {logging_mixin.py:188} INFO - [2026-07-31T12:05:12.528+0000] {dagbag.py:545} INFO - Filling up the DagBag from /home/airflow/.local/lib/python3.12/site-packages/airflow/example_dags/example_short_circuit_operator.py
[2026-07-31T12:05:12.576+0000] {processor.py:840} INFO - DAG(s) 'example_short_circuit_operator' retrieved from /home/airflow/.local/lib/python3.12/site-packages/airflow/example_dags/example_short_circuit_operator.py
[2026-07-31T12:05:12.709+0000] {logging_mixin.py:188} INFO - [2026-07-31T12:05:12.708+0000] {dag.py:3089} INFO - Sync 1 DAGs
[2026-07-31T12:05:12.833+0000] {logging_mixin.py:188} INFO - [2026-07-31T12:05:12.832+0000] {dag.py:3947} INFO - Setting next_dagrun for example_short_circuit_operator to 2026-07-30 00:00:00+00:00, run_after=2026-07-31 00:00:00+00:00
[2026-07-31T12:05:12.948+0000] {processor.py:183} INFO - Processing /home/airflow/.local/lib/python3.12/site-packages/airflow/example_dags/example_short_circuit_operator.py took 0.461 seconds
[2026-07-31T12:05:44.029+0000] {processor.py:161} INFO - Started process (PID=7295) to work on /home/airflow/.local/lib/python3.12/site-packages/airflow/example_dags/example_short_circuit_operator.py
[2026-07-31T12:05:44.030+0000] {processor.py:830} INFO - Processing file /home/airflow/.local/lib/python3.12/site-packages/airflow/example_dags/example_short_circuit_operator.py for tasks to queue
[2026-07-31T12:05:44.033+0000] {logging_mixin.py:188} INFO - [2026-07-31T12:05:44.033+0000] {dagbag.py:545} INFO - Filling up the DagBag from /home/airflow/.local/lib/python3.12/site-packages/airflow/example_dags/example_short_circuit_operator.py
[2026-07-31T12:05:44.045+0000] {processor.py:840} INFO - DAG(s) 'example_short_circuit_operator' retrieved from /home/airflow/.local/lib/python3.12/site-packages/airflow/example_dags/example_short_circuit_operator.py
[2026-07-31T12:05:44.084+0000] {logging_mixin.py:188} INFO - [2026-07-31T12:05:44.083+0000] {dag.py:3089} INFO - Sync 1 DAGs
[2026-07-31T12:05:44.116+0000] {logging_mixin.py:188} INFO - [2026-07-31T12:05:44.115+0000] {dag.py:3947} INFO - Setting next_dagrun for example_short_circuit_operator to 2026-07-30 00:00:00+00:00, run_after=2026-07-31 00:00:00+00:00
[2026-07-31T12:05:44.148+0000] {processor.py:183} INFO - Processing /home/airflow/.local/lib/python3.12/site-packages/airflow/example_dags/example_short_circuit_operator.py took 0.131 seconds
[2026-07-31T12:06:14.341+0000] {processor.py:161} INFO - Started process (PID=7353) to work on /home/airflow/.local/lib/python3.12/site-packages/airflow/example_dags/example_short_circuit_operator.py
[2026-07-31T12:06:14.343+0000] {processor.py:830} INFO - Processing file /home/airflow/.local/lib/python3.12/site-packages/airflow/example_dags/example_short_circuit_operator.py for tasks to queue
[2026-07-31T12:06:14.347+0000] {logging_mixin.py:188} INFO - [2026-07-31T12:06:14.346+0000] {dagbag.py:545} INFO - Filling up the DagBag from /home/airflow/.local/lib/python3.12/site-packages/airflow/example_dags/example_short_circuit_operator.py
[2026-07-31T12:06:14.360+0000] {processor.py:840} INFO - DAG(s) 'example_short_circuit_operator' retrieved from /home/airflow/.local/lib/python3.12/site-packages/airflow/example_dags/example_short_circuit_operator.py
[2026-07-31T12:06:14.402+0000] {logging_mixin.py:188} INFO - [2026-07-31T12:06:14.402+0000] {dag.py:3089} INFO - Sync 1 DAGs
[2026-07-31T12:06:14.431+0000] {logging_mixin.py:188} INFO - [2026-07-31T12:06:14.430+0000] {dag.py:3947} INFO - Setting next_dagrun for example_short_circuit_operator to 2026-07-30 00:00:00+00:00, run_after=2026-07-31 00:00:00+00:00
[2026-07-31T12:06:14.457+0000] {processor.py:183} INFO - Processing /home/airflow/.local/lib/python3.12/site-packages/airflow/example_dags/example_short_circuit_operator.py took 0.123 seconds
[2026-07-31T12:06:44.664+0000] {processor.py:161} INFO - Started process (PID=7411) to work on /home/airflow/.local/lib/python3.12/site-packages/airflow/example_dags/example_short_circuit_operator.py
[2026-07-31T12:06:44.665+0000] {processor.py:830} INFO - Processing file /home/airflow/.local/lib/python3.12/site-packages/airflow/example_dags/example_short_circuit_operator.py for tasks to queue
[2026-07-31T12:06:44.668+0000] {logging_mixin.py:188} INFO - [2026-07-31T12:06:44.668+0000] {dagbag.py:545} INFO - Filling up the DagBag from /home/airflow/.local/lib/python3.12/site-packages/airflow/example_dags/example_short_circuit_operator.py
[2026-07-31T12:06:44.677+0000] {processor.py:840} INFO - DAG(s) 'example_short_circuit_operator' retrieved from /home/airflow/.local/lib/python3.12/site-packages/airflow/example_dags/example_short_circuit_operator.py
[2026-07-31T12:06:44.704+0000] {logging_mixin.py:188} INFO - [2026-07-31T12:06:44.704+0000] {dag.py:3089} INFO - Sync 1 DAGs
[2026-07-31T12:06:44.729+0000] {logging_mixin.py:188} INFO - [2026-07-31T12:06:44.729+0000] {dag.py:3947} INFO - Setting next_dagrun for example_short_circuit_operator to 2026-07-30 00:00:00+00:00, run_after=2026-07-31 00:00:00+00:00
[2026-07-31T12:06:44.754+0000] {processor.py:183} INFO - Processing /home/airflow/.local/lib/python3.12/site-packages/airflow/example_dags/example_short_circuit_operator.py took 0.097 seconds
[2026-07-31T12:07:15.247+0000] {processor.py:161} INFO - Started process (PID=7469) to work on /home/airflow/.local/lib/python3.12/site-packages/airflow/example_dags/example_short_circuit_operator.py
[2026-07-31T12:07:15.248+0000] {processor.py:830} INFO - Processing file /home/airflow/.local/lib/python3.12/site-packages/airflow/example_dags/example_short_circuit_operator.py for tasks to queue
[2026-07-31T12:07:15.251+0000] {logging_mixin.py:188} INFO - [2026-07-31T12:07:15.251+0000] {dagbag.py:545} INFO - Filling up the DagBag from /home/airflow/.local/lib/python3.12/site-packages/airflow/example_dags/example_short_circuit_operator.py
[2026-07-31T12:07:15.260+0000] {processor.py:840} INFO - DAG(s) 'example_short_circuit_operator' retrieved from /home/airflow/.local/lib/python3.12/site-packages/airflow/example_dags/example_short_circuit_operator.py
[2026-07-31T12:07:15.294+0000] {logging_mixin.py:188} INFO - [2026-07-31T12:07:15.294+0000] {dag.py:3089} INFO - Sync 1 DAGs
[2026-07-31T12:07:15.322+0000] {logging_mixin.py:188} INFO - [2026-07-31T12:07:15.321+0000] {dag.py:3947} INFO - Setting next_dagrun for example_short_circuit_operator to 2026-07-30 00:00:00+00:00, run_after=2026-07-31 00:00:00+00:00
[2026-07-31T12:07:15.346+0000] {processor.py:183} INFO - Processing /home/airflow/.local/lib/python3.12/site-packages/airflow/example_dags/example_short_circuit_operator.py took 0.106 seconds
