[2026-07-31T10:52:57.982+0000] {processor.py:161} INFO - Started process (PID=104) to work on /home/airflow/.local/lib/python3.12/site-packages/airflow/example_dags/example_branch_operator.py
[2026-07-31T10:52:57.992+0000] {processor.py:830} INFO - Processing file /home/airflow/.local/lib/python3.12/site-packages/airflow/example_dags/example_branch_operator.py for tasks to queue
[2026-07-31T10:52:58.078+0000] {logging_mixin.py:188} INFO - [2026-07-31T10:52:58.060+0000] {dagbag.py:545} INFO - Filling up the DagBag from /home/airflow/.local/lib/python3.12/site-packages/airflow/example_dags/example_branch_operator.py
[2026-07-31T10:52:58.323+0000] {processor.py:840} INFO - DAG(s) 'example_branch_operator' retrieved from /home/airflow/.local/lib/python3.12/site-packages/airflow/example_dags/example_branch_operator.py
[2026-07-31T10:53:00.118+0000] {logging_mixin.py:188} INFO - [2026-07-31T10:53:00.108+0000] {dag.py:3089} INFO - Sync 1 DAGs
[2026-07-31T10:53:00.696+0000] {logging_mixin.py:188} INFO - [2026-07-31T10:53:00.695+0000] {dag.py:3947} INFO - Setting next_dagrun for example_branch_operator to 2026-07-30 00:00:00+00:00, run_after=2026-07-31 00:00:00+00:00
[2026-07-31T10:53:01.158+0000] {processor.py:183} INFO - Processing /home/airflow/.local/lib/python3.12/site-packages/airflow/example_dags/example_branch_operator.py took 3.228 seconds
[2026-07-31T10:53:54.608+0000] {processor.py:161} INFO - Started process (PID=168) to work on /home/airflow/.local/lib/python3.12/site-packages/airflow/example_dags/example_branch_operator.py
[2026-07-31T10:53:54.614+0000] {processor.py:830} INFO - Processing file /home/airflow/.local/lib/python3.12/site-packages/airflow/example_dags/example_branch_operator.py for tasks to queue
[2026-07-31T10:53:54.623+0000] {logging_mixin.py:188} INFO - [2026-07-31T10:53:54.622+0000] {dagbag.py:545} INFO - Filling up the DagBag from /home/airflow/.local/lib/python3.12/site-packages/airflow/example_dags/example_branch_operator.py
[2026-07-31T10:53:54.965+0000] {processor.py:840} INFO - DAG(s) 'example_branch_operator' retrieved from /home/airflow/.local/lib/python3.12/site-packages/airflow/example_dags/example_branch_operator.py
[2026-07-31T10:53:55.114+0000] {logging_mixin.py:188} INFO - [2026-07-31T10:53:55.113+0000] {dag.py:3089} INFO - Sync 1 DAGs
[2026-07-31T10:53:55.247+0000] {logging_mixin.py:188} INFO - [2026-07-31T10:53:55.245+0000] {dag.py:3947} INFO - Setting next_dagrun for example_branch_operator to 2026-07-30 00:00:00+00:00, run_after=2026-07-31 00:00:00+00:00
[2026-07-31T10:53:55.344+0000] {processor.py:183} INFO - Processing /home/airflow/.local/lib/python3.12/site-packages/airflow/example_dags/example_branch_operator.py took 0.761 seconds
[2026-07-31T10:55:10.938+0000] {processor.py:161} INFO - Started process (PID=227) to work on /home/airflow/.local/lib/python3.12/site-packages/airflow/example_dags/example_branch_operator.py
[2026-07-31T10:55:10.952+0000] {processor.py:830} INFO - Processing file /home/airflow/.local/lib/python3.12/site-packages/airflow/example_dags/example_branch_operator.py for tasks to queue
[2026-07-31T10:55:10.983+0000] {logging_mixin.py:188} INFO - [2026-07-31T10:55:10.974+0000] {dagbag.py:545} INFO - Filling up the DagBag from /home/airflow/.local/lib/python3.12/site-packages/airflow/example_dags/example_branch_operator.py
[2026-07-31T10:55:11.130+0000] {processor.py:840} INFO - DAG(s) 'example_branch_operator' retrieved from /home/airflow/.local/lib/python3.12/site-packages/airflow/example_dags/example_branch_operator.py
[2026-07-31T10:55:11.504+0000] {logging_mixin.py:188} INFO - [2026-07-31T10:55:11.503+0000] {dag.py:3089} INFO - Sync 1 DAGs
[2026-07-31T10:55:11.867+0000] {logging_mixin.py:188} INFO - [2026-07-31T10:55:11.865+0000] {dag.py:3947} INFO - Setting next_dagrun for example_branch_operator to 2026-07-30 00:00:00+00:00, run_after=2026-07-31 00:00:00+00:00
[2026-07-31T10:55:12.103+0000] {processor.py:183} INFO - Processing /home/airflow/.local/lib/python3.12/site-packages/airflow/example_dags/example_branch_operator.py took 1.214 seconds
[2026-07-31T10:55:42.275+0000] {processor.py:161} INFO - Started process (PID=285) to work on /home/airflow/.local/lib/python3.12/site-packages/airflow/example_dags/example_branch_operator.py
[2026-07-31T10:55:42.279+0000] {processor.py:830} INFO - Processing file /home/airflow/.local/lib/python3.12/site-packages/airflow/example_dags/example_branch_operator.py for tasks to queue
[2026-07-31T10:55:42.295+0000] {logging_mixin.py:188} INFO - [2026-07-31T10:55:42.294+0000] {dagbag.py:545} INFO - Filling up the DagBag from /home/airflow/.local/lib/python3.12/site-packages/airflow/example_dags/example_branch_operator.py
[2026-07-31T10:55:42.389+0000] {processor.py:840} INFO - DAG(s) 'example_branch_operator' retrieved from /home/airflow/.local/lib/python3.12/site-packages/airflow/example_dags/example_branch_operator.py
[2026-07-31T10:55:42.482+0000] {logging_mixin.py:188} INFO - [2026-07-31T10:55:42.481+0000] {dag.py:3089} INFO - Sync 1 DAGs
[2026-07-31T10:55:42.598+0000] {logging_mixin.py:188} INFO - [2026-07-31T10:55:42.597+0000] {dag.py:3947} INFO - Setting next_dagrun for example_branch_operator to 2026-07-30 00:00:00+00:00, run_after=2026-07-31 00:00:00+00:00
[2026-07-31T10:55:42.680+0000] {processor.py:183} INFO - Processing /home/airflow/.local/lib/python3.12/site-packages/airflow/example_dags/example_branch_operator.py took 0.433 seconds
[2026-07-31T10:56:16.593+0000] {processor.py:161} INFO - Started process (PID=343) to work on /home/airflow/.local/lib/python3.12/site-packages/airflow/example_dags/example_branch_operator.py
[2026-07-31T10:56:16.615+0000] {processor.py:830} INFO - Processing file /home/airflow/.local/lib/python3.12/site-packages/airflow/example_dags/example_branch_operator.py for tasks to queue
[2026-07-31T10:56:16.625+0000] {logging_mixin.py:188} INFO - [2026-07-31T10:56:16.623+0000] {dagbag.py:545} INFO - Filling up the DagBag from /home/airflow/.local/lib/python3.12/site-packages/airflow/example_dags/example_branch_operator.py
[2026-07-31T10:56:16.706+0000] {processor.py:840} INFO - DAG(s) 'example_branch_operator' retrieved from /home/airflow/.local/lib/python3.12/site-packages/airflow/example_dags/example_branch_operator.py
[2026-07-31T10:56:16.793+0000] {logging_mixin.py:188} INFO - [2026-07-31T10:56:16.792+0000] {dag.py:3089} INFO - Sync 1 DAGs
[2026-07-31T10:56:16.857+0000] {logging_mixin.py:188} INFO - [2026-07-31T10:56:16.856+0000] {dag.py:3947} INFO - Setting next_dagrun for example_branch_operator to 2026-07-30 00:00:00+00:00, run_after=2026-07-31 00:00:00+00:00
[2026-07-31T10:56:16.894+0000] {processor.py:183} INFO - Processing /home/airflow/.local/lib/python3.12/site-packages/airflow/example_dags/example_branch_operator.py took 0.323 seconds
[2026-07-31T10:56:47.817+0000] {processor.py:161} INFO - Started process (PID=397) to work on /home/airflow/.local/lib/python3.12/site-packages/airflow/example_dags/example_branch_operator.py
[2026-07-31T10:56:47.825+0000] {processor.py:830} INFO - Processing file /home/airflow/.local/lib/python3.12/site-packages/airflow/example_dags/example_branch_operator.py for tasks to queue
[2026-07-31T10:56:47.831+0000] {logging_mixin.py:188} INFO - [2026-07-31T10:56:47.831+0000] {dagbag.py:545} INFO - Filling up the DagBag from /home/airflow/.local/lib/python3.12/site-packages/airflow/example_dags/example_branch_operator.py
[2026-07-31T10:56:47.945+0000] {processor.py:840} INFO - DAG(s) 'example_branch_operator' retrieved from /home/airflow/.local/lib/python3.12/site-packages/airflow/example_dags/example_branch_operator.py
[2026-07-31T10:56:48.136+0000] {logging_mixin.py:188} INFO - [2026-07-31T10:56:48.134+0000] {dag.py:3089} INFO - Sync 1 DAGs
[2026-07-31T10:56:48.245+0000] {logging_mixin.py:188} INFO - [2026-07-31T10:56:48.244+0000] {dag.py:3947} INFO - Setting next_dagrun for example_branch_operator to 2026-07-30 00:00:00+00:00, run_after=2026-07-31 00:00:00+00:00
[2026-07-31T10:56:48.333+0000] {processor.py:183} INFO - Processing /home/airflow/.local/lib/python3.12/site-packages/airflow/example_dags/example_branch_operator.py took 0.553 seconds
[2026-07-31T10:57:18.926+0000] {processor.py:161} INFO - Started process (PID=453) to work on /home/airflow/.local/lib/python3.12/site-packages/airflow/example_dags/example_branch_operator.py
[2026-07-31T10:57:18.946+0000] {processor.py:830} INFO - Processing file /home/airflow/.local/lib/python3.12/site-packages/airflow/example_dags/example_branch_operator.py for tasks to queue
[2026-07-31T10:57:19.031+0000] {logging_mixin.py:188} INFO - [2026-07-31T10:57:19.030+0000] {dagbag.py:545} INFO - Filling up the DagBag from /home/airflow/.local/lib/python3.12/site-packages/airflow/example_dags/example_branch_operator.py
[2026-07-31T10:57:19.225+0000] {processor.py:840} INFO - DAG(s) 'example_branch_operator' retrieved from /home/airflow/.local/lib/python3.12/site-packages/airflow/example_dags/example_branch_operator.py
[2026-07-31T10:57:19.456+0000] {logging_mixin.py:188} INFO - [2026-07-31T10:57:19.455+0000] {dag.py:3089} INFO - Sync 1 DAGs
[2026-07-31T10:57:19.616+0000] {logging_mixin.py:188} INFO - [2026-07-31T10:57:19.615+0000] {dag.py:3947} INFO - Setting next_dagrun for example_branch_operator to 2026-07-30 00:00:00+00:00, run_after=2026-07-31 00:00:00+00:00
[2026-07-31T10:57:19.777+0000] {processor.py:183} INFO - Processing /home/airflow/.local/lib/python3.12/site-packages/airflow/example_dags/example_branch_operator.py took 0.892 seconds
[2026-07-31T10:57:50.741+0000] {processor.py:161} INFO - Started process (PID=511) to work on /home/airflow/.local/lib/python3.12/site-packages/airflow/example_dags/example_branch_operator.py
[2026-07-31T10:57:50.744+0000] {processor.py:830} INFO - Processing file /home/airflow/.local/lib/python3.12/site-packages/airflow/example_dags/example_branch_operator.py for tasks to queue
[2026-07-31T10:57:50.749+0000] {logging_mixin.py:188} INFO - [2026-07-31T10:57:50.749+0000] {dagbag.py:545} INFO - Filling up the DagBag from /home/airflow/.local/lib/python3.12/site-packages/airflow/example_dags/example_branch_operator.py
[2026-07-31T10:57:50.820+0000] {processor.py:840} INFO - DAG(s) 'example_branch_operator' retrieved from /home/airflow/.local/lib/python3.12/site-packages/airflow/example_dags/example_branch_operator.py
[2026-07-31T10:57:50.887+0000] {logging_mixin.py:188} INFO - [2026-07-31T10:57:50.886+0000] {dag.py:3089} INFO - Sync 1 DAGs
[2026-07-31T10:57:50.946+0000] {logging_mixin.py:188} INFO - [2026-07-31T10:57:50.945+0000] {dag.py:3947} INFO - Setting next_dagrun for example_branch_operator to 2026-07-30 00:00:00+00:00, run_after=2026-07-31 00:00:00+00:00
[2026-07-31T10:57:50.988+0000] {processor.py:183} INFO - Processing /home/airflow/.local/lib/python3.12/site-packages/airflow/example_dags/example_branch_operator.py took 0.263 seconds
[2026-07-31T10:58:21.955+0000] {processor.py:161} INFO - Started process (PID=569) to work on /home/airflow/.local/lib/python3.12/site-packages/airflow/example_dags/example_branch_operator.py
[2026-07-31T10:58:21.959+0000] {processor.py:830} INFO - Processing file /home/airflow/.local/lib/python3.12/site-packages/airflow/example_dags/example_branch_operator.py for tasks to queue
[2026-07-31T10:58:21.966+0000] {logging_mixin.py:188} INFO - [2026-07-31T10:58:21.965+0000] {dagbag.py:545} INFO - Filling up the DagBag from /home/airflow/.local/lib/python3.12/site-packages/airflow/example_dags/example_branch_operator.py
[2026-07-31T10:58:22.047+0000] {processor.py:840} INFO - DAG(s) 'example_branch_operator' retrieved from /home/airflow/.local/lib/python3.12/site-packages/airflow/example_dags/example_branch_operator.py
[2026-07-31T10:58:22.186+0000] {logging_mixin.py:188} INFO - [2026-07-31T10:58:22.185+0000] {dag.py:3089} INFO - Sync 1 DAGs
[2026-07-31T10:58:22.306+0000] {logging_mixin.py:188} INFO - [2026-07-31T10:58:22.305+0000] {dag.py:3947} INFO - Setting next_dagrun for example_branch_operator to 2026-07-30 00:00:00+00:00, run_after=2026-07-31 00:00:00+00:00
[2026-07-31T10:58:22.357+0000] {processor.py:183} INFO - Processing /home/airflow/.local/lib/python3.12/site-packages/airflow/example_dags/example_branch_operator.py took 0.422 seconds
[2026-07-31T10:58:52.770+0000] {processor.py:161} INFO - Started process (PID=627) to work on /home/airflow/.local/lib/python3.12/site-packages/airflow/example_dags/example_branch_operator.py
[2026-07-31T10:58:52.772+0000] {processor.py:830} INFO - Processing file /home/airflow/.local/lib/python3.12/site-packages/airflow/example_dags/example_branch_operator.py for tasks to queue
[2026-07-31T10:58:52.775+0000] {logging_mixin.py:188} INFO - [2026-07-31T10:58:52.775+0000] {dagbag.py:545} INFO - Filling up the DagBag from /home/airflow/.local/lib/python3.12/site-packages/airflow/example_dags/example_branch_operator.py
[2026-07-31T10:58:52.801+0000] {processor.py:840} INFO - DAG(s) 'example_branch_operator' retrieved from /home/airflow/.local/lib/python3.12/site-packages/airflow/example_dags/example_branch_operator.py
[2026-07-31T10:58:52.843+0000] {logging_mixin.py:188} INFO - [2026-07-31T10:58:52.843+0000] {dag.py:3089} INFO - Sync 1 DAGs
[2026-07-31T10:58:52.882+0000] {logging_mixin.py:188} INFO - [2026-07-31T10:58:52.881+0000] {dag.py:3947} INFO - Setting next_dagrun for example_branch_operator to 2026-07-30 00:00:00+00:00, run_after=2026-07-31 00:00:00+00:00
[2026-07-31T10:58:52.927+0000] {processor.py:183} INFO - Processing /home/airflow/.local/lib/python3.12/site-packages/airflow/example_dags/example_branch_operator.py took 0.165 seconds
[2026-07-31T10:59:23.548+0000] {processor.py:161} INFO - Started process (PID=685) to work on /home/airflow/.local/lib/python3.12/site-packages/airflow/example_dags/example_branch_operator.py
[2026-07-31T10:59:23.552+0000] {processor.py:830} INFO - Processing file /home/airflow/.local/lib/python3.12/site-packages/airflow/example_dags/example_branch_operator.py for tasks to queue
[2026-07-31T10:59:23.563+0000] {logging_mixin.py:188} INFO - [2026-07-31T10:59:23.560+0000] {dagbag.py:545} INFO - Filling up the DagBag from /home/airflow/.local/lib/python3.12/site-packages/airflow/example_dags/example_branch_operator.py
[2026-07-31T10:59:23.725+0000] {processor.py:840} INFO - DAG(s) 'example_branch_operator' retrieved from /home/airflow/.local/lib/python3.12/site-packages/airflow/example_dags/example_branch_operator.py
[2026-07-31T10:59:23.996+0000] {logging_mixin.py:188} INFO - [2026-07-31T10:59:23.995+0000] {dag.py:3089} INFO - Sync 1 DAGs
[2026-07-31T10:59:24.343+0000] {logging_mixin.py:188} INFO - [2026-07-31T10:59:24.338+0000] {dag.py:3947} INFO - Setting next_dagrun for example_branch_operator to 2026-07-30 00:00:00+00:00, run_after=2026-07-31 00:00:00+00:00
[2026-07-31T10:59:24.468+0000] {processor.py:183} INFO - Processing /home/airflow/.local/lib/python3.12/site-packages/airflow/example_dags/example_branch_operator.py took 1.012 seconds
[2026-07-31T10:59:55.352+0000] {processor.py:161} INFO - Started process (PID=743) to work on /home/airflow/.local/lib/python3.12/site-packages/airflow/example_dags/example_branch_operator.py
[2026-07-31T10:59:55.355+0000] {processor.py:830} INFO - Processing file /home/airflow/.local/lib/python3.12/site-packages/airflow/example_dags/example_branch_operator.py for tasks to queue
[2026-07-31T10:59:55.360+0000] {logging_mixin.py:188} INFO - [2026-07-31T10:59:55.359+0000] {dagbag.py:545} INFO - Filling up the DagBag from /home/airflow/.local/lib/python3.12/site-packages/airflow/example_dags/example_branch_operator.py
[2026-07-31T10:59:55.402+0000] {processor.py:840} INFO - DAG(s) 'example_branch_operator' retrieved from /home/airflow/.local/lib/python3.12/site-packages/airflow/example_dags/example_branch_operator.py
[2026-07-31T10:59:55.473+0000] {logging_mixin.py:188} INFO - [2026-07-31T10:59:55.472+0000] {dag.py:3089} INFO - Sync 1 DAGs
[2026-07-31T10:59:55.538+0000] {logging_mixin.py:188} INFO - [2026-07-31T10:59:55.537+0000] {dag.py:3947} INFO - Setting next_dagrun for example_branch_operator to 2026-07-30 00:00:00+00:00, run_after=2026-07-31 00:00:00+00:00
[2026-07-31T10:59:55.580+0000] {processor.py:183} INFO - Processing /home/airflow/.local/lib/python3.12/site-packages/airflow/example_dags/example_branch_operator.py took 0.239 seconds
[2026-07-31T11:00:25.891+0000] {processor.py:161} INFO - Started process (PID=801) to work on /home/airflow/.local/lib/python3.12/site-packages/airflow/example_dags/example_branch_operator.py
[2026-07-31T11:00:25.895+0000] {processor.py:830} INFO - Processing file /home/airflow/.local/lib/python3.12/site-packages/airflow/example_dags/example_branch_operator.py for tasks to queue
[2026-07-31T11:00:25.900+0000] {logging_mixin.py:188} INFO - [2026-07-31T11:00:25.899+0000] {dagbag.py:545} INFO - Filling up the DagBag from /home/airflow/.local/lib/python3.12/site-packages/airflow/example_dags/example_branch_operator.py
[2026-07-31T11:00:25.933+0000] {processor.py:840} INFO - DAG(s) 'example_branch_operator' retrieved from /home/airflow/.local/lib/python3.12/site-packages/airflow/example_dags/example_branch_operator.py
[2026-07-31T11:00:25.989+0000] {logging_mixin.py:188} INFO - [2026-07-31T11:00:25.989+0000] {dag.py:3089} INFO - Sync 1 DAGs
[2026-07-31T11:00:26.039+0000] {logging_mixin.py:188} INFO - [2026-07-31T11:00:26.039+0000] {dag.py:3947} INFO - Setting next_dagrun for example_branch_operator to 2026-07-30 00:00:00+00:00, run_after=2026-07-31 00:00:00+00:00
[2026-07-31T11:00:26.087+0000] {processor.py:183} INFO - Processing /home/airflow/.local/lib/python3.12/site-packages/airflow/example_dags/example_branch_operator.py took 0.212 seconds
[2026-07-31T11:00:56.375+0000] {processor.py:161} INFO - Started process (PID=859) to work on /home/airflow/.local/lib/python3.12/site-packages/airflow/example_dags/example_branch_operator.py
[2026-07-31T11:00:56.385+0000] {processor.py:830} INFO - Processing file /home/airflow/.local/lib/python3.12/site-packages/airflow/example_dags/example_branch_operator.py for tasks to queue
[2026-07-31T11:00:56.390+0000] {logging_mixin.py:188} INFO - [2026-07-31T11:00:56.390+0000] {dagbag.py:545} INFO - Filling up the DagBag from /home/airflow/.local/lib/python3.12/site-packages/airflow/example_dags/example_branch_operator.py
[2026-07-31T11:00:56.424+0000] {processor.py:840} INFO - DAG(s) 'example_branch_operator' retrieved from /home/airflow/.local/lib/python3.12/site-packages/airflow/example_dags/example_branch_operator.py
[2026-07-31T11:00:56.487+0000] {logging_mixin.py:188} INFO - [2026-07-31T11:00:56.486+0000] {dag.py:3089} INFO - Sync 1 DAGs
[2026-07-31T11:00:56.550+0000] {logging_mixin.py:188} INFO - [2026-07-31T11:00:56.549+0000] {dag.py:3947} INFO - Setting next_dagrun for example_branch_operator to 2026-07-30 00:00:00+00:00, run_after=2026-07-31 00:00:00+00:00
[2026-07-31T11:00:56.609+0000] {processor.py:183} INFO - Processing /home/airflow/.local/lib/python3.12/site-packages/airflow/example_dags/example_branch_operator.py took 0.248 seconds
[2026-07-31T11:01:27.070+0000] {processor.py:161} INFO - Started process (PID=917) to work on /home/airflow/.local/lib/python3.12/site-packages/airflow/example_dags/example_branch_operator.py
[2026-07-31T11:01:27.071+0000] {processor.py:830} INFO - Processing file /home/airflow/.local/lib/python3.12/site-packages/airflow/example_dags/example_branch_operator.py for tasks to queue
[2026-07-31T11:01:27.074+0000] {logging_mixin.py:188} INFO - [2026-07-31T11:01:27.073+0000] {dagbag.py:545} INFO - Filling up the DagBag from /home/airflow/.local/lib/python3.12/site-packages/airflow/example_dags/example_branch_operator.py
[2026-07-31T11:01:27.095+0000] {processor.py:840} INFO - DAG(s) 'example_branch_operator' retrieved from /home/airflow/.local/lib/python3.12/site-packages/airflow/example_dags/example_branch_operator.py
[2026-07-31T11:01:27.153+0000] {logging_mixin.py:188} INFO - [2026-07-31T11:01:27.153+0000] {dag.py:3089} INFO - Sync 1 DAGs
[2026-07-31T11:01:27.199+0000] {logging_mixin.py:188} INFO - [2026-07-31T11:01:27.198+0000] {dag.py:3947} INFO - Setting next_dagrun for example_branch_operator to 2026-07-30 00:00:00+00:00, run_after=2026-07-31 00:00:00+00:00
[2026-07-31T11:01:27.237+0000] {processor.py:183} INFO - Processing /home/airflow/.local/lib/python3.12/site-packages/airflow/example_dags/example_branch_operator.py took 0.175 seconds
[2026-07-31T11:01:58.216+0000] {processor.py:161} INFO - Started process (PID=975) to work on /home/airflow/.local/lib/python3.12/site-packages/airflow/example_dags/example_branch_operator.py
[2026-07-31T11:01:58.224+0000] {processor.py:830} INFO - Processing file /home/airflow/.local/lib/python3.12/site-packages/airflow/example_dags/example_branch_operator.py for tasks to queue
[2026-07-31T11:01:58.240+0000] {logging_mixin.py:188} INFO - [2026-07-31T11:01:58.239+0000] {dagbag.py:545} INFO - Filling up the DagBag from /home/airflow/.local/lib/python3.12/site-packages/airflow/example_dags/example_branch_operator.py
[2026-07-31T11:01:58.434+0000] {processor.py:840} INFO - DAG(s) 'example_branch_operator' retrieved from /home/airflow/.local/lib/python3.12/site-packages/airflow/example_dags/example_branch_operator.py
[2026-07-31T11:01:58.572+0000] {logging_mixin.py:188} INFO - [2026-07-31T11:01:58.572+0000] {dag.py:3089} INFO - Sync 1 DAGs
[2026-07-31T11:01:58.673+0000] {logging_mixin.py:188} INFO - [2026-07-31T11:01:58.672+0000] {dag.py:3947} INFO - Setting next_dagrun for example_branch_operator to 2026-07-30 00:00:00+00:00, run_after=2026-07-31 00:00:00+00:00
[2026-07-31T11:01:58.754+0000] {processor.py:183} INFO - Processing /home/airflow/.local/lib/python3.12/site-packages/airflow/example_dags/example_branch_operator.py took 0.673 seconds
[2026-07-31T11:02:29.489+0000] {processor.py:161} INFO - Started process (PID=1032) to work on /home/airflow/.local/lib/python3.12/site-packages/airflow/example_dags/example_branch_operator.py
[2026-07-31T11:02:29.494+0000] {processor.py:830} INFO - Processing file /home/airflow/.local/lib/python3.12/site-packages/airflow/example_dags/example_branch_operator.py for tasks to queue
[2026-07-31T11:02:29.509+0000] {logging_mixin.py:188} INFO - [2026-07-31T11:02:29.508+0000] {dagbag.py:545} INFO - Filling up the DagBag from /home/airflow/.local/lib/python3.12/site-packages/airflow/example_dags/example_branch_operator.py
[2026-07-31T11:02:29.651+0000] {processor.py:840} INFO - DAG(s) 'example_branch_operator' retrieved from /home/airflow/.local/lib/python3.12/site-packages/airflow/example_dags/example_branch_operator.py
[2026-07-31T11:02:29.931+0000] {logging_mixin.py:188} INFO - [2026-07-31T11:02:29.930+0000] {dag.py:3089} INFO - Sync 1 DAGs
[2026-07-31T11:02:30.166+0000] {logging_mixin.py:188} INFO - [2026-07-31T11:02:30.164+0000] {dag.py:3947} INFO - Setting next_dagrun for example_branch_operator to 2026-07-30 00:00:00+00:00, run_after=2026-07-31 00:00:00+00:00
[2026-07-31T11:02:31.592+0000] {processor.py:183} INFO - Processing /home/airflow/.local/lib/python3.12/site-packages/airflow/example_dags/example_branch_operator.py took 2.145 seconds
[2026-07-31T11:03:02.056+0000] {processor.py:161} INFO - Started process (PID=1090) to work on /home/airflow/.local/lib/python3.12/site-packages/airflow/example_dags/example_branch_operator.py
[2026-07-31T11:03:02.060+0000] {processor.py:830} INFO - Processing file /home/airflow/.local/lib/python3.12/site-packages/airflow/example_dags/example_branch_operator.py for tasks to queue
[2026-07-31T11:03:02.067+0000] {logging_mixin.py:188} INFO - [2026-07-31T11:03:02.066+0000] {dagbag.py:545} INFO - Filling up the DagBag from /home/airflow/.local/lib/python3.12/site-packages/airflow/example_dags/example_branch_operator.py
[2026-07-31T11:03:02.136+0000] {processor.py:840} INFO - DAG(s) 'example_branch_operator' retrieved from /home/airflow/.local/lib/python3.12/site-packages/airflow/example_dags/example_branch_operator.py
[2026-07-31T11:03:02.264+0000] {logging_mixin.py:188} INFO - [2026-07-31T11:03:02.263+0000] {dag.py:3089} INFO - Sync 1 DAGs
[2026-07-31T11:03:02.344+0000] {logging_mixin.py:188} INFO - [2026-07-31T11:03:02.344+0000] {dag.py:3947} INFO - Setting next_dagrun for example_branch_operator to 2026-07-30 00:00:00+00:00, run_after=2026-07-31 00:00:00+00:00
[2026-07-31T11:03:02.414+0000] {processor.py:183} INFO - Processing /home/airflow/.local/lib/python3.12/site-packages/airflow/example_dags/example_branch_operator.py took 0.376 seconds
[2026-07-31T11:03:32.855+0000] {processor.py:161} INFO - Started process (PID=1147) to work on /home/airflow/.local/lib/python3.12/site-packages/airflow/example_dags/example_branch_operator.py
[2026-07-31T11:03:32.861+0000] {processor.py:830} INFO - Processing file /home/airflow/.local/lib/python3.12/site-packages/airflow/example_dags/example_branch_operator.py for tasks to queue
[2026-07-31T11:03:32.869+0000] {logging_mixin.py:188} INFO - [2026-07-31T11:03:32.868+0000] {dagbag.py:545} INFO - Filling up the DagBag from /home/airflow/.local/lib/python3.12/site-packages/airflow/example_dags/example_branch_operator.py
[2026-07-31T11:03:32.965+0000] {processor.py:840} INFO - DAG(s) 'example_branch_operator' retrieved from /home/airflow/.local/lib/python3.12/site-packages/airflow/example_dags/example_branch_operator.py
[2026-07-31T11:03:33.077+0000] {logging_mixin.py:188} INFO - [2026-07-31T11:03:33.076+0000] {dag.py:3089} INFO - Sync 1 DAGs
[2026-07-31T11:03:33.181+0000] {logging_mixin.py:188} INFO - [2026-07-31T11:03:33.180+0000] {dag.py:3947} INFO - Setting next_dagrun for example_branch_operator to 2026-07-30 00:00:00+00:00, run_after=2026-07-31 00:00:00+00:00
[2026-07-31T11:03:33.265+0000] {processor.py:183} INFO - Processing /home/airflow/.local/lib/python3.12/site-packages/airflow/example_dags/example_branch_operator.py took 0.442 seconds
[2026-07-31T11:04:03.807+0000] {processor.py:161} INFO - Started process (PID=1203) to work on /home/airflow/.local/lib/python3.12/site-packages/airflow/example_dags/example_branch_operator.py
[2026-07-31T11:04:03.813+0000] {processor.py:830} INFO - Processing file /home/airflow/.local/lib/python3.12/site-packages/airflow/example_dags/example_branch_operator.py for tasks to queue
[2026-07-31T11:04:03.825+0000] {logging_mixin.py:188} INFO - [2026-07-31T11:04:03.824+0000] {dagbag.py:545} INFO - Filling up the DagBag from /home/airflow/.local/lib/python3.12/site-packages/airflow/example_dags/example_branch_operator.py
[2026-07-31T11:04:03.921+0000] {processor.py:840} INFO - DAG(s) 'example_branch_operator' retrieved from /home/airflow/.local/lib/python3.12/site-packages/airflow/example_dags/example_branch_operator.py
[2026-07-31T11:04:04.148+0000] {logging_mixin.py:188} INFO - [2026-07-31T11:04:04.147+0000] {dag.py:3089} INFO - Sync 1 DAGs
[2026-07-31T11:04:04.257+0000] {logging_mixin.py:188} INFO - [2026-07-31T11:04:04.256+0000] {dag.py:3947} INFO - Setting next_dagrun for example_branch_operator to 2026-07-30 00:00:00+00:00, run_after=2026-07-31 00:00:00+00:00
[2026-07-31T11:04:04.389+0000] {processor.py:183} INFO - Processing /home/airflow/.local/lib/python3.12/site-packages/airflow/example_dags/example_branch_operator.py took 0.628 seconds
[2026-07-31T11:04:44.582+0000] {processor.py:161} INFO - Started process (PID=1267) to work on /home/airflow/.local/lib/python3.12/site-packages/airflow/example_dags/example_branch_operator.py
[2026-07-31T11:04:44.612+0000] {processor.py:830} INFO - Processing file /home/airflow/.local/lib/python3.12/site-packages/airflow/example_dags/example_branch_operator.py for tasks to queue
[2026-07-31T11:04:44.661+0000] {logging_mixin.py:188} INFO - [2026-07-31T11:04:44.660+0000] {dagbag.py:545} INFO - Filling up the DagBag from /home/airflow/.local/lib/python3.12/site-packages/airflow/example_dags/example_branch_operator.py
[2026-07-31T11:04:44.897+0000] {processor.py:840} INFO - DAG(s) 'example_branch_operator' retrieved from /home/airflow/.local/lib/python3.12/site-packages/airflow/example_dags/example_branch_operator.py
[2026-07-31T11:04:45.385+0000] {logging_mixin.py:188} INFO - [2026-07-31T11:04:45.384+0000] {dag.py:3089} INFO - Sync 1 DAGs
[2026-07-31T11:04:46.164+0000] {logging_mixin.py:188} INFO - [2026-07-31T11:04:46.163+0000] {dag.py:3947} INFO - Setting next_dagrun for example_branch_operator to 2026-07-30 00:00:00+00:00, run_after=2026-07-31 00:00:00+00:00
[2026-07-31T11:04:46.402+0000] {processor.py:183} INFO - Processing /home/airflow/.local/lib/python3.12/site-packages/airflow/example_dags/example_branch_operator.py took 1.892 seconds
[2026-07-31T11:05:36.445+0000] {processor.py:161} INFO - Started process (PID=1304) to work on /home/airflow/.local/lib/python3.12/site-packages/airflow/example_dags/example_branch_operator.py
[2026-07-31T11:05:36.449+0000] {processor.py:830} INFO - Processing file /home/airflow/.local/lib/python3.12/site-packages/airflow/example_dags/example_branch_operator.py for tasks to queue
[2026-07-31T11:05:36.461+0000] {logging_mixin.py:188} INFO - [2026-07-31T11:05:36.460+0000] {dagbag.py:545} INFO - Filling up the DagBag from /home/airflow/.local/lib/python3.12/site-packages/airflow/example_dags/example_branch_operator.py
[2026-07-31T11:05:36.583+0000] {processor.py:840} INFO - DAG(s) 'example_branch_operator' retrieved from /home/airflow/.local/lib/python3.12/site-packages/airflow/example_dags/example_branch_operator.py
[2026-07-31T11:05:36.795+0000] {logging_mixin.py:188} INFO - [2026-07-31T11:05:36.793+0000] {dag.py:3089} INFO - Sync 1 DAGs
[2026-07-31T11:05:36.964+0000] {logging_mixin.py:188} INFO - [2026-07-31T11:05:36.963+0000] {dag.py:3947} INFO - Setting next_dagrun for example_branch_operator to 2026-07-30 00:00:00+00:00, run_after=2026-07-31 00:00:00+00:00
[2026-07-31T11:05:37.122+0000] {processor.py:183} INFO - Processing /home/airflow/.local/lib/python3.12/site-packages/airflow/example_dags/example_branch_operator.py took 0.702 seconds
[2026-07-31T11:06:13.068+0000] {processor.py:161} INFO - Started process (PID=1356) to work on /home/airflow/.local/lib/python3.12/site-packages/airflow/example_dags/example_branch_operator.py
[2026-07-31T11:06:13.072+0000] {processor.py:830} INFO - Processing file /home/airflow/.local/lib/python3.12/site-packages/airflow/example_dags/example_branch_operator.py for tasks to queue
[2026-07-31T11:06:13.093+0000] {logging_mixin.py:188} INFO - [2026-07-31T11:06:13.088+0000] {dagbag.py:545} INFO - Filling up the DagBag from /home/airflow/.local/lib/python3.12/site-packages/airflow/example_dags/example_branch_operator.py
[2026-07-31T11:06:13.239+0000] {processor.py:840} INFO - DAG(s) 'example_branch_operator' retrieved from /home/airflow/.local/lib/python3.12/site-packages/airflow/example_dags/example_branch_operator.py
[2026-07-31T11:06:13.399+0000] {logging_mixin.py:188} INFO - [2026-07-31T11:06:13.398+0000] {dag.py:3089} INFO - Sync 1 DAGs
[2026-07-31T11:06:13.524+0000] {logging_mixin.py:188} INFO - [2026-07-31T11:06:13.523+0000] {dag.py:3947} INFO - Setting next_dagrun for example_branch_operator to 2026-07-30 00:00:00+00:00, run_after=2026-07-31 00:00:00+00:00
[2026-07-31T11:06:13.649+0000] {processor.py:183} INFO - Processing /home/airflow/.local/lib/python3.12/site-packages/airflow/example_dags/example_branch_operator.py took 0.602 seconds
[2026-07-31T11:06:48.551+0000] {processor.py:161} INFO - Started process (PID=1414) to work on /home/airflow/.local/lib/python3.12/site-packages/airflow/example_dags/example_branch_operator.py
[2026-07-31T11:06:48.559+0000] {processor.py:830} INFO - Processing file /home/airflow/.local/lib/python3.12/site-packages/airflow/example_dags/example_branch_operator.py for tasks to queue
[2026-07-31T11:06:48.592+0000] {logging_mixin.py:188} INFO - [2026-07-31T11:06:48.590+0000] {dagbag.py:545} INFO - Filling up the DagBag from /home/airflow/.local/lib/python3.12/site-packages/airflow/example_dags/example_branch_operator.py
[2026-07-31T11:06:48.759+0000] {processor.py:840} INFO - DAG(s) 'example_branch_operator' retrieved from /home/airflow/.local/lib/python3.12/site-packages/airflow/example_dags/example_branch_operator.py
[2026-07-31T11:06:48.942+0000] {logging_mixin.py:188} INFO - [2026-07-31T11:06:48.941+0000] {dag.py:3089} INFO - Sync 1 DAGs
[2026-07-31T11:06:49.042+0000] {logging_mixin.py:188} INFO - [2026-07-31T11:06:49.041+0000] {dag.py:3947} INFO - Setting next_dagrun for example_branch_operator to 2026-07-30 00:00:00+00:00, run_after=2026-07-31 00:00:00+00:00
[2026-07-31T11:06:49.112+0000] {processor.py:183} INFO - Processing /home/airflow/.local/lib/python3.12/site-packages/airflow/example_dags/example_branch_operator.py took 0.668 seconds
[2026-07-31T11:07:36.312+0000] {processor.py:161} INFO - Started process (PID=1476) to work on /home/airflow/.local/lib/python3.12/site-packages/airflow/example_dags/example_branch_operator.py
[2026-07-31T11:07:36.323+0000] {processor.py:830} INFO - Processing file /home/airflow/.local/lib/python3.12/site-packages/airflow/example_dags/example_branch_operator.py for tasks to queue
[2026-07-31T11:07:36.343+0000] {logging_mixin.py:188} INFO - [2026-07-31T11:07:36.342+0000] {dagbag.py:545} INFO - Filling up the DagBag from /home/airflow/.local/lib/python3.12/site-packages/airflow/example_dags/example_branch_operator.py
[2026-07-31T11:07:36.590+0000] {processor.py:840} INFO - DAG(s) 'example_branch_operator' retrieved from /home/airflow/.local/lib/python3.12/site-packages/airflow/example_dags/example_branch_operator.py
[2026-07-31T11:07:37.050+0000] {logging_mixin.py:188} INFO - [2026-07-31T11:07:37.048+0000] {dag.py:3089} INFO - Sync 1 DAGs
[2026-07-31T11:07:37.497+0000] {logging_mixin.py:188} INFO - [2026-07-31T11:07:37.496+0000] {dag.py:3947} INFO - Setting next_dagrun for example_branch_operator to 2026-07-30 00:00:00+00:00, run_after=2026-07-31 00:00:00+00:00
[2026-07-31T11:07:37.688+0000] {processor.py:183} INFO - Processing /home/airflow/.local/lib/python3.12/site-packages/airflow/example_dags/example_branch_operator.py took 1.448 seconds
[2026-07-31T11:08:41.488+0000] {processor.py:161} INFO - Started process (PID=1545) to work on /home/airflow/.local/lib/python3.12/site-packages/airflow/example_dags/example_branch_operator.py
[2026-07-31T11:08:41.516+0000] {processor.py:830} INFO - Processing file /home/airflow/.local/lib/python3.12/site-packages/airflow/example_dags/example_branch_operator.py for tasks to queue
[2026-07-31T11:08:41.542+0000] {logging_mixin.py:188} INFO - [2026-07-31T11:08:41.539+0000] {dagbag.py:545} INFO - Filling up the DagBag from /home/airflow/.local/lib/python3.12/site-packages/airflow/example_dags/example_branch_operator.py
[2026-07-31T11:08:41.761+0000] {processor.py:840} INFO - DAG(s) 'example_branch_operator' retrieved from /home/airflow/.local/lib/python3.12/site-packages/airflow/example_dags/example_branch_operator.py
[2026-07-31T11:08:42.085+0000] {logging_mixin.py:188} INFO - [2026-07-31T11:08:42.084+0000] {dag.py:3089} INFO - Sync 1 DAGs
[2026-07-31T11:08:42.230+0000] {logging_mixin.py:188} INFO - [2026-07-31T11:08:42.229+0000] {dag.py:3947} INFO - Setting next_dagrun for example_branch_operator to 2026-07-30 00:00:00+00:00, run_after=2026-07-31 00:00:00+00:00
[2026-07-31T11:08:42.333+0000] {processor.py:183} INFO - Processing /home/airflow/.local/lib/python3.12/site-packages/airflow/example_dags/example_branch_operator.py took 0.908 seconds
[2026-07-31T11:09:28.133+0000] {processor.py:161} INFO - Started process (PID=1590) to work on /home/airflow/.local/lib/python3.12/site-packages/airflow/example_dags/example_branch_operator.py
[2026-07-31T11:09:28.168+0000] {processor.py:830} INFO - Processing file /home/airflow/.local/lib/python3.12/site-packages/airflow/example_dags/example_branch_operator.py for tasks to queue
[2026-07-31T11:09:28.193+0000] {logging_mixin.py:188} INFO - [2026-07-31T11:09:28.184+0000] {dagbag.py:545} INFO - Filling up the DagBag from /home/airflow/.local/lib/python3.12/site-packages/airflow/example_dags/example_branch_operator.py
[2026-07-31T11:09:28.403+0000] {processor.py:840} INFO - DAG(s) 'example_branch_operator' retrieved from /home/airflow/.local/lib/python3.12/site-packages/airflow/example_dags/example_branch_operator.py
[2026-07-31T11:09:28.768+0000] {logging_mixin.py:188} INFO - [2026-07-31T11:09:28.766+0000] {dag.py:3089} INFO - Sync 1 DAGs
[2026-07-31T11:09:29.159+0000] {logging_mixin.py:188} INFO - [2026-07-31T11:09:29.159+0000] {dag.py:3947} INFO - Setting next_dagrun for example_branch_operator to 2026-07-30 00:00:00+00:00, run_after=2026-07-31 00:00:00+00:00
[2026-07-31T11:09:35.441+0000] {processor.py:183} INFO - Processing /home/airflow/.local/lib/python3.12/site-packages/airflow/example_dags/example_branch_operator.py took 7.376 seconds
[2026-07-31T11:10:24.110+0000] {processor.py:161} INFO - Started process (PID=1646) to work on /home/airflow/.local/lib/python3.12/site-packages/airflow/example_dags/example_branch_operator.py
[2026-07-31T11:10:24.129+0000] {processor.py:830} INFO - Processing file /home/airflow/.local/lib/python3.12/site-packages/airflow/example_dags/example_branch_operator.py for tasks to queue
[2026-07-31T11:10:24.162+0000] {logging_mixin.py:188} INFO - [2026-07-31T11:10:24.145+0000] {dagbag.py:545} INFO - Filling up the DagBag from /home/airflow/.local/lib/python3.12/site-packages/airflow/example_dags/example_branch_operator.py
[2026-07-31T11:10:24.569+0000] {processor.py:840} INFO - DAG(s) 'example_branch_operator' retrieved from /home/airflow/.local/lib/python3.12/site-packages/airflow/example_dags/example_branch_operator.py
[2026-07-31T11:10:24.819+0000] {logging_mixin.py:188} INFO - [2026-07-31T11:10:24.816+0000] {dag.py:3089} INFO - Sync 1 DAGs
[2026-07-31T11:10:25.098+0000] {logging_mixin.py:188} INFO - [2026-07-31T11:10:25.097+0000] {dag.py:3947} INFO - Setting next_dagrun for example_branch_operator to 2026-07-30 00:00:00+00:00, run_after=2026-07-31 00:00:00+00:00
[2026-07-31T11:10:25.265+0000] {processor.py:183} INFO - Processing /home/airflow/.local/lib/python3.12/site-packages/airflow/example_dags/example_branch_operator.py took 1.246 seconds
[2026-07-31T11:11:03.110+0000] {processor.py:161} INFO - Started process (PID=1706) to work on /home/airflow/.local/lib/python3.12/site-packages/airflow/example_dags/example_branch_operator.py
[2026-07-31T11:11:03.115+0000] {processor.py:830} INFO - Processing file /home/airflow/.local/lib/python3.12/site-packages/airflow/example_dags/example_branch_operator.py for tasks to queue
[2026-07-31T11:11:03.130+0000] {logging_mixin.py:188} INFO - [2026-07-31T11:11:03.128+0000] {dagbag.py:545} INFO - Filling up the DagBag from /home/airflow/.local/lib/python3.12/site-packages/airflow/example_dags/example_branch_operator.py
[2026-07-31T11:11:03.233+0000] {processor.py:840} INFO - DAG(s) 'example_branch_operator' retrieved from /home/airflow/.local/lib/python3.12/site-packages/airflow/example_dags/example_branch_operator.py
[2026-07-31T11:11:03.358+0000] {logging_mixin.py:188} INFO - [2026-07-31T11:11:03.357+0000] {dag.py:3089} INFO - Sync 1 DAGs
[2026-07-31T11:11:03.482+0000] {logging_mixin.py:188} INFO - [2026-07-31T11:11:03.481+0000] {dag.py:3947} INFO - Setting next_dagrun for example_branch_operator to 2026-07-30 00:00:00+00:00, run_after=2026-07-31 00:00:00+00:00
[2026-07-31T11:11:03.698+0000] {processor.py:183} INFO - Processing /home/airflow/.local/lib/python3.12/site-packages/airflow/example_dags/example_branch_operator.py took 0.613 seconds
[2026-07-31T11:11:55.628+0000] {processor.py:161} INFO - Started process (PID=1740) to work on /home/airflow/.local/lib/python3.12/site-packages/airflow/example_dags/example_branch_operator.py
[2026-07-31T11:11:55.641+0000] {processor.py:830} INFO - Processing file /home/airflow/.local/lib/python3.12/site-packages/airflow/example_dags/example_branch_operator.py for tasks to queue
[2026-07-31T11:11:55.654+0000] {logging_mixin.py:188} INFO - [2026-07-31T11:11:55.648+0000] {dagbag.py:545} INFO - Filling up the DagBag from /home/airflow/.local/lib/python3.12/site-packages/airflow/example_dags/example_branch_operator.py
[2026-07-31T11:11:55.819+0000] {processor.py:840} INFO - DAG(s) 'example_branch_operator' retrieved from /home/airflow/.local/lib/python3.12/site-packages/airflow/example_dags/example_branch_operator.py
[2026-07-31T11:11:57.163+0000] {logging_mixin.py:188} INFO - [2026-07-31T11:11:57.160+0000] {dag.py:3089} INFO - Sync 1 DAGs
[2026-07-31T11:11:57.512+0000] {logging_mixin.py:188} INFO - [2026-07-31T11:11:57.511+0000] {dag.py:3947} INFO - Setting next_dagrun for example_branch_operator to 2026-07-30 00:00:00+00:00, run_after=2026-07-31 00:00:00+00:00
[2026-07-31T11:11:57.812+0000] {processor.py:183} INFO - Processing /home/airflow/.local/lib/python3.12/site-packages/airflow/example_dags/example_branch_operator.py took 2.239 seconds
[2026-07-31T11:12:28.039+0000] {processor.py:161} INFO - Started process (PID=1798) to work on /home/airflow/.local/lib/python3.12/site-packages/airflow/example_dags/example_branch_operator.py
[2026-07-31T11:12:28.042+0000] {processor.py:830} INFO - Processing file /home/airflow/.local/lib/python3.12/site-packages/airflow/example_dags/example_branch_operator.py for tasks to queue
[2026-07-31T11:12:28.047+0000] {logging_mixin.py:188} INFO - [2026-07-31T11:12:28.046+0000] {dagbag.py:545} INFO - Filling up the DagBag from /home/airflow/.local/lib/python3.12/site-packages/airflow/example_dags/example_branch_operator.py
[2026-07-31T11:12:28.085+0000] {processor.py:840} INFO - DAG(s) 'example_branch_operator' retrieved from /home/airflow/.local/lib/python3.12/site-packages/airflow/example_dags/example_branch_operator.py
[2026-07-31T11:12:28.146+0000] {logging_mixin.py:188} INFO - [2026-07-31T11:12:28.146+0000] {dag.py:3089} INFO - Sync 1 DAGs
[2026-07-31T11:12:28.210+0000] {logging_mixin.py:188} INFO - [2026-07-31T11:12:28.209+0000] {dag.py:3947} INFO - Setting next_dagrun for example_branch_operator to 2026-07-30 00:00:00+00:00, run_after=2026-07-31 00:00:00+00:00
[2026-07-31T11:12:28.272+0000] {processor.py:183} INFO - Processing /home/airflow/.local/lib/python3.12/site-packages/airflow/example_dags/example_branch_operator.py took 0.249 seconds
[2026-07-31T11:13:09.350+0000] {processor.py:161} INFO - Started process (PID=1862) to work on /home/airflow/.local/lib/python3.12/site-packages/airflow/example_dags/example_branch_operator.py
[2026-07-31T11:13:09.355+0000] {processor.py:830} INFO - Processing file /home/airflow/.local/lib/python3.12/site-packages/airflow/example_dags/example_branch_operator.py for tasks to queue
[2026-07-31T11:13:09.367+0000] {logging_mixin.py:188} INFO - [2026-07-31T11:13:09.364+0000] {dagbag.py:545} INFO - Filling up the DagBag from /home/airflow/.local/lib/python3.12/site-packages/airflow/example_dags/example_branch_operator.py
[2026-07-31T11:13:09.434+0000] {processor.py:840} INFO - DAG(s) 'example_branch_operator' retrieved from /home/airflow/.local/lib/python3.12/site-packages/airflow/example_dags/example_branch_operator.py
[2026-07-31T11:13:09.606+0000] {logging_mixin.py:188} INFO - [2026-07-31T11:13:09.605+0000] {dag.py:3089} INFO - Sync 1 DAGs
[2026-07-31T11:13:09.758+0000] {logging_mixin.py:188} INFO - [2026-07-31T11:13:09.757+0000] {dag.py:3947} INFO - Setting next_dagrun for example_branch_operator to 2026-07-30 00:00:00+00:00, run_after=2026-07-31 00:00:00+00:00
[2026-07-31T11:13:09.887+0000] {processor.py:183} INFO - Processing /home/airflow/.local/lib/python3.12/site-packages/airflow/example_dags/example_branch_operator.py took 0.580 seconds
[2026-07-31T11:13:40.785+0000] {processor.py:161} INFO - Started process (PID=1918) to work on /home/airflow/.local/lib/python3.12/site-packages/airflow/example_dags/example_branch_operator.py
[2026-07-31T11:13:40.797+0000] {processor.py:830} INFO - Processing file /home/airflow/.local/lib/python3.12/site-packages/airflow/example_dags/example_branch_operator.py for tasks to queue
[2026-07-31T11:13:40.816+0000] {logging_mixin.py:188} INFO - [2026-07-31T11:13:40.813+0000] {dagbag.py:545} INFO - Filling up the DagBag from /home/airflow/.local/lib/python3.12/site-packages/airflow/example_dags/example_branch_operator.py
[2026-07-31T11:13:41.122+0000] {processor.py:840} INFO - DAG(s) 'example_branch_operator' retrieved from /home/airflow/.local/lib/python3.12/site-packages/airflow/example_dags/example_branch_operator.py
[2026-07-31T11:13:41.479+0000] {logging_mixin.py:188} INFO - [2026-07-31T11:13:41.478+0000] {dag.py:3089} INFO - Sync 1 DAGs
[2026-07-31T11:13:41.843+0000] {logging_mixin.py:188} INFO - [2026-07-31T11:13:41.838+0000] {dag.py:3947} INFO - Setting next_dagrun for example_branch_operator to 2026-07-30 00:00:00+00:00, run_after=2026-07-31 00:00:00+00:00
[2026-07-31T11:13:42.343+0000] {processor.py:183} INFO - Processing /home/airflow/.local/lib/python3.12/site-packages/airflow/example_dags/example_branch_operator.py took 1.617 seconds
[2026-07-31T11:14:21.269+0000] {processor.py:161} INFO - Started process (PID=1968) to work on /home/airflow/.local/lib/python3.12/site-packages/airflow/example_dags/example_branch_operator.py
[2026-07-31T11:14:21.292+0000] {processor.py:830} INFO - Processing file /home/airflow/.local/lib/python3.12/site-packages/airflow/example_dags/example_branch_operator.py for tasks to queue
[2026-07-31T11:14:21.455+0000] {logging_mixin.py:188} INFO - [2026-07-31T11:14:21.430+0000] {dagbag.py:545} INFO - Filling up the DagBag from /home/airflow/.local/lib/python3.12/site-packages/airflow/example_dags/example_branch_operator.py
[2026-07-31T11:14:22.885+0000] {processor.py:840} INFO - DAG(s) 'example_branch_operator' retrieved from /home/airflow/.local/lib/python3.12/site-packages/airflow/example_dags/example_branch_operator.py
[2026-07-31T11:14:23.535+0000] {logging_mixin.py:188} INFO - [2026-07-31T11:14:23.534+0000] {dag.py:3089} INFO - Sync 1 DAGs
[2026-07-31T11:14:24.273+0000] {logging_mixin.py:188} INFO - [2026-07-31T11:14:24.269+0000] {dag.py:3947} INFO - Setting next_dagrun for example_branch_operator to 2026-07-30 00:00:00+00:00, run_after=2026-07-31 00:00:00+00:00
[2026-07-31T11:14:24.656+0000] {processor.py:183} INFO - Processing /home/airflow/.local/lib/python3.12/site-packages/airflow/example_dags/example_branch_operator.py took 3.756 seconds
[2026-07-31T11:14:55.028+0000] {processor.py:161} INFO - Started process (PID=2027) to work on /home/airflow/.local/lib/python3.12/site-packages/airflow/example_dags/example_branch_operator.py
[2026-07-31T11:14:55.031+0000] {processor.py:830} INFO - Processing file /home/airflow/.local/lib/python3.12/site-packages/airflow/example_dags/example_branch_operator.py for tasks to queue
[2026-07-31T11:14:55.037+0000] {logging_mixin.py:188} INFO - [2026-07-31T11:14:55.036+0000] {dagbag.py:545} INFO - Filling up the DagBag from /home/airflow/.local/lib/python3.12/site-packages/airflow/example_dags/example_branch_operator.py
[2026-07-31T11:14:55.082+0000] {processor.py:840} INFO - DAG(s) 'example_branch_operator' retrieved from /home/airflow/.local/lib/python3.12/site-packages/airflow/example_dags/example_branch_operator.py
[2026-07-31T11:14:55.151+0000] {logging_mixin.py:188} INFO - [2026-07-31T11:14:55.150+0000] {dag.py:3089} INFO - Sync 1 DAGs
[2026-07-31T11:14:55.211+0000] {logging_mixin.py:188} INFO - [2026-07-31T11:14:55.210+0000] {dag.py:3947} INFO - Setting next_dagrun for example_branch_operator to 2026-07-30 00:00:00+00:00, run_after=2026-07-31 00:00:00+00:00
[2026-07-31T11:14:55.258+0000] {processor.py:183} INFO - Processing /home/airflow/.local/lib/python3.12/site-packages/airflow/example_dags/example_branch_operator.py took 0.247 seconds
[2026-07-31T11:15:25.506+0000] {processor.py:161} INFO - Started process (PID=2085) to work on /home/airflow/.local/lib/python3.12/site-packages/airflow/example_dags/example_branch_operator.py
[2026-07-31T11:15:25.515+0000] {processor.py:830} INFO - Processing file /home/airflow/.local/lib/python3.12/site-packages/airflow/example_dags/example_branch_operator.py for tasks to queue
[2026-07-31T11:15:25.537+0000] {logging_mixin.py:188} INFO - [2026-07-31T11:15:25.534+0000] {dagbag.py:545} INFO - Filling up the DagBag from /home/airflow/.local/lib/python3.12/site-packages/airflow/example_dags/example_branch_operator.py
[2026-07-31T11:15:25.680+0000] {processor.py:840} INFO - DAG(s) 'example_branch_operator' retrieved from /home/airflow/.local/lib/python3.12/site-packages/airflow/example_dags/example_branch_operator.py
[2026-07-31T11:15:25.904+0000] {logging_mixin.py:188} INFO - [2026-07-31T11:15:25.903+0000] {dag.py:3089} INFO - Sync 1 DAGs
[2026-07-31T11:15:26.075+0000] {logging_mixin.py:188} INFO - [2026-07-31T11:15:26.074+0000] {dag.py:3947} INFO - Setting next_dagrun for example_branch_operator to 2026-07-30 00:00:00+00:00, run_after=2026-07-31 00:00:00+00:00
[2026-07-31T11:15:26.184+0000] {processor.py:183} INFO - Processing /home/airflow/.local/lib/python3.12/site-packages/airflow/example_dags/example_branch_operator.py took 0.735 seconds
[2026-07-31T11:15:56.473+0000] {processor.py:161} INFO - Started process (PID=2144) to work on /home/airflow/.local/lib/python3.12/site-packages/airflow/example_dags/example_branch_operator.py
[2026-07-31T11:15:56.476+0000] {processor.py:830} INFO - Processing file /home/airflow/.local/lib/python3.12/site-packages/airflow/example_dags/example_branch_operator.py for tasks to queue
[2026-07-31T11:15:56.480+0000] {logging_mixin.py:188} INFO - [2026-07-31T11:15:56.479+0000] {dagbag.py:545} INFO - Filling up the DagBag from /home/airflow/.local/lib/python3.12/site-packages/airflow/example_dags/example_branch_operator.py
[2026-07-31T11:15:56.519+0000] {processor.py:840} INFO - DAG(s) 'example_branch_operator' retrieved from /home/airflow/.local/lib/python3.12/site-packages/airflow/example_dags/example_branch_operator.py
[2026-07-31T11:15:56.603+0000] {logging_mixin.py:188} INFO - [2026-07-31T11:15:56.603+0000] {dag.py:3089} INFO - Sync 1 DAGs
[2026-07-31T11:15:56.660+0000] {logging_mixin.py:188} INFO - [2026-07-31T11:15:56.660+0000] {dag.py:3947} INFO - Setting next_dagrun for example_branch_operator to 2026-07-30 00:00:00+00:00, run_after=2026-07-31 00:00:00+00:00
[2026-07-31T11:15:56.709+0000] {processor.py:183} INFO - Processing /home/airflow/.local/lib/python3.12/site-packages/airflow/example_dags/example_branch_operator.py took 0.252 seconds
[2026-07-31T11:16:26.903+0000] {processor.py:161} INFO - Started process (PID=2202) to work on /home/airflow/.local/lib/python3.12/site-packages/airflow/example_dags/example_branch_operator.py
[2026-07-31T11:16:26.905+0000] {processor.py:830} INFO - Processing file /home/airflow/.local/lib/python3.12/site-packages/airflow/example_dags/example_branch_operator.py for tasks to queue
[2026-07-31T11:16:26.911+0000] {logging_mixin.py:188} INFO - [2026-07-31T11:16:26.910+0000] {dagbag.py:545} INFO - Filling up the DagBag from /home/airflow/.local/lib/python3.12/site-packages/airflow/example_dags/example_branch_operator.py
[2026-07-31T11:16:26.955+0000] {processor.py:840} INFO - DAG(s) 'example_branch_operator' retrieved from /home/airflow/.local/lib/python3.12/site-packages/airflow/example_dags/example_branch_operator.py
[2026-07-31T11:16:27.041+0000] {logging_mixin.py:188} INFO - [2026-07-31T11:16:27.040+0000] {dag.py:3089} INFO - Sync 1 DAGs
[2026-07-31T11:16:27.137+0000] {logging_mixin.py:188} INFO - [2026-07-31T11:16:27.136+0000] {dag.py:3947} INFO - Setting next_dagrun for example_branch_operator to 2026-07-30 00:00:00+00:00, run_after=2026-07-31 00:00:00+00:00
[2026-07-31T11:16:27.191+0000] {processor.py:183} INFO - Processing /home/airflow/.local/lib/python3.12/site-packages/airflow/example_dags/example_branch_operator.py took 0.305 seconds
[2026-07-31T11:16:58.130+0000] {processor.py:161} INFO - Started process (PID=2262) to work on /home/airflow/.local/lib/python3.12/site-packages/airflow/example_dags/example_branch_operator.py
[2026-07-31T11:16:58.134+0000] {processor.py:830} INFO - Processing file /home/airflow/.local/lib/python3.12/site-packages/airflow/example_dags/example_branch_operator.py for tasks to queue
[2026-07-31T11:16:58.139+0000] {logging_mixin.py:188} INFO - [2026-07-31T11:16:58.138+0000] {dagbag.py:545} INFO - Filling up the DagBag from /home/airflow/.local/lib/python3.12/site-packages/airflow/example_dags/example_branch_operator.py
[2026-07-31T11:16:58.221+0000] {processor.py:840} INFO - DAG(s) 'example_branch_operator' retrieved from /home/airflow/.local/lib/python3.12/site-packages/airflow/example_dags/example_branch_operator.py
[2026-07-31T11:16:58.326+0000] {logging_mixin.py:188} INFO - [2026-07-31T11:16:58.325+0000] {dag.py:3089} INFO - Sync 1 DAGs
[2026-07-31T11:16:58.396+0000] {logging_mixin.py:188} INFO - [2026-07-31T11:16:58.396+0000] {dag.py:3947} INFO - Setting next_dagrun for example_branch_operator to 2026-07-30 00:00:00+00:00, run_after=2026-07-31 00:00:00+00:00
[2026-07-31T11:16:58.445+0000] {processor.py:183} INFO - Processing /home/airflow/.local/lib/python3.12/site-packages/airflow/example_dags/example_branch_operator.py took 0.332 seconds
[2026-07-31T11:17:29.026+0000] {processor.py:161} INFO - Started process (PID=2320) to work on /home/airflow/.local/lib/python3.12/site-packages/airflow/example_dags/example_branch_operator.py
[2026-07-31T11:17:29.037+0000] {processor.py:830} INFO - Processing file /home/airflow/.local/lib/python3.12/site-packages/airflow/example_dags/example_branch_operator.py for tasks to queue
[2026-07-31T11:17:29.063+0000] {logging_mixin.py:188} INFO - [2026-07-31T11:17:29.060+0000] {dagbag.py:545} INFO - Filling up the DagBag from /home/airflow/.local/lib/python3.12/site-packages/airflow/example_dags/example_branch_operator.py
[2026-07-31T11:17:29.275+0000] {processor.py:840} INFO - DAG(s) 'example_branch_operator' retrieved from /home/airflow/.local/lib/python3.12/site-packages/airflow/example_dags/example_branch_operator.py
[2026-07-31T11:17:29.594+0000] {logging_mixin.py:188} INFO - [2026-07-31T11:17:29.591+0000] {dag.py:3089} INFO - Sync 1 DAGs
[2026-07-31T11:17:29.791+0000] {logging_mixin.py:188} INFO - [2026-07-31T11:17:29.789+0000] {dag.py:3947} INFO - Setting next_dagrun for example_branch_operator to 2026-07-30 00:00:00+00:00, run_after=2026-07-31 00:00:00+00:00
[2026-07-31T11:17:29.983+0000] {processor.py:183} INFO - Processing /home/airflow/.local/lib/python3.12/site-packages/airflow/example_dags/example_branch_operator.py took 1.047 seconds
[2026-07-31T11:18:00.761+0000] {processor.py:161} INFO - Started process (PID=2358) to work on /home/airflow/.local/lib/python3.12/site-packages/airflow/example_dags/example_branch_operator.py
[2026-07-31T11:18:00.766+0000] {processor.py:830} INFO - Processing file /home/airflow/.local/lib/python3.12/site-packages/airflow/example_dags/example_branch_operator.py for tasks to queue
[2026-07-31T11:18:00.799+0000] {logging_mixin.py:188} INFO - [2026-07-31T11:18:00.798+0000] {dagbag.py:545} INFO - Filling up the DagBag from /home/airflow/.local/lib/python3.12/site-packages/airflow/example_dags/example_branch_operator.py
[2026-07-31T11:18:01.034+0000] {processor.py:840} INFO - DAG(s) 'example_branch_operator' retrieved from /home/airflow/.local/lib/python3.12/site-packages/airflow/example_dags/example_branch_operator.py
[2026-07-31T11:18:01.209+0000] {logging_mixin.py:188} INFO - [2026-07-31T11:18:01.208+0000] {dag.py:3089} INFO - Sync 1 DAGs
[2026-07-31T11:18:01.460+0000] {logging_mixin.py:188} INFO - [2026-07-31T11:18:01.458+0000] {dag.py:3947} INFO - Setting next_dagrun for example_branch_operator to 2026-07-30 00:00:00+00:00, run_after=2026-07-31 00:00:00+00:00
[2026-07-31T11:18:01.579+0000] {processor.py:183} INFO - Processing /home/airflow/.local/lib/python3.12/site-packages/airflow/example_dags/example_branch_operator.py took 0.871 seconds
[2026-07-31T11:18:31.935+0000] {processor.py:161} INFO - Started process (PID=2415) to work on /home/airflow/.local/lib/python3.12/site-packages/airflow/example_dags/example_branch_operator.py
[2026-07-31T11:18:31.938+0000] {processor.py:830} INFO - Processing file /home/airflow/.local/lib/python3.12/site-packages/airflow/example_dags/example_branch_operator.py for tasks to queue
[2026-07-31T11:18:31.944+0000] {logging_mixin.py:188} INFO - [2026-07-31T11:18:31.943+0000] {dagbag.py:545} INFO - Filling up the DagBag from /home/airflow/.local/lib/python3.12/site-packages/airflow/example_dags/example_branch_operator.py
[2026-07-31T11:18:31.992+0000] {processor.py:840} INFO - DAG(s) 'example_branch_operator' retrieved from /home/airflow/.local/lib/python3.12/site-packages/airflow/example_dags/example_branch_operator.py
[2026-07-31T11:18:32.055+0000] {logging_mixin.py:188} INFO - [2026-07-31T11:18:32.055+0000] {dag.py:3089} INFO - Sync 1 DAGs
[2026-07-31T11:18:32.122+0000] {logging_mixin.py:188} INFO - [2026-07-31T11:18:32.121+0000] {dag.py:3947} INFO - Setting next_dagrun for example_branch_operator to 2026-07-30 00:00:00+00:00, run_after=2026-07-31 00:00:00+00:00
[2026-07-31T11:18:32.174+0000] {processor.py:183} INFO - Processing /home/airflow/.local/lib/python3.12/site-packages/airflow/example_dags/example_branch_operator.py took 0.255 seconds
[2026-07-31T11:19:02.359+0000] {processor.py:161} INFO - Started process (PID=2473) to work on /home/airflow/.local/lib/python3.12/site-packages/airflow/example_dags/example_branch_operator.py
[2026-07-31T11:19:02.376+0000] {processor.py:830} INFO - Processing file /home/airflow/.local/lib/python3.12/site-packages/airflow/example_dags/example_branch_operator.py for tasks to queue
[2026-07-31T11:19:02.389+0000] {logging_mixin.py:188} INFO - [2026-07-31T11:19:02.387+0000] {dagbag.py:545} INFO - Filling up the DagBag from /home/airflow/.local/lib/python3.12/site-packages/airflow/example_dags/example_branch_operator.py
[2026-07-31T11:19:02.501+0000] {processor.py:840} INFO - DAG(s) 'example_branch_operator' retrieved from /home/airflow/.local/lib/python3.12/site-packages/airflow/example_dags/example_branch_operator.py
[2026-07-31T11:19:02.707+0000] {logging_mixin.py:188} INFO - [2026-07-31T11:19:02.706+0000] {dag.py:3089} INFO - Sync 1 DAGs
[2026-07-31T11:19:02.841+0000] {logging_mixin.py:188} INFO - [2026-07-31T11:19:02.839+0000] {dag.py:3947} INFO - Setting next_dagrun for example_branch_operator to 2026-07-30 00:00:00+00:00, run_after=2026-07-31 00:00:00+00:00
[2026-07-31T11:19:02.945+0000] {processor.py:183} INFO - Processing /home/airflow/.local/lib/python3.12/site-packages/airflow/example_dags/example_branch_operator.py took 0.610 seconds
[2026-07-31T11:19:33.597+0000] {processor.py:161} INFO - Started process (PID=2531) to work on /home/airflow/.local/lib/python3.12/site-packages/airflow/example_dags/example_branch_operator.py
[2026-07-31T11:19:33.599+0000] {processor.py:830} INFO - Processing file /home/airflow/.local/lib/python3.12/site-packages/airflow/example_dags/example_branch_operator.py for tasks to queue
[2026-07-31T11:19:33.605+0000] {logging_mixin.py:188} INFO - [2026-07-31T11:19:33.604+0000] {dagbag.py:545} INFO - Filling up the DagBag from /home/airflow/.local/lib/python3.12/site-packages/airflow/example_dags/example_branch_operator.py
[2026-07-31T11:19:33.667+0000] {processor.py:840} INFO - DAG(s) 'example_branch_operator' retrieved from /home/airflow/.local/lib/python3.12/site-packages/airflow/example_dags/example_branch_operator.py
[2026-07-31T11:19:33.818+0000] {logging_mixin.py:188} INFO - [2026-07-31T11:19:33.817+0000] {dag.py:3089} INFO - Sync 1 DAGs
[2026-07-31T11:19:33.974+0000] {logging_mixin.py:188} INFO - [2026-07-31T11:19:33.973+0000] {dag.py:3947} INFO - Setting next_dagrun for example_branch_operator to 2026-07-30 00:00:00+00:00, run_after=2026-07-31 00:00:00+00:00
[2026-07-31T11:19:34.077+0000] {processor.py:183} INFO - Processing /home/airflow/.local/lib/python3.12/site-packages/airflow/example_dags/example_branch_operator.py took 0.496 seconds
[2026-07-31T11:20:06.893+0000] {processor.py:161} INFO - Started process (PID=2583) to work on /home/airflow/.local/lib/python3.12/site-packages/airflow/example_dags/example_branch_operator.py
[2026-07-31T11:20:06.910+0000] {processor.py:830} INFO - Processing file /home/airflow/.local/lib/python3.12/site-packages/airflow/example_dags/example_branch_operator.py for tasks to queue
[2026-07-31T11:20:06.946+0000] {logging_mixin.py:188} INFO - [2026-07-31T11:20:06.920+0000] {dagbag.py:545} INFO - Filling up the DagBag from /home/airflow/.local/lib/python3.12/site-packages/airflow/example_dags/example_branch_operator.py
[2026-07-31T11:20:07.075+0000] {processor.py:840} INFO - DAG(s) 'example_branch_operator' retrieved from /home/airflow/.local/lib/python3.12/site-packages/airflow/example_dags/example_branch_operator.py
[2026-07-31T11:20:07.305+0000] {logging_mixin.py:188} INFO - [2026-07-31T11:20:07.304+0000] {dag.py:3089} INFO - Sync 1 DAGs
[2026-07-31T11:20:07.511+0000] {logging_mixin.py:188} INFO - [2026-07-31T11:20:07.503+0000] {dag.py:3947} INFO - Setting next_dagrun for example_branch_operator to 2026-07-30 00:00:00+00:00, run_after=2026-07-31 00:00:00+00:00
[2026-07-31T11:20:07.669+0000] {processor.py:183} INFO - Processing /home/airflow/.local/lib/python3.12/site-packages/airflow/example_dags/example_branch_operator.py took 0.834 seconds
[2026-07-31T11:20:42.996+0000] {processor.py:161} INFO - Started process (PID=2639) to work on /home/airflow/.local/lib/python3.12/site-packages/airflow/example_dags/example_branch_operator.py
[2026-07-31T11:20:43.000+0000] {processor.py:830} INFO - Processing file /home/airflow/.local/lib/python3.12/site-packages/airflow/example_dags/example_branch_operator.py for tasks to queue
[2026-07-31T11:20:43.008+0000] {logging_mixin.py:188} INFO - [2026-07-31T11:20:43.007+0000] {dagbag.py:545} INFO - Filling up the DagBag from /home/airflow/.local/lib/python3.12/site-packages/airflow/example_dags/example_branch_operator.py
[2026-07-31T11:20:43.110+0000] {processor.py:840} INFO - DAG(s) 'example_branch_operator' retrieved from /home/airflow/.local/lib/python3.12/site-packages/airflow/example_dags/example_branch_operator.py
[2026-07-31T11:20:43.260+0000] {logging_mixin.py:188} INFO - [2026-07-31T11:20:43.259+0000] {dag.py:3089} INFO - Sync 1 DAGs
[2026-07-31T11:20:43.344+0000] {logging_mixin.py:188} INFO - [2026-07-31T11:20:43.343+0000] {dag.py:3947} INFO - Setting next_dagrun for example_branch_operator to 2026-07-30 00:00:00+00:00, run_after=2026-07-31 00:00:00+00:00
[2026-07-31T11:20:43.420+0000] {processor.py:183} INFO - Processing /home/airflow/.local/lib/python3.12/site-packages/airflow/example_dags/example_branch_operator.py took 0.446 seconds
[2026-07-31T11:21:14.110+0000] {processor.py:161} INFO - Started process (PID=2696) to work on /home/airflow/.local/lib/python3.12/site-packages/airflow/example_dags/example_branch_operator.py
[2026-07-31T11:21:14.113+0000] {processor.py:830} INFO - Processing file /home/airflow/.local/lib/python3.12/site-packages/airflow/example_dags/example_branch_operator.py for tasks to queue
[2026-07-31T11:21:14.118+0000] {logging_mixin.py:188} INFO - [2026-07-31T11:21:14.117+0000] {dagbag.py:545} INFO - Filling up the DagBag from /home/airflow/.local/lib/python3.12/site-packages/airflow/example_dags/example_branch_operator.py
[2026-07-31T11:21:14.159+0000] {processor.py:840} INFO - DAG(s) 'example_branch_operator' retrieved from /home/airflow/.local/lib/python3.12/site-packages/airflow/example_dags/example_branch_operator.py
[2026-07-31T11:21:14.224+0000] {logging_mixin.py:188} INFO - [2026-07-31T11:21:14.224+0000] {dag.py:3089} INFO - Sync 1 DAGs
[2026-07-31T11:21:14.283+0000] {logging_mixin.py:188} INFO - [2026-07-31T11:21:14.282+0000] {dag.py:3947} INFO - Setting next_dagrun for example_branch_operator to 2026-07-30 00:00:00+00:00, run_after=2026-07-31 00:00:00+00:00
[2026-07-31T11:21:14.326+0000] {processor.py:183} INFO - Processing /home/airflow/.local/lib/python3.12/site-packages/airflow/example_dags/example_branch_operator.py took 0.229 seconds
[2026-07-31T11:21:44.829+0000] {processor.py:161} INFO - Started process (PID=2755) to work on /home/airflow/.local/lib/python3.12/site-packages/airflow/example_dags/example_branch_operator.py
[2026-07-31T11:21:44.837+0000] {processor.py:830} INFO - Processing file /home/airflow/.local/lib/python3.12/site-packages/airflow/example_dags/example_branch_operator.py for tasks to queue
[2026-07-31T11:21:44.847+0000] {logging_mixin.py:188} INFO - [2026-07-31T11:21:44.842+0000] {dagbag.py:545} INFO - Filling up the DagBag from /home/airflow/.local/lib/python3.12/site-packages/airflow/example_dags/example_branch_operator.py
[2026-07-31T11:21:44.935+0000] {processor.py:840} INFO - DAG(s) 'example_branch_operator' retrieved from /home/airflow/.local/lib/python3.12/site-packages/airflow/example_dags/example_branch_operator.py
[2026-07-31T11:21:45.051+0000] {logging_mixin.py:188} INFO - [2026-07-31T11:21:45.050+0000] {dag.py:3089} INFO - Sync 1 DAGs
[2026-07-31T11:21:45.117+0000] {logging_mixin.py:188} INFO - [2026-07-31T11:21:45.116+0000] {dag.py:3947} INFO - Setting next_dagrun for example_branch_operator to 2026-07-30 00:00:00+00:00, run_after=2026-07-31 00:00:00+00:00
[2026-07-31T11:21:45.167+0000] {processor.py:183} INFO - Processing /home/airflow/.local/lib/python3.12/site-packages/airflow/example_dags/example_branch_operator.py took 0.369 seconds
[2026-07-31T11:22:15.563+0000] {processor.py:161} INFO - Started process (PID=2813) to work on /home/airflow/.local/lib/python3.12/site-packages/airflow/example_dags/example_branch_operator.py
[2026-07-31T11:22:15.566+0000] {processor.py:830} INFO - Processing file /home/airflow/.local/lib/python3.12/site-packages/airflow/example_dags/example_branch_operator.py for tasks to queue
[2026-07-31T11:22:15.577+0000] {logging_mixin.py:188} INFO - [2026-07-31T11:22:15.575+0000] {dagbag.py:545} INFO - Filling up the DagBag from /home/airflow/.local/lib/python3.12/site-packages/airflow/example_dags/example_branch_operator.py
[2026-07-31T11:22:15.672+0000] {processor.py:840} INFO - DAG(s) 'example_branch_operator' retrieved from /home/airflow/.local/lib/python3.12/site-packages/airflow/example_dags/example_branch_operator.py
[2026-07-31T11:22:15.830+0000] {logging_mixin.py:188} INFO - [2026-07-31T11:22:15.829+0000] {dag.py:3089} INFO - Sync 1 DAGs
[2026-07-31T11:22:15.901+0000] {logging_mixin.py:188} INFO - [2026-07-31T11:22:15.901+0000] {dag.py:3947} INFO - Setting next_dagrun for example_branch_operator to 2026-07-30 00:00:00+00:00, run_after=2026-07-31 00:00:00+00:00
[2026-07-31T11:22:15.959+0000] {processor.py:183} INFO - Processing /home/airflow/.local/lib/python3.12/site-packages/airflow/example_dags/example_branch_operator.py took 0.429 seconds
[2026-07-31T11:22:48.008+0000] {processor.py:161} INFO - Started process (PID=2865) to work on /home/airflow/.local/lib/python3.12/site-packages/airflow/example_dags/example_branch_operator.py
[2026-07-31T11:22:48.012+0000] {processor.py:830} INFO - Processing file /home/airflow/.local/lib/python3.12/site-packages/airflow/example_dags/example_branch_operator.py for tasks to queue
[2026-07-31T11:22:48.023+0000] {logging_mixin.py:188} INFO - [2026-07-31T11:22:48.022+0000] {dagbag.py:545} INFO - Filling up the DagBag from /home/airflow/.local/lib/python3.12/site-packages/airflow/example_dags/example_branch_operator.py
[2026-07-31T11:22:48.203+0000] {processor.py:840} INFO - DAG(s) 'example_branch_operator' retrieved from /home/airflow/.local/lib/python3.12/site-packages/airflow/example_dags/example_branch_operator.py
[2026-07-31T11:22:48.473+0000] {logging_mixin.py:188} INFO - [2026-07-31T11:22:48.472+0000] {dag.py:3089} INFO - Sync 1 DAGs
[2026-07-31T11:22:49.004+0000] {logging_mixin.py:188} INFO - [2026-07-31T11:22:49.003+0000] {dag.py:3947} INFO - Setting next_dagrun for example_branch_operator to 2026-07-30 00:00:00+00:00, run_after=2026-07-31 00:00:00+00:00
[2026-07-31T11:22:49.326+0000] {processor.py:183} INFO - Processing /home/airflow/.local/lib/python3.12/site-packages/airflow/example_dags/example_branch_operator.py took 1.375 seconds
[2026-07-31T11:24:06.719+0000] {processor.py:161} INFO - Started process (PID=2913) to work on /home/airflow/.local/lib/python3.12/site-packages/airflow/example_dags/example_branch_operator.py
[2026-07-31T11:24:06.749+0000] {processor.py:830} INFO - Processing file /home/airflow/.local/lib/python3.12/site-packages/airflow/example_dags/example_branch_operator.py for tasks to queue
[2026-07-31T11:24:06.804+0000] {logging_mixin.py:188} INFO - [2026-07-31T11:24:06.773+0000] {dagbag.py:545} INFO - Filling up the DagBag from /home/airflow/.local/lib/python3.12/site-packages/airflow/example_dags/example_branch_operator.py
[2026-07-31T11:24:07.856+0000] {processor.py:840} INFO - DAG(s) 'example_branch_operator' retrieved from /home/airflow/.local/lib/python3.12/site-packages/airflow/example_dags/example_branch_operator.py
[2026-07-31T11:24:09.309+0000] {logging_mixin.py:188} INFO - [2026-07-31T11:24:09.294+0000] {dag.py:3089} INFO - Sync 1 DAGs
[2026-07-31T11:24:10.315+0000] {logging_mixin.py:188} INFO - [2026-07-31T11:24:10.314+0000] {dag.py:3947} INFO - Setting next_dagrun for example_branch_operator to 2026-07-30 00:00:00+00:00, run_after=2026-07-31 00:00:00+00:00
[2026-07-31T11:24:12.983+0000] {processor.py:183} INFO - Processing /home/airflow/.local/lib/python3.12/site-packages/airflow/example_dags/example_branch_operator.py took 6.395 seconds
[2026-07-31T11:25:04.033+0000] {processor.py:161} INFO - Started process (PID=2950) to work on /home/airflow/.local/lib/python3.12/site-packages/airflow/example_dags/example_branch_operator.py
[2026-07-31T11:25:04.042+0000] {processor.py:830} INFO - Processing file /home/airflow/.local/lib/python3.12/site-packages/airflow/example_dags/example_branch_operator.py for tasks to queue
[2026-07-31T11:25:03.976+0000] {logging_mixin.py:188} INFO - [2026-07-31T11:25:03.957+0000] {dagbag.py:545} INFO - Filling up the DagBag from /home/airflow/.local/lib/python3.12/site-packages/airflow/example_dags/example_branch_operator.py
[2026-07-31T11:25:04.554+0000] {processor.py:840} INFO - DAG(s) 'example_branch_operator' retrieved from /home/airflow/.local/lib/python3.12/site-packages/airflow/example_dags/example_branch_operator.py
[2026-07-31T11:25:05.159+0000] {logging_mixin.py:188} INFO - [2026-07-31T11:25:05.158+0000] {dag.py:3089} INFO - Sync 1 DAGs
[2026-07-31T11:25:05.689+0000] {logging_mixin.py:188} INFO - [2026-07-31T11:25:05.688+0000] {dag.py:3947} INFO - Setting next_dagrun for example_branch_operator to 2026-07-30 00:00:00+00:00, run_after=2026-07-31 00:00:00+00:00
[2026-07-31T11:25:06.085+0000] {processor.py:183} INFO - Processing /home/airflow/.local/lib/python3.12/site-packages/airflow/example_dags/example_branch_operator.py took 2.410 seconds
[2026-07-31T11:25:48.681+0000] {processor.py:161} INFO - Started process (PID=3006) to work on /home/airflow/.local/lib/python3.12/site-packages/airflow/example_dags/example_branch_operator.py
[2026-07-31T11:25:48.689+0000] {processor.py:830} INFO - Processing file /home/airflow/.local/lib/python3.12/site-packages/airflow/example_dags/example_branch_operator.py for tasks to queue
[2026-07-31T11:25:48.707+0000] {logging_mixin.py:188} INFO - [2026-07-31T11:25:48.697+0000] {dagbag.py:545} INFO - Filling up the DagBag from /home/airflow/.local/lib/python3.12/site-packages/airflow/example_dags/example_branch_operator.py
[2026-07-31T11:25:49.030+0000] {processor.py:840} INFO - DAG(s) 'example_branch_operator' retrieved from /home/airflow/.local/lib/python3.12/site-packages/airflow/example_dags/example_branch_operator.py
[2026-07-31T11:25:49.354+0000] {logging_mixin.py:188} INFO - [2026-07-31T11:25:49.353+0000] {dag.py:3089} INFO - Sync 1 DAGs
[2026-07-31T11:25:49.852+0000] {logging_mixin.py:188} INFO - [2026-07-31T11:25:49.849+0000] {dag.py:3947} INFO - Setting next_dagrun for example_branch_operator to 2026-07-30 00:00:00+00:00, run_after=2026-07-31 00:00:00+00:00
[2026-07-31T11:25:50.241+0000] {processor.py:183} INFO - Processing /home/airflow/.local/lib/python3.12/site-packages/airflow/example_dags/example_branch_operator.py took 1.593 seconds
[2026-07-31T11:26:49.210+0000] {processor.py:161} INFO - Started process (PID=3056) to work on /home/airflow/.local/lib/python3.12/site-packages/airflow/example_dags/example_branch_operator.py
[2026-07-31T11:26:49.223+0000] {processor.py:830} INFO - Processing file /home/airflow/.local/lib/python3.12/site-packages/airflow/example_dags/example_branch_operator.py for tasks to queue
[2026-07-31T11:26:49.235+0000] {logging_mixin.py:188} INFO - [2026-07-31T11:26:49.233+0000] {dagbag.py:545} INFO - Filling up the DagBag from /home/airflow/.local/lib/python3.12/site-packages/airflow/example_dags/example_branch_operator.py
[2026-07-31T11:26:49.371+0000] {processor.py:840} INFO - DAG(s) 'example_branch_operator' retrieved from /home/airflow/.local/lib/python3.12/site-packages/airflow/example_dags/example_branch_operator.py
[2026-07-31T11:26:49.587+0000] {logging_mixin.py:188} INFO - [2026-07-31T11:26:49.587+0000] {dag.py:3089} INFO - Sync 1 DAGs
[2026-07-31T11:26:49.752+0000] {logging_mixin.py:188} INFO - [2026-07-31T11:26:49.751+0000] {dag.py:3947} INFO - Setting next_dagrun for example_branch_operator to 2026-07-30 00:00:00+00:00, run_after=2026-07-31 00:00:00+00:00
[2026-07-31T11:26:49.905+0000] {processor.py:183} INFO - Processing /home/airflow/.local/lib/python3.12/site-packages/airflow/example_dags/example_branch_operator.py took 0.755 seconds
[2026-07-31T11:27:20.666+0000] {processor.py:161} INFO - Started process (PID=3113) to work on /home/airflow/.local/lib/python3.12/site-packages/airflow/example_dags/example_branch_operator.py
[2026-07-31T11:27:20.669+0000] {processor.py:830} INFO - Processing file /home/airflow/.local/lib/python3.12/site-packages/airflow/example_dags/example_branch_operator.py for tasks to queue
[2026-07-31T11:27:20.676+0000] {logging_mixin.py:188} INFO - [2026-07-31T11:27:20.675+0000] {dagbag.py:545} INFO - Filling up the DagBag from /home/airflow/.local/lib/python3.12/site-packages/airflow/example_dags/example_branch_operator.py
[2026-07-31T11:27:20.746+0000] {processor.py:840} INFO - DAG(s) 'example_branch_operator' retrieved from /home/airflow/.local/lib/python3.12/site-packages/airflow/example_dags/example_branch_operator.py
[2026-07-31T11:27:20.874+0000] {logging_mixin.py:188} INFO - [2026-07-31T11:27:20.874+0000] {dag.py:3089} INFO - Sync 1 DAGs
[2026-07-31T11:27:21.013+0000] {logging_mixin.py:188} INFO - [2026-07-31T11:27:21.012+0000] {dag.py:3947} INFO - Setting next_dagrun for example_branch_operator to 2026-07-30 00:00:00+00:00, run_after=2026-07-31 00:00:00+00:00
[2026-07-31T11:27:21.090+0000] {processor.py:183} INFO - Processing /home/airflow/.local/lib/python3.12/site-packages/airflow/example_dags/example_branch_operator.py took 0.442 seconds
[2026-07-31T11:27:51.298+0000] {processor.py:161} INFO - Started process (PID=3172) to work on /home/airflow/.local/lib/python3.12/site-packages/airflow/example_dags/example_branch_operator.py
[2026-07-31T11:27:51.302+0000] {processor.py:830} INFO - Processing file /home/airflow/.local/lib/python3.12/site-packages/airflow/example_dags/example_branch_operator.py for tasks to queue
[2026-07-31T11:27:51.308+0000] {logging_mixin.py:188} INFO - [2026-07-31T11:27:51.307+0000] {dagbag.py:545} INFO - Filling up the DagBag from /home/airflow/.local/lib/python3.12/site-packages/airflow/example_dags/example_branch_operator.py
[2026-07-31T11:27:51.382+0000] {processor.py:840} INFO - DAG(s) 'example_branch_operator' retrieved from /home/airflow/.local/lib/python3.12/site-packages/airflow/example_dags/example_branch_operator.py
[2026-07-31T11:27:51.478+0000] {logging_mixin.py:188} INFO - [2026-07-31T11:27:51.478+0000] {dag.py:3089} INFO - Sync 1 DAGs
[2026-07-31T11:27:51.535+0000] {logging_mixin.py:188} INFO - [2026-07-31T11:27:51.534+0000] {dag.py:3947} INFO - Setting next_dagrun for example_branch_operator to 2026-07-30 00:00:00+00:00, run_after=2026-07-31 00:00:00+00:00
[2026-07-31T11:27:51.598+0000] {processor.py:183} INFO - Processing /home/airflow/.local/lib/python3.12/site-packages/airflow/example_dags/example_branch_operator.py took 0.321 seconds
[2026-07-31T11:28:21.706+0000] {processor.py:161} INFO - Started process (PID=3230) to work on /home/airflow/.local/lib/python3.12/site-packages/airflow/example_dags/example_branch_operator.py
[2026-07-31T11:28:21.710+0000] {processor.py:830} INFO - Processing file /home/airflow/.local/lib/python3.12/site-packages/airflow/example_dags/example_branch_operator.py for tasks to queue
[2026-07-31T11:28:21.719+0000] {logging_mixin.py:188} INFO - [2026-07-31T11:28:21.716+0000] {dagbag.py:545} INFO - Filling up the DagBag from /home/airflow/.local/lib/python3.12/site-packages/airflow/example_dags/example_branch_operator.py
[2026-07-31T11:28:21.775+0000] {processor.py:840} INFO - DAG(s) 'example_branch_operator' retrieved from /home/airflow/.local/lib/python3.12/site-packages/airflow/example_dags/example_branch_operator.py
[2026-07-31T11:28:21.857+0000] {logging_mixin.py:188} INFO - [2026-07-31T11:28:21.856+0000] {dag.py:3089} INFO - Sync 1 DAGs
[2026-07-31T11:28:21.926+0000] {logging_mixin.py:188} INFO - [2026-07-31T11:28:21.922+0000] {dag.py:3947} INFO - Setting next_dagrun for example_branch_operator to 2026-07-30 00:00:00+00:00, run_after=2026-07-31 00:00:00+00:00
[2026-07-31T11:28:21.992+0000] {processor.py:183} INFO - Processing /home/airflow/.local/lib/python3.12/site-packages/airflow/example_dags/example_branch_operator.py took 0.305 seconds
[2026-07-31T11:28:52.710+0000] {processor.py:161} INFO - Started process (PID=3288) to work on /home/airflow/.local/lib/python3.12/site-packages/airflow/example_dags/example_branch_operator.py
[2026-07-31T11:28:52.715+0000] {processor.py:830} INFO - Processing file /home/airflow/.local/lib/python3.12/site-packages/airflow/example_dags/example_branch_operator.py for tasks to queue
[2026-07-31T11:28:52.740+0000] {logging_mixin.py:188} INFO - [2026-07-31T11:28:52.739+0000] {dagbag.py:545} INFO - Filling up the DagBag from /home/airflow/.local/lib/python3.12/site-packages/airflow/example_dags/example_branch_operator.py
[2026-07-31T11:28:52.890+0000] {processor.py:840} INFO - DAG(s) 'example_branch_operator' retrieved from /home/airflow/.local/lib/python3.12/site-packages/airflow/example_dags/example_branch_operator.py
[2026-07-31T11:28:53.079+0000] {logging_mixin.py:188} INFO - [2026-07-31T11:28:53.078+0000] {dag.py:3089} INFO - Sync 1 DAGs
[2026-07-31T11:28:53.149+0000] {logging_mixin.py:188} INFO - [2026-07-31T11:28:53.148+0000] {dag.py:3947} INFO - Setting next_dagrun for example_branch_operator to 2026-07-30 00:00:00+00:00, run_after=2026-07-31 00:00:00+00:00
[2026-07-31T11:28:53.224+0000] {processor.py:183} INFO - Processing /home/airflow/.local/lib/python3.12/site-packages/airflow/example_dags/example_branch_operator.py took 0.549 seconds
[2026-07-31T11:29:30.124+0000] {processor.py:161} INFO - Started process (PID=3342) to work on /home/airflow/.local/lib/python3.12/site-packages/airflow/example_dags/example_branch_operator.py
[2026-07-31T11:29:30.189+0000] {processor.py:830} INFO - Processing file /home/airflow/.local/lib/python3.12/site-packages/airflow/example_dags/example_branch_operator.py for tasks to queue
[2026-07-31T11:29:30.295+0000] {logging_mixin.py:188} INFO - [2026-07-31T11:29:30.294+0000] {dagbag.py:545} INFO - Filling up the DagBag from /home/airflow/.local/lib/python3.12/site-packages/airflow/example_dags/example_branch_operator.py
[2026-07-31T11:29:30.571+0000] {processor.py:840} INFO - DAG(s) 'example_branch_operator' retrieved from /home/airflow/.local/lib/python3.12/site-packages/airflow/example_dags/example_branch_operator.py
[2026-07-31T11:29:31.038+0000] {logging_mixin.py:188} INFO - [2026-07-31T11:29:31.037+0000] {dag.py:3089} INFO - Sync 1 DAGs
[2026-07-31T11:29:31.373+0000] {logging_mixin.py:188} INFO - [2026-07-31T11:29:31.372+0000] {dag.py:3947} INFO - Setting next_dagrun for example_branch_operator to 2026-07-30 00:00:00+00:00, run_after=2026-07-31 00:00:00+00:00
[2026-07-31T11:29:31.663+0000] {processor.py:183} INFO - Processing /home/airflow/.local/lib/python3.12/site-packages/airflow/example_dags/example_branch_operator.py took 1.715 seconds
[2026-07-31T11:30:23.229+0000] {processor.py:161} INFO - Started process (PID=3406) to work on /home/airflow/.local/lib/python3.12/site-packages/airflow/example_dags/example_branch_operator.py
[2026-07-31T11:30:23.338+0000] {processor.py:830} INFO - Processing file /home/airflow/.local/lib/python3.12/site-packages/airflow/example_dags/example_branch_operator.py for tasks to queue
[2026-07-31T11:30:23.359+0000] {logging_mixin.py:188} INFO - [2026-07-31T11:30:23.357+0000] {dagbag.py:545} INFO - Filling up the DagBag from /home/airflow/.local/lib/python3.12/site-packages/airflow/example_dags/example_branch_operator.py
[2026-07-31T11:30:23.646+0000] {processor.py:840} INFO - DAG(s) 'example_branch_operator' retrieved from /home/airflow/.local/lib/python3.12/site-packages/airflow/example_dags/example_branch_operator.py
[2026-07-31T11:30:23.926+0000] {logging_mixin.py:188} INFO - [2026-07-31T11:30:23.924+0000] {dag.py:3089} INFO - Sync 1 DAGs
[2026-07-31T11:30:24.427+0000] {logging_mixin.py:188} INFO - [2026-07-31T11:30:24.426+0000] {dag.py:3947} INFO - Setting next_dagrun for example_branch_operator to 2026-07-30 00:00:00+00:00, run_after=2026-07-31 00:00:00+00:00
[2026-07-31T11:30:24.637+0000] {processor.py:183} INFO - Processing /home/airflow/.local/lib/python3.12/site-packages/airflow/example_dags/example_branch_operator.py took 1.511 seconds
[2026-07-31T11:30:54.956+0000] {processor.py:161} INFO - Started process (PID=3462) to work on /home/airflow/.local/lib/python3.12/site-packages/airflow/example_dags/example_branch_operator.py
[2026-07-31T11:30:54.959+0000] {processor.py:830} INFO - Processing file /home/airflow/.local/lib/python3.12/site-packages/airflow/example_dags/example_branch_operator.py for tasks to queue
[2026-07-31T11:30:54.969+0000] {logging_mixin.py:188} INFO - [2026-07-31T11:30:54.967+0000] {dagbag.py:545} INFO - Filling up the DagBag from /home/airflow/.local/lib/python3.12/site-packages/airflow/example_dags/example_branch_operator.py
[2026-07-31T11:30:55.029+0000] {processor.py:840} INFO - DAG(s) 'example_branch_operator' retrieved from /home/airflow/.local/lib/python3.12/site-packages/airflow/example_dags/example_branch_operator.py
[2026-07-31T11:30:55.145+0000] {logging_mixin.py:188} INFO - [2026-07-31T11:30:55.145+0000] {dag.py:3089} INFO - Sync 1 DAGs
[2026-07-31T11:30:55.257+0000] {logging_mixin.py:188} INFO - [2026-07-31T11:30:55.257+0000] {dag.py:3947} INFO - Setting next_dagrun for example_branch_operator to 2026-07-30 00:00:00+00:00, run_after=2026-07-31 00:00:00+00:00
[2026-07-31T11:30:55.331+0000] {processor.py:183} INFO - Processing /home/airflow/.local/lib/python3.12/site-packages/airflow/example_dags/example_branch_operator.py took 0.395 seconds
[2026-07-31T11:31:25.464+0000] {processor.py:161} INFO - Started process (PID=3520) to work on /home/airflow/.local/lib/python3.12/site-packages/airflow/example_dags/example_branch_operator.py
[2026-07-31T11:31:25.466+0000] {processor.py:830} INFO - Processing file /home/airflow/.local/lib/python3.12/site-packages/airflow/example_dags/example_branch_operator.py for tasks to queue
[2026-07-31T11:31:25.476+0000] {logging_mixin.py:188} INFO - [2026-07-31T11:31:25.476+0000] {dagbag.py:545} INFO - Filling up the DagBag from /home/airflow/.local/lib/python3.12/site-packages/airflow/example_dags/example_branch_operator.py
[2026-07-31T11:31:25.517+0000] {processor.py:840} INFO - DAG(s) 'example_branch_operator' retrieved from /home/airflow/.local/lib/python3.12/site-packages/airflow/example_dags/example_branch_operator.py
[2026-07-31T11:31:25.585+0000] {logging_mixin.py:188} INFO - [2026-07-31T11:31:25.585+0000] {dag.py:3089} INFO - Sync 1 DAGs
[2026-07-31T11:31:25.646+0000] {logging_mixin.py:188} INFO - [2026-07-31T11:31:25.645+0000] {dag.py:3947} INFO - Setting next_dagrun for example_branch_operator to 2026-07-30 00:00:00+00:00, run_after=2026-07-31 00:00:00+00:00
[2026-07-31T11:31:25.698+0000] {processor.py:183} INFO - Processing /home/airflow/.local/lib/python3.12/site-packages/airflow/example_dags/example_branch_operator.py took 0.251 seconds
[2026-07-31T11:31:55.811+0000] {processor.py:161} INFO - Started process (PID=3578) to work on /home/airflow/.local/lib/python3.12/site-packages/airflow/example_dags/example_branch_operator.py
[2026-07-31T11:31:55.814+0000] {processor.py:830} INFO - Processing file /home/airflow/.local/lib/python3.12/site-packages/airflow/example_dags/example_branch_operator.py for tasks to queue
[2026-07-31T11:31:55.821+0000] {logging_mixin.py:188} INFO - [2026-07-31T11:31:55.819+0000] {dagbag.py:545} INFO - Filling up the DagBag from /home/airflow/.local/lib/python3.12/site-packages/airflow/example_dags/example_branch_operator.py
[2026-07-31T11:31:55.871+0000] {processor.py:840} INFO - DAG(s) 'example_branch_operator' retrieved from /home/airflow/.local/lib/python3.12/site-packages/airflow/example_dags/example_branch_operator.py
[2026-07-31T11:31:55.973+0000] {logging_mixin.py:188} INFO - [2026-07-31T11:31:55.972+0000] {dag.py:3089} INFO - Sync 1 DAGs
[2026-07-31T11:31:56.047+0000] {logging_mixin.py:188} INFO - [2026-07-31T11:31:56.046+0000] {dag.py:3947} INFO - Setting next_dagrun for example_branch_operator to 2026-07-30 00:00:00+00:00, run_after=2026-07-31 00:00:00+00:00
[2026-07-31T11:31:56.100+0000] {processor.py:183} INFO - Processing /home/airflow/.local/lib/python3.12/site-packages/airflow/example_dags/example_branch_operator.py took 0.303 seconds
[2026-07-31T11:32:26.920+0000] {processor.py:161} INFO - Started process (PID=3636) to work on /home/airflow/.local/lib/python3.12/site-packages/airflow/example_dags/example_branch_operator.py
[2026-07-31T11:32:26.924+0000] {processor.py:830} INFO - Processing file /home/airflow/.local/lib/python3.12/site-packages/airflow/example_dags/example_branch_operator.py for tasks to queue
[2026-07-31T11:32:26.929+0000] {logging_mixin.py:188} INFO - [2026-07-31T11:32:26.928+0000] {dagbag.py:545} INFO - Filling up the DagBag from /home/airflow/.local/lib/python3.12/site-packages/airflow/example_dags/example_branch_operator.py
[2026-07-31T11:32:26.985+0000] {processor.py:840} INFO - DAG(s) 'example_branch_operator' retrieved from /home/airflow/.local/lib/python3.12/site-packages/airflow/example_dags/example_branch_operator.py
[2026-07-31T11:32:27.171+0000] {logging_mixin.py:188} INFO - [2026-07-31T11:32:27.170+0000] {dag.py:3089} INFO - Sync 1 DAGs
[2026-07-31T11:32:27.268+0000] {logging_mixin.py:188} INFO - [2026-07-31T11:32:27.267+0000] {dag.py:3947} INFO - Setting next_dagrun for example_branch_operator to 2026-07-30 00:00:00+00:00, run_after=2026-07-31 00:00:00+00:00
[2026-07-31T11:32:27.422+0000] {processor.py:183} INFO - Processing /home/airflow/.local/lib/python3.12/site-packages/airflow/example_dags/example_branch_operator.py took 0.517 seconds
[2026-07-31T11:33:09.906+0000] {processor.py:161} INFO - Started process (PID=3695) to work on /home/airflow/.local/lib/python3.12/site-packages/airflow/example_dags/example_branch_operator.py
[2026-07-31T11:33:09.911+0000] {processor.py:830} INFO - Processing file /home/airflow/.local/lib/python3.12/site-packages/airflow/example_dags/example_branch_operator.py for tasks to queue
[2026-07-31T11:33:09.922+0000] {logging_mixin.py:188} INFO - [2026-07-31T11:33:09.917+0000] {dagbag.py:545} INFO - Filling up the DagBag from /home/airflow/.local/lib/python3.12/site-packages/airflow/example_dags/example_branch_operator.py
[2026-07-31T11:33:10.084+0000] {processor.py:840} INFO - DAG(s) 'example_branch_operator' retrieved from /home/airflow/.local/lib/python3.12/site-packages/airflow/example_dags/example_branch_operator.py
[2026-07-31T11:33:10.343+0000] {logging_mixin.py:188} INFO - [2026-07-31T11:33:10.340+0000] {dag.py:3089} INFO - Sync 1 DAGs
[2026-07-31T11:33:10.851+0000] {logging_mixin.py:188} INFO - [2026-07-31T11:33:10.850+0000] {dag.py:3947} INFO - Setting next_dagrun for example_branch_operator to 2026-07-30 00:00:00+00:00, run_after=2026-07-31 00:00:00+00:00
[2026-07-31T11:33:11.190+0000] {processor.py:183} INFO - Processing /home/airflow/.local/lib/python3.12/site-packages/airflow/example_dags/example_branch_operator.py took 1.367 seconds
[2026-07-31T11:34:24.134+0000] {processor.py:161} INFO - Started process (PID=3745) to work on /home/airflow/.local/lib/python3.12/site-packages/airflow/example_dags/example_branch_operator.py
[2026-07-31T11:34:24.150+0000] {processor.py:830} INFO - Processing file /home/airflow/.local/lib/python3.12/site-packages/airflow/example_dags/example_branch_operator.py for tasks to queue
[2026-07-31T11:34:24.212+0000] {logging_mixin.py:188} INFO - [2026-07-31T11:34:24.211+0000] {dagbag.py:545} INFO - Filling up the DagBag from /home/airflow/.local/lib/python3.12/site-packages/airflow/example_dags/example_branch_operator.py
[2026-07-31T11:34:24.530+0000] {processor.py:840} INFO - DAG(s) 'example_branch_operator' retrieved from /home/airflow/.local/lib/python3.12/site-packages/airflow/example_dags/example_branch_operator.py
[2026-07-31T11:34:25.009+0000] {logging_mixin.py:188} INFO - [2026-07-31T11:34:25.008+0000] {dag.py:3089} INFO - Sync 1 DAGs
[2026-07-31T11:34:25.528+0000] {logging_mixin.py:188} INFO - [2026-07-31T11:34:25.523+0000] {dag.py:3947} INFO - Setting next_dagrun for example_branch_operator to 2026-07-30 00:00:00+00:00, run_after=2026-07-31 00:00:00+00:00
[2026-07-31T11:34:25.916+0000] {processor.py:183} INFO - Processing /home/airflow/.local/lib/python3.12/site-packages/airflow/example_dags/example_branch_operator.py took 1.843 seconds
[2026-07-31T11:34:57.106+0000] {processor.py:161} INFO - Started process (PID=3802) to work on /home/airflow/.local/lib/python3.12/site-packages/airflow/example_dags/example_branch_operator.py
[2026-07-31T11:34:57.108+0000] {processor.py:830} INFO - Processing file /home/airflow/.local/lib/python3.12/site-packages/airflow/example_dags/example_branch_operator.py for tasks to queue
[2026-07-31T11:34:57.111+0000] {logging_mixin.py:188} INFO - [2026-07-31T11:34:57.110+0000] {dagbag.py:545} INFO - Filling up the DagBag from /home/airflow/.local/lib/python3.12/site-packages/airflow/example_dags/example_branch_operator.py
[2026-07-31T11:34:57.137+0000] {processor.py:840} INFO - DAG(s) 'example_branch_operator' retrieved from /home/airflow/.local/lib/python3.12/site-packages/airflow/example_dags/example_branch_operator.py
[2026-07-31T11:34:57.186+0000] {logging_mixin.py:188} INFO - [2026-07-31T11:34:57.186+0000] {dag.py:3089} INFO - Sync 1 DAGs
[2026-07-31T11:34:57.218+0000] {logging_mixin.py:188} INFO - [2026-07-31T11:34:57.217+0000] {dag.py:3947} INFO - Setting next_dagrun for example_branch_operator to 2026-07-30 00:00:00+00:00, run_after=2026-07-31 00:00:00+00:00
[2026-07-31T11:34:57.248+0000] {processor.py:183} INFO - Processing /home/airflow/.local/lib/python3.12/site-packages/airflow/example_dags/example_branch_operator.py took 0.151 seconds
[2026-07-31T11:35:27.607+0000] {processor.py:161} INFO - Started process (PID=3860) to work on /home/airflow/.local/lib/python3.12/site-packages/airflow/example_dags/example_branch_operator.py
[2026-07-31T11:35:27.618+0000] {processor.py:830} INFO - Processing file /home/airflow/.local/lib/python3.12/site-packages/airflow/example_dags/example_branch_operator.py for tasks to queue
[2026-07-31T11:35:27.633+0000] {logging_mixin.py:188} INFO - [2026-07-31T11:35:27.630+0000] {dagbag.py:545} INFO - Filling up the DagBag from /home/airflow/.local/lib/python3.12/site-packages/airflow/example_dags/example_branch_operator.py
[2026-07-31T11:35:27.951+0000] {processor.py:840} INFO - DAG(s) 'example_branch_operator' retrieved from /home/airflow/.local/lib/python3.12/site-packages/airflow/example_dags/example_branch_operator.py
[2026-07-31T11:35:28.154+0000] {logging_mixin.py:188} INFO - [2026-07-31T11:35:28.153+0000] {dag.py:3089} INFO - Sync 1 DAGs
[2026-07-31T11:35:28.298+0000] {logging_mixin.py:188} INFO - [2026-07-31T11:35:28.297+0000] {dag.py:3947} INFO - Setting next_dagrun for example_branch_operator to 2026-07-30 00:00:00+00:00, run_after=2026-07-31 00:00:00+00:00
[2026-07-31T11:35:28.384+0000] {processor.py:183} INFO - Processing /home/airflow/.local/lib/python3.12/site-packages/airflow/example_dags/example_branch_operator.py took 0.841 seconds
[2026-07-31T11:35:58.473+0000] {processor.py:161} INFO - Started process (PID=3919) to work on /home/airflow/.local/lib/python3.12/site-packages/airflow/example_dags/example_branch_operator.py
[2026-07-31T11:35:58.475+0000] {processor.py:830} INFO - Processing file /home/airflow/.local/lib/python3.12/site-packages/airflow/example_dags/example_branch_operator.py for tasks to queue
[2026-07-31T11:35:58.479+0000] {logging_mixin.py:188} INFO - [2026-07-31T11:35:58.479+0000] {dagbag.py:545} INFO - Filling up the DagBag from /home/airflow/.local/lib/python3.12/site-packages/airflow/example_dags/example_branch_operator.py
[2026-07-31T11:35:58.504+0000] {processor.py:840} INFO - DAG(s) 'example_branch_operator' retrieved from /home/airflow/.local/lib/python3.12/site-packages/airflow/example_dags/example_branch_operator.py
[2026-07-31T11:35:58.543+0000] {logging_mixin.py:188} INFO - [2026-07-31T11:35:58.543+0000] {dag.py:3089} INFO - Sync 1 DAGs
[2026-07-31T11:35:58.578+0000] {logging_mixin.py:188} INFO - [2026-07-31T11:35:58.577+0000] {dag.py:3947} INFO - Setting next_dagrun for example_branch_operator to 2026-07-30 00:00:00+00:00, run_after=2026-07-31 00:00:00+00:00
[2026-07-31T11:35:58.613+0000] {processor.py:183} INFO - Processing /home/airflow/.local/lib/python3.12/site-packages/airflow/example_dags/example_branch_operator.py took 0.150 seconds
[2026-07-31T11:36:29.423+0000] {processor.py:161} INFO - Started process (PID=3977) to work on /home/airflow/.local/lib/python3.12/site-packages/airflow/example_dags/example_branch_operator.py
[2026-07-31T11:36:29.425+0000] {processor.py:830} INFO - Processing file /home/airflow/.local/lib/python3.12/site-packages/airflow/example_dags/example_branch_operator.py for tasks to queue
[2026-07-31T11:36:29.429+0000] {logging_mixin.py:188} INFO - [2026-07-31T11:36:29.429+0000] {dagbag.py:545} INFO - Filling up the DagBag from /home/airflow/.local/lib/python3.12/site-packages/airflow/example_dags/example_branch_operator.py
[2026-07-31T11:36:29.463+0000] {processor.py:840} INFO - DAG(s) 'example_branch_operator' retrieved from /home/airflow/.local/lib/python3.12/site-packages/airflow/example_dags/example_branch_operator.py
[2026-07-31T11:36:29.509+0000] {logging_mixin.py:188} INFO - [2026-07-31T11:36:29.508+0000] {dag.py:3089} INFO - Sync 1 DAGs
[2026-07-31T11:36:29.547+0000] {logging_mixin.py:188} INFO - [2026-07-31T11:36:29.546+0000] {dag.py:3947} INFO - Setting next_dagrun for example_branch_operator to 2026-07-30 00:00:00+00:00, run_after=2026-07-31 00:00:00+00:00
[2026-07-31T11:36:29.585+0000] {processor.py:183} INFO - Processing /home/airflow/.local/lib/python3.12/site-packages/airflow/example_dags/example_branch_operator.py took 0.174 seconds
[2026-07-31T11:36:59.853+0000] {processor.py:161} INFO - Started process (PID=4036) to work on /home/airflow/.local/lib/python3.12/site-packages/airflow/example_dags/example_branch_operator.py
[2026-07-31T11:36:59.855+0000] {processor.py:830} INFO - Processing file /home/airflow/.local/lib/python3.12/site-packages/airflow/example_dags/example_branch_operator.py for tasks to queue
[2026-07-31T11:36:59.860+0000] {logging_mixin.py:188} INFO - [2026-07-31T11:36:59.860+0000] {dagbag.py:545} INFO - Filling up the DagBag from /home/airflow/.local/lib/python3.12/site-packages/airflow/example_dags/example_branch_operator.py
[2026-07-31T11:36:59.904+0000] {processor.py:840} INFO - DAG(s) 'example_branch_operator' retrieved from /home/airflow/.local/lib/python3.12/site-packages/airflow/example_dags/example_branch_operator.py
[2026-07-31T11:36:59.980+0000] {logging_mixin.py:188} INFO - [2026-07-31T11:36:59.980+0000] {dag.py:3089} INFO - Sync 1 DAGs
[2026-07-31T11:37:00.063+0000] {logging_mixin.py:188} INFO - [2026-07-31T11:37:00.062+0000] {dag.py:3947} INFO - Setting next_dagrun for example_branch_operator to 2026-07-30 00:00:00+00:00, run_after=2026-07-31 00:00:00+00:00
[2026-07-31T11:37:00.138+0000] {processor.py:183} INFO - Processing /home/airflow/.local/lib/python3.12/site-packages/airflow/example_dags/example_branch_operator.py took 0.299 seconds
[2026-07-31T11:37:30.280+0000] {processor.py:161} INFO - Started process (PID=4094) to work on /home/airflow/.local/lib/python3.12/site-packages/airflow/example_dags/example_branch_operator.py
[2026-07-31T11:37:30.282+0000] {processor.py:830} INFO - Processing file /home/airflow/.local/lib/python3.12/site-packages/airflow/example_dags/example_branch_operator.py for tasks to queue
[2026-07-31T11:37:30.288+0000] {logging_mixin.py:188} INFO - [2026-07-31T11:37:30.287+0000] {dagbag.py:545} INFO - Filling up the DagBag from /home/airflow/.local/lib/python3.12/site-packages/airflow/example_dags/example_branch_operator.py
[2026-07-31T11:37:30.340+0000] {processor.py:840} INFO - DAG(s) 'example_branch_operator' retrieved from /home/airflow/.local/lib/python3.12/site-packages/airflow/example_dags/example_branch_operator.py
[2026-07-31T11:37:30.466+0000] {logging_mixin.py:188} INFO - [2026-07-31T11:37:30.465+0000] {dag.py:3089} INFO - Sync 1 DAGs
[2026-07-31T11:37:30.578+0000] {logging_mixin.py:188} INFO - [2026-07-31T11:37:30.578+0000] {dag.py:3947} INFO - Setting next_dagrun for example_branch_operator to 2026-07-30 00:00:00+00:00, run_after=2026-07-31 00:00:00+00:00
[2026-07-31T11:37:30.661+0000] {processor.py:183} INFO - Processing /home/airflow/.local/lib/python3.12/site-packages/airflow/example_dags/example_branch_operator.py took 0.395 seconds
[2026-07-31T11:38:01.438+0000] {processor.py:161} INFO - Started process (PID=4152) to work on /home/airflow/.local/lib/python3.12/site-packages/airflow/example_dags/example_branch_operator.py
[2026-07-31T11:38:01.446+0000] {processor.py:830} INFO - Processing file /home/airflow/.local/lib/python3.12/site-packages/airflow/example_dags/example_branch_operator.py for tasks to queue
[2026-07-31T11:38:01.451+0000] {logging_mixin.py:188} INFO - [2026-07-31T11:38:01.450+0000] {dagbag.py:545} INFO - Filling up the DagBag from /home/airflow/.local/lib/python3.12/site-packages/airflow/example_dags/example_branch_operator.py
[2026-07-31T11:38:01.517+0000] {processor.py:840} INFO - DAG(s) 'example_branch_operator' retrieved from /home/airflow/.local/lib/python3.12/site-packages/airflow/example_dags/example_branch_operator.py
[2026-07-31T11:38:01.670+0000] {logging_mixin.py:188} INFO - [2026-07-31T11:38:01.668+0000] {dag.py:3089} INFO - Sync 1 DAGs
[2026-07-31T11:38:01.828+0000] {logging_mixin.py:188} INFO - [2026-07-31T11:38:01.827+0000] {dag.py:3947} INFO - Setting next_dagrun for example_branch_operator to 2026-07-30 00:00:00+00:00, run_after=2026-07-31 00:00:00+00:00
[2026-07-31T11:38:01.900+0000] {processor.py:183} INFO - Processing /home/airflow/.local/lib/python3.12/site-packages/airflow/example_dags/example_branch_operator.py took 0.485 seconds
[2026-07-31T11:38:32.403+0000] {processor.py:161} INFO - Started process (PID=4210) to work on /home/airflow/.local/lib/python3.12/site-packages/airflow/example_dags/example_branch_operator.py
[2026-07-31T11:38:32.408+0000] {processor.py:830} INFO - Processing file /home/airflow/.local/lib/python3.12/site-packages/airflow/example_dags/example_branch_operator.py for tasks to queue
[2026-07-31T11:38:32.411+0000] {logging_mixin.py:188} INFO - [2026-07-31T11:38:32.411+0000] {dagbag.py:545} INFO - Filling up the DagBag from /home/airflow/.local/lib/python3.12/site-packages/airflow/example_dags/example_branch_operator.py
[2026-07-31T11:38:32.442+0000] {processor.py:840} INFO - DAG(s) 'example_branch_operator' retrieved from /home/airflow/.local/lib/python3.12/site-packages/airflow/example_dags/example_branch_operator.py
[2026-07-31T11:38:32.479+0000] {logging_mixin.py:188} INFO - [2026-07-31T11:38:32.479+0000] {dag.py:3089} INFO - Sync 1 DAGs
[2026-07-31T11:38:32.513+0000] {logging_mixin.py:188} INFO - [2026-07-31T11:38:32.513+0000] {dag.py:3947} INFO - Setting next_dagrun for example_branch_operator to 2026-07-30 00:00:00+00:00, run_after=2026-07-31 00:00:00+00:00
[2026-07-31T11:38:32.543+0000] {processor.py:183} INFO - Processing /home/airflow/.local/lib/python3.12/site-packages/airflow/example_dags/example_branch_operator.py took 0.149 seconds
[2026-07-31T11:39:02.674+0000] {processor.py:161} INFO - Started process (PID=4268) to work on /home/airflow/.local/lib/python3.12/site-packages/airflow/example_dags/example_branch_operator.py
[2026-07-31T11:39:02.676+0000] {processor.py:830} INFO - Processing file /home/airflow/.local/lib/python3.12/site-packages/airflow/example_dags/example_branch_operator.py for tasks to queue
[2026-07-31T11:39:02.678+0000] {logging_mixin.py:188} INFO - [2026-07-31T11:39:02.678+0000] {dagbag.py:545} INFO - Filling up the DagBag from /home/airflow/.local/lib/python3.12/site-packages/airflow/example_dags/example_branch_operator.py
[2026-07-31T11:39:02.700+0000] {processor.py:840} INFO - DAG(s) 'example_branch_operator' retrieved from /home/airflow/.local/lib/python3.12/site-packages/airflow/example_dags/example_branch_operator.py
[2026-07-31T11:39:02.734+0000] {logging_mixin.py:188} INFO - [2026-07-31T11:39:02.734+0000] {dag.py:3089} INFO - Sync 1 DAGs
[2026-07-31T11:39:02.763+0000] {logging_mixin.py:188} INFO - [2026-07-31T11:39:02.762+0000] {dag.py:3947} INFO - Setting next_dagrun for example_branch_operator to 2026-07-30 00:00:00+00:00, run_after=2026-07-31 00:00:00+00:00
[2026-07-31T11:39:02.788+0000] {processor.py:183} INFO - Processing /home/airflow/.local/lib/python3.12/site-packages/airflow/example_dags/example_branch_operator.py took 0.121 seconds
[2026-07-31T11:39:33.078+0000] {processor.py:161} INFO - Started process (PID=4326) to work on /home/airflow/.local/lib/python3.12/site-packages/airflow/example_dags/example_branch_operator.py
[2026-07-31T11:39:33.079+0000] {processor.py:830} INFO - Processing file /home/airflow/.local/lib/python3.12/site-packages/airflow/example_dags/example_branch_operator.py for tasks to queue
[2026-07-31T11:39:33.082+0000] {logging_mixin.py:188} INFO - [2026-07-31T11:39:33.082+0000] {dagbag.py:545} INFO - Filling up the DagBag from /home/airflow/.local/lib/python3.12/site-packages/airflow/example_dags/example_branch_operator.py
[2026-07-31T11:39:33.105+0000] {processor.py:840} INFO - DAG(s) 'example_branch_operator' retrieved from /home/airflow/.local/lib/python3.12/site-packages/airflow/example_dags/example_branch_operator.py
[2026-07-31T11:39:33.142+0000] {logging_mixin.py:188} INFO - [2026-07-31T11:39:33.142+0000] {dag.py:3089} INFO - Sync 1 DAGs
[2026-07-31T11:39:33.172+0000] {logging_mixin.py:188} INFO - [2026-07-31T11:39:33.172+0000] {dag.py:3947} INFO - Setting next_dagrun for example_branch_operator to 2026-07-30 00:00:00+00:00, run_after=2026-07-31 00:00:00+00:00
[2026-07-31T11:39:33.202+0000] {processor.py:183} INFO - Processing /home/airflow/.local/lib/python3.12/site-packages/airflow/example_dags/example_branch_operator.py took 0.132 seconds
[2026-07-31T11:40:03.897+0000] {processor.py:161} INFO - Started process (PID=4384) to work on /home/airflow/.local/lib/python3.12/site-packages/airflow/example_dags/example_branch_operator.py
[2026-07-31T11:40:03.899+0000] {processor.py:830} INFO - Processing file /home/airflow/.local/lib/python3.12/site-packages/airflow/example_dags/example_branch_operator.py for tasks to queue
[2026-07-31T11:40:03.920+0000] {logging_mixin.py:188} INFO - [2026-07-31T11:40:03.920+0000] {dagbag.py:545} INFO - Filling up the DagBag from /home/airflow/.local/lib/python3.12/site-packages/airflow/example_dags/example_branch_operator.py
[2026-07-31T11:40:03.948+0000] {processor.py:840} INFO - DAG(s) 'example_branch_operator' retrieved from /home/airflow/.local/lib/python3.12/site-packages/airflow/example_dags/example_branch_operator.py
[2026-07-31T11:40:03.987+0000] {logging_mixin.py:188} INFO - [2026-07-31T11:40:03.987+0000] {dag.py:3089} INFO - Sync 1 DAGs
[2026-07-31T11:40:04.021+0000] {logging_mixin.py:188} INFO - [2026-07-31T11:40:04.021+0000] {dag.py:3947} INFO - Setting next_dagrun for example_branch_operator to 2026-07-30 00:00:00+00:00, run_after=2026-07-31 00:00:00+00:00
[2026-07-31T11:40:04.061+0000] {processor.py:183} INFO - Processing /home/airflow/.local/lib/python3.12/site-packages/airflow/example_dags/example_branch_operator.py took 0.173 seconds
[2026-07-31T11:40:35.076+0000] {processor.py:161} INFO - Started process (PID=4442) to work on /home/airflow/.local/lib/python3.12/site-packages/airflow/example_dags/example_branch_operator.py
[2026-07-31T11:40:35.094+0000] {processor.py:830} INFO - Processing file /home/airflow/.local/lib/python3.12/site-packages/airflow/example_dags/example_branch_operator.py for tasks to queue
[2026-07-31T11:40:35.107+0000] {logging_mixin.py:188} INFO - [2026-07-31T11:40:35.106+0000] {dagbag.py:545} INFO - Filling up the DagBag from /home/airflow/.local/lib/python3.12/site-packages/airflow/example_dags/example_branch_operator.py
[2026-07-31T11:40:35.238+0000] {processor.py:840} INFO - DAG(s) 'example_branch_operator' retrieved from /home/airflow/.local/lib/python3.12/site-packages/airflow/example_dags/example_branch_operator.py
[2026-07-31T11:40:35.433+0000] {logging_mixin.py:188} INFO - [2026-07-31T11:40:35.432+0000] {dag.py:3089} INFO - Sync 1 DAGs
[2026-07-31T11:40:35.563+0000] {logging_mixin.py:188} INFO - [2026-07-31T11:40:35.562+0000] {dag.py:3947} INFO - Setting next_dagrun for example_branch_operator to 2026-07-30 00:00:00+00:00, run_after=2026-07-31 00:00:00+00:00
[2026-07-31T11:40:35.625+0000] {processor.py:183} INFO - Processing /home/airflow/.local/lib/python3.12/site-packages/airflow/example_dags/example_branch_operator.py took 0.603 seconds
[2026-07-31T11:41:05.857+0000] {processor.py:161} INFO - Started process (PID=4498) to work on /home/airflow/.local/lib/python3.12/site-packages/airflow/example_dags/example_branch_operator.py
[2026-07-31T11:41:05.862+0000] {processor.py:830} INFO - Processing file /home/airflow/.local/lib/python3.12/site-packages/airflow/example_dags/example_branch_operator.py for tasks to queue
[2026-07-31T11:41:05.869+0000] {logging_mixin.py:188} INFO - [2026-07-31T11:41:05.868+0000] {dagbag.py:545} INFO - Filling up the DagBag from /home/airflow/.local/lib/python3.12/site-packages/airflow/example_dags/example_branch_operator.py
[2026-07-31T11:41:05.939+0000] {processor.py:840} INFO - DAG(s) 'example_branch_operator' retrieved from /home/airflow/.local/lib/python3.12/site-packages/airflow/example_dags/example_branch_operator.py
[2026-07-31T11:41:06.041+0000] {logging_mixin.py:188} INFO - [2026-07-31T11:41:06.041+0000] {dag.py:3089} INFO - Sync 1 DAGs
[2026-07-31T11:41:06.150+0000] {logging_mixin.py:188} INFO - [2026-07-31T11:41:06.149+0000] {dag.py:3947} INFO - Setting next_dagrun for example_branch_operator to 2026-07-30 00:00:00+00:00, run_after=2026-07-31 00:00:00+00:00
[2026-07-31T11:41:06.224+0000] {processor.py:183} INFO - Processing /home/airflow/.local/lib/python3.12/site-packages/airflow/example_dags/example_branch_operator.py took 0.401 seconds
