[2026-07-31T10:53:36.050+0000] {processor.py:161} INFO - Started process (PID=145) to work on /home/airflow/.local/lib/python3.12/site-packages/airflow/example_dags/example_xcomargs.py
[2026-07-31T10:53:36.063+0000] {processor.py:830} INFO - Processing file /home/airflow/.local/lib/python3.12/site-packages/airflow/example_dags/example_xcomargs.py for tasks to queue
[2026-07-31T10:53:36.075+0000] {logging_mixin.py:188} INFO - [2026-07-31T10:53:36.073+0000] {dagbag.py:545} INFO - Filling up the DagBag from /home/airflow/.local/lib/python3.12/site-packages/airflow/example_dags/example_xcomargs.py
[2026-07-31T10:53:36.155+0000] {processor.py:840} INFO - DAG(s) 'example_xcom_args_with_operators', 'example_xcom_args' retrieved from /home/airflow/.local/lib/python3.12/site-packages/airflow/example_dags/example_xcomargs.py
[2026-07-31T10:53:37.939+0000] {logging_mixin.py:188} INFO - [2026-07-31T10:53:37.937+0000] {dag.py:3089} INFO - Sync 2 DAGs
[2026-07-31T10:53:38.236+0000] {logging_mixin.py:188} INFO - [2026-07-31T10:53:38.235+0000] {dag.py:3947} INFO - Setting next_dagrun for example_xcom_args to None, run_after=None
[2026-07-31T10:53:38.322+0000] {logging_mixin.py:188} INFO - [2026-07-31T10:53:38.318+0000] {dag.py:3947} INFO - Setting next_dagrun for example_xcom_args_with_operators to None, run_after=None
[2026-07-31T10:53:38.515+0000] {processor.py:183} INFO - Processing /home/airflow/.local/lib/python3.12/site-packages/airflow/example_dags/example_xcomargs.py took 2.525 seconds
[2026-07-31T10:54:59.798+0000] {processor.py:161} INFO - Started process (PID=214) to work on /home/airflow/.local/lib/python3.12/site-packages/airflow/example_dags/example_xcomargs.py
[2026-07-31T10:54:59.833+0000] {processor.py:830} INFO - Processing file /home/airflow/.local/lib/python3.12/site-packages/airflow/example_dags/example_xcomargs.py for tasks to queue
[2026-07-31T10:54:59.918+0000] {logging_mixin.py:188} INFO - [2026-07-31T10:54:59.917+0000] {dagbag.py:545} INFO - Filling up the DagBag from /home/airflow/.local/lib/python3.12/site-packages/airflow/example_dags/example_xcomargs.py
[2026-07-31T10:55:01.033+0000] {processor.py:840} INFO - DAG(s) 'example_xcom_args_with_operators', 'example_xcom_args' retrieved from /home/airflow/.local/lib/python3.12/site-packages/airflow/example_dags/example_xcomargs.py
[2026-07-31T10:55:01.857+0000] {logging_mixin.py:188} INFO - [2026-07-31T10:55:01.856+0000] {dag.py:3089} INFO - Sync 2 DAGs
[2026-07-31T10:55:02.061+0000] {logging_mixin.py:188} INFO - [2026-07-31T10:55:02.060+0000] {dag.py:3947} INFO - Setting next_dagrun for example_xcom_args to None, run_after=None
[2026-07-31T10:55:02.105+0000] {logging_mixin.py:188} INFO - [2026-07-31T10:55:02.104+0000] {dag.py:3947} INFO - Setting next_dagrun for example_xcom_args_with_operators to None, run_after=None
[2026-07-31T10:55:02.332+0000] {processor.py:183} INFO - Processing /home/airflow/.local/lib/python3.12/site-packages/airflow/example_dags/example_xcomargs.py took 3.260 seconds
[2026-07-31T10:55:33.131+0000] {processor.py:161} INFO - Started process (PID=271) to work on /home/airflow/.local/lib/python3.12/site-packages/airflow/example_dags/example_xcomargs.py
[2026-07-31T10:55:33.135+0000] {processor.py:830} INFO - Processing file /home/airflow/.local/lib/python3.12/site-packages/airflow/example_dags/example_xcomargs.py for tasks to queue
[2026-07-31T10:55:33.143+0000] {logging_mixin.py:188} INFO - [2026-07-31T10:55:33.142+0000] {dagbag.py:545} INFO - Filling up the DagBag from /home/airflow/.local/lib/python3.12/site-packages/airflow/example_dags/example_xcomargs.py
[2026-07-31T10:55:33.201+0000] {processor.py:840} INFO - DAG(s) 'example_xcom_args_with_operators', 'example_xcom_args' retrieved from /home/airflow/.local/lib/python3.12/site-packages/airflow/example_dags/example_xcomargs.py
[2026-07-31T10:55:33.324+0000] {logging_mixin.py:188} INFO - [2026-07-31T10:55:33.323+0000] {dag.py:3089} INFO - Sync 2 DAGs
[2026-07-31T10:55:33.398+0000] {logging_mixin.py:188} INFO - [2026-07-31T10:55:33.397+0000] {dag.py:3947} INFO - Setting next_dagrun for example_xcom_args to None, run_after=None
[2026-07-31T10:55:33.422+0000] {logging_mixin.py:188} INFO - [2026-07-31T10:55:33.418+0000] {dag.py:3947} INFO - Setting next_dagrun for example_xcom_args_with_operators to None, run_after=None
[2026-07-31T10:55:33.526+0000] {processor.py:183} INFO - Processing /home/airflow/.local/lib/python3.12/site-packages/airflow/example_dags/example_xcomargs.py took 0.412 seconds
[2026-07-31T10:56:03.844+0000] {processor.py:161} INFO - Started process (PID=327) to work on /home/airflow/.local/lib/python3.12/site-packages/airflow/example_dags/example_xcomargs.py
[2026-07-31T10:56:03.849+0000] {processor.py:830} INFO - Processing file /home/airflow/.local/lib/python3.12/site-packages/airflow/example_dags/example_xcomargs.py for tasks to queue
[2026-07-31T10:56:03.858+0000] {logging_mixin.py:188} INFO - [2026-07-31T10:56:03.858+0000] {dagbag.py:545} INFO - Filling up the DagBag from /home/airflow/.local/lib/python3.12/site-packages/airflow/example_dags/example_xcomargs.py
[2026-07-31T10:56:03.928+0000] {processor.py:840} INFO - DAG(s) 'example_xcom_args_with_operators', 'example_xcom_args' retrieved from /home/airflow/.local/lib/python3.12/site-packages/airflow/example_dags/example_xcomargs.py
[2026-07-31T10:56:04.052+0000] {logging_mixin.py:188} INFO - [2026-07-31T10:56:04.051+0000] {dag.py:3089} INFO - Sync 2 DAGs
[2026-07-31T10:56:04.088+0000] {logging_mixin.py:188} INFO - [2026-07-31T10:56:04.088+0000] {dag.py:3947} INFO - Setting next_dagrun for example_xcom_args to None, run_after=None
[2026-07-31T10:56:04.100+0000] {logging_mixin.py:188} INFO - [2026-07-31T10:56:04.100+0000] {dag.py:3947} INFO - Setting next_dagrun for example_xcom_args_with_operators to None, run_after=None
[2026-07-31T10:56:04.140+0000] {processor.py:183} INFO - Processing /home/airflow/.local/lib/python3.12/site-packages/airflow/example_dags/example_xcomargs.py took 0.335 seconds
[2026-07-31T10:56:34.531+0000] {processor.py:161} INFO - Started process (PID=385) to work on /home/airflow/.local/lib/python3.12/site-packages/airflow/example_dags/example_xcomargs.py
[2026-07-31T10:56:34.533+0000] {processor.py:830} INFO - Processing file /home/airflow/.local/lib/python3.12/site-packages/airflow/example_dags/example_xcomargs.py for tasks to queue
[2026-07-31T10:56:34.537+0000] {logging_mixin.py:188} INFO - [2026-07-31T10:56:34.536+0000] {dagbag.py:545} INFO - Filling up the DagBag from /home/airflow/.local/lib/python3.12/site-packages/airflow/example_dags/example_xcomargs.py
[2026-07-31T10:56:34.550+0000] {processor.py:840} INFO - DAG(s) 'example_xcom_args', 'example_xcom_args_with_operators' retrieved from /home/airflow/.local/lib/python3.12/site-packages/airflow/example_dags/example_xcomargs.py
[2026-07-31T10:56:34.607+0000] {logging_mixin.py:188} INFO - [2026-07-31T10:56:34.607+0000] {dag.py:3089} INFO - Sync 2 DAGs
[2026-07-31T10:56:34.638+0000] {logging_mixin.py:188} INFO - [2026-07-31T10:56:34.638+0000] {dag.py:3947} INFO - Setting next_dagrun for example_xcom_args to None, run_after=None
[2026-07-31T10:56:34.647+0000] {logging_mixin.py:188} INFO - [2026-07-31T10:56:34.647+0000] {dag.py:3947} INFO - Setting next_dagrun for example_xcom_args_with_operators to None, run_after=None
[2026-07-31T10:56:34.686+0000] {processor.py:183} INFO - Processing /home/airflow/.local/lib/python3.12/site-packages/airflow/example_dags/example_xcomargs.py took 0.167 seconds
[2026-07-31T10:57:05.009+0000] {processor.py:161} INFO - Started process (PID=443) to work on /home/airflow/.local/lib/python3.12/site-packages/airflow/example_dags/example_xcomargs.py
[2026-07-31T10:57:05.010+0000] {processor.py:830} INFO - Processing file /home/airflow/.local/lib/python3.12/site-packages/airflow/example_dags/example_xcomargs.py for tasks to queue
[2026-07-31T10:57:05.013+0000] {logging_mixin.py:188} INFO - [2026-07-31T10:57:05.013+0000] {dagbag.py:545} INFO - Filling up the DagBag from /home/airflow/.local/lib/python3.12/site-packages/airflow/example_dags/example_xcomargs.py
[2026-07-31T10:57:05.026+0000] {processor.py:840} INFO - DAG(s) 'example_xcom_args_with_operators', 'example_xcom_args' retrieved from /home/airflow/.local/lib/python3.12/site-packages/airflow/example_dags/example_xcomargs.py
[2026-07-31T10:57:05.056+0000] {logging_mixin.py:188} INFO - [2026-07-31T10:57:05.056+0000] {dag.py:3089} INFO - Sync 2 DAGs
[2026-07-31T10:57:05.074+0000] {logging_mixin.py:188} INFO - [2026-07-31T10:57:05.073+0000] {dag.py:3947} INFO - Setting next_dagrun for example_xcom_args to None, run_after=None
[2026-07-31T10:57:05.079+0000] {logging_mixin.py:188} INFO - [2026-07-31T10:57:05.078+0000] {dag.py:3947} INFO - Setting next_dagrun for example_xcom_args_with_operators to None, run_after=None
[2026-07-31T10:57:05.105+0000] {processor.py:183} INFO - Processing /home/airflow/.local/lib/python3.12/site-packages/airflow/example_dags/example_xcomargs.py took 0.103 seconds
[2026-07-31T10:57:36.004+0000] {processor.py:161} INFO - Started process (PID=501) to work on /home/airflow/.local/lib/python3.12/site-packages/airflow/example_dags/example_xcomargs.py
[2026-07-31T10:57:36.006+0000] {processor.py:830} INFO - Processing file /home/airflow/.local/lib/python3.12/site-packages/airflow/example_dags/example_xcomargs.py for tasks to queue
[2026-07-31T10:57:36.010+0000] {logging_mixin.py:188} INFO - [2026-07-31T10:57:36.009+0000] {dagbag.py:545} INFO - Filling up the DagBag from /home/airflow/.local/lib/python3.12/site-packages/airflow/example_dags/example_xcomargs.py
[2026-07-31T10:57:36.025+0000] {processor.py:840} INFO - DAG(s) 'example_xcom_args_with_operators', 'example_xcom_args' retrieved from /home/airflow/.local/lib/python3.12/site-packages/airflow/example_dags/example_xcomargs.py
[2026-07-31T10:57:36.068+0000] {logging_mixin.py:188} INFO - [2026-07-31T10:57:36.068+0000] {dag.py:3089} INFO - Sync 2 DAGs
[2026-07-31T10:57:36.093+0000] {logging_mixin.py:188} INFO - [2026-07-31T10:57:36.092+0000] {dag.py:3947} INFO - Setting next_dagrun for example_xcom_args to None, run_after=None
[2026-07-31T10:57:36.101+0000] {logging_mixin.py:188} INFO - [2026-07-31T10:57:36.100+0000] {dag.py:3947} INFO - Setting next_dagrun for example_xcom_args_with_operators to None, run_after=None
[2026-07-31T10:57:36.129+0000] {processor.py:183} INFO - Processing /home/airflow/.local/lib/python3.12/site-packages/airflow/example_dags/example_xcomargs.py took 0.136 seconds
[2026-07-31T10:58:07.499+0000] {processor.py:161} INFO - Started process (PID=559) to work on /home/airflow/.local/lib/python3.12/site-packages/airflow/example_dags/example_xcomargs.py
[2026-07-31T10:58:07.502+0000] {processor.py:830} INFO - Processing file /home/airflow/.local/lib/python3.12/site-packages/airflow/example_dags/example_xcomargs.py for tasks to queue
[2026-07-31T10:58:07.510+0000] {logging_mixin.py:188} INFO - [2026-07-31T10:58:07.508+0000] {dagbag.py:545} INFO - Filling up the DagBag from /home/airflow/.local/lib/python3.12/site-packages/airflow/example_dags/example_xcomargs.py
[2026-07-31T10:58:07.526+0000] {processor.py:840} INFO - DAG(s) 'example_xcom_args', 'example_xcom_args_with_operators' retrieved from /home/airflow/.local/lib/python3.12/site-packages/airflow/example_dags/example_xcomargs.py
[2026-07-31T10:58:07.579+0000] {logging_mixin.py:188} INFO - [2026-07-31T10:58:07.578+0000] {dag.py:3089} INFO - Sync 2 DAGs
[2026-07-31T10:58:07.625+0000] {logging_mixin.py:188} INFO - [2026-07-31T10:58:07.624+0000] {dag.py:3947} INFO - Setting next_dagrun for example_xcom_args to None, run_after=None
[2026-07-31T10:58:07.640+0000] {logging_mixin.py:188} INFO - [2026-07-31T10:58:07.638+0000] {dag.py:3947} INFO - Setting next_dagrun for example_xcom_args_with_operators to None, run_after=None
[2026-07-31T10:58:07.727+0000] {processor.py:183} INFO - Processing /home/airflow/.local/lib/python3.12/site-packages/airflow/example_dags/example_xcomargs.py took 0.243 seconds
[2026-07-31T10:58:38.874+0000] {processor.py:161} INFO - Started process (PID=617) to work on /home/airflow/.local/lib/python3.12/site-packages/airflow/example_dags/example_xcomargs.py
[2026-07-31T10:58:38.877+0000] {processor.py:830} INFO - Processing file /home/airflow/.local/lib/python3.12/site-packages/airflow/example_dags/example_xcomargs.py for tasks to queue
[2026-07-31T10:58:38.881+0000] {logging_mixin.py:188} INFO - [2026-07-31T10:58:38.880+0000] {dagbag.py:545} INFO - Filling up the DagBag from /home/airflow/.local/lib/python3.12/site-packages/airflow/example_dags/example_xcomargs.py
[2026-07-31T10:58:38.901+0000] {processor.py:840} INFO - DAG(s) 'example_xcom_args', 'example_xcom_args_with_operators' retrieved from /home/airflow/.local/lib/python3.12/site-packages/airflow/example_dags/example_xcomargs.py
[2026-07-31T10:58:38.962+0000] {logging_mixin.py:188} INFO - [2026-07-31T10:58:38.962+0000] {dag.py:3089} INFO - Sync 2 DAGs
[2026-07-31T10:58:38.997+0000] {logging_mixin.py:188} INFO - [2026-07-31T10:58:38.996+0000] {dag.py:3947} INFO - Setting next_dagrun for example_xcom_args to None, run_after=None
[2026-07-31T10:58:39.006+0000] {logging_mixin.py:188} INFO - [2026-07-31T10:58:39.006+0000] {dag.py:3947} INFO - Setting next_dagrun for example_xcom_args_with_operators to None, run_after=None
[2026-07-31T10:58:39.045+0000] {processor.py:183} INFO - Processing /home/airflow/.local/lib/python3.12/site-packages/airflow/example_dags/example_xcomargs.py took 0.184 seconds
[2026-07-31T10:59:09.917+0000] {processor.py:161} INFO - Started process (PID=673) to work on /home/airflow/.local/lib/python3.12/site-packages/airflow/example_dags/example_xcomargs.py
[2026-07-31T10:59:09.919+0000] {processor.py:830} INFO - Processing file /home/airflow/.local/lib/python3.12/site-packages/airflow/example_dags/example_xcomargs.py for tasks to queue
[2026-07-31T10:59:09.922+0000] {logging_mixin.py:188} INFO - [2026-07-31T10:59:09.922+0000] {dagbag.py:545} INFO - Filling up the DagBag from /home/airflow/.local/lib/python3.12/site-packages/airflow/example_dags/example_xcomargs.py
[2026-07-31T10:59:09.938+0000] {processor.py:840} INFO - DAG(s) 'example_xcom_args_with_operators', 'example_xcom_args' retrieved from /home/airflow/.local/lib/python3.12/site-packages/airflow/example_dags/example_xcomargs.py
[2026-07-31T10:59:09.978+0000] {logging_mixin.py:188} INFO - [2026-07-31T10:59:09.978+0000] {dag.py:3089} INFO - Sync 2 DAGs
[2026-07-31T10:59:09.999+0000] {logging_mixin.py:188} INFO - [2026-07-31T10:59:09.999+0000] {dag.py:3947} INFO - Setting next_dagrun for example_xcom_args to None, run_after=None
[2026-07-31T10:59:10.011+0000] {logging_mixin.py:188} INFO - [2026-07-31T10:59:10.010+0000] {dag.py:3947} INFO - Setting next_dagrun for example_xcom_args_with_operators to None, run_after=None
[2026-07-31T10:59:10.045+0000] {processor.py:183} INFO - Processing /home/airflow/.local/lib/python3.12/site-packages/airflow/example_dags/example_xcomargs.py took 0.137 seconds
[2026-07-31T10:59:40.179+0000] {processor.py:161} INFO - Started process (PID=731) to work on /home/airflow/.local/lib/python3.12/site-packages/airflow/example_dags/example_xcomargs.py
[2026-07-31T10:59:40.181+0000] {processor.py:830} INFO - Processing file /home/airflow/.local/lib/python3.12/site-packages/airflow/example_dags/example_xcomargs.py for tasks to queue
[2026-07-31T10:59:40.184+0000] {logging_mixin.py:188} INFO - [2026-07-31T10:59:40.184+0000] {dagbag.py:545} INFO - Filling up the DagBag from /home/airflow/.local/lib/python3.12/site-packages/airflow/example_dags/example_xcomargs.py
[2026-07-31T10:59:40.201+0000] {processor.py:840} INFO - DAG(s) 'example_xcom_args', 'example_xcom_args_with_operators' retrieved from /home/airflow/.local/lib/python3.12/site-packages/airflow/example_dags/example_xcomargs.py
[2026-07-31T10:59:40.234+0000] {logging_mixin.py:188} INFO - [2026-07-31T10:59:40.234+0000] {dag.py:3089} INFO - Sync 2 DAGs
[2026-07-31T10:59:40.254+0000] {logging_mixin.py:188} INFO - [2026-07-31T10:59:40.254+0000] {dag.py:3947} INFO - Setting next_dagrun for example_xcom_args to None, run_after=None
[2026-07-31T10:59:40.261+0000] {logging_mixin.py:188} INFO - [2026-07-31T10:59:40.260+0000] {dag.py:3947} INFO - Setting next_dagrun for example_xcom_args_with_operators to None, run_after=None
[2026-07-31T10:59:40.286+0000] {processor.py:183} INFO - Processing /home/airflow/.local/lib/python3.12/site-packages/airflow/example_dags/example_xcomargs.py took 0.116 seconds
[2026-07-31T11:00:10.933+0000] {processor.py:161} INFO - Started process (PID=789) to work on /home/airflow/.local/lib/python3.12/site-packages/airflow/example_dags/example_xcomargs.py
[2026-07-31T11:00:10.937+0000] {processor.py:830} INFO - Processing file /home/airflow/.local/lib/python3.12/site-packages/airflow/example_dags/example_xcomargs.py for tasks to queue
[2026-07-31T11:00:10.943+0000] {logging_mixin.py:188} INFO - [2026-07-31T11:00:10.942+0000] {dagbag.py:545} INFO - Filling up the DagBag from /home/airflow/.local/lib/python3.12/site-packages/airflow/example_dags/example_xcomargs.py
[2026-07-31T11:00:10.982+0000] {processor.py:840} INFO - DAG(s) 'example_xcom_args_with_operators', 'example_xcom_args' retrieved from /home/airflow/.local/lib/python3.12/site-packages/airflow/example_dags/example_xcomargs.py
[2026-07-31T11:00:11.080+0000] {logging_mixin.py:188} INFO - [2026-07-31T11:00:11.079+0000] {dag.py:3089} INFO - Sync 2 DAGs
[2026-07-31T11:00:11.123+0000] {logging_mixin.py:188} INFO - [2026-07-31T11:00:11.122+0000] {dag.py:3947} INFO - Setting next_dagrun for example_xcom_args to None, run_after=None
[2026-07-31T11:00:11.147+0000] {logging_mixin.py:188} INFO - [2026-07-31T11:00:11.146+0000] {dag.py:3947} INFO - Setting next_dagrun for example_xcom_args_with_operators to None, run_after=None
[2026-07-31T11:00:11.212+0000] {processor.py:183} INFO - Processing /home/airflow/.local/lib/python3.12/site-packages/airflow/example_dags/example_xcomargs.py took 0.306 seconds
[2026-07-31T11:00:41.589+0000] {processor.py:161} INFO - Started process (PID=847) to work on /home/airflow/.local/lib/python3.12/site-packages/airflow/example_dags/example_xcomargs.py
[2026-07-31T11:00:41.591+0000] {processor.py:830} INFO - Processing file /home/airflow/.local/lib/python3.12/site-packages/airflow/example_dags/example_xcomargs.py for tasks to queue
[2026-07-31T11:00:41.595+0000] {logging_mixin.py:188} INFO - [2026-07-31T11:00:41.595+0000] {dagbag.py:545} INFO - Filling up the DagBag from /home/airflow/.local/lib/python3.12/site-packages/airflow/example_dags/example_xcomargs.py
[2026-07-31T11:00:41.610+0000] {processor.py:840} INFO - DAG(s) 'example_xcom_args_with_operators', 'example_xcom_args' retrieved from /home/airflow/.local/lib/python3.12/site-packages/airflow/example_dags/example_xcomargs.py
[2026-07-31T11:00:41.656+0000] {logging_mixin.py:188} INFO - [2026-07-31T11:00:41.656+0000] {dag.py:3089} INFO - Sync 2 DAGs
[2026-07-31T11:00:41.682+0000] {logging_mixin.py:188} INFO - [2026-07-31T11:00:41.682+0000] {dag.py:3947} INFO - Setting next_dagrun for example_xcom_args to None, run_after=None
[2026-07-31T11:00:41.691+0000] {logging_mixin.py:188} INFO - [2026-07-31T11:00:41.691+0000] {dag.py:3947} INFO - Setting next_dagrun for example_xcom_args_with_operators to None, run_after=None
[2026-07-31T11:00:41.728+0000] {processor.py:183} INFO - Processing /home/airflow/.local/lib/python3.12/site-packages/airflow/example_dags/example_xcomargs.py took 0.154 seconds
[2026-07-31T11:01:11.908+0000] {processor.py:161} INFO - Started process (PID=904) to work on /home/airflow/.local/lib/python3.12/site-packages/airflow/example_dags/example_xcomargs.py
[2026-07-31T11:01:11.910+0000] {processor.py:830} INFO - Processing file /home/airflow/.local/lib/python3.12/site-packages/airflow/example_dags/example_xcomargs.py for tasks to queue
[2026-07-31T11:01:11.915+0000] {logging_mixin.py:188} INFO - [2026-07-31T11:01:11.914+0000] {dagbag.py:545} INFO - Filling up the DagBag from /home/airflow/.local/lib/python3.12/site-packages/airflow/example_dags/example_xcomargs.py
[2026-07-31T11:01:11.942+0000] {processor.py:840} INFO - DAG(s) 'example_xcom_args', 'example_xcom_args_with_operators' retrieved from /home/airflow/.local/lib/python3.12/site-packages/airflow/example_dags/example_xcomargs.py
[2026-07-31T11:01:12.047+0000] {logging_mixin.py:188} INFO - [2026-07-31T11:01:12.046+0000] {dag.py:3089} INFO - Sync 2 DAGs
[2026-07-31T11:01:12.088+0000] {logging_mixin.py:188} INFO - [2026-07-31T11:01:12.088+0000] {dag.py:3947} INFO - Setting next_dagrun for example_xcom_args to None, run_after=None
[2026-07-31T11:01:12.096+0000] {logging_mixin.py:188} INFO - [2026-07-31T11:01:12.096+0000] {dag.py:3947} INFO - Setting next_dagrun for example_xcom_args_with_operators to None, run_after=None
[2026-07-31T11:01:12.130+0000] {processor.py:183} INFO - Processing /home/airflow/.local/lib/python3.12/site-packages/airflow/example_dags/example_xcomargs.py took 0.236 seconds
[2026-07-31T11:01:42.760+0000] {processor.py:161} INFO - Started process (PID=961) to work on /home/airflow/.local/lib/python3.12/site-packages/airflow/example_dags/example_xcomargs.py
[2026-07-31T11:01:42.762+0000] {processor.py:830} INFO - Processing file /home/airflow/.local/lib/python3.12/site-packages/airflow/example_dags/example_xcomargs.py for tasks to queue
[2026-07-31T11:01:42.765+0000] {logging_mixin.py:188} INFO - [2026-07-31T11:01:42.765+0000] {dagbag.py:545} INFO - Filling up the DagBag from /home/airflow/.local/lib/python3.12/site-packages/airflow/example_dags/example_xcomargs.py
[2026-07-31T11:01:42.781+0000] {processor.py:840} INFO - DAG(s) 'example_xcom_args_with_operators', 'example_xcom_args' retrieved from /home/airflow/.local/lib/python3.12/site-packages/airflow/example_dags/example_xcomargs.py
[2026-07-31T11:01:42.853+0000] {logging_mixin.py:188} INFO - [2026-07-31T11:01:42.852+0000] {dag.py:3089} INFO - Sync 2 DAGs
[2026-07-31T11:01:42.900+0000] {logging_mixin.py:188} INFO - [2026-07-31T11:01:42.900+0000] {dag.py:3947} INFO - Setting next_dagrun for example_xcom_args to None, run_after=None
[2026-07-31T11:01:42.916+0000] {logging_mixin.py:188} INFO - [2026-07-31T11:01:42.916+0000] {dag.py:3947} INFO - Setting next_dagrun for example_xcom_args_with_operators to None, run_after=None
[2026-07-31T11:01:42.968+0000] {processor.py:183} INFO - Processing /home/airflow/.local/lib/python3.12/site-packages/airflow/example_dags/example_xcomargs.py took 0.222 seconds
[2026-07-31T11:02:13.873+0000] {processor.py:161} INFO - Started process (PID=1019) to work on /home/airflow/.local/lib/python3.12/site-packages/airflow/example_dags/example_xcomargs.py
[2026-07-31T11:02:13.878+0000] {processor.py:830} INFO - Processing file /home/airflow/.local/lib/python3.12/site-packages/airflow/example_dags/example_xcomargs.py for tasks to queue
[2026-07-31T11:02:13.883+0000] {logging_mixin.py:188} INFO - [2026-07-31T11:02:13.882+0000] {dagbag.py:545} INFO - Filling up the DagBag from /home/airflow/.local/lib/python3.12/site-packages/airflow/example_dags/example_xcomargs.py
[2026-07-31T11:02:13.943+0000] {processor.py:840} INFO - DAG(s) 'example_xcom_args_with_operators', 'example_xcom_args' retrieved from /home/airflow/.local/lib/python3.12/site-packages/airflow/example_dags/example_xcomargs.py
[2026-07-31T11:02:14.140+0000] {logging_mixin.py:188} INFO - [2026-07-31T11:02:14.139+0000] {dag.py:3089} INFO - Sync 2 DAGs
[2026-07-31T11:02:14.222+0000] {logging_mixin.py:188} INFO - [2026-07-31T11:02:14.222+0000] {dag.py:3947} INFO - Setting next_dagrun for example_xcom_args to None, run_after=None
[2026-07-31T11:02:14.237+0000] {logging_mixin.py:188} INFO - [2026-07-31T11:02:14.236+0000] {dag.py:3947} INFO - Setting next_dagrun for example_xcom_args_with_operators to None, run_after=None
[2026-07-31T11:02:14.324+0000] {processor.py:183} INFO - Processing /home/airflow/.local/lib/python3.12/site-packages/airflow/example_dags/example_xcomargs.py took 0.467 seconds
[2026-07-31T11:02:56.006+0000] {processor.py:161} INFO - Started process (PID=1079) to work on /home/airflow/.local/lib/python3.12/site-packages/airflow/example_dags/example_xcomargs.py
[2026-07-31T11:02:56.022+0000] {processor.py:830} INFO - Processing file /home/airflow/.local/lib/python3.12/site-packages/airflow/example_dags/example_xcomargs.py for tasks to queue
[2026-07-31T11:02:56.061+0000] {logging_mixin.py:188} INFO - [2026-07-31T11:02:56.051+0000] {dagbag.py:545} INFO - Filling up the DagBag from /home/airflow/.local/lib/python3.12/site-packages/airflow/example_dags/example_xcomargs.py
[2026-07-31T11:02:56.123+0000] {processor.py:840} INFO - DAG(s) 'example_xcom_args', 'example_xcom_args_with_operators' retrieved from /home/airflow/.local/lib/python3.12/site-packages/airflow/example_dags/example_xcomargs.py
[2026-07-31T11:02:56.246+0000] {logging_mixin.py:188} INFO - [2026-07-31T11:02:56.245+0000] {dag.py:3089} INFO - Sync 2 DAGs
[2026-07-31T11:02:56.387+0000] {logging_mixin.py:188} INFO - [2026-07-31T11:02:56.377+0000] {dag.py:3947} INFO - Setting next_dagrun for example_xcom_args to None, run_after=None
[2026-07-31T11:02:56.408+0000] {logging_mixin.py:188} INFO - [2026-07-31T11:02:56.407+0000] {dag.py:3947} INFO - Setting next_dagrun for example_xcom_args_with_operators to None, run_after=None
[2026-07-31T11:02:56.590+0000] {processor.py:183} INFO - Processing /home/airflow/.local/lib/python3.12/site-packages/airflow/example_dags/example_xcomargs.py took 0.615 seconds
[2026-07-31T11:03:27.545+0000] {processor.py:161} INFO - Started process (PID=1136) to work on /home/airflow/.local/lib/python3.12/site-packages/airflow/example_dags/example_xcomargs.py
[2026-07-31T11:03:27.551+0000] {processor.py:830} INFO - Processing file /home/airflow/.local/lib/python3.12/site-packages/airflow/example_dags/example_xcomargs.py for tasks to queue
[2026-07-31T11:03:27.563+0000] {logging_mixin.py:188} INFO - [2026-07-31T11:03:27.562+0000] {dagbag.py:545} INFO - Filling up the DagBag from /home/airflow/.local/lib/python3.12/site-packages/airflow/example_dags/example_xcomargs.py
[2026-07-31T11:03:27.615+0000] {processor.py:840} INFO - DAG(s) 'example_xcom_args', 'example_xcom_args_with_operators' retrieved from /home/airflow/.local/lib/python3.12/site-packages/airflow/example_dags/example_xcomargs.py
[2026-07-31T11:03:27.805+0000] {logging_mixin.py:188} INFO - [2026-07-31T11:03:27.804+0000] {dag.py:3089} INFO - Sync 2 DAGs
[2026-07-31T11:03:27.887+0000] {logging_mixin.py:188} INFO - [2026-07-31T11:03:27.887+0000] {dag.py:3947} INFO - Setting next_dagrun for example_xcom_args to None, run_after=None
[2026-07-31T11:03:27.905+0000] {logging_mixin.py:188} INFO - [2026-07-31T11:03:27.904+0000] {dag.py:3947} INFO - Setting next_dagrun for example_xcom_args_with_operators to None, run_after=None
[2026-07-31T11:03:27.965+0000] {processor.py:183} INFO - Processing /home/airflow/.local/lib/python3.12/site-packages/airflow/example_dags/example_xcomargs.py took 0.455 seconds
[2026-07-31T11:03:59.413+0000] {processor.py:161} INFO - Started process (PID=1194) to work on /home/airflow/.local/lib/python3.12/site-packages/airflow/example_dags/example_xcomargs.py
[2026-07-31T11:03:59.417+0000] {processor.py:830} INFO - Processing file /home/airflow/.local/lib/python3.12/site-packages/airflow/example_dags/example_xcomargs.py for tasks to queue
[2026-07-31T11:03:59.433+0000] {logging_mixin.py:188} INFO - [2026-07-31T11:03:59.432+0000] {dagbag.py:545} INFO - Filling up the DagBag from /home/airflow/.local/lib/python3.12/site-packages/airflow/example_dags/example_xcomargs.py
[2026-07-31T11:03:59.506+0000] {processor.py:840} INFO - DAG(s) 'example_xcom_args_with_operators', 'example_xcom_args' retrieved from /home/airflow/.local/lib/python3.12/site-packages/airflow/example_dags/example_xcomargs.py
[2026-07-31T11:03:59.607+0000] {logging_mixin.py:188} INFO - [2026-07-31T11:03:59.597+0000] {dag.py:3089} INFO - Sync 2 DAGs
[2026-07-31T11:03:59.679+0000] {logging_mixin.py:188} INFO - [2026-07-31T11:03:59.678+0000] {dag.py:3947} INFO - Setting next_dagrun for example_xcom_args to None, run_after=None
[2026-07-31T11:03:59.706+0000] {logging_mixin.py:188} INFO - [2026-07-31T11:03:59.705+0000] {dag.py:3947} INFO - Setting next_dagrun for example_xcom_args_with_operators to None, run_after=None
[2026-07-31T11:03:59.792+0000] {processor.py:183} INFO - Processing /home/airflow/.local/lib/python3.12/site-packages/airflow/example_dags/example_xcomargs.py took 0.409 seconds
[2026-07-31T11:04:38.620+0000] {processor.py:161} INFO - Started process (PID=1254) to work on /home/airflow/.local/lib/python3.12/site-packages/airflow/example_dags/example_xcomargs.py
[2026-07-31T11:04:38.698+0000] {processor.py:830} INFO - Processing file /home/airflow/.local/lib/python3.12/site-packages/airflow/example_dags/example_xcomargs.py for tasks to queue
[2026-07-31T11:04:38.720+0000] {logging_mixin.py:188} INFO - [2026-07-31T11:04:38.718+0000] {dagbag.py:545} INFO - Filling up the DagBag from /home/airflow/.local/lib/python3.12/site-packages/airflow/example_dags/example_xcomargs.py
[2026-07-31T11:04:38.817+0000] {processor.py:840} INFO - DAG(s) 'example_xcom_args_with_operators', 'example_xcom_args' retrieved from /home/airflow/.local/lib/python3.12/site-packages/airflow/example_dags/example_xcomargs.py
[2026-07-31T11:04:39.098+0000] {logging_mixin.py:188} INFO - [2026-07-31T11:04:39.092+0000] {dag.py:3089} INFO - Sync 2 DAGs
[2026-07-31T11:04:39.272+0000] {logging_mixin.py:188} INFO - [2026-07-31T11:04:39.252+0000] {dag.py:3947} INFO - Setting next_dagrun for example_xcom_args to None, run_after=None
[2026-07-31T11:04:39.298+0000] {logging_mixin.py:188} INFO - [2026-07-31T11:04:39.296+0000] {dag.py:3947} INFO - Setting next_dagrun for example_xcom_args_with_operators to None, run_after=None
[2026-07-31T11:04:39.605+0000] {processor.py:183} INFO - Processing /home/airflow/.local/lib/python3.12/site-packages/airflow/example_dags/example_xcomargs.py took 1.061 seconds
[2026-07-31T11:05:43.202+0000] {processor.py:161} INFO - Started process (PID=1328) to work on /home/airflow/.local/lib/python3.12/site-packages/airflow/example_dags/example_xcomargs.py
[2026-07-31T11:05:43.206+0000] {processor.py:830} INFO - Processing file /home/airflow/.local/lib/python3.12/site-packages/airflow/example_dags/example_xcomargs.py for tasks to queue
[2026-07-31T11:05:43.211+0000] {logging_mixin.py:188} INFO - [2026-07-31T11:05:43.211+0000] {dagbag.py:545} INFO - Filling up the DagBag from /home/airflow/.local/lib/python3.12/site-packages/airflow/example_dags/example_xcomargs.py
[2026-07-31T11:05:43.239+0000] {processor.py:840} INFO - DAG(s) 'example_xcom_args_with_operators', 'example_xcom_args' retrieved from /home/airflow/.local/lib/python3.12/site-packages/airflow/example_dags/example_xcomargs.py
[2026-07-31T11:05:43.319+0000] {logging_mixin.py:188} INFO - [2026-07-31T11:05:43.318+0000] {dag.py:3089} INFO - Sync 2 DAGs
[2026-07-31T11:05:43.359+0000] {logging_mixin.py:188} INFO - [2026-07-31T11:05:43.358+0000] {dag.py:3947} INFO - Setting next_dagrun for example_xcom_args to None, run_after=None
[2026-07-31T11:05:43.371+0000] {logging_mixin.py:188} INFO - [2026-07-31T11:05:43.370+0000] {dag.py:3947} INFO - Setting next_dagrun for example_xcom_args_with_operators to None, run_after=None
[2026-07-31T11:05:43.432+0000] {processor.py:183} INFO - Processing /home/airflow/.local/lib/python3.12/site-packages/airflow/example_dags/example_xcomargs.py took 0.255 seconds
[2026-07-31T11:06:26.367+0000] {processor.py:161} INFO - Started process (PID=1392) to work on /home/airflow/.local/lib/python3.12/site-packages/airflow/example_dags/example_xcomargs.py
[2026-07-31T11:06:26.370+0000] {processor.py:830} INFO - Processing file /home/airflow/.local/lib/python3.12/site-packages/airflow/example_dags/example_xcomargs.py for tasks to queue
[2026-07-31T11:06:26.376+0000] {logging_mixin.py:188} INFO - [2026-07-31T11:06:26.375+0000] {dagbag.py:545} INFO - Filling up the DagBag from /home/airflow/.local/lib/python3.12/site-packages/airflow/example_dags/example_xcomargs.py
[2026-07-31T11:06:26.400+0000] {processor.py:840} INFO - DAG(s) 'example_xcom_args_with_operators', 'example_xcom_args' retrieved from /home/airflow/.local/lib/python3.12/site-packages/airflow/example_dags/example_xcomargs.py
[2026-07-31T11:06:26.460+0000] {logging_mixin.py:188} INFO - [2026-07-31T11:06:26.459+0000] {dag.py:3089} INFO - Sync 2 DAGs
[2026-07-31T11:06:26.497+0000] {logging_mixin.py:188} INFO - [2026-07-31T11:06:26.497+0000] {dag.py:3947} INFO - Setting next_dagrun for example_xcom_args to None, run_after=None
[2026-07-31T11:06:26.507+0000] {logging_mixin.py:188} INFO - [2026-07-31T11:06:26.506+0000] {dag.py:3947} INFO - Setting next_dagrun for example_xcom_args_with_operators to None, run_after=None
[2026-07-31T11:06:26.554+0000] {processor.py:183} INFO - Processing /home/airflow/.local/lib/python3.12/site-packages/airflow/example_dags/example_xcomargs.py took 0.214 seconds
[2026-07-31T11:06:56.807+0000] {processor.py:161} INFO - Started process (PID=1451) to work on /home/airflow/.local/lib/python3.12/site-packages/airflow/example_dags/example_xcomargs.py
[2026-07-31T11:06:56.810+0000] {processor.py:830} INFO - Processing file /home/airflow/.local/lib/python3.12/site-packages/airflow/example_dags/example_xcomargs.py for tasks to queue
[2026-07-31T11:06:56.814+0000] {logging_mixin.py:188} INFO - [2026-07-31T11:06:56.814+0000] {dagbag.py:545} INFO - Filling up the DagBag from /home/airflow/.local/lib/python3.12/site-packages/airflow/example_dags/example_xcomargs.py
[2026-07-31T11:06:56.838+0000] {processor.py:840} INFO - DAG(s) 'example_xcom_args', 'example_xcom_args_with_operators' retrieved from /home/airflow/.local/lib/python3.12/site-packages/airflow/example_dags/example_xcomargs.py
[2026-07-31T11:06:56.902+0000] {logging_mixin.py:188} INFO - [2026-07-31T11:06:56.901+0000] {dag.py:3089} INFO - Sync 2 DAGs
[2026-07-31T11:06:56.949+0000] {logging_mixin.py:188} INFO - [2026-07-31T11:06:56.949+0000] {dag.py:3947} INFO - Setting next_dagrun for example_xcom_args to None, run_after=None
[2026-07-31T11:06:56.962+0000] {logging_mixin.py:188} INFO - [2026-07-31T11:06:56.962+0000] {dag.py:3947} INFO - Setting next_dagrun for example_xcom_args_with_operators to None, run_after=None
[2026-07-31T11:06:57.035+0000] {processor.py:183} INFO - Processing /home/airflow/.local/lib/python3.12/site-packages/airflow/example_dags/example_xcomargs.py took 0.241 seconds
[2026-07-31T11:08:24.897+0000] {processor.py:161} INFO - Started process (PID=1521) to work on /home/airflow/.local/lib/python3.12/site-packages/airflow/example_dags/example_xcomargs.py
[2026-07-31T11:08:24.902+0000] {processor.py:830} INFO - Processing file /home/airflow/.local/lib/python3.12/site-packages/airflow/example_dags/example_xcomargs.py for tasks to queue
[2026-07-31T11:08:24.909+0000] {logging_mixin.py:188} INFO - [2026-07-31T11:08:24.908+0000] {dagbag.py:545} INFO - Filling up the DagBag from /home/airflow/.local/lib/python3.12/site-packages/airflow/example_dags/example_xcomargs.py
[2026-07-31T11:08:24.951+0000] {processor.py:840} INFO - DAG(s) 'example_xcom_args', 'example_xcom_args_with_operators' retrieved from /home/airflow/.local/lib/python3.12/site-packages/airflow/example_dags/example_xcomargs.py
[2026-07-31T11:08:25.089+0000] {logging_mixin.py:188} INFO - [2026-07-31T11:08:25.088+0000] {dag.py:3089} INFO - Sync 2 DAGs
[2026-07-31T11:08:25.198+0000] {logging_mixin.py:188} INFO - [2026-07-31T11:08:25.197+0000] {dag.py:3947} INFO - Setting next_dagrun for example_xcom_args to None, run_after=None
[2026-07-31T11:08:25.216+0000] {logging_mixin.py:188} INFO - [2026-07-31T11:08:25.214+0000] {dag.py:3947} INFO - Setting next_dagrun for example_xcom_args_with_operators to None, run_after=None
[2026-07-31T11:08:25.298+0000] {processor.py:183} INFO - Processing /home/airflow/.local/lib/python3.12/site-packages/airflow/example_dags/example_xcomargs.py took 0.424 seconds
[2026-07-31T11:09:57.822+0000] {processor.py:161} INFO - Started process (PID=1616) to work on /home/airflow/.local/lib/python3.12/site-packages/airflow/example_dags/example_xcomargs.py
[2026-07-31T11:09:57.835+0000] {processor.py:830} INFO - Processing file /home/airflow/.local/lib/python3.12/site-packages/airflow/example_dags/example_xcomargs.py for tasks to queue
[2026-07-31T11:09:57.862+0000] {logging_mixin.py:188} INFO - [2026-07-31T11:09:57.860+0000] {dagbag.py:545} INFO - Filling up the DagBag from /home/airflow/.local/lib/python3.12/site-packages/airflow/example_dags/example_xcomargs.py
[2026-07-31T11:09:58.044+0000] {processor.py:840} INFO - DAG(s) 'example_xcom_args_with_operators', 'example_xcom_args' retrieved from /home/airflow/.local/lib/python3.12/site-packages/airflow/example_dags/example_xcomargs.py
[2026-07-31T11:09:58.271+0000] {logging_mixin.py:188} INFO - [2026-07-31T11:09:58.270+0000] {dag.py:3089} INFO - Sync 2 DAGs
[2026-07-31T11:09:58.447+0000] {logging_mixin.py:188} INFO - [2026-07-31T11:09:58.446+0000] {dag.py:3947} INFO - Setting next_dagrun for example_xcom_args to None, run_after=None
[2026-07-31T11:09:58.479+0000] {logging_mixin.py:188} INFO - [2026-07-31T11:09:58.478+0000] {dag.py:3947} INFO - Setting next_dagrun for example_xcom_args_with_operators to None, run_after=None
[2026-07-31T11:09:58.629+0000] {processor.py:183} INFO - Processing /home/airflow/.local/lib/python3.12/site-packages/airflow/example_dags/example_xcomargs.py took 0.891 seconds
[2026-07-31T11:10:38.217+0000] {processor.py:161} INFO - Started process (PID=1673) to work on /home/airflow/.local/lib/python3.12/site-packages/airflow/example_dags/example_xcomargs.py
[2026-07-31T11:10:38.226+0000] {processor.py:830} INFO - Processing file /home/airflow/.local/lib/python3.12/site-packages/airflow/example_dags/example_xcomargs.py for tasks to queue
[2026-07-31T11:10:38.256+0000] {logging_mixin.py:188} INFO - [2026-07-31T11:10:38.255+0000] {dagbag.py:545} INFO - Filling up the DagBag from /home/airflow/.local/lib/python3.12/site-packages/airflow/example_dags/example_xcomargs.py
[2026-07-31T11:10:38.399+0000] {processor.py:840} INFO - DAG(s) 'example_xcom_args_with_operators', 'example_xcom_args' retrieved from /home/airflow/.local/lib/python3.12/site-packages/airflow/example_dags/example_xcomargs.py
[2026-07-31T11:10:38.786+0000] {logging_mixin.py:188} INFO - [2026-07-31T11:10:38.785+0000] {dag.py:3089} INFO - Sync 2 DAGs
[2026-07-31T11:10:38.979+0000] {logging_mixin.py:188} INFO - [2026-07-31T11:10:38.978+0000] {dag.py:3947} INFO - Setting next_dagrun for example_xcom_args to None, run_after=None
[2026-07-31T11:10:39.047+0000] {logging_mixin.py:188} INFO - [2026-07-31T11:10:39.037+0000] {dag.py:3947} INFO - Setting next_dagrun for example_xcom_args_with_operators to None, run_after=None
[2026-07-31T11:10:40.608+0000] {processor.py:183} INFO - Processing /home/airflow/.local/lib/python3.12/site-packages/airflow/example_dags/example_xcomargs.py took 2.508 seconds
[2026-07-31T11:12:14.453+0000] {processor.py:161} INFO - Started process (PID=1767) to work on /home/airflow/.local/lib/python3.12/site-packages/airflow/example_dags/example_xcomargs.py
[2026-07-31T11:12:14.456+0000] {processor.py:830} INFO - Processing file /home/airflow/.local/lib/python3.12/site-packages/airflow/example_dags/example_xcomargs.py for tasks to queue
[2026-07-31T11:12:14.461+0000] {logging_mixin.py:188} INFO - [2026-07-31T11:12:14.460+0000] {dagbag.py:545} INFO - Filling up the DagBag from /home/airflow/.local/lib/python3.12/site-packages/airflow/example_dags/example_xcomargs.py
[2026-07-31T11:12:14.495+0000] {processor.py:840} INFO - DAG(s) 'example_xcom_args', 'example_xcom_args_with_operators' retrieved from /home/airflow/.local/lib/python3.12/site-packages/airflow/example_dags/example_xcomargs.py
[2026-07-31T11:12:14.620+0000] {logging_mixin.py:188} INFO - [2026-07-31T11:12:14.616+0000] {dag.py:3089} INFO - Sync 2 DAGs
[2026-07-31T11:12:14.668+0000] {logging_mixin.py:188} INFO - [2026-07-31T11:12:14.667+0000] {dag.py:3947} INFO - Setting next_dagrun for example_xcom_args to None, run_after=None
[2026-07-31T11:12:14.684+0000] {logging_mixin.py:188} INFO - [2026-07-31T11:12:14.683+0000] {dag.py:3947} INFO - Setting next_dagrun for example_xcom_args_with_operators to None, run_after=None
[2026-07-31T11:12:14.763+0000] {processor.py:183} INFO - Processing /home/airflow/.local/lib/python3.12/site-packages/airflow/example_dags/example_xcomargs.py took 0.331 seconds
[2026-07-31T11:12:45.844+0000] {processor.py:161} INFO - Started process (PID=1824) to work on /home/airflow/.local/lib/python3.12/site-packages/airflow/example_dags/example_xcomargs.py
[2026-07-31T11:12:45.852+0000] {processor.py:830} INFO - Processing file /home/airflow/.local/lib/python3.12/site-packages/airflow/example_dags/example_xcomargs.py for tasks to queue
[2026-07-31T11:12:45.865+0000] {logging_mixin.py:188} INFO - [2026-07-31T11:12:45.864+0000] {dagbag.py:545} INFO - Filling up the DagBag from /home/airflow/.local/lib/python3.12/site-packages/airflow/example_dags/example_xcomargs.py
[2026-07-31T11:12:45.928+0000] {processor.py:840} INFO - DAG(s) 'example_xcom_args', 'example_xcom_args_with_operators' retrieved from /home/airflow/.local/lib/python3.12/site-packages/airflow/example_dags/example_xcomargs.py
[2026-07-31T11:12:46.088+0000] {logging_mixin.py:188} INFO - [2026-07-31T11:12:46.083+0000] {dag.py:3089} INFO - Sync 2 DAGs
[2026-07-31T11:12:46.246+0000] {logging_mixin.py:188} INFO - [2026-07-31T11:12:46.244+0000] {dag.py:3947} INFO - Setting next_dagrun for example_xcom_args to None, run_after=None
[2026-07-31T11:12:46.296+0000] {logging_mixin.py:188} INFO - [2026-07-31T11:12:46.295+0000] {dag.py:3947} INFO - Setting next_dagrun for example_xcom_args_with_operators to None, run_after=None
[2026-07-31T11:12:46.477+0000] {processor.py:183} INFO - Processing /home/airflow/.local/lib/python3.12/site-packages/airflow/example_dags/example_xcomargs.py took 0.676 seconds
[2026-07-31T11:13:17.273+0000] {processor.py:161} INFO - Started process (PID=1883) to work on /home/airflow/.local/lib/python3.12/site-packages/airflow/example_dags/example_xcomargs.py
[2026-07-31T11:13:17.292+0000] {processor.py:830} INFO - Processing file /home/airflow/.local/lib/python3.12/site-packages/airflow/example_dags/example_xcomargs.py for tasks to queue
[2026-07-31T11:13:17.310+0000] {logging_mixin.py:188} INFO - [2026-07-31T11:13:17.309+0000] {dagbag.py:545} INFO - Filling up the DagBag from /home/airflow/.local/lib/python3.12/site-packages/airflow/example_dags/example_xcomargs.py
[2026-07-31T11:13:17.391+0000] {processor.py:840} INFO - DAG(s) 'example_xcom_args_with_operators', 'example_xcom_args' retrieved from /home/airflow/.local/lib/python3.12/site-packages/airflow/example_dags/example_xcomargs.py
[2026-07-31T11:13:17.558+0000] {logging_mixin.py:188} INFO - [2026-07-31T11:13:17.557+0000] {dag.py:3089} INFO - Sync 2 DAGs
[2026-07-31T11:13:17.710+0000] {logging_mixin.py:188} INFO - [2026-07-31T11:13:17.709+0000] {dag.py:3947} INFO - Setting next_dagrun for example_xcom_args to None, run_after=None
[2026-07-31T11:13:17.741+0000] {logging_mixin.py:188} INFO - [2026-07-31T11:13:17.740+0000] {dag.py:3947} INFO - Setting next_dagrun for example_xcom_args_with_operators to None, run_after=None
[2026-07-31T11:13:17.850+0000] {processor.py:183} INFO - Processing /home/airflow/.local/lib/python3.12/site-packages/airflow/example_dags/example_xcomargs.py took 0.620 seconds
[2026-07-31T11:14:03.679+0000] {processor.py:161} INFO - Started process (PID=1942) to work on /home/airflow/.local/lib/python3.12/site-packages/airflow/example_dags/example_xcomargs.py
[2026-07-31T11:14:03.684+0000] {processor.py:830} INFO - Processing file /home/airflow/.local/lib/python3.12/site-packages/airflow/example_dags/example_xcomargs.py for tasks to queue
[2026-07-31T11:14:03.692+0000] {logging_mixin.py:188} INFO - [2026-07-31T11:14:03.690+0000] {dagbag.py:545} INFO - Filling up the DagBag from /home/airflow/.local/lib/python3.12/site-packages/airflow/example_dags/example_xcomargs.py
[2026-07-31T11:14:03.751+0000] {processor.py:840} INFO - DAG(s) 'example_xcom_args_with_operators', 'example_xcom_args' retrieved from /home/airflow/.local/lib/python3.12/site-packages/airflow/example_dags/example_xcomargs.py
[2026-07-31T11:14:04.117+0000] {logging_mixin.py:188} INFO - [2026-07-31T11:14:04.099+0000] {dag.py:3089} INFO - Sync 2 DAGs
[2026-07-31T11:14:04.319+0000] {logging_mixin.py:188} INFO - [2026-07-31T11:14:04.318+0000] {dag.py:3947} INFO - Setting next_dagrun for example_xcom_args to None, run_after=None
[2026-07-31T11:14:04.423+0000] {logging_mixin.py:188} INFO - [2026-07-31T11:14:04.422+0000] {dag.py:3947} INFO - Setting next_dagrun for example_xcom_args_with_operators to None, run_after=None
[2026-07-31T11:14:04.611+0000] {processor.py:183} INFO - Processing /home/airflow/.local/lib/python3.12/site-packages/airflow/example_dags/example_xcomargs.py took 0.960 seconds
[2026-07-31T11:14:36.190+0000] {processor.py:161} INFO - Started process (PID=2000) to work on /home/airflow/.local/lib/python3.12/site-packages/airflow/example_dags/example_xcomargs.py
[2026-07-31T11:14:36.194+0000] {processor.py:830} INFO - Processing file /home/airflow/.local/lib/python3.12/site-packages/airflow/example_dags/example_xcomargs.py for tasks to queue
[2026-07-31T11:14:36.201+0000] {logging_mixin.py:188} INFO - [2026-07-31T11:14:36.200+0000] {dagbag.py:545} INFO - Filling up the DagBag from /home/airflow/.local/lib/python3.12/site-packages/airflow/example_dags/example_xcomargs.py
[2026-07-31T11:14:36.232+0000] {processor.py:840} INFO - DAG(s) 'example_xcom_args', 'example_xcom_args_with_operators' retrieved from /home/airflow/.local/lib/python3.12/site-packages/airflow/example_dags/example_xcomargs.py
[2026-07-31T11:14:36.304+0000] {logging_mixin.py:188} INFO - [2026-07-31T11:14:36.303+0000] {dag.py:3089} INFO - Sync 2 DAGs
[2026-07-31T11:14:36.362+0000] {logging_mixin.py:188} INFO - [2026-07-31T11:14:36.362+0000] {dag.py:3947} INFO - Setting next_dagrun for example_xcom_args to None, run_after=None
[2026-07-31T11:14:36.378+0000] {logging_mixin.py:188} INFO - [2026-07-31T11:14:36.377+0000] {dag.py:3947} INFO - Setting next_dagrun for example_xcom_args_with_operators to None, run_after=None
[2026-07-31T11:14:36.451+0000] {processor.py:183} INFO - Processing /home/airflow/.local/lib/python3.12/site-packages/airflow/example_dags/example_xcomargs.py took 0.281 seconds
[2026-07-31T11:15:08.374+0000] {processor.py:161} INFO - Started process (PID=2060) to work on /home/airflow/.local/lib/python3.12/site-packages/airflow/example_dags/example_xcomargs.py
[2026-07-31T11:15:08.379+0000] {processor.py:830} INFO - Processing file /home/airflow/.local/lib/python3.12/site-packages/airflow/example_dags/example_xcomargs.py for tasks to queue
[2026-07-31T11:15:08.386+0000] {logging_mixin.py:188} INFO - [2026-07-31T11:15:08.385+0000] {dagbag.py:545} INFO - Filling up the DagBag from /home/airflow/.local/lib/python3.12/site-packages/airflow/example_dags/example_xcomargs.py
[2026-07-31T11:15:08.432+0000] {processor.py:840} INFO - DAG(s) 'example_xcom_args_with_operators', 'example_xcom_args' retrieved from /home/airflow/.local/lib/python3.12/site-packages/airflow/example_dags/example_xcomargs.py
[2026-07-31T11:15:08.516+0000] {logging_mixin.py:188} INFO - [2026-07-31T11:15:08.515+0000] {dag.py:3089} INFO - Sync 2 DAGs
[2026-07-31T11:15:08.575+0000] {logging_mixin.py:188} INFO - [2026-07-31T11:15:08.574+0000] {dag.py:3947} INFO - Setting next_dagrun for example_xcom_args to None, run_after=None
[2026-07-31T11:15:08.589+0000] {logging_mixin.py:188} INFO - [2026-07-31T11:15:08.588+0000] {dag.py:3947} INFO - Setting next_dagrun for example_xcom_args_with_operators to None, run_after=None
[2026-07-31T11:15:08.662+0000] {processor.py:183} INFO - Processing /home/airflow/.local/lib/python3.12/site-packages/airflow/example_dags/example_xcomargs.py took 0.315 seconds
[2026-07-31T11:15:43.043+0000] {processor.py:161} INFO - Started process (PID=2120) to work on /home/airflow/.local/lib/python3.12/site-packages/airflow/example_dags/example_xcomargs.py
[2026-07-31T11:15:43.046+0000] {processor.py:830} INFO - Processing file /home/airflow/.local/lib/python3.12/site-packages/airflow/example_dags/example_xcomargs.py for tasks to queue
[2026-07-31T11:15:43.052+0000] {logging_mixin.py:188} INFO - [2026-07-31T11:15:43.051+0000] {dagbag.py:545} INFO - Filling up the DagBag from /home/airflow/.local/lib/python3.12/site-packages/airflow/example_dags/example_xcomargs.py
[2026-07-31T11:15:43.084+0000] {processor.py:840} INFO - DAG(s) 'example_xcom_args', 'example_xcom_args_with_operators' retrieved from /home/airflow/.local/lib/python3.12/site-packages/airflow/example_dags/example_xcomargs.py
[2026-07-31T11:15:43.161+0000] {logging_mixin.py:188} INFO - [2026-07-31T11:15:43.161+0000] {dag.py:3089} INFO - Sync 2 DAGs
[2026-07-31T11:15:43.210+0000] {logging_mixin.py:188} INFO - [2026-07-31T11:15:43.210+0000] {dag.py:3947} INFO - Setting next_dagrun for example_xcom_args to None, run_after=None
[2026-07-31T11:15:43.222+0000] {logging_mixin.py:188} INFO - [2026-07-31T11:15:43.222+0000] {dag.py:3947} INFO - Setting next_dagrun for example_xcom_args_with_operators to None, run_after=None
[2026-07-31T11:15:43.282+0000] {processor.py:183} INFO - Processing /home/airflow/.local/lib/python3.12/site-packages/airflow/example_dags/example_xcomargs.py took 0.261 seconds
[2026-07-31T11:16:15.066+0000] {processor.py:161} INFO - Started process (PID=2183) to work on /home/airflow/.local/lib/python3.12/site-packages/airflow/example_dags/example_xcomargs.py
[2026-07-31T11:16:15.069+0000] {processor.py:830} INFO - Processing file /home/airflow/.local/lib/python3.12/site-packages/airflow/example_dags/example_xcomargs.py for tasks to queue
[2026-07-31T11:16:15.074+0000] {logging_mixin.py:188} INFO - [2026-07-31T11:16:15.073+0000] {dagbag.py:545} INFO - Filling up the DagBag from /home/airflow/.local/lib/python3.12/site-packages/airflow/example_dags/example_xcomargs.py
[2026-07-31T11:16:15.096+0000] {processor.py:840} INFO - DAG(s) 'example_xcom_args', 'example_xcom_args_with_operators' retrieved from /home/airflow/.local/lib/python3.12/site-packages/airflow/example_dags/example_xcomargs.py
[2026-07-31T11:16:15.159+0000] {logging_mixin.py:188} INFO - [2026-07-31T11:16:15.159+0000] {dag.py:3089} INFO - Sync 2 DAGs
[2026-07-31T11:16:15.200+0000] {logging_mixin.py:188} INFO - [2026-07-31T11:16:15.199+0000] {dag.py:3947} INFO - Setting next_dagrun for example_xcom_args to None, run_after=None
[2026-07-31T11:16:15.213+0000] {logging_mixin.py:188} INFO - [2026-07-31T11:16:15.212+0000] {dag.py:3947} INFO - Setting next_dagrun for example_xcom_args_with_operators to None, run_after=None
[2026-07-31T11:16:15.282+0000] {processor.py:183} INFO - Processing /home/airflow/.local/lib/python3.12/site-packages/airflow/example_dags/example_xcomargs.py took 0.234 seconds
[2026-07-31T11:16:47.002+0000] {processor.py:161} INFO - Started process (PID=2241) to work on /home/airflow/.local/lib/python3.12/site-packages/airflow/example_dags/example_xcomargs.py
[2026-07-31T11:16:47.010+0000] {processor.py:830} INFO - Processing file /home/airflow/.local/lib/python3.12/site-packages/airflow/example_dags/example_xcomargs.py for tasks to queue
[2026-07-31T11:16:47.026+0000] {logging_mixin.py:188} INFO - [2026-07-31T11:16:47.018+0000] {dagbag.py:545} INFO - Filling up the DagBag from /home/airflow/.local/lib/python3.12/site-packages/airflow/example_dags/example_xcomargs.py
[2026-07-31T11:16:47.071+0000] {processor.py:840} INFO - DAG(s) 'example_xcom_args_with_operators', 'example_xcom_args' retrieved from /home/airflow/.local/lib/python3.12/site-packages/airflow/example_dags/example_xcomargs.py
[2026-07-31T11:16:47.223+0000] {logging_mixin.py:188} INFO - [2026-07-31T11:16:47.222+0000] {dag.py:3089} INFO - Sync 2 DAGs
[2026-07-31T11:16:47.313+0000] {logging_mixin.py:188} INFO - [2026-07-31T11:16:47.313+0000] {dag.py:3947} INFO - Setting next_dagrun for example_xcom_args to None, run_after=None
[2026-07-31T11:16:47.333+0000] {logging_mixin.py:188} INFO - [2026-07-31T11:16:47.331+0000] {dag.py:3947} INFO - Setting next_dagrun for example_xcom_args_with_operators to None, run_after=None
[2026-07-31T11:16:47.396+0000] {processor.py:183} INFO - Processing /home/airflow/.local/lib/python3.12/site-packages/airflow/example_dags/example_xcomargs.py took 0.425 seconds
[2026-07-31T11:17:23.402+0000] {processor.py:161} INFO - Started process (PID=2301) to work on /home/airflow/.local/lib/python3.12/site-packages/airflow/example_dags/example_xcomargs.py
[2026-07-31T11:17:23.407+0000] {processor.py:830} INFO - Processing file /home/airflow/.local/lib/python3.12/site-packages/airflow/example_dags/example_xcomargs.py for tasks to queue
[2026-07-31T11:17:23.417+0000] {logging_mixin.py:188} INFO - [2026-07-31T11:17:23.416+0000] {dagbag.py:545} INFO - Filling up the DagBag from /home/airflow/.local/lib/python3.12/site-packages/airflow/example_dags/example_xcomargs.py
[2026-07-31T11:17:23.501+0000] {processor.py:840} INFO - DAG(s) 'example_xcom_args', 'example_xcom_args_with_operators' retrieved from /home/airflow/.local/lib/python3.12/site-packages/airflow/example_dags/example_xcomargs.py
[2026-07-31T11:17:23.726+0000] {logging_mixin.py:188} INFO - [2026-07-31T11:17:23.721+0000] {dag.py:3089} INFO - Sync 2 DAGs
[2026-07-31T11:17:23.831+0000] {logging_mixin.py:188} INFO - [2026-07-31T11:17:23.831+0000] {dag.py:3947} INFO - Setting next_dagrun for example_xcom_args to None, run_after=None
[2026-07-31T11:17:23.912+0000] {logging_mixin.py:188} INFO - [2026-07-31T11:17:23.897+0000] {dag.py:3947} INFO - Setting next_dagrun for example_xcom_args_with_operators to None, run_after=None
[2026-07-31T11:17:24.113+0000] {processor.py:183} INFO - Processing /home/airflow/.local/lib/python3.12/site-packages/airflow/example_dags/example_xcomargs.py took 0.795 seconds
[2026-07-31T11:18:04.912+0000] {processor.py:161} INFO - Started process (PID=2365) to work on /home/airflow/.local/lib/python3.12/site-packages/airflow/example_dags/example_xcomargs.py
[2026-07-31T11:18:04.920+0000] {processor.py:830} INFO - Processing file /home/airflow/.local/lib/python3.12/site-packages/airflow/example_dags/example_xcomargs.py for tasks to queue
[2026-07-31T11:18:04.939+0000] {logging_mixin.py:188} INFO - [2026-07-31T11:18:04.937+0000] {dagbag.py:545} INFO - Filling up the DagBag from /home/airflow/.local/lib/python3.12/site-packages/airflow/example_dags/example_xcomargs.py
[2026-07-31T11:18:05.032+0000] {processor.py:840} INFO - DAG(s) 'example_xcom_args', 'example_xcom_args_with_operators' retrieved from /home/airflow/.local/lib/python3.12/site-packages/airflow/example_dags/example_xcomargs.py
[2026-07-31T11:18:05.157+0000] {logging_mixin.py:188} INFO - [2026-07-31T11:18:05.156+0000] {dag.py:3089} INFO - Sync 2 DAGs
[2026-07-31T11:18:05.359+0000] {logging_mixin.py:188} INFO - [2026-07-31T11:18:05.358+0000] {dag.py:3947} INFO - Setting next_dagrun for example_xcom_args to None, run_after=None
[2026-07-31T11:18:05.385+0000] {logging_mixin.py:188} INFO - [2026-07-31T11:18:05.385+0000] {dag.py:3947} INFO - Setting next_dagrun for example_xcom_args_with_operators to None, run_after=None
[2026-07-31T11:18:05.502+0000] {processor.py:183} INFO - Processing /home/airflow/.local/lib/python3.12/site-packages/airflow/example_dags/example_xcomargs.py took 0.659 seconds
[2026-07-31T11:18:35.742+0000] {processor.py:161} INFO - Started process (PID=2422) to work on /home/airflow/.local/lib/python3.12/site-packages/airflow/example_dags/example_xcomargs.py
[2026-07-31T11:18:35.746+0000] {processor.py:830} INFO - Processing file /home/airflow/.local/lib/python3.12/site-packages/airflow/example_dags/example_xcomargs.py for tasks to queue
[2026-07-31T11:18:35.753+0000] {logging_mixin.py:188} INFO - [2026-07-31T11:18:35.752+0000] {dagbag.py:545} INFO - Filling up the DagBag from /home/airflow/.local/lib/python3.12/site-packages/airflow/example_dags/example_xcomargs.py
[2026-07-31T11:18:35.785+0000] {processor.py:840} INFO - DAG(s) 'example_xcom_args', 'example_xcom_args_with_operators' retrieved from /home/airflow/.local/lib/python3.12/site-packages/airflow/example_dags/example_xcomargs.py
[2026-07-31T11:18:35.852+0000] {logging_mixin.py:188} INFO - [2026-07-31T11:18:35.851+0000] {dag.py:3089} INFO - Sync 2 DAGs
[2026-07-31T11:18:35.893+0000] {logging_mixin.py:188} INFO - [2026-07-31T11:18:35.892+0000] {dag.py:3947} INFO - Setting next_dagrun for example_xcom_args to None, run_after=None
[2026-07-31T11:18:35.906+0000] {logging_mixin.py:188} INFO - [2026-07-31T11:18:35.905+0000] {dag.py:3947} INFO - Setting next_dagrun for example_xcom_args_with_operators to None, run_after=None
[2026-07-31T11:18:35.956+0000] {processor.py:183} INFO - Processing /home/airflow/.local/lib/python3.12/site-packages/airflow/example_dags/example_xcomargs.py took 0.238 seconds
[2026-07-31T11:19:06.173+0000] {processor.py:161} INFO - Started process (PID=2480) to work on /home/airflow/.local/lib/python3.12/site-packages/airflow/example_dags/example_xcomargs.py
[2026-07-31T11:19:06.177+0000] {processor.py:830} INFO - Processing file /home/airflow/.local/lib/python3.12/site-packages/airflow/example_dags/example_xcomargs.py for tasks to queue
[2026-07-31T11:19:06.188+0000] {logging_mixin.py:188} INFO - [2026-07-31T11:19:06.187+0000] {dagbag.py:545} INFO - Filling up the DagBag from /home/airflow/.local/lib/python3.12/site-packages/airflow/example_dags/example_xcomargs.py
[2026-07-31T11:19:06.228+0000] {processor.py:840} INFO - DAG(s) 'example_xcom_args_with_operators', 'example_xcom_args' retrieved from /home/airflow/.local/lib/python3.12/site-packages/airflow/example_dags/example_xcomargs.py
[2026-07-31T11:19:06.350+0000] {logging_mixin.py:188} INFO - [2026-07-31T11:19:06.347+0000] {dag.py:3089} INFO - Sync 2 DAGs
[2026-07-31T11:19:06.413+0000] {logging_mixin.py:188} INFO - [2026-07-31T11:19:06.412+0000] {dag.py:3947} INFO - Setting next_dagrun for example_xcom_args to None, run_after=None
[2026-07-31T11:19:06.435+0000] {logging_mixin.py:188} INFO - [2026-07-31T11:19:06.432+0000] {dag.py:3947} INFO - Setting next_dagrun for example_xcom_args_with_operators to None, run_after=None
[2026-07-31T11:19:06.520+0000] {processor.py:183} INFO - Processing /home/airflow/.local/lib/python3.12/site-packages/airflow/example_dags/example_xcomargs.py took 0.377 seconds
[2026-07-31T11:19:38.126+0000] {processor.py:161} INFO - Started process (PID=2538) to work on /home/airflow/.local/lib/python3.12/site-packages/airflow/example_dags/example_xcomargs.py
[2026-07-31T11:19:38.144+0000] {processor.py:830} INFO - Processing file /home/airflow/.local/lib/python3.12/site-packages/airflow/example_dags/example_xcomargs.py for tasks to queue
[2026-07-31T11:19:38.152+0000] {logging_mixin.py:188} INFO - [2026-07-31T11:19:38.151+0000] {dagbag.py:545} INFO - Filling up the DagBag from /home/airflow/.local/lib/python3.12/site-packages/airflow/example_dags/example_xcomargs.py
[2026-07-31T11:19:38.320+0000] {processor.py:840} INFO - DAG(s) 'example_xcom_args_with_operators', 'example_xcom_args' retrieved from /home/airflow/.local/lib/python3.12/site-packages/airflow/example_dags/example_xcomargs.py
[2026-07-31T11:19:38.566+0000] {logging_mixin.py:188} INFO - [2026-07-31T11:19:38.565+0000] {dag.py:3089} INFO - Sync 2 DAGs
[2026-07-31T11:19:38.677+0000] {logging_mixin.py:188} INFO - [2026-07-31T11:19:38.676+0000] {dag.py:3947} INFO - Setting next_dagrun for example_xcom_args to None, run_after=None
[2026-07-31T11:19:38.754+0000] {logging_mixin.py:188} INFO - [2026-07-31T11:19:38.753+0000] {dag.py:3947} INFO - Setting next_dagrun for example_xcom_args_with_operators to None, run_after=None
[2026-07-31T11:19:38.970+0000] {processor.py:183} INFO - Processing /home/airflow/.local/lib/python3.12/site-packages/airflow/example_dags/example_xcomargs.py took 0.899 seconds
[2026-07-31T11:20:26.411+0000] {processor.py:161} INFO - Started process (PID=2604) to work on /home/airflow/.local/lib/python3.12/site-packages/airflow/example_dags/example_xcomargs.py
[2026-07-31T11:20:26.417+0000] {processor.py:830} INFO - Processing file /home/airflow/.local/lib/python3.12/site-packages/airflow/example_dags/example_xcomargs.py for tasks to queue
[2026-07-31T11:20:26.433+0000] {logging_mixin.py:188} INFO - [2026-07-31T11:20:26.432+0000] {dagbag.py:545} INFO - Filling up the DagBag from /home/airflow/.local/lib/python3.12/site-packages/airflow/example_dags/example_xcomargs.py
[2026-07-31T11:20:26.491+0000] {processor.py:840} INFO - DAG(s) 'example_xcom_args', 'example_xcom_args_with_operators' retrieved from /home/airflow/.local/lib/python3.12/site-packages/airflow/example_dags/example_xcomargs.py
[2026-07-31T11:20:26.599+0000] {logging_mixin.py:188} INFO - [2026-07-31T11:20:26.598+0000] {dag.py:3089} INFO - Sync 2 DAGs
[2026-07-31T11:20:26.662+0000] {logging_mixin.py:188} INFO - [2026-07-31T11:20:26.660+0000] {dag.py:3947} INFO - Setting next_dagrun for example_xcom_args to None, run_after=None
[2026-07-31T11:20:26.702+0000] {logging_mixin.py:188} INFO - [2026-07-31T11:20:26.701+0000] {dag.py:3947} INFO - Setting next_dagrun for example_xcom_args_with_operators to None, run_after=None
[2026-07-31T11:20:26.840+0000] {processor.py:183} INFO - Processing /home/airflow/.local/lib/python3.12/site-packages/airflow/example_dags/example_xcomargs.py took 0.464 seconds
[2026-07-31T11:20:57.040+0000] {processor.py:161} INFO - Started process (PID=2662) to work on /home/airflow/.local/lib/python3.12/site-packages/airflow/example_dags/example_xcomargs.py
[2026-07-31T11:20:57.043+0000] {processor.py:830} INFO - Processing file /home/airflow/.local/lib/python3.12/site-packages/airflow/example_dags/example_xcomargs.py for tasks to queue
[2026-07-31T11:20:57.048+0000] {logging_mixin.py:188} INFO - [2026-07-31T11:20:57.047+0000] {dagbag.py:545} INFO - Filling up the DagBag from /home/airflow/.local/lib/python3.12/site-packages/airflow/example_dags/example_xcomargs.py
[2026-07-31T11:20:57.082+0000] {processor.py:840} INFO - DAG(s) 'example_xcom_args', 'example_xcom_args_with_operators' retrieved from /home/airflow/.local/lib/python3.12/site-packages/airflow/example_dags/example_xcomargs.py
[2026-07-31T11:20:57.206+0000] {logging_mixin.py:188} INFO - [2026-07-31T11:20:57.205+0000] {dag.py:3089} INFO - Sync 2 DAGs
[2026-07-31T11:20:57.245+0000] {logging_mixin.py:188} INFO - [2026-07-31T11:20:57.244+0000] {dag.py:3947} INFO - Setting next_dagrun for example_xcom_args to None, run_after=None
[2026-07-31T11:20:57.256+0000] {logging_mixin.py:188} INFO - [2026-07-31T11:20:57.256+0000] {dag.py:3947} INFO - Setting next_dagrun for example_xcom_args_with_operators to None, run_after=None
[2026-07-31T11:20:57.299+0000] {processor.py:183} INFO - Processing /home/airflow/.local/lib/python3.12/site-packages/airflow/example_dags/example_xcomargs.py took 0.277 seconds
[2026-07-31T11:21:27.737+0000] {processor.py:161} INFO - Started process (PID=2720) to work on /home/airflow/.local/lib/python3.12/site-packages/airflow/example_dags/example_xcomargs.py
[2026-07-31T11:21:27.741+0000] {processor.py:830} INFO - Processing file /home/airflow/.local/lib/python3.12/site-packages/airflow/example_dags/example_xcomargs.py for tasks to queue
[2026-07-31T11:21:27.748+0000] {logging_mixin.py:188} INFO - [2026-07-31T11:21:27.747+0000] {dagbag.py:545} INFO - Filling up the DagBag from /home/airflow/.local/lib/python3.12/site-packages/airflow/example_dags/example_xcomargs.py
[2026-07-31T11:21:27.779+0000] {processor.py:840} INFO - DAG(s) 'example_xcom_args_with_operators', 'example_xcom_args' retrieved from /home/airflow/.local/lib/python3.12/site-packages/airflow/example_dags/example_xcomargs.py
[2026-07-31T11:21:27.854+0000] {logging_mixin.py:188} INFO - [2026-07-31T11:21:27.854+0000] {dag.py:3089} INFO - Sync 2 DAGs
[2026-07-31T11:21:27.934+0000] {logging_mixin.py:188} INFO - [2026-07-31T11:21:27.934+0000] {dag.py:3947} INFO - Setting next_dagrun for example_xcom_args to None, run_after=None
[2026-07-31T11:21:27.962+0000] {logging_mixin.py:188} INFO - [2026-07-31T11:21:27.957+0000] {dag.py:3947} INFO - Setting next_dagrun for example_xcom_args_with_operators to None, run_after=None
[2026-07-31T11:21:28.031+0000] {processor.py:183} INFO - Processing /home/airflow/.local/lib/python3.12/site-packages/airflow/example_dags/example_xcomargs.py took 0.314 seconds
[2026-07-31T11:21:58.217+0000] {processor.py:161} INFO - Started process (PID=2779) to work on /home/airflow/.local/lib/python3.12/site-packages/airflow/example_dags/example_xcomargs.py
[2026-07-31T11:21:58.221+0000] {processor.py:830} INFO - Processing file /home/airflow/.local/lib/python3.12/site-packages/airflow/example_dags/example_xcomargs.py for tasks to queue
[2026-07-31T11:21:58.229+0000] {logging_mixin.py:188} INFO - [2026-07-31T11:21:58.228+0000] {dagbag.py:545} INFO - Filling up the DagBag from /home/airflow/.local/lib/python3.12/site-packages/airflow/example_dags/example_xcomargs.py
[2026-07-31T11:21:58.254+0000] {processor.py:840} INFO - DAG(s) 'example_xcom_args', 'example_xcom_args_with_operators' retrieved from /home/airflow/.local/lib/python3.12/site-packages/airflow/example_dags/example_xcomargs.py
[2026-07-31T11:21:58.327+0000] {logging_mixin.py:188} INFO - [2026-07-31T11:21:58.326+0000] {dag.py:3089} INFO - Sync 2 DAGs
[2026-07-31T11:21:58.364+0000] {logging_mixin.py:188} INFO - [2026-07-31T11:21:58.363+0000] {dag.py:3947} INFO - Setting next_dagrun for example_xcom_args to None, run_after=None
[2026-07-31T11:21:58.384+0000] {logging_mixin.py:188} INFO - [2026-07-31T11:21:58.384+0000] {dag.py:3947} INFO - Setting next_dagrun for example_xcom_args_with_operators to None, run_after=None
[2026-07-31T11:21:58.467+0000] {processor.py:183} INFO - Processing /home/airflow/.local/lib/python3.12/site-packages/airflow/example_dags/example_xcomargs.py took 0.279 seconds
[2026-07-31T11:22:28.747+0000] {processor.py:161} INFO - Started process (PID=2837) to work on /home/airflow/.local/lib/python3.12/site-packages/airflow/example_dags/example_xcomargs.py
[2026-07-31T11:22:28.750+0000] {processor.py:830} INFO - Processing file /home/airflow/.local/lib/python3.12/site-packages/airflow/example_dags/example_xcomargs.py for tasks to queue
[2026-07-31T11:22:28.757+0000] {logging_mixin.py:188} INFO - [2026-07-31T11:22:28.756+0000] {dagbag.py:545} INFO - Filling up the DagBag from /home/airflow/.local/lib/python3.12/site-packages/airflow/example_dags/example_xcomargs.py
[2026-07-31T11:22:28.800+0000] {processor.py:840} INFO - DAG(s) 'example_xcom_args_with_operators', 'example_xcom_args' retrieved from /home/airflow/.local/lib/python3.12/site-packages/airflow/example_dags/example_xcomargs.py
[2026-07-31T11:22:28.878+0000] {logging_mixin.py:188} INFO - [2026-07-31T11:22:28.877+0000] {dag.py:3089} INFO - Sync 2 DAGs
[2026-07-31T11:22:28.912+0000] {logging_mixin.py:188} INFO - [2026-07-31T11:22:28.911+0000] {dag.py:3947} INFO - Setting next_dagrun for example_xcom_args to None, run_after=None
[2026-07-31T11:22:28.920+0000] {logging_mixin.py:188} INFO - [2026-07-31T11:22:28.920+0000] {dag.py:3947} INFO - Setting next_dagrun for example_xcom_args_with_operators to None, run_after=None
[2026-07-31T11:22:28.956+0000] {processor.py:183} INFO - Processing /home/airflow/.local/lib/python3.12/site-packages/airflow/example_dags/example_xcomargs.py took 0.230 seconds
[2026-07-31T11:23:29.657+0000] {processor.py:161} INFO - Started process (PID=2900) to work on /home/airflow/.local/lib/python3.12/site-packages/airflow/example_dags/example_xcomargs.py
[2026-07-31T11:23:29.706+0000] {processor.py:830} INFO - Processing file /home/airflow/.local/lib/python3.12/site-packages/airflow/example_dags/example_xcomargs.py for tasks to queue
[2026-07-31T11:23:29.825+0000] {logging_mixin.py:188} INFO - [2026-07-31T11:23:29.823+0000] {dagbag.py:545} INFO - Filling up the DagBag from /home/airflow/.local/lib/python3.12/site-packages/airflow/example_dags/example_xcomargs.py
[2026-07-31T11:23:31.210+0000] {processor.py:840} INFO - DAG(s) 'example_xcom_args_with_operators', 'example_xcom_args' retrieved from /home/airflow/.local/lib/python3.12/site-packages/airflow/example_dags/example_xcomargs.py
[2026-07-31T11:23:32.076+0000] {logging_mixin.py:188} INFO - [2026-07-31T11:23:32.075+0000] {dag.py:3089} INFO - Sync 2 DAGs
[2026-07-31T11:23:32.424+0000] {logging_mixin.py:188} INFO - [2026-07-31T11:23:32.423+0000] {dag.py:3947} INFO - Setting next_dagrun for example_xcom_args to None, run_after=None
[2026-07-31T11:23:32.499+0000] {logging_mixin.py:188} INFO - [2026-07-31T11:23:32.498+0000] {dag.py:3947} INFO - Setting next_dagrun for example_xcom_args_with_operators to None, run_after=None
[2026-07-31T11:23:34.404+0000] {processor.py:183} INFO - Processing /home/airflow/.local/lib/python3.12/site-packages/airflow/example_dags/example_xcomargs.py took 5.105 seconds
[2026-07-31T11:25:20.636+0000] {processor.py:161} INFO - Started process (PID=2982) to work on /home/airflow/.local/lib/python3.12/site-packages/airflow/example_dags/example_xcomargs.py
[2026-07-31T11:25:20.643+0000] {processor.py:830} INFO - Processing file /home/airflow/.local/lib/python3.12/site-packages/airflow/example_dags/example_xcomargs.py for tasks to queue
[2026-07-31T11:25:20.654+0000] {logging_mixin.py:188} INFO - [2026-07-31T11:25:20.652+0000] {dagbag.py:545} INFO - Filling up the DagBag from /home/airflow/.local/lib/python3.12/site-packages/airflow/example_dags/example_xcomargs.py
[2026-07-31T11:25:20.730+0000] {processor.py:840} INFO - DAG(s) 'example_xcom_args', 'example_xcom_args_with_operators' retrieved from /home/airflow/.local/lib/python3.12/site-packages/airflow/example_dags/example_xcomargs.py
[2026-07-31T11:25:20.967+0000] {logging_mixin.py:188} INFO - [2026-07-31T11:25:20.966+0000] {dag.py:3089} INFO - Sync 2 DAGs
[2026-07-31T11:25:21.082+0000] {logging_mixin.py:188} INFO - [2026-07-31T11:25:21.081+0000] {dag.py:3947} INFO - Setting next_dagrun for example_xcom_args to None, run_after=None
[2026-07-31T11:25:21.116+0000] {logging_mixin.py:188} INFO - [2026-07-31T11:25:21.115+0000] {dag.py:3947} INFO - Setting next_dagrun for example_xcom_args_with_operators to None, run_after=None
[2026-07-31T11:25:21.262+0000] {processor.py:183} INFO - Processing /home/airflow/.local/lib/python3.12/site-packages/airflow/example_dags/example_xcomargs.py took 0.672 seconds
[2026-07-31T11:26:45.913+0000] {processor.py:161} INFO - Started process (PID=3051) to work on /home/airflow/.local/lib/python3.12/site-packages/airflow/example_dags/example_xcomargs.py
[2026-07-31T11:26:45.919+0000] {processor.py:830} INFO - Processing file /home/airflow/.local/lib/python3.12/site-packages/airflow/example_dags/example_xcomargs.py for tasks to queue
[2026-07-31T11:26:45.929+0000] {logging_mixin.py:188} INFO - [2026-07-31T11:26:45.928+0000] {dagbag.py:545} INFO - Filling up the DagBag from /home/airflow/.local/lib/python3.12/site-packages/airflow/example_dags/example_xcomargs.py
[2026-07-31T11:26:46.107+0000] {processor.py:840} INFO - DAG(s) 'example_xcom_args', 'example_xcom_args_with_operators' retrieved from /home/airflow/.local/lib/python3.12/site-packages/airflow/example_dags/example_xcomargs.py
[2026-07-31T11:26:46.262+0000] {logging_mixin.py:188} INFO - [2026-07-31T11:26:46.261+0000] {dag.py:3089} INFO - Sync 2 DAGs
[2026-07-31T11:26:46.405+0000] {logging_mixin.py:188} INFO - [2026-07-31T11:26:46.404+0000] {dag.py:3947} INFO - Setting next_dagrun for example_xcom_args to None, run_after=None
[2026-07-31T11:26:46.461+0000] {logging_mixin.py:188} INFO - [2026-07-31T11:26:46.460+0000] {dag.py:3947} INFO - Setting next_dagrun for example_xcom_args_with_operators to None, run_after=None
[2026-07-31T11:26:46.881+0000] {processor.py:183} INFO - Processing /home/airflow/.local/lib/python3.12/site-packages/airflow/example_dags/example_xcomargs.py took 0.999 seconds
[2026-07-31T11:27:17.408+0000] {processor.py:161} INFO - Started process (PID=3109) to work on /home/airflow/.local/lib/python3.12/site-packages/airflow/example_dags/example_xcomargs.py
[2026-07-31T11:27:17.411+0000] {processor.py:830} INFO - Processing file /home/airflow/.local/lib/python3.12/site-packages/airflow/example_dags/example_xcomargs.py for tasks to queue
[2026-07-31T11:27:17.415+0000] {logging_mixin.py:188} INFO - [2026-07-31T11:27:17.414+0000] {dagbag.py:545} INFO - Filling up the DagBag from /home/airflow/.local/lib/python3.12/site-packages/airflow/example_dags/example_xcomargs.py
[2026-07-31T11:27:17.444+0000] {processor.py:840} INFO - DAG(s) 'example_xcom_args', 'example_xcom_args_with_operators' retrieved from /home/airflow/.local/lib/python3.12/site-packages/airflow/example_dags/example_xcomargs.py
[2026-07-31T11:27:17.522+0000] {logging_mixin.py:188} INFO - [2026-07-31T11:27:17.521+0000] {dag.py:3089} INFO - Sync 2 DAGs
[2026-07-31T11:27:17.568+0000] {logging_mixin.py:188} INFO - [2026-07-31T11:27:17.567+0000] {dag.py:3947} INFO - Setting next_dagrun for example_xcom_args to None, run_after=None
[2026-07-31T11:27:17.579+0000] {logging_mixin.py:188} INFO - [2026-07-31T11:27:17.578+0000] {dag.py:3947} INFO - Setting next_dagrun for example_xcom_args_with_operators to None, run_after=None
[2026-07-31T11:27:17.654+0000] {processor.py:183} INFO - Processing /home/airflow/.local/lib/python3.12/site-packages/airflow/example_dags/example_xcomargs.py took 0.269 seconds
[2026-07-31T11:27:48.628+0000] {processor.py:161} INFO - Started process (PID=3169) to work on /home/airflow/.local/lib/python3.12/site-packages/airflow/example_dags/example_xcomargs.py
[2026-07-31T11:27:48.631+0000] {processor.py:830} INFO - Processing file /home/airflow/.local/lib/python3.12/site-packages/airflow/example_dags/example_xcomargs.py for tasks to queue
[2026-07-31T11:27:48.637+0000] {logging_mixin.py:188} INFO - [2026-07-31T11:27:48.637+0000] {dagbag.py:545} INFO - Filling up the DagBag from /home/airflow/.local/lib/python3.12/site-packages/airflow/example_dags/example_xcomargs.py
[2026-07-31T11:27:48.660+0000] {processor.py:840} INFO - DAG(s) 'example_xcom_args', 'example_xcom_args_with_operators' retrieved from /home/airflow/.local/lib/python3.12/site-packages/airflow/example_dags/example_xcomargs.py
[2026-07-31T11:27:48.728+0000] {logging_mixin.py:188} INFO - [2026-07-31T11:27:48.727+0000] {dag.py:3089} INFO - Sync 2 DAGs
[2026-07-31T11:27:48.772+0000] {logging_mixin.py:188} INFO - [2026-07-31T11:27:48.771+0000] {dag.py:3947} INFO - Setting next_dagrun for example_xcom_args to None, run_after=None
[2026-07-31T11:27:48.782+0000] {logging_mixin.py:188} INFO - [2026-07-31T11:27:48.782+0000] {dag.py:3947} INFO - Setting next_dagrun for example_xcom_args_with_operators to None, run_after=None
[2026-07-31T11:27:48.842+0000] {processor.py:183} INFO - Processing /home/airflow/.local/lib/python3.12/site-packages/airflow/example_dags/example_xcomargs.py took 0.228 seconds
[2026-07-31T11:28:19.253+0000] {processor.py:161} INFO - Started process (PID=3227) to work on /home/airflow/.local/lib/python3.12/site-packages/airflow/example_dags/example_xcomargs.py
[2026-07-31T11:28:19.256+0000] {processor.py:830} INFO - Processing file /home/airflow/.local/lib/python3.12/site-packages/airflow/example_dags/example_xcomargs.py for tasks to queue
[2026-07-31T11:28:19.261+0000] {logging_mixin.py:188} INFO - [2026-07-31T11:28:19.261+0000] {dagbag.py:545} INFO - Filling up the DagBag from /home/airflow/.local/lib/python3.12/site-packages/airflow/example_dags/example_xcomargs.py
[2026-07-31T11:28:19.281+0000] {processor.py:840} INFO - DAG(s) 'example_xcom_args_with_operators', 'example_xcom_args' retrieved from /home/airflow/.local/lib/python3.12/site-packages/airflow/example_dags/example_xcomargs.py
[2026-07-31T11:28:19.327+0000] {logging_mixin.py:188} INFO - [2026-07-31T11:28:19.327+0000] {dag.py:3089} INFO - Sync 2 DAGs
[2026-07-31T11:28:19.358+0000] {logging_mixin.py:188} INFO - [2026-07-31T11:28:19.358+0000] {dag.py:3947} INFO - Setting next_dagrun for example_xcom_args to None, run_after=None
[2026-07-31T11:28:19.369+0000] {logging_mixin.py:188} INFO - [2026-07-31T11:28:19.368+0000] {dag.py:3947} INFO - Setting next_dagrun for example_xcom_args_with_operators to None, run_after=None
[2026-07-31T11:28:19.420+0000] {processor.py:183} INFO - Processing /home/airflow/.local/lib/python3.12/site-packages/airflow/example_dags/example_xcomargs.py took 0.180 seconds
[2026-07-31T11:28:50.792+0000] {processor.py:161} INFO - Started process (PID=3285) to work on /home/airflow/.local/lib/python3.12/site-packages/airflow/example_dags/example_xcomargs.py
[2026-07-31T11:28:50.804+0000] {processor.py:830} INFO - Processing file /home/airflow/.local/lib/python3.12/site-packages/airflow/example_dags/example_xcomargs.py for tasks to queue
[2026-07-31T11:28:50.817+0000] {logging_mixin.py:188} INFO - [2026-07-31T11:28:50.816+0000] {dagbag.py:545} INFO - Filling up the DagBag from /home/airflow/.local/lib/python3.12/site-packages/airflow/example_dags/example_xcomargs.py
[2026-07-31T11:28:50.909+0000] {processor.py:840} INFO - DAG(s) 'example_xcom_args', 'example_xcom_args_with_operators' retrieved from /home/airflow/.local/lib/python3.12/site-packages/airflow/example_dags/example_xcomargs.py
[2026-07-31T11:28:51.017+0000] {logging_mixin.py:188} INFO - [2026-07-31T11:28:51.016+0000] {dag.py:3089} INFO - Sync 2 DAGs
[2026-07-31T11:28:51.088+0000] {logging_mixin.py:188} INFO - [2026-07-31T11:28:51.087+0000] {dag.py:3947} INFO - Setting next_dagrun for example_xcom_args to None, run_after=None
[2026-07-31T11:28:51.106+0000] {logging_mixin.py:188} INFO - [2026-07-31T11:28:51.105+0000] {dag.py:3947} INFO - Setting next_dagrun for example_xcom_args_with_operators to None, run_after=None
[2026-07-31T11:28:51.206+0000] {processor.py:183} INFO - Processing /home/airflow/.local/lib/python3.12/site-packages/airflow/example_dags/example_xcomargs.py took 0.448 seconds
[2026-07-31T11:29:35.349+0000] {processor.py:161} INFO - Started process (PID=3348) to work on /home/airflow/.local/lib/python3.12/site-packages/airflow/example_dags/example_xcomargs.py
[2026-07-31T11:29:35.369+0000] {processor.py:830} INFO - Processing file /home/airflow/.local/lib/python3.12/site-packages/airflow/example_dags/example_xcomargs.py for tasks to queue
[2026-07-31T11:29:35.412+0000] {logging_mixin.py:188} INFO - [2026-07-31T11:29:35.411+0000] {dagbag.py:545} INFO - Filling up the DagBag from /home/airflow/.local/lib/python3.12/site-packages/airflow/example_dags/example_xcomargs.py
[2026-07-31T11:29:35.658+0000] {processor.py:840} INFO - DAG(s) 'example_xcom_args_with_operators', 'example_xcom_args' retrieved from /home/airflow/.local/lib/python3.12/site-packages/airflow/example_dags/example_xcomargs.py
[2026-07-31T11:29:36.071+0000] {logging_mixin.py:188} INFO - [2026-07-31T11:29:36.070+0000] {dag.py:3089} INFO - Sync 2 DAGs
[2026-07-31T11:29:36.266+0000] {logging_mixin.py:188} INFO - [2026-07-31T11:29:36.265+0000] {dag.py:3947} INFO - Setting next_dagrun for example_xcom_args to None, run_after=None
[2026-07-31T11:29:36.329+0000] {logging_mixin.py:188} INFO - [2026-07-31T11:29:36.327+0000] {dag.py:3947} INFO - Setting next_dagrun for example_xcom_args_with_operators to None, run_after=None
[2026-07-31T11:29:36.677+0000] {processor.py:183} INFO - Processing /home/airflow/.local/lib/python3.12/site-packages/airflow/example_dags/example_xcomargs.py took 1.575 seconds
[2026-07-31T11:30:32.357+0000] {processor.py:161} INFO - Started process (PID=3420) to work on /home/airflow/.local/lib/python3.12/site-packages/airflow/example_dags/example_xcomargs.py
[2026-07-31T11:30:32.362+0000] {processor.py:830} INFO - Processing file /home/airflow/.local/lib/python3.12/site-packages/airflow/example_dags/example_xcomargs.py for tasks to queue
[2026-07-31T11:30:32.375+0000] {logging_mixin.py:188} INFO - [2026-07-31T11:30:32.373+0000] {dagbag.py:545} INFO - Filling up the DagBag from /home/airflow/.local/lib/python3.12/site-packages/airflow/example_dags/example_xcomargs.py
[2026-07-31T11:30:32.453+0000] {processor.py:840} INFO - DAG(s) 'example_xcom_args', 'example_xcom_args_with_operators' retrieved from /home/airflow/.local/lib/python3.12/site-packages/airflow/example_dags/example_xcomargs.py
[2026-07-31T11:30:32.586+0000] {logging_mixin.py:188} INFO - [2026-07-31T11:30:32.586+0000] {dag.py:3089} INFO - Sync 2 DAGs
[2026-07-31T11:30:32.666+0000] {logging_mixin.py:188} INFO - [2026-07-31T11:30:32.665+0000] {dag.py:3947} INFO - Setting next_dagrun for example_xcom_args to None, run_after=None
[2026-07-31T11:30:32.703+0000] {logging_mixin.py:188} INFO - [2026-07-31T11:30:32.702+0000] {dag.py:3947} INFO - Setting next_dagrun for example_xcom_args_with_operators to None, run_after=None
[2026-07-31T11:30:32.875+0000] {processor.py:183} INFO - Processing /home/airflow/.local/lib/python3.12/site-packages/airflow/example_dags/example_xcomargs.py took 0.542 seconds
[2026-07-31T11:31:03.110+0000] {processor.py:161} INFO - Started process (PID=3478) to work on /home/airflow/.local/lib/python3.12/site-packages/airflow/example_dags/example_xcomargs.py
[2026-07-31T11:31:03.113+0000] {processor.py:830} INFO - Processing file /home/airflow/.local/lib/python3.12/site-packages/airflow/example_dags/example_xcomargs.py for tasks to queue
[2026-07-31T11:31:03.118+0000] {logging_mixin.py:188} INFO - [2026-07-31T11:31:03.117+0000] {dagbag.py:545} INFO - Filling up the DagBag from /home/airflow/.local/lib/python3.12/site-packages/airflow/example_dags/example_xcomargs.py
[2026-07-31T11:31:03.141+0000] {processor.py:840} INFO - DAG(s) 'example_xcom_args', 'example_xcom_args_with_operators' retrieved from /home/airflow/.local/lib/python3.12/site-packages/airflow/example_dags/example_xcomargs.py
[2026-07-31T11:31:03.199+0000] {logging_mixin.py:188} INFO - [2026-07-31T11:31:03.199+0000] {dag.py:3089} INFO - Sync 2 DAGs
[2026-07-31T11:31:03.234+0000] {logging_mixin.py:188} INFO - [2026-07-31T11:31:03.233+0000] {dag.py:3947} INFO - Setting next_dagrun for example_xcom_args to None, run_after=None
[2026-07-31T11:31:03.245+0000] {logging_mixin.py:188} INFO - [2026-07-31T11:31:03.244+0000] {dag.py:3947} INFO - Setting next_dagrun for example_xcom_args_with_operators to None, run_after=None
[2026-07-31T11:31:03.295+0000] {processor.py:183} INFO - Processing /home/airflow/.local/lib/python3.12/site-packages/airflow/example_dags/example_xcomargs.py took 0.203 seconds
[2026-07-31T11:31:33.461+0000] {processor.py:161} INFO - Started process (PID=3536) to work on /home/airflow/.local/lib/python3.12/site-packages/airflow/example_dags/example_xcomargs.py
[2026-07-31T11:31:33.464+0000] {processor.py:830} INFO - Processing file /home/airflow/.local/lib/python3.12/site-packages/airflow/example_dags/example_xcomargs.py for tasks to queue
[2026-07-31T11:31:33.469+0000] {logging_mixin.py:188} INFO - [2026-07-31T11:31:33.468+0000] {dagbag.py:545} INFO - Filling up the DagBag from /home/airflow/.local/lib/python3.12/site-packages/airflow/example_dags/example_xcomargs.py
[2026-07-31T11:31:33.499+0000] {processor.py:840} INFO - DAG(s) 'example_xcom_args_with_operators', 'example_xcom_args' retrieved from /home/airflow/.local/lib/python3.12/site-packages/airflow/example_dags/example_xcomargs.py
[2026-07-31T11:31:33.571+0000] {logging_mixin.py:188} INFO - [2026-07-31T11:31:33.570+0000] {dag.py:3089} INFO - Sync 2 DAGs
[2026-07-31T11:31:33.633+0000] {logging_mixin.py:188} INFO - [2026-07-31T11:31:33.633+0000] {dag.py:3947} INFO - Setting next_dagrun for example_xcom_args to None, run_after=None
[2026-07-31T11:31:33.649+0000] {logging_mixin.py:188} INFO - [2026-07-31T11:31:33.648+0000] {dag.py:3947} INFO - Setting next_dagrun for example_xcom_args_with_operators to None, run_after=None
[2026-07-31T11:31:33.719+0000] {processor.py:183} INFO - Processing /home/airflow/.local/lib/python3.12/site-packages/airflow/example_dags/example_xcomargs.py took 0.281 seconds
[2026-07-31T11:32:04.814+0000] {processor.py:161} INFO - Started process (PID=3596) to work on /home/airflow/.local/lib/python3.12/site-packages/airflow/example_dags/example_xcomargs.py
[2026-07-31T11:32:04.817+0000] {processor.py:830} INFO - Processing file /home/airflow/.local/lib/python3.12/site-packages/airflow/example_dags/example_xcomargs.py for tasks to queue
[2026-07-31T11:32:04.821+0000] {logging_mixin.py:188} INFO - [2026-07-31T11:32:04.821+0000] {dagbag.py:545} INFO - Filling up the DagBag from /home/airflow/.local/lib/python3.12/site-packages/airflow/example_dags/example_xcomargs.py
[2026-07-31T11:32:04.838+0000] {processor.py:840} INFO - DAG(s) 'example_xcom_args', 'example_xcom_args_with_operators' retrieved from /home/airflow/.local/lib/python3.12/site-packages/airflow/example_dags/example_xcomargs.py
[2026-07-31T11:32:04.894+0000] {logging_mixin.py:188} INFO - [2026-07-31T11:32:04.893+0000] {dag.py:3089} INFO - Sync 2 DAGs
[2026-07-31T11:32:04.927+0000] {logging_mixin.py:188} INFO - [2026-07-31T11:32:04.926+0000] {dag.py:3947} INFO - Setting next_dagrun for example_xcom_args to None, run_after=None
[2026-07-31T11:32:04.937+0000] {logging_mixin.py:188} INFO - [2026-07-31T11:32:04.936+0000] {dag.py:3947} INFO - Setting next_dagrun for example_xcom_args_with_operators to None, run_after=None
[2026-07-31T11:32:04.995+0000] {processor.py:183} INFO - Processing /home/airflow/.local/lib/python3.12/site-packages/airflow/example_dags/example_xcomargs.py took 0.191 seconds
[2026-07-31T11:32:41.785+0000] {processor.py:161} INFO - Started process (PID=3657) to work on /home/airflow/.local/lib/python3.12/site-packages/airflow/example_dags/example_xcomargs.py
[2026-07-31T11:32:41.800+0000] {processor.py:830} INFO - Processing file /home/airflow/.local/lib/python3.12/site-packages/airflow/example_dags/example_xcomargs.py for tasks to queue
[2026-07-31T11:32:41.810+0000] {logging_mixin.py:188} INFO - [2026-07-31T11:32:41.808+0000] {dagbag.py:545} INFO - Filling up the DagBag from /home/airflow/.local/lib/python3.12/site-packages/airflow/example_dags/example_xcomargs.py
[2026-07-31T11:32:41.888+0000] {processor.py:840} INFO - DAG(s) 'example_xcom_args', 'example_xcom_args_with_operators' retrieved from /home/airflow/.local/lib/python3.12/site-packages/airflow/example_dags/example_xcomargs.py
[2026-07-31T11:32:42.075+0000] {logging_mixin.py:188} INFO - [2026-07-31T11:32:42.074+0000] {dag.py:3089} INFO - Sync 2 DAGs
[2026-07-31T11:32:42.189+0000] {logging_mixin.py:188} INFO - [2026-07-31T11:32:42.188+0000] {dag.py:3947} INFO - Setting next_dagrun for example_xcom_args to None, run_after=None
[2026-07-31T11:32:42.218+0000] {logging_mixin.py:188} INFO - [2026-07-31T11:32:42.218+0000] {dag.py:3947} INFO - Setting next_dagrun for example_xcom_args_with_operators to None, run_after=None
[2026-07-31T11:32:42.365+0000] {processor.py:183} INFO - Processing /home/airflow/.local/lib/python3.12/site-packages/airflow/example_dags/example_xcomargs.py took 0.624 seconds
[2026-07-31T11:34:16.909+0000] {processor.py:161} INFO - Started process (PID=3738) to work on /home/airflow/.local/lib/python3.12/site-packages/airflow/example_dags/example_xcomargs.py
[2026-07-31T11:34:16.938+0000] {processor.py:830} INFO - Processing file /home/airflow/.local/lib/python3.12/site-packages/airflow/example_dags/example_xcomargs.py for tasks to queue
[2026-07-31T11:34:16.954+0000] {logging_mixin.py:188} INFO - [2026-07-31T11:34:16.953+0000] {dagbag.py:545} INFO - Filling up the DagBag from /home/airflow/.local/lib/python3.12/site-packages/airflow/example_dags/example_xcomargs.py
[2026-07-31T11:34:17.115+0000] {processor.py:840} INFO - DAG(s) 'example_xcom_args_with_operators', 'example_xcom_args' retrieved from /home/airflow/.local/lib/python3.12/site-packages/airflow/example_dags/example_xcomargs.py
[2026-07-31T11:34:17.294+0000] {logging_mixin.py:188} INFO - [2026-07-31T11:34:17.293+0000] {dag.py:3089} INFO - Sync 2 DAGs
[2026-07-31T11:34:17.437+0000] {logging_mixin.py:188} INFO - [2026-07-31T11:34:17.437+0000] {dag.py:3947} INFO - Setting next_dagrun for example_xcom_args to None, run_after=None
[2026-07-31T11:34:17.476+0000] {logging_mixin.py:188} INFO - [2026-07-31T11:34:17.475+0000] {dag.py:3947} INFO - Setting next_dagrun for example_xcom_args_with_operators to None, run_after=None
[2026-07-31T11:34:17.662+0000] {processor.py:183} INFO - Processing /home/airflow/.local/lib/python3.12/site-packages/airflow/example_dags/example_xcomargs.py took 0.792 seconds
[2026-07-31T11:34:48.456+0000] {processor.py:161} INFO - Started process (PID=3797) to work on /home/airflow/.local/lib/python3.12/site-packages/airflow/example_dags/example_xcomargs.py
[2026-07-31T11:34:48.459+0000] {processor.py:830} INFO - Processing file /home/airflow/.local/lib/python3.12/site-packages/airflow/example_dags/example_xcomargs.py for tasks to queue
[2026-07-31T11:34:48.464+0000] {logging_mixin.py:188} INFO - [2026-07-31T11:34:48.463+0000] {dagbag.py:545} INFO - Filling up the DagBag from /home/airflow/.local/lib/python3.12/site-packages/airflow/example_dags/example_xcomargs.py
[2026-07-31T11:34:48.487+0000] {processor.py:840} INFO - DAG(s) 'example_xcom_args', 'example_xcom_args_with_operators' retrieved from /home/airflow/.local/lib/python3.12/site-packages/airflow/example_dags/example_xcomargs.py
[2026-07-31T11:34:48.555+0000] {logging_mixin.py:188} INFO - [2026-07-31T11:34:48.554+0000] {dag.py:3089} INFO - Sync 2 DAGs
[2026-07-31T11:34:48.605+0000] {logging_mixin.py:188} INFO - [2026-07-31T11:34:48.604+0000] {dag.py:3947} INFO - Setting next_dagrun for example_xcom_args to None, run_after=None
[2026-07-31T11:34:48.619+0000] {logging_mixin.py:188} INFO - [2026-07-31T11:34:48.618+0000] {dag.py:3947} INFO - Setting next_dagrun for example_xcom_args_with_operators to None, run_after=None
[2026-07-31T11:34:48.706+0000] {processor.py:183} INFO - Processing /home/airflow/.local/lib/python3.12/site-packages/airflow/example_dags/example_xcomargs.py took 0.267 seconds
[2026-07-31T11:35:18.851+0000] {processor.py:161} INFO - Started process (PID=3855) to work on /home/airflow/.local/lib/python3.12/site-packages/airflow/example_dags/example_xcomargs.py
[2026-07-31T11:35:18.853+0000] {processor.py:830} INFO - Processing file /home/airflow/.local/lib/python3.12/site-packages/airflow/example_dags/example_xcomargs.py for tasks to queue
[2026-07-31T11:35:18.856+0000] {logging_mixin.py:188} INFO - [2026-07-31T11:35:18.855+0000] {dagbag.py:545} INFO - Filling up the DagBag from /home/airflow/.local/lib/python3.12/site-packages/airflow/example_dags/example_xcomargs.py
[2026-07-31T11:35:18.867+0000] {processor.py:840} INFO - DAG(s) 'example_xcom_args', 'example_xcom_args_with_operators' retrieved from /home/airflow/.local/lib/python3.12/site-packages/airflow/example_dags/example_xcomargs.py
[2026-07-31T11:35:18.897+0000] {logging_mixin.py:188} INFO - [2026-07-31T11:35:18.897+0000] {dag.py:3089} INFO - Sync 2 DAGs
[2026-07-31T11:35:18.914+0000] {logging_mixin.py:188} INFO - [2026-07-31T11:35:18.914+0000] {dag.py:3947} INFO - Setting next_dagrun for example_xcom_args to None, run_after=None
[2026-07-31T11:35:18.920+0000] {logging_mixin.py:188} INFO - [2026-07-31T11:35:18.919+0000] {dag.py:3947} INFO - Setting next_dagrun for example_xcom_args_with_operators to None, run_after=None
[2026-07-31T11:35:18.946+0000] {processor.py:183} INFO - Processing /home/airflow/.local/lib/python3.12/site-packages/airflow/example_dags/example_xcomargs.py took 0.102 seconds
[2026-07-31T11:35:49.051+0000] {processor.py:161} INFO - Started process (PID=3914) to work on /home/airflow/.local/lib/python3.12/site-packages/airflow/example_dags/example_xcomargs.py
[2026-07-31T11:35:49.054+0000] {processor.py:830} INFO - Processing file /home/airflow/.local/lib/python3.12/site-packages/airflow/example_dags/example_xcomargs.py for tasks to queue
[2026-07-31T11:35:49.060+0000] {logging_mixin.py:188} INFO - [2026-07-31T11:35:49.058+0000] {dagbag.py:545} INFO - Filling up the DagBag from /home/airflow/.local/lib/python3.12/site-packages/airflow/example_dags/example_xcomargs.py
[2026-07-31T11:35:49.083+0000] {processor.py:840} INFO - DAG(s) 'example_xcom_args_with_operators', 'example_xcom_args' retrieved from /home/airflow/.local/lib/python3.12/site-packages/airflow/example_dags/example_xcomargs.py
[2026-07-31T11:35:49.146+0000] {logging_mixin.py:188} INFO - [2026-07-31T11:35:49.145+0000] {dag.py:3089} INFO - Sync 2 DAGs
[2026-07-31T11:35:49.182+0000] {logging_mixin.py:188} INFO - [2026-07-31T11:35:49.181+0000] {dag.py:3947} INFO - Setting next_dagrun for example_xcom_args to None, run_after=None
[2026-07-31T11:35:49.192+0000] {logging_mixin.py:188} INFO - [2026-07-31T11:35:49.192+0000] {dag.py:3947} INFO - Setting next_dagrun for example_xcom_args_with_operators to None, run_after=None
[2026-07-31T11:35:49.229+0000] {processor.py:183} INFO - Processing /home/airflow/.local/lib/python3.12/site-packages/airflow/example_dags/example_xcomargs.py took 0.201 seconds
[2026-07-31T11:36:19.795+0000] {processor.py:161} INFO - Started process (PID=3972) to work on /home/airflow/.local/lib/python3.12/site-packages/airflow/example_dags/example_xcomargs.py
[2026-07-31T11:36:19.798+0000] {processor.py:830} INFO - Processing file /home/airflow/.local/lib/python3.12/site-packages/airflow/example_dags/example_xcomargs.py for tasks to queue
[2026-07-31T11:36:19.804+0000] {logging_mixin.py:188} INFO - [2026-07-31T11:36:19.802+0000] {dagbag.py:545} INFO - Filling up the DagBag from /home/airflow/.local/lib/python3.12/site-packages/airflow/example_dags/example_xcomargs.py
[2026-07-31T11:36:19.832+0000] {processor.py:840} INFO - DAG(s) 'example_xcom_args_with_operators', 'example_xcom_args' retrieved from /home/airflow/.local/lib/python3.12/site-packages/airflow/example_dags/example_xcomargs.py
[2026-07-31T11:36:19.892+0000] {logging_mixin.py:188} INFO - [2026-07-31T11:36:19.892+0000] {dag.py:3089} INFO - Sync 2 DAGs
[2026-07-31T11:36:19.934+0000] {logging_mixin.py:188} INFO - [2026-07-31T11:36:19.933+0000] {dag.py:3947} INFO - Setting next_dagrun for example_xcom_args to None, run_after=None
[2026-07-31T11:36:19.943+0000] {logging_mixin.py:188} INFO - [2026-07-31T11:36:19.943+0000] {dag.py:3947} INFO - Setting next_dagrun for example_xcom_args_with_operators to None, run_after=None
[2026-07-31T11:36:19.981+0000] {processor.py:183} INFO - Processing /home/airflow/.local/lib/python3.12/site-packages/airflow/example_dags/example_xcomargs.py took 0.201 seconds
[2026-07-31T11:36:50.743+0000] {processor.py:161} INFO - Started process (PID=4031) to work on /home/airflow/.local/lib/python3.12/site-packages/airflow/example_dags/example_xcomargs.py
[2026-07-31T11:36:50.746+0000] {processor.py:830} INFO - Processing file /home/airflow/.local/lib/python3.12/site-packages/airflow/example_dags/example_xcomargs.py for tasks to queue
[2026-07-31T11:36:50.750+0000] {logging_mixin.py:188} INFO - [2026-07-31T11:36:50.749+0000] {dagbag.py:545} INFO - Filling up the DagBag from /home/airflow/.local/lib/python3.12/site-packages/airflow/example_dags/example_xcomargs.py
[2026-07-31T11:36:50.774+0000] {processor.py:840} INFO - DAG(s) 'example_xcom_args', 'example_xcom_args_with_operators' retrieved from /home/airflow/.local/lib/python3.12/site-packages/airflow/example_dags/example_xcomargs.py
[2026-07-31T11:36:50.850+0000] {logging_mixin.py:188} INFO - [2026-07-31T11:36:50.848+0000] {dag.py:3089} INFO - Sync 2 DAGs
[2026-07-31T11:36:50.929+0000] {logging_mixin.py:188} INFO - [2026-07-31T11:36:50.929+0000] {dag.py:3947} INFO - Setting next_dagrun for example_xcom_args to None, run_after=None
[2026-07-31T11:36:50.952+0000] {logging_mixin.py:188} INFO - [2026-07-31T11:36:50.952+0000] {dag.py:3947} INFO - Setting next_dagrun for example_xcom_args_with_operators to None, run_after=None
[2026-07-31T11:36:51.052+0000] {processor.py:183} INFO - Processing /home/airflow/.local/lib/python3.12/site-packages/airflow/example_dags/example_xcomargs.py took 0.322 seconds
[2026-07-31T11:37:21.481+0000] {processor.py:161} INFO - Started process (PID=4089) to work on /home/airflow/.local/lib/python3.12/site-packages/airflow/example_dags/example_xcomargs.py
[2026-07-31T11:37:21.483+0000] {processor.py:830} INFO - Processing file /home/airflow/.local/lib/python3.12/site-packages/airflow/example_dags/example_xcomargs.py for tasks to queue
[2026-07-31T11:37:21.488+0000] {logging_mixin.py:188} INFO - [2026-07-31T11:37:21.487+0000] {dagbag.py:545} INFO - Filling up the DagBag from /home/airflow/.local/lib/python3.12/site-packages/airflow/example_dags/example_xcomargs.py
[2026-07-31T11:37:21.503+0000] {processor.py:840} INFO - DAG(s) 'example_xcom_args', 'example_xcom_args_with_operators' retrieved from /home/airflow/.local/lib/python3.12/site-packages/airflow/example_dags/example_xcomargs.py
[2026-07-31T11:37:21.561+0000] {logging_mixin.py:188} INFO - [2026-07-31T11:37:21.560+0000] {dag.py:3089} INFO - Sync 2 DAGs
[2026-07-31T11:37:21.603+0000] {logging_mixin.py:188} INFO - [2026-07-31T11:37:21.602+0000] {dag.py:3947} INFO - Setting next_dagrun for example_xcom_args to None, run_after=None
[2026-07-31T11:37:21.613+0000] {logging_mixin.py:188} INFO - [2026-07-31T11:37:21.612+0000] {dag.py:3947} INFO - Setting next_dagrun for example_xcom_args_with_operators to None, run_after=None
[2026-07-31T11:37:21.656+0000] {processor.py:183} INFO - Processing /home/airflow/.local/lib/python3.12/site-packages/airflow/example_dags/example_xcomargs.py took 0.191 seconds
[2026-07-31T11:37:52.176+0000] {processor.py:161} INFO - Started process (PID=4147) to work on /home/airflow/.local/lib/python3.12/site-packages/airflow/example_dags/example_xcomargs.py
[2026-07-31T11:37:52.181+0000] {processor.py:830} INFO - Processing file /home/airflow/.local/lib/python3.12/site-packages/airflow/example_dags/example_xcomargs.py for tasks to queue
[2026-07-31T11:37:52.186+0000] {logging_mixin.py:188} INFO - [2026-07-31T11:37:52.185+0000] {dagbag.py:545} INFO - Filling up the DagBag from /home/airflow/.local/lib/python3.12/site-packages/airflow/example_dags/example_xcomargs.py
[2026-07-31T11:37:52.212+0000] {processor.py:840} INFO - DAG(s) 'example_xcom_args', 'example_xcom_args_with_operators' retrieved from /home/airflow/.local/lib/python3.12/site-packages/airflow/example_dags/example_xcomargs.py
[2026-07-31T11:37:52.292+0000] {logging_mixin.py:188} INFO - [2026-07-31T11:37:52.291+0000] {dag.py:3089} INFO - Sync 2 DAGs
[2026-07-31T11:37:52.338+0000] {logging_mixin.py:188} INFO - [2026-07-31T11:37:52.338+0000] {dag.py:3947} INFO - Setting next_dagrun for example_xcom_args to None, run_after=None
[2026-07-31T11:37:52.347+0000] {logging_mixin.py:188} INFO - [2026-07-31T11:37:52.347+0000] {dag.py:3947} INFO - Setting next_dagrun for example_xcom_args_with_operators to None, run_after=None
[2026-07-31T11:37:52.391+0000] {processor.py:183} INFO - Processing /home/airflow/.local/lib/python3.12/site-packages/airflow/example_dags/example_xcomargs.py took 0.232 seconds
[2026-07-31T11:38:24.528+0000] {processor.py:161} INFO - Started process (PID=4205) to work on /home/airflow/.local/lib/python3.12/site-packages/airflow/example_dags/example_xcomargs.py
[2026-07-31T11:38:24.530+0000] {processor.py:830} INFO - Processing file /home/airflow/.local/lib/python3.12/site-packages/airflow/example_dags/example_xcomargs.py for tasks to queue
[2026-07-31T11:38:24.534+0000] {logging_mixin.py:188} INFO - [2026-07-31T11:38:24.533+0000] {dagbag.py:545} INFO - Filling up the DagBag from /home/airflow/.local/lib/python3.12/site-packages/airflow/example_dags/example_xcomargs.py
[2026-07-31T11:38:24.566+0000] {processor.py:840} INFO - DAG(s) 'example_xcom_args', 'example_xcom_args_with_operators' retrieved from /home/airflow/.local/lib/python3.12/site-packages/airflow/example_dags/example_xcomargs.py
[2026-07-31T11:38:24.689+0000] {logging_mixin.py:188} INFO - [2026-07-31T11:38:24.688+0000] {dag.py:3089} INFO - Sync 2 DAGs
[2026-07-31T11:38:24.763+0000] {logging_mixin.py:188} INFO - [2026-07-31T11:38:24.762+0000] {dag.py:3947} INFO - Setting next_dagrun for example_xcom_args to None, run_after=None
[2026-07-31T11:38:24.775+0000] {logging_mixin.py:188} INFO - [2026-07-31T11:38:24.775+0000] {dag.py:3947} INFO - Setting next_dagrun for example_xcom_args_with_operators to None, run_after=None
[2026-07-31T11:38:24.842+0000] {processor.py:183} INFO - Processing /home/airflow/.local/lib/python3.12/site-packages/airflow/example_dags/example_xcomargs.py took 0.327 seconds
[2026-07-31T11:38:55.039+0000] {processor.py:161} INFO - Started process (PID=4263) to work on /home/airflow/.local/lib/python3.12/site-packages/airflow/example_dags/example_xcomargs.py
[2026-07-31T11:38:55.041+0000] {processor.py:830} INFO - Processing file /home/airflow/.local/lib/python3.12/site-packages/airflow/example_dags/example_xcomargs.py for tasks to queue
[2026-07-31T11:38:55.049+0000] {logging_mixin.py:188} INFO - [2026-07-31T11:38:55.047+0000] {dagbag.py:545} INFO - Filling up the DagBag from /home/airflow/.local/lib/python3.12/site-packages/airflow/example_dags/example_xcomargs.py
[2026-07-31T11:38:55.065+0000] {processor.py:840} INFO - DAG(s) 'example_xcom_args_with_operators', 'example_xcom_args' retrieved from /home/airflow/.local/lib/python3.12/site-packages/airflow/example_dags/example_xcomargs.py
[2026-07-31T11:38:55.109+0000] {logging_mixin.py:188} INFO - [2026-07-31T11:38:55.109+0000] {dag.py:3089} INFO - Sync 2 DAGs
[2026-07-31T11:38:55.134+0000] {logging_mixin.py:188} INFO - [2026-07-31T11:38:55.134+0000] {dag.py:3947} INFO - Setting next_dagrun for example_xcom_args to None, run_after=None
[2026-07-31T11:38:55.142+0000] {logging_mixin.py:188} INFO - [2026-07-31T11:38:55.142+0000] {dag.py:3947} INFO - Setting next_dagrun for example_xcom_args_with_operators to None, run_after=None
[2026-07-31T11:38:55.170+0000] {processor.py:183} INFO - Processing /home/airflow/.local/lib/python3.12/site-packages/airflow/example_dags/example_xcomargs.py took 0.141 seconds
[2026-07-31T11:39:25.664+0000] {processor.py:161} INFO - Started process (PID=4321) to work on /home/airflow/.local/lib/python3.12/site-packages/airflow/example_dags/example_xcomargs.py
[2026-07-31T11:39:25.666+0000] {processor.py:830} INFO - Processing file /home/airflow/.local/lib/python3.12/site-packages/airflow/example_dags/example_xcomargs.py for tasks to queue
[2026-07-31T11:39:25.671+0000] {logging_mixin.py:188} INFO - [2026-07-31T11:39:25.670+0000] {dagbag.py:545} INFO - Filling up the DagBag from /home/airflow/.local/lib/python3.12/site-packages/airflow/example_dags/example_xcomargs.py
[2026-07-31T11:39:25.688+0000] {processor.py:840} INFO - DAG(s) 'example_xcom_args', 'example_xcom_args_with_operators' retrieved from /home/airflow/.local/lib/python3.12/site-packages/airflow/example_dags/example_xcomargs.py
[2026-07-31T11:39:25.730+0000] {logging_mixin.py:188} INFO - [2026-07-31T11:39:25.729+0000] {dag.py:3089} INFO - Sync 2 DAGs
[2026-07-31T11:39:25.758+0000] {logging_mixin.py:188} INFO - [2026-07-31T11:39:25.757+0000] {dag.py:3947} INFO - Setting next_dagrun for example_xcom_args to None, run_after=None
[2026-07-31T11:39:25.769+0000] {logging_mixin.py:188} INFO - [2026-07-31T11:39:25.766+0000] {dag.py:3947} INFO - Setting next_dagrun for example_xcom_args_with_operators to None, run_after=None
[2026-07-31T11:39:25.828+0000] {processor.py:183} INFO - Processing /home/airflow/.local/lib/python3.12/site-packages/airflow/example_dags/example_xcomargs.py took 0.173 seconds
[2026-07-31T11:39:57.106+0000] {processor.py:161} INFO - Started process (PID=4379) to work on /home/airflow/.local/lib/python3.12/site-packages/airflow/example_dags/example_xcomargs.py
[2026-07-31T11:39:57.107+0000] {processor.py:830} INFO - Processing file /home/airflow/.local/lib/python3.12/site-packages/airflow/example_dags/example_xcomargs.py for tasks to queue
[2026-07-31T11:39:57.111+0000] {logging_mixin.py:188} INFO - [2026-07-31T11:39:57.111+0000] {dagbag.py:545} INFO - Filling up the DagBag from /home/airflow/.local/lib/python3.12/site-packages/airflow/example_dags/example_xcomargs.py
[2026-07-31T11:39:57.124+0000] {processor.py:840} INFO - DAG(s) 'example_xcom_args_with_operators', 'example_xcom_args' retrieved from /home/airflow/.local/lib/python3.12/site-packages/airflow/example_dags/example_xcomargs.py
[2026-07-31T11:39:57.161+0000] {logging_mixin.py:188} INFO - [2026-07-31T11:39:57.161+0000] {dag.py:3089} INFO - Sync 2 DAGs
[2026-07-31T11:39:57.182+0000] {logging_mixin.py:188} INFO - [2026-07-31T11:39:57.182+0000] {dag.py:3947} INFO - Setting next_dagrun for example_xcom_args to None, run_after=None
[2026-07-31T11:39:57.190+0000] {logging_mixin.py:188} INFO - [2026-07-31T11:39:57.190+0000] {dag.py:3947} INFO - Setting next_dagrun for example_xcom_args_with_operators to None, run_after=None
[2026-07-31T11:39:57.226+0000] {processor.py:183} INFO - Processing /home/airflow/.local/lib/python3.12/site-packages/airflow/example_dags/example_xcomargs.py took 0.129 seconds
[2026-07-31T11:40:30.261+0000] {processor.py:161} INFO - Started process (PID=4435) to work on /home/airflow/.local/lib/python3.12/site-packages/airflow/example_dags/example_xcomargs.py
[2026-07-31T11:40:30.386+0000] {processor.py:830} INFO - Processing file /home/airflow/.local/lib/python3.12/site-packages/airflow/example_dags/example_xcomargs.py for tasks to queue
[2026-07-31T11:40:30.426+0000] {logging_mixin.py:188} INFO - [2026-07-31T11:40:30.424+0000] {dagbag.py:545} INFO - Filling up the DagBag from /home/airflow/.local/lib/python3.12/site-packages/airflow/example_dags/example_xcomargs.py
[2026-07-31T11:40:30.568+0000] {processor.py:840} INFO - DAG(s) 'example_xcom_args', 'example_xcom_args_with_operators' retrieved from /home/airflow/.local/lib/python3.12/site-packages/airflow/example_dags/example_xcomargs.py
[2026-07-31T11:40:30.704+0000] {logging_mixin.py:188} INFO - [2026-07-31T11:40:30.703+0000] {dag.py:3089} INFO - Sync 2 DAGs
[2026-07-31T11:40:30.860+0000] {logging_mixin.py:188} INFO - [2026-07-31T11:40:30.859+0000] {dag.py:3947} INFO - Setting next_dagrun for example_xcom_args to None, run_after=None
[2026-07-31T11:40:30.917+0000] {logging_mixin.py:188} INFO - [2026-07-31T11:40:30.915+0000] {dag.py:3947} INFO - Setting next_dagrun for example_xcom_args_with_operators to None, run_after=None
[2026-07-31T11:40:31.262+0000] {processor.py:183} INFO - Processing /home/airflow/.local/lib/python3.12/site-packages/airflow/example_dags/example_xcomargs.py took 1.039 seconds
[2026-07-31T11:41:02.103+0000] {processor.py:161} INFO - Started process (PID=4493) to work on /home/airflow/.local/lib/python3.12/site-packages/airflow/example_dags/example_xcomargs.py
[2026-07-31T11:41:02.106+0000] {processor.py:830} INFO - Processing file /home/airflow/.local/lib/python3.12/site-packages/airflow/example_dags/example_xcomargs.py for tasks to queue
[2026-07-31T11:41:02.112+0000] {logging_mixin.py:188} INFO - [2026-07-31T11:41:02.111+0000] {dagbag.py:545} INFO - Filling up the DagBag from /home/airflow/.local/lib/python3.12/site-packages/airflow/example_dags/example_xcomargs.py
[2026-07-31T11:41:02.145+0000] {processor.py:840} INFO - DAG(s) 'example_xcom_args_with_operators', 'example_xcom_args' retrieved from /home/airflow/.local/lib/python3.12/site-packages/airflow/example_dags/example_xcomargs.py
[2026-07-31T11:41:02.226+0000] {logging_mixin.py:188} INFO - [2026-07-31T11:41:02.225+0000] {dag.py:3089} INFO - Sync 2 DAGs
[2026-07-31T11:41:02.277+0000] {logging_mixin.py:188} INFO - [2026-07-31T11:41:02.276+0000] {dag.py:3947} INFO - Setting next_dagrun for example_xcom_args to None, run_after=None
[2026-07-31T11:41:02.295+0000] {logging_mixin.py:188} INFO - [2026-07-31T11:41:02.294+0000] {dag.py:3947} INFO - Setting next_dagrun for example_xcom_args_with_operators to None, run_after=None
[2026-07-31T11:41:02.362+0000] {processor.py:183} INFO - Processing /home/airflow/.local/lib/python3.12/site-packages/airflow/example_dags/example_xcomargs.py took 0.281 seconds
[2026-07-31T11:41:32.516+0000] {processor.py:161} INFO - Started process (PID=4551) to work on /home/airflow/.local/lib/python3.12/site-packages/airflow/example_dags/example_xcomargs.py
[2026-07-31T11:41:32.517+0000] {processor.py:830} INFO - Processing file /home/airflow/.local/lib/python3.12/site-packages/airflow/example_dags/example_xcomargs.py for tasks to queue
[2026-07-31T11:41:32.521+0000] {logging_mixin.py:188} INFO - [2026-07-31T11:41:32.521+0000] {dagbag.py:545} INFO - Filling up the DagBag from /home/airflow/.local/lib/python3.12/site-packages/airflow/example_dags/example_xcomargs.py
[2026-07-31T11:41:32.533+0000] {processor.py:840} INFO - DAG(s) 'example_xcom_args_with_operators', 'example_xcom_args' retrieved from /home/airflow/.local/lib/python3.12/site-packages/airflow/example_dags/example_xcomargs.py
[2026-07-31T11:41:32.564+0000] {logging_mixin.py:188} INFO - [2026-07-31T11:41:32.564+0000] {dag.py:3089} INFO - Sync 2 DAGs
[2026-07-31T11:41:32.584+0000] {logging_mixin.py:188} INFO - [2026-07-31T11:41:32.584+0000] {dag.py:3947} INFO - Setting next_dagrun for example_xcom_args to None, run_after=None
[2026-07-31T11:41:32.590+0000] {logging_mixin.py:188} INFO - [2026-07-31T11:41:32.590+0000] {dag.py:3947} INFO - Setting next_dagrun for example_xcom_args_with_operators to None, run_after=None
[2026-07-31T11:41:32.618+0000] {processor.py:183} INFO - Processing /home/airflow/.local/lib/python3.12/site-packages/airflow/example_dags/example_xcomargs.py took 0.115 seconds
