[2026-07-31T10:53:12.159+0000] {processor.py:161} INFO - Started process (PID=115) to work on /home/airflow/.local/lib/python3.12/site-packages/airflow/example_dags/example_python_operator.py
[2026-07-31T10:53:12.162+0000] {processor.py:830} INFO - Processing file /home/airflow/.local/lib/python3.12/site-packages/airflow/example_dags/example_python_operator.py for tasks to queue
[2026-07-31T10:53:12.171+0000] {logging_mixin.py:188} INFO - [2026-07-31T10:53:12.169+0000] {dagbag.py:545} INFO - Filling up the DagBag from /home/airflow/.local/lib/python3.12/site-packages/airflow/example_dags/example_python_operator.py
[2026-07-31T10:53:12.247+0000] {processor.py:840} INFO - DAG(s) 'example_python_operator' retrieved from /home/airflow/.local/lib/python3.12/site-packages/airflow/example_dags/example_python_operator.py
[2026-07-31T10:53:12.838+0000] {logging_mixin.py:188} INFO - [2026-07-31T10:53:12.836+0000] {dag.py:3089} INFO - Sync 1 DAGs
[2026-07-31T10:53:12.920+0000] {logging_mixin.py:188} INFO - [2026-07-31T10:53:12.919+0000] {dag.py:3947} INFO - Setting next_dagrun for example_python_operator to None, run_after=None
[2026-07-31T10:53:13.028+0000] {processor.py:183} INFO - Processing /home/airflow/.local/lib/python3.12/site-packages/airflow/example_dags/example_python_operator.py took 0.897 seconds
[2026-07-31T10:54:05.800+0000] {processor.py:161} INFO - Started process (PID=179) to work on /home/airflow/.local/lib/python3.12/site-packages/airflow/example_dags/example_python_operator.py
[2026-07-31T10:54:05.819+0000] {processor.py:830} INFO - Processing file /home/airflow/.local/lib/python3.12/site-packages/airflow/example_dags/example_python_operator.py for tasks to queue
[2026-07-31T10:54:05.854+0000] {logging_mixin.py:188} INFO - [2026-07-31T10:54:05.853+0000] {dagbag.py:545} INFO - Filling up the DagBag from /home/airflow/.local/lib/python3.12/site-packages/airflow/example_dags/example_python_operator.py
[2026-07-31T10:54:06.119+0000] {processor.py:840} INFO - DAG(s) 'example_python_operator' retrieved from /home/airflow/.local/lib/python3.12/site-packages/airflow/example_dags/example_python_operator.py
[2026-07-31T10:54:06.386+0000] {logging_mixin.py:188} INFO - [2026-07-31T10:54:06.385+0000] {dag.py:3089} INFO - Sync 1 DAGs
[2026-07-31T10:54:06.649+0000] {logging_mixin.py:188} INFO - [2026-07-31T10:54:06.648+0000] {dag.py:3947} INFO - Setting next_dagrun for example_python_operator to None, run_after=None
[2026-07-31T10:54:06.946+0000] {processor.py:183} INFO - Processing /home/airflow/.local/lib/python3.12/site-packages/airflow/example_dags/example_python_operator.py took 1.226 seconds
[2026-07-31T10:55:16.911+0000] {processor.py:161} INFO - Started process (PID=238) to work on /home/airflow/.local/lib/python3.12/site-packages/airflow/example_dags/example_python_operator.py
[2026-07-31T10:55:16.915+0000] {processor.py:830} INFO - Processing file /home/airflow/.local/lib/python3.12/site-packages/airflow/example_dags/example_python_operator.py for tasks to queue
[2026-07-31T10:55:16.934+0000] {logging_mixin.py:188} INFO - [2026-07-31T10:55:16.933+0000] {dagbag.py:545} INFO - Filling up the DagBag from /home/airflow/.local/lib/python3.12/site-packages/airflow/example_dags/example_python_operator.py
[2026-07-31T10:55:17.036+0000] {processor.py:840} INFO - DAG(s) 'example_python_operator' retrieved from /home/airflow/.local/lib/python3.12/site-packages/airflow/example_dags/example_python_operator.py
[2026-07-31T10:55:17.149+0000] {logging_mixin.py:188} INFO - [2026-07-31T10:55:17.148+0000] {dag.py:3089} INFO - Sync 1 DAGs
[2026-07-31T10:55:17.233+0000] {logging_mixin.py:188} INFO - [2026-07-31T10:55:17.232+0000] {dag.py:3947} INFO - Setting next_dagrun for example_python_operator to None, run_after=None
[2026-07-31T10:55:17.384+0000] {processor.py:183} INFO - Processing /home/airflow/.local/lib/python3.12/site-packages/airflow/example_dags/example_python_operator.py took 0.514 seconds
[2026-07-31T10:55:47.999+0000] {processor.py:161} INFO - Started process (PID=296) to work on /home/airflow/.local/lib/python3.12/site-packages/airflow/example_dags/example_python_operator.py
[2026-07-31T10:55:48.001+0000] {processor.py:830} INFO - Processing file /home/airflow/.local/lib/python3.12/site-packages/airflow/example_dags/example_python_operator.py for tasks to queue
[2026-07-31T10:55:48.004+0000] {logging_mixin.py:188} INFO - [2026-07-31T10:55:48.004+0000] {dagbag.py:545} INFO - Filling up the DagBag from /home/airflow/.local/lib/python3.12/site-packages/airflow/example_dags/example_python_operator.py
[2026-07-31T10:55:48.030+0000] {processor.py:840} INFO - DAG(s) 'example_python_operator' retrieved from /home/airflow/.local/lib/python3.12/site-packages/airflow/example_dags/example_python_operator.py
[2026-07-31T10:55:48.074+0000] {logging_mixin.py:188} INFO - [2026-07-31T10:55:48.074+0000] {dag.py:3089} INFO - Sync 1 DAGs
[2026-07-31T10:55:48.096+0000] {logging_mixin.py:188} INFO - [2026-07-31T10:55:48.096+0000] {dag.py:3947} INFO - Setting next_dagrun for example_python_operator to None, run_after=None
[2026-07-31T10:55:48.130+0000] {processor.py:183} INFO - Processing /home/airflow/.local/lib/python3.12/site-packages/airflow/example_dags/example_python_operator.py took 0.144 seconds
[2026-07-31T10:56:18.427+0000] {processor.py:161} INFO - Started process (PID=354) to work on /home/airflow/.local/lib/python3.12/site-packages/airflow/example_dags/example_python_operator.py
[2026-07-31T10:56:18.432+0000] {processor.py:830} INFO - Processing file /home/airflow/.local/lib/python3.12/site-packages/airflow/example_dags/example_python_operator.py for tasks to queue
[2026-07-31T10:56:18.436+0000] {logging_mixin.py:188} INFO - [2026-07-31T10:56:18.435+0000] {dagbag.py:545} INFO - Filling up the DagBag from /home/airflow/.local/lib/python3.12/site-packages/airflow/example_dags/example_python_operator.py
[2026-07-31T10:56:18.460+0000] {processor.py:840} INFO - DAG(s) 'example_python_operator' retrieved from /home/airflow/.local/lib/python3.12/site-packages/airflow/example_dags/example_python_operator.py
[2026-07-31T10:56:18.507+0000] {logging_mixin.py:188} INFO - [2026-07-31T10:56:18.506+0000] {dag.py:3089} INFO - Sync 1 DAGs
[2026-07-31T10:56:18.532+0000] {logging_mixin.py:188} INFO - [2026-07-31T10:56:18.531+0000] {dag.py:3947} INFO - Setting next_dagrun for example_python_operator to None, run_after=None
[2026-07-31T10:56:18.573+0000] {processor.py:183} INFO - Processing /home/airflow/.local/lib/python3.12/site-packages/airflow/example_dags/example_python_operator.py took 0.157 seconds
[2026-07-31T10:56:56.082+0000] {processor.py:161} INFO - Started process (PID=412) to work on /home/airflow/.local/lib/python3.12/site-packages/airflow/example_dags/example_python_operator.py
[2026-07-31T10:56:56.085+0000] {processor.py:830} INFO - Processing file /home/airflow/.local/lib/python3.12/site-packages/airflow/example_dags/example_python_operator.py for tasks to queue
[2026-07-31T10:56:56.094+0000] {logging_mixin.py:188} INFO - [2026-07-31T10:56:56.094+0000] {dagbag.py:545} INFO - Filling up the DagBag from /home/airflow/.local/lib/python3.12/site-packages/airflow/example_dags/example_python_operator.py
[2026-07-31T10:56:56.231+0000] {processor.py:840} INFO - DAG(s) 'example_python_operator' retrieved from /home/airflow/.local/lib/python3.12/site-packages/airflow/example_dags/example_python_operator.py
[2026-07-31T10:56:56.300+0000] {logging_mixin.py:188} INFO - [2026-07-31T10:56:56.299+0000] {dag.py:3089} INFO - Sync 1 DAGs
[2026-07-31T10:56:56.337+0000] {logging_mixin.py:188} INFO - [2026-07-31T10:56:56.337+0000] {dag.py:3947} INFO - Setting next_dagrun for example_python_operator to None, run_after=None
[2026-07-31T10:56:56.506+0000] {processor.py:183} INFO - Processing /home/airflow/.local/lib/python3.12/site-packages/airflow/example_dags/example_python_operator.py took 0.440 seconds
[2026-07-31T10:57:28.975+0000] {processor.py:161} INFO - Started process (PID=470) to work on /home/airflow/.local/lib/python3.12/site-packages/airflow/example_dags/example_python_operator.py
[2026-07-31T10:57:28.977+0000] {processor.py:830} INFO - Processing file /home/airflow/.local/lib/python3.12/site-packages/airflow/example_dags/example_python_operator.py for tasks to queue
[2026-07-31T10:57:28.984+0000] {logging_mixin.py:188} INFO - [2026-07-31T10:57:28.982+0000] {dagbag.py:545} INFO - Filling up the DagBag from /home/airflow/.local/lib/python3.12/site-packages/airflow/example_dags/example_python_operator.py
[2026-07-31T10:57:29.024+0000] {processor.py:840} INFO - DAG(s) 'example_python_operator' retrieved from /home/airflow/.local/lib/python3.12/site-packages/airflow/example_dags/example_python_operator.py
[2026-07-31T10:57:29.114+0000] {logging_mixin.py:188} INFO - [2026-07-31T10:57:29.113+0000] {dag.py:3089} INFO - Sync 1 DAGs
[2026-07-31T10:57:29.239+0000] {logging_mixin.py:188} INFO - [2026-07-31T10:57:29.238+0000] {dag.py:3947} INFO - Setting next_dagrun for example_python_operator to None, run_after=None
[2026-07-31T10:57:29.383+0000] {processor.py:183} INFO - Processing /home/airflow/.local/lib/python3.12/site-packages/airflow/example_dags/example_python_operator.py took 0.428 seconds
[2026-07-31T10:58:00.214+0000] {processor.py:161} INFO - Started process (PID=526) to work on /home/airflow/.local/lib/python3.12/site-packages/airflow/example_dags/example_python_operator.py
[2026-07-31T10:58:00.217+0000] {processor.py:830} INFO - Processing file /home/airflow/.local/lib/python3.12/site-packages/airflow/example_dags/example_python_operator.py for tasks to queue
[2026-07-31T10:58:00.221+0000] {logging_mixin.py:188} INFO - [2026-07-31T10:58:00.220+0000] {dagbag.py:545} INFO - Filling up the DagBag from /home/airflow/.local/lib/python3.12/site-packages/airflow/example_dags/example_python_operator.py
[2026-07-31T10:58:00.244+0000] {processor.py:840} INFO - DAG(s) 'example_python_operator' retrieved from /home/airflow/.local/lib/python3.12/site-packages/airflow/example_dags/example_python_operator.py
[2026-07-31T10:58:00.284+0000] {logging_mixin.py:188} INFO - [2026-07-31T10:58:00.283+0000] {dag.py:3089} INFO - Sync 1 DAGs
[2026-07-31T10:58:00.308+0000] {logging_mixin.py:188} INFO - [2026-07-31T10:58:00.307+0000] {dag.py:3947} INFO - Setting next_dagrun for example_python_operator to None, run_after=None
[2026-07-31T10:58:00.357+0000] {processor.py:183} INFO - Processing /home/airflow/.local/lib/python3.12/site-packages/airflow/example_dags/example_python_operator.py took 0.154 seconds
[2026-07-31T10:58:30.627+0000] {processor.py:161} INFO - Started process (PID=584) to work on /home/airflow/.local/lib/python3.12/site-packages/airflow/example_dags/example_python_operator.py
[2026-07-31T10:58:30.630+0000] {processor.py:830} INFO - Processing file /home/airflow/.local/lib/python3.12/site-packages/airflow/example_dags/example_python_operator.py for tasks to queue
[2026-07-31T10:58:30.635+0000] {logging_mixin.py:188} INFO - [2026-07-31T10:58:30.634+0000] {dagbag.py:545} INFO - Filling up the DagBag from /home/airflow/.local/lib/python3.12/site-packages/airflow/example_dags/example_python_operator.py
[2026-07-31T10:58:30.663+0000] {processor.py:840} INFO - DAG(s) 'example_python_operator' retrieved from /home/airflow/.local/lib/python3.12/site-packages/airflow/example_dags/example_python_operator.py
[2026-07-31T10:58:30.712+0000] {logging_mixin.py:188} INFO - [2026-07-31T10:58:30.712+0000] {dag.py:3089} INFO - Sync 1 DAGs
[2026-07-31T10:58:30.768+0000] {logging_mixin.py:188} INFO - [2026-07-31T10:58:30.767+0000] {dag.py:3947} INFO - Setting next_dagrun for example_python_operator to None, run_after=None
[2026-07-31T10:58:30.845+0000] {processor.py:183} INFO - Processing /home/airflow/.local/lib/python3.12/site-packages/airflow/example_dags/example_python_operator.py took 0.231 seconds
[2026-07-31T10:59:01.231+0000] {processor.py:161} INFO - Started process (PID=642) to work on /home/airflow/.local/lib/python3.12/site-packages/airflow/example_dags/example_python_operator.py
[2026-07-31T10:59:01.233+0000] {processor.py:830} INFO - Processing file /home/airflow/.local/lib/python3.12/site-packages/airflow/example_dags/example_python_operator.py for tasks to queue
[2026-07-31T10:59:01.236+0000] {logging_mixin.py:188} INFO - [2026-07-31T10:59:01.235+0000] {dagbag.py:545} INFO - Filling up the DagBag from /home/airflow/.local/lib/python3.12/site-packages/airflow/example_dags/example_python_operator.py
[2026-07-31T10:59:01.260+0000] {processor.py:840} INFO - DAG(s) 'example_python_operator' retrieved from /home/airflow/.local/lib/python3.12/site-packages/airflow/example_dags/example_python_operator.py
[2026-07-31T10:59:01.296+0000] {logging_mixin.py:188} INFO - [2026-07-31T10:59:01.295+0000] {dag.py:3089} INFO - Sync 1 DAGs
[2026-07-31T10:59:01.320+0000] {logging_mixin.py:188} INFO - [2026-07-31T10:59:01.319+0000] {dag.py:3947} INFO - Setting next_dagrun for example_python_operator to None, run_after=None
[2026-07-31T10:59:01.364+0000] {processor.py:183} INFO - Processing /home/airflow/.local/lib/python3.12/site-packages/airflow/example_dags/example_python_operator.py took 0.143 seconds
[2026-07-31T10:59:31.786+0000] {processor.py:161} INFO - Started process (PID=700) to work on /home/airflow/.local/lib/python3.12/site-packages/airflow/example_dags/example_python_operator.py
[2026-07-31T10:59:31.789+0000] {processor.py:830} INFO - Processing file /home/airflow/.local/lib/python3.12/site-packages/airflow/example_dags/example_python_operator.py for tasks to queue
[2026-07-31T10:59:31.793+0000] {logging_mixin.py:188} INFO - [2026-07-31T10:59:31.792+0000] {dagbag.py:545} INFO - Filling up the DagBag from /home/airflow/.local/lib/python3.12/site-packages/airflow/example_dags/example_python_operator.py
[2026-07-31T10:59:31.813+0000] {processor.py:840} INFO - DAG(s) 'example_python_operator' retrieved from /home/airflow/.local/lib/python3.12/site-packages/airflow/example_dags/example_python_operator.py
[2026-07-31T10:59:31.861+0000] {logging_mixin.py:188} INFO - [2026-07-31T10:59:31.860+0000] {dag.py:3089} INFO - Sync 1 DAGs
[2026-07-31T10:59:31.893+0000] {logging_mixin.py:188} INFO - [2026-07-31T10:59:31.892+0000] {dag.py:3947} INFO - Setting next_dagrun for example_python_operator to None, run_after=None
[2026-07-31T10:59:31.961+0000] {processor.py:183} INFO - Processing /home/airflow/.local/lib/python3.12/site-packages/airflow/example_dags/example_python_operator.py took 0.187 seconds
[2026-07-31T11:00:02.505+0000] {processor.py:161} INFO - Started process (PID=758) to work on /home/airflow/.local/lib/python3.12/site-packages/airflow/example_dags/example_python_operator.py
[2026-07-31T11:00:02.508+0000] {processor.py:830} INFO - Processing file /home/airflow/.local/lib/python3.12/site-packages/airflow/example_dags/example_python_operator.py for tasks to queue
[2026-07-31T11:00:02.516+0000] {logging_mixin.py:188} INFO - [2026-07-31T11:00:02.516+0000] {dagbag.py:545} INFO - Filling up the DagBag from /home/airflow/.local/lib/python3.12/site-packages/airflow/example_dags/example_python_operator.py
[2026-07-31T11:00:02.540+0000] {processor.py:840} INFO - DAG(s) 'example_python_operator' retrieved from /home/airflow/.local/lib/python3.12/site-packages/airflow/example_dags/example_python_operator.py
[2026-07-31T11:00:02.584+0000] {logging_mixin.py:188} INFO - [2026-07-31T11:00:02.583+0000] {dag.py:3089} INFO - Sync 1 DAGs
[2026-07-31T11:00:02.609+0000] {logging_mixin.py:188} INFO - [2026-07-31T11:00:02.608+0000] {dag.py:3947} INFO - Setting next_dagrun for example_python_operator to None, run_after=None
[2026-07-31T11:00:02.644+0000] {processor.py:183} INFO - Processing /home/airflow/.local/lib/python3.12/site-packages/airflow/example_dags/example_python_operator.py took 0.150 seconds
[2026-07-31T11:00:32.924+0000] {processor.py:161} INFO - Started process (PID=816) to work on /home/airflow/.local/lib/python3.12/site-packages/airflow/example_dags/example_python_operator.py
[2026-07-31T11:00:32.939+0000] {processor.py:830} INFO - Processing file /home/airflow/.local/lib/python3.12/site-packages/airflow/example_dags/example_python_operator.py for tasks to queue
[2026-07-31T11:00:32.961+0000] {logging_mixin.py:188} INFO - [2026-07-31T11:00:32.958+0000] {dagbag.py:545} INFO - Filling up the DagBag from /home/airflow/.local/lib/python3.12/site-packages/airflow/example_dags/example_python_operator.py
[2026-07-31T11:00:33.033+0000] {processor.py:840} INFO - DAG(s) 'example_python_operator' retrieved from /home/airflow/.local/lib/python3.12/site-packages/airflow/example_dags/example_python_operator.py
[2026-07-31T11:00:33.141+0000] {logging_mixin.py:188} INFO - [2026-07-31T11:00:33.140+0000] {dag.py:3089} INFO - Sync 1 DAGs
[2026-07-31T11:00:33.216+0000] {logging_mixin.py:188} INFO - [2026-07-31T11:00:33.215+0000] {dag.py:3947} INFO - Setting next_dagrun for example_python_operator to None, run_after=None
[2026-07-31T11:00:33.330+0000] {processor.py:183} INFO - Processing /home/airflow/.local/lib/python3.12/site-packages/airflow/example_dags/example_python_operator.py took 0.452 seconds
[2026-07-31T11:01:03.626+0000] {processor.py:161} INFO - Started process (PID=874) to work on /home/airflow/.local/lib/python3.12/site-packages/airflow/example_dags/example_python_operator.py
[2026-07-31T11:01:03.628+0000] {processor.py:830} INFO - Processing file /home/airflow/.local/lib/python3.12/site-packages/airflow/example_dags/example_python_operator.py for tasks to queue
[2026-07-31T11:01:03.632+0000] {logging_mixin.py:188} INFO - [2026-07-31T11:01:03.631+0000] {dagbag.py:545} INFO - Filling up the DagBag from /home/airflow/.local/lib/python3.12/site-packages/airflow/example_dags/example_python_operator.py
[2026-07-31T11:01:03.649+0000] {processor.py:840} INFO - DAG(s) 'example_python_operator' retrieved from /home/airflow/.local/lib/python3.12/site-packages/airflow/example_dags/example_python_operator.py
[2026-07-31T11:01:03.678+0000] {logging_mixin.py:188} INFO - [2026-07-31T11:01:03.678+0000] {dag.py:3089} INFO - Sync 1 DAGs
[2026-07-31T11:01:03.697+0000] {logging_mixin.py:188} INFO - [2026-07-31T11:01:03.697+0000] {dag.py:3947} INFO - Setting next_dagrun for example_python_operator to None, run_after=None
[2026-07-31T11:01:03.728+0000] {processor.py:183} INFO - Processing /home/airflow/.local/lib/python3.12/site-packages/airflow/example_dags/example_python_operator.py took 0.109 seconds
[2026-07-31T11:01:34.159+0000] {processor.py:161} INFO - Started process (PID=932) to work on /home/airflow/.local/lib/python3.12/site-packages/airflow/example_dags/example_python_operator.py
[2026-07-31T11:01:34.166+0000] {processor.py:830} INFO - Processing file /home/airflow/.local/lib/python3.12/site-packages/airflow/example_dags/example_python_operator.py for tasks to queue
[2026-07-31T11:01:34.180+0000] {logging_mixin.py:188} INFO - [2026-07-31T11:01:34.179+0000] {dagbag.py:545} INFO - Filling up the DagBag from /home/airflow/.local/lib/python3.12/site-packages/airflow/example_dags/example_python_operator.py
[2026-07-31T11:01:34.240+0000] {processor.py:840} INFO - DAG(s) 'example_python_operator' retrieved from /home/airflow/.local/lib/python3.12/site-packages/airflow/example_dags/example_python_operator.py
[2026-07-31T11:01:34.344+0000] {logging_mixin.py:188} INFO - [2026-07-31T11:01:34.343+0000] {dag.py:3089} INFO - Sync 1 DAGs
[2026-07-31T11:01:34.387+0000] {logging_mixin.py:188} INFO - [2026-07-31T11:01:34.386+0000] {dag.py:3947} INFO - Setting next_dagrun for example_python_operator to None, run_after=None
[2026-07-31T11:01:34.434+0000] {processor.py:183} INFO - Processing /home/airflow/.local/lib/python3.12/site-packages/airflow/example_dags/example_python_operator.py took 0.315 seconds
[2026-07-31T11:02:04.612+0000] {processor.py:161} INFO - Started process (PID=990) to work on /home/airflow/.local/lib/python3.12/site-packages/airflow/example_dags/example_python_operator.py
[2026-07-31T11:02:04.615+0000] {processor.py:830} INFO - Processing file /home/airflow/.local/lib/python3.12/site-packages/airflow/example_dags/example_python_operator.py for tasks to queue
[2026-07-31T11:02:04.620+0000] {logging_mixin.py:188} INFO - [2026-07-31T11:02:04.619+0000] {dagbag.py:545} INFO - Filling up the DagBag from /home/airflow/.local/lib/python3.12/site-packages/airflow/example_dags/example_python_operator.py
[2026-07-31T11:02:04.654+0000] {processor.py:840} INFO - DAG(s) 'example_python_operator' retrieved from /home/airflow/.local/lib/python3.12/site-packages/airflow/example_dags/example_python_operator.py
[2026-07-31T11:02:04.722+0000] {logging_mixin.py:188} INFO - [2026-07-31T11:02:04.721+0000] {dag.py:3089} INFO - Sync 1 DAGs
[2026-07-31T11:02:04.755+0000] {logging_mixin.py:188} INFO - [2026-07-31T11:02:04.755+0000] {dag.py:3947} INFO - Setting next_dagrun for example_python_operator to None, run_after=None
[2026-07-31T11:02:04.818+0000] {processor.py:183} INFO - Processing /home/airflow/.local/lib/python3.12/site-packages/airflow/example_dags/example_python_operator.py took 0.219 seconds
[2026-07-31T11:02:44.177+0000] {processor.py:161} INFO - Started process (PID=1054) to work on /home/airflow/.local/lib/python3.12/site-packages/airflow/example_dags/example_python_operator.py
[2026-07-31T11:02:44.190+0000] {processor.py:830} INFO - Processing file /home/airflow/.local/lib/python3.12/site-packages/airflow/example_dags/example_python_operator.py for tasks to queue
[2026-07-31T11:02:44.199+0000] {logging_mixin.py:188} INFO - [2026-07-31T11:02:44.197+0000] {dagbag.py:545} INFO - Filling up the DagBag from /home/airflow/.local/lib/python3.12/site-packages/airflow/example_dags/example_python_operator.py
[2026-07-31T11:02:44.323+0000] {processor.py:840} INFO - DAG(s) 'example_python_operator' retrieved from /home/airflow/.local/lib/python3.12/site-packages/airflow/example_dags/example_python_operator.py
[2026-07-31T11:02:44.606+0000] {logging_mixin.py:188} INFO - [2026-07-31T11:02:44.604+0000] {dag.py:3089} INFO - Sync 1 DAGs
[2026-07-31T11:02:44.749+0000] {logging_mixin.py:188} INFO - [2026-07-31T11:02:44.748+0000] {dag.py:3947} INFO - Setting next_dagrun for example_python_operator to None, run_after=None
[2026-07-31T11:02:44.922+0000] {processor.py:183} INFO - Processing /home/airflow/.local/lib/python3.12/site-packages/airflow/example_dags/example_python_operator.py took 0.812 seconds
[2026-07-31T11:03:15.827+0000] {processor.py:161} INFO - Started process (PID=1111) to work on /home/airflow/.local/lib/python3.12/site-packages/airflow/example_dags/example_python_operator.py
[2026-07-31T11:03:15.841+0000] {processor.py:830} INFO - Processing file /home/airflow/.local/lib/python3.12/site-packages/airflow/example_dags/example_python_operator.py for tasks to queue
[2026-07-31T11:03:15.857+0000] {logging_mixin.py:188} INFO - [2026-07-31T11:03:15.851+0000] {dagbag.py:545} INFO - Filling up the DagBag from /home/airflow/.local/lib/python3.12/site-packages/airflow/example_dags/example_python_operator.py
[2026-07-31T11:03:15.914+0000] {processor.py:840} INFO - DAG(s) 'example_python_operator' retrieved from /home/airflow/.local/lib/python3.12/site-packages/airflow/example_dags/example_python_operator.py
[2026-07-31T11:03:15.999+0000] {logging_mixin.py:188} INFO - [2026-07-31T11:03:15.998+0000] {dag.py:3089} INFO - Sync 1 DAGs
[2026-07-31T11:03:16.056+0000] {logging_mixin.py:188} INFO - [2026-07-31T11:03:16.055+0000] {dag.py:3947} INFO - Setting next_dagrun for example_python_operator to None, run_after=None
[2026-07-31T11:03:16.153+0000] {processor.py:183} INFO - Processing /home/airflow/.local/lib/python3.12/site-packages/airflow/example_dags/example_python_operator.py took 0.369 seconds
[2026-07-31T11:03:46.492+0000] {processor.py:161} INFO - Started process (PID=1169) to work on /home/airflow/.local/lib/python3.12/site-packages/airflow/example_dags/example_python_operator.py
[2026-07-31T11:03:46.495+0000] {processor.py:830} INFO - Processing file /home/airflow/.local/lib/python3.12/site-packages/airflow/example_dags/example_python_operator.py for tasks to queue
[2026-07-31T11:03:46.501+0000] {logging_mixin.py:188} INFO - [2026-07-31T11:03:46.500+0000] {dagbag.py:545} INFO - Filling up the DagBag from /home/airflow/.local/lib/python3.12/site-packages/airflow/example_dags/example_python_operator.py
[2026-07-31T11:03:46.545+0000] {processor.py:840} INFO - DAG(s) 'example_python_operator' retrieved from /home/airflow/.local/lib/python3.12/site-packages/airflow/example_dags/example_python_operator.py
[2026-07-31T11:03:46.625+0000] {logging_mixin.py:188} INFO - [2026-07-31T11:03:46.624+0000] {dag.py:3089} INFO - Sync 1 DAGs
[2026-07-31T11:03:46.670+0000] {logging_mixin.py:188} INFO - [2026-07-31T11:03:46.669+0000] {dag.py:3947} INFO - Setting next_dagrun for example_python_operator to None, run_after=None
[2026-07-31T11:03:46.731+0000] {processor.py:183} INFO - Processing /home/airflow/.local/lib/python3.12/site-packages/airflow/example_dags/example_python_operator.py took 0.258 seconds
[2026-07-31T11:04:21.764+0000] {processor.py:161} INFO - Started process (PID=1224) to work on /home/airflow/.local/lib/python3.12/site-packages/airflow/example_dags/example_python_operator.py
[2026-07-31T11:04:21.768+0000] {processor.py:830} INFO - Processing file /home/airflow/.local/lib/python3.12/site-packages/airflow/example_dags/example_python_operator.py for tasks to queue
[2026-07-31T11:04:21.776+0000] {logging_mixin.py:188} INFO - [2026-07-31T11:04:21.774+0000] {dagbag.py:545} INFO - Filling up the DagBag from /home/airflow/.local/lib/python3.12/site-packages/airflow/example_dags/example_python_operator.py
[2026-07-31T11:04:21.822+0000] {processor.py:840} INFO - DAG(s) 'example_python_operator' retrieved from /home/airflow/.local/lib/python3.12/site-packages/airflow/example_dags/example_python_operator.py
[2026-07-31T11:04:21.960+0000] {logging_mixin.py:188} INFO - [2026-07-31T11:04:21.959+0000] {dag.py:3089} INFO - Sync 1 DAGs
[2026-07-31T11:04:22.030+0000] {logging_mixin.py:188} INFO - [2026-07-31T11:04:22.029+0000] {dag.py:3947} INFO - Setting next_dagrun for example_python_operator to None, run_after=None
[2026-07-31T11:04:22.117+0000] {processor.py:183} INFO - Processing /home/airflow/.local/lib/python3.12/site-packages/airflow/example_dags/example_python_operator.py took 0.373 seconds
[2026-07-31T11:05:24.453+0000] {processor.py:161} INFO - Started process (PID=1288) to work on /home/airflow/.local/lib/python3.12/site-packages/airflow/example_dags/example_python_operator.py
[2026-07-31T11:05:24.491+0000] {processor.py:830} INFO - Processing file /home/airflow/.local/lib/python3.12/site-packages/airflow/example_dags/example_python_operator.py for tasks to queue
[2026-07-31T11:05:24.725+0000] {logging_mixin.py:188} INFO - [2026-07-31T11:05:24.698+0000] {dagbag.py:545} INFO - Filling up the DagBag from /home/airflow/.local/lib/python3.12/site-packages/airflow/example_dags/example_python_operator.py
[2026-07-31T11:05:25.404+0000] {processor.py:840} INFO - DAG(s) 'example_python_operator' retrieved from /home/airflow/.local/lib/python3.12/site-packages/airflow/example_dags/example_python_operator.py
[2026-07-31T11:05:26.120+0000] {logging_mixin.py:188} INFO - [2026-07-31T11:05:26.119+0000] {dag.py:3089} INFO - Sync 1 DAGs
[2026-07-31T11:05:26.314+0000] {logging_mixin.py:188} INFO - [2026-07-31T11:05:26.313+0000] {dag.py:3947} INFO - Setting next_dagrun for example_python_operator to None, run_after=None
[2026-07-31T11:05:26.480+0000] {processor.py:183} INFO - Processing /home/airflow/.local/lib/python3.12/site-packages/airflow/example_dags/example_python_operator.py took 2.346 seconds
[2026-07-31T11:05:59.423+0000] {processor.py:161} INFO - Started process (PID=1344) to work on /home/airflow/.local/lib/python3.12/site-packages/airflow/example_dags/example_python_operator.py
[2026-07-31T11:05:59.602+0000] {processor.py:830} INFO - Processing file /home/airflow/.local/lib/python3.12/site-packages/airflow/example_dags/example_python_operator.py for tasks to queue
[2026-07-31T11:05:59.749+0000] {logging_mixin.py:188} INFO - [2026-07-31T11:05:59.746+0000] {dagbag.py:545} INFO - Filling up the DagBag from /home/airflow/.local/lib/python3.12/site-packages/airflow/example_dags/example_python_operator.py
[2026-07-31T11:05:59.873+0000] {processor.py:840} INFO - DAG(s) 'example_python_operator' retrieved from /home/airflow/.local/lib/python3.12/site-packages/airflow/example_dags/example_python_operator.py
[2026-07-31T11:06:00.475+0000] {logging_mixin.py:188} INFO - [2026-07-31T11:06:00.472+0000] {dag.py:3089} INFO - Sync 1 DAGs
[2026-07-31T11:06:00.621+0000] {logging_mixin.py:188} INFO - [2026-07-31T11:06:00.620+0000] {dag.py:3947} INFO - Setting next_dagrun for example_python_operator to None, run_after=None
[2026-07-31T11:06:00.855+0000] {processor.py:183} INFO - Processing /home/airflow/.local/lib/python3.12/site-packages/airflow/example_dags/example_python_operator.py took 1.742 seconds
[2026-07-31T11:06:31.217+0000] {processor.py:161} INFO - Started process (PID=1401) to work on /home/airflow/.local/lib/python3.12/site-packages/airflow/example_dags/example_python_operator.py
[2026-07-31T11:06:31.224+0000] {processor.py:830} INFO - Processing file /home/airflow/.local/lib/python3.12/site-packages/airflow/example_dags/example_python_operator.py for tasks to queue
[2026-07-31T11:06:31.235+0000] {logging_mixin.py:188} INFO - [2026-07-31T11:06:31.234+0000] {dagbag.py:545} INFO - Filling up the DagBag from /home/airflow/.local/lib/python3.12/site-packages/airflow/example_dags/example_python_operator.py
[2026-07-31T11:06:31.280+0000] {processor.py:840} INFO - DAG(s) 'example_python_operator' retrieved from /home/airflow/.local/lib/python3.12/site-packages/airflow/example_dags/example_python_operator.py
[2026-07-31T11:06:31.410+0000] {logging_mixin.py:188} INFO - [2026-07-31T11:06:31.410+0000] {dag.py:3089} INFO - Sync 1 DAGs
[2026-07-31T11:06:31.457+0000] {logging_mixin.py:188} INFO - [2026-07-31T11:06:31.456+0000] {dag.py:3947} INFO - Setting next_dagrun for example_python_operator to None, run_after=None
[2026-07-31T11:06:31.525+0000] {processor.py:183} INFO - Processing /home/airflow/.local/lib/python3.12/site-packages/airflow/example_dags/example_python_operator.py took 0.325 seconds
[2026-07-31T11:07:02.451+0000] {processor.py:161} INFO - Started process (PID=1460) to work on /home/airflow/.local/lib/python3.12/site-packages/airflow/example_dags/example_python_operator.py
[2026-07-31T11:07:02.453+0000] {processor.py:830} INFO - Processing file /home/airflow/.local/lib/python3.12/site-packages/airflow/example_dags/example_python_operator.py for tasks to queue
[2026-07-31T11:07:02.459+0000] {logging_mixin.py:188} INFO - [2026-07-31T11:07:02.458+0000] {dagbag.py:545} INFO - Filling up the DagBag from /home/airflow/.local/lib/python3.12/site-packages/airflow/example_dags/example_python_operator.py
[2026-07-31T11:07:02.486+0000] {processor.py:840} INFO - DAG(s) 'example_python_operator' retrieved from /home/airflow/.local/lib/python3.12/site-packages/airflow/example_dags/example_python_operator.py
[2026-07-31T11:07:02.537+0000] {logging_mixin.py:188} INFO - [2026-07-31T11:07:02.536+0000] {dag.py:3089} INFO - Sync 1 DAGs
[2026-07-31T11:07:02.568+0000] {logging_mixin.py:188} INFO - [2026-07-31T11:07:02.567+0000] {dag.py:3947} INFO - Setting next_dagrun for example_python_operator to None, run_after=None
[2026-07-31T11:07:02.620+0000] {processor.py:183} INFO - Processing /home/airflow/.local/lib/python3.12/site-packages/airflow/example_dags/example_python_operator.py took 0.184 seconds
[2026-07-31T11:08:13.894+0000] {processor.py:161} INFO - Started process (PID=1501) to work on /home/airflow/.local/lib/python3.12/site-packages/airflow/example_dags/example_python_operator.py
[2026-07-31T11:08:13.898+0000] {processor.py:830} INFO - Processing file /home/airflow/.local/lib/python3.12/site-packages/airflow/example_dags/example_python_operator.py for tasks to queue
[2026-07-31T11:08:13.909+0000] {logging_mixin.py:188} INFO - [2026-07-31T11:08:13.908+0000] {dagbag.py:545} INFO - Filling up the DagBag from /home/airflow/.local/lib/python3.12/site-packages/airflow/example_dags/example_python_operator.py
[2026-07-31T11:08:13.981+0000] {processor.py:840} INFO - DAG(s) 'example_python_operator' retrieved from /home/airflow/.local/lib/python3.12/site-packages/airflow/example_dags/example_python_operator.py
[2026-07-31T11:08:14.113+0000] {logging_mixin.py:188} INFO - [2026-07-31T11:08:14.112+0000] {dag.py:3089} INFO - Sync 1 DAGs
[2026-07-31T11:08:14.200+0000] {logging_mixin.py:188} INFO - [2026-07-31T11:08:14.199+0000] {dag.py:3947} INFO - Setting next_dagrun for example_python_operator to None, run_after=None
[2026-07-31T11:08:14.314+0000] {processor.py:183} INFO - Processing /home/airflow/.local/lib/python3.12/site-packages/airflow/example_dags/example_python_operator.py took 0.464 seconds
[2026-07-31T11:08:48.451+0000] {processor.py:161} INFO - Started process (PID=1561) to work on /home/airflow/.local/lib/python3.12/site-packages/airflow/example_dags/example_python_operator.py
[2026-07-31T11:08:48.461+0000] {processor.py:830} INFO - Processing file /home/airflow/.local/lib/python3.12/site-packages/airflow/example_dags/example_python_operator.py for tasks to queue
[2026-07-31T11:08:48.481+0000] {logging_mixin.py:188} INFO - [2026-07-31T11:08:48.479+0000] {dagbag.py:545} INFO - Filling up the DagBag from /home/airflow/.local/lib/python3.12/site-packages/airflow/example_dags/example_python_operator.py
[2026-07-31T11:08:48.607+0000] {processor.py:840} INFO - DAG(s) 'example_python_operator' retrieved from /home/airflow/.local/lib/python3.12/site-packages/airflow/example_dags/example_python_operator.py
[2026-07-31T11:08:48.832+0000] {logging_mixin.py:188} INFO - [2026-07-31T11:08:48.831+0000] {dag.py:3089} INFO - Sync 1 DAGs
[2026-07-31T11:08:48.983+0000] {logging_mixin.py:188} INFO - [2026-07-31T11:08:48.974+0000] {dag.py:3947} INFO - Setting next_dagrun for example_python_operator to None, run_after=None
[2026-07-31T11:08:49.197+0000] {processor.py:183} INFO - Processing /home/airflow/.local/lib/python3.12/site-packages/airflow/example_dags/example_python_operator.py took 0.797 seconds
[2026-07-31T11:09:41.096+0000] {processor.py:161} INFO - Started process (PID=1601) to work on /home/airflow/.local/lib/python3.12/site-packages/airflow/example_dags/example_python_operator.py
[2026-07-31T11:09:41.109+0000] {processor.py:830} INFO - Processing file /home/airflow/.local/lib/python3.12/site-packages/airflow/example_dags/example_python_operator.py for tasks to queue
[2026-07-31T11:09:41.119+0000] {logging_mixin.py:188} INFO - [2026-07-31T11:09:41.118+0000] {dagbag.py:545} INFO - Filling up the DagBag from /home/airflow/.local/lib/python3.12/site-packages/airflow/example_dags/example_python_operator.py
[2026-07-31T11:09:41.231+0000] {processor.py:840} INFO - DAG(s) 'example_python_operator' retrieved from /home/airflow/.local/lib/python3.12/site-packages/airflow/example_dags/example_python_operator.py
[2026-07-31T11:09:41.389+0000] {logging_mixin.py:188} INFO - [2026-07-31T11:09:41.388+0000] {dag.py:3089} INFO - Sync 1 DAGs
[2026-07-31T11:09:41.475+0000] {logging_mixin.py:188} INFO - [2026-07-31T11:09:41.474+0000] {dag.py:3947} INFO - Setting next_dagrun for example_python_operator to None, run_after=None
[2026-07-31T11:09:42.724+0000] {processor.py:183} INFO - Processing /home/airflow/.local/lib/python3.12/site-packages/airflow/example_dags/example_python_operator.py took 1.740 seconds
[2026-07-31T11:10:31.205+0000] {processor.py:161} INFO - Started process (PID=1662) to work on /home/airflow/.local/lib/python3.12/site-packages/airflow/example_dags/example_python_operator.py
[2026-07-31T11:10:31.209+0000] {processor.py:830} INFO - Processing file /home/airflow/.local/lib/python3.12/site-packages/airflow/example_dags/example_python_operator.py for tasks to queue
[2026-07-31T11:10:31.220+0000] {logging_mixin.py:188} INFO - [2026-07-31T11:10:31.219+0000] {dagbag.py:545} INFO - Filling up the DagBag from /home/airflow/.local/lib/python3.12/site-packages/airflow/example_dags/example_python_operator.py
[2026-07-31T11:10:31.318+0000] {processor.py:840} INFO - DAG(s) 'example_python_operator' retrieved from /home/airflow/.local/lib/python3.12/site-packages/airflow/example_dags/example_python_operator.py
[2026-07-31T11:10:31.496+0000] {logging_mixin.py:188} INFO - [2026-07-31T11:10:31.495+0000] {dag.py:3089} INFO - Sync 1 DAGs
[2026-07-31T11:10:31.599+0000] {logging_mixin.py:188} INFO - [2026-07-31T11:10:31.598+0000] {dag.py:3947} INFO - Setting next_dagrun for example_python_operator to None, run_after=None
[2026-07-31T11:10:31.721+0000] {processor.py:183} INFO - Processing /home/airflow/.local/lib/python3.12/site-packages/airflow/example_dags/example_python_operator.py took 0.547 seconds
[2026-07-31T11:11:28.229+0000] {processor.py:161} INFO - Started process (PID=1720) to work on /home/airflow/.local/lib/python3.12/site-packages/airflow/example_dags/example_python_operator.py
[2026-07-31T11:11:28.243+0000] {processor.py:830} INFO - Processing file /home/airflow/.local/lib/python3.12/site-packages/airflow/example_dags/example_python_operator.py for tasks to queue
[2026-07-31T11:11:28.253+0000] {logging_mixin.py:188} INFO - [2026-07-31T11:11:28.251+0000] {dagbag.py:545} INFO - Filling up the DagBag from /home/airflow/.local/lib/python3.12/site-packages/airflow/example_dags/example_python_operator.py
[2026-07-31T11:11:28.441+0000] {processor.py:840} INFO - DAG(s) 'example_python_operator' retrieved from /home/airflow/.local/lib/python3.12/site-packages/airflow/example_dags/example_python_operator.py
[2026-07-31T11:11:28.674+0000] {logging_mixin.py:188} INFO - [2026-07-31T11:11:28.671+0000] {dag.py:3089} INFO - Sync 1 DAGs
[2026-07-31T11:11:28.845+0000] {logging_mixin.py:188} INFO - [2026-07-31T11:11:28.844+0000] {dag.py:3947} INFO - Setting next_dagrun for example_python_operator to None, run_after=None
[2026-07-31T11:11:29.377+0000] {processor.py:183} INFO - Processing /home/airflow/.local/lib/python3.12/site-packages/airflow/example_dags/example_python_operator.py took 1.190 seconds
[2026-07-31T11:12:18.297+0000] {processor.py:161} INFO - Started process (PID=1781) to work on /home/airflow/.local/lib/python3.12/site-packages/airflow/example_dags/example_python_operator.py
[2026-07-31T11:12:18.302+0000] {processor.py:830} INFO - Processing file /home/airflow/.local/lib/python3.12/site-packages/airflow/example_dags/example_python_operator.py for tasks to queue
[2026-07-31T11:12:18.316+0000] {logging_mixin.py:188} INFO - [2026-07-31T11:12:18.315+0000] {dagbag.py:545} INFO - Filling up the DagBag from /home/airflow/.local/lib/python3.12/site-packages/airflow/example_dags/example_python_operator.py
[2026-07-31T11:12:18.389+0000] {processor.py:840} INFO - DAG(s) 'example_python_operator' retrieved from /home/airflow/.local/lib/python3.12/site-packages/airflow/example_dags/example_python_operator.py
[2026-07-31T11:12:18.468+0000] {logging_mixin.py:188} INFO - [2026-07-31T11:12:18.468+0000] {dag.py:3089} INFO - Sync 1 DAGs
[2026-07-31T11:12:18.522+0000] {logging_mixin.py:188} INFO - [2026-07-31T11:12:18.519+0000] {dag.py:3947} INFO - Setting next_dagrun for example_python_operator to None, run_after=None
[2026-07-31T11:12:18.606+0000] {processor.py:183} INFO - Processing /home/airflow/.local/lib/python3.12/site-packages/airflow/example_dags/example_python_operator.py took 0.354 seconds
[2026-07-31T11:12:50.525+0000] {processor.py:161} INFO - Started process (PID=1832) to work on /home/airflow/.local/lib/python3.12/site-packages/airflow/example_dags/example_python_operator.py
[2026-07-31T11:12:50.540+0000] {processor.py:830} INFO - Processing file /home/airflow/.local/lib/python3.12/site-packages/airflow/example_dags/example_python_operator.py for tasks to queue
[2026-07-31T11:12:50.556+0000] {logging_mixin.py:188} INFO - [2026-07-31T11:12:50.555+0000] {dagbag.py:545} INFO - Filling up the DagBag from /home/airflow/.local/lib/python3.12/site-packages/airflow/example_dags/example_python_operator.py
[2026-07-31T11:12:50.665+0000] {processor.py:840} INFO - DAG(s) 'example_python_operator' retrieved from /home/airflow/.local/lib/python3.12/site-packages/airflow/example_dags/example_python_operator.py
[2026-07-31T11:12:50.924+0000] {logging_mixin.py:188} INFO - [2026-07-31T11:12:50.923+0000] {dag.py:3089} INFO - Sync 1 DAGs
[2026-07-31T11:12:51.023+0000] {logging_mixin.py:188} INFO - [2026-07-31T11:12:51.022+0000] {dag.py:3947} INFO - Setting next_dagrun for example_python_operator to None, run_after=None
[2026-07-31T11:12:51.138+0000] {processor.py:183} INFO - Processing /home/airflow/.local/lib/python3.12/site-packages/airflow/example_dags/example_python_operator.py took 0.684 seconds
[2026-07-31T11:13:23.337+0000] {processor.py:161} INFO - Started process (PID=1891) to work on /home/airflow/.local/lib/python3.12/site-packages/airflow/example_dags/example_python_operator.py
[2026-07-31T11:13:23.345+0000] {processor.py:830} INFO - Processing file /home/airflow/.local/lib/python3.12/site-packages/airflow/example_dags/example_python_operator.py for tasks to queue
[2026-07-31T11:13:23.361+0000] {logging_mixin.py:188} INFO - [2026-07-31T11:13:23.360+0000] {dagbag.py:545} INFO - Filling up the DagBag from /home/airflow/.local/lib/python3.12/site-packages/airflow/example_dags/example_python_operator.py
[2026-07-31T11:13:23.469+0000] {processor.py:840} INFO - DAG(s) 'example_python_operator' retrieved from /home/airflow/.local/lib/python3.12/site-packages/airflow/example_dags/example_python_operator.py
[2026-07-31T11:13:23.719+0000] {logging_mixin.py:188} INFO - [2026-07-31T11:13:23.718+0000] {dag.py:3089} INFO - Sync 1 DAGs
[2026-07-31T11:13:23.893+0000] {logging_mixin.py:188} INFO - [2026-07-31T11:13:23.892+0000] {dag.py:3947} INFO - Setting next_dagrun for example_python_operator to None, run_after=None
[2026-07-31T11:13:24.136+0000] {processor.py:183} INFO - Processing /home/airflow/.local/lib/python3.12/site-packages/airflow/example_dags/example_python_operator.py took 0.845 seconds
[2026-07-31T11:14:07.813+0000] {processor.py:161} INFO - Started process (PID=1950) to work on /home/airflow/.local/lib/python3.12/site-packages/airflow/example_dags/example_python_operator.py
[2026-07-31T11:14:07.819+0000] {processor.py:830} INFO - Processing file /home/airflow/.local/lib/python3.12/site-packages/airflow/example_dags/example_python_operator.py for tasks to queue
[2026-07-31T11:14:07.826+0000] {logging_mixin.py:188} INFO - [2026-07-31T11:14:07.825+0000] {dagbag.py:545} INFO - Filling up the DagBag from /home/airflow/.local/lib/python3.12/site-packages/airflow/example_dags/example_python_operator.py
[2026-07-31T11:14:07.895+0000] {processor.py:840} INFO - DAG(s) 'example_python_operator' retrieved from /home/airflow/.local/lib/python3.12/site-packages/airflow/example_dags/example_python_operator.py
[2026-07-31T11:14:08.006+0000] {logging_mixin.py:188} INFO - [2026-07-31T11:14:08.005+0000] {dag.py:3089} INFO - Sync 1 DAGs
[2026-07-31T11:14:08.064+0000] {logging_mixin.py:188} INFO - [2026-07-31T11:14:08.063+0000] {dag.py:3947} INFO - Setting next_dagrun for example_python_operator to None, run_after=None
[2026-07-31T11:14:08.145+0000] {processor.py:183} INFO - Processing /home/airflow/.local/lib/python3.12/site-packages/airflow/example_dags/example_python_operator.py took 0.367 seconds
[2026-07-31T11:14:40.772+0000] {processor.py:161} INFO - Started process (PID=2008) to work on /home/airflow/.local/lib/python3.12/site-packages/airflow/example_dags/example_python_operator.py
[2026-07-31T11:14:40.779+0000] {processor.py:830} INFO - Processing file /home/airflow/.local/lib/python3.12/site-packages/airflow/example_dags/example_python_operator.py for tasks to queue
[2026-07-31T11:14:40.790+0000] {logging_mixin.py:188} INFO - [2026-07-31T11:14:40.788+0000] {dagbag.py:545} INFO - Filling up the DagBag from /home/airflow/.local/lib/python3.12/site-packages/airflow/example_dags/example_python_operator.py
[2026-07-31T11:14:40.894+0000] {processor.py:840} INFO - DAG(s) 'example_python_operator' retrieved from /home/airflow/.local/lib/python3.12/site-packages/airflow/example_dags/example_python_operator.py
[2026-07-31T11:14:41.032+0000] {logging_mixin.py:188} INFO - [2026-07-31T11:14:41.031+0000] {dag.py:3089} INFO - Sync 1 DAGs
[2026-07-31T11:14:41.141+0000] {logging_mixin.py:188} INFO - [2026-07-31T11:14:41.139+0000] {dag.py:3947} INFO - Setting next_dagrun for example_python_operator to None, run_after=None
[2026-07-31T11:14:41.208+0000] {processor.py:183} INFO - Processing /home/airflow/.local/lib/python3.12/site-packages/airflow/example_dags/example_python_operator.py took 0.471 seconds
[2026-07-31T11:15:12.068+0000] {processor.py:161} INFO - Started process (PID=2066) to work on /home/airflow/.local/lib/python3.12/site-packages/airflow/example_dags/example_python_operator.py
[2026-07-31T11:15:12.078+0000] {processor.py:830} INFO - Processing file /home/airflow/.local/lib/python3.12/site-packages/airflow/example_dags/example_python_operator.py for tasks to queue
[2026-07-31T11:15:12.101+0000] {logging_mixin.py:188} INFO - [2026-07-31T11:15:12.099+0000] {dagbag.py:545} INFO - Filling up the DagBag from /home/airflow/.local/lib/python3.12/site-packages/airflow/example_dags/example_python_operator.py
[2026-07-31T11:15:12.217+0000] {processor.py:840} INFO - DAG(s) 'example_python_operator' retrieved from /home/airflow/.local/lib/python3.12/site-packages/airflow/example_dags/example_python_operator.py
[2026-07-31T11:15:12.391+0000] {logging_mixin.py:188} INFO - [2026-07-31T11:15:12.390+0000] {dag.py:3089} INFO - Sync 1 DAGs
[2026-07-31T11:15:12.474+0000] {logging_mixin.py:188} INFO - [2026-07-31T11:15:12.473+0000] {dag.py:3947} INFO - Setting next_dagrun for example_python_operator to None, run_after=None
[2026-07-31T11:15:12.613+0000] {processor.py:183} INFO - Processing /home/airflow/.local/lib/python3.12/site-packages/airflow/example_dags/example_python_operator.py took 0.640 seconds
[2026-07-31T11:15:43.540+0000] {processor.py:161} INFO - Started process (PID=2123) to work on /home/airflow/.local/lib/python3.12/site-packages/airflow/example_dags/example_python_operator.py
[2026-07-31T11:15:43.544+0000] {processor.py:830} INFO - Processing file /home/airflow/.local/lib/python3.12/site-packages/airflow/example_dags/example_python_operator.py for tasks to queue
[2026-07-31T11:15:43.551+0000] {logging_mixin.py:188} INFO - [2026-07-31T11:15:43.550+0000] {dagbag.py:545} INFO - Filling up the DagBag from /home/airflow/.local/lib/python3.12/site-packages/airflow/example_dags/example_python_operator.py
[2026-07-31T11:15:43.590+0000] {processor.py:840} INFO - DAG(s) 'example_python_operator' retrieved from /home/airflow/.local/lib/python3.12/site-packages/airflow/example_dags/example_python_operator.py
[2026-07-31T11:15:43.660+0000] {logging_mixin.py:188} INFO - [2026-07-31T11:15:43.659+0000] {dag.py:3089} INFO - Sync 1 DAGs
[2026-07-31T11:15:43.711+0000] {logging_mixin.py:188} INFO - [2026-07-31T11:15:43.710+0000] {dag.py:3947} INFO - Setting next_dagrun for example_python_operator to None, run_after=None
[2026-07-31T11:15:43.772+0000] {processor.py:183} INFO - Processing /home/airflow/.local/lib/python3.12/site-packages/airflow/example_dags/example_python_operator.py took 0.255 seconds
[2026-07-31T11:16:14.759+0000] {processor.py:161} INFO - Started process (PID=2181) to work on /home/airflow/.local/lib/python3.12/site-packages/airflow/example_dags/example_python_operator.py
[2026-07-31T11:16:14.762+0000] {processor.py:830} INFO - Processing file /home/airflow/.local/lib/python3.12/site-packages/airflow/example_dags/example_python_operator.py for tasks to queue
[2026-07-31T11:16:14.767+0000] {logging_mixin.py:188} INFO - [2026-07-31T11:16:14.766+0000] {dagbag.py:545} INFO - Filling up the DagBag from /home/airflow/.local/lib/python3.12/site-packages/airflow/example_dags/example_python_operator.py
[2026-07-31T11:16:14.798+0000] {processor.py:840} INFO - DAG(s) 'example_python_operator' retrieved from /home/airflow/.local/lib/python3.12/site-packages/airflow/example_dags/example_python_operator.py
[2026-07-31T11:16:14.855+0000] {logging_mixin.py:188} INFO - [2026-07-31T11:16:14.854+0000] {dag.py:3089} INFO - Sync 1 DAGs
[2026-07-31T11:16:14.898+0000] {logging_mixin.py:188} INFO - [2026-07-31T11:16:14.897+0000] {dag.py:3947} INFO - Setting next_dagrun for example_python_operator to None, run_after=None
[2026-07-31T11:16:14.962+0000] {processor.py:183} INFO - Processing /home/airflow/.local/lib/python3.12/site-packages/airflow/example_dags/example_python_operator.py took 0.224 seconds
[2026-07-31T11:16:46.443+0000] {processor.py:161} INFO - Started process (PID=2239) to work on /home/airflow/.local/lib/python3.12/site-packages/airflow/example_dags/example_python_operator.py
[2026-07-31T11:16:46.453+0000] {processor.py:830} INFO - Processing file /home/airflow/.local/lib/python3.12/site-packages/airflow/example_dags/example_python_operator.py for tasks to queue
[2026-07-31T11:16:46.470+0000] {logging_mixin.py:188} INFO - [2026-07-31T11:16:46.469+0000] {dagbag.py:545} INFO - Filling up the DagBag from /home/airflow/.local/lib/python3.12/site-packages/airflow/example_dags/example_python_operator.py
[2026-07-31T11:16:46.535+0000] {processor.py:840} INFO - DAG(s) 'example_python_operator' retrieved from /home/airflow/.local/lib/python3.12/site-packages/airflow/example_dags/example_python_operator.py
[2026-07-31T11:16:46.669+0000] {logging_mixin.py:188} INFO - [2026-07-31T11:16:46.668+0000] {dag.py:3089} INFO - Sync 1 DAGs
[2026-07-31T11:16:46.751+0000] {logging_mixin.py:188} INFO - [2026-07-31T11:16:46.750+0000] {dag.py:3947} INFO - Setting next_dagrun for example_python_operator to None, run_after=None
[2026-07-31T11:16:46.847+0000] {processor.py:183} INFO - Processing /home/airflow/.local/lib/python3.12/site-packages/airflow/example_dags/example_python_operator.py took 0.431 seconds
[2026-07-31T11:17:21.568+0000] {processor.py:161} INFO - Started process (PID=2299) to work on /home/airflow/.local/lib/python3.12/site-packages/airflow/example_dags/example_python_operator.py
[2026-07-31T11:17:21.594+0000] {processor.py:830} INFO - Processing file /home/airflow/.local/lib/python3.12/site-packages/airflow/example_dags/example_python_operator.py for tasks to queue
[2026-07-31T11:17:21.604+0000] {logging_mixin.py:188} INFO - [2026-07-31T11:17:21.603+0000] {dagbag.py:545} INFO - Filling up the DagBag from /home/airflow/.local/lib/python3.12/site-packages/airflow/example_dags/example_python_operator.py
[2026-07-31T11:17:21.699+0000] {processor.py:840} INFO - DAG(s) 'example_python_operator' retrieved from /home/airflow/.local/lib/python3.12/site-packages/airflow/example_dags/example_python_operator.py
[2026-07-31T11:17:21.962+0000] {logging_mixin.py:188} INFO - [2026-07-31T11:17:21.961+0000] {dag.py:3089} INFO - Sync 1 DAGs
[2026-07-31T11:17:22.093+0000] {logging_mixin.py:188} INFO - [2026-07-31T11:17:22.093+0000] {dag.py:3947} INFO - Setting next_dagrun for example_python_operator to None, run_after=None
[2026-07-31T11:17:22.324+0000] {processor.py:183} INFO - Processing /home/airflow/.local/lib/python3.12/site-packages/airflow/example_dags/example_python_operator.py took 0.780 seconds
[2026-07-31T11:18:01.924+0000] {processor.py:161} INFO - Started process (PID=2361) to work on /home/airflow/.local/lib/python3.12/site-packages/airflow/example_dags/example_python_operator.py
[2026-07-31T11:18:01.944+0000] {processor.py:830} INFO - Processing file /home/airflow/.local/lib/python3.12/site-packages/airflow/example_dags/example_python_operator.py for tasks to queue
[2026-07-31T11:18:01.958+0000] {logging_mixin.py:188} INFO - [2026-07-31T11:18:01.955+0000] {dagbag.py:545} INFO - Filling up the DagBag from /home/airflow/.local/lib/python3.12/site-packages/airflow/example_dags/example_python_operator.py
[2026-07-31T11:18:02.024+0000] {processor.py:840} INFO - DAG(s) 'example_python_operator' retrieved from /home/airflow/.local/lib/python3.12/site-packages/airflow/example_dags/example_python_operator.py
[2026-07-31T11:18:02.119+0000] {logging_mixin.py:188} INFO - [2026-07-31T11:18:02.119+0000] {dag.py:3089} INFO - Sync 1 DAGs
[2026-07-31T11:18:02.195+0000] {logging_mixin.py:188} INFO - [2026-07-31T11:18:02.194+0000] {dag.py:3947} INFO - Setting next_dagrun for example_python_operator to None, run_after=None
[2026-07-31T11:18:02.321+0000] {processor.py:183} INFO - Processing /home/airflow/.local/lib/python3.12/site-packages/airflow/example_dags/example_python_operator.py took 0.473 seconds
[2026-07-31T11:18:32.550+0000] {processor.py:161} INFO - Started process (PID=2418) to work on /home/airflow/.local/lib/python3.12/site-packages/airflow/example_dags/example_python_operator.py
[2026-07-31T11:18:32.553+0000] {processor.py:830} INFO - Processing file /home/airflow/.local/lib/python3.12/site-packages/airflow/example_dags/example_python_operator.py for tasks to queue
[2026-07-31T11:18:32.558+0000] {logging_mixin.py:188} INFO - [2026-07-31T11:18:32.557+0000] {dagbag.py:545} INFO - Filling up the DagBag from /home/airflow/.local/lib/python3.12/site-packages/airflow/example_dags/example_python_operator.py
[2026-07-31T11:18:32.591+0000] {processor.py:840} INFO - DAG(s) 'example_python_operator' retrieved from /home/airflow/.local/lib/python3.12/site-packages/airflow/example_dags/example_python_operator.py
[2026-07-31T11:18:32.655+0000] {logging_mixin.py:188} INFO - [2026-07-31T11:18:32.654+0000] {dag.py:3089} INFO - Sync 1 DAGs
[2026-07-31T11:18:32.706+0000] {logging_mixin.py:188} INFO - [2026-07-31T11:18:32.705+0000] {dag.py:3947} INFO - Setting next_dagrun for example_python_operator to None, run_after=None
[2026-07-31T11:18:32.769+0000] {processor.py:183} INFO - Processing /home/airflow/.local/lib/python3.12/site-packages/airflow/example_dags/example_python_operator.py took 0.246 seconds
[2026-07-31T11:19:03.206+0000] {processor.py:161} INFO - Started process (PID=2475) to work on /home/airflow/.local/lib/python3.12/site-packages/airflow/example_dags/example_python_operator.py
[2026-07-31T11:19:03.209+0000] {processor.py:830} INFO - Processing file /home/airflow/.local/lib/python3.12/site-packages/airflow/example_dags/example_python_operator.py for tasks to queue
[2026-07-31T11:19:03.216+0000] {logging_mixin.py:188} INFO - [2026-07-31T11:19:03.214+0000] {dagbag.py:545} INFO - Filling up the DagBag from /home/airflow/.local/lib/python3.12/site-packages/airflow/example_dags/example_python_operator.py
[2026-07-31T11:19:03.268+0000] {processor.py:840} INFO - DAG(s) 'example_python_operator' retrieved from /home/airflow/.local/lib/python3.12/site-packages/airflow/example_dags/example_python_operator.py
[2026-07-31T11:19:03.376+0000] {logging_mixin.py:188} INFO - [2026-07-31T11:19:03.376+0000] {dag.py:3089} INFO - Sync 1 DAGs
[2026-07-31T11:19:03.457+0000] {logging_mixin.py:188} INFO - [2026-07-31T11:19:03.456+0000] {dag.py:3947} INFO - Setting next_dagrun for example_python_operator to None, run_after=None
[2026-07-31T11:19:03.575+0000] {processor.py:183} INFO - Processing /home/airflow/.local/lib/python3.12/site-packages/airflow/example_dags/example_python_operator.py took 0.398 seconds
[2026-07-31T11:19:34.786+0000] {processor.py:161} INFO - Started process (PID=2534) to work on /home/airflow/.local/lib/python3.12/site-packages/airflow/example_dags/example_python_operator.py
[2026-07-31T11:19:34.792+0000] {processor.py:830} INFO - Processing file /home/airflow/.local/lib/python3.12/site-packages/airflow/example_dags/example_python_operator.py for tasks to queue
[2026-07-31T11:19:34.799+0000] {logging_mixin.py:188} INFO - [2026-07-31T11:19:34.796+0000] {dagbag.py:545} INFO - Filling up the DagBag from /home/airflow/.local/lib/python3.12/site-packages/airflow/example_dags/example_python_operator.py
[2026-07-31T11:19:34.863+0000] {processor.py:840} INFO - DAG(s) 'example_python_operator' retrieved from /home/airflow/.local/lib/python3.12/site-packages/airflow/example_dags/example_python_operator.py
[2026-07-31T11:19:35.056+0000] {logging_mixin.py:188} INFO - [2026-07-31T11:19:35.046+0000] {dag.py:3089} INFO - Sync 1 DAGs
[2026-07-31T11:19:35.243+0000] {logging_mixin.py:188} INFO - [2026-07-31T11:19:35.242+0000] {dag.py:3947} INFO - Setting next_dagrun for example_python_operator to None, run_after=None
[2026-07-31T11:19:35.405+0000] {processor.py:183} INFO - Processing /home/airflow/.local/lib/python3.12/site-packages/airflow/example_dags/example_python_operator.py took 0.657 seconds
[2026-07-31T11:20:07.964+0000] {processor.py:161} INFO - Started process (PID=2586) to work on /home/airflow/.local/lib/python3.12/site-packages/airflow/example_dags/example_python_operator.py
[2026-07-31T11:20:07.979+0000] {processor.py:830} INFO - Processing file /home/airflow/.local/lib/python3.12/site-packages/airflow/example_dags/example_python_operator.py for tasks to queue
[2026-07-31T11:20:07.997+0000] {logging_mixin.py:188} INFO - [2026-07-31T11:20:07.996+0000] {dagbag.py:545} INFO - Filling up the DagBag from /home/airflow/.local/lib/python3.12/site-packages/airflow/example_dags/example_python_operator.py
[2026-07-31T11:20:08.075+0000] {processor.py:840} INFO - DAG(s) 'example_python_operator' retrieved from /home/airflow/.local/lib/python3.12/site-packages/airflow/example_dags/example_python_operator.py
[2026-07-31T11:20:08.410+0000] {logging_mixin.py:188} INFO - [2026-07-31T11:20:08.407+0000] {dag.py:3089} INFO - Sync 1 DAGs
[2026-07-31T11:20:09.211+0000] {logging_mixin.py:188} INFO - [2026-07-31T11:20:09.209+0000] {dag.py:3947} INFO - Setting next_dagrun for example_python_operator to None, run_after=None
[2026-07-31T11:20:09.498+0000] {processor.py:183} INFO - Processing /home/airflow/.local/lib/python3.12/site-packages/airflow/example_dags/example_python_operator.py took 1.611 seconds
[2026-07-31T11:20:45.270+0000] {processor.py:161} INFO - Started process (PID=2643) to work on /home/airflow/.local/lib/python3.12/site-packages/airflow/example_dags/example_python_operator.py
[2026-07-31T11:20:45.284+0000] {processor.py:830} INFO - Processing file /home/airflow/.local/lib/python3.12/site-packages/airflow/example_dags/example_python_operator.py for tasks to queue
[2026-07-31T11:20:45.302+0000] {logging_mixin.py:188} INFO - [2026-07-31T11:20:45.296+0000] {dagbag.py:545} INFO - Filling up the DagBag from /home/airflow/.local/lib/python3.12/site-packages/airflow/example_dags/example_python_operator.py
[2026-07-31T11:20:45.643+0000] {processor.py:840} INFO - DAG(s) 'example_python_operator' retrieved from /home/airflow/.local/lib/python3.12/site-packages/airflow/example_dags/example_python_operator.py
[2026-07-31T11:20:46.064+0000] {logging_mixin.py:188} INFO - [2026-07-31T11:20:46.063+0000] {dag.py:3089} INFO - Sync 1 DAGs
[2026-07-31T11:20:46.227+0000] {logging_mixin.py:188} INFO - [2026-07-31T11:20:46.226+0000] {dag.py:3947} INFO - Setting next_dagrun for example_python_operator to None, run_after=None
[2026-07-31T11:20:46.341+0000] {processor.py:183} INFO - Processing /home/airflow/.local/lib/python3.12/site-packages/airflow/example_dags/example_python_operator.py took 1.134 seconds
[2026-07-31T11:21:16.441+0000] {processor.py:161} INFO - Started process (PID=2699) to work on /home/airflow/.local/lib/python3.12/site-packages/airflow/example_dags/example_python_operator.py
[2026-07-31T11:21:16.444+0000] {processor.py:830} INFO - Processing file /home/airflow/.local/lib/python3.12/site-packages/airflow/example_dags/example_python_operator.py for tasks to queue
[2026-07-31T11:21:16.450+0000] {logging_mixin.py:188} INFO - [2026-07-31T11:21:16.449+0000] {dagbag.py:545} INFO - Filling up the DagBag from /home/airflow/.local/lib/python3.12/site-packages/airflow/example_dags/example_python_operator.py
[2026-07-31T11:21:16.474+0000] {processor.py:840} INFO - DAG(s) 'example_python_operator' retrieved from /home/airflow/.local/lib/python3.12/site-packages/airflow/example_dags/example_python_operator.py
[2026-07-31T11:21:16.525+0000] {logging_mixin.py:188} INFO - [2026-07-31T11:21:16.525+0000] {dag.py:3089} INFO - Sync 1 DAGs
[2026-07-31T11:21:16.566+0000] {logging_mixin.py:188} INFO - [2026-07-31T11:21:16.566+0000] {dag.py:3947} INFO - Setting next_dagrun for example_python_operator to None, run_after=None
[2026-07-31T11:21:16.644+0000] {processor.py:183} INFO - Processing /home/airflow/.local/lib/python3.12/site-packages/airflow/example_dags/example_python_operator.py took 0.220 seconds
[2026-07-31T11:21:47.277+0000] {processor.py:161} INFO - Started process (PID=2758) to work on /home/airflow/.local/lib/python3.12/site-packages/airflow/example_dags/example_python_operator.py
[2026-07-31T11:21:47.280+0000] {processor.py:830} INFO - Processing file /home/airflow/.local/lib/python3.12/site-packages/airflow/example_dags/example_python_operator.py for tasks to queue
[2026-07-31T11:21:47.285+0000] {logging_mixin.py:188} INFO - [2026-07-31T11:21:47.284+0000] {dagbag.py:545} INFO - Filling up the DagBag from /home/airflow/.local/lib/python3.12/site-packages/airflow/example_dags/example_python_operator.py
[2026-07-31T11:21:47.309+0000] {processor.py:840} INFO - DAG(s) 'example_python_operator' retrieved from /home/airflow/.local/lib/python3.12/site-packages/airflow/example_dags/example_python_operator.py
[2026-07-31T11:21:47.356+0000] {logging_mixin.py:188} INFO - [2026-07-31T11:21:47.355+0000] {dag.py:3089} INFO - Sync 1 DAGs
[2026-07-31T11:21:47.382+0000] {logging_mixin.py:188} INFO - [2026-07-31T11:21:47.381+0000] {dag.py:3947} INFO - Setting next_dagrun for example_python_operator to None, run_after=None
[2026-07-31T11:21:47.426+0000] {processor.py:183} INFO - Processing /home/airflow/.local/lib/python3.12/site-packages/airflow/example_dags/example_python_operator.py took 0.163 seconds
[2026-07-31T11:22:18.116+0000] {processor.py:161} INFO - Started process (PID=2816) to work on /home/airflow/.local/lib/python3.12/site-packages/airflow/example_dags/example_python_operator.py
[2026-07-31T11:22:18.119+0000] {processor.py:830} INFO - Processing file /home/airflow/.local/lib/python3.12/site-packages/airflow/example_dags/example_python_operator.py for tasks to queue
[2026-07-31T11:22:18.126+0000] {logging_mixin.py:188} INFO - [2026-07-31T11:22:18.126+0000] {dagbag.py:545} INFO - Filling up the DagBag from /home/airflow/.local/lib/python3.12/site-packages/airflow/example_dags/example_python_operator.py
[2026-07-31T11:22:18.154+0000] {processor.py:840} INFO - DAG(s) 'example_python_operator' retrieved from /home/airflow/.local/lib/python3.12/site-packages/airflow/example_dags/example_python_operator.py
[2026-07-31T11:22:18.210+0000] {logging_mixin.py:188} INFO - [2026-07-31T11:22:18.210+0000] {dag.py:3089} INFO - Sync 1 DAGs
[2026-07-31T11:22:18.242+0000] {logging_mixin.py:188} INFO - [2026-07-31T11:22:18.242+0000] {dag.py:3947} INFO - Setting next_dagrun for example_python_operator to None, run_after=None
[2026-07-31T11:22:18.300+0000] {processor.py:183} INFO - Processing /home/airflow/.local/lib/python3.12/site-packages/airflow/example_dags/example_python_operator.py took 0.208 seconds
[2026-07-31T11:23:10.148+0000] {processor.py:161} INFO - Started process (PID=2888) to work on /home/airflow/.local/lib/python3.12/site-packages/airflow/example_dags/example_python_operator.py
[2026-07-31T11:23:10.161+0000] {processor.py:830} INFO - Processing file /home/airflow/.local/lib/python3.12/site-packages/airflow/example_dags/example_python_operator.py for tasks to queue
[2026-07-31T11:23:10.177+0000] {logging_mixin.py:188} INFO - [2026-07-31T11:23:10.176+0000] {dagbag.py:545} INFO - Filling up the DagBag from /home/airflow/.local/lib/python3.12/site-packages/airflow/example_dags/example_python_operator.py
[2026-07-31T11:23:10.392+0000] {processor.py:840} INFO - DAG(s) 'example_python_operator' retrieved from /home/airflow/.local/lib/python3.12/site-packages/airflow/example_dags/example_python_operator.py
[2026-07-31T11:23:10.749+0000] {logging_mixin.py:188} INFO - [2026-07-31T11:23:10.748+0000] {dag.py:3089} INFO - Sync 1 DAGs
[2026-07-31T11:23:10.897+0000] {logging_mixin.py:188} INFO - [2026-07-31T11:23:10.897+0000] {dag.py:3947} INFO - Setting next_dagrun for example_python_operator to None, run_after=None
[2026-07-31T11:23:11.215+0000] {processor.py:183} INFO - Processing /home/airflow/.local/lib/python3.12/site-packages/airflow/example_dags/example_python_operator.py took 1.118 seconds
[2026-07-31T11:25:11.743+0000] {processor.py:161} INFO - Started process (PID=2967) to work on /home/airflow/.local/lib/python3.12/site-packages/airflow/example_dags/example_python_operator.py
[2026-07-31T11:25:11.748+0000] {processor.py:830} INFO - Processing file /home/airflow/.local/lib/python3.12/site-packages/airflow/example_dags/example_python_operator.py for tasks to queue
[2026-07-31T11:25:11.765+0000] {logging_mixin.py:188} INFO - [2026-07-31T11:25:11.756+0000] {dagbag.py:545} INFO - Filling up the DagBag from /home/airflow/.local/lib/python3.12/site-packages/airflow/example_dags/example_python_operator.py
[2026-07-31T11:25:11.872+0000] {processor.py:840} INFO - DAG(s) 'example_python_operator' retrieved from /home/airflow/.local/lib/python3.12/site-packages/airflow/example_dags/example_python_operator.py
[2026-07-31T11:25:12.038+0000] {logging_mixin.py:188} INFO - [2026-07-31T11:25:12.037+0000] {dag.py:3089} INFO - Sync 1 DAGs
[2026-07-31T11:25:12.122+0000] {logging_mixin.py:188} INFO - [2026-07-31T11:25:12.122+0000] {dag.py:3947} INFO - Setting next_dagrun for example_python_operator to None, run_after=None
[2026-07-31T11:25:12.336+0000] {processor.py:183} INFO - Processing /home/airflow/.local/lib/python3.12/site-packages/airflow/example_dags/example_python_operator.py took 0.654 seconds
[2026-07-31T11:25:56.773+0000] {processor.py:161} INFO - Started process (PID=3017) to work on /home/airflow/.local/lib/python3.12/site-packages/airflow/example_dags/example_python_operator.py
[2026-07-31T11:25:56.779+0000] {processor.py:830} INFO - Processing file /home/airflow/.local/lib/python3.12/site-packages/airflow/example_dags/example_python_operator.py for tasks to queue
[2026-07-31T11:25:56.793+0000] {logging_mixin.py:188} INFO - [2026-07-31T11:25:56.792+0000] {dagbag.py:545} INFO - Filling up the DagBag from /home/airflow/.local/lib/python3.12/site-packages/airflow/example_dags/example_python_operator.py
[2026-07-31T11:25:56.911+0000] {processor.py:840} INFO - DAG(s) 'example_python_operator' retrieved from /home/airflow/.local/lib/python3.12/site-packages/airflow/example_dags/example_python_operator.py
[2026-07-31T11:25:57.168+0000] {logging_mixin.py:188} INFO - [2026-07-31T11:25:57.167+0000] {dag.py:3089} INFO - Sync 1 DAGs
[2026-07-31T11:25:57.344+0000] {logging_mixin.py:188} INFO - [2026-07-31T11:25:57.343+0000] {dag.py:3947} INFO - Setting next_dagrun for example_python_operator to None, run_after=None
[2026-07-31T11:25:57.490+0000] {processor.py:183} INFO - Processing /home/airflow/.local/lib/python3.12/site-packages/airflow/example_dags/example_python_operator.py took 0.765 seconds
[2026-07-31T11:26:55.586+0000] {processor.py:161} INFO - Started process (PID=3067) to work on /home/airflow/.local/lib/python3.12/site-packages/airflow/example_dags/example_python_operator.py
[2026-07-31T11:26:55.600+0000] {processor.py:830} INFO - Processing file /home/airflow/.local/lib/python3.12/site-packages/airflow/example_dags/example_python_operator.py for tasks to queue
[2026-07-31T11:26:55.619+0000] {logging_mixin.py:188} INFO - [2026-07-31T11:26:55.615+0000] {dagbag.py:545} INFO - Filling up the DagBag from /home/airflow/.local/lib/python3.12/site-packages/airflow/example_dags/example_python_operator.py
[2026-07-31T11:26:55.758+0000] {processor.py:840} INFO - DAG(s) 'example_python_operator' retrieved from /home/airflow/.local/lib/python3.12/site-packages/airflow/example_dags/example_python_operator.py
[2026-07-31T11:26:56.003+0000] {logging_mixin.py:188} INFO - [2026-07-31T11:26:56.002+0000] {dag.py:3089} INFO - Sync 1 DAGs
[2026-07-31T11:26:56.112+0000] {logging_mixin.py:188} INFO - [2026-07-31T11:26:56.111+0000] {dag.py:3947} INFO - Setting next_dagrun for example_python_operator to None, run_after=None
[2026-07-31T11:26:56.240+0000] {processor.py:183} INFO - Processing /home/airflow/.local/lib/python3.12/site-packages/airflow/example_dags/example_python_operator.py took 0.710 seconds
[2026-07-31T11:27:26.523+0000] {processor.py:161} INFO - Started process (PID=3124) to work on /home/airflow/.local/lib/python3.12/site-packages/airflow/example_dags/example_python_operator.py
[2026-07-31T11:27:26.527+0000] {processor.py:830} INFO - Processing file /home/airflow/.local/lib/python3.12/site-packages/airflow/example_dags/example_python_operator.py for tasks to queue
[2026-07-31T11:27:26.536+0000] {logging_mixin.py:188} INFO - [2026-07-31T11:27:26.534+0000] {dagbag.py:545} INFO - Filling up the DagBag from /home/airflow/.local/lib/python3.12/site-packages/airflow/example_dags/example_python_operator.py
[2026-07-31T11:27:26.569+0000] {processor.py:840} INFO - DAG(s) 'example_python_operator' retrieved from /home/airflow/.local/lib/python3.12/site-packages/airflow/example_dags/example_python_operator.py
[2026-07-31T11:27:26.704+0000] {logging_mixin.py:188} INFO - [2026-07-31T11:27:26.703+0000] {dag.py:3089} INFO - Sync 1 DAGs
[2026-07-31T11:27:26.874+0000] {logging_mixin.py:188} INFO - [2026-07-31T11:27:26.874+0000] {dag.py:3947} INFO - Setting next_dagrun for example_python_operator to None, run_after=None
[2026-07-31T11:27:27.033+0000] {processor.py:183} INFO - Processing /home/airflow/.local/lib/python3.12/site-packages/airflow/example_dags/example_python_operator.py took 0.529 seconds
[2026-07-31T11:27:57.274+0000] {processor.py:161} INFO - Started process (PID=3183) to work on /home/airflow/.local/lib/python3.12/site-packages/airflow/example_dags/example_python_operator.py
[2026-07-31T11:27:57.277+0000] {processor.py:830} INFO - Processing file /home/airflow/.local/lib/python3.12/site-packages/airflow/example_dags/example_python_operator.py for tasks to queue
[2026-07-31T11:27:57.283+0000] {logging_mixin.py:188} INFO - [2026-07-31T11:27:57.282+0000] {dagbag.py:545} INFO - Filling up the DagBag from /home/airflow/.local/lib/python3.12/site-packages/airflow/example_dags/example_python_operator.py
[2026-07-31T11:27:57.319+0000] {processor.py:840} INFO - DAG(s) 'example_python_operator' retrieved from /home/airflow/.local/lib/python3.12/site-packages/airflow/example_dags/example_python_operator.py
[2026-07-31T11:27:57.386+0000] {logging_mixin.py:188} INFO - [2026-07-31T11:27:57.385+0000] {dag.py:3089} INFO - Sync 1 DAGs
[2026-07-31T11:27:57.428+0000] {logging_mixin.py:188} INFO - [2026-07-31T11:27:57.427+0000] {dag.py:3947} INFO - Setting next_dagrun for example_python_operator to None, run_after=None
[2026-07-31T11:27:57.490+0000] {processor.py:183} INFO - Processing /home/airflow/.local/lib/python3.12/site-packages/airflow/example_dags/example_python_operator.py took 0.231 seconds
[2026-07-31T11:28:27.977+0000] {processor.py:161} INFO - Started process (PID=3241) to work on /home/airflow/.local/lib/python3.12/site-packages/airflow/example_dags/example_python_operator.py
[2026-07-31T11:28:27.980+0000] {processor.py:830} INFO - Processing file /home/airflow/.local/lib/python3.12/site-packages/airflow/example_dags/example_python_operator.py for tasks to queue
[2026-07-31T11:28:27.984+0000] {logging_mixin.py:188} INFO - [2026-07-31T11:28:27.983+0000] {dagbag.py:545} INFO - Filling up the DagBag from /home/airflow/.local/lib/python3.12/site-packages/airflow/example_dags/example_python_operator.py
[2026-07-31T11:28:28.010+0000] {processor.py:840} INFO - DAG(s) 'example_python_operator' retrieved from /home/airflow/.local/lib/python3.12/site-packages/airflow/example_dags/example_python_operator.py
[2026-07-31T11:28:28.061+0000] {logging_mixin.py:188} INFO - [2026-07-31T11:28:28.060+0000] {dag.py:3089} INFO - Sync 1 DAGs
[2026-07-31T11:28:28.088+0000] {logging_mixin.py:188} INFO - [2026-07-31T11:28:28.087+0000] {dag.py:3947} INFO - Setting next_dagrun for example_python_operator to None, run_after=None
[2026-07-31T11:28:28.132+0000] {processor.py:183} INFO - Processing /home/airflow/.local/lib/python3.12/site-packages/airflow/example_dags/example_python_operator.py took 0.168 seconds
[2026-07-31T11:28:58.840+0000] {processor.py:161} INFO - Started process (PID=3299) to work on /home/airflow/.local/lib/python3.12/site-packages/airflow/example_dags/example_python_operator.py
[2026-07-31T11:28:58.843+0000] {processor.py:830} INFO - Processing file /home/airflow/.local/lib/python3.12/site-packages/airflow/example_dags/example_python_operator.py for tasks to queue
[2026-07-31T11:28:58.848+0000] {logging_mixin.py:188} INFO - [2026-07-31T11:28:58.847+0000] {dagbag.py:545} INFO - Filling up the DagBag from /home/airflow/.local/lib/python3.12/site-packages/airflow/example_dags/example_python_operator.py
[2026-07-31T11:28:58.880+0000] {processor.py:840} INFO - DAG(s) 'example_python_operator' retrieved from /home/airflow/.local/lib/python3.12/site-packages/airflow/example_dags/example_python_operator.py
[2026-07-31T11:28:58.938+0000] {logging_mixin.py:188} INFO - [2026-07-31T11:28:58.938+0000] {dag.py:3089} INFO - Sync 1 DAGs
[2026-07-31T11:28:58.972+0000] {logging_mixin.py:188} INFO - [2026-07-31T11:28:58.971+0000] {dag.py:3947} INFO - Setting next_dagrun for example_python_operator to None, run_after=None
[2026-07-31T11:28:59.027+0000] {processor.py:183} INFO - Processing /home/airflow/.local/lib/python3.12/site-packages/airflow/example_dags/example_python_operator.py took 0.202 seconds
[2026-07-31T11:29:44.210+0000] {processor.py:161} INFO - Started process (PID=3362) to work on /home/airflow/.local/lib/python3.12/site-packages/airflow/example_dags/example_python_operator.py
[2026-07-31T11:29:44.276+0000] {processor.py:830} INFO - Processing file /home/airflow/.local/lib/python3.12/site-packages/airflow/example_dags/example_python_operator.py for tasks to queue
[2026-07-31T11:29:44.801+0000] {logging_mixin.py:188} INFO - [2026-07-31T11:29:44.753+0000] {dagbag.py:545} INFO - Filling up the DagBag from /home/airflow/.local/lib/python3.12/site-packages/airflow/example_dags/example_python_operator.py
[2026-07-31T11:29:46.254+0000] {processor.py:840} INFO - DAG(s) 'example_python_operator' retrieved from /home/airflow/.local/lib/python3.12/site-packages/airflow/example_dags/example_python_operator.py
[2026-07-31T11:29:46.829+0000] {logging_mixin.py:188} INFO - [2026-07-31T11:29:46.828+0000] {dag.py:3089} INFO - Sync 1 DAGs
[2026-07-31T11:29:47.579+0000] {logging_mixin.py:188} INFO - [2026-07-31T11:29:47.578+0000] {dag.py:3947} INFO - Setting next_dagrun for example_python_operator to None, run_after=None
[2026-07-31T11:29:48.441+0000] {processor.py:183} INFO - Processing /home/airflow/.local/lib/python3.12/site-packages/airflow/example_dags/example_python_operator.py took 4.416 seconds
[2026-07-31T11:30:32.608+0000] {processor.py:161} INFO - Started process (PID=3421) to work on /home/airflow/.local/lib/python3.12/site-packages/airflow/example_dags/example_python_operator.py
[2026-07-31T11:30:32.613+0000] {processor.py:830} INFO - Processing file /home/airflow/.local/lib/python3.12/site-packages/airflow/example_dags/example_python_operator.py for tasks to queue
[2026-07-31T11:30:32.623+0000] {logging_mixin.py:188} INFO - [2026-07-31T11:30:32.622+0000] {dagbag.py:545} INFO - Filling up the DagBag from /home/airflow/.local/lib/python3.12/site-packages/airflow/example_dags/example_python_operator.py
[2026-07-31T11:30:32.716+0000] {processor.py:840} INFO - DAG(s) 'example_python_operator' retrieved from /home/airflow/.local/lib/python3.12/site-packages/airflow/example_dags/example_python_operator.py
[2026-07-31T11:30:32.922+0000] {logging_mixin.py:188} INFO - [2026-07-31T11:30:32.922+0000] {dag.py:3089} INFO - Sync 1 DAGs
[2026-07-31T11:30:33.050+0000] {logging_mixin.py:188} INFO - [2026-07-31T11:30:33.050+0000] {dag.py:3947} INFO - Setting next_dagrun for example_python_operator to None, run_after=None
[2026-07-31T11:30:33.192+0000] {processor.py:183} INFO - Processing /home/airflow/.local/lib/python3.12/site-packages/airflow/example_dags/example_python_operator.py took 0.614 seconds
[2026-07-31T11:31:03.376+0000] {processor.py:161} INFO - Started process (PID=3479) to work on /home/airflow/.local/lib/python3.12/site-packages/airflow/example_dags/example_python_operator.py
[2026-07-31T11:31:03.379+0000] {processor.py:830} INFO - Processing file /home/airflow/.local/lib/python3.12/site-packages/airflow/example_dags/example_python_operator.py for tasks to queue
[2026-07-31T11:31:03.384+0000] {logging_mixin.py:188} INFO - [2026-07-31T11:31:03.383+0000] {dagbag.py:545} INFO - Filling up the DagBag from /home/airflow/.local/lib/python3.12/site-packages/airflow/example_dags/example_python_operator.py
[2026-07-31T11:31:03.411+0000] {processor.py:840} INFO - DAG(s) 'example_python_operator' retrieved from /home/airflow/.local/lib/python3.12/site-packages/airflow/example_dags/example_python_operator.py
[2026-07-31T11:31:03.468+0000] {logging_mixin.py:188} INFO - [2026-07-31T11:31:03.468+0000] {dag.py:3089} INFO - Sync 1 DAGs
[2026-07-31T11:31:03.500+0000] {logging_mixin.py:188} INFO - [2026-07-31T11:31:03.500+0000] {dag.py:3947} INFO - Setting next_dagrun for example_python_operator to None, run_after=None
[2026-07-31T11:31:03.553+0000] {processor.py:183} INFO - Processing /home/airflow/.local/lib/python3.12/site-packages/airflow/example_dags/example_python_operator.py took 0.191 seconds
[2026-07-31T11:31:33.808+0000] {processor.py:161} INFO - Started process (PID=3537) to work on /home/airflow/.local/lib/python3.12/site-packages/airflow/example_dags/example_python_operator.py
[2026-07-31T11:31:33.810+0000] {processor.py:830} INFO - Processing file /home/airflow/.local/lib/python3.12/site-packages/airflow/example_dags/example_python_operator.py for tasks to queue
[2026-07-31T11:31:33.814+0000] {logging_mixin.py:188} INFO - [2026-07-31T11:31:33.814+0000] {dagbag.py:545} INFO - Filling up the DagBag from /home/airflow/.local/lib/python3.12/site-packages/airflow/example_dags/example_python_operator.py
[2026-07-31T11:31:33.837+0000] {processor.py:840} INFO - DAG(s) 'example_python_operator' retrieved from /home/airflow/.local/lib/python3.12/site-packages/airflow/example_dags/example_python_operator.py
[2026-07-31T11:31:33.889+0000] {logging_mixin.py:188} INFO - [2026-07-31T11:31:33.888+0000] {dag.py:3089} INFO - Sync 1 DAGs
[2026-07-31T11:31:33.926+0000] {logging_mixin.py:188} INFO - [2026-07-31T11:31:33.925+0000] {dag.py:3947} INFO - Setting next_dagrun for example_python_operator to None, run_after=None
[2026-07-31T11:31:34.001+0000] {processor.py:183} INFO - Processing /home/airflow/.local/lib/python3.12/site-packages/airflow/example_dags/example_python_operator.py took 0.206 seconds
[2026-07-31T11:32:04.553+0000] {processor.py:161} INFO - Started process (PID=3594) to work on /home/airflow/.local/lib/python3.12/site-packages/airflow/example_dags/example_python_operator.py
[2026-07-31T11:32:04.557+0000] {processor.py:830} INFO - Processing file /home/airflow/.local/lib/python3.12/site-packages/airflow/example_dags/example_python_operator.py for tasks to queue
[2026-07-31T11:32:04.563+0000] {logging_mixin.py:188} INFO - [2026-07-31T11:32:04.562+0000] {dagbag.py:545} INFO - Filling up the DagBag from /home/airflow/.local/lib/python3.12/site-packages/airflow/example_dags/example_python_operator.py
[2026-07-31T11:32:04.596+0000] {processor.py:840} INFO - DAG(s) 'example_python_operator' retrieved from /home/airflow/.local/lib/python3.12/site-packages/airflow/example_dags/example_python_operator.py
[2026-07-31T11:32:04.659+0000] {logging_mixin.py:188} INFO - [2026-07-31T11:32:04.658+0000] {dag.py:3089} INFO - Sync 1 DAGs
[2026-07-31T11:32:04.702+0000] {logging_mixin.py:188} INFO - [2026-07-31T11:32:04.702+0000] {dag.py:3947} INFO - Setting next_dagrun for example_python_operator to None, run_after=None
[2026-07-31T11:32:04.763+0000] {processor.py:183} INFO - Processing /home/airflow/.local/lib/python3.12/site-packages/airflow/example_dags/example_python_operator.py took 0.230 seconds
[2026-07-31T11:32:37.458+0000] {processor.py:161} INFO - Started process (PID=3651) to work on /home/airflow/.local/lib/python3.12/site-packages/airflow/example_dags/example_python_operator.py
[2026-07-31T11:32:37.463+0000] {processor.py:830} INFO - Processing file /home/airflow/.local/lib/python3.12/site-packages/airflow/example_dags/example_python_operator.py for tasks to queue
[2026-07-31T11:32:37.481+0000] {logging_mixin.py:188} INFO - [2026-07-31T11:32:37.479+0000] {dagbag.py:545} INFO - Filling up the DagBag from /home/airflow/.local/lib/python3.12/site-packages/airflow/example_dags/example_python_operator.py
[2026-07-31T11:32:37.567+0000] {processor.py:840} INFO - DAG(s) 'example_python_operator' retrieved from /home/airflow/.local/lib/python3.12/site-packages/airflow/example_dags/example_python_operator.py
[2026-07-31T11:32:37.716+0000] {logging_mixin.py:188} INFO - [2026-07-31T11:32:37.715+0000] {dag.py:3089} INFO - Sync 1 DAGs
[2026-07-31T11:32:37.811+0000] {logging_mixin.py:188} INFO - [2026-07-31T11:32:37.810+0000] {dag.py:3947} INFO - Setting next_dagrun for example_python_operator to None, run_after=None
[2026-07-31T11:32:37.955+0000] {processor.py:183} INFO - Processing /home/airflow/.local/lib/python3.12/site-packages/airflow/example_dags/example_python_operator.py took 0.536 seconds
[2026-07-31T11:33:20.302+0000] {processor.py:161} INFO - Started process (PID=3711) to work on /home/airflow/.local/lib/python3.12/site-packages/airflow/example_dags/example_python_operator.py
[2026-07-31T11:33:20.318+0000] {processor.py:830} INFO - Processing file /home/airflow/.local/lib/python3.12/site-packages/airflow/example_dags/example_python_operator.py for tasks to queue
[2026-07-31T11:33:20.355+0000] {logging_mixin.py:188} INFO - [2026-07-31T11:33:20.342+0000] {dagbag.py:545} INFO - Filling up the DagBag from /home/airflow/.local/lib/python3.12/site-packages/airflow/example_dags/example_python_operator.py
[2026-07-31T11:33:20.549+0000] {processor.py:840} INFO - DAG(s) 'example_python_operator' retrieved from /home/airflow/.local/lib/python3.12/site-packages/airflow/example_dags/example_python_operator.py
[2026-07-31T11:33:20.891+0000] {logging_mixin.py:188} INFO - [2026-07-31T11:33:20.890+0000] {dag.py:3089} INFO - Sync 1 DAGs
[2026-07-31T11:33:21.309+0000] {logging_mixin.py:188} INFO - [2026-07-31T11:33:21.308+0000] {dag.py:3947} INFO - Setting next_dagrun for example_python_operator to None, run_after=None
[2026-07-31T11:33:21.577+0000] {processor.py:183} INFO - Processing /home/airflow/.local/lib/python3.12/site-packages/airflow/example_dags/example_python_operator.py took 1.370 seconds
[2026-07-31T11:34:34.474+0000] {processor.py:161} INFO - Started process (PID=3756) to work on /home/airflow/.local/lib/python3.12/site-packages/airflow/example_dags/example_python_operator.py
[2026-07-31T11:34:34.480+0000] {processor.py:830} INFO - Processing file /home/airflow/.local/lib/python3.12/site-packages/airflow/example_dags/example_python_operator.py for tasks to queue
[2026-07-31T11:34:34.495+0000] {logging_mixin.py:188} INFO - [2026-07-31T11:34:34.493+0000] {dagbag.py:545} INFO - Filling up the DagBag from /home/airflow/.local/lib/python3.12/site-packages/airflow/example_dags/example_python_operator.py
[2026-07-31T11:34:34.567+0000] {processor.py:840} INFO - DAG(s) 'example_python_operator' retrieved from /home/airflow/.local/lib/python3.12/site-packages/airflow/example_dags/example_python_operator.py
[2026-07-31T11:34:34.652+0000] {logging_mixin.py:188} INFO - [2026-07-31T11:34:34.650+0000] {dag.py:3089} INFO - Sync 1 DAGs
[2026-07-31T11:34:34.693+0000] {logging_mixin.py:188} INFO - [2026-07-31T11:34:34.692+0000] {dag.py:3947} INFO - Setting next_dagrun for example_python_operator to None, run_after=None
[2026-07-31T11:34:34.749+0000] {processor.py:183} INFO - Processing /home/airflow/.local/lib/python3.12/site-packages/airflow/example_dags/example_python_operator.py took 0.301 seconds
[2026-07-31T11:35:05.000+0000] {processor.py:161} INFO - Started process (PID=3815) to work on /home/airflow/.local/lib/python3.12/site-packages/airflow/example_dags/example_python_operator.py
[2026-07-31T11:35:05.002+0000] {processor.py:830} INFO - Processing file /home/airflow/.local/lib/python3.12/site-packages/airflow/example_dags/example_python_operator.py for tasks to queue
[2026-07-31T11:35:05.006+0000] {logging_mixin.py:188} INFO - [2026-07-31T11:35:05.005+0000] {dagbag.py:545} INFO - Filling up the DagBag from /home/airflow/.local/lib/python3.12/site-packages/airflow/example_dags/example_python_operator.py
[2026-07-31T11:35:05.033+0000] {processor.py:840} INFO - DAG(s) 'example_python_operator' retrieved from /home/airflow/.local/lib/python3.12/site-packages/airflow/example_dags/example_python_operator.py
[2026-07-31T11:35:05.085+0000] {logging_mixin.py:188} INFO - [2026-07-31T11:35:05.085+0000] {dag.py:3089} INFO - Sync 1 DAGs
[2026-07-31T11:35:05.118+0000] {logging_mixin.py:188} INFO - [2026-07-31T11:35:05.117+0000] {dag.py:3947} INFO - Setting next_dagrun for example_python_operator to None, run_after=None
[2026-07-31T11:35:05.193+0000] {processor.py:183} INFO - Processing /home/airflow/.local/lib/python3.12/site-packages/airflow/example_dags/example_python_operator.py took 0.203 seconds
[2026-07-31T11:35:36.094+0000] {processor.py:161} INFO - Started process (PID=3871) to work on /home/airflow/.local/lib/python3.12/site-packages/airflow/example_dags/example_python_operator.py
[2026-07-31T11:35:36.107+0000] {processor.py:830} INFO - Processing file /home/airflow/.local/lib/python3.12/site-packages/airflow/example_dags/example_python_operator.py for tasks to queue
[2026-07-31T11:35:36.122+0000] {logging_mixin.py:188} INFO - [2026-07-31T11:35:36.121+0000] {dagbag.py:545} INFO - Filling up the DagBag from /home/airflow/.local/lib/python3.12/site-packages/airflow/example_dags/example_python_operator.py
[2026-07-31T11:35:36.184+0000] {processor.py:840} INFO - DAG(s) 'example_python_operator' retrieved from /home/airflow/.local/lib/python3.12/site-packages/airflow/example_dags/example_python_operator.py
[2026-07-31T11:35:36.288+0000] {logging_mixin.py:188} INFO - [2026-07-31T11:35:36.287+0000] {dag.py:3089} INFO - Sync 1 DAGs
[2026-07-31T11:35:36.365+0000] {logging_mixin.py:188} INFO - [2026-07-31T11:35:36.364+0000] {dag.py:3947} INFO - Setting next_dagrun for example_python_operator to None, run_after=None
[2026-07-31T11:35:36.446+0000] {processor.py:183} INFO - Processing /home/airflow/.local/lib/python3.12/site-packages/airflow/example_dags/example_python_operator.py took 0.380 seconds
[2026-07-31T11:36:07.500+0000] {processor.py:161} INFO - Started process (PID=3930) to work on /home/airflow/.local/lib/python3.12/site-packages/airflow/example_dags/example_python_operator.py
[2026-07-31T11:36:07.503+0000] {processor.py:830} INFO - Processing file /home/airflow/.local/lib/python3.12/site-packages/airflow/example_dags/example_python_operator.py for tasks to queue
[2026-07-31T11:36:07.508+0000] {logging_mixin.py:188} INFO - [2026-07-31T11:36:07.507+0000] {dagbag.py:545} INFO - Filling up the DagBag from /home/airflow/.local/lib/python3.12/site-packages/airflow/example_dags/example_python_operator.py
[2026-07-31T11:36:07.537+0000] {processor.py:840} INFO - DAG(s) 'example_python_operator' retrieved from /home/airflow/.local/lib/python3.12/site-packages/airflow/example_dags/example_python_operator.py
[2026-07-31T11:36:07.590+0000] {logging_mixin.py:188} INFO - [2026-07-31T11:36:07.589+0000] {dag.py:3089} INFO - Sync 1 DAGs
[2026-07-31T11:36:07.631+0000] {logging_mixin.py:188} INFO - [2026-07-31T11:36:07.631+0000] {dag.py:3947} INFO - Setting next_dagrun for example_python_operator to None, run_after=None
[2026-07-31T11:36:07.698+0000] {processor.py:183} INFO - Processing /home/airflow/.local/lib/python3.12/site-packages/airflow/example_dags/example_python_operator.py took 0.231 seconds
[2026-07-31T11:36:38.757+0000] {processor.py:161} INFO - Started process (PID=3988) to work on /home/airflow/.local/lib/python3.12/site-packages/airflow/example_dags/example_python_operator.py
[2026-07-31T11:36:38.768+0000] {processor.py:830} INFO - Processing file /home/airflow/.local/lib/python3.12/site-packages/airflow/example_dags/example_python_operator.py for tasks to queue
[2026-07-31T11:36:38.782+0000] {logging_mixin.py:188} INFO - [2026-07-31T11:36:38.781+0000] {dagbag.py:545} INFO - Filling up the DagBag from /home/airflow/.local/lib/python3.12/site-packages/airflow/example_dags/example_python_operator.py
[2026-07-31T11:36:38.832+0000] {processor.py:840} INFO - DAG(s) 'example_python_operator' retrieved from /home/airflow/.local/lib/python3.12/site-packages/airflow/example_dags/example_python_operator.py
[2026-07-31T11:36:38.895+0000] {logging_mixin.py:188} INFO - [2026-07-31T11:36:38.894+0000] {dag.py:3089} INFO - Sync 1 DAGs
[2026-07-31T11:36:38.931+0000] {logging_mixin.py:188} INFO - [2026-07-31T11:36:38.930+0000] {dag.py:3947} INFO - Setting next_dagrun for example_python_operator to None, run_after=None
[2026-07-31T11:36:38.995+0000] {processor.py:183} INFO - Processing /home/airflow/.local/lib/python3.12/site-packages/airflow/example_dags/example_python_operator.py took 0.262 seconds
[2026-07-31T11:37:09.284+0000] {processor.py:161} INFO - Started process (PID=4047) to work on /home/airflow/.local/lib/python3.12/site-packages/airflow/example_dags/example_python_operator.py
[2026-07-31T11:37:09.287+0000] {processor.py:830} INFO - Processing file /home/airflow/.local/lib/python3.12/site-packages/airflow/example_dags/example_python_operator.py for tasks to queue
[2026-07-31T11:37:09.291+0000] {logging_mixin.py:188} INFO - [2026-07-31T11:37:09.290+0000] {dagbag.py:545} INFO - Filling up the DagBag from /home/airflow/.local/lib/python3.12/site-packages/airflow/example_dags/example_python_operator.py
[2026-07-31T11:37:09.317+0000] {processor.py:840} INFO - DAG(s) 'example_python_operator' retrieved from /home/airflow/.local/lib/python3.12/site-packages/airflow/example_dags/example_python_operator.py
[2026-07-31T11:37:09.373+0000] {logging_mixin.py:188} INFO - [2026-07-31T11:37:09.372+0000] {dag.py:3089} INFO - Sync 1 DAGs
[2026-07-31T11:37:09.405+0000] {logging_mixin.py:188} INFO - [2026-07-31T11:37:09.404+0000] {dag.py:3947} INFO - Setting next_dagrun for example_python_operator to None, run_after=None
[2026-07-31T11:37:09.450+0000] {processor.py:183} INFO - Processing /home/airflow/.local/lib/python3.12/site-packages/airflow/example_dags/example_python_operator.py took 0.180 seconds
[2026-07-31T11:37:39.765+0000] {processor.py:161} INFO - Started process (PID=4105) to work on /home/airflow/.local/lib/python3.12/site-packages/airflow/example_dags/example_python_operator.py
[2026-07-31T11:37:39.768+0000] {processor.py:830} INFO - Processing file /home/airflow/.local/lib/python3.12/site-packages/airflow/example_dags/example_python_operator.py for tasks to queue
[2026-07-31T11:37:39.772+0000] {logging_mixin.py:188} INFO - [2026-07-31T11:37:39.772+0000] {dagbag.py:545} INFO - Filling up the DagBag from /home/airflow/.local/lib/python3.12/site-packages/airflow/example_dags/example_python_operator.py
[2026-07-31T11:37:39.801+0000] {processor.py:840} INFO - DAG(s) 'example_python_operator' retrieved from /home/airflow/.local/lib/python3.12/site-packages/airflow/example_dags/example_python_operator.py
[2026-07-31T11:37:39.860+0000] {logging_mixin.py:188} INFO - [2026-07-31T11:37:39.860+0000] {dag.py:3089} INFO - Sync 1 DAGs
[2026-07-31T11:37:39.893+0000] {logging_mixin.py:188} INFO - [2026-07-31T11:37:39.892+0000] {dag.py:3947} INFO - Setting next_dagrun for example_python_operator to None, run_after=None
[2026-07-31T11:37:39.946+0000] {processor.py:183} INFO - Processing /home/airflow/.local/lib/python3.12/site-packages/airflow/example_dags/example_python_operator.py took 0.200 seconds
[2026-07-31T11:38:10.620+0000] {processor.py:161} INFO - Started process (PID=4163) to work on /home/airflow/.local/lib/python3.12/site-packages/airflow/example_dags/example_python_operator.py
[2026-07-31T11:38:10.623+0000] {processor.py:830} INFO - Processing file /home/airflow/.local/lib/python3.12/site-packages/airflow/example_dags/example_python_operator.py for tasks to queue
[2026-07-31T11:38:10.627+0000] {logging_mixin.py:188} INFO - [2026-07-31T11:38:10.626+0000] {dagbag.py:545} INFO - Filling up the DagBag from /home/airflow/.local/lib/python3.12/site-packages/airflow/example_dags/example_python_operator.py
[2026-07-31T11:38:10.647+0000] {processor.py:840} INFO - DAG(s) 'example_python_operator' retrieved from /home/airflow/.local/lib/python3.12/site-packages/airflow/example_dags/example_python_operator.py
[2026-07-31T11:38:10.686+0000] {logging_mixin.py:188} INFO - [2026-07-31T11:38:10.685+0000] {dag.py:3089} INFO - Sync 1 DAGs
[2026-07-31T11:38:10.710+0000] {logging_mixin.py:188} INFO - [2026-07-31T11:38:10.709+0000] {dag.py:3947} INFO - Setting next_dagrun for example_python_operator to None, run_after=None
[2026-07-31T11:38:10.758+0000] {processor.py:183} INFO - Processing /home/airflow/.local/lib/python3.12/site-packages/airflow/example_dags/example_python_operator.py took 0.151 seconds
[2026-07-31T11:38:41.057+0000] {processor.py:161} INFO - Started process (PID=4221) to work on /home/airflow/.local/lib/python3.12/site-packages/airflow/example_dags/example_python_operator.py
[2026-07-31T11:38:41.060+0000] {processor.py:830} INFO - Processing file /home/airflow/.local/lib/python3.12/site-packages/airflow/example_dags/example_python_operator.py for tasks to queue
[2026-07-31T11:38:41.066+0000] {logging_mixin.py:188} INFO - [2026-07-31T11:38:41.065+0000] {dagbag.py:545} INFO - Filling up the DagBag from /home/airflow/.local/lib/python3.12/site-packages/airflow/example_dags/example_python_operator.py
[2026-07-31T11:38:41.105+0000] {processor.py:840} INFO - DAG(s) 'example_python_operator' retrieved from /home/airflow/.local/lib/python3.12/site-packages/airflow/example_dags/example_python_operator.py
[2026-07-31T11:38:41.154+0000] {logging_mixin.py:188} INFO - [2026-07-31T11:38:41.153+0000] {dag.py:3089} INFO - Sync 1 DAGs
[2026-07-31T11:38:41.189+0000] {logging_mixin.py:188} INFO - [2026-07-31T11:38:41.189+0000] {dag.py:3947} INFO - Setting next_dagrun for example_python_operator to None, run_after=None
[2026-07-31T11:38:41.228+0000] {processor.py:183} INFO - Processing /home/airflow/.local/lib/python3.12/site-packages/airflow/example_dags/example_python_operator.py took 0.188 seconds
[2026-07-31T11:39:12.477+0000] {processor.py:161} INFO - Started process (PID=4279) to work on /home/airflow/.local/lib/python3.12/site-packages/airflow/example_dags/example_python_operator.py
[2026-07-31T11:39:12.499+0000] {processor.py:830} INFO - Processing file /home/airflow/.local/lib/python3.12/site-packages/airflow/example_dags/example_python_operator.py for tasks to queue
[2026-07-31T11:39:12.522+0000] {logging_mixin.py:188} INFO - [2026-07-31T11:39:12.521+0000] {dagbag.py:545} INFO - Filling up the DagBag from /home/airflow/.local/lib/python3.12/site-packages/airflow/example_dags/example_python_operator.py
[2026-07-31T11:39:12.632+0000] {processor.py:840} INFO - DAG(s) 'example_python_operator' retrieved from /home/airflow/.local/lib/python3.12/site-packages/airflow/example_dags/example_python_operator.py
[2026-07-31T11:39:12.810+0000] {logging_mixin.py:188} INFO - [2026-07-31T11:39:12.809+0000] {dag.py:3089} INFO - Sync 1 DAGs
[2026-07-31T11:39:13.066+0000] {logging_mixin.py:188} INFO - [2026-07-31T11:39:13.065+0000] {dag.py:3947} INFO - Setting next_dagrun for example_python_operator to None, run_after=None
[2026-07-31T11:39:13.412+0000] {processor.py:183} INFO - Processing /home/airflow/.local/lib/python3.12/site-packages/airflow/example_dags/example_python_operator.py took 0.972 seconds
[2026-07-31T11:39:43.991+0000] {processor.py:161} INFO - Started process (PID=4338) to work on /home/airflow/.local/lib/python3.12/site-packages/airflow/example_dags/example_python_operator.py
[2026-07-31T11:39:43.992+0000] {processor.py:830} INFO - Processing file /home/airflow/.local/lib/python3.12/site-packages/airflow/example_dags/example_python_operator.py for tasks to queue
[2026-07-31T11:39:43.997+0000] {logging_mixin.py:188} INFO - [2026-07-31T11:39:43.996+0000] {dagbag.py:545} INFO - Filling up the DagBag from /home/airflow/.local/lib/python3.12/site-packages/airflow/example_dags/example_python_operator.py
[2026-07-31T11:39:44.017+0000] {processor.py:840} INFO - DAG(s) 'example_python_operator' retrieved from /home/airflow/.local/lib/python3.12/site-packages/airflow/example_dags/example_python_operator.py
[2026-07-31T11:39:44.059+0000] {logging_mixin.py:188} INFO - [2026-07-31T11:39:44.058+0000] {dag.py:3089} INFO - Sync 1 DAGs
[2026-07-31T11:39:44.077+0000] {logging_mixin.py:188} INFO - [2026-07-31T11:39:44.077+0000] {dag.py:3947} INFO - Setting next_dagrun for example_python_operator to None, run_after=None
[2026-07-31T11:39:44.109+0000] {processor.py:183} INFO - Processing /home/airflow/.local/lib/python3.12/site-packages/airflow/example_dags/example_python_operator.py took 0.124 seconds
[2026-07-31T11:40:14.722+0000] {processor.py:161} INFO - Started process (PID=4401) to work on /home/airflow/.local/lib/python3.12/site-packages/airflow/example_dags/example_python_operator.py
[2026-07-31T11:40:14.724+0000] {processor.py:830} INFO - Processing file /home/airflow/.local/lib/python3.12/site-packages/airflow/example_dags/example_python_operator.py for tasks to queue
[2026-07-31T11:40:14.727+0000] {logging_mixin.py:188} INFO - [2026-07-31T11:40:14.727+0000] {dagbag.py:545} INFO - Filling up the DagBag from /home/airflow/.local/lib/python3.12/site-packages/airflow/example_dags/example_python_operator.py
[2026-07-31T11:40:14.745+0000] {processor.py:840} INFO - DAG(s) 'example_python_operator' retrieved from /home/airflow/.local/lib/python3.12/site-packages/airflow/example_dags/example_python_operator.py
[2026-07-31T11:40:14.786+0000] {logging_mixin.py:188} INFO - [2026-07-31T11:40:14.786+0000] {dag.py:3089} INFO - Sync 1 DAGs
[2026-07-31T11:40:14.813+0000] {logging_mixin.py:188} INFO - [2026-07-31T11:40:14.812+0000] {dag.py:3947} INFO - Setting next_dagrun for example_python_operator to None, run_after=None
[2026-07-31T11:40:14.847+0000] {processor.py:183} INFO - Processing /home/airflow/.local/lib/python3.12/site-packages/airflow/example_dags/example_python_operator.py took 0.133 seconds
[2026-07-31T11:40:45.717+0000] {processor.py:161} INFO - Started process (PID=4459) to work on /home/airflow/.local/lib/python3.12/site-packages/airflow/example_dags/example_python_operator.py
[2026-07-31T11:40:45.720+0000] {processor.py:830} INFO - Processing file /home/airflow/.local/lib/python3.12/site-packages/airflow/example_dags/example_python_operator.py for tasks to queue
[2026-07-31T11:40:45.725+0000] {logging_mixin.py:188} INFO - [2026-07-31T11:40:45.724+0000] {dagbag.py:545} INFO - Filling up the DagBag from /home/airflow/.local/lib/python3.12/site-packages/airflow/example_dags/example_python_operator.py
[2026-07-31T11:40:45.741+0000] {processor.py:840} INFO - DAG(s) 'example_python_operator' retrieved from /home/airflow/.local/lib/python3.12/site-packages/airflow/example_dags/example_python_operator.py
[2026-07-31T11:40:45.771+0000] {logging_mixin.py:188} INFO - [2026-07-31T11:40:45.770+0000] {dag.py:3089} INFO - Sync 1 DAGs
[2026-07-31T11:40:45.788+0000] {logging_mixin.py:188} INFO - [2026-07-31T11:40:45.787+0000] {dag.py:3947} INFO - Setting next_dagrun for example_python_operator to None, run_after=None
[2026-07-31T11:40:45.814+0000] {processor.py:183} INFO - Processing /home/airflow/.local/lib/python3.12/site-packages/airflow/example_dags/example_python_operator.py took 0.110 seconds
[2026-07-31T11:41:16.422+0000] {processor.py:161} INFO - Started process (PID=4517) to work on /home/airflow/.local/lib/python3.12/site-packages/airflow/example_dags/example_python_operator.py
[2026-07-31T11:41:16.425+0000] {processor.py:830} INFO - Processing file /home/airflow/.local/lib/python3.12/site-packages/airflow/example_dags/example_python_operator.py for tasks to queue
[2026-07-31T11:41:16.434+0000] {logging_mixin.py:188} INFO - [2026-07-31T11:41:16.433+0000] {dagbag.py:545} INFO - Filling up the DagBag from /home/airflow/.local/lib/python3.12/site-packages/airflow/example_dags/example_python_operator.py
[2026-07-31T11:41:16.475+0000] {processor.py:840} INFO - DAG(s) 'example_python_operator' retrieved from /home/airflow/.local/lib/python3.12/site-packages/airflow/example_dags/example_python_operator.py
[2026-07-31T11:41:16.564+0000] {logging_mixin.py:188} INFO - [2026-07-31T11:41:16.562+0000] {dag.py:3089} INFO - Sync 1 DAGs
[2026-07-31T11:41:16.641+0000] {logging_mixin.py:188} INFO - [2026-07-31T11:41:16.640+0000] {dag.py:3947} INFO - Setting next_dagrun for example_python_operator to None, run_after=None
[2026-07-31T11:41:16.708+0000] {processor.py:183} INFO - Processing /home/airflow/.local/lib/python3.12/site-packages/airflow/example_dags/example_python_operator.py took 0.307 seconds
[2026-07-31T11:41:47.065+0000] {processor.py:161} INFO - Started process (PID=4575) to work on /home/airflow/.local/lib/python3.12/site-packages/airflow/example_dags/example_python_operator.py
[2026-07-31T11:41:47.071+0000] {processor.py:830} INFO - Processing file /home/airflow/.local/lib/python3.12/site-packages/airflow/example_dags/example_python_operator.py for tasks to queue
[2026-07-31T11:41:47.081+0000] {logging_mixin.py:188} INFO - [2026-07-31T11:41:47.080+0000] {dagbag.py:545} INFO - Filling up the DagBag from /home/airflow/.local/lib/python3.12/site-packages/airflow/example_dags/example_python_operator.py
[2026-07-31T11:41:47.106+0000] {processor.py:840} INFO - DAG(s) 'example_python_operator' retrieved from /home/airflow/.local/lib/python3.12/site-packages/airflow/example_dags/example_python_operator.py
[2026-07-31T11:41:47.162+0000] {logging_mixin.py:188} INFO - [2026-07-31T11:41:47.161+0000] {dag.py:3089} INFO - Sync 1 DAGs
[2026-07-31T11:41:47.188+0000] {logging_mixin.py:188} INFO - [2026-07-31T11:41:47.188+0000] {dag.py:3947} INFO - Setting next_dagrun for example_python_operator to None, run_after=None
[2026-07-31T11:41:47.224+0000] {processor.py:183} INFO - Processing /home/airflow/.local/lib/python3.12/site-packages/airflow/example_dags/example_python_operator.py took 0.203 seconds
[2026-07-31T11:42:17.505+0000] {processor.py:161} INFO - Started process (PID=4633) to work on /home/airflow/.local/lib/python3.12/site-packages/airflow/example_dags/example_python_operator.py
[2026-07-31T11:42:17.507+0000] {processor.py:830} INFO - Processing file /home/airflow/.local/lib/python3.12/site-packages/airflow/example_dags/example_python_operator.py for tasks to queue
[2026-07-31T11:42:17.512+0000] {logging_mixin.py:188} INFO - [2026-07-31T11:42:17.511+0000] {dagbag.py:545} INFO - Filling up the DagBag from /home/airflow/.local/lib/python3.12/site-packages/airflow/example_dags/example_python_operator.py
[2026-07-31T11:42:17.536+0000] {processor.py:840} INFO - DAG(s) 'example_python_operator' retrieved from /home/airflow/.local/lib/python3.12/site-packages/airflow/example_dags/example_python_operator.py
[2026-07-31T11:42:17.586+0000] {logging_mixin.py:188} INFO - [2026-07-31T11:42:17.586+0000] {dag.py:3089} INFO - Sync 1 DAGs
[2026-07-31T11:42:17.618+0000] {logging_mixin.py:188} INFO - [2026-07-31T11:42:17.617+0000] {dag.py:3947} INFO - Setting next_dagrun for example_python_operator to None, run_after=None
[2026-07-31T11:42:17.655+0000] {processor.py:183} INFO - Processing /home/airflow/.local/lib/python3.12/site-packages/airflow/example_dags/example_python_operator.py took 0.163 seconds
[2026-07-31T11:42:48.264+0000] {processor.py:161} INFO - Started process (PID=4689) to work on /home/airflow/.local/lib/python3.12/site-packages/airflow/example_dags/example_python_operator.py
[2026-07-31T11:42:48.269+0000] {processor.py:830} INFO - Processing file /home/airflow/.local/lib/python3.12/site-packages/airflow/example_dags/example_python_operator.py for tasks to queue
[2026-07-31T11:42:48.274+0000] {logging_mixin.py:188} INFO - [2026-07-31T11:42:48.273+0000] {dagbag.py:545} INFO - Filling up the DagBag from /home/airflow/.local/lib/python3.12/site-packages/airflow/example_dags/example_python_operator.py
[2026-07-31T11:42:48.299+0000] {processor.py:840} INFO - DAG(s) 'example_python_operator' retrieved from /home/airflow/.local/lib/python3.12/site-packages/airflow/example_dags/example_python_operator.py
[2026-07-31T11:42:48.338+0000] {logging_mixin.py:188} INFO - [2026-07-31T11:42:48.338+0000] {dag.py:3089} INFO - Sync 1 DAGs
[2026-07-31T11:42:48.380+0000] {logging_mixin.py:188} INFO - [2026-07-31T11:42:48.379+0000] {dag.py:3947} INFO - Setting next_dagrun for example_python_operator to None, run_after=None
[2026-07-31T11:42:48.438+0000] {processor.py:183} INFO - Processing /home/airflow/.local/lib/python3.12/site-packages/airflow/example_dags/example_python_operator.py took 0.188 seconds
[2026-07-31T11:43:18.873+0000] {processor.py:161} INFO - Started process (PID=4747) to work on /home/airflow/.local/lib/python3.12/site-packages/airflow/example_dags/example_python_operator.py
[2026-07-31T11:43:18.875+0000] {processor.py:830} INFO - Processing file /home/airflow/.local/lib/python3.12/site-packages/airflow/example_dags/example_python_operator.py for tasks to queue
[2026-07-31T11:43:18.878+0000] {logging_mixin.py:188} INFO - [2026-07-31T11:43:18.878+0000] {dagbag.py:545} INFO - Filling up the DagBag from /home/airflow/.local/lib/python3.12/site-packages/airflow/example_dags/example_python_operator.py
[2026-07-31T11:43:18.891+0000] {processor.py:840} INFO - DAG(s) 'example_python_operator' retrieved from /home/airflow/.local/lib/python3.12/site-packages/airflow/example_dags/example_python_operator.py
[2026-07-31T11:43:18.919+0000] {logging_mixin.py:188} INFO - [2026-07-31T11:43:18.919+0000] {dag.py:3089} INFO - Sync 1 DAGs
[2026-07-31T11:43:18.936+0000] {logging_mixin.py:188} INFO - [2026-07-31T11:43:18.936+0000] {dag.py:3947} INFO - Setting next_dagrun for example_python_operator to None, run_after=None
[2026-07-31T11:43:18.963+0000] {processor.py:183} INFO - Processing /home/airflow/.local/lib/python3.12/site-packages/airflow/example_dags/example_python_operator.py took 0.096 seconds
[2026-07-31T11:43:49.088+0000] {processor.py:161} INFO - Started process (PID=4805) to work on /home/airflow/.local/lib/python3.12/site-packages/airflow/example_dags/example_python_operator.py
[2026-07-31T11:43:49.089+0000] {processor.py:830} INFO - Processing file /home/airflow/.local/lib/python3.12/site-packages/airflow/example_dags/example_python_operator.py for tasks to queue
[2026-07-31T11:43:49.093+0000] {logging_mixin.py:188} INFO - [2026-07-31T11:43:49.092+0000] {dagbag.py:545} INFO - Filling up the DagBag from /home/airflow/.local/lib/python3.12/site-packages/airflow/example_dags/example_python_operator.py
[2026-07-31T11:43:49.106+0000] {processor.py:840} INFO - DAG(s) 'example_python_operator' retrieved from /home/airflow/.local/lib/python3.12/site-packages/airflow/example_dags/example_python_operator.py
[2026-07-31T11:43:49.137+0000] {logging_mixin.py:188} INFO - [2026-07-31T11:43:49.137+0000] {dag.py:3089} INFO - Sync 1 DAGs
[2026-07-31T11:43:49.154+0000] {logging_mixin.py:188} INFO - [2026-07-31T11:43:49.154+0000] {dag.py:3947} INFO - Setting next_dagrun for example_python_operator to None, run_after=None
[2026-07-31T11:43:49.183+0000] {processor.py:183} INFO - Processing /home/airflow/.local/lib/python3.12/site-packages/airflow/example_dags/example_python_operator.py took 0.103 seconds
[2026-07-31T11:44:19.381+0000] {processor.py:161} INFO - Started process (PID=4863) to work on /home/airflow/.local/lib/python3.12/site-packages/airflow/example_dags/example_python_operator.py
[2026-07-31T11:44:19.382+0000] {processor.py:830} INFO - Processing file /home/airflow/.local/lib/python3.12/site-packages/airflow/example_dags/example_python_operator.py for tasks to queue
[2026-07-31T11:44:19.386+0000] {logging_mixin.py:188} INFO - [2026-07-31T11:44:19.385+0000] {dagbag.py:545} INFO - Filling up the DagBag from /home/airflow/.local/lib/python3.12/site-packages/airflow/example_dags/example_python_operator.py
[2026-07-31T11:44:19.399+0000] {processor.py:840} INFO - DAG(s) 'example_python_operator' retrieved from /home/airflow/.local/lib/python3.12/site-packages/airflow/example_dags/example_python_operator.py
[2026-07-31T11:44:19.431+0000] {logging_mixin.py:188} INFO - [2026-07-31T11:44:19.430+0000] {dag.py:3089} INFO - Sync 1 DAGs
[2026-07-31T11:44:19.449+0000] {logging_mixin.py:188} INFO - [2026-07-31T11:44:19.449+0000] {dag.py:3947} INFO - Setting next_dagrun for example_python_operator to None, run_after=None
[2026-07-31T11:44:19.484+0000] {processor.py:183} INFO - Processing /home/airflow/.local/lib/python3.12/site-packages/airflow/example_dags/example_python_operator.py took 0.111 seconds
[2026-07-31T11:44:49.595+0000] {processor.py:161} INFO - Started process (PID=4921) to work on /home/airflow/.local/lib/python3.12/site-packages/airflow/example_dags/example_python_operator.py
[2026-07-31T11:44:49.600+0000] {processor.py:830} INFO - Processing file /home/airflow/.local/lib/python3.12/site-packages/airflow/example_dags/example_python_operator.py for tasks to queue
[2026-07-31T11:44:49.605+0000] {logging_mixin.py:188} INFO - [2026-07-31T11:44:49.604+0000] {dagbag.py:545} INFO - Filling up the DagBag from /home/airflow/.local/lib/python3.12/site-packages/airflow/example_dags/example_python_operator.py
[2026-07-31T11:44:49.631+0000] {processor.py:840} INFO - DAG(s) 'example_python_operator' retrieved from /home/airflow/.local/lib/python3.12/site-packages/airflow/example_dags/example_python_operator.py
[2026-07-31T11:44:49.691+0000] {logging_mixin.py:188} INFO - [2026-07-31T11:44:49.690+0000] {dag.py:3089} INFO - Sync 1 DAGs
[2026-07-31T11:44:49.720+0000] {logging_mixin.py:188} INFO - [2026-07-31T11:44:49.720+0000] {dag.py:3947} INFO - Setting next_dagrun for example_python_operator to None, run_after=None
[2026-07-31T11:44:49.770+0000] {processor.py:183} INFO - Processing /home/airflow/.local/lib/python3.12/site-packages/airflow/example_dags/example_python_operator.py took 0.189 seconds
[2026-07-31T11:45:20.046+0000] {processor.py:161} INFO - Started process (PID=4978) to work on /home/airflow/.local/lib/python3.12/site-packages/airflow/example_dags/example_python_operator.py
[2026-07-31T11:45:20.049+0000] {processor.py:830} INFO - Processing file /home/airflow/.local/lib/python3.12/site-packages/airflow/example_dags/example_python_operator.py for tasks to queue
[2026-07-31T11:45:20.053+0000] {logging_mixin.py:188} INFO - [2026-07-31T11:45:20.052+0000] {dagbag.py:545} INFO - Filling up the DagBag from /home/airflow/.local/lib/python3.12/site-packages/airflow/example_dags/example_python_operator.py
[2026-07-31T11:45:20.085+0000] {processor.py:840} INFO - DAG(s) 'example_python_operator' retrieved from /home/airflow/.local/lib/python3.12/site-packages/airflow/example_dags/example_python_operator.py
[2026-07-31T11:45:20.140+0000] {logging_mixin.py:188} INFO - [2026-07-31T11:45:20.139+0000] {dag.py:3089} INFO - Sync 1 DAGs
[2026-07-31T11:45:20.164+0000] {logging_mixin.py:188} INFO - [2026-07-31T11:45:20.164+0000] {dag.py:3947} INFO - Setting next_dagrun for example_python_operator to None, run_after=None
[2026-07-31T11:45:20.215+0000] {processor.py:183} INFO - Processing /home/airflow/.local/lib/python3.12/site-packages/airflow/example_dags/example_python_operator.py took 0.185 seconds
[2026-07-31T11:45:50.742+0000] {processor.py:161} INFO - Started process (PID=5036) to work on /home/airflow/.local/lib/python3.12/site-packages/airflow/example_dags/example_python_operator.py
[2026-07-31T11:45:50.744+0000] {processor.py:830} INFO - Processing file /home/airflow/.local/lib/python3.12/site-packages/airflow/example_dags/example_python_operator.py for tasks to queue
[2026-07-31T11:45:50.746+0000] {logging_mixin.py:188} INFO - [2026-07-31T11:45:50.746+0000] {dagbag.py:545} INFO - Filling up the DagBag from /home/airflow/.local/lib/python3.12/site-packages/airflow/example_dags/example_python_operator.py
[2026-07-31T11:45:50.764+0000] {processor.py:840} INFO - DAG(s) 'example_python_operator' retrieved from /home/airflow/.local/lib/python3.12/site-packages/airflow/example_dags/example_python_operator.py
[2026-07-31T11:45:50.796+0000] {logging_mixin.py:188} INFO - [2026-07-31T11:45:50.795+0000] {dag.py:3089} INFO - Sync 1 DAGs
[2026-07-31T11:45:50.817+0000] {logging_mixin.py:188} INFO - [2026-07-31T11:45:50.816+0000] {dag.py:3947} INFO - Setting next_dagrun for example_python_operator to None, run_after=None
[2026-07-31T11:45:50.845+0000] {processor.py:183} INFO - Processing /home/airflow/.local/lib/python3.12/site-packages/airflow/example_dags/example_python_operator.py took 0.111 seconds
[2026-07-31T11:46:21.261+0000] {processor.py:161} INFO - Started process (PID=5094) to work on /home/airflow/.local/lib/python3.12/site-packages/airflow/example_dags/example_python_operator.py
[2026-07-31T11:46:21.262+0000] {processor.py:830} INFO - Processing file /home/airflow/.local/lib/python3.12/site-packages/airflow/example_dags/example_python_operator.py for tasks to queue
[2026-07-31T11:46:21.264+0000] {logging_mixin.py:188} INFO - [2026-07-31T11:46:21.264+0000] {dagbag.py:545} INFO - Filling up the DagBag from /home/airflow/.local/lib/python3.12/site-packages/airflow/example_dags/example_python_operator.py
[2026-07-31T11:46:21.278+0000] {processor.py:840} INFO - DAG(s) 'example_python_operator' retrieved from /home/airflow/.local/lib/python3.12/site-packages/airflow/example_dags/example_python_operator.py
[2026-07-31T11:46:21.305+0000] {logging_mixin.py:188} INFO - [2026-07-31T11:46:21.305+0000] {dag.py:3089} INFO - Sync 1 DAGs
[2026-07-31T11:46:21.323+0000] {logging_mixin.py:188} INFO - [2026-07-31T11:46:21.323+0000] {dag.py:3947} INFO - Setting next_dagrun for example_python_operator to None, run_after=None
[2026-07-31T11:46:21.350+0000] {processor.py:183} INFO - Processing /home/airflow/.local/lib/python3.12/site-packages/airflow/example_dags/example_python_operator.py took 0.098 seconds
[2026-07-31T11:46:51.748+0000] {processor.py:161} INFO - Started process (PID=5152) to work on /home/airflow/.local/lib/python3.12/site-packages/airflow/example_dags/example_python_operator.py
[2026-07-31T11:46:51.749+0000] {processor.py:830} INFO - Processing file /home/airflow/.local/lib/python3.12/site-packages/airflow/example_dags/example_python_operator.py for tasks to queue
[2026-07-31T11:46:51.752+0000] {logging_mixin.py:188} INFO - [2026-07-31T11:46:51.751+0000] {dagbag.py:545} INFO - Filling up the DagBag from /home/airflow/.local/lib/python3.12/site-packages/airflow/example_dags/example_python_operator.py
[2026-07-31T11:46:51.764+0000] {processor.py:840} INFO - DAG(s) 'example_python_operator' retrieved from /home/airflow/.local/lib/python3.12/site-packages/airflow/example_dags/example_python_operator.py
[2026-07-31T11:46:51.792+0000] {logging_mixin.py:188} INFO - [2026-07-31T11:46:51.791+0000] {dag.py:3089} INFO - Sync 1 DAGs
[2026-07-31T11:46:51.808+0000] {logging_mixin.py:188} INFO - [2026-07-31T11:46:51.808+0000] {dag.py:3947} INFO - Setting next_dagrun for example_python_operator to None, run_after=None
[2026-07-31T11:46:51.832+0000] {processor.py:183} INFO - Processing /home/airflow/.local/lib/python3.12/site-packages/airflow/example_dags/example_python_operator.py took 0.092 seconds
[2026-07-31T11:47:22.233+0000] {processor.py:161} INFO - Started process (PID=5210) to work on /home/airflow/.local/lib/python3.12/site-packages/airflow/example_dags/example_python_operator.py
[2026-07-31T11:47:22.236+0000] {processor.py:830} INFO - Processing file /home/airflow/.local/lib/python3.12/site-packages/airflow/example_dags/example_python_operator.py for tasks to queue
[2026-07-31T11:47:22.239+0000] {logging_mixin.py:188} INFO - [2026-07-31T11:47:22.238+0000] {dagbag.py:545} INFO - Filling up the DagBag from /home/airflow/.local/lib/python3.12/site-packages/airflow/example_dags/example_python_operator.py
[2026-07-31T11:47:22.257+0000] {processor.py:840} INFO - DAG(s) 'example_python_operator' retrieved from /home/airflow/.local/lib/python3.12/site-packages/airflow/example_dags/example_python_operator.py
[2026-07-31T11:47:22.311+0000] {logging_mixin.py:188} INFO - [2026-07-31T11:47:22.310+0000] {dag.py:3089} INFO - Sync 1 DAGs
[2026-07-31T11:47:22.335+0000] {logging_mixin.py:188} INFO - [2026-07-31T11:47:22.334+0000] {dag.py:3947} INFO - Setting next_dagrun for example_python_operator to None, run_after=None
[2026-07-31T11:47:22.373+0000] {processor.py:183} INFO - Processing /home/airflow/.local/lib/python3.12/site-packages/airflow/example_dags/example_python_operator.py took 0.149 seconds
[2026-07-31T11:47:52.456+0000] {processor.py:161} INFO - Started process (PID=5268) to work on /home/airflow/.local/lib/python3.12/site-packages/airflow/example_dags/example_python_operator.py
[2026-07-31T11:47:52.458+0000] {processor.py:830} INFO - Processing file /home/airflow/.local/lib/python3.12/site-packages/airflow/example_dags/example_python_operator.py for tasks to queue
[2026-07-31T11:47:52.461+0000] {logging_mixin.py:188} INFO - [2026-07-31T11:47:52.461+0000] {dagbag.py:545} INFO - Filling up the DagBag from /home/airflow/.local/lib/python3.12/site-packages/airflow/example_dags/example_python_operator.py
[2026-07-31T11:47:52.475+0000] {processor.py:840} INFO - DAG(s) 'example_python_operator' retrieved from /home/airflow/.local/lib/python3.12/site-packages/airflow/example_dags/example_python_operator.py
[2026-07-31T11:47:52.508+0000] {logging_mixin.py:188} INFO - [2026-07-31T11:47:52.507+0000] {dag.py:3089} INFO - Sync 1 DAGs
[2026-07-31T11:47:52.525+0000] {logging_mixin.py:188} INFO - [2026-07-31T11:47:52.525+0000] {dag.py:3947} INFO - Setting next_dagrun for example_python_operator to None, run_after=None
[2026-07-31T11:47:52.555+0000] {processor.py:183} INFO - Processing /home/airflow/.local/lib/python3.12/site-packages/airflow/example_dags/example_python_operator.py took 0.107 seconds
[2026-07-31T11:48:22.653+0000] {processor.py:161} INFO - Started process (PID=5326) to work on /home/airflow/.local/lib/python3.12/site-packages/airflow/example_dags/example_python_operator.py
[2026-07-31T11:48:22.654+0000] {processor.py:830} INFO - Processing file /home/airflow/.local/lib/python3.12/site-packages/airflow/example_dags/example_python_operator.py for tasks to queue
[2026-07-31T11:48:22.657+0000] {logging_mixin.py:188} INFO - [2026-07-31T11:48:22.656+0000] {dagbag.py:545} INFO - Filling up the DagBag from /home/airflow/.local/lib/python3.12/site-packages/airflow/example_dags/example_python_operator.py
[2026-07-31T11:48:22.668+0000] {processor.py:840} INFO - DAG(s) 'example_python_operator' retrieved from /home/airflow/.local/lib/python3.12/site-packages/airflow/example_dags/example_python_operator.py
[2026-07-31T11:48:22.697+0000] {logging_mixin.py:188} INFO - [2026-07-31T11:48:22.696+0000] {dag.py:3089} INFO - Sync 1 DAGs
[2026-07-31T11:48:22.714+0000] {logging_mixin.py:188} INFO - [2026-07-31T11:48:22.713+0000] {dag.py:3947} INFO - Setting next_dagrun for example_python_operator to None, run_after=None
[2026-07-31T11:48:22.737+0000] {processor.py:183} INFO - Processing /home/airflow/.local/lib/python3.12/site-packages/airflow/example_dags/example_python_operator.py took 0.091 seconds
[2026-07-31T11:48:53.166+0000] {processor.py:161} INFO - Started process (PID=5384) to work on /home/airflow/.local/lib/python3.12/site-packages/airflow/example_dags/example_python_operator.py
[2026-07-31T11:48:53.168+0000] {processor.py:830} INFO - Processing file /home/airflow/.local/lib/python3.12/site-packages/airflow/example_dags/example_python_operator.py for tasks to queue
[2026-07-31T11:48:53.171+0000] {logging_mixin.py:188} INFO - [2026-07-31T11:48:53.170+0000] {dagbag.py:545} INFO - Filling up the DagBag from /home/airflow/.local/lib/python3.12/site-packages/airflow/example_dags/example_python_operator.py
[2026-07-31T11:48:53.188+0000] {processor.py:840} INFO - DAG(s) 'example_python_operator' retrieved from /home/airflow/.local/lib/python3.12/site-packages/airflow/example_dags/example_python_operator.py
[2026-07-31T11:48:53.223+0000] {logging_mixin.py:188} INFO - [2026-07-31T11:48:53.222+0000] {dag.py:3089} INFO - Sync 1 DAGs
[2026-07-31T11:48:53.244+0000] {logging_mixin.py:188} INFO - [2026-07-31T11:48:53.243+0000] {dag.py:3947} INFO - Setting next_dagrun for example_python_operator to None, run_after=None
[2026-07-31T11:48:53.270+0000] {processor.py:183} INFO - Processing /home/airflow/.local/lib/python3.12/site-packages/airflow/example_dags/example_python_operator.py took 0.113 seconds
[2026-07-31T11:49:23.728+0000] {processor.py:161} INFO - Started process (PID=5442) to work on /home/airflow/.local/lib/python3.12/site-packages/airflow/example_dags/example_python_operator.py
[2026-07-31T11:49:23.730+0000] {processor.py:830} INFO - Processing file /home/airflow/.local/lib/python3.12/site-packages/airflow/example_dags/example_python_operator.py for tasks to queue
[2026-07-31T11:49:23.732+0000] {logging_mixin.py:188} INFO - [2026-07-31T11:49:23.732+0000] {dagbag.py:545} INFO - Filling up the DagBag from /home/airflow/.local/lib/python3.12/site-packages/airflow/example_dags/example_python_operator.py
[2026-07-31T11:49:23.745+0000] {processor.py:840} INFO - DAG(s) 'example_python_operator' retrieved from /home/airflow/.local/lib/python3.12/site-packages/airflow/example_dags/example_python_operator.py
[2026-07-31T11:49:23.771+0000] {logging_mixin.py:188} INFO - [2026-07-31T11:49:23.770+0000] {dag.py:3089} INFO - Sync 1 DAGs
[2026-07-31T11:49:23.786+0000] {logging_mixin.py:188} INFO - [2026-07-31T11:49:23.786+0000] {dag.py:3947} INFO - Setting next_dagrun for example_python_operator to None, run_after=None
[2026-07-31T11:49:23.811+0000] {processor.py:183} INFO - Processing /home/airflow/.local/lib/python3.12/site-packages/airflow/example_dags/example_python_operator.py took 0.090 seconds
[2026-07-31T11:49:54.479+0000] {processor.py:161} INFO - Started process (PID=5500) to work on /home/airflow/.local/lib/python3.12/site-packages/airflow/example_dags/example_python_operator.py
[2026-07-31T11:49:54.481+0000] {processor.py:830} INFO - Processing file /home/airflow/.local/lib/python3.12/site-packages/airflow/example_dags/example_python_operator.py for tasks to queue
[2026-07-31T11:49:54.484+0000] {logging_mixin.py:188} INFO - [2026-07-31T11:49:54.483+0000] {dagbag.py:545} INFO - Filling up the DagBag from /home/airflow/.local/lib/python3.12/site-packages/airflow/example_dags/example_python_operator.py
[2026-07-31T11:49:54.497+0000] {processor.py:840} INFO - DAG(s) 'example_python_operator' retrieved from /home/airflow/.local/lib/python3.12/site-packages/airflow/example_dags/example_python_operator.py
[2026-07-31T11:49:54.522+0000] {logging_mixin.py:188} INFO - [2026-07-31T11:49:54.522+0000] {dag.py:3089} INFO - Sync 1 DAGs
[2026-07-31T11:49:54.537+0000] {logging_mixin.py:188} INFO - [2026-07-31T11:49:54.537+0000] {dag.py:3947} INFO - Setting next_dagrun for example_python_operator to None, run_after=None
[2026-07-31T11:49:54.562+0000] {processor.py:183} INFO - Processing /home/airflow/.local/lib/python3.12/site-packages/airflow/example_dags/example_python_operator.py took 0.090 seconds
[2026-07-31T11:50:24.860+0000] {processor.py:161} INFO - Started process (PID=5558) to work on /home/airflow/.local/lib/python3.12/site-packages/airflow/example_dags/example_python_operator.py
[2026-07-31T11:50:24.862+0000] {processor.py:830} INFO - Processing file /home/airflow/.local/lib/python3.12/site-packages/airflow/example_dags/example_python_operator.py for tasks to queue
[2026-07-31T11:50:24.864+0000] {logging_mixin.py:188} INFO - [2026-07-31T11:50:24.864+0000] {dagbag.py:545} INFO - Filling up the DagBag from /home/airflow/.local/lib/python3.12/site-packages/airflow/example_dags/example_python_operator.py
[2026-07-31T11:50:24.877+0000] {processor.py:840} INFO - DAG(s) 'example_python_operator' retrieved from /home/airflow/.local/lib/python3.12/site-packages/airflow/example_dags/example_python_operator.py
[2026-07-31T11:50:24.905+0000] {logging_mixin.py:188} INFO - [2026-07-31T11:50:24.905+0000] {dag.py:3089} INFO - Sync 1 DAGs
[2026-07-31T11:50:24.926+0000] {logging_mixin.py:188} INFO - [2026-07-31T11:50:24.925+0000] {dag.py:3947} INFO - Setting next_dagrun for example_python_operator to None, run_after=None
[2026-07-31T11:50:24.950+0000] {processor.py:183} INFO - Processing /home/airflow/.local/lib/python3.12/site-packages/airflow/example_dags/example_python_operator.py took 0.097 seconds
[2026-07-31T11:50:55.255+0000] {processor.py:161} INFO - Started process (PID=5616) to work on /home/airflow/.local/lib/python3.12/site-packages/airflow/example_dags/example_python_operator.py
[2026-07-31T11:50:55.257+0000] {processor.py:830} INFO - Processing file /home/airflow/.local/lib/python3.12/site-packages/airflow/example_dags/example_python_operator.py for tasks to queue
[2026-07-31T11:50:55.259+0000] {logging_mixin.py:188} INFO - [2026-07-31T11:50:55.259+0000] {dagbag.py:545} INFO - Filling up the DagBag from /home/airflow/.local/lib/python3.12/site-packages/airflow/example_dags/example_python_operator.py
[2026-07-31T11:50:55.275+0000] {processor.py:840} INFO - DAG(s) 'example_python_operator' retrieved from /home/airflow/.local/lib/python3.12/site-packages/airflow/example_dags/example_python_operator.py
[2026-07-31T11:50:55.307+0000] {logging_mixin.py:188} INFO - [2026-07-31T11:50:55.307+0000] {dag.py:3089} INFO - Sync 1 DAGs
[2026-07-31T11:50:55.326+0000] {logging_mixin.py:188} INFO - [2026-07-31T11:50:55.325+0000] {dag.py:3947} INFO - Setting next_dagrun for example_python_operator to None, run_after=None
[2026-07-31T11:50:55.356+0000] {processor.py:183} INFO - Processing /home/airflow/.local/lib/python3.12/site-packages/airflow/example_dags/example_python_operator.py took 0.108 seconds
[2026-07-31T11:51:25.431+0000] {processor.py:161} INFO - Started process (PID=5673) to work on /home/airflow/.local/lib/python3.12/site-packages/airflow/example_dags/example_python_operator.py
[2026-07-31T11:51:25.433+0000] {processor.py:830} INFO - Processing file /home/airflow/.local/lib/python3.12/site-packages/airflow/example_dags/example_python_operator.py for tasks to queue
[2026-07-31T11:51:25.435+0000] {logging_mixin.py:188} INFO - [2026-07-31T11:51:25.435+0000] {dagbag.py:545} INFO - Filling up the DagBag from /home/airflow/.local/lib/python3.12/site-packages/airflow/example_dags/example_python_operator.py
[2026-07-31T11:51:25.450+0000] {processor.py:840} INFO - DAG(s) 'example_python_operator' retrieved from /home/airflow/.local/lib/python3.12/site-packages/airflow/example_dags/example_python_operator.py
[2026-07-31T11:51:25.478+0000] {logging_mixin.py:188} INFO - [2026-07-31T11:51:25.478+0000] {dag.py:3089} INFO - Sync 1 DAGs
[2026-07-31T11:51:25.496+0000] {logging_mixin.py:188} INFO - [2026-07-31T11:51:25.496+0000] {dag.py:3947} INFO - Setting next_dagrun for example_python_operator to None, run_after=None
[2026-07-31T11:51:25.521+0000] {processor.py:183} INFO - Processing /home/airflow/.local/lib/python3.12/site-packages/airflow/example_dags/example_python_operator.py took 0.097 seconds
[2026-07-31T11:51:55.896+0000] {processor.py:161} INFO - Started process (PID=5731) to work on /home/airflow/.local/lib/python3.12/site-packages/airflow/example_dags/example_python_operator.py
[2026-07-31T11:51:55.898+0000] {processor.py:830} INFO - Processing file /home/airflow/.local/lib/python3.12/site-packages/airflow/example_dags/example_python_operator.py for tasks to queue
[2026-07-31T11:51:55.900+0000] {logging_mixin.py:188} INFO - [2026-07-31T11:51:55.900+0000] {dagbag.py:545} INFO - Filling up the DagBag from /home/airflow/.local/lib/python3.12/site-packages/airflow/example_dags/example_python_operator.py
[2026-07-31T11:51:55.914+0000] {processor.py:840} INFO - DAG(s) 'example_python_operator' retrieved from /home/airflow/.local/lib/python3.12/site-packages/airflow/example_dags/example_python_operator.py
[2026-07-31T11:51:55.941+0000] {logging_mixin.py:188} INFO - [2026-07-31T11:51:55.941+0000] {dag.py:3089} INFO - Sync 1 DAGs
[2026-07-31T11:51:55.957+0000] {logging_mixin.py:188} INFO - [2026-07-31T11:51:55.957+0000] {dag.py:3947} INFO - Setting next_dagrun for example_python_operator to None, run_after=None
[2026-07-31T11:51:55.982+0000] {processor.py:183} INFO - Processing /home/airflow/.local/lib/python3.12/site-packages/airflow/example_dags/example_python_operator.py took 0.094 seconds
[2026-07-31T11:52:26.383+0000] {processor.py:161} INFO - Started process (PID=5789) to work on /home/airflow/.local/lib/python3.12/site-packages/airflow/example_dags/example_python_operator.py
[2026-07-31T11:52:26.384+0000] {processor.py:830} INFO - Processing file /home/airflow/.local/lib/python3.12/site-packages/airflow/example_dags/example_python_operator.py for tasks to queue
[2026-07-31T11:52:26.387+0000] {logging_mixin.py:188} INFO - [2026-07-31T11:52:26.387+0000] {dagbag.py:545} INFO - Filling up the DagBag from /home/airflow/.local/lib/python3.12/site-packages/airflow/example_dags/example_python_operator.py
[2026-07-31T11:52:26.400+0000] {processor.py:840} INFO - DAG(s) 'example_python_operator' retrieved from /home/airflow/.local/lib/python3.12/site-packages/airflow/example_dags/example_python_operator.py
[2026-07-31T11:52:26.435+0000] {logging_mixin.py:188} INFO - [2026-07-31T11:52:26.435+0000] {dag.py:3089} INFO - Sync 1 DAGs
[2026-07-31T11:52:26.453+0000] {logging_mixin.py:188} INFO - [2026-07-31T11:52:26.452+0000] {dag.py:3947} INFO - Setting next_dagrun for example_python_operator to None, run_after=None
[2026-07-31T11:52:26.483+0000] {processor.py:183} INFO - Processing /home/airflow/.local/lib/python3.12/site-packages/airflow/example_dags/example_python_operator.py took 0.107 seconds
[2026-07-31T11:52:56.982+0000] {processor.py:161} INFO - Started process (PID=5847) to work on /home/airflow/.local/lib/python3.12/site-packages/airflow/example_dags/example_python_operator.py
[2026-07-31T11:52:56.983+0000] {processor.py:830} INFO - Processing file /home/airflow/.local/lib/python3.12/site-packages/airflow/example_dags/example_python_operator.py for tasks to queue
[2026-07-31T11:52:56.985+0000] {logging_mixin.py:188} INFO - [2026-07-31T11:52:56.985+0000] {dagbag.py:545} INFO - Filling up the DagBag from /home/airflow/.local/lib/python3.12/site-packages/airflow/example_dags/example_python_operator.py
[2026-07-31T11:52:57.001+0000] {processor.py:840} INFO - DAG(s) 'example_python_operator' retrieved from /home/airflow/.local/lib/python3.12/site-packages/airflow/example_dags/example_python_operator.py
[2026-07-31T11:52:57.038+0000] {logging_mixin.py:188} INFO - [2026-07-31T11:52:57.038+0000] {dag.py:3089} INFO - Sync 1 DAGs
[2026-07-31T11:52:57.057+0000] {logging_mixin.py:188} INFO - [2026-07-31T11:52:57.057+0000] {dag.py:3947} INFO - Setting next_dagrun for example_python_operator to None, run_after=None
[2026-07-31T11:52:57.091+0000] {processor.py:183} INFO - Processing /home/airflow/.local/lib/python3.12/site-packages/airflow/example_dags/example_python_operator.py took 0.119 seconds
[2026-07-31T11:53:27.308+0000] {processor.py:161} INFO - Started process (PID=5905) to work on /home/airflow/.local/lib/python3.12/site-packages/airflow/example_dags/example_python_operator.py
[2026-07-31T11:53:27.310+0000] {processor.py:830} INFO - Processing file /home/airflow/.local/lib/python3.12/site-packages/airflow/example_dags/example_python_operator.py for tasks to queue
[2026-07-31T11:53:27.312+0000] {logging_mixin.py:188} INFO - [2026-07-31T11:53:27.312+0000] {dagbag.py:545} INFO - Filling up the DagBag from /home/airflow/.local/lib/python3.12/site-packages/airflow/example_dags/example_python_operator.py
[2026-07-31T11:53:27.326+0000] {processor.py:840} INFO - DAG(s) 'example_python_operator' retrieved from /home/airflow/.local/lib/python3.12/site-packages/airflow/example_dags/example_python_operator.py
[2026-07-31T11:53:27.354+0000] {logging_mixin.py:188} INFO - [2026-07-31T11:53:27.353+0000] {dag.py:3089} INFO - Sync 1 DAGs
[2026-07-31T11:53:27.540+0000] {logging_mixin.py:188} INFO - [2026-07-31T11:53:27.540+0000] {dag.py:3947} INFO - Setting next_dagrun for example_python_operator to None, run_after=None
[2026-07-31T11:53:27.567+0000] {processor.py:183} INFO - Processing /home/airflow/.local/lib/python3.12/site-packages/airflow/example_dags/example_python_operator.py took 0.266 seconds
[2026-07-31T11:53:57.803+0000] {processor.py:161} INFO - Started process (PID=5963) to work on /home/airflow/.local/lib/python3.12/site-packages/airflow/example_dags/example_python_operator.py
[2026-07-31T11:53:57.804+0000] {processor.py:830} INFO - Processing file /home/airflow/.local/lib/python3.12/site-packages/airflow/example_dags/example_python_operator.py for tasks to queue
[2026-07-31T11:53:57.807+0000] {logging_mixin.py:188} INFO - [2026-07-31T11:53:57.806+0000] {dagbag.py:545} INFO - Filling up the DagBag from /home/airflow/.local/lib/python3.12/site-packages/airflow/example_dags/example_python_operator.py
[2026-07-31T11:53:57.819+0000] {processor.py:840} INFO - DAG(s) 'example_python_operator' retrieved from /home/airflow/.local/lib/python3.12/site-packages/airflow/example_dags/example_python_operator.py
[2026-07-31T11:53:57.849+0000] {logging_mixin.py:188} INFO - [2026-07-31T11:53:57.848+0000] {dag.py:3089} INFO - Sync 1 DAGs
[2026-07-31T11:53:58.035+0000] {logging_mixin.py:188} INFO - [2026-07-31T11:53:58.034+0000] {dag.py:3947} INFO - Setting next_dagrun for example_python_operator to None, run_after=None
[2026-07-31T11:53:58.061+0000] {processor.py:183} INFO - Processing /home/airflow/.local/lib/python3.12/site-packages/airflow/example_dags/example_python_operator.py took 0.265 seconds
[2026-07-31T11:54:28.824+0000] {processor.py:161} INFO - Started process (PID=6022) to work on /home/airflow/.local/lib/python3.12/site-packages/airflow/example_dags/example_python_operator.py
[2026-07-31T11:54:28.826+0000] {processor.py:830} INFO - Processing file /home/airflow/.local/lib/python3.12/site-packages/airflow/example_dags/example_python_operator.py for tasks to queue
[2026-07-31T11:54:28.828+0000] {logging_mixin.py:188} INFO - [2026-07-31T11:54:28.827+0000] {dagbag.py:545} INFO - Filling up the DagBag from /home/airflow/.local/lib/python3.12/site-packages/airflow/example_dags/example_python_operator.py
[2026-07-31T11:54:28.840+0000] {processor.py:840} INFO - DAG(s) 'example_python_operator' retrieved from /home/airflow/.local/lib/python3.12/site-packages/airflow/example_dags/example_python_operator.py
[2026-07-31T11:54:28.867+0000] {logging_mixin.py:188} INFO - [2026-07-31T11:54:28.867+0000] {dag.py:3089} INFO - Sync 1 DAGs
[2026-07-31T11:54:28.887+0000] {logging_mixin.py:188} INFO - [2026-07-31T11:54:28.886+0000] {dag.py:3947} INFO - Setting next_dagrun for example_python_operator to None, run_after=None
[2026-07-31T11:54:28.910+0000] {processor.py:183} INFO - Processing /home/airflow/.local/lib/python3.12/site-packages/airflow/example_dags/example_python_operator.py took 0.093 seconds
[2026-07-31T11:54:59.270+0000] {processor.py:161} INFO - Started process (PID=6080) to work on /home/airflow/.local/lib/python3.12/site-packages/airflow/example_dags/example_python_operator.py
[2026-07-31T11:54:59.271+0000] {processor.py:830} INFO - Processing file /home/airflow/.local/lib/python3.12/site-packages/airflow/example_dags/example_python_operator.py for tasks to queue
[2026-07-31T11:54:59.274+0000] {logging_mixin.py:188} INFO - [2026-07-31T11:54:59.274+0000] {dagbag.py:545} INFO - Filling up the DagBag from /home/airflow/.local/lib/python3.12/site-packages/airflow/example_dags/example_python_operator.py
[2026-07-31T11:54:59.287+0000] {processor.py:840} INFO - DAG(s) 'example_python_operator' retrieved from /home/airflow/.local/lib/python3.12/site-packages/airflow/example_dags/example_python_operator.py
[2026-07-31T11:54:59.315+0000] {logging_mixin.py:188} INFO - [2026-07-31T11:54:59.314+0000] {dag.py:3089} INFO - Sync 1 DAGs
[2026-07-31T11:54:59.331+0000] {logging_mixin.py:188} INFO - [2026-07-31T11:54:59.330+0000] {dag.py:3947} INFO - Setting next_dagrun for example_python_operator to None, run_after=None
[2026-07-31T11:54:59.355+0000] {processor.py:183} INFO - Processing /home/airflow/.local/lib/python3.12/site-packages/airflow/example_dags/example_python_operator.py took 0.093 seconds
[2026-07-31T11:55:29.871+0000] {processor.py:161} INFO - Started process (PID=6138) to work on /home/airflow/.local/lib/python3.12/site-packages/airflow/example_dags/example_python_operator.py
[2026-07-31T11:55:29.872+0000] {processor.py:830} INFO - Processing file /home/airflow/.local/lib/python3.12/site-packages/airflow/example_dags/example_python_operator.py for tasks to queue
[2026-07-31T11:55:29.874+0000] {logging_mixin.py:188} INFO - [2026-07-31T11:55:29.874+0000] {dagbag.py:545} INFO - Filling up the DagBag from /home/airflow/.local/lib/python3.12/site-packages/airflow/example_dags/example_python_operator.py
[2026-07-31T11:55:29.894+0000] {processor.py:840} INFO - DAG(s) 'example_python_operator' retrieved from /home/airflow/.local/lib/python3.12/site-packages/airflow/example_dags/example_python_operator.py
[2026-07-31T11:55:29.921+0000] {logging_mixin.py:188} INFO - [2026-07-31T11:55:29.921+0000] {dag.py:3089} INFO - Sync 1 DAGs
[2026-07-31T11:55:29.939+0000] {logging_mixin.py:188} INFO - [2026-07-31T11:55:29.939+0000] {dag.py:3947} INFO - Setting next_dagrun for example_python_operator to None, run_after=None
[2026-07-31T11:55:29.972+0000] {processor.py:183} INFO - Processing /home/airflow/.local/lib/python3.12/site-packages/airflow/example_dags/example_python_operator.py took 0.108 seconds
[2026-07-31T11:56:00.466+0000] {processor.py:161} INFO - Started process (PID=6197) to work on /home/airflow/.local/lib/python3.12/site-packages/airflow/example_dags/example_python_operator.py
[2026-07-31T11:56:00.467+0000] {processor.py:830} INFO - Processing file /home/airflow/.local/lib/python3.12/site-packages/airflow/example_dags/example_python_operator.py for tasks to queue
[2026-07-31T11:56:00.470+0000] {logging_mixin.py:188} INFO - [2026-07-31T11:56:00.470+0000] {dagbag.py:545} INFO - Filling up the DagBag from /home/airflow/.local/lib/python3.12/site-packages/airflow/example_dags/example_python_operator.py
[2026-07-31T11:56:00.483+0000] {processor.py:840} INFO - DAG(s) 'example_python_operator' retrieved from /home/airflow/.local/lib/python3.12/site-packages/airflow/example_dags/example_python_operator.py
[2026-07-31T11:56:00.509+0000] {logging_mixin.py:188} INFO - [2026-07-31T11:56:00.509+0000] {dag.py:3089} INFO - Sync 1 DAGs
[2026-07-31T11:56:00.524+0000] {logging_mixin.py:188} INFO - [2026-07-31T11:56:00.524+0000] {dag.py:3947} INFO - Setting next_dagrun for example_python_operator to None, run_after=None
[2026-07-31T11:56:00.550+0000] {processor.py:183} INFO - Processing /home/airflow/.local/lib/python3.12/site-packages/airflow/example_dags/example_python_operator.py took 0.092 seconds
[2026-07-31T11:56:31.049+0000] {processor.py:161} INFO - Started process (PID=6255) to work on /home/airflow/.local/lib/python3.12/site-packages/airflow/example_dags/example_python_operator.py
[2026-07-31T11:56:31.050+0000] {processor.py:830} INFO - Processing file /home/airflow/.local/lib/python3.12/site-packages/airflow/example_dags/example_python_operator.py for tasks to queue
[2026-07-31T11:56:31.054+0000] {logging_mixin.py:188} INFO - [2026-07-31T11:56:31.053+0000] {dagbag.py:545} INFO - Filling up the DagBag from /home/airflow/.local/lib/python3.12/site-packages/airflow/example_dags/example_python_operator.py
[2026-07-31T11:56:31.067+0000] {processor.py:840} INFO - DAG(s) 'example_python_operator' retrieved from /home/airflow/.local/lib/python3.12/site-packages/airflow/example_dags/example_python_operator.py
[2026-07-31T11:56:31.098+0000] {logging_mixin.py:188} INFO - [2026-07-31T11:56:31.097+0000] {dag.py:3089} INFO - Sync 1 DAGs
[2026-07-31T11:56:31.119+0000] {logging_mixin.py:188} INFO - [2026-07-31T11:56:31.118+0000] {dag.py:3947} INFO - Setting next_dagrun for example_python_operator to None, run_after=None
[2026-07-31T11:56:31.150+0000] {processor.py:183} INFO - Processing /home/airflow/.local/lib/python3.12/site-packages/airflow/example_dags/example_python_operator.py took 0.108 seconds
[2026-07-31T11:57:01.726+0000] {processor.py:161} INFO - Started process (PID=6313) to work on /home/airflow/.local/lib/python3.12/site-packages/airflow/example_dags/example_python_operator.py
[2026-07-31T11:57:01.727+0000] {processor.py:830} INFO - Processing file /home/airflow/.local/lib/python3.12/site-packages/airflow/example_dags/example_python_operator.py for tasks to queue
[2026-07-31T11:57:01.730+0000] {logging_mixin.py:188} INFO - [2026-07-31T11:57:01.730+0000] {dagbag.py:545} INFO - Filling up the DagBag from /home/airflow/.local/lib/python3.12/site-packages/airflow/example_dags/example_python_operator.py
[2026-07-31T11:57:01.745+0000] {processor.py:840} INFO - DAG(s) 'example_python_operator' retrieved from /home/airflow/.local/lib/python3.12/site-packages/airflow/example_dags/example_python_operator.py
[2026-07-31T11:57:01.782+0000] {logging_mixin.py:188} INFO - [2026-07-31T11:57:01.782+0000] {dag.py:3089} INFO - Sync 1 DAGs
[2026-07-31T11:57:01.800+0000] {logging_mixin.py:188} INFO - [2026-07-31T11:57:01.800+0000] {dag.py:3947} INFO - Setting next_dagrun for example_python_operator to None, run_after=None
[2026-07-31T11:57:01.834+0000] {processor.py:183} INFO - Processing /home/airflow/.local/lib/python3.12/site-packages/airflow/example_dags/example_python_operator.py took 0.116 seconds
[2026-07-31T11:57:32.931+0000] {processor.py:161} INFO - Started process (PID=6371) to work on /home/airflow/.local/lib/python3.12/site-packages/airflow/example_dags/example_python_operator.py
[2026-07-31T11:57:32.937+0000] {processor.py:830} INFO - Processing file /home/airflow/.local/lib/python3.12/site-packages/airflow/example_dags/example_python_operator.py for tasks to queue
[2026-07-31T11:57:32.943+0000] {logging_mixin.py:188} INFO - [2026-07-31T11:57:32.942+0000] {dagbag.py:545} INFO - Filling up the DagBag from /home/airflow/.local/lib/python3.12/site-packages/airflow/example_dags/example_python_operator.py
[2026-07-31T11:57:32.982+0000] {processor.py:840} INFO - DAG(s) 'example_python_operator' retrieved from /home/airflow/.local/lib/python3.12/site-packages/airflow/example_dags/example_python_operator.py
[2026-07-31T11:57:33.046+0000] {logging_mixin.py:188} INFO - [2026-07-31T11:57:33.046+0000] {dag.py:3089} INFO - Sync 1 DAGs
[2026-07-31T11:57:33.090+0000] {logging_mixin.py:188} INFO - [2026-07-31T11:57:33.089+0000] {dag.py:3947} INFO - Setting next_dagrun for example_python_operator to None, run_after=None
[2026-07-31T11:57:33.172+0000] {processor.py:183} INFO - Processing /home/airflow/.local/lib/python3.12/site-packages/airflow/example_dags/example_python_operator.py took 0.265 seconds
[2026-07-31T11:58:03.772+0000] {processor.py:161} INFO - Started process (PID=6430) to work on /home/airflow/.local/lib/python3.12/site-packages/airflow/example_dags/example_python_operator.py
[2026-07-31T11:58:03.773+0000] {processor.py:830} INFO - Processing file /home/airflow/.local/lib/python3.12/site-packages/airflow/example_dags/example_python_operator.py for tasks to queue
[2026-07-31T11:58:03.776+0000] {logging_mixin.py:188} INFO - [2026-07-31T11:58:03.776+0000] {dagbag.py:545} INFO - Filling up the DagBag from /home/airflow/.local/lib/python3.12/site-packages/airflow/example_dags/example_python_operator.py
[2026-07-31T11:58:03.790+0000] {processor.py:840} INFO - DAG(s) 'example_python_operator' retrieved from /home/airflow/.local/lib/python3.12/site-packages/airflow/example_dags/example_python_operator.py
[2026-07-31T11:58:03.820+0000] {logging_mixin.py:188} INFO - [2026-07-31T11:58:03.820+0000] {dag.py:3089} INFO - Sync 1 DAGs
[2026-07-31T11:58:03.840+0000] {logging_mixin.py:188} INFO - [2026-07-31T11:58:03.840+0000] {dag.py:3947} INFO - Setting next_dagrun for example_python_operator to None, run_after=None
[2026-07-31T11:58:03.870+0000] {processor.py:183} INFO - Processing /home/airflow/.local/lib/python3.12/site-packages/airflow/example_dags/example_python_operator.py took 0.106 seconds
[2026-07-31T11:58:34.558+0000] {processor.py:161} INFO - Started process (PID=6488) to work on /home/airflow/.local/lib/python3.12/site-packages/airflow/example_dags/example_python_operator.py
[2026-07-31T11:58:34.560+0000] {processor.py:830} INFO - Processing file /home/airflow/.local/lib/python3.12/site-packages/airflow/example_dags/example_python_operator.py for tasks to queue
[2026-07-31T11:58:34.563+0000] {logging_mixin.py:188} INFO - [2026-07-31T11:58:34.562+0000] {dagbag.py:545} INFO - Filling up the DagBag from /home/airflow/.local/lib/python3.12/site-packages/airflow/example_dags/example_python_operator.py
[2026-07-31T11:58:34.577+0000] {processor.py:840} INFO - DAG(s) 'example_python_operator' retrieved from /home/airflow/.local/lib/python3.12/site-packages/airflow/example_dags/example_python_operator.py
[2026-07-31T11:58:34.605+0000] {logging_mixin.py:188} INFO - [2026-07-31T11:58:34.604+0000] {dag.py:3089} INFO - Sync 1 DAGs
[2026-07-31T11:58:34.624+0000] {logging_mixin.py:188} INFO - [2026-07-31T11:58:34.623+0000] {dag.py:3947} INFO - Setting next_dagrun for example_python_operator to None, run_after=None
[2026-07-31T11:58:34.655+0000] {processor.py:183} INFO - Processing /home/airflow/.local/lib/python3.12/site-packages/airflow/example_dags/example_python_operator.py took 0.105 seconds
[2026-07-31T11:59:05.383+0000] {processor.py:161} INFO - Started process (PID=6546) to work on /home/airflow/.local/lib/python3.12/site-packages/airflow/example_dags/example_python_operator.py
[2026-07-31T11:59:05.385+0000] {processor.py:830} INFO - Processing file /home/airflow/.local/lib/python3.12/site-packages/airflow/example_dags/example_python_operator.py for tasks to queue
[2026-07-31T11:59:05.387+0000] {logging_mixin.py:188} INFO - [2026-07-31T11:59:05.387+0000] {dagbag.py:545} INFO - Filling up the DagBag from /home/airflow/.local/lib/python3.12/site-packages/airflow/example_dags/example_python_operator.py
[2026-07-31T11:59:05.400+0000] {processor.py:840} INFO - DAG(s) 'example_python_operator' retrieved from /home/airflow/.local/lib/python3.12/site-packages/airflow/example_dags/example_python_operator.py
[2026-07-31T11:59:05.431+0000] {logging_mixin.py:188} INFO - [2026-07-31T11:59:05.430+0000] {dag.py:3089} INFO - Sync 1 DAGs
[2026-07-31T11:59:05.460+0000] {logging_mixin.py:188} INFO - [2026-07-31T11:59:05.460+0000] {dag.py:3947} INFO - Setting next_dagrun for example_python_operator to None, run_after=None
[2026-07-31T11:59:05.494+0000] {processor.py:183} INFO - Processing /home/airflow/.local/lib/python3.12/site-packages/airflow/example_dags/example_python_operator.py took 0.118 seconds
[2026-07-31T11:59:36.009+0000] {processor.py:161} INFO - Started process (PID=6604) to work on /home/airflow/.local/lib/python3.12/site-packages/airflow/example_dags/example_python_operator.py
[2026-07-31T11:59:36.010+0000] {processor.py:830} INFO - Processing file /home/airflow/.local/lib/python3.12/site-packages/airflow/example_dags/example_python_operator.py for tasks to queue
[2026-07-31T11:59:36.013+0000] {logging_mixin.py:188} INFO - [2026-07-31T11:59:36.012+0000] {dagbag.py:545} INFO - Filling up the DagBag from /home/airflow/.local/lib/python3.12/site-packages/airflow/example_dags/example_python_operator.py
[2026-07-31T11:59:36.026+0000] {processor.py:840} INFO - DAG(s) 'example_python_operator' retrieved from /home/airflow/.local/lib/python3.12/site-packages/airflow/example_dags/example_python_operator.py
[2026-07-31T11:59:36.053+0000] {logging_mixin.py:188} INFO - [2026-07-31T11:59:36.053+0000] {dag.py:3089} INFO - Sync 1 DAGs
[2026-07-31T11:59:36.070+0000] {logging_mixin.py:188} INFO - [2026-07-31T11:59:36.069+0000] {dag.py:3947} INFO - Setting next_dagrun for example_python_operator to None, run_after=None
[2026-07-31T11:59:36.098+0000] {processor.py:183} INFO - Processing /home/airflow/.local/lib/python3.12/site-packages/airflow/example_dags/example_python_operator.py took 0.098 seconds
[2026-07-31T12:00:06.292+0000] {processor.py:161} INFO - Started process (PID=6662) to work on /home/airflow/.local/lib/python3.12/site-packages/airflow/example_dags/example_python_operator.py
[2026-07-31T12:00:06.293+0000] {processor.py:830} INFO - Processing file /home/airflow/.local/lib/python3.12/site-packages/airflow/example_dags/example_python_operator.py for tasks to queue
[2026-07-31T12:00:06.296+0000] {logging_mixin.py:188} INFO - [2026-07-31T12:00:06.296+0000] {dagbag.py:545} INFO - Filling up the DagBag from /home/airflow/.local/lib/python3.12/site-packages/airflow/example_dags/example_python_operator.py
[2026-07-31T12:00:06.313+0000] {processor.py:840} INFO - DAG(s) 'example_python_operator' retrieved from /home/airflow/.local/lib/python3.12/site-packages/airflow/example_dags/example_python_operator.py
[2026-07-31T12:00:06.344+0000] {logging_mixin.py:188} INFO - [2026-07-31T12:00:06.344+0000] {dag.py:3089} INFO - Sync 1 DAGs
[2026-07-31T12:00:06.363+0000] {logging_mixin.py:188} INFO - [2026-07-31T12:00:06.363+0000] {dag.py:3947} INFO - Setting next_dagrun for example_python_operator to None, run_after=None
[2026-07-31T12:00:06.388+0000] {processor.py:183} INFO - Processing /home/airflow/.local/lib/python3.12/site-packages/airflow/example_dags/example_python_operator.py took 0.104 seconds
[2026-07-31T12:00:36.686+0000] {processor.py:161} INFO - Started process (PID=6720) to work on /home/airflow/.local/lib/python3.12/site-packages/airflow/example_dags/example_python_operator.py
[2026-07-31T12:00:36.687+0000] {processor.py:830} INFO - Processing file /home/airflow/.local/lib/python3.12/site-packages/airflow/example_dags/example_python_operator.py for tasks to queue
[2026-07-31T12:00:36.695+0000] {logging_mixin.py:188} INFO - [2026-07-31T12:00:36.694+0000] {dagbag.py:545} INFO - Filling up the DagBag from /home/airflow/.local/lib/python3.12/site-packages/airflow/example_dags/example_python_operator.py
[2026-07-31T12:00:36.709+0000] {processor.py:840} INFO - DAG(s) 'example_python_operator' retrieved from /home/airflow/.local/lib/python3.12/site-packages/airflow/example_dags/example_python_operator.py
[2026-07-31T12:00:36.737+0000] {logging_mixin.py:188} INFO - [2026-07-31T12:00:36.737+0000] {dag.py:3089} INFO - Sync 1 DAGs
[2026-07-31T12:00:36.757+0000] {logging_mixin.py:188} INFO - [2026-07-31T12:00:36.757+0000] {dag.py:3947} INFO - Setting next_dagrun for example_python_operator to None, run_after=None
[2026-07-31T12:00:36.786+0000] {processor.py:183} INFO - Processing /home/airflow/.local/lib/python3.12/site-packages/airflow/example_dags/example_python_operator.py took 0.109 seconds
[2026-07-31T12:01:07.715+0000] {processor.py:161} INFO - Started process (PID=6778) to work on /home/airflow/.local/lib/python3.12/site-packages/airflow/example_dags/example_python_operator.py
[2026-07-31T12:01:07.716+0000] {processor.py:830} INFO - Processing file /home/airflow/.local/lib/python3.12/site-packages/airflow/example_dags/example_python_operator.py for tasks to queue
[2026-07-31T12:01:07.719+0000] {logging_mixin.py:188} INFO - [2026-07-31T12:01:07.718+0000] {dagbag.py:545} INFO - Filling up the DagBag from /home/airflow/.local/lib/python3.12/site-packages/airflow/example_dags/example_python_operator.py
[2026-07-31T12:01:07.736+0000] {processor.py:840} INFO - DAG(s) 'example_python_operator' retrieved from /home/airflow/.local/lib/python3.12/site-packages/airflow/example_dags/example_python_operator.py
[2026-07-31T12:01:07.783+0000] {logging_mixin.py:188} INFO - [2026-07-31T12:01:07.782+0000] {dag.py:3089} INFO - Sync 1 DAGs
[2026-07-31T12:01:07.822+0000] {logging_mixin.py:188} INFO - [2026-07-31T12:01:07.821+0000] {dag.py:3947} INFO - Setting next_dagrun for example_python_operator to None, run_after=None
[2026-07-31T12:01:07.871+0000] {processor.py:183} INFO - Processing /home/airflow/.local/lib/python3.12/site-packages/airflow/example_dags/example_python_operator.py took 0.165 seconds
[2026-07-31T12:01:38.046+0000] {processor.py:161} INFO - Started process (PID=6836) to work on /home/airflow/.local/lib/python3.12/site-packages/airflow/example_dags/example_python_operator.py
[2026-07-31T12:01:38.047+0000] {processor.py:830} INFO - Processing file /home/airflow/.local/lib/python3.12/site-packages/airflow/example_dags/example_python_operator.py for tasks to queue
[2026-07-31T12:01:38.050+0000] {logging_mixin.py:188} INFO - [2026-07-31T12:01:38.050+0000] {dagbag.py:545} INFO - Filling up the DagBag from /home/airflow/.local/lib/python3.12/site-packages/airflow/example_dags/example_python_operator.py
[2026-07-31T12:01:38.067+0000] {processor.py:840} INFO - DAG(s) 'example_python_operator' retrieved from /home/airflow/.local/lib/python3.12/site-packages/airflow/example_dags/example_python_operator.py
[2026-07-31T12:01:38.109+0000] {logging_mixin.py:188} INFO - [2026-07-31T12:01:38.108+0000] {dag.py:3089} INFO - Sync 1 DAGs
[2026-07-31T12:01:38.135+0000] {logging_mixin.py:188} INFO - [2026-07-31T12:01:38.135+0000] {dag.py:3947} INFO - Setting next_dagrun for example_python_operator to None, run_after=None
[2026-07-31T12:01:38.168+0000] {processor.py:183} INFO - Processing /home/airflow/.local/lib/python3.12/site-packages/airflow/example_dags/example_python_operator.py took 0.130 seconds
[2026-07-31T12:02:08.261+0000] {processor.py:161} INFO - Started process (PID=6894) to work on /home/airflow/.local/lib/python3.12/site-packages/airflow/example_dags/example_python_operator.py
[2026-07-31T12:02:08.263+0000] {processor.py:830} INFO - Processing file /home/airflow/.local/lib/python3.12/site-packages/airflow/example_dags/example_python_operator.py for tasks to queue
[2026-07-31T12:02:08.266+0000] {logging_mixin.py:188} INFO - [2026-07-31T12:02:08.266+0000] {dagbag.py:545} INFO - Filling up the DagBag from /home/airflow/.local/lib/python3.12/site-packages/airflow/example_dags/example_python_operator.py
[2026-07-31T12:02:08.289+0000] {processor.py:840} INFO - DAG(s) 'example_python_operator' retrieved from /home/airflow/.local/lib/python3.12/site-packages/airflow/example_dags/example_python_operator.py
[2026-07-31T12:02:08.329+0000] {logging_mixin.py:188} INFO - [2026-07-31T12:02:08.328+0000] {dag.py:3089} INFO - Sync 1 DAGs
[2026-07-31T12:02:08.357+0000] {logging_mixin.py:188} INFO - [2026-07-31T12:02:08.356+0000] {dag.py:3947} INFO - Setting next_dagrun for example_python_operator to None, run_after=None
[2026-07-31T12:02:08.401+0000] {processor.py:183} INFO - Processing /home/airflow/.local/lib/python3.12/site-packages/airflow/example_dags/example_python_operator.py took 0.155 seconds
[2026-07-31T12:02:39.434+0000] {processor.py:161} INFO - Started process (PID=6951) to work on /home/airflow/.local/lib/python3.12/site-packages/airflow/example_dags/example_python_operator.py
[2026-07-31T12:02:39.436+0000] {processor.py:830} INFO - Processing file /home/airflow/.local/lib/python3.12/site-packages/airflow/example_dags/example_python_operator.py for tasks to queue
[2026-07-31T12:02:39.440+0000] {logging_mixin.py:188} INFO - [2026-07-31T12:02:39.439+0000] {dagbag.py:545} INFO - Filling up the DagBag from /home/airflow/.local/lib/python3.12/site-packages/airflow/example_dags/example_python_operator.py
[2026-07-31T12:02:39.459+0000] {processor.py:840} INFO - DAG(s) 'example_python_operator' retrieved from /home/airflow/.local/lib/python3.12/site-packages/airflow/example_dags/example_python_operator.py
[2026-07-31T12:02:39.496+0000] {logging_mixin.py:188} INFO - [2026-07-31T12:02:39.495+0000] {dag.py:3089} INFO - Sync 1 DAGs
[2026-07-31T12:02:39.516+0000] {logging_mixin.py:188} INFO - [2026-07-31T12:02:39.516+0000] {dag.py:3947} INFO - Setting next_dagrun for example_python_operator to None, run_after=None
[2026-07-31T12:02:39.546+0000] {processor.py:183} INFO - Processing /home/airflow/.local/lib/python3.12/site-packages/airflow/example_dags/example_python_operator.py took 0.124 seconds
[2026-07-31T12:03:10.185+0000] {processor.py:161} INFO - Started process (PID=7008) to work on /home/airflow/.local/lib/python3.12/site-packages/airflow/example_dags/example_python_operator.py
[2026-07-31T12:03:10.187+0000] {processor.py:830} INFO - Processing file /home/airflow/.local/lib/python3.12/site-packages/airflow/example_dags/example_python_operator.py for tasks to queue
[2026-07-31T12:03:10.191+0000] {logging_mixin.py:188} INFO - [2026-07-31T12:03:10.191+0000] {dagbag.py:545} INFO - Filling up the DagBag from /home/airflow/.local/lib/python3.12/site-packages/airflow/example_dags/example_python_operator.py
[2026-07-31T12:03:10.215+0000] {processor.py:840} INFO - DAG(s) 'example_python_operator' retrieved from /home/airflow/.local/lib/python3.12/site-packages/airflow/example_dags/example_python_operator.py
[2026-07-31T12:03:10.260+0000] {logging_mixin.py:188} INFO - [2026-07-31T12:03:10.259+0000] {dag.py:3089} INFO - Sync 1 DAGs
[2026-07-31T12:03:10.308+0000] {logging_mixin.py:188} INFO - [2026-07-31T12:03:10.306+0000] {dag.py:3947} INFO - Setting next_dagrun for example_python_operator to None, run_after=None
[2026-07-31T12:03:10.373+0000] {processor.py:183} INFO - Processing /home/airflow/.local/lib/python3.12/site-packages/airflow/example_dags/example_python_operator.py took 0.202 seconds
[2026-07-31T12:03:40.440+0000] {processor.py:161} INFO - Started process (PID=7066) to work on /home/airflow/.local/lib/python3.12/site-packages/airflow/example_dags/example_python_operator.py
[2026-07-31T12:03:40.442+0000] {processor.py:830} INFO - Processing file /home/airflow/.local/lib/python3.12/site-packages/airflow/example_dags/example_python_operator.py for tasks to queue
[2026-07-31T12:03:40.444+0000] {logging_mixin.py:188} INFO - [2026-07-31T12:03:40.444+0000] {dagbag.py:545} INFO - Filling up the DagBag from /home/airflow/.local/lib/python3.12/site-packages/airflow/example_dags/example_python_operator.py
[2026-07-31T12:03:40.458+0000] {processor.py:840} INFO - DAG(s) 'example_python_operator' retrieved from /home/airflow/.local/lib/python3.12/site-packages/airflow/example_dags/example_python_operator.py
[2026-07-31T12:03:40.485+0000] {logging_mixin.py:188} INFO - [2026-07-31T12:03:40.485+0000] {dag.py:3089} INFO - Sync 1 DAGs
[2026-07-31T12:03:40.501+0000] {logging_mixin.py:188} INFO - [2026-07-31T12:03:40.501+0000] {dag.py:3947} INFO - Setting next_dagrun for example_python_operator to None, run_after=None
[2026-07-31T12:03:40.526+0000] {processor.py:183} INFO - Processing /home/airflow/.local/lib/python3.12/site-packages/airflow/example_dags/example_python_operator.py took 0.093 seconds
[2026-07-31T12:04:10.874+0000] {processor.py:161} INFO - Started process (PID=7124) to work on /home/airflow/.local/lib/python3.12/site-packages/airflow/example_dags/example_python_operator.py
[2026-07-31T12:04:10.876+0000] {processor.py:830} INFO - Processing file /home/airflow/.local/lib/python3.12/site-packages/airflow/example_dags/example_python_operator.py for tasks to queue
[2026-07-31T12:04:10.883+0000] {logging_mixin.py:188} INFO - [2026-07-31T12:04:10.882+0000] {dagbag.py:545} INFO - Filling up the DagBag from /home/airflow/.local/lib/python3.12/site-packages/airflow/example_dags/example_python_operator.py
[2026-07-31T12:04:10.905+0000] {processor.py:840} INFO - DAG(s) 'example_python_operator' retrieved from /home/airflow/.local/lib/python3.12/site-packages/airflow/example_dags/example_python_operator.py
[2026-07-31T12:04:10.944+0000] {logging_mixin.py:188} INFO - [2026-07-31T12:04:10.943+0000] {dag.py:3089} INFO - Sync 1 DAGs
[2026-07-31T12:04:10.963+0000] {logging_mixin.py:188} INFO - [2026-07-31T12:04:10.963+0000] {dag.py:3947} INFO - Setting next_dagrun for example_python_operator to None, run_after=None
[2026-07-31T12:04:10.992+0000] {processor.py:183} INFO - Processing /home/airflow/.local/lib/python3.12/site-packages/airflow/example_dags/example_python_operator.py took 0.128 seconds
[2026-07-31T12:04:41.266+0000] {processor.py:161} INFO - Started process (PID=7182) to work on /home/airflow/.local/lib/python3.12/site-packages/airflow/example_dags/example_python_operator.py
[2026-07-31T12:04:41.268+0000] {processor.py:830} INFO - Processing file /home/airflow/.local/lib/python3.12/site-packages/airflow/example_dags/example_python_operator.py for tasks to queue
[2026-07-31T12:04:41.272+0000] {logging_mixin.py:188} INFO - [2026-07-31T12:04:41.271+0000] {dagbag.py:545} INFO - Filling up the DagBag from /home/airflow/.local/lib/python3.12/site-packages/airflow/example_dags/example_python_operator.py
[2026-07-31T12:04:41.290+0000] {processor.py:840} INFO - DAG(s) 'example_python_operator' retrieved from /home/airflow/.local/lib/python3.12/site-packages/airflow/example_dags/example_python_operator.py
[2026-07-31T12:04:41.328+0000] {logging_mixin.py:188} INFO - [2026-07-31T12:04:41.327+0000] {dag.py:3089} INFO - Sync 1 DAGs
[2026-07-31T12:04:41.345+0000] {logging_mixin.py:188} INFO - [2026-07-31T12:04:41.345+0000] {dag.py:3947} INFO - Setting next_dagrun for example_python_operator to None, run_after=None
[2026-07-31T12:04:41.377+0000] {processor.py:183} INFO - Processing /home/airflow/.local/lib/python3.12/site-packages/airflow/example_dags/example_python_operator.py took 0.123 seconds
[2026-07-31T12:05:14.171+0000] {processor.py:161} INFO - Started process (PID=7240) to work on /home/airflow/.local/lib/python3.12/site-packages/airflow/example_dags/example_python_operator.py
[2026-07-31T12:05:14.176+0000] {processor.py:830} INFO - Processing file /home/airflow/.local/lib/python3.12/site-packages/airflow/example_dags/example_python_operator.py for tasks to queue
[2026-07-31T12:05:14.182+0000] {logging_mixin.py:188} INFO - [2026-07-31T12:05:14.181+0000] {dagbag.py:545} INFO - Filling up the DagBag from /home/airflow/.local/lib/python3.12/site-packages/airflow/example_dags/example_python_operator.py
[2026-07-31T12:05:14.222+0000] {processor.py:840} INFO - DAG(s) 'example_python_operator' retrieved from /home/airflow/.local/lib/python3.12/site-packages/airflow/example_dags/example_python_operator.py
[2026-07-31T12:05:14.308+0000] {logging_mixin.py:188} INFO - [2026-07-31T12:05:14.308+0000] {dag.py:3089} INFO - Sync 1 DAGs
[2026-07-31T12:05:14.409+0000] {logging_mixin.py:188} INFO - [2026-07-31T12:05:14.408+0000] {dag.py:3947} INFO - Setting next_dagrun for example_python_operator to None, run_after=None
[2026-07-31T12:05:14.544+0000] {processor.py:183} INFO - Processing /home/airflow/.local/lib/python3.12/site-packages/airflow/example_dags/example_python_operator.py took 0.397 seconds
[2026-07-31T12:05:45.360+0000] {processor.py:161} INFO - Started process (PID=7299) to work on /home/airflow/.local/lib/python3.12/site-packages/airflow/example_dags/example_python_operator.py
[2026-07-31T12:05:45.362+0000] {processor.py:830} INFO - Processing file /home/airflow/.local/lib/python3.12/site-packages/airflow/example_dags/example_python_operator.py for tasks to queue
[2026-07-31T12:05:45.364+0000] {logging_mixin.py:188} INFO - [2026-07-31T12:05:45.364+0000] {dagbag.py:545} INFO - Filling up the DagBag from /home/airflow/.local/lib/python3.12/site-packages/airflow/example_dags/example_python_operator.py
[2026-07-31T12:05:45.377+0000] {processor.py:840} INFO - DAG(s) 'example_python_operator' retrieved from /home/airflow/.local/lib/python3.12/site-packages/airflow/example_dags/example_python_operator.py
[2026-07-31T12:05:45.403+0000] {logging_mixin.py:188} INFO - [2026-07-31T12:05:45.402+0000] {dag.py:3089} INFO - Sync 1 DAGs
[2026-07-31T12:05:45.417+0000] {logging_mixin.py:188} INFO - [2026-07-31T12:05:45.417+0000] {dag.py:3947} INFO - Setting next_dagrun for example_python_operator to None, run_after=None
[2026-07-31T12:05:45.444+0000] {processor.py:183} INFO - Processing /home/airflow/.local/lib/python3.12/site-packages/airflow/example_dags/example_python_operator.py took 0.092 seconds
[2026-07-31T12:06:15.650+0000] {processor.py:161} INFO - Started process (PID=7357) to work on /home/airflow/.local/lib/python3.12/site-packages/airflow/example_dags/example_python_operator.py
[2026-07-31T12:06:15.652+0000] {processor.py:830} INFO - Processing file /home/airflow/.local/lib/python3.12/site-packages/airflow/example_dags/example_python_operator.py for tasks to queue
[2026-07-31T12:06:15.656+0000] {logging_mixin.py:188} INFO - [2026-07-31T12:06:15.655+0000] {dagbag.py:545} INFO - Filling up the DagBag from /home/airflow/.local/lib/python3.12/site-packages/airflow/example_dags/example_python_operator.py
[2026-07-31T12:06:15.676+0000] {processor.py:840} INFO - DAG(s) 'example_python_operator' retrieved from /home/airflow/.local/lib/python3.12/site-packages/airflow/example_dags/example_python_operator.py
[2026-07-31T12:06:15.708+0000] {logging_mixin.py:188} INFO - [2026-07-31T12:06:15.707+0000] {dag.py:3089} INFO - Sync 1 DAGs
[2026-07-31T12:06:15.724+0000] {logging_mixin.py:188} INFO - [2026-07-31T12:06:15.724+0000] {dag.py:3947} INFO - Setting next_dagrun for example_python_operator to None, run_after=None
[2026-07-31T12:06:15.750+0000] {processor.py:183} INFO - Processing /home/airflow/.local/lib/python3.12/site-packages/airflow/example_dags/example_python_operator.py took 0.110 seconds
[2026-07-31T12:06:45.937+0000] {processor.py:161} INFO - Started process (PID=7415) to work on /home/airflow/.local/lib/python3.12/site-packages/airflow/example_dags/example_python_operator.py
[2026-07-31T12:06:45.938+0000] {processor.py:830} INFO - Processing file /home/airflow/.local/lib/python3.12/site-packages/airflow/example_dags/example_python_operator.py for tasks to queue
[2026-07-31T12:06:45.941+0000] {logging_mixin.py:188} INFO - [2026-07-31T12:06:45.940+0000] {dagbag.py:545} INFO - Filling up the DagBag from /home/airflow/.local/lib/python3.12/site-packages/airflow/example_dags/example_python_operator.py
[2026-07-31T12:06:45.962+0000] {processor.py:840} INFO - DAG(s) 'example_python_operator' retrieved from /home/airflow/.local/lib/python3.12/site-packages/airflow/example_dags/example_python_operator.py
[2026-07-31T12:06:45.993+0000] {logging_mixin.py:188} INFO - [2026-07-31T12:06:45.993+0000] {dag.py:3089} INFO - Sync 1 DAGs
[2026-07-31T12:06:46.013+0000] {logging_mixin.py:188} INFO - [2026-07-31T12:06:46.013+0000] {dag.py:3947} INFO - Setting next_dagrun for example_python_operator to None, run_after=None
[2026-07-31T12:06:46.042+0000] {processor.py:183} INFO - Processing /home/airflow/.local/lib/python3.12/site-packages/airflow/example_dags/example_python_operator.py took 0.116 seconds
[2026-07-31T12:07:16.524+0000] {processor.py:161} INFO - Started process (PID=7473) to work on /home/airflow/.local/lib/python3.12/site-packages/airflow/example_dags/example_python_operator.py
[2026-07-31T12:07:16.525+0000] {processor.py:830} INFO - Processing file /home/airflow/.local/lib/python3.12/site-packages/airflow/example_dags/example_python_operator.py for tasks to queue
[2026-07-31T12:07:16.529+0000] {logging_mixin.py:188} INFO - [2026-07-31T12:07:16.528+0000] {dagbag.py:545} INFO - Filling up the DagBag from /home/airflow/.local/lib/python3.12/site-packages/airflow/example_dags/example_python_operator.py
[2026-07-31T12:07:16.544+0000] {processor.py:840} INFO - DAG(s) 'example_python_operator' retrieved from /home/airflow/.local/lib/python3.12/site-packages/airflow/example_dags/example_python_operator.py
[2026-07-31T12:07:16.601+0000] {logging_mixin.py:188} INFO - [2026-07-31T12:07:16.601+0000] {dag.py:3089} INFO - Sync 1 DAGs
[2026-07-31T12:07:16.694+0000] {logging_mixin.py:188} INFO - [2026-07-31T12:07:16.693+0000] {dag.py:3947} INFO - Setting next_dagrun for example_python_operator to None, run_after=None
[2026-07-31T12:07:16.746+0000] {processor.py:183} INFO - Processing /home/airflow/.local/lib/python3.12/site-packages/airflow/example_dags/example_python_operator.py took 0.233 seconds
