[2026-07-31T10:53:15.082+0000] {processor.py:161} INFO - Started process (PID=120) to work on /home/airflow/.local/lib/python3.12/site-packages/airflow/example_dags/example_params_ui_tutorial.py
[2026-07-31T10:53:15.110+0000] {processor.py:830} INFO - Processing file /home/airflow/.local/lib/python3.12/site-packages/airflow/example_dags/example_params_ui_tutorial.py for tasks to queue
[2026-07-31T10:53:15.133+0000] {logging_mixin.py:188} INFO - [2026-07-31T10:53:15.131+0000] {dagbag.py:545} INFO - Filling up the DagBag from /home/airflow/.local/lib/python3.12/site-packages/airflow/example_dags/example_params_ui_tutorial.py
[2026-07-31T10:53:15.183+0000] {processor.py:840} INFO - DAG(s) 'example_params_ui_tutorial' retrieved from /home/airflow/.local/lib/python3.12/site-packages/airflow/example_dags/example_params_ui_tutorial.py
[2026-07-31T10:53:16.043+0000] {logging_mixin.py:188} INFO - [2026-07-31T10:53:16.042+0000] {dag.py:3089} INFO - Sync 1 DAGs
[2026-07-31T10:53:16.139+0000] {logging_mixin.py:188} INFO - [2026-07-31T10:53:16.138+0000] {dag.py:3947} INFO - Setting next_dagrun for example_params_ui_tutorial to None, run_after=None
[2026-07-31T10:53:16.255+0000] {processor.py:183} INFO - Processing /home/airflow/.local/lib/python3.12/site-packages/airflow/example_dags/example_params_ui_tutorial.py took 1.215 seconds
[2026-07-31T10:54:16.073+0000] {processor.py:161} INFO - Started process (PID=184) to work on /home/airflow/.local/lib/python3.12/site-packages/airflow/example_dags/example_params_ui_tutorial.py
[2026-07-31T10:54:16.089+0000] {processor.py:830} INFO - Processing file /home/airflow/.local/lib/python3.12/site-packages/airflow/example_dags/example_params_ui_tutorial.py for tasks to queue
[2026-07-31T10:54:16.435+0000] {logging_mixin.py:188} INFO - [2026-07-31T10:54:16.427+0000] {dagbag.py:545} INFO - Filling up the DagBag from /home/airflow/.local/lib/python3.12/site-packages/airflow/example_dags/example_params_ui_tutorial.py
[2026-07-31T10:54:16.807+0000] {processor.py:840} INFO - DAG(s) 'example_params_ui_tutorial' retrieved from /home/airflow/.local/lib/python3.12/site-packages/airflow/example_dags/example_params_ui_tutorial.py
[2026-07-31T10:54:20.584+0000] {logging_mixin.py:188} INFO - [2026-07-31T10:54:20.583+0000] {dag.py:3089} INFO - Sync 1 DAGs
[2026-07-31T10:54:20.965+0000] {logging_mixin.py:188} INFO - [2026-07-31T10:54:20.964+0000] {dag.py:3947} INFO - Setting next_dagrun for example_params_ui_tutorial to None, run_after=None
[2026-07-31T10:54:21.319+0000] {processor.py:183} INFO - Processing /home/airflow/.local/lib/python3.12/site-packages/airflow/example_dags/example_params_ui_tutorial.py took 6.180 seconds
[2026-07-31T10:55:18.544+0000] {processor.py:161} INFO - Started process (PID=243) to work on /home/airflow/.local/lib/python3.12/site-packages/airflow/example_dags/example_params_ui_tutorial.py
[2026-07-31T10:55:18.547+0000] {processor.py:830} INFO - Processing file /home/airflow/.local/lib/python3.12/site-packages/airflow/example_dags/example_params_ui_tutorial.py for tasks to queue
[2026-07-31T10:55:18.560+0000] {logging_mixin.py:188} INFO - [2026-07-31T10:55:18.558+0000] {dagbag.py:545} INFO - Filling up the DagBag from /home/airflow/.local/lib/python3.12/site-packages/airflow/example_dags/example_params_ui_tutorial.py
[2026-07-31T10:55:18.608+0000] {processor.py:840} INFO - DAG(s) 'example_params_ui_tutorial' retrieved from /home/airflow/.local/lib/python3.12/site-packages/airflow/example_dags/example_params_ui_tutorial.py
[2026-07-31T10:55:18.893+0000] {logging_mixin.py:188} INFO - [2026-07-31T10:55:18.892+0000] {dag.py:3089} INFO - Sync 1 DAGs
[2026-07-31T10:55:18.952+0000] {logging_mixin.py:188} INFO - [2026-07-31T10:55:18.951+0000] {dag.py:3947} INFO - Setting next_dagrun for example_params_ui_tutorial to None, run_after=None
[2026-07-31T10:55:19.065+0000] {processor.py:183} INFO - Processing /home/airflow/.local/lib/python3.12/site-packages/airflow/example_dags/example_params_ui_tutorial.py took 0.556 seconds
[2026-07-31T10:55:49.818+0000] {processor.py:161} INFO - Started process (PID=301) to work on /home/airflow/.local/lib/python3.12/site-packages/airflow/example_dags/example_params_ui_tutorial.py
[2026-07-31T10:55:49.820+0000] {processor.py:830} INFO - Processing file /home/airflow/.local/lib/python3.12/site-packages/airflow/example_dags/example_params_ui_tutorial.py for tasks to queue
[2026-07-31T10:55:49.824+0000] {logging_mixin.py:188} INFO - [2026-07-31T10:55:49.824+0000] {dagbag.py:545} INFO - Filling up the DagBag from /home/airflow/.local/lib/python3.12/site-packages/airflow/example_dags/example_params_ui_tutorial.py
[2026-07-31T10:55:49.839+0000] {processor.py:840} INFO - DAG(s) 'example_params_ui_tutorial' retrieved from /home/airflow/.local/lib/python3.12/site-packages/airflow/example_dags/example_params_ui_tutorial.py
[2026-07-31T10:55:49.983+0000] {logging_mixin.py:188} INFO - [2026-07-31T10:55:49.982+0000] {dag.py:3089} INFO - Sync 1 DAGs
[2026-07-31T10:55:50.016+0000] {logging_mixin.py:188} INFO - [2026-07-31T10:55:50.015+0000] {dag.py:3947} INFO - Setting next_dagrun for example_params_ui_tutorial to None, run_after=None
[2026-07-31T10:55:50.061+0000] {processor.py:183} INFO - Processing /home/airflow/.local/lib/python3.12/site-packages/airflow/example_dags/example_params_ui_tutorial.py took 0.253 seconds
[2026-07-31T10:56:20.216+0000] {processor.py:161} INFO - Started process (PID=359) to work on /home/airflow/.local/lib/python3.12/site-packages/airflow/example_dags/example_params_ui_tutorial.py
[2026-07-31T10:56:20.219+0000] {processor.py:830} INFO - Processing file /home/airflow/.local/lib/python3.12/site-packages/airflow/example_dags/example_params_ui_tutorial.py for tasks to queue
[2026-07-31T10:56:20.226+0000] {logging_mixin.py:188} INFO - [2026-07-31T10:56:20.224+0000] {dagbag.py:545} INFO - Filling up the DagBag from /home/airflow/.local/lib/python3.12/site-packages/airflow/example_dags/example_params_ui_tutorial.py
[2026-07-31T10:56:20.253+0000] {processor.py:840} INFO - DAG(s) 'example_params_ui_tutorial' retrieved from /home/airflow/.local/lib/python3.12/site-packages/airflow/example_dags/example_params_ui_tutorial.py
[2026-07-31T10:56:20.508+0000] {logging_mixin.py:188} INFO - [2026-07-31T10:56:20.507+0000] {dag.py:3089} INFO - Sync 1 DAGs
[2026-07-31T10:56:20.573+0000] {logging_mixin.py:188} INFO - [2026-07-31T10:56:20.572+0000] {dag.py:3947} INFO - Setting next_dagrun for example_params_ui_tutorial to None, run_after=None
[2026-07-31T10:56:20.638+0000] {processor.py:183} INFO - Processing /home/airflow/.local/lib/python3.12/site-packages/airflow/example_dags/example_params_ui_tutorial.py took 0.444 seconds
[2026-07-31T10:56:57.431+0000] {processor.py:161} INFO - Started process (PID=417) to work on /home/airflow/.local/lib/python3.12/site-packages/airflow/example_dags/example_params_ui_tutorial.py
[2026-07-31T10:56:57.434+0000] {processor.py:830} INFO - Processing file /home/airflow/.local/lib/python3.12/site-packages/airflow/example_dags/example_params_ui_tutorial.py for tasks to queue
[2026-07-31T10:56:57.441+0000] {logging_mixin.py:188} INFO - [2026-07-31T10:56:57.439+0000] {dagbag.py:545} INFO - Filling up the DagBag from /home/airflow/.local/lib/python3.12/site-packages/airflow/example_dags/example_params_ui_tutorial.py
[2026-07-31T10:56:57.477+0000] {processor.py:840} INFO - DAG(s) 'example_params_ui_tutorial' retrieved from /home/airflow/.local/lib/python3.12/site-packages/airflow/example_dags/example_params_ui_tutorial.py
[2026-07-31T10:56:57.698+0000] {logging_mixin.py:188} INFO - [2026-07-31T10:56:57.698+0000] {dag.py:3089} INFO - Sync 1 DAGs
[2026-07-31T10:56:57.743+0000] {logging_mixin.py:188} INFO - [2026-07-31T10:56:57.742+0000] {dag.py:3947} INFO - Setting next_dagrun for example_params_ui_tutorial to None, run_after=None
[2026-07-31T10:56:57.804+0000] {processor.py:183} INFO - Processing /home/airflow/.local/lib/python3.12/site-packages/airflow/example_dags/example_params_ui_tutorial.py took 0.387 seconds
[2026-07-31T10:57:31.079+0000] {processor.py:161} INFO - Started process (PID=475) to work on /home/airflow/.local/lib/python3.12/site-packages/airflow/example_dags/example_params_ui_tutorial.py
[2026-07-31T10:57:31.083+0000] {processor.py:830} INFO - Processing file /home/airflow/.local/lib/python3.12/site-packages/airflow/example_dags/example_params_ui_tutorial.py for tasks to queue
[2026-07-31T10:57:31.093+0000] {logging_mixin.py:188} INFO - [2026-07-31T10:57:31.091+0000] {dagbag.py:545} INFO - Filling up the DagBag from /home/airflow/.local/lib/python3.12/site-packages/airflow/example_dags/example_params_ui_tutorial.py
[2026-07-31T10:57:31.119+0000] {processor.py:840} INFO - DAG(s) 'example_params_ui_tutorial' retrieved from /home/airflow/.local/lib/python3.12/site-packages/airflow/example_dags/example_params_ui_tutorial.py
[2026-07-31T10:57:31.277+0000] {logging_mixin.py:188} INFO - [2026-07-31T10:57:31.276+0000] {dag.py:3089} INFO - Sync 1 DAGs
[2026-07-31T10:57:31.328+0000] {logging_mixin.py:188} INFO - [2026-07-31T10:57:31.327+0000] {dag.py:3947} INFO - Setting next_dagrun for example_params_ui_tutorial to None, run_after=None
[2026-07-31T10:57:31.400+0000] {processor.py:183} INFO - Processing /home/airflow/.local/lib/python3.12/site-packages/airflow/example_dags/example_params_ui_tutorial.py took 0.345 seconds
[2026-07-31T10:58:01.614+0000] {processor.py:161} INFO - Started process (PID=531) to work on /home/airflow/.local/lib/python3.12/site-packages/airflow/example_dags/example_params_ui_tutorial.py
[2026-07-31T10:58:01.617+0000] {processor.py:830} INFO - Processing file /home/airflow/.local/lib/python3.12/site-packages/airflow/example_dags/example_params_ui_tutorial.py for tasks to queue
[2026-07-31T10:58:01.621+0000] {logging_mixin.py:188} INFO - [2026-07-31T10:58:01.620+0000] {dagbag.py:545} INFO - Filling up the DagBag from /home/airflow/.local/lib/python3.12/site-packages/airflow/example_dags/example_params_ui_tutorial.py
[2026-07-31T10:58:01.637+0000] {processor.py:840} INFO - DAG(s) 'example_params_ui_tutorial' retrieved from /home/airflow/.local/lib/python3.12/site-packages/airflow/example_dags/example_params_ui_tutorial.py
[2026-07-31T10:58:01.741+0000] {logging_mixin.py:188} INFO - [2026-07-31T10:58:01.741+0000] {dag.py:3089} INFO - Sync 1 DAGs
[2026-07-31T10:58:01.772+0000] {logging_mixin.py:188} INFO - [2026-07-31T10:58:01.772+0000] {dag.py:3947} INFO - Setting next_dagrun for example_params_ui_tutorial to None, run_after=None
[2026-07-31T10:58:01.814+0000] {processor.py:183} INFO - Processing /home/airflow/.local/lib/python3.12/site-packages/airflow/example_dags/example_params_ui_tutorial.py took 0.211 seconds
[2026-07-31T10:58:32.191+0000] {processor.py:161} INFO - Started process (PID=589) to work on /home/airflow/.local/lib/python3.12/site-packages/airflow/example_dags/example_params_ui_tutorial.py
[2026-07-31T10:58:32.194+0000] {processor.py:830} INFO - Processing file /home/airflow/.local/lib/python3.12/site-packages/airflow/example_dags/example_params_ui_tutorial.py for tasks to queue
[2026-07-31T10:58:32.199+0000] {logging_mixin.py:188} INFO - [2026-07-31T10:58:32.198+0000] {dagbag.py:545} INFO - Filling up the DagBag from /home/airflow/.local/lib/python3.12/site-packages/airflow/example_dags/example_params_ui_tutorial.py
[2026-07-31T10:58:32.221+0000] {processor.py:840} INFO - DAG(s) 'example_params_ui_tutorial' retrieved from /home/airflow/.local/lib/python3.12/site-packages/airflow/example_dags/example_params_ui_tutorial.py
[2026-07-31T10:58:32.331+0000] {logging_mixin.py:188} INFO - [2026-07-31T10:58:32.330+0000] {dag.py:3089} INFO - Sync 1 DAGs
[2026-07-31T10:58:32.354+0000] {logging_mixin.py:188} INFO - [2026-07-31T10:58:32.353+0000] {dag.py:3947} INFO - Setting next_dagrun for example_params_ui_tutorial to None, run_after=None
[2026-07-31T10:58:32.407+0000] {processor.py:183} INFO - Processing /home/airflow/.local/lib/python3.12/site-packages/airflow/example_dags/example_params_ui_tutorial.py took 0.227 seconds
[2026-07-31T10:59:02.736+0000] {processor.py:161} INFO - Started process (PID=648) to work on /home/airflow/.local/lib/python3.12/site-packages/airflow/example_dags/example_params_ui_tutorial.py
[2026-07-31T10:59:02.739+0000] {processor.py:830} INFO - Processing file /home/airflow/.local/lib/python3.12/site-packages/airflow/example_dags/example_params_ui_tutorial.py for tasks to queue
[2026-07-31T10:59:02.747+0000] {logging_mixin.py:188} INFO - [2026-07-31T10:59:02.746+0000] {dagbag.py:545} INFO - Filling up the DagBag from /home/airflow/.local/lib/python3.12/site-packages/airflow/example_dags/example_params_ui_tutorial.py
[2026-07-31T10:59:02.777+0000] {processor.py:840} INFO - DAG(s) 'example_params_ui_tutorial' retrieved from /home/airflow/.local/lib/python3.12/site-packages/airflow/example_dags/example_params_ui_tutorial.py
[2026-07-31T10:59:02.953+0000] {logging_mixin.py:188} INFO - [2026-07-31T10:59:02.952+0000] {dag.py:3089} INFO - Sync 1 DAGs
[2026-07-31T10:59:02.997+0000] {logging_mixin.py:188} INFO - [2026-07-31T10:59:02.997+0000] {dag.py:3947} INFO - Setting next_dagrun for example_params_ui_tutorial to None, run_after=None
[2026-07-31T10:59:03.063+0000] {processor.py:183} INFO - Processing /home/airflow/.local/lib/python3.12/site-packages/airflow/example_dags/example_params_ui_tutorial.py took 0.339 seconds
[2026-07-31T10:59:33.246+0000] {processor.py:161} INFO - Started process (PID=706) to work on /home/airflow/.local/lib/python3.12/site-packages/airflow/example_dags/example_params_ui_tutorial.py
[2026-07-31T10:59:33.250+0000] {processor.py:830} INFO - Processing file /home/airflow/.local/lib/python3.12/site-packages/airflow/example_dags/example_params_ui_tutorial.py for tasks to queue
[2026-07-31T10:59:33.256+0000] {logging_mixin.py:188} INFO - [2026-07-31T10:59:33.255+0000] {dagbag.py:545} INFO - Filling up the DagBag from /home/airflow/.local/lib/python3.12/site-packages/airflow/example_dags/example_params_ui_tutorial.py
[2026-07-31T10:59:33.271+0000] {processor.py:840} INFO - DAG(s) 'example_params_ui_tutorial' retrieved from /home/airflow/.local/lib/python3.12/site-packages/airflow/example_dags/example_params_ui_tutorial.py
[2026-07-31T10:59:33.380+0000] {logging_mixin.py:188} INFO - [2026-07-31T10:59:33.379+0000] {dag.py:3089} INFO - Sync 1 DAGs
[2026-07-31T10:59:33.408+0000] {logging_mixin.py:188} INFO - [2026-07-31T10:59:33.407+0000] {dag.py:3947} INFO - Setting next_dagrun for example_params_ui_tutorial to None, run_after=None
[2026-07-31T10:59:33.453+0000] {processor.py:183} INFO - Processing /home/airflow/.local/lib/python3.12/site-packages/airflow/example_dags/example_params_ui_tutorial.py took 0.221 seconds
[2026-07-31T11:00:03.917+0000] {processor.py:161} INFO - Started process (PID=763) to work on /home/airflow/.local/lib/python3.12/site-packages/airflow/example_dags/example_params_ui_tutorial.py
[2026-07-31T11:00:03.920+0000] {processor.py:830} INFO - Processing file /home/airflow/.local/lib/python3.12/site-packages/airflow/example_dags/example_params_ui_tutorial.py for tasks to queue
[2026-07-31T11:00:03.927+0000] {logging_mixin.py:188} INFO - [2026-07-31T11:00:03.926+0000] {dagbag.py:545} INFO - Filling up the DagBag from /home/airflow/.local/lib/python3.12/site-packages/airflow/example_dags/example_params_ui_tutorial.py
[2026-07-31T11:00:03.951+0000] {processor.py:840} INFO - DAG(s) 'example_params_ui_tutorial' retrieved from /home/airflow/.local/lib/python3.12/site-packages/airflow/example_dags/example_params_ui_tutorial.py
[2026-07-31T11:00:04.051+0000] {logging_mixin.py:188} INFO - [2026-07-31T11:00:04.050+0000] {dag.py:3089} INFO - Sync 1 DAGs
[2026-07-31T11:00:04.074+0000] {logging_mixin.py:188} INFO - [2026-07-31T11:00:04.073+0000] {dag.py:3947} INFO - Setting next_dagrun for example_params_ui_tutorial to None, run_after=None
[2026-07-31T11:00:04.115+0000] {processor.py:183} INFO - Processing /home/airflow/.local/lib/python3.12/site-packages/airflow/example_dags/example_params_ui_tutorial.py took 0.214 seconds
[2026-07-31T11:00:34.821+0000] {processor.py:161} INFO - Started process (PID=821) to work on /home/airflow/.local/lib/python3.12/site-packages/airflow/example_dags/example_params_ui_tutorial.py
[2026-07-31T11:00:34.823+0000] {processor.py:830} INFO - Processing file /home/airflow/.local/lib/python3.12/site-packages/airflow/example_dags/example_params_ui_tutorial.py for tasks to queue
[2026-07-31T11:00:34.831+0000] {logging_mixin.py:188} INFO - [2026-07-31T11:00:34.829+0000] {dagbag.py:545} INFO - Filling up the DagBag from /home/airflow/.local/lib/python3.12/site-packages/airflow/example_dags/example_params_ui_tutorial.py
[2026-07-31T11:00:34.872+0000] {processor.py:840} INFO - DAG(s) 'example_params_ui_tutorial' retrieved from /home/airflow/.local/lib/python3.12/site-packages/airflow/example_dags/example_params_ui_tutorial.py
[2026-07-31T11:00:35.036+0000] {logging_mixin.py:188} INFO - [2026-07-31T11:00:35.035+0000] {dag.py:3089} INFO - Sync 1 DAGs
[2026-07-31T11:00:35.072+0000] {logging_mixin.py:188} INFO - [2026-07-31T11:00:35.071+0000] {dag.py:3947} INFO - Setting next_dagrun for example_params_ui_tutorial to None, run_after=None
[2026-07-31T11:00:35.130+0000] {processor.py:183} INFO - Processing /home/airflow/.local/lib/python3.12/site-packages/airflow/example_dags/example_params_ui_tutorial.py took 0.324 seconds
[2026-07-31T11:01:05.970+0000] {processor.py:161} INFO - Started process (PID=879) to work on /home/airflow/.local/lib/python3.12/site-packages/airflow/example_dags/example_params_ui_tutorial.py
[2026-07-31T11:01:05.971+0000] {processor.py:830} INFO - Processing file /home/airflow/.local/lib/python3.12/site-packages/airflow/example_dags/example_params_ui_tutorial.py for tasks to queue
[2026-07-31T11:01:05.975+0000] {logging_mixin.py:188} INFO - [2026-07-31T11:01:05.974+0000] {dagbag.py:545} INFO - Filling up the DagBag from /home/airflow/.local/lib/python3.12/site-packages/airflow/example_dags/example_params_ui_tutorial.py
[2026-07-31T11:01:05.985+0000] {processor.py:840} INFO - DAG(s) 'example_params_ui_tutorial' retrieved from /home/airflow/.local/lib/python3.12/site-packages/airflow/example_dags/example_params_ui_tutorial.py
[2026-07-31T11:01:06.060+0000] {logging_mixin.py:188} INFO - [2026-07-31T11:01:06.060+0000] {dag.py:3089} INFO - Sync 1 DAGs
[2026-07-31T11:01:06.082+0000] {logging_mixin.py:188} INFO - [2026-07-31T11:01:06.082+0000] {dag.py:3947} INFO - Setting next_dagrun for example_params_ui_tutorial to None, run_after=None
[2026-07-31T11:01:06.137+0000] {processor.py:183} INFO - Processing /home/airflow/.local/lib/python3.12/site-packages/airflow/example_dags/example_params_ui_tutorial.py took 0.175 seconds
[2026-07-31T11:01:36.221+0000] {processor.py:161} INFO - Started process (PID=937) to work on /home/airflow/.local/lib/python3.12/site-packages/airflow/example_dags/example_params_ui_tutorial.py
[2026-07-31T11:01:36.225+0000] {processor.py:830} INFO - Processing file /home/airflow/.local/lib/python3.12/site-packages/airflow/example_dags/example_params_ui_tutorial.py for tasks to queue
[2026-07-31T11:01:36.232+0000] {logging_mixin.py:188} INFO - [2026-07-31T11:01:36.230+0000] {dagbag.py:545} INFO - Filling up the DagBag from /home/airflow/.local/lib/python3.12/site-packages/airflow/example_dags/example_params_ui_tutorial.py
[2026-07-31T11:01:36.267+0000] {processor.py:840} INFO - DAG(s) 'example_params_ui_tutorial' retrieved from /home/airflow/.local/lib/python3.12/site-packages/airflow/example_dags/example_params_ui_tutorial.py
[2026-07-31T11:01:36.494+0000] {logging_mixin.py:188} INFO - [2026-07-31T11:01:36.493+0000] {dag.py:3089} INFO - Sync 1 DAGs
[2026-07-31T11:01:36.540+0000] {logging_mixin.py:188} INFO - [2026-07-31T11:01:36.538+0000] {dag.py:3947} INFO - Setting next_dagrun for example_params_ui_tutorial to None, run_after=None
[2026-07-31T11:01:36.596+0000] {processor.py:183} INFO - Processing /home/airflow/.local/lib/python3.12/site-packages/airflow/example_dags/example_params_ui_tutorial.py took 0.394 seconds
[2026-07-31T11:02:07.350+0000] {processor.py:161} INFO - Started process (PID=1001) to work on /home/airflow/.local/lib/python3.12/site-packages/airflow/example_dags/example_params_ui_tutorial.py
[2026-07-31T11:02:07.353+0000] {processor.py:830} INFO - Processing file /home/airflow/.local/lib/python3.12/site-packages/airflow/example_dags/example_params_ui_tutorial.py for tasks to queue
[2026-07-31T11:02:07.356+0000] {logging_mixin.py:188} INFO - [2026-07-31T11:02:07.355+0000] {dagbag.py:545} INFO - Filling up the DagBag from /home/airflow/.local/lib/python3.12/site-packages/airflow/example_dags/example_params_ui_tutorial.py
[2026-07-31T11:02:07.371+0000] {processor.py:840} INFO - DAG(s) 'example_params_ui_tutorial' retrieved from /home/airflow/.local/lib/python3.12/site-packages/airflow/example_dags/example_params_ui_tutorial.py
[2026-07-31T11:02:07.486+0000] {logging_mixin.py:188} INFO - [2026-07-31T11:02:07.485+0000] {dag.py:3089} INFO - Sync 1 DAGs
[2026-07-31T11:02:07.515+0000] {logging_mixin.py:188} INFO - [2026-07-31T11:02:07.515+0000] {dag.py:3947} INFO - Setting next_dagrun for example_params_ui_tutorial to None, run_after=None
[2026-07-31T11:02:07.567+0000] {processor.py:183} INFO - Processing /home/airflow/.local/lib/python3.12/site-packages/airflow/example_dags/example_params_ui_tutorial.py took 0.229 seconds
[2026-07-31T11:02:46.967+0000] {processor.py:161} INFO - Started process (PID=1059) to work on /home/airflow/.local/lib/python3.12/site-packages/airflow/example_dags/example_params_ui_tutorial.py
[2026-07-31T11:02:46.991+0000] {processor.py:830} INFO - Processing file /home/airflow/.local/lib/python3.12/site-packages/airflow/example_dags/example_params_ui_tutorial.py for tasks to queue
[2026-07-31T11:02:47.021+0000] {logging_mixin.py:188} INFO - [2026-07-31T11:02:47.020+0000] {dagbag.py:545} INFO - Filling up the DagBag from /home/airflow/.local/lib/python3.12/site-packages/airflow/example_dags/example_params_ui_tutorial.py
[2026-07-31T11:02:47.102+0000] {processor.py:840} INFO - DAG(s) 'example_params_ui_tutorial' retrieved from /home/airflow/.local/lib/python3.12/site-packages/airflow/example_dags/example_params_ui_tutorial.py
[2026-07-31T11:02:47.338+0000] {logging_mixin.py:188} INFO - [2026-07-31T11:02:47.337+0000] {dag.py:3089} INFO - Sync 1 DAGs
[2026-07-31T11:02:47.419+0000] {logging_mixin.py:188} INFO - [2026-07-31T11:02:47.408+0000] {dag.py:3947} INFO - Setting next_dagrun for example_params_ui_tutorial to None, run_after=None
[2026-07-31T11:02:47.526+0000] {processor.py:183} INFO - Processing /home/airflow/.local/lib/python3.12/site-packages/airflow/example_dags/example_params_ui_tutorial.py took 0.714 seconds
[2026-07-31T11:03:18.076+0000] {processor.py:161} INFO - Started process (PID=1116) to work on /home/airflow/.local/lib/python3.12/site-packages/airflow/example_dags/example_params_ui_tutorial.py
[2026-07-31T11:03:18.080+0000] {processor.py:830} INFO - Processing file /home/airflow/.local/lib/python3.12/site-packages/airflow/example_dags/example_params_ui_tutorial.py for tasks to queue
[2026-07-31T11:03:18.105+0000] {logging_mixin.py:188} INFO - [2026-07-31T11:03:18.099+0000] {dagbag.py:545} INFO - Filling up the DagBag from /home/airflow/.local/lib/python3.12/site-packages/airflow/example_dags/example_params_ui_tutorial.py
[2026-07-31T11:03:18.185+0000] {processor.py:840} INFO - DAG(s) 'example_params_ui_tutorial' retrieved from /home/airflow/.local/lib/python3.12/site-packages/airflow/example_dags/example_params_ui_tutorial.py
[2026-07-31T11:03:18.516+0000] {logging_mixin.py:188} INFO - [2026-07-31T11:03:18.514+0000] {dag.py:3089} INFO - Sync 1 DAGs
[2026-07-31T11:03:18.605+0000] {logging_mixin.py:188} INFO - [2026-07-31T11:03:18.603+0000] {dag.py:3947} INFO - Setting next_dagrun for example_params_ui_tutorial to None, run_after=None
[2026-07-31T11:03:18.678+0000] {processor.py:183} INFO - Processing /home/airflow/.local/lib/python3.12/site-packages/airflow/example_dags/example_params_ui_tutorial.py took 0.634 seconds
[2026-07-31T11:03:49.160+0000] {processor.py:161} INFO - Started process (PID=1174) to work on /home/airflow/.local/lib/python3.12/site-packages/airflow/example_dags/example_params_ui_tutorial.py
[2026-07-31T11:03:49.162+0000] {processor.py:830} INFO - Processing file /home/airflow/.local/lib/python3.12/site-packages/airflow/example_dags/example_params_ui_tutorial.py for tasks to queue
[2026-07-31T11:03:49.170+0000] {logging_mixin.py:188} INFO - [2026-07-31T11:03:49.169+0000] {dagbag.py:545} INFO - Filling up the DagBag from /home/airflow/.local/lib/python3.12/site-packages/airflow/example_dags/example_params_ui_tutorial.py
[2026-07-31T11:03:49.192+0000] {processor.py:840} INFO - DAG(s) 'example_params_ui_tutorial' retrieved from /home/airflow/.local/lib/python3.12/site-packages/airflow/example_dags/example_params_ui_tutorial.py
[2026-07-31T11:03:49.454+0000] {logging_mixin.py:188} INFO - [2026-07-31T11:03:49.453+0000] {dag.py:3089} INFO - Sync 1 DAGs
[2026-07-31T11:03:49.509+0000] {logging_mixin.py:188} INFO - [2026-07-31T11:03:49.508+0000] {dag.py:3947} INFO - Setting next_dagrun for example_params_ui_tutorial to None, run_after=None
[2026-07-31T11:03:49.589+0000] {processor.py:183} INFO - Processing /home/airflow/.local/lib/python3.12/site-packages/airflow/example_dags/example_params_ui_tutorial.py took 0.446 seconds
[2026-07-31T11:04:23.209+0000] {processor.py:161} INFO - Started process (PID=1229) to work on /home/airflow/.local/lib/python3.12/site-packages/airflow/example_dags/example_params_ui_tutorial.py
[2026-07-31T11:04:23.212+0000] {processor.py:830} INFO - Processing file /home/airflow/.local/lib/python3.12/site-packages/airflow/example_dags/example_params_ui_tutorial.py for tasks to queue
[2026-07-31T11:04:23.219+0000] {logging_mixin.py:188} INFO - [2026-07-31T11:04:23.217+0000] {dagbag.py:545} INFO - Filling up the DagBag from /home/airflow/.local/lib/python3.12/site-packages/airflow/example_dags/example_params_ui_tutorial.py
[2026-07-31T11:04:23.260+0000] {processor.py:840} INFO - DAG(s) 'example_params_ui_tutorial' retrieved from /home/airflow/.local/lib/python3.12/site-packages/airflow/example_dags/example_params_ui_tutorial.py
[2026-07-31T11:04:23.550+0000] {logging_mixin.py:188} INFO - [2026-07-31T11:04:23.549+0000] {dag.py:3089} INFO - Sync 1 DAGs
[2026-07-31T11:04:23.628+0000] {logging_mixin.py:188} INFO - [2026-07-31T11:04:23.627+0000] {dag.py:3947} INFO - Setting next_dagrun for example_params_ui_tutorial to None, run_after=None
[2026-07-31T11:04:23.710+0000] {processor.py:183} INFO - Processing /home/airflow/.local/lib/python3.12/site-packages/airflow/example_dags/example_params_ui_tutorial.py took 0.527 seconds
[2026-07-31T11:05:28.618+0000] {processor.py:161} INFO - Started process (PID=1293) to work on /home/airflow/.local/lib/python3.12/site-packages/airflow/example_dags/example_params_ui_tutorial.py
[2026-07-31T11:05:28.635+0000] {processor.py:830} INFO - Processing file /home/airflow/.local/lib/python3.12/site-packages/airflow/example_dags/example_params_ui_tutorial.py for tasks to queue
[2026-07-31T11:05:28.686+0000] {logging_mixin.py:188} INFO - [2026-07-31T11:05:28.685+0000] {dagbag.py:545} INFO - Filling up the DagBag from /home/airflow/.local/lib/python3.12/site-packages/airflow/example_dags/example_params_ui_tutorial.py
[2026-07-31T11:05:28.795+0000] {processor.py:840} INFO - DAG(s) 'example_params_ui_tutorial' retrieved from /home/airflow/.local/lib/python3.12/site-packages/airflow/example_dags/example_params_ui_tutorial.py
[2026-07-31T11:05:29.673+0000] {logging_mixin.py:188} INFO - [2026-07-31T11:05:29.672+0000] {dag.py:3089} INFO - Sync 1 DAGs
[2026-07-31T11:05:30.554+0000] {logging_mixin.py:188} INFO - [2026-07-31T11:05:30.553+0000] {dag.py:3947} INFO - Setting next_dagrun for example_params_ui_tutorial to None, run_after=None
[2026-07-31T11:05:31.174+0000] {processor.py:183} INFO - Processing /home/airflow/.local/lib/python3.12/site-packages/airflow/example_dags/example_params_ui_tutorial.py took 2.634 seconds
[2026-07-31T11:06:11.503+0000] {processor.py:161} INFO - Started process (PID=1351) to work on /home/airflow/.local/lib/python3.12/site-packages/airflow/example_dags/example_params_ui_tutorial.py
[2026-07-31T11:06:11.507+0000] {processor.py:830} INFO - Processing file /home/airflow/.local/lib/python3.12/site-packages/airflow/example_dags/example_params_ui_tutorial.py for tasks to queue
[2026-07-31T11:06:11.513+0000] {logging_mixin.py:188} INFO - [2026-07-31T11:06:11.512+0000] {dagbag.py:545} INFO - Filling up the DagBag from /home/airflow/.local/lib/python3.12/site-packages/airflow/example_dags/example_params_ui_tutorial.py
[2026-07-31T11:06:11.538+0000] {processor.py:840} INFO - DAG(s) 'example_params_ui_tutorial' retrieved from /home/airflow/.local/lib/python3.12/site-packages/airflow/example_dags/example_params_ui_tutorial.py
[2026-07-31T11:06:11.787+0000] {logging_mixin.py:188} INFO - [2026-07-31T11:06:11.786+0000] {dag.py:3089} INFO - Sync 1 DAGs
[2026-07-31T11:06:11.852+0000] {logging_mixin.py:188} INFO - [2026-07-31T11:06:11.851+0000] {dag.py:3947} INFO - Setting next_dagrun for example_params_ui_tutorial to None, run_after=None
[2026-07-31T11:06:11.933+0000] {processor.py:183} INFO - Processing /home/airflow/.local/lib/python3.12/site-packages/airflow/example_dags/example_params_ui_tutorial.py took 0.453 seconds
[2026-07-31T11:06:45.383+0000] {processor.py:161} INFO - Started process (PID=1409) to work on /home/airflow/.local/lib/python3.12/site-packages/airflow/example_dags/example_params_ui_tutorial.py
[2026-07-31T11:06:45.400+0000] {processor.py:830} INFO - Processing file /home/airflow/.local/lib/python3.12/site-packages/airflow/example_dags/example_params_ui_tutorial.py for tasks to queue
[2026-07-31T11:06:45.416+0000] {logging_mixin.py:188} INFO - [2026-07-31T11:06:45.415+0000] {dagbag.py:545} INFO - Filling up the DagBag from /home/airflow/.local/lib/python3.12/site-packages/airflow/example_dags/example_params_ui_tutorial.py
[2026-07-31T11:06:45.483+0000] {processor.py:840} INFO - DAG(s) 'example_params_ui_tutorial' retrieved from /home/airflow/.local/lib/python3.12/site-packages/airflow/example_dags/example_params_ui_tutorial.py
[2026-07-31T11:06:46.004+0000] {logging_mixin.py:188} INFO - [2026-07-31T11:06:46.003+0000] {dag.py:3089} INFO - Sync 1 DAGs
[2026-07-31T11:06:46.065+0000] {logging_mixin.py:188} INFO - [2026-07-31T11:06:46.064+0000] {dag.py:3947} INFO - Setting next_dagrun for example_params_ui_tutorial to None, run_after=None
[2026-07-31T11:06:46.187+0000] {processor.py:183} INFO - Processing /home/airflow/.local/lib/python3.12/site-packages/airflow/example_dags/example_params_ui_tutorial.py took 0.846 seconds
[2026-07-31T11:07:56.058+0000] {processor.py:161} INFO - Started process (PID=1487) to work on /home/airflow/.local/lib/python3.12/site-packages/airflow/example_dags/example_params_ui_tutorial.py
[2026-07-31T11:07:56.088+0000] {processor.py:830} INFO - Processing file /home/airflow/.local/lib/python3.12/site-packages/airflow/example_dags/example_params_ui_tutorial.py for tasks to queue
[2026-07-31T11:07:56.112+0000] {logging_mixin.py:188} INFO - [2026-07-31T11:07:56.111+0000] {dagbag.py:545} INFO - Filling up the DagBag from /home/airflow/.local/lib/python3.12/site-packages/airflow/example_dags/example_params_ui_tutorial.py
[2026-07-31T11:07:56.310+0000] {processor.py:840} INFO - DAG(s) 'example_params_ui_tutorial' retrieved from /home/airflow/.local/lib/python3.12/site-packages/airflow/example_dags/example_params_ui_tutorial.py
[2026-07-31T11:07:57.414+0000] {logging_mixin.py:188} INFO - [2026-07-31T11:07:57.408+0000] {dag.py:3089} INFO - Sync 1 DAGs
[2026-07-31T11:07:57.590+0000] {logging_mixin.py:188} INFO - [2026-07-31T11:07:57.589+0000] {dag.py:3947} INFO - Setting next_dagrun for example_params_ui_tutorial to None, run_after=None
[2026-07-31T11:07:57.902+0000] {processor.py:183} INFO - Processing /home/airflow/.local/lib/python3.12/site-packages/airflow/example_dags/example_params_ui_tutorial.py took 1.939 seconds
[2026-07-31T11:08:46.120+0000] {processor.py:161} INFO - Started process (PID=1556) to work on /home/airflow/.local/lib/python3.12/site-packages/airflow/example_dags/example_params_ui_tutorial.py
[2026-07-31T11:08:46.146+0000] {processor.py:830} INFO - Processing file /home/airflow/.local/lib/python3.12/site-packages/airflow/example_dags/example_params_ui_tutorial.py for tasks to queue
[2026-07-31T11:08:46.159+0000] {logging_mixin.py:188} INFO - [2026-07-31T11:08:46.152+0000] {dagbag.py:545} INFO - Filling up the DagBag from /home/airflow/.local/lib/python3.12/site-packages/airflow/example_dags/example_params_ui_tutorial.py
[2026-07-31T11:08:46.203+0000] {processor.py:840} INFO - DAG(s) 'example_params_ui_tutorial' retrieved from /home/airflow/.local/lib/python3.12/site-packages/airflow/example_dags/example_params_ui_tutorial.py
[2026-07-31T11:08:46.544+0000] {logging_mixin.py:188} INFO - [2026-07-31T11:08:46.543+0000] {dag.py:3089} INFO - Sync 1 DAGs
[2026-07-31T11:08:46.645+0000] {logging_mixin.py:188} INFO - [2026-07-31T11:08:46.644+0000] {dag.py:3947} INFO - Setting next_dagrun for example_params_ui_tutorial to None, run_after=None
[2026-07-31T11:08:46.713+0000] {processor.py:183} INFO - Processing /home/airflow/.local/lib/python3.12/site-packages/airflow/example_dags/example_params_ui_tutorial.py took 0.637 seconds
[2026-07-31T11:09:43.655+0000] {processor.py:161} INFO - Started process (PID=1604) to work on /home/airflow/.local/lib/python3.12/site-packages/airflow/example_dags/example_params_ui_tutorial.py
[2026-07-31T11:09:43.659+0000] {processor.py:830} INFO - Processing file /home/airflow/.local/lib/python3.12/site-packages/airflow/example_dags/example_params_ui_tutorial.py for tasks to queue
[2026-07-31T11:09:43.666+0000] {logging_mixin.py:188} INFO - [2026-07-31T11:09:43.664+0000] {dagbag.py:545} INFO - Filling up the DagBag from /home/airflow/.local/lib/python3.12/site-packages/airflow/example_dags/example_params_ui_tutorial.py
[2026-07-31T11:09:43.698+0000] {processor.py:840} INFO - DAG(s) 'example_params_ui_tutorial' retrieved from /home/airflow/.local/lib/python3.12/site-packages/airflow/example_dags/example_params_ui_tutorial.py
[2026-07-31T11:09:43.985+0000] {logging_mixin.py:188} INFO - [2026-07-31T11:09:43.984+0000] {dag.py:3089} INFO - Sync 1 DAGs
[2026-07-31T11:09:45.006+0000] {logging_mixin.py:188} INFO - [2026-07-31T11:09:45.005+0000] {dag.py:3947} INFO - Setting next_dagrun for example_params_ui_tutorial to None, run_after=None
[2026-07-31T11:09:45.095+0000] {processor.py:183} INFO - Processing /home/airflow/.local/lib/python3.12/site-packages/airflow/example_dags/example_params_ui_tutorial.py took 1.466 seconds
[2026-07-31T11:10:32.235+0000] {processor.py:161} INFO - Started process (PID=1665) to work on /home/airflow/.local/lib/python3.12/site-packages/airflow/example_dags/example_params_ui_tutorial.py
[2026-07-31T11:10:32.239+0000] {processor.py:830} INFO - Processing file /home/airflow/.local/lib/python3.12/site-packages/airflow/example_dags/example_params_ui_tutorial.py for tasks to queue
[2026-07-31T11:10:32.246+0000] {logging_mixin.py:188} INFO - [2026-07-31T11:10:32.245+0000] {dagbag.py:545} INFO - Filling up the DagBag from /home/airflow/.local/lib/python3.12/site-packages/airflow/example_dags/example_params_ui_tutorial.py
[2026-07-31T11:10:32.274+0000] {processor.py:840} INFO - DAG(s) 'example_params_ui_tutorial' retrieved from /home/airflow/.local/lib/python3.12/site-packages/airflow/example_dags/example_params_ui_tutorial.py
[2026-07-31T11:10:32.626+0000] {logging_mixin.py:188} INFO - [2026-07-31T11:10:32.625+0000] {dag.py:3089} INFO - Sync 1 DAGs
[2026-07-31T11:10:32.712+0000] {logging_mixin.py:188} INFO - [2026-07-31T11:10:32.710+0000] {dag.py:3947} INFO - Setting next_dagrun for example_params_ui_tutorial to None, run_after=None
[2026-07-31T11:10:32.801+0000] {processor.py:183} INFO - Processing /home/airflow/.local/lib/python3.12/site-packages/airflow/example_dags/example_params_ui_tutorial.py took 0.588 seconds
[2026-07-31T11:11:30.059+0000] {processor.py:161} INFO - Started process (PID=1723) to work on /home/airflow/.local/lib/python3.12/site-packages/airflow/example_dags/example_params_ui_tutorial.py
[2026-07-31T11:11:30.069+0000] {processor.py:830} INFO - Processing file /home/airflow/.local/lib/python3.12/site-packages/airflow/example_dags/example_params_ui_tutorial.py for tasks to queue
[2026-07-31T11:11:30.110+0000] {logging_mixin.py:188} INFO - [2026-07-31T11:11:30.106+0000] {dagbag.py:545} INFO - Filling up the DagBag from /home/airflow/.local/lib/python3.12/site-packages/airflow/example_dags/example_params_ui_tutorial.py
[2026-07-31T11:11:30.157+0000] {processor.py:840} INFO - DAG(s) 'example_params_ui_tutorial' retrieved from /home/airflow/.local/lib/python3.12/site-packages/airflow/example_dags/example_params_ui_tutorial.py
[2026-07-31T11:11:30.863+0000] {logging_mixin.py:188} INFO - [2026-07-31T11:11:30.862+0000] {dag.py:3089} INFO - Sync 1 DAGs
[2026-07-31T11:11:31.006+0000] {logging_mixin.py:188} INFO - [2026-07-31T11:11:31.005+0000] {dag.py:3947} INFO - Setting next_dagrun for example_params_ui_tutorial to None, run_after=None
[2026-07-31T11:11:31.172+0000] {processor.py:183} INFO - Processing /home/airflow/.local/lib/python3.12/site-packages/airflow/example_dags/example_params_ui_tutorial.py took 1.149 seconds
[2026-07-31T11:12:19.098+0000] {processor.py:161} INFO - Started process (PID=1784) to work on /home/airflow/.local/lib/python3.12/site-packages/airflow/example_dags/example_params_ui_tutorial.py
[2026-07-31T11:12:19.102+0000] {processor.py:830} INFO - Processing file /home/airflow/.local/lib/python3.12/site-packages/airflow/example_dags/example_params_ui_tutorial.py for tasks to queue
[2026-07-31T11:12:19.109+0000] {logging_mixin.py:188} INFO - [2026-07-31T11:12:19.108+0000] {dagbag.py:545} INFO - Filling up the DagBag from /home/airflow/.local/lib/python3.12/site-packages/airflow/example_dags/example_params_ui_tutorial.py
[2026-07-31T11:12:19.144+0000] {processor.py:840} INFO - DAG(s) 'example_params_ui_tutorial' retrieved from /home/airflow/.local/lib/python3.12/site-packages/airflow/example_dags/example_params_ui_tutorial.py
[2026-07-31T11:12:19.400+0000] {logging_mixin.py:188} INFO - [2026-07-31T11:12:19.399+0000] {dag.py:3089} INFO - Sync 1 DAGs
[2026-07-31T11:12:19.460+0000] {logging_mixin.py:188} INFO - [2026-07-31T11:12:19.459+0000] {dag.py:3947} INFO - Setting next_dagrun for example_params_ui_tutorial to None, run_after=None
[2026-07-31T11:12:19.542+0000] {processor.py:183} INFO - Processing /home/airflow/.local/lib/python3.12/site-packages/airflow/example_dags/example_params_ui_tutorial.py took 0.486 seconds
[2026-07-31T11:13:00.813+0000] {processor.py:161} INFO - Started process (PID=1845) to work on /home/airflow/.local/lib/python3.12/site-packages/airflow/example_dags/example_params_ui_tutorial.py
[2026-07-31T11:13:00.830+0000] {processor.py:830} INFO - Processing file /home/airflow/.local/lib/python3.12/site-packages/airflow/example_dags/example_params_ui_tutorial.py for tasks to queue
[2026-07-31T11:13:00.848+0000] {logging_mixin.py:188} INFO - [2026-07-31T11:13:00.846+0000] {dagbag.py:545} INFO - Filling up the DagBag from /home/airflow/.local/lib/python3.12/site-packages/airflow/example_dags/example_params_ui_tutorial.py
[2026-07-31T11:13:00.950+0000] {processor.py:840} INFO - DAG(s) 'example_params_ui_tutorial' retrieved from /home/airflow/.local/lib/python3.12/site-packages/airflow/example_dags/example_params_ui_tutorial.py
[2026-07-31T11:13:01.590+0000] {logging_mixin.py:188} INFO - [2026-07-31T11:13:01.589+0000] {dag.py:3089} INFO - Sync 1 DAGs
[2026-07-31T11:13:01.794+0000] {logging_mixin.py:188} INFO - [2026-07-31T11:13:01.793+0000] {dag.py:3947} INFO - Setting next_dagrun for example_params_ui_tutorial to None, run_after=None
[2026-07-31T11:13:01.955+0000] {processor.py:183} INFO - Processing /home/airflow/.local/lib/python3.12/site-packages/airflow/example_dags/example_params_ui_tutorial.py took 1.188 seconds
[2026-07-31T11:13:33.800+0000] {processor.py:161} INFO - Started process (PID=1904) to work on /home/airflow/.local/lib/python3.12/site-packages/airflow/example_dags/example_params_ui_tutorial.py
[2026-07-31T11:13:33.815+0000] {processor.py:830} INFO - Processing file /home/airflow/.local/lib/python3.12/site-packages/airflow/example_dags/example_params_ui_tutorial.py for tasks to queue
[2026-07-31T11:13:33.824+0000] {logging_mixin.py:188} INFO - [2026-07-31T11:13:33.823+0000] {dagbag.py:545} INFO - Filling up the DagBag from /home/airflow/.local/lib/python3.12/site-packages/airflow/example_dags/example_params_ui_tutorial.py
[2026-07-31T11:13:33.884+0000] {processor.py:840} INFO - DAG(s) 'example_params_ui_tutorial' retrieved from /home/airflow/.local/lib/python3.12/site-packages/airflow/example_dags/example_params_ui_tutorial.py
[2026-07-31T11:13:34.645+0000] {logging_mixin.py:188} INFO - [2026-07-31T11:13:34.644+0000] {dag.py:3089} INFO - Sync 1 DAGs
[2026-07-31T11:13:34.763+0000] {logging_mixin.py:188} INFO - [2026-07-31T11:13:34.762+0000] {dag.py:3947} INFO - Setting next_dagrun for example_params_ui_tutorial to None, run_after=None
[2026-07-31T11:13:34.911+0000] {processor.py:183} INFO - Processing /home/airflow/.local/lib/python3.12/site-packages/airflow/example_dags/example_params_ui_tutorial.py took 1.180 seconds
[2026-07-31T11:14:28.479+0000] {processor.py:161} INFO - Started process (PID=1976) to work on /home/airflow/.local/lib/python3.12/site-packages/airflow/example_dags/example_params_ui_tutorial.py
[2026-07-31T11:14:28.486+0000] {processor.py:830} INFO - Processing file /home/airflow/.local/lib/python3.12/site-packages/airflow/example_dags/example_params_ui_tutorial.py for tasks to queue
[2026-07-31T11:14:28.500+0000] {logging_mixin.py:188} INFO - [2026-07-31T11:14:28.495+0000] {dagbag.py:545} INFO - Filling up the DagBag from /home/airflow/.local/lib/python3.12/site-packages/airflow/example_dags/example_params_ui_tutorial.py
[2026-07-31T11:14:28.563+0000] {processor.py:840} INFO - DAG(s) 'example_params_ui_tutorial' retrieved from /home/airflow/.local/lib/python3.12/site-packages/airflow/example_dags/example_params_ui_tutorial.py
[2026-07-31T11:14:28.919+0000] {logging_mixin.py:188} INFO - [2026-07-31T11:14:28.918+0000] {dag.py:3089} INFO - Sync 1 DAGs
[2026-07-31T11:14:29.089+0000] {logging_mixin.py:188} INFO - [2026-07-31T11:14:29.082+0000] {dag.py:3947} INFO - Setting next_dagrun for example_params_ui_tutorial to None, run_after=None
[2026-07-31T11:14:29.416+0000] {processor.py:183} INFO - Processing /home/airflow/.local/lib/python3.12/site-packages/airflow/example_dags/example_params_ui_tutorial.py took 0.959 seconds
[2026-07-31T11:14:59.904+0000] {processor.py:161} INFO - Started process (PID=2035) to work on /home/airflow/.local/lib/python3.12/site-packages/airflow/example_dags/example_params_ui_tutorial.py
[2026-07-31T11:14:59.909+0000] {processor.py:830} INFO - Processing file /home/airflow/.local/lib/python3.12/site-packages/airflow/example_dags/example_params_ui_tutorial.py for tasks to queue
[2026-07-31T11:14:59.921+0000] {logging_mixin.py:188} INFO - [2026-07-31T11:14:59.920+0000] {dagbag.py:545} INFO - Filling up the DagBag from /home/airflow/.local/lib/python3.12/site-packages/airflow/example_dags/example_params_ui_tutorial.py
[2026-07-31T11:14:59.968+0000] {processor.py:840} INFO - DAG(s) 'example_params_ui_tutorial' retrieved from /home/airflow/.local/lib/python3.12/site-packages/airflow/example_dags/example_params_ui_tutorial.py
[2026-07-31T11:15:00.356+0000] {logging_mixin.py:188} INFO - [2026-07-31T11:15:00.355+0000] {dag.py:3089} INFO - Sync 1 DAGs
[2026-07-31T11:15:00.459+0000] {logging_mixin.py:188} INFO - [2026-07-31T11:15:00.458+0000] {dag.py:3947} INFO - Setting next_dagrun for example_params_ui_tutorial to None, run_after=None
[2026-07-31T11:15:00.583+0000] {processor.py:183} INFO - Processing /home/airflow/.local/lib/python3.12/site-packages/airflow/example_dags/example_params_ui_tutorial.py took 0.712 seconds
[2026-07-31T11:15:31.178+0000] {processor.py:161} INFO - Started process (PID=2094) to work on /home/airflow/.local/lib/python3.12/site-packages/airflow/example_dags/example_params_ui_tutorial.py
[2026-07-31T11:15:31.183+0000] {processor.py:830} INFO - Processing file /home/airflow/.local/lib/python3.12/site-packages/airflow/example_dags/example_params_ui_tutorial.py for tasks to queue
[2026-07-31T11:15:31.189+0000] {logging_mixin.py:188} INFO - [2026-07-31T11:15:31.188+0000] {dagbag.py:545} INFO - Filling up the DagBag from /home/airflow/.local/lib/python3.12/site-packages/airflow/example_dags/example_params_ui_tutorial.py
[2026-07-31T11:15:31.210+0000] {processor.py:840} INFO - DAG(s) 'example_params_ui_tutorial' retrieved from /home/airflow/.local/lib/python3.12/site-packages/airflow/example_dags/example_params_ui_tutorial.py
[2026-07-31T11:15:31.449+0000] {logging_mixin.py:188} INFO - [2026-07-31T11:15:31.448+0000] {dag.py:3089} INFO - Sync 1 DAGs
[2026-07-31T11:15:31.504+0000] {logging_mixin.py:188} INFO - [2026-07-31T11:15:31.503+0000] {dag.py:3947} INFO - Setting next_dagrun for example_params_ui_tutorial to None, run_after=None
[2026-07-31T11:15:31.573+0000] {processor.py:183} INFO - Processing /home/airflow/.local/lib/python3.12/site-packages/airflow/example_dags/example_params_ui_tutorial.py took 0.413 seconds
[2026-07-31T11:16:02.317+0000] {processor.py:161} INFO - Started process (PID=2153) to work on /home/airflow/.local/lib/python3.12/site-packages/airflow/example_dags/example_params_ui_tutorial.py
[2026-07-31T11:16:02.321+0000] {processor.py:830} INFO - Processing file /home/airflow/.local/lib/python3.12/site-packages/airflow/example_dags/example_params_ui_tutorial.py for tasks to queue
[2026-07-31T11:16:02.339+0000] {logging_mixin.py:188} INFO - [2026-07-31T11:16:02.336+0000] {dagbag.py:545} INFO - Filling up the DagBag from /home/airflow/.local/lib/python3.12/site-packages/airflow/example_dags/example_params_ui_tutorial.py
[2026-07-31T11:16:02.385+0000] {processor.py:840} INFO - DAG(s) 'example_params_ui_tutorial' retrieved from /home/airflow/.local/lib/python3.12/site-packages/airflow/example_dags/example_params_ui_tutorial.py
[2026-07-31T11:16:02.599+0000] {logging_mixin.py:188} INFO - [2026-07-31T11:16:02.598+0000] {dag.py:3089} INFO - Sync 1 DAGs
[2026-07-31T11:16:02.647+0000] {logging_mixin.py:188} INFO - [2026-07-31T11:16:02.646+0000] {dag.py:3947} INFO - Setting next_dagrun for example_params_ui_tutorial to None, run_after=None
[2026-07-31T11:16:02.704+0000] {processor.py:183} INFO - Processing /home/airflow/.local/lib/python3.12/site-packages/airflow/example_dags/example_params_ui_tutorial.py took 0.425 seconds
[2026-07-31T11:16:33.075+0000] {processor.py:161} INFO - Started process (PID=2211) to work on /home/airflow/.local/lib/python3.12/site-packages/airflow/example_dags/example_params_ui_tutorial.py
[2026-07-31T11:16:33.079+0000] {processor.py:830} INFO - Processing file /home/airflow/.local/lib/python3.12/site-packages/airflow/example_dags/example_params_ui_tutorial.py for tasks to queue
[2026-07-31T11:16:33.089+0000] {logging_mixin.py:188} INFO - [2026-07-31T11:16:33.087+0000] {dagbag.py:545} INFO - Filling up the DagBag from /home/airflow/.local/lib/python3.12/site-packages/airflow/example_dags/example_params_ui_tutorial.py
[2026-07-31T11:16:33.117+0000] {processor.py:840} INFO - DAG(s) 'example_params_ui_tutorial' retrieved from /home/airflow/.local/lib/python3.12/site-packages/airflow/example_dags/example_params_ui_tutorial.py
[2026-07-31T11:16:33.245+0000] {logging_mixin.py:188} INFO - [2026-07-31T11:16:33.244+0000] {dag.py:3089} INFO - Sync 1 DAGs
[2026-07-31T11:16:33.271+0000] {logging_mixin.py:188} INFO - [2026-07-31T11:16:33.270+0000] {dag.py:3947} INFO - Setting next_dagrun for example_params_ui_tutorial to None, run_after=None
[2026-07-31T11:16:33.312+0000] {processor.py:183} INFO - Processing /home/airflow/.local/lib/python3.12/site-packages/airflow/example_dags/example_params_ui_tutorial.py took 0.267 seconds
[2026-07-31T11:17:03.740+0000] {processor.py:161} INFO - Started process (PID=2271) to work on /home/airflow/.local/lib/python3.12/site-packages/airflow/example_dags/example_params_ui_tutorial.py
[2026-07-31T11:17:03.744+0000] {processor.py:830} INFO - Processing file /home/airflow/.local/lib/python3.12/site-packages/airflow/example_dags/example_params_ui_tutorial.py for tasks to queue
[2026-07-31T11:17:03.752+0000] {logging_mixin.py:188} INFO - [2026-07-31T11:17:03.751+0000] {dagbag.py:545} INFO - Filling up the DagBag from /home/airflow/.local/lib/python3.12/site-packages/airflow/example_dags/example_params_ui_tutorial.py
[2026-07-31T11:17:03.781+0000] {processor.py:840} INFO - DAG(s) 'example_params_ui_tutorial' retrieved from /home/airflow/.local/lib/python3.12/site-packages/airflow/example_dags/example_params_ui_tutorial.py
[2026-07-31T11:17:03.927+0000] {logging_mixin.py:188} INFO - [2026-07-31T11:17:03.926+0000] {dag.py:3089} INFO - Sync 1 DAGs
[2026-07-31T11:17:03.959+0000] {logging_mixin.py:188} INFO - [2026-07-31T11:17:03.958+0000] {dag.py:3947} INFO - Setting next_dagrun for example_params_ui_tutorial to None, run_after=None
[2026-07-31T11:17:04.006+0000] {processor.py:183} INFO - Processing /home/airflow/.local/lib/python3.12/site-packages/airflow/example_dags/example_params_ui_tutorial.py took 0.292 seconds
[2026-07-31T11:17:37.619+0000] {processor.py:161} INFO - Started process (PID=2329) to work on /home/airflow/.local/lib/python3.12/site-packages/airflow/example_dags/example_params_ui_tutorial.py
[2026-07-31T11:17:37.638+0000] {processor.py:830} INFO - Processing file /home/airflow/.local/lib/python3.12/site-packages/airflow/example_dags/example_params_ui_tutorial.py for tasks to queue
[2026-07-31T11:17:37.720+0000] {logging_mixin.py:188} INFO - [2026-07-31T11:17:37.719+0000] {dagbag.py:545} INFO - Filling up the DagBag from /home/airflow/.local/lib/python3.12/site-packages/airflow/example_dags/example_params_ui_tutorial.py
[2026-07-31T11:17:38.202+0000] {processor.py:840} INFO - DAG(s) 'example_params_ui_tutorial' retrieved from /home/airflow/.local/lib/python3.12/site-packages/airflow/example_dags/example_params_ui_tutorial.py
[2026-07-31T11:17:39.401+0000] {logging_mixin.py:188} INFO - [2026-07-31T11:17:39.400+0000] {dag.py:3089} INFO - Sync 1 DAGs
[2026-07-31T11:17:39.572+0000] {logging_mixin.py:188} INFO - [2026-07-31T11:17:39.571+0000] {dag.py:3947} INFO - Setting next_dagrun for example_params_ui_tutorial to None, run_after=None
[2026-07-31T11:17:39.803+0000] {processor.py:183} INFO - Processing /home/airflow/.local/lib/python3.12/site-packages/airflow/example_dags/example_params_ui_tutorial.py took 2.260 seconds
[2026-07-31T11:18:14.681+0000] {processor.py:161} INFO - Started process (PID=2387) to work on /home/airflow/.local/lib/python3.12/site-packages/airflow/example_dags/example_params_ui_tutorial.py
[2026-07-31T11:18:14.687+0000] {processor.py:830} INFO - Processing file /home/airflow/.local/lib/python3.12/site-packages/airflow/example_dags/example_params_ui_tutorial.py for tasks to queue
[2026-07-31T11:18:14.694+0000] {logging_mixin.py:188} INFO - [2026-07-31T11:18:14.692+0000] {dagbag.py:545} INFO - Filling up the DagBag from /home/airflow/.local/lib/python3.12/site-packages/airflow/example_dags/example_params_ui_tutorial.py
[2026-07-31T11:18:14.718+0000] {processor.py:840} INFO - DAG(s) 'example_params_ui_tutorial' retrieved from /home/airflow/.local/lib/python3.12/site-packages/airflow/example_dags/example_params_ui_tutorial.py
[2026-07-31T11:18:14.993+0000] {logging_mixin.py:188} INFO - [2026-07-31T11:18:14.992+0000] {dag.py:3089} INFO - Sync 1 DAGs
[2026-07-31T11:18:15.083+0000] {logging_mixin.py:188} INFO - [2026-07-31T11:18:15.082+0000] {dag.py:3947} INFO - Setting next_dagrun for example_params_ui_tutorial to None, run_after=None
[2026-07-31T11:18:15.186+0000] {processor.py:183} INFO - Processing /home/airflow/.local/lib/python3.12/site-packages/airflow/example_dags/example_params_ui_tutorial.py took 0.529 seconds
[2026-07-31T11:18:45.648+0000] {processor.py:161} INFO - Started process (PID=2444) to work on /home/airflow/.local/lib/python3.12/site-packages/airflow/example_dags/example_params_ui_tutorial.py
[2026-07-31T11:18:45.652+0000] {processor.py:830} INFO - Processing file /home/airflow/.local/lib/python3.12/site-packages/airflow/example_dags/example_params_ui_tutorial.py for tasks to queue
[2026-07-31T11:18:45.661+0000] {logging_mixin.py:188} INFO - [2026-07-31T11:18:45.658+0000] {dagbag.py:545} INFO - Filling up the DagBag from /home/airflow/.local/lib/python3.12/site-packages/airflow/example_dags/example_params_ui_tutorial.py
[2026-07-31T11:18:45.690+0000] {processor.py:840} INFO - DAG(s) 'example_params_ui_tutorial' retrieved from /home/airflow/.local/lib/python3.12/site-packages/airflow/example_dags/example_params_ui_tutorial.py
[2026-07-31T11:18:45.962+0000] {logging_mixin.py:188} INFO - [2026-07-31T11:18:45.962+0000] {dag.py:3089} INFO - Sync 1 DAGs
[2026-07-31T11:18:46.017+0000] {logging_mixin.py:188} INFO - [2026-07-31T11:18:46.017+0000] {dag.py:3947} INFO - Setting next_dagrun for example_params_ui_tutorial to None, run_after=None
[2026-07-31T11:18:46.070+0000] {processor.py:183} INFO - Processing /home/airflow/.local/lib/python3.12/site-packages/airflow/example_dags/example_params_ui_tutorial.py took 0.445 seconds
[2026-07-31T11:19:16.539+0000] {processor.py:161} INFO - Started process (PID=2503) to work on /home/airflow/.local/lib/python3.12/site-packages/airflow/example_dags/example_params_ui_tutorial.py
[2026-07-31T11:19:16.543+0000] {processor.py:830} INFO - Processing file /home/airflow/.local/lib/python3.12/site-packages/airflow/example_dags/example_params_ui_tutorial.py for tasks to queue
[2026-07-31T11:19:16.548+0000] {logging_mixin.py:188} INFO - [2026-07-31T11:19:16.547+0000] {dagbag.py:545} INFO - Filling up the DagBag from /home/airflow/.local/lib/python3.12/site-packages/airflow/example_dags/example_params_ui_tutorial.py
[2026-07-31T11:19:16.568+0000] {processor.py:840} INFO - DAG(s) 'example_params_ui_tutorial' retrieved from /home/airflow/.local/lib/python3.12/site-packages/airflow/example_dags/example_params_ui_tutorial.py
[2026-07-31T11:19:16.690+0000] {logging_mixin.py:188} INFO - [2026-07-31T11:19:16.689+0000] {dag.py:3089} INFO - Sync 1 DAGs
[2026-07-31T11:19:16.723+0000] {logging_mixin.py:188} INFO - [2026-07-31T11:19:16.723+0000] {dag.py:3947} INFO - Setting next_dagrun for example_params_ui_tutorial to None, run_after=None
[2026-07-31T11:19:16.764+0000] {processor.py:183} INFO - Processing /home/airflow/.local/lib/python3.12/site-packages/airflow/example_dags/example_params_ui_tutorial.py took 0.247 seconds
[2026-07-31T11:19:50.076+0000] {processor.py:161} INFO - Started process (PID=2560) to work on /home/airflow/.local/lib/python3.12/site-packages/airflow/example_dags/example_params_ui_tutorial.py
[2026-07-31T11:19:50.081+0000] {processor.py:830} INFO - Processing file /home/airflow/.local/lib/python3.12/site-packages/airflow/example_dags/example_params_ui_tutorial.py for tasks to queue
[2026-07-31T11:19:50.115+0000] {logging_mixin.py:188} INFO - [2026-07-31T11:19:50.113+0000] {dagbag.py:545} INFO - Filling up the DagBag from /home/airflow/.local/lib/python3.12/site-packages/airflow/example_dags/example_params_ui_tutorial.py
[2026-07-31T11:19:50.221+0000] {processor.py:840} INFO - DAG(s) 'example_params_ui_tutorial' retrieved from /home/airflow/.local/lib/python3.12/site-packages/airflow/example_dags/example_params_ui_tutorial.py
[2026-07-31T11:19:50.734+0000] {logging_mixin.py:188} INFO - [2026-07-31T11:19:50.733+0000] {dag.py:3089} INFO - Sync 1 DAGs
[2026-07-31T11:19:50.828+0000] {logging_mixin.py:188} INFO - [2026-07-31T11:19:50.827+0000] {dag.py:3947} INFO - Setting next_dagrun for example_params_ui_tutorial to None, run_after=None
[2026-07-31T11:19:50.988+0000] {processor.py:183} INFO - Processing /home/airflow/.local/lib/python3.12/site-packages/airflow/example_dags/example_params_ui_tutorial.py took 0.984 seconds
[2026-07-31T11:20:40.313+0000] {processor.py:161} INFO - Started process (PID=2630) to work on /home/airflow/.local/lib/python3.12/site-packages/airflow/example_dags/example_params_ui_tutorial.py
[2026-07-31T11:20:40.329+0000] {processor.py:830} INFO - Processing file /home/airflow/.local/lib/python3.12/site-packages/airflow/example_dags/example_params_ui_tutorial.py for tasks to queue
[2026-07-31T11:20:40.344+0000] {logging_mixin.py:188} INFO - [2026-07-31T11:20:40.342+0000] {dagbag.py:545} INFO - Filling up the DagBag from /home/airflow/.local/lib/python3.12/site-packages/airflow/example_dags/example_params_ui_tutorial.py
[2026-07-31T11:20:40.413+0000] {processor.py:840} INFO - DAG(s) 'example_params_ui_tutorial' retrieved from /home/airflow/.local/lib/python3.12/site-packages/airflow/example_dags/example_params_ui_tutorial.py
[2026-07-31T11:20:40.715+0000] {logging_mixin.py:188} INFO - [2026-07-31T11:20:40.713+0000] {dag.py:3089} INFO - Sync 1 DAGs
[2026-07-31T11:20:40.789+0000] {logging_mixin.py:188} INFO - [2026-07-31T11:20:40.788+0000] {dag.py:3947} INFO - Setting next_dagrun for example_params_ui_tutorial to None, run_after=None
[2026-07-31T11:20:40.922+0000] {processor.py:183} INFO - Processing /home/airflow/.local/lib/python3.12/site-packages/airflow/example_dags/example_params_ui_tutorial.py took 0.692 seconds
[2026-07-31T11:21:11.754+0000] {processor.py:161} INFO - Started process (PID=2688) to work on /home/airflow/.local/lib/python3.12/site-packages/airflow/example_dags/example_params_ui_tutorial.py
[2026-07-31T11:21:11.757+0000] {processor.py:830} INFO - Processing file /home/airflow/.local/lib/python3.12/site-packages/airflow/example_dags/example_params_ui_tutorial.py for tasks to queue
[2026-07-31T11:21:11.763+0000] {logging_mixin.py:188} INFO - [2026-07-31T11:21:11.762+0000] {dagbag.py:545} INFO - Filling up the DagBag from /home/airflow/.local/lib/python3.12/site-packages/airflow/example_dags/example_params_ui_tutorial.py
[2026-07-31T11:21:11.799+0000] {processor.py:840} INFO - DAG(s) 'example_params_ui_tutorial' retrieved from /home/airflow/.local/lib/python3.12/site-packages/airflow/example_dags/example_params_ui_tutorial.py
[2026-07-31T11:21:11.984+0000] {logging_mixin.py:188} INFO - [2026-07-31T11:21:11.983+0000] {dag.py:3089} INFO - Sync 1 DAGs
[2026-07-31T11:21:12.035+0000] {logging_mixin.py:188} INFO - [2026-07-31T11:21:12.034+0000] {dag.py:3947} INFO - Setting next_dagrun for example_params_ui_tutorial to None, run_after=None
[2026-07-31T11:21:12.108+0000] {processor.py:183} INFO - Processing /home/airflow/.local/lib/python3.12/site-packages/airflow/example_dags/example_params_ui_tutorial.py took 0.378 seconds
[2026-07-31T11:21:42.336+0000] {processor.py:161} INFO - Started process (PID=2747) to work on /home/airflow/.local/lib/python3.12/site-packages/airflow/example_dags/example_params_ui_tutorial.py
[2026-07-31T11:21:42.340+0000] {processor.py:830} INFO - Processing file /home/airflow/.local/lib/python3.12/site-packages/airflow/example_dags/example_params_ui_tutorial.py for tasks to queue
[2026-07-31T11:21:42.348+0000] {logging_mixin.py:188} INFO - [2026-07-31T11:21:42.347+0000] {dagbag.py:545} INFO - Filling up the DagBag from /home/airflow/.local/lib/python3.12/site-packages/airflow/example_dags/example_params_ui_tutorial.py
[2026-07-31T11:21:42.376+0000] {processor.py:840} INFO - DAG(s) 'example_params_ui_tutorial' retrieved from /home/airflow/.local/lib/python3.12/site-packages/airflow/example_dags/example_params_ui_tutorial.py
[2026-07-31T11:21:42.667+0000] {logging_mixin.py:188} INFO - [2026-07-31T11:21:42.666+0000] {dag.py:3089} INFO - Sync 1 DAGs
[2026-07-31T11:21:42.731+0000] {logging_mixin.py:188} INFO - [2026-07-31T11:21:42.730+0000] {dag.py:3947} INFO - Setting next_dagrun for example_params_ui_tutorial to None, run_after=None
[2026-07-31T11:21:42.814+0000] {processor.py:183} INFO - Processing /home/airflow/.local/lib/python3.12/site-packages/airflow/example_dags/example_params_ui_tutorial.py took 0.500 seconds
[2026-07-31T11:22:12.957+0000] {processor.py:161} INFO - Started process (PID=2806) to work on /home/airflow/.local/lib/python3.12/site-packages/airflow/example_dags/example_params_ui_tutorial.py
[2026-07-31T11:22:12.963+0000] {processor.py:830} INFO - Processing file /home/airflow/.local/lib/python3.12/site-packages/airflow/example_dags/example_params_ui_tutorial.py for tasks to queue
[2026-07-31T11:22:12.980+0000] {logging_mixin.py:188} INFO - [2026-07-31T11:22:12.979+0000] {dagbag.py:545} INFO - Filling up the DagBag from /home/airflow/.local/lib/python3.12/site-packages/airflow/example_dags/example_params_ui_tutorial.py
[2026-07-31T11:22:13.028+0000] {processor.py:840} INFO - DAG(s) 'example_params_ui_tutorial' retrieved from /home/airflow/.local/lib/python3.12/site-packages/airflow/example_dags/example_params_ui_tutorial.py
[2026-07-31T11:22:13.299+0000] {logging_mixin.py:188} INFO - [2026-07-31T11:22:13.298+0000] {dag.py:3089} INFO - Sync 1 DAGs
[2026-07-31T11:22:13.353+0000] {logging_mixin.py:188} INFO - [2026-07-31T11:22:13.352+0000] {dag.py:3947} INFO - Setting next_dagrun for example_params_ui_tutorial to None, run_after=None
[2026-07-31T11:22:13.454+0000] {processor.py:183} INFO - Processing /home/airflow/.local/lib/python3.12/site-packages/airflow/example_dags/example_params_ui_tutorial.py took 0.522 seconds
[2026-07-31T11:22:45.614+0000] {processor.py:161} INFO - Started process (PID=2863) to work on /home/airflow/.local/lib/python3.12/site-packages/airflow/example_dags/example_params_ui_tutorial.py
[2026-07-31T11:22:45.617+0000] {processor.py:830} INFO - Processing file /home/airflow/.local/lib/python3.12/site-packages/airflow/example_dags/example_params_ui_tutorial.py for tasks to queue
[2026-07-31T11:22:45.633+0000] {logging_mixin.py:188} INFO - [2026-07-31T11:22:45.632+0000] {dagbag.py:545} INFO - Filling up the DagBag from /home/airflow/.local/lib/python3.12/site-packages/airflow/example_dags/example_params_ui_tutorial.py
[2026-07-31T11:22:45.701+0000] {processor.py:840} INFO - DAG(s) 'example_params_ui_tutorial' retrieved from /home/airflow/.local/lib/python3.12/site-packages/airflow/example_dags/example_params_ui_tutorial.py
[2026-07-31T11:22:46.465+0000] {logging_mixin.py:188} INFO - [2026-07-31T11:22:46.463+0000] {dag.py:3089} INFO - Sync 1 DAGs
[2026-07-31T11:22:47.106+0000] {logging_mixin.py:188} INFO - [2026-07-31T11:22:47.082+0000] {dag.py:3947} INFO - Setting next_dagrun for example_params_ui_tutorial to None, run_after=None
[2026-07-31T11:22:47.520+0000] {processor.py:183} INFO - Processing /home/airflow/.local/lib/python3.12/site-packages/airflow/example_dags/example_params_ui_tutorial.py took 1.928 seconds
[2026-07-31T11:24:26.418+0000] {processor.py:161} INFO - Started process (PID=2921) to work on /home/airflow/.local/lib/python3.12/site-packages/airflow/example_dags/example_params_ui_tutorial.py
[2026-07-31T11:24:26.428+0000] {processor.py:830} INFO - Processing file /home/airflow/.local/lib/python3.12/site-packages/airflow/example_dags/example_params_ui_tutorial.py for tasks to queue
[2026-07-31T11:24:26.491+0000] {logging_mixin.py:188} INFO - [2026-07-31T11:24:26.490+0000] {dagbag.py:545} INFO - Filling up the DagBag from /home/airflow/.local/lib/python3.12/site-packages/airflow/example_dags/example_params_ui_tutorial.py
[2026-07-31T11:24:26.755+0000] {processor.py:840} INFO - DAG(s) 'example_params_ui_tutorial' retrieved from /home/airflow/.local/lib/python3.12/site-packages/airflow/example_dags/example_params_ui_tutorial.py
[2026-07-31T11:24:30.428+0000] {logging_mixin.py:188} INFO - [2026-07-31T11:24:30.405+0000] {dag.py:3089} INFO - Sync 1 DAGs
[2026-07-31T11:24:30.765+0000] {logging_mixin.py:188} INFO - [2026-07-31T11:24:30.752+0000] {dag.py:3947} INFO - Setting next_dagrun for example_params_ui_tutorial to None, run_after=None
[2026-07-31T11:24:31.043+0000] {processor.py:183} INFO - Processing /home/airflow/.local/lib/python3.12/site-packages/airflow/example_dags/example_params_ui_tutorial.py took 4.889 seconds
[2026-07-31T11:25:21.920+0000] {processor.py:161} INFO - Started process (PID=2984) to work on /home/airflow/.local/lib/python3.12/site-packages/airflow/example_dags/example_params_ui_tutorial.py
[2026-07-31T11:25:21.948+0000] {processor.py:830} INFO - Processing file /home/airflow/.local/lib/python3.12/site-packages/airflow/example_dags/example_params_ui_tutorial.py for tasks to queue
[2026-07-31T11:25:21.971+0000] {logging_mixin.py:188} INFO - [2026-07-31T11:25:21.970+0000] {dagbag.py:545} INFO - Filling up the DagBag from /home/airflow/.local/lib/python3.12/site-packages/airflow/example_dags/example_params_ui_tutorial.py
[2026-07-31T11:25:22.102+0000] {processor.py:840} INFO - DAG(s) 'example_params_ui_tutorial' retrieved from /home/airflow/.local/lib/python3.12/site-packages/airflow/example_dags/example_params_ui_tutorial.py
[2026-07-31T11:25:23.051+0000] {logging_mixin.py:188} INFO - [2026-07-31T11:25:23.050+0000] {dag.py:3089} INFO - Sync 1 DAGs
[2026-07-31T11:25:23.220+0000] {logging_mixin.py:188} INFO - [2026-07-31T11:25:23.208+0000] {dag.py:3947} INFO - Setting next_dagrun for example_params_ui_tutorial to None, run_after=None
[2026-07-31T11:25:23.492+0000] {processor.py:183} INFO - Processing /home/airflow/.local/lib/python3.12/site-packages/airflow/example_dags/example_params_ui_tutorial.py took 1.792 seconds
[2026-07-31T11:26:08.087+0000] {processor.py:161} INFO - Started process (PID=3030) to work on /home/airflow/.local/lib/python3.12/site-packages/airflow/example_dags/example_params_ui_tutorial.py
[2026-07-31T11:26:08.107+0000] {processor.py:830} INFO - Processing file /home/airflow/.local/lib/python3.12/site-packages/airflow/example_dags/example_params_ui_tutorial.py for tasks to queue
[2026-07-31T11:26:08.200+0000] {logging_mixin.py:188} INFO - [2026-07-31T11:26:08.178+0000] {dagbag.py:545} INFO - Filling up the DagBag from /home/airflow/.local/lib/python3.12/site-packages/airflow/example_dags/example_params_ui_tutorial.py
[2026-07-31T11:26:09.152+0000] {processor.py:840} INFO - DAG(s) 'example_params_ui_tutorial' retrieved from /home/airflow/.local/lib/python3.12/site-packages/airflow/example_dags/example_params_ui_tutorial.py
[2026-07-31T11:26:26.598+0000] {logging_mixin.py:188} INFO - [2026-07-31T11:26:26.158+0000] {dag.py:3089} INFO - Sync 1 DAGs
[2026-07-31T11:26:28.061+0000] {logging_mixin.py:188} INFO - [2026-07-31T11:26:28.060+0000] {dag.py:3947} INFO - Setting next_dagrun for example_params_ui_tutorial to None, run_after=None
[2026-07-31T11:26:31.769+0000] {processor.py:183} INFO - Processing /home/airflow/.local/lib/python3.12/site-packages/airflow/example_dags/example_params_ui_tutorial.py took 23.815 seconds
[2026-07-31T11:27:06.446+0000] {processor.py:161} INFO - Started process (PID=3088) to work on /home/airflow/.local/lib/python3.12/site-packages/airflow/example_dags/example_params_ui_tutorial.py
[2026-07-31T11:27:06.452+0000] {processor.py:830} INFO - Processing file /home/airflow/.local/lib/python3.12/site-packages/airflow/example_dags/example_params_ui_tutorial.py for tasks to queue
[2026-07-31T11:27:06.460+0000] {logging_mixin.py:188} INFO - [2026-07-31T11:27:06.459+0000] {dagbag.py:545} INFO - Filling up the DagBag from /home/airflow/.local/lib/python3.12/site-packages/airflow/example_dags/example_params_ui_tutorial.py
[2026-07-31T11:27:06.511+0000] {processor.py:840} INFO - DAG(s) 'example_params_ui_tutorial' retrieved from /home/airflow/.local/lib/python3.12/site-packages/airflow/example_dags/example_params_ui_tutorial.py
[2026-07-31T11:27:06.857+0000] {logging_mixin.py:188} INFO - [2026-07-31T11:27:06.856+0000] {dag.py:3089} INFO - Sync 1 DAGs
[2026-07-31T11:27:06.954+0000] {logging_mixin.py:188} INFO - [2026-07-31T11:27:06.953+0000] {dag.py:3947} INFO - Setting next_dagrun for example_params_ui_tutorial to None, run_after=None
[2026-07-31T11:27:07.050+0000] {processor.py:183} INFO - Processing /home/airflow/.local/lib/python3.12/site-packages/airflow/example_dags/example_params_ui_tutorial.py took 0.653 seconds
[2026-07-31T11:27:37.537+0000] {processor.py:161} INFO - Started process (PID=3150) to work on /home/airflow/.local/lib/python3.12/site-packages/airflow/example_dags/example_params_ui_tutorial.py
[2026-07-31T11:27:37.540+0000] {processor.py:830} INFO - Processing file /home/airflow/.local/lib/python3.12/site-packages/airflow/example_dags/example_params_ui_tutorial.py for tasks to queue
[2026-07-31T11:27:37.544+0000] {logging_mixin.py:188} INFO - [2026-07-31T11:27:37.543+0000] {dagbag.py:545} INFO - Filling up the DagBag from /home/airflow/.local/lib/python3.12/site-packages/airflow/example_dags/example_params_ui_tutorial.py
[2026-07-31T11:27:37.561+0000] {processor.py:840} INFO - DAG(s) 'example_params_ui_tutorial' retrieved from /home/airflow/.local/lib/python3.12/site-packages/airflow/example_dags/example_params_ui_tutorial.py
[2026-07-31T11:27:37.755+0000] {logging_mixin.py:188} INFO - [2026-07-31T11:27:37.747+0000] {dag.py:3089} INFO - Sync 1 DAGs
[2026-07-31T11:27:37.810+0000] {logging_mixin.py:188} INFO - [2026-07-31T11:27:37.809+0000] {dag.py:3947} INFO - Setting next_dagrun for example_params_ui_tutorial to None, run_after=None
[2026-07-31T11:27:37.885+0000] {processor.py:183} INFO - Processing /home/airflow/.local/lib/python3.12/site-packages/airflow/example_dags/example_params_ui_tutorial.py took 0.425 seconds
[2026-07-31T11:28:08.277+0000] {processor.py:161} INFO - Started process (PID=3208) to work on /home/airflow/.local/lib/python3.12/site-packages/airflow/example_dags/example_params_ui_tutorial.py
[2026-07-31T11:28:08.279+0000] {processor.py:830} INFO - Processing file /home/airflow/.local/lib/python3.12/site-packages/airflow/example_dags/example_params_ui_tutorial.py for tasks to queue
[2026-07-31T11:28:08.283+0000] {logging_mixin.py:188} INFO - [2026-07-31T11:28:08.282+0000] {dagbag.py:545} INFO - Filling up the DagBag from /home/airflow/.local/lib/python3.12/site-packages/airflow/example_dags/example_params_ui_tutorial.py
[2026-07-31T11:28:08.298+0000] {processor.py:840} INFO - DAG(s) 'example_params_ui_tutorial' retrieved from /home/airflow/.local/lib/python3.12/site-packages/airflow/example_dags/example_params_ui_tutorial.py
[2026-07-31T11:28:08.423+0000] {logging_mixin.py:188} INFO - [2026-07-31T11:28:08.423+0000] {dag.py:3089} INFO - Sync 1 DAGs
[2026-07-31T11:28:08.454+0000] {logging_mixin.py:188} INFO - [2026-07-31T11:28:08.454+0000] {dag.py:3947} INFO - Setting next_dagrun for example_params_ui_tutorial to None, run_after=None
[2026-07-31T11:28:08.501+0000] {processor.py:183} INFO - Processing /home/airflow/.local/lib/python3.12/site-packages/airflow/example_dags/example_params_ui_tutorial.py took 0.238 seconds
[2026-07-31T11:28:38.876+0000] {processor.py:161} INFO - Started process (PID=3266) to work on /home/airflow/.local/lib/python3.12/site-packages/airflow/example_dags/example_params_ui_tutorial.py
[2026-07-31T11:28:38.884+0000] {processor.py:830} INFO - Processing file /home/airflow/.local/lib/python3.12/site-packages/airflow/example_dags/example_params_ui_tutorial.py for tasks to queue
[2026-07-31T11:28:38.920+0000] {logging_mixin.py:188} INFO - [2026-07-31T11:28:38.917+0000] {dagbag.py:545} INFO - Filling up the DagBag from /home/airflow/.local/lib/python3.12/site-packages/airflow/example_dags/example_params_ui_tutorial.py
[2026-07-31T11:28:39.010+0000] {processor.py:840} INFO - DAG(s) 'example_params_ui_tutorial' retrieved from /home/airflow/.local/lib/python3.12/site-packages/airflow/example_dags/example_params_ui_tutorial.py
[2026-07-31T11:28:39.673+0000] {logging_mixin.py:188} INFO - [2026-07-31T11:28:39.671+0000] {dag.py:3089} INFO - Sync 1 DAGs
[2026-07-31T11:28:39.991+0000] {logging_mixin.py:188} INFO - [2026-07-31T11:28:39.988+0000] {dag.py:3947} INFO - Setting next_dagrun for example_params_ui_tutorial to None, run_after=None
[2026-07-31T11:28:40.211+0000] {processor.py:183} INFO - Processing /home/airflow/.local/lib/python3.12/site-packages/airflow/example_dags/example_params_ui_tutorial.py took 1.405 seconds
[2026-07-31T11:29:11.246+0000] {processor.py:161} INFO - Started process (PID=3324) to work on /home/airflow/.local/lib/python3.12/site-packages/airflow/example_dags/example_params_ui_tutorial.py
[2026-07-31T11:29:11.256+0000] {processor.py:830} INFO - Processing file /home/airflow/.local/lib/python3.12/site-packages/airflow/example_dags/example_params_ui_tutorial.py for tasks to queue
[2026-07-31T11:29:11.268+0000] {logging_mixin.py:188} INFO - [2026-07-31T11:29:11.267+0000] {dagbag.py:545} INFO - Filling up the DagBag from /home/airflow/.local/lib/python3.12/site-packages/airflow/example_dags/example_params_ui_tutorial.py
[2026-07-31T11:29:11.346+0000] {processor.py:840} INFO - DAG(s) 'example_params_ui_tutorial' retrieved from /home/airflow/.local/lib/python3.12/site-packages/airflow/example_dags/example_params_ui_tutorial.py
[2026-07-31T11:29:11.809+0000] {logging_mixin.py:188} INFO - [2026-07-31T11:29:11.808+0000] {dag.py:3089} INFO - Sync 1 DAGs
[2026-07-31T11:29:11.951+0000] {logging_mixin.py:188} INFO - [2026-07-31T11:29:11.950+0000] {dag.py:3947} INFO - Setting next_dagrun for example_params_ui_tutorial to None, run_after=None
[2026-07-31T11:29:12.574+0000] {processor.py:183} INFO - Processing /home/airflow/.local/lib/python3.12/site-packages/airflow/example_dags/example_params_ui_tutorial.py took 1.357 seconds
[2026-07-31T11:29:54.793+0000] {processor.py:161} INFO - Started process (PID=3370) to work on /home/airflow/.local/lib/python3.12/site-packages/airflow/example_dags/example_params_ui_tutorial.py
[2026-07-31T11:29:54.804+0000] {processor.py:830} INFO - Processing file /home/airflow/.local/lib/python3.12/site-packages/airflow/example_dags/example_params_ui_tutorial.py for tasks to queue
[2026-07-31T11:29:54.840+0000] {logging_mixin.py:188} INFO - [2026-07-31T11:29:54.838+0000] {dagbag.py:545} INFO - Filling up the DagBag from /home/airflow/.local/lib/python3.12/site-packages/airflow/example_dags/example_params_ui_tutorial.py
[2026-07-31T11:29:55.030+0000] {processor.py:840} INFO - DAG(s) 'example_params_ui_tutorial' retrieved from /home/airflow/.local/lib/python3.12/site-packages/airflow/example_dags/example_params_ui_tutorial.py
[2026-07-31T11:29:55.809+0000] {logging_mixin.py:188} INFO - [2026-07-31T11:29:55.808+0000] {dag.py:3089} INFO - Sync 1 DAGs
[2026-07-31T11:29:55.972+0000] {logging_mixin.py:188} INFO - [2026-07-31T11:29:55.971+0000] {dag.py:3947} INFO - Setting next_dagrun for example_params_ui_tutorial to None, run_after=None
[2026-07-31T11:29:56.251+0000] {processor.py:183} INFO - Processing /home/airflow/.local/lib/python3.12/site-packages/airflow/example_dags/example_params_ui_tutorial.py took 1.551 seconds
[2026-07-31T11:30:35.265+0000] {processor.py:161} INFO - Started process (PID=3426) to work on /home/airflow/.local/lib/python3.12/site-packages/airflow/example_dags/example_params_ui_tutorial.py
[2026-07-31T11:30:35.281+0000] {processor.py:830} INFO - Processing file /home/airflow/.local/lib/python3.12/site-packages/airflow/example_dags/example_params_ui_tutorial.py for tasks to queue
[2026-07-31T11:30:35.301+0000] {logging_mixin.py:188} INFO - [2026-07-31T11:30:35.300+0000] {dagbag.py:545} INFO - Filling up the DagBag from /home/airflow/.local/lib/python3.12/site-packages/airflow/example_dags/example_params_ui_tutorial.py
[2026-07-31T11:30:35.366+0000] {processor.py:840} INFO - DAG(s) 'example_params_ui_tutorial' retrieved from /home/airflow/.local/lib/python3.12/site-packages/airflow/example_dags/example_params_ui_tutorial.py
[2026-07-31T11:30:35.747+0000] {logging_mixin.py:188} INFO - [2026-07-31T11:30:35.746+0000] {dag.py:3089} INFO - Sync 1 DAGs
[2026-07-31T11:30:35.854+0000] {logging_mixin.py:188} INFO - [2026-07-31T11:30:35.853+0000] {dag.py:3947} INFO - Setting next_dagrun for example_params_ui_tutorial to None, run_after=None
[2026-07-31T11:30:36.029+0000] {processor.py:183} INFO - Processing /home/airflow/.local/lib/python3.12/site-packages/airflow/example_dags/example_params_ui_tutorial.py took 0.821 seconds
[2026-07-31T11:31:06.462+0000] {processor.py:161} INFO - Started process (PID=3484) to work on /home/airflow/.local/lib/python3.12/site-packages/airflow/example_dags/example_params_ui_tutorial.py
[2026-07-31T11:31:06.464+0000] {processor.py:830} INFO - Processing file /home/airflow/.local/lib/python3.12/site-packages/airflow/example_dags/example_params_ui_tutorial.py for tasks to queue
[2026-07-31T11:31:06.470+0000] {logging_mixin.py:188} INFO - [2026-07-31T11:31:06.469+0000] {dagbag.py:545} INFO - Filling up the DagBag from /home/airflow/.local/lib/python3.12/site-packages/airflow/example_dags/example_params_ui_tutorial.py
[2026-07-31T11:31:06.488+0000] {processor.py:840} INFO - DAG(s) 'example_params_ui_tutorial' retrieved from /home/airflow/.local/lib/python3.12/site-packages/airflow/example_dags/example_params_ui_tutorial.py
[2026-07-31T11:31:06.735+0000] {logging_mixin.py:188} INFO - [2026-07-31T11:31:06.734+0000] {dag.py:3089} INFO - Sync 1 DAGs
[2026-07-31T11:31:06.778+0000] {logging_mixin.py:188} INFO - [2026-07-31T11:31:06.777+0000] {dag.py:3947} INFO - Setting next_dagrun for example_params_ui_tutorial to None, run_after=None
[2026-07-31T11:31:06.884+0000] {processor.py:183} INFO - Processing /home/airflow/.local/lib/python3.12/site-packages/airflow/example_dags/example_params_ui_tutorial.py took 0.437 seconds
[2026-07-31T11:31:37.019+0000] {processor.py:161} INFO - Started process (PID=3542) to work on /home/airflow/.local/lib/python3.12/site-packages/airflow/example_dags/example_params_ui_tutorial.py
[2026-07-31T11:31:37.025+0000] {processor.py:830} INFO - Processing file /home/airflow/.local/lib/python3.12/site-packages/airflow/example_dags/example_params_ui_tutorial.py for tasks to queue
[2026-07-31T11:31:37.032+0000] {logging_mixin.py:188} INFO - [2026-07-31T11:31:37.030+0000] {dagbag.py:545} INFO - Filling up the DagBag from /home/airflow/.local/lib/python3.12/site-packages/airflow/example_dags/example_params_ui_tutorial.py
[2026-07-31T11:31:37.057+0000] {processor.py:840} INFO - DAG(s) 'example_params_ui_tutorial' retrieved from /home/airflow/.local/lib/python3.12/site-packages/airflow/example_dags/example_params_ui_tutorial.py
[2026-07-31T11:31:37.256+0000] {logging_mixin.py:188} INFO - [2026-07-31T11:31:37.256+0000] {dag.py:3089} INFO - Sync 1 DAGs
[2026-07-31T11:31:37.292+0000] {logging_mixin.py:188} INFO - [2026-07-31T11:31:37.292+0000] {dag.py:3947} INFO - Setting next_dagrun for example_params_ui_tutorial to None, run_after=None
[2026-07-31T11:31:37.351+0000] {processor.py:183} INFO - Processing /home/airflow/.local/lib/python3.12/site-packages/airflow/example_dags/example_params_ui_tutorial.py took 0.350 seconds
[2026-07-31T11:32:07.548+0000] {processor.py:161} INFO - Started process (PID=3600) to work on /home/airflow/.local/lib/python3.12/site-packages/airflow/example_dags/example_params_ui_tutorial.py
[2026-07-31T11:32:07.551+0000] {processor.py:830} INFO - Processing file /home/airflow/.local/lib/python3.12/site-packages/airflow/example_dags/example_params_ui_tutorial.py for tasks to queue
[2026-07-31T11:32:07.556+0000] {logging_mixin.py:188} INFO - [2026-07-31T11:32:07.555+0000] {dagbag.py:545} INFO - Filling up the DagBag from /home/airflow/.local/lib/python3.12/site-packages/airflow/example_dags/example_params_ui_tutorial.py
[2026-07-31T11:32:07.576+0000] {processor.py:840} INFO - DAG(s) 'example_params_ui_tutorial' retrieved from /home/airflow/.local/lib/python3.12/site-packages/airflow/example_dags/example_params_ui_tutorial.py
[2026-07-31T11:32:07.738+0000] {logging_mixin.py:188} INFO - [2026-07-31T11:32:07.738+0000] {dag.py:3089} INFO - Sync 1 DAGs
[2026-07-31T11:32:07.771+0000] {logging_mixin.py:188} INFO - [2026-07-31T11:32:07.770+0000] {dag.py:3947} INFO - Setting next_dagrun for example_params_ui_tutorial to None, run_after=None
[2026-07-31T11:32:07.825+0000] {processor.py:183} INFO - Processing /home/airflow/.local/lib/python3.12/site-packages/airflow/example_dags/example_params_ui_tutorial.py took 0.290 seconds
[2026-07-31T11:32:42.116+0000] {processor.py:161} INFO - Started process (PID=3658) to work on /home/airflow/.local/lib/python3.12/site-packages/airflow/example_dags/example_params_ui_tutorial.py
[2026-07-31T11:32:42.132+0000] {processor.py:830} INFO - Processing file /home/airflow/.local/lib/python3.12/site-packages/airflow/example_dags/example_params_ui_tutorial.py for tasks to queue
[2026-07-31T11:32:42.150+0000] {logging_mixin.py:188} INFO - [2026-07-31T11:32:42.138+0000] {dagbag.py:545} INFO - Filling up the DagBag from /home/airflow/.local/lib/python3.12/site-packages/airflow/example_dags/example_params_ui_tutorial.py
[2026-07-31T11:32:42.217+0000] {processor.py:840} INFO - DAG(s) 'example_params_ui_tutorial' retrieved from /home/airflow/.local/lib/python3.12/site-packages/airflow/example_dags/example_params_ui_tutorial.py
[2026-07-31T11:32:42.642+0000] {logging_mixin.py:188} INFO - [2026-07-31T11:32:42.641+0000] {dag.py:3089} INFO - Sync 1 DAGs
[2026-07-31T11:32:42.744+0000] {logging_mixin.py:188} INFO - [2026-07-31T11:32:42.744+0000] {dag.py:3947} INFO - Setting next_dagrun for example_params_ui_tutorial to None, run_after=None
[2026-07-31T11:32:42.947+0000] {processor.py:183} INFO - Processing /home/airflow/.local/lib/python3.12/site-packages/airflow/example_dags/example_params_ui_tutorial.py took 0.870 seconds
[2026-07-31T11:33:31.356+0000] {processor.py:161} INFO - Started process (PID=3718) to work on /home/airflow/.local/lib/python3.12/site-packages/airflow/example_dags/example_params_ui_tutorial.py
[2026-07-31T11:33:31.503+0000] {processor.py:830} INFO - Processing file /home/airflow/.local/lib/python3.12/site-packages/airflow/example_dags/example_params_ui_tutorial.py for tasks to queue
[2026-07-31T11:33:31.688+0000] {logging_mixin.py:188} INFO - [2026-07-31T11:33:31.686+0000] {dagbag.py:545} INFO - Filling up the DagBag from /home/airflow/.local/lib/python3.12/site-packages/airflow/example_dags/example_params_ui_tutorial.py
[2026-07-31T11:33:32.331+0000] {processor.py:840} INFO - DAG(s) 'example_params_ui_tutorial' retrieved from /home/airflow/.local/lib/python3.12/site-packages/airflow/example_dags/example_params_ui_tutorial.py
[2026-07-31T11:33:39.418+0000] {logging_mixin.py:188} INFO - [2026-07-31T11:33:39.417+0000] {dag.py:3089} INFO - Sync 1 DAGs
[2026-07-31T11:33:40.655+0000] {logging_mixin.py:188} INFO - [2026-07-31T11:33:40.654+0000] {dag.py:3947} INFO - Setting next_dagrun for example_params_ui_tutorial to None, run_after=None
[2026-07-31T11:33:52.372+0000] {processor.py:183} INFO - Processing /home/airflow/.local/lib/python3.12/site-packages/airflow/example_dags/example_params_ui_tutorial.py took 21.757 seconds
[2026-07-31T11:34:38.857+0000] {processor.py:161} INFO - Started process (PID=3783) to work on /home/airflow/.local/lib/python3.12/site-packages/airflow/example_dags/example_params_ui_tutorial.py
[2026-07-31T11:34:38.863+0000] {processor.py:830} INFO - Processing file /home/airflow/.local/lib/python3.12/site-packages/airflow/example_dags/example_params_ui_tutorial.py for tasks to queue
[2026-07-31T11:34:38.872+0000] {logging_mixin.py:188} INFO - [2026-07-31T11:34:38.870+0000] {dagbag.py:545} INFO - Filling up the DagBag from /home/airflow/.local/lib/python3.12/site-packages/airflow/example_dags/example_params_ui_tutorial.py
[2026-07-31T11:34:38.896+0000] {processor.py:840} INFO - DAG(s) 'example_params_ui_tutorial' retrieved from /home/airflow/.local/lib/python3.12/site-packages/airflow/example_dags/example_params_ui_tutorial.py
[2026-07-31T11:34:39.537+0000] {logging_mixin.py:188} INFO - [2026-07-31T11:34:39.536+0000] {dag.py:3089} INFO - Sync 1 DAGs
[2026-07-31T11:34:39.703+0000] {logging_mixin.py:188} INFO - [2026-07-31T11:34:39.702+0000] {dag.py:3947} INFO - Setting next_dagrun for example_params_ui_tutorial to None, run_after=None
[2026-07-31T11:34:39.822+0000] {processor.py:183} INFO - Processing /home/airflow/.local/lib/python3.12/site-packages/airflow/example_dags/example_params_ui_tutorial.py took 0.993 seconds
[2026-07-31T11:35:10.525+0000] {processor.py:161} INFO - Started process (PID=3841) to work on /home/airflow/.local/lib/python3.12/site-packages/airflow/example_dags/example_params_ui_tutorial.py
[2026-07-31T11:35:10.527+0000] {processor.py:830} INFO - Processing file /home/airflow/.local/lib/python3.12/site-packages/airflow/example_dags/example_params_ui_tutorial.py for tasks to queue
[2026-07-31T11:35:10.529+0000] {logging_mixin.py:188} INFO - [2026-07-31T11:35:10.529+0000] {dagbag.py:545} INFO - Filling up the DagBag from /home/airflow/.local/lib/python3.12/site-packages/airflow/example_dags/example_params_ui_tutorial.py
[2026-07-31T11:35:10.542+0000] {processor.py:840} INFO - DAG(s) 'example_params_ui_tutorial' retrieved from /home/airflow/.local/lib/python3.12/site-packages/airflow/example_dags/example_params_ui_tutorial.py
[2026-07-31T11:35:10.630+0000] {logging_mixin.py:188} INFO - [2026-07-31T11:35:10.630+0000] {dag.py:3089} INFO - Sync 1 DAGs
[2026-07-31T11:35:10.653+0000] {logging_mixin.py:188} INFO - [2026-07-31T11:35:10.653+0000] {dag.py:3947} INFO - Setting next_dagrun for example_params_ui_tutorial to None, run_after=None
[2026-07-31T11:35:10.693+0000] {processor.py:183} INFO - Processing /home/airflow/.local/lib/python3.12/site-packages/airflow/example_dags/example_params_ui_tutorial.py took 0.175 seconds
[2026-07-31T11:35:40.973+0000] {processor.py:161} INFO - Started process (PID=3900) to work on /home/airflow/.local/lib/python3.12/site-packages/airflow/example_dags/example_params_ui_tutorial.py
[2026-07-31T11:35:40.975+0000] {processor.py:830} INFO - Processing file /home/airflow/.local/lib/python3.12/site-packages/airflow/example_dags/example_params_ui_tutorial.py for tasks to queue
[2026-07-31T11:35:40.981+0000] {logging_mixin.py:188} INFO - [2026-07-31T11:35:40.979+0000] {dagbag.py:545} INFO - Filling up the DagBag from /home/airflow/.local/lib/python3.12/site-packages/airflow/example_dags/example_params_ui_tutorial.py
[2026-07-31T11:35:40.993+0000] {processor.py:840} INFO - DAG(s) 'example_params_ui_tutorial' retrieved from /home/airflow/.local/lib/python3.12/site-packages/airflow/example_dags/example_params_ui_tutorial.py
[2026-07-31T11:35:41.100+0000] {logging_mixin.py:188} INFO - [2026-07-31T11:35:41.100+0000] {dag.py:3089} INFO - Sync 1 DAGs
[2026-07-31T11:35:41.123+0000] {logging_mixin.py:188} INFO - [2026-07-31T11:35:41.123+0000] {dag.py:3947} INFO - Setting next_dagrun for example_params_ui_tutorial to None, run_after=None
[2026-07-31T11:35:41.165+0000] {processor.py:183} INFO - Processing /home/airflow/.local/lib/python3.12/site-packages/airflow/example_dags/example_params_ui_tutorial.py took 0.206 seconds
[2026-07-31T11:36:11.489+0000] {processor.py:161} INFO - Started process (PID=3958) to work on /home/airflow/.local/lib/python3.12/site-packages/airflow/example_dags/example_params_ui_tutorial.py
[2026-07-31T11:36:11.491+0000] {processor.py:830} INFO - Processing file /home/airflow/.local/lib/python3.12/site-packages/airflow/example_dags/example_params_ui_tutorial.py for tasks to queue
[2026-07-31T11:36:11.495+0000] {logging_mixin.py:188} INFO - [2026-07-31T11:36:11.495+0000] {dagbag.py:545} INFO - Filling up the DagBag from /home/airflow/.local/lib/python3.12/site-packages/airflow/example_dags/example_params_ui_tutorial.py
[2026-07-31T11:36:11.508+0000] {processor.py:840} INFO - DAG(s) 'example_params_ui_tutorial' retrieved from /home/airflow/.local/lib/python3.12/site-packages/airflow/example_dags/example_params_ui_tutorial.py
[2026-07-31T11:36:11.673+0000] {logging_mixin.py:188} INFO - [2026-07-31T11:36:11.672+0000] {dag.py:3089} INFO - Sync 1 DAGs
[2026-07-31T11:36:11.705+0000] {logging_mixin.py:188} INFO - [2026-07-31T11:36:11.704+0000] {dag.py:3947} INFO - Setting next_dagrun for example_params_ui_tutorial to None, run_after=None
[2026-07-31T11:36:11.751+0000] {processor.py:183} INFO - Processing /home/airflow/.local/lib/python3.12/site-packages/airflow/example_dags/example_params_ui_tutorial.py took 0.273 seconds
[2026-07-31T11:36:42.214+0000] {processor.py:161} INFO - Started process (PID=4006) to work on /home/airflow/.local/lib/python3.12/site-packages/airflow/example_dags/example_params_ui_tutorial.py
[2026-07-31T11:36:42.217+0000] {processor.py:830} INFO - Processing file /home/airflow/.local/lib/python3.12/site-packages/airflow/example_dags/example_params_ui_tutorial.py for tasks to queue
[2026-07-31T11:36:42.227+0000] {logging_mixin.py:188} INFO - [2026-07-31T11:36:42.226+0000] {dagbag.py:545} INFO - Filling up the DagBag from /home/airflow/.local/lib/python3.12/site-packages/airflow/example_dags/example_params_ui_tutorial.py
[2026-07-31T11:36:42.264+0000] {processor.py:840} INFO - DAG(s) 'example_params_ui_tutorial' retrieved from /home/airflow/.local/lib/python3.12/site-packages/airflow/example_dags/example_params_ui_tutorial.py
[2026-07-31T11:36:42.441+0000] {logging_mixin.py:188} INFO - [2026-07-31T11:36:42.440+0000] {dag.py:3089} INFO - Sync 1 DAGs
[2026-07-31T11:36:42.471+0000] {logging_mixin.py:188} INFO - [2026-07-31T11:36:42.471+0000] {dag.py:3947} INFO - Setting next_dagrun for example_params_ui_tutorial to None, run_after=None
[2026-07-31T11:36:42.524+0000] {processor.py:183} INFO - Processing /home/airflow/.local/lib/python3.12/site-packages/airflow/example_dags/example_params_ui_tutorial.py took 0.354 seconds
[2026-07-31T11:37:12.703+0000] {processor.py:161} INFO - Started process (PID=4061) to work on /home/airflow/.local/lib/python3.12/site-packages/airflow/example_dags/example_params_ui_tutorial.py
[2026-07-31T11:37:12.706+0000] {processor.py:830} INFO - Processing file /home/airflow/.local/lib/python3.12/site-packages/airflow/example_dags/example_params_ui_tutorial.py for tasks to queue
[2026-07-31T11:37:12.711+0000] {logging_mixin.py:188} INFO - [2026-07-31T11:37:12.710+0000] {dagbag.py:545} INFO - Filling up the DagBag from /home/airflow/.local/lib/python3.12/site-packages/airflow/example_dags/example_params_ui_tutorial.py
[2026-07-31T11:37:12.734+0000] {processor.py:840} INFO - DAG(s) 'example_params_ui_tutorial' retrieved from /home/airflow/.local/lib/python3.12/site-packages/airflow/example_dags/example_params_ui_tutorial.py
[2026-07-31T11:37:12.882+0000] {logging_mixin.py:188} INFO - [2026-07-31T11:37:12.881+0000] {dag.py:3089} INFO - Sync 1 DAGs
[2026-07-31T11:37:12.908+0000] {logging_mixin.py:188} INFO - [2026-07-31T11:37:12.908+0000] {dag.py:3947} INFO - Setting next_dagrun for example_params_ui_tutorial to None, run_after=None
[2026-07-31T11:37:12.941+0000] {processor.py:183} INFO - Processing /home/airflow/.local/lib/python3.12/site-packages/airflow/example_dags/example_params_ui_tutorial.py took 0.252 seconds
[2026-07-31T11:37:43.296+0000] {processor.py:161} INFO - Started process (PID=4119) to work on /home/airflow/.local/lib/python3.12/site-packages/airflow/example_dags/example_params_ui_tutorial.py
[2026-07-31T11:37:43.298+0000] {processor.py:830} INFO - Processing file /home/airflow/.local/lib/python3.12/site-packages/airflow/example_dags/example_params_ui_tutorial.py for tasks to queue
[2026-07-31T11:37:43.303+0000] {logging_mixin.py:188} INFO - [2026-07-31T11:37:43.302+0000] {dagbag.py:545} INFO - Filling up the DagBag from /home/airflow/.local/lib/python3.12/site-packages/airflow/example_dags/example_params_ui_tutorial.py
[2026-07-31T11:37:43.321+0000] {processor.py:840} INFO - DAG(s) 'example_params_ui_tutorial' retrieved from /home/airflow/.local/lib/python3.12/site-packages/airflow/example_dags/example_params_ui_tutorial.py
[2026-07-31T11:37:43.456+0000] {logging_mixin.py:188} INFO - [2026-07-31T11:37:43.455+0000] {dag.py:3089} INFO - Sync 1 DAGs
[2026-07-31T11:37:43.488+0000] {logging_mixin.py:188} INFO - [2026-07-31T11:37:43.488+0000] {dag.py:3947} INFO - Setting next_dagrun for example_params_ui_tutorial to None, run_after=None
[2026-07-31T11:37:43.535+0000] {processor.py:183} INFO - Processing /home/airflow/.local/lib/python3.12/site-packages/airflow/example_dags/example_params_ui_tutorial.py took 0.251 seconds
[2026-07-31T11:38:14.103+0000] {processor.py:161} INFO - Started process (PID=4177) to work on /home/airflow/.local/lib/python3.12/site-packages/airflow/example_dags/example_params_ui_tutorial.py
[2026-07-31T11:38:14.106+0000] {processor.py:830} INFO - Processing file /home/airflow/.local/lib/python3.12/site-packages/airflow/example_dags/example_params_ui_tutorial.py for tasks to queue
[2026-07-31T11:38:14.113+0000] {logging_mixin.py:188} INFO - [2026-07-31T11:38:14.111+0000] {dagbag.py:545} INFO - Filling up the DagBag from /home/airflow/.local/lib/python3.12/site-packages/airflow/example_dags/example_params_ui_tutorial.py
[2026-07-31T11:38:14.154+0000] {processor.py:840} INFO - DAG(s) 'example_params_ui_tutorial' retrieved from /home/airflow/.local/lib/python3.12/site-packages/airflow/example_dags/example_params_ui_tutorial.py
[2026-07-31T11:38:14.481+0000] {logging_mixin.py:188} INFO - [2026-07-31T11:38:14.479+0000] {dag.py:3089} INFO - Sync 1 DAGs
[2026-07-31T11:38:14.554+0000] {logging_mixin.py:188} INFO - [2026-07-31T11:38:14.553+0000] {dag.py:3947} INFO - Setting next_dagrun for example_params_ui_tutorial to None, run_after=None
[2026-07-31T11:38:14.620+0000] {processor.py:183} INFO - Processing /home/airflow/.local/lib/python3.12/site-packages/airflow/example_dags/example_params_ui_tutorial.py took 0.545 seconds
[2026-07-31T11:38:44.888+0000] {processor.py:161} INFO - Started process (PID=4235) to work on /home/airflow/.local/lib/python3.12/site-packages/airflow/example_dags/example_params_ui_tutorial.py
[2026-07-31T11:38:44.905+0000] {processor.py:830} INFO - Processing file /home/airflow/.local/lib/python3.12/site-packages/airflow/example_dags/example_params_ui_tutorial.py for tasks to queue
[2026-07-31T11:38:44.918+0000] {logging_mixin.py:188} INFO - [2026-07-31T11:38:44.917+0000] {dagbag.py:545} INFO - Filling up the DagBag from /home/airflow/.local/lib/python3.12/site-packages/airflow/example_dags/example_params_ui_tutorial.py
[2026-07-31T11:38:44.961+0000] {processor.py:840} INFO - DAG(s) 'example_params_ui_tutorial' retrieved from /home/airflow/.local/lib/python3.12/site-packages/airflow/example_dags/example_params_ui_tutorial.py
[2026-07-31T11:38:45.090+0000] {logging_mixin.py:188} INFO - [2026-07-31T11:38:45.090+0000] {dag.py:3089} INFO - Sync 1 DAGs
[2026-07-31T11:38:45.119+0000] {logging_mixin.py:188} INFO - [2026-07-31T11:38:45.119+0000] {dag.py:3947} INFO - Setting next_dagrun for example_params_ui_tutorial to None, run_after=None
[2026-07-31T11:38:45.163+0000] {processor.py:183} INFO - Processing /home/airflow/.local/lib/python3.12/site-packages/airflow/example_dags/example_params_ui_tutorial.py took 0.338 seconds
[2026-07-31T11:39:15.394+0000] {processor.py:161} INFO - Started process (PID=4292) to work on /home/airflow/.local/lib/python3.12/site-packages/airflow/example_dags/example_params_ui_tutorial.py
[2026-07-31T11:39:15.406+0000] {processor.py:830} INFO - Processing file /home/airflow/.local/lib/python3.12/site-packages/airflow/example_dags/example_params_ui_tutorial.py for tasks to queue
[2026-07-31T11:39:15.422+0000] {logging_mixin.py:188} INFO - [2026-07-31T11:39:15.421+0000] {dagbag.py:545} INFO - Filling up the DagBag from /home/airflow/.local/lib/python3.12/site-packages/airflow/example_dags/example_params_ui_tutorial.py
[2026-07-31T11:39:15.550+0000] {processor.py:840} INFO - DAG(s) 'example_params_ui_tutorial' retrieved from /home/airflow/.local/lib/python3.12/site-packages/airflow/example_dags/example_params_ui_tutorial.py
[2026-07-31T11:39:15.863+0000] {logging_mixin.py:188} INFO - [2026-07-31T11:39:15.862+0000] {dag.py:3089} INFO - Sync 1 DAGs
[2026-07-31T11:39:15.936+0000] {logging_mixin.py:188} INFO - [2026-07-31T11:39:15.936+0000] {dag.py:3947} INFO - Setting next_dagrun for example_params_ui_tutorial to None, run_after=None
[2026-07-31T11:39:16.004+0000] {processor.py:183} INFO - Processing /home/airflow/.local/lib/python3.12/site-packages/airflow/example_dags/example_params_ui_tutorial.py took 0.654 seconds
[2026-07-31T11:39:46.509+0000] {processor.py:161} INFO - Started process (PID=4349) to work on /home/airflow/.local/lib/python3.12/site-packages/airflow/example_dags/example_params_ui_tutorial.py
[2026-07-31T11:39:46.511+0000] {processor.py:830} INFO - Processing file /home/airflow/.local/lib/python3.12/site-packages/airflow/example_dags/example_params_ui_tutorial.py for tasks to queue
[2026-07-31T11:39:46.515+0000] {logging_mixin.py:188} INFO - [2026-07-31T11:39:46.515+0000] {dagbag.py:545} INFO - Filling up the DagBag from /home/airflow/.local/lib/python3.12/site-packages/airflow/example_dags/example_params_ui_tutorial.py
[2026-07-31T11:39:46.527+0000] {processor.py:840} INFO - DAG(s) 'example_params_ui_tutorial' retrieved from /home/airflow/.local/lib/python3.12/site-packages/airflow/example_dags/example_params_ui_tutorial.py
[2026-07-31T11:39:46.596+0000] {logging_mixin.py:188} INFO - [2026-07-31T11:39:46.596+0000] {dag.py:3089} INFO - Sync 1 DAGs
[2026-07-31T11:39:46.615+0000] {logging_mixin.py:188} INFO - [2026-07-31T11:39:46.614+0000] {dag.py:3947} INFO - Setting next_dagrun for example_params_ui_tutorial to None, run_after=None
[2026-07-31T11:39:46.646+0000] {processor.py:183} INFO - Processing /home/airflow/.local/lib/python3.12/site-packages/airflow/example_dags/example_params_ui_tutorial.py took 0.145 seconds
[2026-07-31T11:40:17.274+0000] {processor.py:161} INFO - Started process (PID=4407) to work on /home/airflow/.local/lib/python3.12/site-packages/airflow/example_dags/example_params_ui_tutorial.py
[2026-07-31T11:40:17.275+0000] {processor.py:830} INFO - Processing file /home/airflow/.local/lib/python3.12/site-packages/airflow/example_dags/example_params_ui_tutorial.py for tasks to queue
[2026-07-31T11:40:17.278+0000] {logging_mixin.py:188} INFO - [2026-07-31T11:40:17.277+0000] {dagbag.py:545} INFO - Filling up the DagBag from /home/airflow/.local/lib/python3.12/site-packages/airflow/example_dags/example_params_ui_tutorial.py
[2026-07-31T11:40:17.287+0000] {processor.py:840} INFO - DAG(s) 'example_params_ui_tutorial' retrieved from /home/airflow/.local/lib/python3.12/site-packages/airflow/example_dags/example_params_ui_tutorial.py
[2026-07-31T11:40:17.344+0000] {logging_mixin.py:188} INFO - [2026-07-31T11:40:17.343+0000] {dag.py:3089} INFO - Sync 1 DAGs
[2026-07-31T11:40:17.359+0000] {logging_mixin.py:188} INFO - [2026-07-31T11:40:17.359+0000] {dag.py:3947} INFO - Setting next_dagrun for example_params_ui_tutorial to None, run_after=None
[2026-07-31T11:40:17.385+0000] {processor.py:183} INFO - Processing /home/airflow/.local/lib/python3.12/site-packages/airflow/example_dags/example_params_ui_tutorial.py took 0.118 seconds
[2026-07-31T11:40:48.083+0000] {processor.py:161} INFO - Started process (PID=4465) to work on /home/airflow/.local/lib/python3.12/site-packages/airflow/example_dags/example_params_ui_tutorial.py
[2026-07-31T11:40:48.090+0000] {processor.py:830} INFO - Processing file /home/airflow/.local/lib/python3.12/site-packages/airflow/example_dags/example_params_ui_tutorial.py for tasks to queue
[2026-07-31T11:40:48.096+0000] {logging_mixin.py:188} INFO - [2026-07-31T11:40:48.095+0000] {dagbag.py:545} INFO - Filling up the DagBag from /home/airflow/.local/lib/python3.12/site-packages/airflow/example_dags/example_params_ui_tutorial.py
[2026-07-31T11:40:48.131+0000] {processor.py:840} INFO - DAG(s) 'example_params_ui_tutorial' retrieved from /home/airflow/.local/lib/python3.12/site-packages/airflow/example_dags/example_params_ui_tutorial.py
[2026-07-31T11:40:48.435+0000] {logging_mixin.py:188} INFO - [2026-07-31T11:40:48.434+0000] {dag.py:3089} INFO - Sync 1 DAGs
[2026-07-31T11:40:48.510+0000] {logging_mixin.py:188} INFO - [2026-07-31T11:40:48.509+0000] {dag.py:3947} INFO - Setting next_dagrun for example_params_ui_tutorial to None, run_after=None
[2026-07-31T11:40:48.575+0000] {processor.py:183} INFO - Processing /home/airflow/.local/lib/python3.12/site-packages/airflow/example_dags/example_params_ui_tutorial.py took 0.509 seconds
