[2026-07-31T10:53:11.009+0000] {processor.py:161} INFO - Started process (PID=113) to work on /home/airflow/.local/lib/python3.12/site-packages/airflow/example_dags/example_sensor_decorator.py
[2026-07-31T10:53:11.016+0000] {processor.py:830} INFO - Processing file /home/airflow/.local/lib/python3.12/site-packages/airflow/example_dags/example_sensor_decorator.py for tasks to queue
[2026-07-31T10:53:11.041+0000] {logging_mixin.py:188} INFO - [2026-07-31T10:53:11.039+0000] {dagbag.py:545} INFO - Filling up the DagBag from /home/airflow/.local/lib/python3.12/site-packages/airflow/example_dags/example_sensor_decorator.py
[2026-07-31T10:53:11.074+0000] {processor.py:840} INFO - DAG(s) 'example_sensor_decorator' retrieved from /home/airflow/.local/lib/python3.12/site-packages/airflow/example_dags/example_sensor_decorator.py
[2026-07-31T10:53:11.802+0000] {logging_mixin.py:188} INFO - [2026-07-31T10:53:11.795+0000] {dag.py:3089} INFO - Sync 1 DAGs
[2026-07-31T10:53:11.880+0000] {logging_mixin.py:188} INFO - [2026-07-31T10:53:11.879+0000] {dag.py:3947} INFO - Setting next_dagrun for example_sensor_decorator to None, run_after=None
[2026-07-31T10:53:12.005+0000] {processor.py:183} INFO - Processing /home/airflow/.local/lib/python3.12/site-packages/airflow/example_dags/example_sensor_decorator.py took 1.033 seconds
[2026-07-31T10:54:00.468+0000] {processor.py:161} INFO - Started process (PID=177) to work on /home/airflow/.local/lib/python3.12/site-packages/airflow/example_dags/example_sensor_decorator.py
[2026-07-31T10:54:00.490+0000] {processor.py:830} INFO - Processing file /home/airflow/.local/lib/python3.12/site-packages/airflow/example_dags/example_sensor_decorator.py for tasks to queue
[2026-07-31T10:54:00.521+0000] {logging_mixin.py:188} INFO - [2026-07-31T10:54:00.520+0000] {dagbag.py:545} INFO - Filling up the DagBag from /home/airflow/.local/lib/python3.12/site-packages/airflow/example_dags/example_sensor_decorator.py
[2026-07-31T10:54:00.588+0000] {processor.py:840} INFO - DAG(s) 'example_sensor_decorator' retrieved from /home/airflow/.local/lib/python3.12/site-packages/airflow/example_dags/example_sensor_decorator.py
[2026-07-31T10:54:00.833+0000] {logging_mixin.py:188} INFO - [2026-07-31T10:54:00.832+0000] {dag.py:3089} INFO - Sync 1 DAGs
[2026-07-31T10:54:01.009+0000] {logging_mixin.py:188} INFO - [2026-07-31T10:54:00.999+0000] {dag.py:3947} INFO - Setting next_dagrun for example_sensor_decorator to None, run_after=None
[2026-07-31T10:54:01.236+0000] {processor.py:183} INFO - Processing /home/airflow/.local/lib/python3.12/site-packages/airflow/example_dags/example_sensor_decorator.py took 0.813 seconds
[2026-07-31T10:55:16.212+0000] {processor.py:161} INFO - Started process (PID=236) to work on /home/airflow/.local/lib/python3.12/site-packages/airflow/example_dags/example_sensor_decorator.py
[2026-07-31T10:55:16.216+0000] {processor.py:830} INFO - Processing file /home/airflow/.local/lib/python3.12/site-packages/airflow/example_dags/example_sensor_decorator.py for tasks to queue
[2026-07-31T10:55:16.226+0000] {logging_mixin.py:188} INFO - [2026-07-31T10:55:16.223+0000] {dagbag.py:545} INFO - Filling up the DagBag from /home/airflow/.local/lib/python3.12/site-packages/airflow/example_dags/example_sensor_decorator.py
[2026-07-31T10:55:16.273+0000] {processor.py:840} INFO - DAG(s) 'example_sensor_decorator' retrieved from /home/airflow/.local/lib/python3.12/site-packages/airflow/example_dags/example_sensor_decorator.py
[2026-07-31T10:55:16.403+0000] {logging_mixin.py:188} INFO - [2026-07-31T10:55:16.401+0000] {dag.py:3089} INFO - Sync 1 DAGs
[2026-07-31T10:55:16.457+0000] {logging_mixin.py:188} INFO - [2026-07-31T10:55:16.456+0000] {dag.py:3947} INFO - Setting next_dagrun for example_sensor_decorator to None, run_after=None
[2026-07-31T10:55:16.540+0000] {processor.py:183} INFO - Processing /home/airflow/.local/lib/python3.12/site-packages/airflow/example_dags/example_sensor_decorator.py took 0.365 seconds
[2026-07-31T10:55:47.546+0000] {processor.py:161} INFO - Started process (PID=294) to work on /home/airflow/.local/lib/python3.12/site-packages/airflow/example_dags/example_sensor_decorator.py
[2026-07-31T10:55:47.548+0000] {processor.py:830} INFO - Processing file /home/airflow/.local/lib/python3.12/site-packages/airflow/example_dags/example_sensor_decorator.py for tasks to queue
[2026-07-31T10:55:47.554+0000] {logging_mixin.py:188} INFO - [2026-07-31T10:55:47.554+0000] {dagbag.py:545} INFO - Filling up the DagBag from /home/airflow/.local/lib/python3.12/site-packages/airflow/example_dags/example_sensor_decorator.py
[2026-07-31T10:55:47.575+0000] {processor.py:840} INFO - DAG(s) 'example_sensor_decorator' retrieved from /home/airflow/.local/lib/python3.12/site-packages/airflow/example_dags/example_sensor_decorator.py
[2026-07-31T10:55:47.626+0000] {logging_mixin.py:188} INFO - [2026-07-31T10:55:47.626+0000] {dag.py:3089} INFO - Sync 1 DAGs
[2026-07-31T10:55:47.664+0000] {logging_mixin.py:188} INFO - [2026-07-31T10:55:47.664+0000] {dag.py:3947} INFO - Setting next_dagrun for example_sensor_decorator to None, run_after=None
[2026-07-31T10:55:47.708+0000] {processor.py:183} INFO - Processing /home/airflow/.local/lib/python3.12/site-packages/airflow/example_dags/example_sensor_decorator.py took 0.175 seconds
[2026-07-31T10:56:17.987+0000] {processor.py:161} INFO - Started process (PID=352) to work on /home/airflow/.local/lib/python3.12/site-packages/airflow/example_dags/example_sensor_decorator.py
[2026-07-31T10:56:17.989+0000] {processor.py:830} INFO - Processing file /home/airflow/.local/lib/python3.12/site-packages/airflow/example_dags/example_sensor_decorator.py for tasks to queue
[2026-07-31T10:56:17.992+0000] {logging_mixin.py:188} INFO - [2026-07-31T10:56:17.991+0000] {dagbag.py:545} INFO - Filling up the DagBag from /home/airflow/.local/lib/python3.12/site-packages/airflow/example_dags/example_sensor_decorator.py
[2026-07-31T10:56:18.007+0000] {processor.py:840} INFO - DAG(s) 'example_sensor_decorator' retrieved from /home/airflow/.local/lib/python3.12/site-packages/airflow/example_dags/example_sensor_decorator.py
[2026-07-31T10:56:18.048+0000] {logging_mixin.py:188} INFO - [2026-07-31T10:56:18.047+0000] {dag.py:3089} INFO - Sync 1 DAGs
[2026-07-31T10:56:18.077+0000] {logging_mixin.py:188} INFO - [2026-07-31T10:56:18.076+0000] {dag.py:3947} INFO - Setting next_dagrun for example_sensor_decorator to None, run_after=None
[2026-07-31T10:56:18.114+0000] {processor.py:183} INFO - Processing /home/airflow/.local/lib/python3.12/site-packages/airflow/example_dags/example_sensor_decorator.py took 0.139 seconds
[2026-07-31T10:56:55.681+0000] {processor.py:161} INFO - Started process (PID=410) to work on /home/airflow/.local/lib/python3.12/site-packages/airflow/example_dags/example_sensor_decorator.py
[2026-07-31T10:56:55.684+0000] {processor.py:830} INFO - Processing file /home/airflow/.local/lib/python3.12/site-packages/airflow/example_dags/example_sensor_decorator.py for tasks to queue
[2026-07-31T10:56:55.689+0000] {logging_mixin.py:188} INFO - [2026-07-31T10:56:55.688+0000] {dagbag.py:545} INFO - Filling up the DagBag from /home/airflow/.local/lib/python3.12/site-packages/airflow/example_dags/example_sensor_decorator.py
[2026-07-31T10:56:55.715+0000] {processor.py:840} INFO - DAG(s) 'example_sensor_decorator' retrieved from /home/airflow/.local/lib/python3.12/site-packages/airflow/example_dags/example_sensor_decorator.py
[2026-07-31T10:56:55.835+0000] {logging_mixin.py:188} INFO - [2026-07-31T10:56:55.834+0000] {dag.py:3089} INFO - Sync 1 DAGs
[2026-07-31T10:56:55.898+0000] {logging_mixin.py:188} INFO - [2026-07-31T10:56:55.898+0000] {dag.py:3947} INFO - Setting next_dagrun for example_sensor_decorator to None, run_after=None
[2026-07-31T10:56:55.978+0000] {processor.py:183} INFO - Processing /home/airflow/.local/lib/python3.12/site-packages/airflow/example_dags/example_sensor_decorator.py took 0.326 seconds
[2026-07-31T10:57:28.023+0000] {processor.py:161} INFO - Started process (PID=468) to work on /home/airflow/.local/lib/python3.12/site-packages/airflow/example_dags/example_sensor_decorator.py
[2026-07-31T10:57:28.031+0000] {processor.py:830} INFO - Processing file /home/airflow/.local/lib/python3.12/site-packages/airflow/example_dags/example_sensor_decorator.py for tasks to queue
[2026-07-31T10:57:28.038+0000] {logging_mixin.py:188} INFO - [2026-07-31T10:57:28.038+0000] {dagbag.py:545} INFO - Filling up the DagBag from /home/airflow/.local/lib/python3.12/site-packages/airflow/example_dags/example_sensor_decorator.py
[2026-07-31T10:57:28.072+0000] {processor.py:840} INFO - DAG(s) 'example_sensor_decorator' retrieved from /home/airflow/.local/lib/python3.12/site-packages/airflow/example_dags/example_sensor_decorator.py
[2026-07-31T10:57:28.134+0000] {logging_mixin.py:188} INFO - [2026-07-31T10:57:28.133+0000] {dag.py:3089} INFO - Sync 1 DAGs
[2026-07-31T10:57:28.186+0000] {logging_mixin.py:188} INFO - [2026-07-31T10:57:28.185+0000] {dag.py:3947} INFO - Setting next_dagrun for example_sensor_decorator to None, run_after=None
[2026-07-31T10:57:28.280+0000] {processor.py:183} INFO - Processing /home/airflow/.local/lib/python3.12/site-packages/airflow/example_dags/example_sensor_decorator.py took 0.308 seconds
[2026-07-31T10:57:59.049+0000] {processor.py:161} INFO - Started process (PID=524) to work on /home/airflow/.local/lib/python3.12/site-packages/airflow/example_dags/example_sensor_decorator.py
[2026-07-31T10:57:59.051+0000] {processor.py:830} INFO - Processing file /home/airflow/.local/lib/python3.12/site-packages/airflow/example_dags/example_sensor_decorator.py for tasks to queue
[2026-07-31T10:57:59.054+0000] {logging_mixin.py:188} INFO - [2026-07-31T10:57:59.053+0000] {dagbag.py:545} INFO - Filling up the DagBag from /home/airflow/.local/lib/python3.12/site-packages/airflow/example_dags/example_sensor_decorator.py
[2026-07-31T10:57:59.063+0000] {processor.py:840} INFO - DAG(s) 'example_sensor_decorator' retrieved from /home/airflow/.local/lib/python3.12/site-packages/airflow/example_dags/example_sensor_decorator.py
[2026-07-31T10:57:59.093+0000] {logging_mixin.py:188} INFO - [2026-07-31T10:57:59.093+0000] {dag.py:3089} INFO - Sync 1 DAGs
[2026-07-31T10:57:59.113+0000] {logging_mixin.py:188} INFO - [2026-07-31T10:57:59.113+0000] {dag.py:3947} INFO - Setting next_dagrun for example_sensor_decorator to None, run_after=None
[2026-07-31T10:57:59.144+0000] {processor.py:183} INFO - Processing /home/airflow/.local/lib/python3.12/site-packages/airflow/example_dags/example_sensor_decorator.py took 0.103 seconds
[2026-07-31T10:58:29.470+0000] {processor.py:161} INFO - Started process (PID=582) to work on /home/airflow/.local/lib/python3.12/site-packages/airflow/example_dags/example_sensor_decorator.py
[2026-07-31T10:58:29.472+0000] {processor.py:830} INFO - Processing file /home/airflow/.local/lib/python3.12/site-packages/airflow/example_dags/example_sensor_decorator.py for tasks to queue
[2026-07-31T10:58:29.475+0000] {logging_mixin.py:188} INFO - [2026-07-31T10:58:29.474+0000] {dagbag.py:545} INFO - Filling up the DagBag from /home/airflow/.local/lib/python3.12/site-packages/airflow/example_dags/example_sensor_decorator.py
[2026-07-31T10:58:29.483+0000] {processor.py:840} INFO - DAG(s) 'example_sensor_decorator' retrieved from /home/airflow/.local/lib/python3.12/site-packages/airflow/example_dags/example_sensor_decorator.py
[2026-07-31T10:58:29.510+0000] {logging_mixin.py:188} INFO - [2026-07-31T10:58:29.509+0000] {dag.py:3089} INFO - Sync 1 DAGs
[2026-07-31T10:58:29.528+0000] {logging_mixin.py:188} INFO - [2026-07-31T10:58:29.527+0000] {dag.py:3947} INFO - Setting next_dagrun for example_sensor_decorator to None, run_after=None
[2026-07-31T10:58:29.559+0000] {processor.py:183} INFO - Processing /home/airflow/.local/lib/python3.12/site-packages/airflow/example_dags/example_sensor_decorator.py took 0.096 seconds
[2026-07-31T10:58:59.964+0000] {processor.py:161} INFO - Started process (PID=640) to work on /home/airflow/.local/lib/python3.12/site-packages/airflow/example_dags/example_sensor_decorator.py
[2026-07-31T10:58:59.966+0000] {processor.py:830} INFO - Processing file /home/airflow/.local/lib/python3.12/site-packages/airflow/example_dags/example_sensor_decorator.py for tasks to queue
[2026-07-31T10:58:59.970+0000] {logging_mixin.py:188} INFO - [2026-07-31T10:58:59.970+0000] {dagbag.py:545} INFO - Filling up the DagBag from /home/airflow/.local/lib/python3.12/site-packages/airflow/example_dags/example_sensor_decorator.py
[2026-07-31T10:58:59.980+0000] {processor.py:840} INFO - DAG(s) 'example_sensor_decorator' retrieved from /home/airflow/.local/lib/python3.12/site-packages/airflow/example_dags/example_sensor_decorator.py
[2026-07-31T10:59:00.016+0000] {logging_mixin.py:188} INFO - [2026-07-31T10:59:00.016+0000] {dag.py:3089} INFO - Sync 1 DAGs
[2026-07-31T10:59:00.060+0000] {logging_mixin.py:188} INFO - [2026-07-31T10:59:00.059+0000] {dag.py:3947} INFO - Setting next_dagrun for example_sensor_decorator to None, run_after=None
[2026-07-31T10:59:00.151+0000] {processor.py:183} INFO - Processing /home/airflow/.local/lib/python3.12/site-packages/airflow/example_dags/example_sensor_decorator.py took 0.198 seconds
[2026-07-31T10:59:30.590+0000] {processor.py:161} INFO - Started process (PID=698) to work on /home/airflow/.local/lib/python3.12/site-packages/airflow/example_dags/example_sensor_decorator.py
[2026-07-31T10:59:30.592+0000] {processor.py:830} INFO - Processing file /home/airflow/.local/lib/python3.12/site-packages/airflow/example_dags/example_sensor_decorator.py for tasks to queue
[2026-07-31T10:59:30.595+0000] {logging_mixin.py:188} INFO - [2026-07-31T10:59:30.595+0000] {dagbag.py:545} INFO - Filling up the DagBag from /home/airflow/.local/lib/python3.12/site-packages/airflow/example_dags/example_sensor_decorator.py
[2026-07-31T10:59:30.607+0000] {processor.py:840} INFO - DAG(s) 'example_sensor_decorator' retrieved from /home/airflow/.local/lib/python3.12/site-packages/airflow/example_dags/example_sensor_decorator.py
[2026-07-31T10:59:30.636+0000] {logging_mixin.py:188} INFO - [2026-07-31T10:59:30.636+0000] {dag.py:3089} INFO - Sync 1 DAGs
[2026-07-31T10:59:30.656+0000] {logging_mixin.py:188} INFO - [2026-07-31T10:59:30.656+0000] {dag.py:3947} INFO - Setting next_dagrun for example_sensor_decorator to None, run_after=None
[2026-07-31T10:59:30.695+0000] {processor.py:183} INFO - Processing /home/airflow/.local/lib/python3.12/site-packages/airflow/example_dags/example_sensor_decorator.py took 0.114 seconds
[2026-07-31T11:00:01.077+0000] {processor.py:161} INFO - Started process (PID=756) to work on /home/airflow/.local/lib/python3.12/site-packages/airflow/example_dags/example_sensor_decorator.py
[2026-07-31T11:00:01.082+0000] {processor.py:830} INFO - Processing file /home/airflow/.local/lib/python3.12/site-packages/airflow/example_dags/example_sensor_decorator.py for tasks to queue
[2026-07-31T11:00:01.093+0000] {logging_mixin.py:188} INFO - [2026-07-31T11:00:01.092+0000] {dagbag.py:545} INFO - Filling up the DagBag from /home/airflow/.local/lib/python3.12/site-packages/airflow/example_dags/example_sensor_decorator.py
[2026-07-31T11:00:01.132+0000] {processor.py:840} INFO - DAG(s) 'example_sensor_decorator' retrieved from /home/airflow/.local/lib/python3.12/site-packages/airflow/example_dags/example_sensor_decorator.py
[2026-07-31T11:00:01.339+0000] {logging_mixin.py:188} INFO - [2026-07-31T11:00:01.339+0000] {dag.py:3089} INFO - Sync 1 DAGs
[2026-07-31T11:00:01.384+0000] {logging_mixin.py:188} INFO - [2026-07-31T11:00:01.384+0000] {dag.py:3947} INFO - Setting next_dagrun for example_sensor_decorator to None, run_after=None
[2026-07-31T11:00:01.437+0000] {processor.py:183} INFO - Processing /home/airflow/.local/lib/python3.12/site-packages/airflow/example_dags/example_sensor_decorator.py took 0.381 seconds
[2026-07-31T11:00:31.590+0000] {processor.py:161} INFO - Started process (PID=814) to work on /home/airflow/.local/lib/python3.12/site-packages/airflow/example_dags/example_sensor_decorator.py
[2026-07-31T11:00:31.592+0000] {processor.py:830} INFO - Processing file /home/airflow/.local/lib/python3.12/site-packages/airflow/example_dags/example_sensor_decorator.py for tasks to queue
[2026-07-31T11:00:31.597+0000] {logging_mixin.py:188} INFO - [2026-07-31T11:00:31.596+0000] {dagbag.py:545} INFO - Filling up the DagBag from /home/airflow/.local/lib/python3.12/site-packages/airflow/example_dags/example_sensor_decorator.py
[2026-07-31T11:00:31.612+0000] {processor.py:840} INFO - DAG(s) 'example_sensor_decorator' retrieved from /home/airflow/.local/lib/python3.12/site-packages/airflow/example_dags/example_sensor_decorator.py
[2026-07-31T11:00:31.670+0000] {logging_mixin.py:188} INFO - [2026-07-31T11:00:31.670+0000] {dag.py:3089} INFO - Sync 1 DAGs
[2026-07-31T11:00:31.700+0000] {logging_mixin.py:188} INFO - [2026-07-31T11:00:31.699+0000] {dag.py:3947} INFO - Setting next_dagrun for example_sensor_decorator to None, run_after=None
[2026-07-31T11:00:31.749+0000] {processor.py:183} INFO - Processing /home/airflow/.local/lib/python3.12/site-packages/airflow/example_dags/example_sensor_decorator.py took 0.174 seconds
[2026-07-31T11:01:02.493+0000] {processor.py:161} INFO - Started process (PID=872) to work on /home/airflow/.local/lib/python3.12/site-packages/airflow/example_dags/example_sensor_decorator.py
[2026-07-31T11:01:02.495+0000] {processor.py:830} INFO - Processing file /home/airflow/.local/lib/python3.12/site-packages/airflow/example_dags/example_sensor_decorator.py for tasks to queue
[2026-07-31T11:01:02.497+0000] {logging_mixin.py:188} INFO - [2026-07-31T11:01:02.497+0000] {dagbag.py:545} INFO - Filling up the DagBag from /home/airflow/.local/lib/python3.12/site-packages/airflow/example_dags/example_sensor_decorator.py
[2026-07-31T11:01:02.504+0000] {processor.py:840} INFO - DAG(s) 'example_sensor_decorator' retrieved from /home/airflow/.local/lib/python3.12/site-packages/airflow/example_dags/example_sensor_decorator.py
[2026-07-31T11:01:02.529+0000] {logging_mixin.py:188} INFO - [2026-07-31T11:01:02.528+0000] {dag.py:3089} INFO - Sync 1 DAGs
[2026-07-31T11:01:02.544+0000] {logging_mixin.py:188} INFO - [2026-07-31T11:01:02.544+0000] {dag.py:3947} INFO - Setting next_dagrun for example_sensor_decorator to None, run_after=None
[2026-07-31T11:01:02.572+0000] {processor.py:183} INFO - Processing /home/airflow/.local/lib/python3.12/site-packages/airflow/example_dags/example_sensor_decorator.py took 0.085 seconds
[2026-07-31T11:01:32.731+0000] {processor.py:161} INFO - Started process (PID=930) to work on /home/airflow/.local/lib/python3.12/site-packages/airflow/example_dags/example_sensor_decorator.py
[2026-07-31T11:01:32.734+0000] {processor.py:830} INFO - Processing file /home/airflow/.local/lib/python3.12/site-packages/airflow/example_dags/example_sensor_decorator.py for tasks to queue
[2026-07-31T11:01:32.741+0000] {logging_mixin.py:188} INFO - [2026-07-31T11:01:32.740+0000] {dagbag.py:545} INFO - Filling up the DagBag from /home/airflow/.local/lib/python3.12/site-packages/airflow/example_dags/example_sensor_decorator.py
[2026-07-31T11:01:32.765+0000] {processor.py:840} INFO - DAG(s) 'example_sensor_decorator' retrieved from /home/airflow/.local/lib/python3.12/site-packages/airflow/example_dags/example_sensor_decorator.py
[2026-07-31T11:01:32.847+0000] {logging_mixin.py:188} INFO - [2026-07-31T11:01:32.847+0000] {dag.py:3089} INFO - Sync 1 DAGs
[2026-07-31T11:01:32.880+0000] {logging_mixin.py:188} INFO - [2026-07-31T11:01:32.879+0000] {dag.py:3947} INFO - Setting next_dagrun for example_sensor_decorator to None, run_after=None
[2026-07-31T11:01:32.923+0000] {processor.py:183} INFO - Processing /home/airflow/.local/lib/python3.12/site-packages/airflow/example_dags/example_sensor_decorator.py took 0.222 seconds
[2026-07-31T11:02:03.110+0000] {processor.py:161} INFO - Started process (PID=988) to work on /home/airflow/.local/lib/python3.12/site-packages/airflow/example_dags/example_sensor_decorator.py
[2026-07-31T11:02:03.113+0000] {processor.py:830} INFO - Processing file /home/airflow/.local/lib/python3.12/site-packages/airflow/example_dags/example_sensor_decorator.py for tasks to queue
[2026-07-31T11:02:03.119+0000] {logging_mixin.py:188} INFO - [2026-07-31T11:02:03.118+0000] {dagbag.py:545} INFO - Filling up the DagBag from /home/airflow/.local/lib/python3.12/site-packages/airflow/example_dags/example_sensor_decorator.py
[2026-07-31T11:02:03.145+0000] {processor.py:840} INFO - DAG(s) 'example_sensor_decorator' retrieved from /home/airflow/.local/lib/python3.12/site-packages/airflow/example_dags/example_sensor_decorator.py
[2026-07-31T11:02:03.206+0000] {logging_mixin.py:188} INFO - [2026-07-31T11:02:03.205+0000] {dag.py:3089} INFO - Sync 1 DAGs
[2026-07-31T11:02:03.255+0000] {logging_mixin.py:188} INFO - [2026-07-31T11:02:03.254+0000] {dag.py:3947} INFO - Setting next_dagrun for example_sensor_decorator to None, run_after=None
[2026-07-31T11:02:03.337+0000] {processor.py:183} INFO - Processing /home/airflow/.local/lib/python3.12/site-packages/airflow/example_dags/example_sensor_decorator.py took 0.249 seconds
[2026-07-31T11:02:40.898+0000] {processor.py:161} INFO - Started process (PID=1048) to work on /home/airflow/.local/lib/python3.12/site-packages/airflow/example_dags/example_sensor_decorator.py
[2026-07-31T11:02:40.903+0000] {processor.py:830} INFO - Processing file /home/airflow/.local/lib/python3.12/site-packages/airflow/example_dags/example_sensor_decorator.py for tasks to queue
[2026-07-31T11:02:40.922+0000] {logging_mixin.py:188} INFO - [2026-07-31T11:02:40.921+0000] {dagbag.py:545} INFO - Filling up the DagBag from /home/airflow/.local/lib/python3.12/site-packages/airflow/example_dags/example_sensor_decorator.py
[2026-07-31T11:02:40.987+0000] {processor.py:840} INFO - DAG(s) 'example_sensor_decorator' retrieved from /home/airflow/.local/lib/python3.12/site-packages/airflow/example_dags/example_sensor_decorator.py
[2026-07-31T11:02:41.187+0000] {logging_mixin.py:188} INFO - [2026-07-31T11:02:41.186+0000] {dag.py:3089} INFO - Sync 1 DAGs
[2026-07-31T11:02:41.364+0000] {logging_mixin.py:188} INFO - [2026-07-31T11:02:41.364+0000] {dag.py:3947} INFO - Setting next_dagrun for example_sensor_decorator to None, run_after=None
[2026-07-31T11:02:41.580+0000] {processor.py:183} INFO - Processing /home/airflow/.local/lib/python3.12/site-packages/airflow/example_dags/example_sensor_decorator.py took 0.704 seconds
[2026-07-31T11:03:11.865+0000] {processor.py:161} INFO - Started process (PID=1105) to work on /home/airflow/.local/lib/python3.12/site-packages/airflow/example_dags/example_sensor_decorator.py
[2026-07-31T11:03:11.869+0000] {processor.py:830} INFO - Processing file /home/airflow/.local/lib/python3.12/site-packages/airflow/example_dags/example_sensor_decorator.py for tasks to queue
[2026-07-31T11:03:11.875+0000] {logging_mixin.py:188} INFO - [2026-07-31T11:03:11.874+0000] {dagbag.py:545} INFO - Filling up the DagBag from /home/airflow/.local/lib/python3.12/site-packages/airflow/example_dags/example_sensor_decorator.py
[2026-07-31T11:03:11.893+0000] {processor.py:840} INFO - DAG(s) 'example_sensor_decorator' retrieved from /home/airflow/.local/lib/python3.12/site-packages/airflow/example_dags/example_sensor_decorator.py
[2026-07-31T11:03:11.966+0000] {logging_mixin.py:188} INFO - [2026-07-31T11:03:11.965+0000] {dag.py:3089} INFO - Sync 1 DAGs
[2026-07-31T11:03:12.008+0000] {logging_mixin.py:188} INFO - [2026-07-31T11:03:12.008+0000] {dag.py:3947} INFO - Setting next_dagrun for example_sensor_decorator to None, run_after=None
[2026-07-31T11:03:12.071+0000] {processor.py:183} INFO - Processing /home/airflow/.local/lib/python3.12/site-packages/airflow/example_dags/example_sensor_decorator.py took 0.224 seconds
[2026-07-31T11:03:43.038+0000] {processor.py:161} INFO - Started process (PID=1163) to work on /home/airflow/.local/lib/python3.12/site-packages/airflow/example_dags/example_sensor_decorator.py
[2026-07-31T11:03:43.041+0000] {processor.py:830} INFO - Processing file /home/airflow/.local/lib/python3.12/site-packages/airflow/example_dags/example_sensor_decorator.py for tasks to queue
[2026-07-31T11:03:43.047+0000] {logging_mixin.py:188} INFO - [2026-07-31T11:03:43.045+0000] {dagbag.py:545} INFO - Filling up the DagBag from /home/airflow/.local/lib/python3.12/site-packages/airflow/example_dags/example_sensor_decorator.py
[2026-07-31T11:03:43.064+0000] {processor.py:840} INFO - DAG(s) 'example_sensor_decorator' retrieved from /home/airflow/.local/lib/python3.12/site-packages/airflow/example_dags/example_sensor_decorator.py
[2026-07-31T11:03:43.119+0000] {logging_mixin.py:188} INFO - [2026-07-31T11:03:43.118+0000] {dag.py:3089} INFO - Sync 1 DAGs
[2026-07-31T11:03:43.162+0000] {logging_mixin.py:188} INFO - [2026-07-31T11:03:43.161+0000] {dag.py:3947} INFO - Setting next_dagrun for example_sensor_decorator to None, run_after=None
[2026-07-31T11:03:43.218+0000] {processor.py:183} INFO - Processing /home/airflow/.local/lib/python3.12/site-packages/airflow/example_dags/example_sensor_decorator.py took 0.196 seconds
[2026-07-31T11:04:14.106+0000] {processor.py:161} INFO - Started process (PID=1220) to work on /home/airflow/.local/lib/python3.12/site-packages/airflow/example_dags/example_sensor_decorator.py
[2026-07-31T11:04:14.110+0000] {processor.py:830} INFO - Processing file /home/airflow/.local/lib/python3.12/site-packages/airflow/example_dags/example_sensor_decorator.py for tasks to queue
[2026-07-31T11:04:14.119+0000] {logging_mixin.py:188} INFO - [2026-07-31T11:04:14.117+0000] {dagbag.py:545} INFO - Filling up the DagBag from /home/airflow/.local/lib/python3.12/site-packages/airflow/example_dags/example_sensor_decorator.py
[2026-07-31T11:04:14.180+0000] {processor.py:840} INFO - DAG(s) 'example_sensor_decorator' retrieved from /home/airflow/.local/lib/python3.12/site-packages/airflow/example_dags/example_sensor_decorator.py
[2026-07-31T11:04:14.298+0000] {logging_mixin.py:188} INFO - [2026-07-31T11:04:14.297+0000] {dag.py:3089} INFO - Sync 1 DAGs
[2026-07-31T11:04:14.396+0000] {logging_mixin.py:188} INFO - [2026-07-31T11:04:14.394+0000] {dag.py:3947} INFO - Setting next_dagrun for example_sensor_decorator to None, run_after=None
[2026-07-31T11:04:14.529+0000] {processor.py:183} INFO - Processing /home/airflow/.local/lib/python3.12/site-packages/airflow/example_dags/example_sensor_decorator.py took 0.452 seconds
[2026-07-31T11:04:52.595+0000] {processor.py:161} INFO - Started process (PID=1276) to work on /home/airflow/.local/lib/python3.12/site-packages/airflow/example_dags/example_sensor_decorator.py
[2026-07-31T11:04:52.610+0000] {processor.py:830} INFO - Processing file /home/airflow/.local/lib/python3.12/site-packages/airflow/example_dags/example_sensor_decorator.py for tasks to queue
[2026-07-31T11:04:52.625+0000] {logging_mixin.py:188} INFO - [2026-07-31T11:04:52.623+0000] {dagbag.py:545} INFO - Filling up the DagBag from /home/airflow/.local/lib/python3.12/site-packages/airflow/example_dags/example_sensor_decorator.py
[2026-07-31T11:04:52.676+0000] {processor.py:840} INFO - DAG(s) 'example_sensor_decorator' retrieved from /home/airflow/.local/lib/python3.12/site-packages/airflow/example_dags/example_sensor_decorator.py
[2026-07-31T11:04:52.816+0000] {logging_mixin.py:188} INFO - [2026-07-31T11:04:52.814+0000] {dag.py:3089} INFO - Sync 1 DAGs
[2026-07-31T11:04:53.015+0000] {logging_mixin.py:188} INFO - [2026-07-31T11:04:52.999+0000] {dag.py:3947} INFO - Setting next_dagrun for example_sensor_decorator to None, run_after=None
[2026-07-31T11:04:53.389+0000] {processor.py:183} INFO - Processing /home/airflow/.local/lib/python3.12/site-packages/airflow/example_dags/example_sensor_decorator.py took 0.833 seconds
[2026-07-31T11:05:39.068+0000] {processor.py:161} INFO - Started process (PID=1313) to work on /home/airflow/.local/lib/python3.12/site-packages/airflow/example_dags/example_sensor_decorator.py
[2026-07-31T11:05:39.072+0000] {processor.py:830} INFO - Processing file /home/airflow/.local/lib/python3.12/site-packages/airflow/example_dags/example_sensor_decorator.py for tasks to queue
[2026-07-31T11:05:39.081+0000] {logging_mixin.py:188} INFO - [2026-07-31T11:05:39.080+0000] {dagbag.py:545} INFO - Filling up the DagBag from /home/airflow/.local/lib/python3.12/site-packages/airflow/example_dags/example_sensor_decorator.py
[2026-07-31T11:05:39.104+0000] {processor.py:840} INFO - DAG(s) 'example_sensor_decorator' retrieved from /home/airflow/.local/lib/python3.12/site-packages/airflow/example_dags/example_sensor_decorator.py
[2026-07-31T11:05:39.199+0000] {logging_mixin.py:188} INFO - [2026-07-31T11:05:39.198+0000] {dag.py:3089} INFO - Sync 1 DAGs
[2026-07-31T11:05:39.251+0000] {logging_mixin.py:188} INFO - [2026-07-31T11:05:39.250+0000] {dag.py:3947} INFO - Setting next_dagrun for example_sensor_decorator to None, run_after=None
[2026-07-31T11:05:39.312+0000] {processor.py:183} INFO - Processing /home/airflow/.local/lib/python3.12/site-packages/airflow/example_dags/example_sensor_decorator.py took 0.270 seconds
[2026-07-31T11:06:17.730+0000] {processor.py:161} INFO - Started process (PID=1365) to work on /home/airflow/.local/lib/python3.12/site-packages/airflow/example_dags/example_sensor_decorator.py
[2026-07-31T11:06:17.735+0000] {processor.py:830} INFO - Processing file /home/airflow/.local/lib/python3.12/site-packages/airflow/example_dags/example_sensor_decorator.py for tasks to queue
[2026-07-31T11:06:17.747+0000] {logging_mixin.py:188} INFO - [2026-07-31T11:06:17.746+0000] {dagbag.py:545} INFO - Filling up the DagBag from /home/airflow/.local/lib/python3.12/site-packages/airflow/example_dags/example_sensor_decorator.py
[2026-07-31T11:06:17.782+0000] {processor.py:840} INFO - DAG(s) 'example_sensor_decorator' retrieved from /home/airflow/.local/lib/python3.12/site-packages/airflow/example_dags/example_sensor_decorator.py
[2026-07-31T11:06:17.908+0000] {logging_mixin.py:188} INFO - [2026-07-31T11:06:17.907+0000] {dag.py:3089} INFO - Sync 1 DAGs
[2026-07-31T11:06:17.975+0000] {logging_mixin.py:188} INFO - [2026-07-31T11:06:17.974+0000] {dag.py:3947} INFO - Setting next_dagrun for example_sensor_decorator to None, run_after=None
[2026-07-31T11:06:18.066+0000] {processor.py:183} INFO - Processing /home/airflow/.local/lib/python3.12/site-packages/airflow/example_dags/example_sensor_decorator.py took 0.379 seconds
[2026-07-31T11:06:51.763+0000] {processor.py:161} INFO - Started process (PID=1430) to work on /home/airflow/.local/lib/python3.12/site-packages/airflow/example_dags/example_sensor_decorator.py
[2026-07-31T11:06:51.767+0000] {processor.py:830} INFO - Processing file /home/airflow/.local/lib/python3.12/site-packages/airflow/example_dags/example_sensor_decorator.py for tasks to queue
[2026-07-31T11:06:51.773+0000] {logging_mixin.py:188} INFO - [2026-07-31T11:06:51.772+0000] {dagbag.py:545} INFO - Filling up the DagBag from /home/airflow/.local/lib/python3.12/site-packages/airflow/example_dags/example_sensor_decorator.py
[2026-07-31T11:06:51.803+0000] {processor.py:840} INFO - DAG(s) 'example_sensor_decorator' retrieved from /home/airflow/.local/lib/python3.12/site-packages/airflow/example_dags/example_sensor_decorator.py
[2026-07-31T11:06:51.902+0000] {logging_mixin.py:188} INFO - [2026-07-31T11:06:51.900+0000] {dag.py:3089} INFO - Sync 1 DAGs
[2026-07-31T11:06:51.948+0000] {logging_mixin.py:188} INFO - [2026-07-31T11:06:51.948+0000] {dag.py:3947} INFO - Setting next_dagrun for example_sensor_decorator to None, run_after=None
[2026-07-31T11:06:52.048+0000] {processor.py:183} INFO - Processing /home/airflow/.local/lib/python3.12/site-packages/airflow/example_dags/example_sensor_decorator.py took 0.306 seconds
[2026-07-31T11:07:49.912+0000] {processor.py:161} INFO - Started process (PID=1485) to work on /home/airflow/.local/lib/python3.12/site-packages/airflow/example_dags/example_sensor_decorator.py
[2026-07-31T11:07:49.926+0000] {processor.py:830} INFO - Processing file /home/airflow/.local/lib/python3.12/site-packages/airflow/example_dags/example_sensor_decorator.py for tasks to queue
[2026-07-31T11:07:50.038+0000] {logging_mixin.py:188} INFO - [2026-07-31T11:07:49.985+0000] {dagbag.py:545} INFO - Filling up the DagBag from /home/airflow/.local/lib/python3.12/site-packages/airflow/example_dags/example_sensor_decorator.py
[2026-07-31T11:07:50.196+0000] {processor.py:840} INFO - DAG(s) 'example_sensor_decorator' retrieved from /home/airflow/.local/lib/python3.12/site-packages/airflow/example_dags/example_sensor_decorator.py
[2026-07-31T11:07:50.758+0000] {logging_mixin.py:188} INFO - [2026-07-31T11:07:50.757+0000] {dag.py:3089} INFO - Sync 1 DAGs
[2026-07-31T11:07:50.964+0000] {logging_mixin.py:188} INFO - [2026-07-31T11:07:50.963+0000] {dag.py:3947} INFO - Setting next_dagrun for example_sensor_decorator to None, run_after=None
[2026-07-31T11:07:51.221+0000] {processor.py:183} INFO - Processing /home/airflow/.local/lib/python3.12/site-packages/airflow/example_dags/example_sensor_decorator.py took 1.399 seconds
[2026-07-31T11:08:45.487+0000] {processor.py:161} INFO - Started process (PID=1554) to work on /home/airflow/.local/lib/python3.12/site-packages/airflow/example_dags/example_sensor_decorator.py
[2026-07-31T11:08:45.502+0000] {processor.py:830} INFO - Processing file /home/airflow/.local/lib/python3.12/site-packages/airflow/example_dags/example_sensor_decorator.py for tasks to queue
[2026-07-31T11:08:45.520+0000] {logging_mixin.py:188} INFO - [2026-07-31T11:08:45.518+0000] {dagbag.py:545} INFO - Filling up the DagBag from /home/airflow/.local/lib/python3.12/site-packages/airflow/example_dags/example_sensor_decorator.py
[2026-07-31T11:08:45.553+0000] {processor.py:840} INFO - DAG(s) 'example_sensor_decorator' retrieved from /home/airflow/.local/lib/python3.12/site-packages/airflow/example_dags/example_sensor_decorator.py
[2026-07-31T11:08:45.623+0000] {logging_mixin.py:188} INFO - [2026-07-31T11:08:45.623+0000] {dag.py:3089} INFO - Sync 1 DAGs
[2026-07-31T11:08:45.822+0000] {logging_mixin.py:188} INFO - [2026-07-31T11:08:45.814+0000] {dag.py:3947} INFO - Setting next_dagrun for example_sensor_decorator to None, run_after=None
[2026-07-31T11:08:45.940+0000] {processor.py:183} INFO - Processing /home/airflow/.local/lib/python3.12/site-packages/airflow/example_dags/example_sensor_decorator.py took 0.491 seconds
[2026-07-31T11:09:39.916+0000] {processor.py:161} INFO - Started process (PID=1599) to work on /home/airflow/.local/lib/python3.12/site-packages/airflow/example_dags/example_sensor_decorator.py
[2026-07-31T11:09:39.939+0000] {processor.py:830} INFO - Processing file /home/airflow/.local/lib/python3.12/site-packages/airflow/example_dags/example_sensor_decorator.py for tasks to queue
[2026-07-31T11:09:39.968+0000] {logging_mixin.py:188} INFO - [2026-07-31T11:09:39.962+0000] {dagbag.py:545} INFO - Filling up the DagBag from /home/airflow/.local/lib/python3.12/site-packages/airflow/example_dags/example_sensor_decorator.py
[2026-07-31T11:09:40.033+0000] {processor.py:840} INFO - DAG(s) 'example_sensor_decorator' retrieved from /home/airflow/.local/lib/python3.12/site-packages/airflow/example_dags/example_sensor_decorator.py
[2026-07-31T11:09:40.135+0000] {logging_mixin.py:188} INFO - [2026-07-31T11:09:40.134+0000] {dag.py:3089} INFO - Sync 1 DAGs
[2026-07-31T11:09:40.208+0000] {logging_mixin.py:188} INFO - [2026-07-31T11:09:40.207+0000] {dag.py:3947} INFO - Setting next_dagrun for example_sensor_decorator to None, run_after=None
[2026-07-31T11:09:40.648+0000] {processor.py:183} INFO - Processing /home/airflow/.local/lib/python3.12/site-packages/airflow/example_dags/example_sensor_decorator.py took 0.788 seconds
[2026-07-31T11:10:30.628+0000] {processor.py:161} INFO - Started process (PID=1660) to work on /home/airflow/.local/lib/python3.12/site-packages/airflow/example_dags/example_sensor_decorator.py
[2026-07-31T11:10:30.633+0000] {processor.py:830} INFO - Processing file /home/airflow/.local/lib/python3.12/site-packages/airflow/example_dags/example_sensor_decorator.py for tasks to queue
[2026-07-31T11:10:30.644+0000] {logging_mixin.py:188} INFO - [2026-07-31T11:10:30.641+0000] {dagbag.py:545} INFO - Filling up the DagBag from /home/airflow/.local/lib/python3.12/site-packages/airflow/example_dags/example_sensor_decorator.py
[2026-07-31T11:10:30.697+0000] {processor.py:840} INFO - DAG(s) 'example_sensor_decorator' retrieved from /home/airflow/.local/lib/python3.12/site-packages/airflow/example_dags/example_sensor_decorator.py
[2026-07-31T11:10:30.816+0000] {logging_mixin.py:188} INFO - [2026-07-31T11:10:30.814+0000] {dag.py:3089} INFO - Sync 1 DAGs
[2026-07-31T11:10:30.909+0000] {logging_mixin.py:188} INFO - [2026-07-31T11:10:30.908+0000] {dag.py:3947} INFO - Setting next_dagrun for example_sensor_decorator to None, run_after=None
[2026-07-31T11:10:31.026+0000] {processor.py:183} INFO - Processing /home/airflow/.local/lib/python3.12/site-packages/airflow/example_dags/example_sensor_decorator.py took 0.428 seconds
[2026-07-31T11:11:26.620+0000] {processor.py:161} INFO - Started process (PID=1718) to work on /home/airflow/.local/lib/python3.12/site-packages/airflow/example_dags/example_sensor_decorator.py
[2026-07-31T11:11:26.648+0000] {processor.py:830} INFO - Processing file /home/airflow/.local/lib/python3.12/site-packages/airflow/example_dags/example_sensor_decorator.py for tasks to queue
[2026-07-31T11:11:26.685+0000] {logging_mixin.py:188} INFO - [2026-07-31T11:11:26.680+0000] {dagbag.py:545} INFO - Filling up the DagBag from /home/airflow/.local/lib/python3.12/site-packages/airflow/example_dags/example_sensor_decorator.py
[2026-07-31T11:11:26.755+0000] {processor.py:840} INFO - DAG(s) 'example_sensor_decorator' retrieved from /home/airflow/.local/lib/python3.12/site-packages/airflow/example_dags/example_sensor_decorator.py
[2026-07-31T11:11:26.949+0000] {logging_mixin.py:188} INFO - [2026-07-31T11:11:26.948+0000] {dag.py:3089} INFO - Sync 1 DAGs
[2026-07-31T11:11:27.033+0000] {logging_mixin.py:188} INFO - [2026-07-31T11:11:27.032+0000] {dag.py:3947} INFO - Setting next_dagrun for example_sensor_decorator to None, run_after=None
[2026-07-31T11:11:27.381+0000] {processor.py:183} INFO - Processing /home/airflow/.local/lib/python3.12/site-packages/airflow/example_dags/example_sensor_decorator.py took 0.884 seconds
[2026-07-31T11:12:17.596+0000] {processor.py:161} INFO - Started process (PID=1779) to work on /home/airflow/.local/lib/python3.12/site-packages/airflow/example_dags/example_sensor_decorator.py
[2026-07-31T11:12:17.603+0000] {processor.py:830} INFO - Processing file /home/airflow/.local/lib/python3.12/site-packages/airflow/example_dags/example_sensor_decorator.py for tasks to queue
[2026-07-31T11:12:17.612+0000] {logging_mixin.py:188} INFO - [2026-07-31T11:12:17.611+0000] {dagbag.py:545} INFO - Filling up the DagBag from /home/airflow/.local/lib/python3.12/site-packages/airflow/example_dags/example_sensor_decorator.py
[2026-07-31T11:12:17.640+0000] {processor.py:840} INFO - DAG(s) 'example_sensor_decorator' retrieved from /home/airflow/.local/lib/python3.12/site-packages/airflow/example_dags/example_sensor_decorator.py
[2026-07-31T11:12:17.911+0000] {logging_mixin.py:188} INFO - [2026-07-31T11:12:17.910+0000] {dag.py:3089} INFO - Sync 1 DAGs
[2026-07-31T11:12:17.979+0000] {logging_mixin.py:188} INFO - [2026-07-31T11:12:17.978+0000] {dag.py:3947} INFO - Setting next_dagrun for example_sensor_decorator to None, run_after=None
[2026-07-31T11:12:18.048+0000] {processor.py:183} INFO - Processing /home/airflow/.local/lib/python3.12/site-packages/airflow/example_dags/example_sensor_decorator.py took 0.497 seconds
[2026-07-31T11:12:49.726+0000] {processor.py:161} INFO - Started process (PID=1830) to work on /home/airflow/.local/lib/python3.12/site-packages/airflow/example_dags/example_sensor_decorator.py
[2026-07-31T11:12:49.739+0000] {processor.py:830} INFO - Processing file /home/airflow/.local/lib/python3.12/site-packages/airflow/example_dags/example_sensor_decorator.py for tasks to queue
[2026-07-31T11:12:49.748+0000] {logging_mixin.py:188} INFO - [2026-07-31T11:12:49.746+0000] {dagbag.py:545} INFO - Filling up the DagBag from /home/airflow/.local/lib/python3.12/site-packages/airflow/example_dags/example_sensor_decorator.py
[2026-07-31T11:12:49.798+0000] {processor.py:840} INFO - DAG(s) 'example_sensor_decorator' retrieved from /home/airflow/.local/lib/python3.12/site-packages/airflow/example_dags/example_sensor_decorator.py
[2026-07-31T11:12:49.918+0000] {logging_mixin.py:188} INFO - [2026-07-31T11:12:49.917+0000] {dag.py:3089} INFO - Sync 1 DAGs
[2026-07-31T11:12:49.981+0000] {logging_mixin.py:188} INFO - [2026-07-31T11:12:49.980+0000] {dag.py:3947} INFO - Setting next_dagrun for example_sensor_decorator to None, run_after=None
[2026-07-31T11:12:50.196+0000] {processor.py:183} INFO - Processing /home/airflow/.local/lib/python3.12/site-packages/airflow/example_dags/example_sensor_decorator.py took 0.513 seconds
[2026-07-31T11:13:22.169+0000] {processor.py:161} INFO - Started process (PID=1889) to work on /home/airflow/.local/lib/python3.12/site-packages/airflow/example_dags/example_sensor_decorator.py
[2026-07-31T11:13:22.173+0000] {processor.py:830} INFO - Processing file /home/airflow/.local/lib/python3.12/site-packages/airflow/example_dags/example_sensor_decorator.py for tasks to queue
[2026-07-31T11:13:22.190+0000] {logging_mixin.py:188} INFO - [2026-07-31T11:13:22.188+0000] {dagbag.py:545} INFO - Filling up the DagBag from /home/airflow/.local/lib/python3.12/site-packages/airflow/example_dags/example_sensor_decorator.py
[2026-07-31T11:13:22.260+0000] {processor.py:840} INFO - DAG(s) 'example_sensor_decorator' retrieved from /home/airflow/.local/lib/python3.12/site-packages/airflow/example_dags/example_sensor_decorator.py
[2026-07-31T11:13:22.494+0000] {logging_mixin.py:188} INFO - [2026-07-31T11:13:22.493+0000] {dag.py:3089} INFO - Sync 1 DAGs
[2026-07-31T11:13:22.681+0000] {logging_mixin.py:188} INFO - [2026-07-31T11:13:22.681+0000] {dag.py:3947} INFO - Setting next_dagrun for example_sensor_decorator to None, run_after=None
[2026-07-31T11:13:22.908+0000] {processor.py:183} INFO - Processing /home/airflow/.local/lib/python3.12/site-packages/airflow/example_dags/example_sensor_decorator.py took 0.807 seconds
[2026-07-31T11:14:07.380+0000] {processor.py:161} INFO - Started process (PID=1948) to work on /home/airflow/.local/lib/python3.12/site-packages/airflow/example_dags/example_sensor_decorator.py
[2026-07-31T11:14:07.383+0000] {processor.py:830} INFO - Processing file /home/airflow/.local/lib/python3.12/site-packages/airflow/example_dags/example_sensor_decorator.py for tasks to queue
[2026-07-31T11:14:07.390+0000] {logging_mixin.py:188} INFO - [2026-07-31T11:14:07.389+0000] {dagbag.py:545} INFO - Filling up the DagBag from /home/airflow/.local/lib/python3.12/site-packages/airflow/example_dags/example_sensor_decorator.py
[2026-07-31T11:14:07.413+0000] {processor.py:840} INFO - DAG(s) 'example_sensor_decorator' retrieved from /home/airflow/.local/lib/python3.12/site-packages/airflow/example_dags/example_sensor_decorator.py
[2026-07-31T11:14:07.491+0000] {logging_mixin.py:188} INFO - [2026-07-31T11:14:07.490+0000] {dag.py:3089} INFO - Sync 1 DAGs
[2026-07-31T11:14:07.547+0000] {logging_mixin.py:188} INFO - [2026-07-31T11:14:07.546+0000] {dag.py:3947} INFO - Setting next_dagrun for example_sensor_decorator to None, run_after=None
[2026-07-31T11:14:07.627+0000] {processor.py:183} INFO - Processing /home/airflow/.local/lib/python3.12/site-packages/airflow/example_dags/example_sensor_decorator.py took 0.264 seconds
[2026-07-31T11:14:38.647+0000] {processor.py:161} INFO - Started process (PID=2006) to work on /home/airflow/.local/lib/python3.12/site-packages/airflow/example_dags/example_sensor_decorator.py
[2026-07-31T11:14:38.653+0000] {processor.py:830} INFO - Processing file /home/airflow/.local/lib/python3.12/site-packages/airflow/example_dags/example_sensor_decorator.py for tasks to queue
[2026-07-31T11:14:38.660+0000] {logging_mixin.py:188} INFO - [2026-07-31T11:14:38.659+0000] {dagbag.py:545} INFO - Filling up the DagBag from /home/airflow/.local/lib/python3.12/site-packages/airflow/example_dags/example_sensor_decorator.py
[2026-07-31T11:14:38.688+0000] {processor.py:840} INFO - DAG(s) 'example_sensor_decorator' retrieved from /home/airflow/.local/lib/python3.12/site-packages/airflow/example_dags/example_sensor_decorator.py
[2026-07-31T11:14:38.822+0000] {logging_mixin.py:188} INFO - [2026-07-31T11:14:38.821+0000] {dag.py:3089} INFO - Sync 1 DAGs
[2026-07-31T11:14:38.921+0000] {logging_mixin.py:188} INFO - [2026-07-31T11:14:38.920+0000] {dag.py:3947} INFO - Setting next_dagrun for example_sensor_decorator to None, run_after=None
[2026-07-31T11:14:39.094+0000] {processor.py:183} INFO - Processing /home/airflow/.local/lib/python3.12/site-packages/airflow/example_dags/example_sensor_decorator.py took 0.472 seconds
[2026-07-31T11:15:09.772+0000] {processor.py:161} INFO - Started process (PID=2063) to work on /home/airflow/.local/lib/python3.12/site-packages/airflow/example_dags/example_sensor_decorator.py
[2026-07-31T11:15:09.783+0000] {processor.py:830} INFO - Processing file /home/airflow/.local/lib/python3.12/site-packages/airflow/example_dags/example_sensor_decorator.py for tasks to queue
[2026-07-31T11:15:09.791+0000] {logging_mixin.py:188} INFO - [2026-07-31T11:15:09.790+0000] {dagbag.py:545} INFO - Filling up the DagBag from /home/airflow/.local/lib/python3.12/site-packages/airflow/example_dags/example_sensor_decorator.py
[2026-07-31T11:15:09.823+0000] {processor.py:840} INFO - DAG(s) 'example_sensor_decorator' retrieved from /home/airflow/.local/lib/python3.12/site-packages/airflow/example_dags/example_sensor_decorator.py
[2026-07-31T11:15:09.917+0000] {logging_mixin.py:188} INFO - [2026-07-31T11:15:09.916+0000] {dag.py:3089} INFO - Sync 1 DAGs
[2026-07-31T11:15:09.992+0000] {logging_mixin.py:188} INFO - [2026-07-31T11:15:09.991+0000] {dag.py:3947} INFO - Setting next_dagrun for example_sensor_decorator to None, run_after=None
[2026-07-31T11:15:10.119+0000] {processor.py:183} INFO - Processing /home/airflow/.local/lib/python3.12/site-packages/airflow/example_dags/example_sensor_decorator.py took 0.384 seconds
[2026-07-31T11:15:43.271+0000] {processor.py:161} INFO - Started process (PID=2121) to work on /home/airflow/.local/lib/python3.12/site-packages/airflow/example_dags/example_sensor_decorator.py
[2026-07-31T11:15:43.275+0000] {processor.py:830} INFO - Processing file /home/airflow/.local/lib/python3.12/site-packages/airflow/example_dags/example_sensor_decorator.py for tasks to queue
[2026-07-31T11:15:43.280+0000] {logging_mixin.py:188} INFO - [2026-07-31T11:15:43.279+0000] {dagbag.py:545} INFO - Filling up the DagBag from /home/airflow/.local/lib/python3.12/site-packages/airflow/example_dags/example_sensor_decorator.py
[2026-07-31T11:15:43.297+0000] {processor.py:840} INFO - DAG(s) 'example_sensor_decorator' retrieved from /home/airflow/.local/lib/python3.12/site-packages/airflow/example_dags/example_sensor_decorator.py
[2026-07-31T11:15:43.348+0000] {logging_mixin.py:188} INFO - [2026-07-31T11:15:43.348+0000] {dag.py:3089} INFO - Sync 1 DAGs
[2026-07-31T11:15:43.392+0000] {logging_mixin.py:188} INFO - [2026-07-31T11:15:43.392+0000] {dag.py:3947} INFO - Setting next_dagrun for example_sensor_decorator to None, run_after=None
[2026-07-31T11:15:43.455+0000] {processor.py:183} INFO - Processing /home/airflow/.local/lib/python3.12/site-packages/airflow/example_dags/example_sensor_decorator.py took 0.204 seconds
[2026-07-31T11:16:14.462+0000] {processor.py:161} INFO - Started process (PID=2179) to work on /home/airflow/.local/lib/python3.12/site-packages/airflow/example_dags/example_sensor_decorator.py
[2026-07-31T11:16:14.465+0000] {processor.py:830} INFO - Processing file /home/airflow/.local/lib/python3.12/site-packages/airflow/example_dags/example_sensor_decorator.py for tasks to queue
[2026-07-31T11:16:14.469+0000] {logging_mixin.py:188} INFO - [2026-07-31T11:16:14.469+0000] {dagbag.py:545} INFO - Filling up the DagBag from /home/airflow/.local/lib/python3.12/site-packages/airflow/example_dags/example_sensor_decorator.py
[2026-07-31T11:16:14.491+0000] {processor.py:840} INFO - DAG(s) 'example_sensor_decorator' retrieved from /home/airflow/.local/lib/python3.12/site-packages/airflow/example_dags/example_sensor_decorator.py
[2026-07-31T11:16:14.542+0000] {logging_mixin.py:188} INFO - [2026-07-31T11:16:14.541+0000] {dag.py:3089} INFO - Sync 1 DAGs
[2026-07-31T11:16:14.593+0000] {logging_mixin.py:188} INFO - [2026-07-31T11:16:14.590+0000] {dag.py:3947} INFO - Setting next_dagrun for example_sensor_decorator to None, run_after=None
[2026-07-31T11:16:14.664+0000] {processor.py:183} INFO - Processing /home/airflow/.local/lib/python3.12/site-packages/airflow/example_dags/example_sensor_decorator.py took 0.225 seconds
[2026-07-31T11:16:45.807+0000] {processor.py:161} INFO - Started process (PID=2237) to work on /home/airflow/.local/lib/python3.12/site-packages/airflow/example_dags/example_sensor_decorator.py
[2026-07-31T11:16:45.825+0000] {processor.py:830} INFO - Processing file /home/airflow/.local/lib/python3.12/site-packages/airflow/example_dags/example_sensor_decorator.py for tasks to queue
[2026-07-31T11:16:45.849+0000] {logging_mixin.py:188} INFO - [2026-07-31T11:16:45.847+0000] {dagbag.py:545} INFO - Filling up the DagBag from /home/airflow/.local/lib/python3.12/site-packages/airflow/example_dags/example_sensor_decorator.py
[2026-07-31T11:16:45.886+0000] {processor.py:840} INFO - DAG(s) 'example_sensor_decorator' retrieved from /home/airflow/.local/lib/python3.12/site-packages/airflow/example_dags/example_sensor_decorator.py
[2026-07-31T11:16:46.038+0000] {logging_mixin.py:188} INFO - [2026-07-31T11:16:46.036+0000] {dag.py:3089} INFO - Sync 1 DAGs
[2026-07-31T11:16:46.167+0000] {logging_mixin.py:188} INFO - [2026-07-31T11:16:46.166+0000] {dag.py:3947} INFO - Setting next_dagrun for example_sensor_decorator to None, run_after=None
[2026-07-31T11:16:46.310+0000] {processor.py:183} INFO - Processing /home/airflow/.local/lib/python3.12/site-packages/airflow/example_dags/example_sensor_decorator.py took 0.586 seconds
[2026-07-31T11:17:20.516+0000] {processor.py:161} INFO - Started process (PID=2297) to work on /home/airflow/.local/lib/python3.12/site-packages/airflow/example_dags/example_sensor_decorator.py
[2026-07-31T11:17:20.531+0000] {processor.py:830} INFO - Processing file /home/airflow/.local/lib/python3.12/site-packages/airflow/example_dags/example_sensor_decorator.py for tasks to queue
[2026-07-31T11:17:20.550+0000] {logging_mixin.py:188} INFO - [2026-07-31T11:17:20.549+0000] {dagbag.py:545} INFO - Filling up the DagBag from /home/airflow/.local/lib/python3.12/site-packages/airflow/example_dags/example_sensor_decorator.py
[2026-07-31T11:17:20.621+0000] {processor.py:840} INFO - DAG(s) 'example_sensor_decorator' retrieved from /home/airflow/.local/lib/python3.12/site-packages/airflow/example_dags/example_sensor_decorator.py
[2026-07-31T11:17:20.924+0000] {logging_mixin.py:188} INFO - [2026-07-31T11:17:20.923+0000] {dag.py:3089} INFO - Sync 1 DAGs
[2026-07-31T11:17:21.067+0000] {logging_mixin.py:188} INFO - [2026-07-31T11:17:21.067+0000] {dag.py:3947} INFO - Setting next_dagrun for example_sensor_decorator to None, run_after=None
[2026-07-31T11:17:21.262+0000] {processor.py:183} INFO - Processing /home/airflow/.local/lib/python3.12/site-packages/airflow/example_dags/example_sensor_decorator.py took 0.797 seconds
[2026-07-31T11:18:01.278+0000] {processor.py:161} INFO - Started process (PID=2359) to work on /home/airflow/.local/lib/python3.12/site-packages/airflow/example_dags/example_sensor_decorator.py
[2026-07-31T11:18:01.295+0000] {processor.py:830} INFO - Processing file /home/airflow/.local/lib/python3.12/site-packages/airflow/example_dags/example_sensor_decorator.py for tasks to queue
[2026-07-31T11:18:01.317+0000] {logging_mixin.py:188} INFO - [2026-07-31T11:18:01.310+0000] {dagbag.py:545} INFO - Filling up the DagBag from /home/airflow/.local/lib/python3.12/site-packages/airflow/example_dags/example_sensor_decorator.py
[2026-07-31T11:18:01.407+0000] {processor.py:840} INFO - DAG(s) 'example_sensor_decorator' retrieved from /home/airflow/.local/lib/python3.12/site-packages/airflow/example_dags/example_sensor_decorator.py
[2026-07-31T11:18:01.546+0000] {logging_mixin.py:188} INFO - [2026-07-31T11:18:01.545+0000] {dag.py:3089} INFO - Sync 1 DAGs
[2026-07-31T11:18:01.621+0000] {logging_mixin.py:188} INFO - [2026-07-31T11:18:01.621+0000] {dag.py:3947} INFO - Setting next_dagrun for example_sensor_decorator to None, run_after=None
[2026-07-31T11:18:01.704+0000] {processor.py:183} INFO - Processing /home/airflow/.local/lib/python3.12/site-packages/airflow/example_dags/example_sensor_decorator.py took 0.468 seconds
[2026-07-31T11:18:31.942+0000] {processor.py:161} INFO - Started process (PID=2416) to work on /home/airflow/.local/lib/python3.12/site-packages/airflow/example_dags/example_sensor_decorator.py
[2026-07-31T11:18:31.945+0000] {processor.py:830} INFO - Processing file /home/airflow/.local/lib/python3.12/site-packages/airflow/example_dags/example_sensor_decorator.py for tasks to queue
[2026-07-31T11:18:31.950+0000] {logging_mixin.py:188} INFO - [2026-07-31T11:18:31.949+0000] {dagbag.py:545} INFO - Filling up the DagBag from /home/airflow/.local/lib/python3.12/site-packages/airflow/example_dags/example_sensor_decorator.py
[2026-07-31T11:18:31.965+0000] {processor.py:840} INFO - DAG(s) 'example_sensor_decorator' retrieved from /home/airflow/.local/lib/python3.12/site-packages/airflow/example_dags/example_sensor_decorator.py
[2026-07-31T11:18:32.010+0000] {logging_mixin.py:188} INFO - [2026-07-31T11:18:32.010+0000] {dag.py:3089} INFO - Sync 1 DAGs
[2026-07-31T11:18:32.041+0000] {logging_mixin.py:188} INFO - [2026-07-31T11:18:32.040+0000] {dag.py:3947} INFO - Setting next_dagrun for example_sensor_decorator to None, run_after=None
[2026-07-31T11:18:32.092+0000] {processor.py:183} INFO - Processing /home/airflow/.local/lib/python3.12/site-packages/airflow/example_dags/example_sensor_decorator.py took 0.167 seconds
[2026-07-31T11:19:02.945+0000] {processor.py:161} INFO - Started process (PID=2474) to work on /home/airflow/.local/lib/python3.12/site-packages/airflow/example_dags/example_sensor_decorator.py
[2026-07-31T11:19:02.957+0000] {processor.py:830} INFO - Processing file /home/airflow/.local/lib/python3.12/site-packages/airflow/example_dags/example_sensor_decorator.py for tasks to queue
[2026-07-31T11:19:02.973+0000] {logging_mixin.py:188} INFO - [2026-07-31T11:19:02.969+0000] {dagbag.py:545} INFO - Filling up the DagBag from /home/airflow/.local/lib/python3.12/site-packages/airflow/example_dags/example_sensor_decorator.py
[2026-07-31T11:19:03.021+0000] {processor.py:840} INFO - DAG(s) 'example_sensor_decorator' retrieved from /home/airflow/.local/lib/python3.12/site-packages/airflow/example_dags/example_sensor_decorator.py
[2026-07-31T11:19:03.169+0000] {logging_mixin.py:188} INFO - [2026-07-31T11:19:03.168+0000] {dag.py:3089} INFO - Sync 1 DAGs
[2026-07-31T11:19:03.231+0000] {logging_mixin.py:188} INFO - [2026-07-31T11:19:03.230+0000] {dag.py:3947} INFO - Setting next_dagrun for example_sensor_decorator to None, run_after=None
[2026-07-31T11:19:03.333+0000] {processor.py:183} INFO - Processing /home/airflow/.local/lib/python3.12/site-packages/airflow/example_dags/example_sensor_decorator.py took 0.415 seconds
[2026-07-31T11:19:33.715+0000] {processor.py:161} INFO - Started process (PID=2532) to work on /home/airflow/.local/lib/python3.12/site-packages/airflow/example_dags/example_sensor_decorator.py
[2026-07-31T11:19:33.719+0000] {processor.py:830} INFO - Processing file /home/airflow/.local/lib/python3.12/site-packages/airflow/example_dags/example_sensor_decorator.py for tasks to queue
[2026-07-31T11:19:33.728+0000] {logging_mixin.py:188} INFO - [2026-07-31T11:19:33.726+0000] {dagbag.py:545} INFO - Filling up the DagBag from /home/airflow/.local/lib/python3.12/site-packages/airflow/example_dags/example_sensor_decorator.py
[2026-07-31T11:19:33.756+0000] {processor.py:840} INFO - DAG(s) 'example_sensor_decorator' retrieved from /home/airflow/.local/lib/python3.12/site-packages/airflow/example_dags/example_sensor_decorator.py
[2026-07-31T11:19:33.870+0000] {logging_mixin.py:188} INFO - [2026-07-31T11:19:33.868+0000] {dag.py:3089} INFO - Sync 1 DAGs
[2026-07-31T11:19:33.969+0000] {logging_mixin.py:188} INFO - [2026-07-31T11:19:33.968+0000] {dag.py:3947} INFO - Setting next_dagrun for example_sensor_decorator to None, run_after=None
[2026-07-31T11:19:34.073+0000] {processor.py:183} INFO - Processing /home/airflow/.local/lib/python3.12/site-packages/airflow/example_dags/example_sensor_decorator.py took 0.383 seconds
[2026-07-31T11:20:07.082+0000] {processor.py:161} INFO - Started process (PID=2584) to work on /home/airflow/.local/lib/python3.12/site-packages/airflow/example_dags/example_sensor_decorator.py
[2026-07-31T11:20:07.092+0000] {processor.py:830} INFO - Processing file /home/airflow/.local/lib/python3.12/site-packages/airflow/example_dags/example_sensor_decorator.py for tasks to queue
[2026-07-31T11:20:07.114+0000] {logging_mixin.py:188} INFO - [2026-07-31T11:20:07.113+0000] {dagbag.py:545} INFO - Filling up the DagBag from /home/airflow/.local/lib/python3.12/site-packages/airflow/example_dags/example_sensor_decorator.py
[2026-07-31T11:20:07.184+0000] {processor.py:840} INFO - DAG(s) 'example_sensor_decorator' retrieved from /home/airflow/.local/lib/python3.12/site-packages/airflow/example_dags/example_sensor_decorator.py
[2026-07-31T11:20:07.342+0000] {logging_mixin.py:188} INFO - [2026-07-31T11:20:07.340+0000] {dag.py:3089} INFO - Sync 1 DAGs
[2026-07-31T11:20:07.436+0000] {logging_mixin.py:188} INFO - [2026-07-31T11:20:07.436+0000] {dag.py:3947} INFO - Setting next_dagrun for example_sensor_decorator to None, run_after=None
[2026-07-31T11:20:07.560+0000] {processor.py:183} INFO - Processing /home/airflow/.local/lib/python3.12/site-packages/airflow/example_dags/example_sensor_decorator.py took 0.509 seconds
[2026-07-31T11:20:43.541+0000] {processor.py:161} INFO - Started process (PID=2640) to work on /home/airflow/.local/lib/python3.12/site-packages/airflow/example_dags/example_sensor_decorator.py
[2026-07-31T11:20:43.546+0000] {processor.py:830} INFO - Processing file /home/airflow/.local/lib/python3.12/site-packages/airflow/example_dags/example_sensor_decorator.py for tasks to queue
[2026-07-31T11:20:43.555+0000] {logging_mixin.py:188} INFO - [2026-07-31T11:20:43.554+0000] {dagbag.py:545} INFO - Filling up the DagBag from /home/airflow/.local/lib/python3.12/site-packages/airflow/example_dags/example_sensor_decorator.py
[2026-07-31T11:20:43.593+0000] {processor.py:840} INFO - DAG(s) 'example_sensor_decorator' retrieved from /home/airflow/.local/lib/python3.12/site-packages/airflow/example_dags/example_sensor_decorator.py
[2026-07-31T11:20:43.675+0000] {logging_mixin.py:188} INFO - [2026-07-31T11:20:43.675+0000] {dag.py:3089} INFO - Sync 1 DAGs
[2026-07-31T11:20:43.736+0000] {logging_mixin.py:188} INFO - [2026-07-31T11:20:43.735+0000] {dag.py:3947} INFO - Setting next_dagrun for example_sensor_decorator to None, run_after=None
[2026-07-31T11:20:43.861+0000] {processor.py:183} INFO - Processing /home/airflow/.local/lib/python3.12/site-packages/airflow/example_dags/example_sensor_decorator.py took 0.347 seconds
[2026-07-31T11:21:14.110+0000] {processor.py:161} INFO - Started process (PID=2697) to work on /home/airflow/.local/lib/python3.12/site-packages/airflow/example_dags/example_sensor_decorator.py
[2026-07-31T11:21:14.114+0000] {processor.py:830} INFO - Processing file /home/airflow/.local/lib/python3.12/site-packages/airflow/example_dags/example_sensor_decorator.py for tasks to queue
[2026-07-31T11:21:14.119+0000] {logging_mixin.py:188} INFO - [2026-07-31T11:21:14.118+0000] {dagbag.py:545} INFO - Filling up the DagBag from /home/airflow/.local/lib/python3.12/site-packages/airflow/example_dags/example_sensor_decorator.py
[2026-07-31T11:21:14.135+0000] {processor.py:840} INFO - DAG(s) 'example_sensor_decorator' retrieved from /home/airflow/.local/lib/python3.12/site-packages/airflow/example_dags/example_sensor_decorator.py
[2026-07-31T11:21:14.181+0000] {logging_mixin.py:188} INFO - [2026-07-31T11:21:14.180+0000] {dag.py:3089} INFO - Sync 1 DAGs
[2026-07-31T11:21:14.213+0000] {logging_mixin.py:188} INFO - [2026-07-31T11:21:14.213+0000] {dag.py:3947} INFO - Setting next_dagrun for example_sensor_decorator to None, run_after=None
[2026-07-31T11:21:14.258+0000] {processor.py:183} INFO - Processing /home/airflow/.local/lib/python3.12/site-packages/airflow/example_dags/example_sensor_decorator.py took 0.161 seconds
[2026-07-31T11:21:44.836+0000] {processor.py:161} INFO - Started process (PID=2756) to work on /home/airflow/.local/lib/python3.12/site-packages/airflow/example_dags/example_sensor_decorator.py
[2026-07-31T11:21:44.840+0000] {processor.py:830} INFO - Processing file /home/airflow/.local/lib/python3.12/site-packages/airflow/example_dags/example_sensor_decorator.py for tasks to queue
[2026-07-31T11:21:44.854+0000] {logging_mixin.py:188} INFO - [2026-07-31T11:21:44.853+0000] {dagbag.py:545} INFO - Filling up the DagBag from /home/airflow/.local/lib/python3.12/site-packages/airflow/example_dags/example_sensor_decorator.py
[2026-07-31T11:21:44.885+0000] {processor.py:840} INFO - DAG(s) 'example_sensor_decorator' retrieved from /home/airflow/.local/lib/python3.12/site-packages/airflow/example_dags/example_sensor_decorator.py
[2026-07-31T11:21:44.965+0000] {logging_mixin.py:188} INFO - [2026-07-31T11:21:44.964+0000] {dag.py:3089} INFO - Sync 1 DAGs
[2026-07-31T11:21:45.022+0000] {logging_mixin.py:188} INFO - [2026-07-31T11:21:45.018+0000] {dag.py:3947} INFO - Setting next_dagrun for example_sensor_decorator to None, run_after=None
[2026-07-31T11:21:45.092+0000] {processor.py:183} INFO - Processing /home/airflow/.local/lib/python3.12/site-packages/airflow/example_dags/example_sensor_decorator.py took 0.293 seconds
[2026-07-31T11:22:15.575+0000] {processor.py:161} INFO - Started process (PID=2814) to work on /home/airflow/.local/lib/python3.12/site-packages/airflow/example_dags/example_sensor_decorator.py
[2026-07-31T11:22:15.579+0000] {processor.py:830} INFO - Processing file /home/airflow/.local/lib/python3.12/site-packages/airflow/example_dags/example_sensor_decorator.py for tasks to queue
[2026-07-31T11:22:15.584+0000] {logging_mixin.py:188} INFO - [2026-07-31T11:22:15.583+0000] {dagbag.py:545} INFO - Filling up the DagBag from /home/airflow/.local/lib/python3.12/site-packages/airflow/example_dags/example_sensor_decorator.py
[2026-07-31T11:22:15.611+0000] {processor.py:840} INFO - DAG(s) 'example_sensor_decorator' retrieved from /home/airflow/.local/lib/python3.12/site-packages/airflow/example_dags/example_sensor_decorator.py
[2026-07-31T11:22:15.722+0000] {logging_mixin.py:188} INFO - [2026-07-31T11:22:15.721+0000] {dag.py:3089} INFO - Sync 1 DAGs
[2026-07-31T11:22:15.808+0000] {logging_mixin.py:188} INFO - [2026-07-31T11:22:15.807+0000] {dag.py:3947} INFO - Setting next_dagrun for example_sensor_decorator to None, run_after=None
[2026-07-31T11:22:15.868+0000] {processor.py:183} INFO - Processing /home/airflow/.local/lib/python3.12/site-packages/airflow/example_dags/example_sensor_decorator.py took 0.317 seconds
[2026-07-31T11:22:48.024+0000] {processor.py:161} INFO - Started process (PID=2866) to work on /home/airflow/.local/lib/python3.12/site-packages/airflow/example_dags/example_sensor_decorator.py
[2026-07-31T11:22:48.030+0000] {processor.py:830} INFO - Processing file /home/airflow/.local/lib/python3.12/site-packages/airflow/example_dags/example_sensor_decorator.py for tasks to queue
[2026-07-31T11:22:48.046+0000] {logging_mixin.py:188} INFO - [2026-07-31T11:22:48.044+0000] {dagbag.py:545} INFO - Filling up the DagBag from /home/airflow/.local/lib/python3.12/site-packages/airflow/example_dags/example_sensor_decorator.py
[2026-07-31T11:22:48.072+0000] {processor.py:840} INFO - DAG(s) 'example_sensor_decorator' retrieved from /home/airflow/.local/lib/python3.12/site-packages/airflow/example_dags/example_sensor_decorator.py
[2026-07-31T11:22:48.293+0000] {logging_mixin.py:188} INFO - [2026-07-31T11:22:48.292+0000] {dag.py:3089} INFO - Sync 1 DAGs
[2026-07-31T11:22:48.443+0000] {logging_mixin.py:188} INFO - [2026-07-31T11:22:48.442+0000] {dag.py:3947} INFO - Setting next_dagrun for example_sensor_decorator to None, run_after=None
[2026-07-31T11:22:48.725+0000] {processor.py:183} INFO - Processing /home/airflow/.local/lib/python3.12/site-packages/airflow/example_dags/example_sensor_decorator.py took 0.752 seconds
[2026-07-31T11:24:20.060+0000] {processor.py:161} INFO - Started process (PID=2917) to work on /home/airflow/.local/lib/python3.12/site-packages/airflow/example_dags/example_sensor_decorator.py
[2026-07-31T11:24:20.079+0000] {processor.py:830} INFO - Processing file /home/airflow/.local/lib/python3.12/site-packages/airflow/example_dags/example_sensor_decorator.py for tasks to queue
[2026-07-31T11:24:20.103+0000] {logging_mixin.py:188} INFO - [2026-07-31T11:24:20.102+0000] {dagbag.py:545} INFO - Filling up the DagBag from /home/airflow/.local/lib/python3.12/site-packages/airflow/example_dags/example_sensor_decorator.py
[2026-07-31T11:24:20.672+0000] {processor.py:840} INFO - DAG(s) 'example_sensor_decorator' retrieved from /home/airflow/.local/lib/python3.12/site-packages/airflow/example_dags/example_sensor_decorator.py
[2026-07-31T11:24:23.710+0000] {logging_mixin.py:188} INFO - [2026-07-31T11:24:23.700+0000] {dag.py:3089} INFO - Sync 1 DAGs
[2026-07-31T11:24:24.032+0000] {logging_mixin.py:188} INFO - [2026-07-31T11:24:24.031+0000] {dag.py:3947} INFO - Setting next_dagrun for example_sensor_decorator to None, run_after=None
[2026-07-31T11:24:24.211+0000] {processor.py:183} INFO - Processing /home/airflow/.local/lib/python3.12/site-packages/airflow/example_dags/example_sensor_decorator.py took 4.253 seconds
[2026-07-31T11:25:10.797+0000] {processor.py:161} INFO - Started process (PID=2965) to work on /home/airflow/.local/lib/python3.12/site-packages/airflow/example_dags/example_sensor_decorator.py
[2026-07-31T11:25:10.800+0000] {processor.py:830} INFO - Processing file /home/airflow/.local/lib/python3.12/site-packages/airflow/example_dags/example_sensor_decorator.py for tasks to queue
[2026-07-31T11:25:10.814+0000] {logging_mixin.py:188} INFO - [2026-07-31T11:25:10.813+0000] {dagbag.py:545} INFO - Filling up the DagBag from /home/airflow/.local/lib/python3.12/site-packages/airflow/example_dags/example_sensor_decorator.py
[2026-07-31T11:25:10.882+0000] {processor.py:840} INFO - DAG(s) 'example_sensor_decorator' retrieved from /home/airflow/.local/lib/python3.12/site-packages/airflow/example_dags/example_sensor_decorator.py
[2026-07-31T11:25:11.075+0000] {logging_mixin.py:188} INFO - [2026-07-31T11:25:11.074+0000] {dag.py:3089} INFO - Sync 1 DAGs
[2026-07-31T11:25:11.176+0000] {logging_mixin.py:188} INFO - [2026-07-31T11:25:11.175+0000] {dag.py:3947} INFO - Setting next_dagrun for example_sensor_decorator to None, run_after=None
[2026-07-31T11:25:11.417+0000] {processor.py:183} INFO - Processing /home/airflow/.local/lib/python3.12/site-packages/airflow/example_dags/example_sensor_decorator.py took 0.667 seconds
[2026-07-31T11:25:55.945+0000] {processor.py:161} INFO - Started process (PID=3015) to work on /home/airflow/.local/lib/python3.12/site-packages/airflow/example_dags/example_sensor_decorator.py
[2026-07-31T11:25:55.960+0000] {processor.py:830} INFO - Processing file /home/airflow/.local/lib/python3.12/site-packages/airflow/example_dags/example_sensor_decorator.py for tasks to queue
[2026-07-31T11:25:55.980+0000] {logging_mixin.py:188} INFO - [2026-07-31T11:25:55.979+0000] {dagbag.py:545} INFO - Filling up the DagBag from /home/airflow/.local/lib/python3.12/site-packages/airflow/example_dags/example_sensor_decorator.py
[2026-07-31T11:25:56.031+0000] {processor.py:840} INFO - DAG(s) 'example_sensor_decorator' retrieved from /home/airflow/.local/lib/python3.12/site-packages/airflow/example_dags/example_sensor_decorator.py
[2026-07-31T11:25:56.229+0000] {logging_mixin.py:188} INFO - [2026-07-31T11:25:56.227+0000] {dag.py:3089} INFO - Sync 1 DAGs
[2026-07-31T11:25:56.343+0000] {logging_mixin.py:188} INFO - [2026-07-31T11:25:56.342+0000] {dag.py:3947} INFO - Setting next_dagrun for example_sensor_decorator to None, run_after=None
[2026-07-31T11:25:56.519+0000] {processor.py:183} INFO - Processing /home/airflow/.local/lib/python3.12/site-packages/airflow/example_dags/example_sensor_decorator.py took 0.653 seconds
[2026-07-31T11:26:54.354+0000] {processor.py:161} INFO - Started process (PID=3065) to work on /home/airflow/.local/lib/python3.12/site-packages/airflow/example_dags/example_sensor_decorator.py
[2026-07-31T11:26:54.384+0000] {processor.py:830} INFO - Processing file /home/airflow/.local/lib/python3.12/site-packages/airflow/example_dags/example_sensor_decorator.py for tasks to queue
[2026-07-31T11:26:54.433+0000] {logging_mixin.py:188} INFO - [2026-07-31T11:26:54.432+0000] {dagbag.py:545} INFO - Filling up the DagBag from /home/airflow/.local/lib/python3.12/site-packages/airflow/example_dags/example_sensor_decorator.py
[2026-07-31T11:26:54.537+0000] {processor.py:840} INFO - DAG(s) 'example_sensor_decorator' retrieved from /home/airflow/.local/lib/python3.12/site-packages/airflow/example_dags/example_sensor_decorator.py
[2026-07-31T11:26:54.763+0000] {logging_mixin.py:188} INFO - [2026-07-31T11:26:54.762+0000] {dag.py:3089} INFO - Sync 1 DAGs
[2026-07-31T11:26:54.921+0000] {logging_mixin.py:188} INFO - [2026-07-31T11:26:54.919+0000] {dag.py:3947} INFO - Setting next_dagrun for example_sensor_decorator to None, run_after=None
[2026-07-31T11:26:55.190+0000] {processor.py:183} INFO - Processing /home/airflow/.local/lib/python3.12/site-packages/airflow/example_dags/example_sensor_decorator.py took 0.887 seconds
[2026-07-31T11:27:25.486+0000] {processor.py:161} INFO - Started process (PID=3122) to work on /home/airflow/.local/lib/python3.12/site-packages/airflow/example_dags/example_sensor_decorator.py
[2026-07-31T11:27:25.490+0000] {processor.py:830} INFO - Processing file /home/airflow/.local/lib/python3.12/site-packages/airflow/example_dags/example_sensor_decorator.py for tasks to queue
[2026-07-31T11:27:25.498+0000] {logging_mixin.py:188} INFO - [2026-07-31T11:27:25.497+0000] {dagbag.py:545} INFO - Filling up the DagBag from /home/airflow/.local/lib/python3.12/site-packages/airflow/example_dags/example_sensor_decorator.py
[2026-07-31T11:27:25.526+0000] {processor.py:840} INFO - DAG(s) 'example_sensor_decorator' retrieved from /home/airflow/.local/lib/python3.12/site-packages/airflow/example_dags/example_sensor_decorator.py
[2026-07-31T11:27:25.612+0000] {logging_mixin.py:188} INFO - [2026-07-31T11:27:25.611+0000] {dag.py:3089} INFO - Sync 1 DAGs
[2026-07-31T11:27:25.656+0000] {logging_mixin.py:188} INFO - [2026-07-31T11:27:25.656+0000] {dag.py:3947} INFO - Setting next_dagrun for example_sensor_decorator to None, run_after=None
[2026-07-31T11:27:25.715+0000] {processor.py:183} INFO - Processing /home/airflow/.local/lib/python3.12/site-packages/airflow/example_dags/example_sensor_decorator.py took 0.251 seconds
[2026-07-31T11:27:56.009+0000] {processor.py:161} INFO - Started process (PID=3181) to work on /home/airflow/.local/lib/python3.12/site-packages/airflow/example_dags/example_sensor_decorator.py
[2026-07-31T11:27:56.012+0000] {processor.py:830} INFO - Processing file /home/airflow/.local/lib/python3.12/site-packages/airflow/example_dags/example_sensor_decorator.py for tasks to queue
[2026-07-31T11:27:56.017+0000] {logging_mixin.py:188} INFO - [2026-07-31T11:27:56.016+0000] {dagbag.py:545} INFO - Filling up the DagBag from /home/airflow/.local/lib/python3.12/site-packages/airflow/example_dags/example_sensor_decorator.py
[2026-07-31T11:27:56.034+0000] {processor.py:840} INFO - DAG(s) 'example_sensor_decorator' retrieved from /home/airflow/.local/lib/python3.12/site-packages/airflow/example_dags/example_sensor_decorator.py
[2026-07-31T11:27:56.086+0000] {logging_mixin.py:188} INFO - [2026-07-31T11:27:56.086+0000] {dag.py:3089} INFO - Sync 1 DAGs
[2026-07-31T11:27:56.118+0000] {logging_mixin.py:188} INFO - [2026-07-31T11:27:56.117+0000] {dag.py:3947} INFO - Setting next_dagrun for example_sensor_decorator to None, run_after=None
[2026-07-31T11:27:56.164+0000] {processor.py:183} INFO - Processing /home/airflow/.local/lib/python3.12/site-packages/airflow/example_dags/example_sensor_decorator.py took 0.171 seconds
[2026-07-31T11:28:26.716+0000] {processor.py:161} INFO - Started process (PID=3239) to work on /home/airflow/.local/lib/python3.12/site-packages/airflow/example_dags/example_sensor_decorator.py
[2026-07-31T11:28:26.718+0000] {processor.py:830} INFO - Processing file /home/airflow/.local/lib/python3.12/site-packages/airflow/example_dags/example_sensor_decorator.py for tasks to queue
[2026-07-31T11:28:26.723+0000] {logging_mixin.py:188} INFO - [2026-07-31T11:28:26.722+0000] {dagbag.py:545} INFO - Filling up the DagBag from /home/airflow/.local/lib/python3.12/site-packages/airflow/example_dags/example_sensor_decorator.py
[2026-07-31T11:28:26.738+0000] {processor.py:840} INFO - DAG(s) 'example_sensor_decorator' retrieved from /home/airflow/.local/lib/python3.12/site-packages/airflow/example_dags/example_sensor_decorator.py
[2026-07-31T11:28:26.791+0000] {logging_mixin.py:188} INFO - [2026-07-31T11:28:26.790+0000] {dag.py:3089} INFO - Sync 1 DAGs
[2026-07-31T11:28:26.827+0000] {logging_mixin.py:188} INFO - [2026-07-31T11:28:26.826+0000] {dag.py:3947} INFO - Setting next_dagrun for example_sensor_decorator to None, run_after=None
[2026-07-31T11:28:26.881+0000] {processor.py:183} INFO - Processing /home/airflow/.local/lib/python3.12/site-packages/airflow/example_dags/example_sensor_decorator.py took 0.182 seconds
[2026-07-31T11:28:57.465+0000] {processor.py:161} INFO - Started process (PID=3297) to work on /home/airflow/.local/lib/python3.12/site-packages/airflow/example_dags/example_sensor_decorator.py
[2026-07-31T11:28:57.468+0000] {processor.py:830} INFO - Processing file /home/airflow/.local/lib/python3.12/site-packages/airflow/example_dags/example_sensor_decorator.py for tasks to queue
[2026-07-31T11:28:57.477+0000] {logging_mixin.py:188} INFO - [2026-07-31T11:28:57.475+0000] {dagbag.py:545} INFO - Filling up the DagBag from /home/airflow/.local/lib/python3.12/site-packages/airflow/example_dags/example_sensor_decorator.py
[2026-07-31T11:28:57.502+0000] {processor.py:840} INFO - DAG(s) 'example_sensor_decorator' retrieved from /home/airflow/.local/lib/python3.12/site-packages/airflow/example_dags/example_sensor_decorator.py
[2026-07-31T11:28:57.556+0000] {logging_mixin.py:188} INFO - [2026-07-31T11:28:57.555+0000] {dag.py:3089} INFO - Sync 1 DAGs
[2026-07-31T11:28:57.603+0000] {logging_mixin.py:188} INFO - [2026-07-31T11:28:57.602+0000] {dag.py:3947} INFO - Setting next_dagrun for example_sensor_decorator to None, run_after=None
[2026-07-31T11:28:57.665+0000] {processor.py:183} INFO - Processing /home/airflow/.local/lib/python3.12/site-packages/airflow/example_dags/example_sensor_decorator.py took 0.225 seconds
[2026-07-31T11:29:42.105+0000] {processor.py:161} INFO - Started process (PID=3360) to work on /home/airflow/.local/lib/python3.12/site-packages/airflow/example_dags/example_sensor_decorator.py
[2026-07-31T11:29:42.120+0000] {processor.py:830} INFO - Processing file /home/airflow/.local/lib/python3.12/site-packages/airflow/example_dags/example_sensor_decorator.py for tasks to queue
[2026-07-31T11:29:42.130+0000] {logging_mixin.py:188} INFO - [2026-07-31T11:29:42.129+0000] {dagbag.py:545} INFO - Filling up the DagBag from /home/airflow/.local/lib/python3.12/site-packages/airflow/example_dags/example_sensor_decorator.py
[2026-07-31T11:29:42.189+0000] {processor.py:840} INFO - DAG(s) 'example_sensor_decorator' retrieved from /home/airflow/.local/lib/python3.12/site-packages/airflow/example_dags/example_sensor_decorator.py
[2026-07-31T11:29:42.556+0000] {logging_mixin.py:188} INFO - [2026-07-31T11:29:42.555+0000] {dag.py:3089} INFO - Sync 1 DAGs
[2026-07-31T11:29:42.756+0000] {logging_mixin.py:188} INFO - [2026-07-31T11:29:42.756+0000] {dag.py:3947} INFO - Setting next_dagrun for example_sensor_decorator to None, run_after=None
[2026-07-31T11:29:43.306+0000] {processor.py:183} INFO - Processing /home/airflow/.local/lib/python3.12/site-packages/airflow/example_dags/example_sensor_decorator.py took 1.277 seconds
[2026-07-31T11:30:29.807+0000] {processor.py:161} INFO - Started process (PID=3415) to work on /home/airflow/.local/lib/python3.12/site-packages/airflow/example_dags/example_sensor_decorator.py
[2026-07-31T11:30:29.812+0000] {processor.py:830} INFO - Processing file /home/airflow/.local/lib/python3.12/site-packages/airflow/example_dags/example_sensor_decorator.py for tasks to queue
[2026-07-31T11:30:29.830+0000] {logging_mixin.py:188} INFO - [2026-07-31T11:30:29.827+0000] {dagbag.py:545} INFO - Filling up the DagBag from /home/airflow/.local/lib/python3.12/site-packages/airflow/example_dags/example_sensor_decorator.py
[2026-07-31T11:30:29.864+0000] {processor.py:840} INFO - DAG(s) 'example_sensor_decorator' retrieved from /home/airflow/.local/lib/python3.12/site-packages/airflow/example_dags/example_sensor_decorator.py
[2026-07-31T11:30:29.977+0000] {logging_mixin.py:188} INFO - [2026-07-31T11:30:29.976+0000] {dag.py:3089} INFO - Sync 1 DAGs
[2026-07-31T11:30:30.088+0000] {logging_mixin.py:188} INFO - [2026-07-31T11:30:30.087+0000] {dag.py:3947} INFO - Setting next_dagrun for example_sensor_decorator to None, run_after=None
[2026-07-31T11:30:30.252+0000] {processor.py:183} INFO - Processing /home/airflow/.local/lib/python3.12/site-packages/airflow/example_dags/example_sensor_decorator.py took 0.481 seconds
[2026-07-31T11:31:01.041+0000] {processor.py:161} INFO - Started process (PID=3473) to work on /home/airflow/.local/lib/python3.12/site-packages/airflow/example_dags/example_sensor_decorator.py
[2026-07-31T11:31:01.044+0000] {processor.py:830} INFO - Processing file /home/airflow/.local/lib/python3.12/site-packages/airflow/example_dags/example_sensor_decorator.py for tasks to queue
[2026-07-31T11:31:01.049+0000] {logging_mixin.py:188} INFO - [2026-07-31T11:31:01.048+0000] {dagbag.py:545} INFO - Filling up the DagBag from /home/airflow/.local/lib/python3.12/site-packages/airflow/example_dags/example_sensor_decorator.py
[2026-07-31T11:31:01.066+0000] {processor.py:840} INFO - DAG(s) 'example_sensor_decorator' retrieved from /home/airflow/.local/lib/python3.12/site-packages/airflow/example_dags/example_sensor_decorator.py
[2026-07-31T11:31:01.118+0000] {logging_mixin.py:188} INFO - [2026-07-31T11:31:01.117+0000] {dag.py:3089} INFO - Sync 1 DAGs
[2026-07-31T11:31:01.152+0000] {logging_mixin.py:188} INFO - [2026-07-31T11:31:01.151+0000] {dag.py:3947} INFO - Setting next_dagrun for example_sensor_decorator to None, run_after=None
[2026-07-31T11:31:01.217+0000] {processor.py:183} INFO - Processing /home/airflow/.local/lib/python3.12/site-packages/airflow/example_dags/example_sensor_decorator.py took 0.191 seconds
[2026-07-31T11:31:31.637+0000] {processor.py:161} INFO - Started process (PID=3531) to work on /home/airflow/.local/lib/python3.12/site-packages/airflow/example_dags/example_sensor_decorator.py
[2026-07-31T11:31:31.641+0000] {processor.py:830} INFO - Processing file /home/airflow/.local/lib/python3.12/site-packages/airflow/example_dags/example_sensor_decorator.py for tasks to queue
[2026-07-31T11:31:31.648+0000] {logging_mixin.py:188} INFO - [2026-07-31T11:31:31.647+0000] {dagbag.py:545} INFO - Filling up the DagBag from /home/airflow/.local/lib/python3.12/site-packages/airflow/example_dags/example_sensor_decorator.py
[2026-07-31T11:31:31.667+0000] {processor.py:840} INFO - DAG(s) 'example_sensor_decorator' retrieved from /home/airflow/.local/lib/python3.12/site-packages/airflow/example_dags/example_sensor_decorator.py
[2026-07-31T11:31:31.740+0000] {logging_mixin.py:188} INFO - [2026-07-31T11:31:31.740+0000] {dag.py:3089} INFO - Sync 1 DAGs
[2026-07-31T11:31:31.814+0000] {logging_mixin.py:188} INFO - [2026-07-31T11:31:31.813+0000] {dag.py:3947} INFO - Setting next_dagrun for example_sensor_decorator to None, run_after=None
[2026-07-31T11:31:31.887+0000] {processor.py:183} INFO - Processing /home/airflow/.local/lib/python3.12/site-packages/airflow/example_dags/example_sensor_decorator.py took 0.270 seconds
[2026-07-31T11:32:02.486+0000] {processor.py:161} INFO - Started process (PID=3589) to work on /home/airflow/.local/lib/python3.12/site-packages/airflow/example_dags/example_sensor_decorator.py
[2026-07-31T11:32:02.490+0000] {processor.py:830} INFO - Processing file /home/airflow/.local/lib/python3.12/site-packages/airflow/example_dags/example_sensor_decorator.py for tasks to queue
[2026-07-31T11:32:02.500+0000] {logging_mixin.py:188} INFO - [2026-07-31T11:32:02.498+0000] {dagbag.py:545} INFO - Filling up the DagBag from /home/airflow/.local/lib/python3.12/site-packages/airflow/example_dags/example_sensor_decorator.py
[2026-07-31T11:32:02.524+0000] {processor.py:840} INFO - DAG(s) 'example_sensor_decorator' retrieved from /home/airflow/.local/lib/python3.12/site-packages/airflow/example_dags/example_sensor_decorator.py
[2026-07-31T11:32:02.602+0000] {logging_mixin.py:188} INFO - [2026-07-31T11:32:02.602+0000] {dag.py:3089} INFO - Sync 1 DAGs
[2026-07-31T11:32:02.651+0000] {logging_mixin.py:188} INFO - [2026-07-31T11:32:02.651+0000] {dag.py:3947} INFO - Setting next_dagrun for example_sensor_decorator to None, run_after=None
[2026-07-31T11:32:02.710+0000] {processor.py:183} INFO - Processing /home/airflow/.local/lib/python3.12/site-packages/airflow/example_dags/example_sensor_decorator.py took 0.245 seconds
[2026-07-31T11:32:33.821+0000] {processor.py:161} INFO - Started process (PID=3646) to work on /home/airflow/.local/lib/python3.12/site-packages/airflow/example_dags/example_sensor_decorator.py
[2026-07-31T11:32:33.825+0000] {processor.py:830} INFO - Processing file /home/airflow/.local/lib/python3.12/site-packages/airflow/example_dags/example_sensor_decorator.py for tasks to queue
[2026-07-31T11:32:33.836+0000] {logging_mixin.py:188} INFO - [2026-07-31T11:32:33.835+0000] {dagbag.py:545} INFO - Filling up the DagBag from /home/airflow/.local/lib/python3.12/site-packages/airflow/example_dags/example_sensor_decorator.py
[2026-07-31T11:32:33.876+0000] {processor.py:840} INFO - DAG(s) 'example_sensor_decorator' retrieved from /home/airflow/.local/lib/python3.12/site-packages/airflow/example_dags/example_sensor_decorator.py
[2026-07-31T11:32:34.001+0000] {logging_mixin.py:188} INFO - [2026-07-31T11:32:33.999+0000] {dag.py:3089} INFO - Sync 1 DAGs
[2026-07-31T11:32:34.088+0000] {logging_mixin.py:188} INFO - [2026-07-31T11:32:34.087+0000] {dag.py:3947} INFO - Setting next_dagrun for example_sensor_decorator to None, run_after=None
[2026-07-31T11:32:34.241+0000] {processor.py:183} INFO - Processing /home/airflow/.local/lib/python3.12/site-packages/airflow/example_dags/example_sensor_decorator.py took 0.440 seconds
[2026-07-31T11:33:18.915+0000] {processor.py:161} INFO - Started process (PID=3704) to work on /home/airflow/.local/lib/python3.12/site-packages/airflow/example_dags/example_sensor_decorator.py
[2026-07-31T11:33:18.943+0000] {processor.py:830} INFO - Processing file /home/airflow/.local/lib/python3.12/site-packages/airflow/example_dags/example_sensor_decorator.py for tasks to queue
[2026-07-31T11:33:18.969+0000] {logging_mixin.py:188} INFO - [2026-07-31T11:33:18.967+0000] {dagbag.py:545} INFO - Filling up the DagBag from /home/airflow/.local/lib/python3.12/site-packages/airflow/example_dags/example_sensor_decorator.py
[2026-07-31T11:33:19.038+0000] {processor.py:840} INFO - DAG(s) 'example_sensor_decorator' retrieved from /home/airflow/.local/lib/python3.12/site-packages/airflow/example_dags/example_sensor_decorator.py
[2026-07-31T11:33:19.245+0000] {logging_mixin.py:188} INFO - [2026-07-31T11:33:19.244+0000] {dag.py:3089} INFO - Sync 1 DAGs
[2026-07-31T11:33:19.408+0000] {logging_mixin.py:188} INFO - [2026-07-31T11:33:19.407+0000] {dag.py:3947} INFO - Setting next_dagrun for example_sensor_decorator to None, run_after=None
[2026-07-31T11:33:19.642+0000] {processor.py:183} INFO - Processing /home/airflow/.local/lib/python3.12/site-packages/airflow/example_dags/example_sensor_decorator.py took 0.797 seconds
[2026-07-31T11:34:33.659+0000] {processor.py:161} INFO - Started process (PID=3754) to work on /home/airflow/.local/lib/python3.12/site-packages/airflow/example_dags/example_sensor_decorator.py
[2026-07-31T11:34:33.666+0000] {processor.py:830} INFO - Processing file /home/airflow/.local/lib/python3.12/site-packages/airflow/example_dags/example_sensor_decorator.py for tasks to queue
[2026-07-31T11:34:33.672+0000] {logging_mixin.py:188} INFO - [2026-07-31T11:34:33.671+0000] {dagbag.py:545} INFO - Filling up the DagBag from /home/airflow/.local/lib/python3.12/site-packages/airflow/example_dags/example_sensor_decorator.py
[2026-07-31T11:34:33.705+0000] {processor.py:840} INFO - DAG(s) 'example_sensor_decorator' retrieved from /home/airflow/.local/lib/python3.12/site-packages/airflow/example_dags/example_sensor_decorator.py
[2026-07-31T11:34:33.778+0000] {logging_mixin.py:188} INFO - [2026-07-31T11:34:33.777+0000] {dag.py:3089} INFO - Sync 1 DAGs
[2026-07-31T11:34:33.828+0000] {logging_mixin.py:188} INFO - [2026-07-31T11:34:33.828+0000] {dag.py:3947} INFO - Setting next_dagrun for example_sensor_decorator to None, run_after=None
[2026-07-31T11:34:33.903+0000] {processor.py:183} INFO - Processing /home/airflow/.local/lib/python3.12/site-packages/airflow/example_dags/example_sensor_decorator.py took 0.269 seconds
[2026-07-31T11:35:04.702+0000] {processor.py:161} INFO - Started process (PID=3813) to work on /home/airflow/.local/lib/python3.12/site-packages/airflow/example_dags/example_sensor_decorator.py
[2026-07-31T11:35:04.705+0000] {processor.py:830} INFO - Processing file /home/airflow/.local/lib/python3.12/site-packages/airflow/example_dags/example_sensor_decorator.py for tasks to queue
[2026-07-31T11:35:04.714+0000] {logging_mixin.py:188} INFO - [2026-07-31T11:35:04.713+0000] {dagbag.py:545} INFO - Filling up the DagBag from /home/airflow/.local/lib/python3.12/site-packages/airflow/example_dags/example_sensor_decorator.py
[2026-07-31T11:35:04.739+0000] {processor.py:840} INFO - DAG(s) 'example_sensor_decorator' retrieved from /home/airflow/.local/lib/python3.12/site-packages/airflow/example_dags/example_sensor_decorator.py
[2026-07-31T11:35:04.790+0000] {logging_mixin.py:188} INFO - [2026-07-31T11:35:04.789+0000] {dag.py:3089} INFO - Sync 1 DAGs
[2026-07-31T11:35:04.823+0000] {logging_mixin.py:188} INFO - [2026-07-31T11:35:04.823+0000] {dag.py:3947} INFO - Setting next_dagrun for example_sensor_decorator to None, run_after=None
[2026-07-31T11:35:04.885+0000] {processor.py:183} INFO - Processing /home/airflow/.local/lib/python3.12/site-packages/airflow/example_dags/example_sensor_decorator.py took 0.199 seconds
[2026-07-31T11:35:35.603+0000] {processor.py:161} INFO - Started process (PID=3869) to work on /home/airflow/.local/lib/python3.12/site-packages/airflow/example_dags/example_sensor_decorator.py
[2026-07-31T11:35:35.605+0000] {processor.py:830} INFO - Processing file /home/airflow/.local/lib/python3.12/site-packages/airflow/example_dags/example_sensor_decorator.py for tasks to queue
[2026-07-31T11:35:35.611+0000] {logging_mixin.py:188} INFO - [2026-07-31T11:35:35.610+0000] {dagbag.py:545} INFO - Filling up the DagBag from /home/airflow/.local/lib/python3.12/site-packages/airflow/example_dags/example_sensor_decorator.py
[2026-07-31T11:35:35.636+0000] {processor.py:840} INFO - DAG(s) 'example_sensor_decorator' retrieved from /home/airflow/.local/lib/python3.12/site-packages/airflow/example_dags/example_sensor_decorator.py
[2026-07-31T11:35:35.729+0000] {logging_mixin.py:188} INFO - [2026-07-31T11:35:35.726+0000] {dag.py:3089} INFO - Sync 1 DAGs
[2026-07-31T11:35:35.801+0000] {logging_mixin.py:188} INFO - [2026-07-31T11:35:35.800+0000] {dag.py:3947} INFO - Setting next_dagrun for example_sensor_decorator to None, run_after=None
[2026-07-31T11:35:35.879+0000] {processor.py:183} INFO - Processing /home/airflow/.local/lib/python3.12/site-packages/airflow/example_dags/example_sensor_decorator.py took 0.298 seconds
[2026-07-31T11:36:06.117+0000] {processor.py:161} INFO - Started process (PID=3928) to work on /home/airflow/.local/lib/python3.12/site-packages/airflow/example_dags/example_sensor_decorator.py
[2026-07-31T11:36:06.123+0000] {processor.py:830} INFO - Processing file /home/airflow/.local/lib/python3.12/site-packages/airflow/example_dags/example_sensor_decorator.py for tasks to queue
[2026-07-31T11:36:06.138+0000] {logging_mixin.py:188} INFO - [2026-07-31T11:36:06.137+0000] {dagbag.py:545} INFO - Filling up the DagBag from /home/airflow/.local/lib/python3.12/site-packages/airflow/example_dags/example_sensor_decorator.py
[2026-07-31T11:36:06.156+0000] {processor.py:840} INFO - DAG(s) 'example_sensor_decorator' retrieved from /home/airflow/.local/lib/python3.12/site-packages/airflow/example_dags/example_sensor_decorator.py
[2026-07-31T11:36:06.206+0000] {logging_mixin.py:188} INFO - [2026-07-31T11:36:06.205+0000] {dag.py:3089} INFO - Sync 1 DAGs
[2026-07-31T11:36:06.246+0000] {logging_mixin.py:188} INFO - [2026-07-31T11:36:06.245+0000] {dag.py:3947} INFO - Setting next_dagrun for example_sensor_decorator to None, run_after=None
[2026-07-31T11:36:06.322+0000] {processor.py:183} INFO - Processing /home/airflow/.local/lib/python3.12/site-packages/airflow/example_dags/example_sensor_decorator.py took 0.254 seconds
[2026-07-31T11:36:37.411+0000] {processor.py:161} INFO - Started process (PID=3986) to work on /home/airflow/.local/lib/python3.12/site-packages/airflow/example_dags/example_sensor_decorator.py
[2026-07-31T11:36:37.414+0000] {processor.py:830} INFO - Processing file /home/airflow/.local/lib/python3.12/site-packages/airflow/example_dags/example_sensor_decorator.py for tasks to queue
[2026-07-31T11:36:37.420+0000] {logging_mixin.py:188} INFO - [2026-07-31T11:36:37.419+0000] {dagbag.py:545} INFO - Filling up the DagBag from /home/airflow/.local/lib/python3.12/site-packages/airflow/example_dags/example_sensor_decorator.py
[2026-07-31T11:36:37.455+0000] {processor.py:840} INFO - DAG(s) 'example_sensor_decorator' retrieved from /home/airflow/.local/lib/python3.12/site-packages/airflow/example_dags/example_sensor_decorator.py
[2026-07-31T11:36:37.498+0000] {logging_mixin.py:188} INFO - [2026-07-31T11:36:37.498+0000] {dag.py:3089} INFO - Sync 1 DAGs
[2026-07-31T11:36:37.523+0000] {logging_mixin.py:188} INFO - [2026-07-31T11:36:37.523+0000] {dag.py:3947} INFO - Setting next_dagrun for example_sensor_decorator to None, run_after=None
[2026-07-31T11:36:37.587+0000] {processor.py:183} INFO - Processing /home/airflow/.local/lib/python3.12/site-packages/airflow/example_dags/example_sensor_decorator.py took 0.193 seconds
[2026-07-31T11:37:07.895+0000] {processor.py:161} INFO - Started process (PID=4045) to work on /home/airflow/.local/lib/python3.12/site-packages/airflow/example_dags/example_sensor_decorator.py
[2026-07-31T11:37:07.901+0000] {processor.py:830} INFO - Processing file /home/airflow/.local/lib/python3.12/site-packages/airflow/example_dags/example_sensor_decorator.py for tasks to queue
[2026-07-31T11:37:07.912+0000] {logging_mixin.py:188} INFO - [2026-07-31T11:37:07.911+0000] {dagbag.py:545} INFO - Filling up the DagBag from /home/airflow/.local/lib/python3.12/site-packages/airflow/example_dags/example_sensor_decorator.py
[2026-07-31T11:37:07.944+0000] {processor.py:840} INFO - DAG(s) 'example_sensor_decorator' retrieved from /home/airflow/.local/lib/python3.12/site-packages/airflow/example_dags/example_sensor_decorator.py
[2026-07-31T11:37:08.047+0000] {logging_mixin.py:188} INFO - [2026-07-31T11:37:08.046+0000] {dag.py:3089} INFO - Sync 1 DAGs
[2026-07-31T11:37:08.122+0000] {logging_mixin.py:188} INFO - [2026-07-31T11:37:08.116+0000] {dag.py:3947} INFO - Setting next_dagrun for example_sensor_decorator to None, run_after=None
[2026-07-31T11:37:08.198+0000] {processor.py:183} INFO - Processing /home/airflow/.local/lib/python3.12/site-packages/airflow/example_dags/example_sensor_decorator.py took 0.327 seconds
[2026-07-31T11:37:38.440+0000] {processor.py:161} INFO - Started process (PID=4103) to work on /home/airflow/.local/lib/python3.12/site-packages/airflow/example_dags/example_sensor_decorator.py
[2026-07-31T11:37:38.444+0000] {processor.py:830} INFO - Processing file /home/airflow/.local/lib/python3.12/site-packages/airflow/example_dags/example_sensor_decorator.py for tasks to queue
[2026-07-31T11:37:38.454+0000] {logging_mixin.py:188} INFO - [2026-07-31T11:37:38.449+0000] {dagbag.py:545} INFO - Filling up the DagBag from /home/airflow/.local/lib/python3.12/site-packages/airflow/example_dags/example_sensor_decorator.py
[2026-07-31T11:37:38.487+0000] {processor.py:840} INFO - DAG(s) 'example_sensor_decorator' retrieved from /home/airflow/.local/lib/python3.12/site-packages/airflow/example_dags/example_sensor_decorator.py
[2026-07-31T11:37:38.568+0000] {logging_mixin.py:188} INFO - [2026-07-31T11:37:38.567+0000] {dag.py:3089} INFO - Sync 1 DAGs
[2026-07-31T11:37:38.606+0000] {logging_mixin.py:188} INFO - [2026-07-31T11:37:38.606+0000] {dag.py:3947} INFO - Setting next_dagrun for example_sensor_decorator to None, run_after=None
[2026-07-31T11:37:38.650+0000] {processor.py:183} INFO - Processing /home/airflow/.local/lib/python3.12/site-packages/airflow/example_dags/example_sensor_decorator.py took 0.231 seconds
[2026-07-31T11:38:09.380+0000] {processor.py:161} INFO - Started process (PID=4161) to work on /home/airflow/.local/lib/python3.12/site-packages/airflow/example_dags/example_sensor_decorator.py
[2026-07-31T11:38:09.383+0000] {processor.py:830} INFO - Processing file /home/airflow/.local/lib/python3.12/site-packages/airflow/example_dags/example_sensor_decorator.py for tasks to queue
[2026-07-31T11:38:09.388+0000] {logging_mixin.py:188} INFO - [2026-07-31T11:38:09.387+0000] {dagbag.py:545} INFO - Filling up the DagBag from /home/airflow/.local/lib/python3.12/site-packages/airflow/example_dags/example_sensor_decorator.py
[2026-07-31T11:38:09.404+0000] {processor.py:840} INFO - DAG(s) 'example_sensor_decorator' retrieved from /home/airflow/.local/lib/python3.12/site-packages/airflow/example_dags/example_sensor_decorator.py
[2026-07-31T11:38:09.458+0000] {logging_mixin.py:188} INFO - [2026-07-31T11:38:09.457+0000] {dag.py:3089} INFO - Sync 1 DAGs
[2026-07-31T11:38:09.491+0000] {logging_mixin.py:188} INFO - [2026-07-31T11:38:09.491+0000] {dag.py:3947} INFO - Setting next_dagrun for example_sensor_decorator to None, run_after=None
[2026-07-31T11:38:09.536+0000] {processor.py:183} INFO - Processing /home/airflow/.local/lib/python3.12/site-packages/airflow/example_dags/example_sensor_decorator.py took 0.175 seconds
[2026-07-31T11:38:39.991+0000] {processor.py:161} INFO - Started process (PID=4219) to work on /home/airflow/.local/lib/python3.12/site-packages/airflow/example_dags/example_sensor_decorator.py
[2026-07-31T11:38:39.994+0000] {processor.py:830} INFO - Processing file /home/airflow/.local/lib/python3.12/site-packages/airflow/example_dags/example_sensor_decorator.py for tasks to queue
[2026-07-31T11:38:39.998+0000] {logging_mixin.py:188} INFO - [2026-07-31T11:38:39.997+0000] {dagbag.py:545} INFO - Filling up the DagBag from /home/airflow/.local/lib/python3.12/site-packages/airflow/example_dags/example_sensor_decorator.py
[2026-07-31T11:38:40.013+0000] {processor.py:840} INFO - DAG(s) 'example_sensor_decorator' retrieved from /home/airflow/.local/lib/python3.12/site-packages/airflow/example_dags/example_sensor_decorator.py
[2026-07-31T11:38:40.052+0000] {logging_mixin.py:188} INFO - [2026-07-31T11:38:40.050+0000] {dag.py:3089} INFO - Sync 1 DAGs
[2026-07-31T11:38:40.082+0000] {logging_mixin.py:188} INFO - [2026-07-31T11:38:40.081+0000] {dag.py:3947} INFO - Setting next_dagrun for example_sensor_decorator to None, run_after=None
[2026-07-31T11:38:40.136+0000] {processor.py:183} INFO - Processing /home/airflow/.local/lib/python3.12/site-packages/airflow/example_dags/example_sensor_decorator.py took 0.155 seconds
[2026-07-31T11:39:10.443+0000] {processor.py:161} INFO - Started process (PID=4277) to work on /home/airflow/.local/lib/python3.12/site-packages/airflow/example_dags/example_sensor_decorator.py
[2026-07-31T11:39:10.449+0000] {processor.py:830} INFO - Processing file /home/airflow/.local/lib/python3.12/site-packages/airflow/example_dags/example_sensor_decorator.py for tasks to queue
[2026-07-31T11:39:10.470+0000] {logging_mixin.py:188} INFO - [2026-07-31T11:39:10.468+0000] {dagbag.py:545} INFO - Filling up the DagBag from /home/airflow/.local/lib/python3.12/site-packages/airflow/example_dags/example_sensor_decorator.py
[2026-07-31T11:39:10.523+0000] {processor.py:840} INFO - DAG(s) 'example_sensor_decorator' retrieved from /home/airflow/.local/lib/python3.12/site-packages/airflow/example_dags/example_sensor_decorator.py
[2026-07-31T11:39:10.686+0000] {logging_mixin.py:188} INFO - [2026-07-31T11:39:10.685+0000] {dag.py:3089} INFO - Sync 1 DAGs
[2026-07-31T11:39:10.785+0000] {logging_mixin.py:188} INFO - [2026-07-31T11:39:10.784+0000] {dag.py:3947} INFO - Setting next_dagrun for example_sensor_decorator to None, run_after=None
[2026-07-31T11:39:10.939+0000] {processor.py:183} INFO - Processing /home/airflow/.local/lib/python3.12/site-packages/airflow/example_dags/example_sensor_decorator.py took 0.549 seconds
[2026-07-31T11:39:41.853+0000] {processor.py:161} INFO - Started process (PID=4335) to work on /home/airflow/.local/lib/python3.12/site-packages/airflow/example_dags/example_sensor_decorator.py
[2026-07-31T11:39:41.855+0000] {processor.py:830} INFO - Processing file /home/airflow/.local/lib/python3.12/site-packages/airflow/example_dags/example_sensor_decorator.py for tasks to queue
[2026-07-31T11:39:41.857+0000] {logging_mixin.py:188} INFO - [2026-07-31T11:39:41.857+0000] {dagbag.py:545} INFO - Filling up the DagBag from /home/airflow/.local/lib/python3.12/site-packages/airflow/example_dags/example_sensor_decorator.py
[2026-07-31T11:39:41.866+0000] {processor.py:840} INFO - DAG(s) 'example_sensor_decorator' retrieved from /home/airflow/.local/lib/python3.12/site-packages/airflow/example_dags/example_sensor_decorator.py
[2026-07-31T11:39:41.889+0000] {logging_mixin.py:188} INFO - [2026-07-31T11:39:41.889+0000] {dag.py:3089} INFO - Sync 1 DAGs
[2026-07-31T11:39:41.906+0000] {logging_mixin.py:188} INFO - [2026-07-31T11:39:41.906+0000] {dag.py:3947} INFO - Setting next_dagrun for example_sensor_decorator to None, run_after=None
[2026-07-31T11:39:41.936+0000] {processor.py:183} INFO - Processing /home/airflow/.local/lib/python3.12/site-packages/airflow/example_dags/example_sensor_decorator.py took 0.090 seconds
[2026-07-31T11:40:12.570+0000] {processor.py:161} INFO - Started process (PID=4393) to work on /home/airflow/.local/lib/python3.12/site-packages/airflow/example_dags/example_sensor_decorator.py
[2026-07-31T11:40:12.572+0000] {processor.py:830} INFO - Processing file /home/airflow/.local/lib/python3.12/site-packages/airflow/example_dags/example_sensor_decorator.py for tasks to queue
[2026-07-31T11:40:12.575+0000] {logging_mixin.py:188} INFO - [2026-07-31T11:40:12.574+0000] {dagbag.py:545} INFO - Filling up the DagBag from /home/airflow/.local/lib/python3.12/site-packages/airflow/example_dags/example_sensor_decorator.py
[2026-07-31T11:40:12.584+0000] {processor.py:840} INFO - DAG(s) 'example_sensor_decorator' retrieved from /home/airflow/.local/lib/python3.12/site-packages/airflow/example_dags/example_sensor_decorator.py
[2026-07-31T11:40:12.610+0000] {logging_mixin.py:188} INFO - [2026-07-31T11:40:12.610+0000] {dag.py:3089} INFO - Sync 1 DAGs
[2026-07-31T11:40:12.627+0000] {logging_mixin.py:188} INFO - [2026-07-31T11:40:12.626+0000] {dag.py:3947} INFO - Setting next_dagrun for example_sensor_decorator to None, run_after=None
[2026-07-31T11:40:12.652+0000] {processor.py:183} INFO - Processing /home/airflow/.local/lib/python3.12/site-packages/airflow/example_dags/example_sensor_decorator.py took 0.092 seconds
[2026-07-31T11:40:43.415+0000] {processor.py:161} INFO - Started process (PID=4451) to work on /home/airflow/.local/lib/python3.12/site-packages/airflow/example_dags/example_sensor_decorator.py
[2026-07-31T11:40:43.422+0000] {processor.py:830} INFO - Processing file /home/airflow/.local/lib/python3.12/site-packages/airflow/example_dags/example_sensor_decorator.py for tasks to queue
[2026-07-31T11:40:43.429+0000] {logging_mixin.py:188} INFO - [2026-07-31T11:40:43.428+0000] {dagbag.py:545} INFO - Filling up the DagBag from /home/airflow/.local/lib/python3.12/site-packages/airflow/example_dags/example_sensor_decorator.py
[2026-07-31T11:40:43.453+0000] {processor.py:840} INFO - DAG(s) 'example_sensor_decorator' retrieved from /home/airflow/.local/lib/python3.12/site-packages/airflow/example_dags/example_sensor_decorator.py
[2026-07-31T11:40:43.518+0000] {logging_mixin.py:188} INFO - [2026-07-31T11:40:43.517+0000] {dag.py:3089} INFO - Sync 1 DAGs
[2026-07-31T11:40:43.554+0000] {logging_mixin.py:188} INFO - [2026-07-31T11:40:43.553+0000] {dag.py:3947} INFO - Setting next_dagrun for example_sensor_decorator to None, run_after=None
[2026-07-31T11:40:43.623+0000] {processor.py:183} INFO - Processing /home/airflow/.local/lib/python3.12/site-packages/airflow/example_dags/example_sensor_decorator.py took 0.234 seconds
[2026-07-31T11:41:14.094+0000] {processor.py:161} INFO - Started process (PID=4509) to work on /home/airflow/.local/lib/python3.12/site-packages/airflow/example_dags/example_sensor_decorator.py
[2026-07-31T11:41:14.099+0000] {processor.py:830} INFO - Processing file /home/airflow/.local/lib/python3.12/site-packages/airflow/example_dags/example_sensor_decorator.py for tasks to queue
[2026-07-31T11:41:14.104+0000] {logging_mixin.py:188} INFO - [2026-07-31T11:41:14.103+0000] {dagbag.py:545} INFO - Filling up the DagBag from /home/airflow/.local/lib/python3.12/site-packages/airflow/example_dags/example_sensor_decorator.py
[2026-07-31T11:41:14.122+0000] {processor.py:840} INFO - DAG(s) 'example_sensor_decorator' retrieved from /home/airflow/.local/lib/python3.12/site-packages/airflow/example_dags/example_sensor_decorator.py
[2026-07-31T11:41:14.181+0000] {logging_mixin.py:188} INFO - [2026-07-31T11:41:14.180+0000] {dag.py:3089} INFO - Sync 1 DAGs
[2026-07-31T11:41:14.216+0000] {logging_mixin.py:188} INFO - [2026-07-31T11:41:14.216+0000] {dag.py:3947} INFO - Setting next_dagrun for example_sensor_decorator to None, run_after=None
[2026-07-31T11:41:14.294+0000] {processor.py:183} INFO - Processing /home/airflow/.local/lib/python3.12/site-packages/airflow/example_dags/example_sensor_decorator.py took 0.218 seconds
[2026-07-31T11:41:44.669+0000] {processor.py:161} INFO - Started process (PID=4565) to work on /home/airflow/.local/lib/python3.12/site-packages/airflow/example_dags/example_sensor_decorator.py
[2026-07-31T11:41:44.671+0000] {processor.py:830} INFO - Processing file /home/airflow/.local/lib/python3.12/site-packages/airflow/example_dags/example_sensor_decorator.py for tasks to queue
[2026-07-31T11:41:44.674+0000] {logging_mixin.py:188} INFO - [2026-07-31T11:41:44.674+0000] {dagbag.py:545} INFO - Filling up the DagBag from /home/airflow/.local/lib/python3.12/site-packages/airflow/example_dags/example_sensor_decorator.py
[2026-07-31T11:41:44.705+0000] {processor.py:840} INFO - DAG(s) 'example_sensor_decorator' retrieved from /home/airflow/.local/lib/python3.12/site-packages/airflow/example_dags/example_sensor_decorator.py
[2026-07-31T11:41:44.793+0000] {logging_mixin.py:188} INFO - [2026-07-31T11:41:44.791+0000] {dag.py:3089} INFO - Sync 1 DAGs
[2026-07-31T11:41:44.865+0000] {logging_mixin.py:188} INFO - [2026-07-31T11:41:44.864+0000] {dag.py:3947} INFO - Setting next_dagrun for example_sensor_decorator to None, run_after=None
[2026-07-31T11:41:44.918+0000] {processor.py:183} INFO - Processing /home/airflow/.local/lib/python3.12/site-packages/airflow/example_dags/example_sensor_decorator.py took 0.265 seconds
[2026-07-31T11:42:15.407+0000] {processor.py:161} INFO - Started process (PID=4629) to work on /home/airflow/.local/lib/python3.12/site-packages/airflow/example_dags/example_sensor_decorator.py
[2026-07-31T11:42:15.414+0000] {processor.py:830} INFO - Processing file /home/airflow/.local/lib/python3.12/site-packages/airflow/example_dags/example_sensor_decorator.py for tasks to queue
[2026-07-31T11:42:15.425+0000] {logging_mixin.py:188} INFO - [2026-07-31T11:42:15.423+0000] {dagbag.py:545} INFO - Filling up the DagBag from /home/airflow/.local/lib/python3.12/site-packages/airflow/example_dags/example_sensor_decorator.py
[2026-07-31T11:42:15.446+0000] {processor.py:840} INFO - DAG(s) 'example_sensor_decorator' retrieved from /home/airflow/.local/lib/python3.12/site-packages/airflow/example_dags/example_sensor_decorator.py
[2026-07-31T11:42:15.508+0000] {logging_mixin.py:188} INFO - [2026-07-31T11:42:15.507+0000] {dag.py:3089} INFO - Sync 1 DAGs
[2026-07-31T11:42:15.542+0000] {logging_mixin.py:188} INFO - [2026-07-31T11:42:15.542+0000] {dag.py:3947} INFO - Setting next_dagrun for example_sensor_decorator to None, run_after=None
[2026-07-31T11:42:15.586+0000] {processor.py:183} INFO - Processing /home/airflow/.local/lib/python3.12/site-packages/airflow/example_dags/example_sensor_decorator.py took 0.199 seconds
[2026-07-31T11:42:45.950+0000] {processor.py:161} INFO - Started process (PID=4687) to work on /home/airflow/.local/lib/python3.12/site-packages/airflow/example_dags/example_sensor_decorator.py
[2026-07-31T11:42:45.954+0000] {processor.py:830} INFO - Processing file /home/airflow/.local/lib/python3.12/site-packages/airflow/example_dags/example_sensor_decorator.py for tasks to queue
[2026-07-31T11:42:45.962+0000] {logging_mixin.py:188} INFO - [2026-07-31T11:42:45.961+0000] {dagbag.py:545} INFO - Filling up the DagBag from /home/airflow/.local/lib/python3.12/site-packages/airflow/example_dags/example_sensor_decorator.py
[2026-07-31T11:42:45.982+0000] {processor.py:840} INFO - DAG(s) 'example_sensor_decorator' retrieved from /home/airflow/.local/lib/python3.12/site-packages/airflow/example_dags/example_sensor_decorator.py
[2026-07-31T11:42:46.023+0000] {logging_mixin.py:188} INFO - [2026-07-31T11:42:46.022+0000] {dag.py:3089} INFO - Sync 1 DAGs
[2026-07-31T11:42:46.054+0000] {logging_mixin.py:188} INFO - [2026-07-31T11:42:46.053+0000] {dag.py:3947} INFO - Setting next_dagrun for example_sensor_decorator to None, run_after=None
[2026-07-31T11:42:46.115+0000] {processor.py:183} INFO - Processing /home/airflow/.local/lib/python3.12/site-packages/airflow/example_dags/example_sensor_decorator.py took 0.179 seconds
[2026-07-31T11:43:16.573+0000] {processor.py:161} INFO - Started process (PID=4745) to work on /home/airflow/.local/lib/python3.12/site-packages/airflow/example_dags/example_sensor_decorator.py
[2026-07-31T11:43:16.576+0000] {processor.py:830} INFO - Processing file /home/airflow/.local/lib/python3.12/site-packages/airflow/example_dags/example_sensor_decorator.py for tasks to queue
[2026-07-31T11:43:16.580+0000] {logging_mixin.py:188} INFO - [2026-07-31T11:43:16.580+0000] {dagbag.py:545} INFO - Filling up the DagBag from /home/airflow/.local/lib/python3.12/site-packages/airflow/example_dags/example_sensor_decorator.py
[2026-07-31T11:43:16.595+0000] {processor.py:840} INFO - DAG(s) 'example_sensor_decorator' retrieved from /home/airflow/.local/lib/python3.12/site-packages/airflow/example_dags/example_sensor_decorator.py
[2026-07-31T11:43:16.684+0000] {logging_mixin.py:188} INFO - [2026-07-31T11:43:16.683+0000] {dag.py:3089} INFO - Sync 1 DAGs
[2026-07-31T11:43:16.745+0000] {logging_mixin.py:188} INFO - [2026-07-31T11:43:16.745+0000] {dag.py:3947} INFO - Setting next_dagrun for example_sensor_decorator to None, run_after=None
[2026-07-31T11:43:16.794+0000] {processor.py:183} INFO - Processing /home/airflow/.local/lib/python3.12/site-packages/airflow/example_dags/example_sensor_decorator.py took 0.233 seconds
[2026-07-31T11:43:46.933+0000] {processor.py:161} INFO - Started process (PID=4803) to work on /home/airflow/.local/lib/python3.12/site-packages/airflow/example_dags/example_sensor_decorator.py
[2026-07-31T11:43:46.934+0000] {processor.py:830} INFO - Processing file /home/airflow/.local/lib/python3.12/site-packages/airflow/example_dags/example_sensor_decorator.py for tasks to queue
[2026-07-31T11:43:46.937+0000] {logging_mixin.py:188} INFO - [2026-07-31T11:43:46.936+0000] {dagbag.py:545} INFO - Filling up the DagBag from /home/airflow/.local/lib/python3.12/site-packages/airflow/example_dags/example_sensor_decorator.py
[2026-07-31T11:43:46.947+0000] {processor.py:840} INFO - DAG(s) 'example_sensor_decorator' retrieved from /home/airflow/.local/lib/python3.12/site-packages/airflow/example_dags/example_sensor_decorator.py
[2026-07-31T11:43:46.968+0000] {logging_mixin.py:188} INFO - [2026-07-31T11:43:46.968+0000] {dag.py:3089} INFO - Sync 1 DAGs
[2026-07-31T11:43:46.984+0000] {logging_mixin.py:188} INFO - [2026-07-31T11:43:46.983+0000] {dag.py:3947} INFO - Setting next_dagrun for example_sensor_decorator to None, run_after=None
[2026-07-31T11:43:47.020+0000] {processor.py:183} INFO - Processing /home/airflow/.local/lib/python3.12/site-packages/airflow/example_dags/example_sensor_decorator.py took 0.093 seconds
[2026-07-31T11:44:17.155+0000] {processor.py:161} INFO - Started process (PID=4861) to work on /home/airflow/.local/lib/python3.12/site-packages/airflow/example_dags/example_sensor_decorator.py
[2026-07-31T11:44:17.157+0000] {processor.py:830} INFO - Processing file /home/airflow/.local/lib/python3.12/site-packages/airflow/example_dags/example_sensor_decorator.py for tasks to queue
[2026-07-31T11:44:17.161+0000] {logging_mixin.py:188} INFO - [2026-07-31T11:44:17.160+0000] {dagbag.py:545} INFO - Filling up the DagBag from /home/airflow/.local/lib/python3.12/site-packages/airflow/example_dags/example_sensor_decorator.py
[2026-07-31T11:44:17.174+0000] {processor.py:840} INFO - DAG(s) 'example_sensor_decorator' retrieved from /home/airflow/.local/lib/python3.12/site-packages/airflow/example_dags/example_sensor_decorator.py
[2026-07-31T11:44:17.221+0000] {logging_mixin.py:188} INFO - [2026-07-31T11:44:17.219+0000] {dag.py:3089} INFO - Sync 1 DAGs
[2026-07-31T11:44:17.269+0000] {logging_mixin.py:188} INFO - [2026-07-31T11:44:17.268+0000] {dag.py:3947} INFO - Setting next_dagrun for example_sensor_decorator to None, run_after=None
[2026-07-31T11:44:17.314+0000] {processor.py:183} INFO - Processing /home/airflow/.local/lib/python3.12/site-packages/airflow/example_dags/example_sensor_decorator.py took 0.170 seconds
[2026-07-31T11:44:47.374+0000] {processor.py:161} INFO - Started process (PID=4918) to work on /home/airflow/.local/lib/python3.12/site-packages/airflow/example_dags/example_sensor_decorator.py
[2026-07-31T11:44:47.376+0000] {processor.py:830} INFO - Processing file /home/airflow/.local/lib/python3.12/site-packages/airflow/example_dags/example_sensor_decorator.py for tasks to queue
[2026-07-31T11:44:47.379+0000] {logging_mixin.py:188} INFO - [2026-07-31T11:44:47.379+0000] {dagbag.py:545} INFO - Filling up the DagBag from /home/airflow/.local/lib/python3.12/site-packages/airflow/example_dags/example_sensor_decorator.py
[2026-07-31T11:44:47.389+0000] {processor.py:840} INFO - DAG(s) 'example_sensor_decorator' retrieved from /home/airflow/.local/lib/python3.12/site-packages/airflow/example_dags/example_sensor_decorator.py
[2026-07-31T11:44:47.429+0000] {logging_mixin.py:188} INFO - [2026-07-31T11:44:47.428+0000] {dag.py:3089} INFO - Sync 1 DAGs
[2026-07-31T11:44:47.451+0000] {logging_mixin.py:188} INFO - [2026-07-31T11:44:47.451+0000] {dag.py:3947} INFO - Setting next_dagrun for example_sensor_decorator to None, run_after=None
[2026-07-31T11:44:47.489+0000] {processor.py:183} INFO - Processing /home/airflow/.local/lib/python3.12/site-packages/airflow/example_dags/example_sensor_decorator.py took 0.124 seconds
[2026-07-31T11:45:19.067+0000] {processor.py:161} INFO - Started process (PID=4976) to work on /home/airflow/.local/lib/python3.12/site-packages/airflow/example_dags/example_sensor_decorator.py
[2026-07-31T11:45:19.069+0000] {processor.py:830} INFO - Processing file /home/airflow/.local/lib/python3.12/site-packages/airflow/example_dags/example_sensor_decorator.py for tasks to queue
[2026-07-31T11:45:19.075+0000] {logging_mixin.py:188} INFO - [2026-07-31T11:45:19.074+0000] {dagbag.py:545} INFO - Filling up the DagBag from /home/airflow/.local/lib/python3.12/site-packages/airflow/example_dags/example_sensor_decorator.py
[2026-07-31T11:45:19.092+0000] {processor.py:840} INFO - DAG(s) 'example_sensor_decorator' retrieved from /home/airflow/.local/lib/python3.12/site-packages/airflow/example_dags/example_sensor_decorator.py
[2026-07-31T11:45:19.179+0000] {logging_mixin.py:188} INFO - [2026-07-31T11:45:19.177+0000] {dag.py:3089} INFO - Sync 1 DAGs
[2026-07-31T11:45:19.240+0000] {logging_mixin.py:188} INFO - [2026-07-31T11:45:19.238+0000] {dag.py:3947} INFO - Setting next_dagrun for example_sensor_decorator to None, run_after=None
[2026-07-31T11:45:19.290+0000] {processor.py:183} INFO - Processing /home/airflow/.local/lib/python3.12/site-packages/airflow/example_dags/example_sensor_decorator.py took 0.237 seconds
[2026-07-31T11:45:49.749+0000] {processor.py:161} INFO - Started process (PID=5034) to work on /home/airflow/.local/lib/python3.12/site-packages/airflow/example_dags/example_sensor_decorator.py
[2026-07-31T11:45:49.751+0000] {processor.py:830} INFO - Processing file /home/airflow/.local/lib/python3.12/site-packages/airflow/example_dags/example_sensor_decorator.py for tasks to queue
[2026-07-31T11:45:49.754+0000] {logging_mixin.py:188} INFO - [2026-07-31T11:45:49.754+0000] {dagbag.py:545} INFO - Filling up the DagBag from /home/airflow/.local/lib/python3.12/site-packages/airflow/example_dags/example_sensor_decorator.py
[2026-07-31T11:45:49.762+0000] {processor.py:840} INFO - DAG(s) 'example_sensor_decorator' retrieved from /home/airflow/.local/lib/python3.12/site-packages/airflow/example_dags/example_sensor_decorator.py
[2026-07-31T11:45:49.788+0000] {logging_mixin.py:188} INFO - [2026-07-31T11:45:49.787+0000] {dag.py:3089} INFO - Sync 1 DAGs
[2026-07-31T11:45:49.806+0000] {logging_mixin.py:188} INFO - [2026-07-31T11:45:49.805+0000] {dag.py:3947} INFO - Setting next_dagrun for example_sensor_decorator to None, run_after=None
[2026-07-31T11:45:49.837+0000] {processor.py:183} INFO - Processing /home/airflow/.local/lib/python3.12/site-packages/airflow/example_dags/example_sensor_decorator.py took 0.097 seconds
[2026-07-31T11:46:20.203+0000] {processor.py:161} INFO - Started process (PID=5092) to work on /home/airflow/.local/lib/python3.12/site-packages/airflow/example_dags/example_sensor_decorator.py
[2026-07-31T11:46:20.204+0000] {processor.py:830} INFO - Processing file /home/airflow/.local/lib/python3.12/site-packages/airflow/example_dags/example_sensor_decorator.py for tasks to queue
[2026-07-31T11:46:20.208+0000] {logging_mixin.py:188} INFO - [2026-07-31T11:46:20.207+0000] {dagbag.py:545} INFO - Filling up the DagBag from /home/airflow/.local/lib/python3.12/site-packages/airflow/example_dags/example_sensor_decorator.py
[2026-07-31T11:46:20.217+0000] {processor.py:840} INFO - DAG(s) 'example_sensor_decorator' retrieved from /home/airflow/.local/lib/python3.12/site-packages/airflow/example_dags/example_sensor_decorator.py
[2026-07-31T11:46:20.241+0000] {logging_mixin.py:188} INFO - [2026-07-31T11:46:20.241+0000] {dag.py:3089} INFO - Sync 1 DAGs
[2026-07-31T11:46:20.258+0000] {logging_mixin.py:188} INFO - [2026-07-31T11:46:20.258+0000] {dag.py:3947} INFO - Setting next_dagrun for example_sensor_decorator to None, run_after=None
[2026-07-31T11:46:20.282+0000] {processor.py:183} INFO - Processing /home/airflow/.local/lib/python3.12/site-packages/airflow/example_dags/example_sensor_decorator.py took 0.086 seconds
[2026-07-31T11:46:50.711+0000] {processor.py:161} INFO - Started process (PID=5150) to work on /home/airflow/.local/lib/python3.12/site-packages/airflow/example_dags/example_sensor_decorator.py
[2026-07-31T11:46:50.713+0000] {processor.py:830} INFO - Processing file /home/airflow/.local/lib/python3.12/site-packages/airflow/example_dags/example_sensor_decorator.py for tasks to queue
[2026-07-31T11:46:50.716+0000] {logging_mixin.py:188} INFO - [2026-07-31T11:46:50.715+0000] {dagbag.py:545} INFO - Filling up the DagBag from /home/airflow/.local/lib/python3.12/site-packages/airflow/example_dags/example_sensor_decorator.py
[2026-07-31T11:46:50.724+0000] {processor.py:840} INFO - DAG(s) 'example_sensor_decorator' retrieved from /home/airflow/.local/lib/python3.12/site-packages/airflow/example_dags/example_sensor_decorator.py
[2026-07-31T11:46:50.750+0000] {logging_mixin.py:188} INFO - [2026-07-31T11:46:50.750+0000] {dag.py:3089} INFO - Sync 1 DAGs
[2026-07-31T11:46:50.767+0000] {logging_mixin.py:188} INFO - [2026-07-31T11:46:50.767+0000] {dag.py:3947} INFO - Setting next_dagrun for example_sensor_decorator to None, run_after=None
[2026-07-31T11:46:50.797+0000] {processor.py:183} INFO - Processing /home/airflow/.local/lib/python3.12/site-packages/airflow/example_dags/example_sensor_decorator.py took 0.095 seconds
[2026-07-31T11:47:21.198+0000] {processor.py:161} INFO - Started process (PID=5208) to work on /home/airflow/.local/lib/python3.12/site-packages/airflow/example_dags/example_sensor_decorator.py
[2026-07-31T11:47:21.200+0000] {processor.py:830} INFO - Processing file /home/airflow/.local/lib/python3.12/site-packages/airflow/example_dags/example_sensor_decorator.py for tasks to queue
[2026-07-31T11:47:21.202+0000] {logging_mixin.py:188} INFO - [2026-07-31T11:47:21.202+0000] {dagbag.py:545} INFO - Filling up the DagBag from /home/airflow/.local/lib/python3.12/site-packages/airflow/example_dags/example_sensor_decorator.py
[2026-07-31T11:47:21.210+0000] {processor.py:840} INFO - DAG(s) 'example_sensor_decorator' retrieved from /home/airflow/.local/lib/python3.12/site-packages/airflow/example_dags/example_sensor_decorator.py
[2026-07-31T11:47:21.248+0000] {logging_mixin.py:188} INFO - [2026-07-31T11:47:21.247+0000] {dag.py:3089} INFO - Sync 1 DAGs
[2026-07-31T11:47:21.276+0000] {logging_mixin.py:188} INFO - [2026-07-31T11:47:21.276+0000] {dag.py:3947} INFO - Setting next_dagrun for example_sensor_decorator to None, run_after=None
[2026-07-31T11:47:21.317+0000] {processor.py:183} INFO - Processing /home/airflow/.local/lib/python3.12/site-packages/airflow/example_dags/example_sensor_decorator.py took 0.128 seconds
[2026-07-31T11:47:51.429+0000] {processor.py:161} INFO - Started process (PID=5266) to work on /home/airflow/.local/lib/python3.12/site-packages/airflow/example_dags/example_sensor_decorator.py
[2026-07-31T11:47:51.430+0000] {processor.py:830} INFO - Processing file /home/airflow/.local/lib/python3.12/site-packages/airflow/example_dags/example_sensor_decorator.py for tasks to queue
[2026-07-31T11:47:51.433+0000] {logging_mixin.py:188} INFO - [2026-07-31T11:47:51.433+0000] {dagbag.py:545} INFO - Filling up the DagBag from /home/airflow/.local/lib/python3.12/site-packages/airflow/example_dags/example_sensor_decorator.py
[2026-07-31T11:47:51.442+0000] {processor.py:840} INFO - DAG(s) 'example_sensor_decorator' retrieved from /home/airflow/.local/lib/python3.12/site-packages/airflow/example_dags/example_sensor_decorator.py
[2026-07-31T11:47:51.469+0000] {logging_mixin.py:188} INFO - [2026-07-31T11:47:51.469+0000] {dag.py:3089} INFO - Sync 1 DAGs
[2026-07-31T11:47:51.492+0000] {logging_mixin.py:188} INFO - [2026-07-31T11:47:51.491+0000] {dag.py:3947} INFO - Setting next_dagrun for example_sensor_decorator to None, run_after=None
[2026-07-31T11:47:51.525+0000] {processor.py:183} INFO - Processing /home/airflow/.local/lib/python3.12/site-packages/airflow/example_dags/example_sensor_decorator.py took 0.104 seconds
[2026-07-31T11:48:21.621+0000] {processor.py:161} INFO - Started process (PID=5324) to work on /home/airflow/.local/lib/python3.12/site-packages/airflow/example_dags/example_sensor_decorator.py
[2026-07-31T11:48:21.622+0000] {processor.py:830} INFO - Processing file /home/airflow/.local/lib/python3.12/site-packages/airflow/example_dags/example_sensor_decorator.py for tasks to queue
[2026-07-31T11:48:21.625+0000] {logging_mixin.py:188} INFO - [2026-07-31T11:48:21.625+0000] {dagbag.py:545} INFO - Filling up the DagBag from /home/airflow/.local/lib/python3.12/site-packages/airflow/example_dags/example_sensor_decorator.py
[2026-07-31T11:48:21.633+0000] {processor.py:840} INFO - DAG(s) 'example_sensor_decorator' retrieved from /home/airflow/.local/lib/python3.12/site-packages/airflow/example_dags/example_sensor_decorator.py
[2026-07-31T11:48:21.658+0000] {logging_mixin.py:188} INFO - [2026-07-31T11:48:21.657+0000] {dag.py:3089} INFO - Sync 1 DAGs
[2026-07-31T11:48:21.676+0000] {logging_mixin.py:188} INFO - [2026-07-31T11:48:21.676+0000] {dag.py:3947} INFO - Setting next_dagrun for example_sensor_decorator to None, run_after=None
[2026-07-31T11:48:21.701+0000] {processor.py:183} INFO - Processing /home/airflow/.local/lib/python3.12/site-packages/airflow/example_dags/example_sensor_decorator.py took 0.087 seconds
[2026-07-31T11:48:52.143+0000] {processor.py:161} INFO - Started process (PID=5382) to work on /home/airflow/.local/lib/python3.12/site-packages/airflow/example_dags/example_sensor_decorator.py
[2026-07-31T11:48:52.145+0000] {processor.py:830} INFO - Processing file /home/airflow/.local/lib/python3.12/site-packages/airflow/example_dags/example_sensor_decorator.py for tasks to queue
[2026-07-31T11:48:52.149+0000] {logging_mixin.py:188} INFO - [2026-07-31T11:48:52.148+0000] {dagbag.py:545} INFO - Filling up the DagBag from /home/airflow/.local/lib/python3.12/site-packages/airflow/example_dags/example_sensor_decorator.py
[2026-07-31T11:48:52.156+0000] {processor.py:840} INFO - DAG(s) 'example_sensor_decorator' retrieved from /home/airflow/.local/lib/python3.12/site-packages/airflow/example_dags/example_sensor_decorator.py
[2026-07-31T11:48:52.181+0000] {logging_mixin.py:188} INFO - [2026-07-31T11:48:52.181+0000] {dag.py:3089} INFO - Sync 1 DAGs
[2026-07-31T11:48:52.198+0000] {logging_mixin.py:188} INFO - [2026-07-31T11:48:52.198+0000] {dag.py:3947} INFO - Setting next_dagrun for example_sensor_decorator to None, run_after=None
[2026-07-31T11:48:52.223+0000] {processor.py:183} INFO - Processing /home/airflow/.local/lib/python3.12/site-packages/airflow/example_dags/example_sensor_decorator.py took 0.088 seconds
[2026-07-31T11:49:22.725+0000] {processor.py:161} INFO - Started process (PID=5440) to work on /home/airflow/.local/lib/python3.12/site-packages/airflow/example_dags/example_sensor_decorator.py
[2026-07-31T11:49:22.727+0000] {processor.py:830} INFO - Processing file /home/airflow/.local/lib/python3.12/site-packages/airflow/example_dags/example_sensor_decorator.py for tasks to queue
[2026-07-31T11:49:22.731+0000] {logging_mixin.py:188} INFO - [2026-07-31T11:49:22.730+0000] {dagbag.py:545} INFO - Filling up the DagBag from /home/airflow/.local/lib/python3.12/site-packages/airflow/example_dags/example_sensor_decorator.py
[2026-07-31T11:49:22.744+0000] {processor.py:840} INFO - DAG(s) 'example_sensor_decorator' retrieved from /home/airflow/.local/lib/python3.12/site-packages/airflow/example_dags/example_sensor_decorator.py
[2026-07-31T11:49:22.779+0000] {logging_mixin.py:188} INFO - [2026-07-31T11:49:22.779+0000] {dag.py:3089} INFO - Sync 1 DAGs
[2026-07-31T11:49:22.805+0000] {logging_mixin.py:188} INFO - [2026-07-31T11:49:22.804+0000] {dag.py:3947} INFO - Setting next_dagrun for example_sensor_decorator to None, run_after=None
[2026-07-31T11:49:22.840+0000] {processor.py:183} INFO - Processing /home/airflow/.local/lib/python3.12/site-packages/airflow/example_dags/example_sensor_decorator.py took 0.129 seconds
[2026-07-31T11:49:53.431+0000] {processor.py:161} INFO - Started process (PID=5498) to work on /home/airflow/.local/lib/python3.12/site-packages/airflow/example_dags/example_sensor_decorator.py
[2026-07-31T11:49:53.432+0000] {processor.py:830} INFO - Processing file /home/airflow/.local/lib/python3.12/site-packages/airflow/example_dags/example_sensor_decorator.py for tasks to queue
[2026-07-31T11:49:53.435+0000] {logging_mixin.py:188} INFO - [2026-07-31T11:49:53.435+0000] {dagbag.py:545} INFO - Filling up the DagBag from /home/airflow/.local/lib/python3.12/site-packages/airflow/example_dags/example_sensor_decorator.py
[2026-07-31T11:49:53.446+0000] {processor.py:840} INFO - DAG(s) 'example_sensor_decorator' retrieved from /home/airflow/.local/lib/python3.12/site-packages/airflow/example_dags/example_sensor_decorator.py
[2026-07-31T11:49:53.471+0000] {logging_mixin.py:188} INFO - [2026-07-31T11:49:53.470+0000] {dag.py:3089} INFO - Sync 1 DAGs
[2026-07-31T11:49:53.487+0000] {logging_mixin.py:188} INFO - [2026-07-31T11:49:53.487+0000] {dag.py:3947} INFO - Setting next_dagrun for example_sensor_decorator to None, run_after=None
[2026-07-31T11:49:53.511+0000] {processor.py:183} INFO - Processing /home/airflow/.local/lib/python3.12/site-packages/airflow/example_dags/example_sensor_decorator.py took 0.090 seconds
[2026-07-31T11:50:23.838+0000] {processor.py:161} INFO - Started process (PID=5556) to work on /home/airflow/.local/lib/python3.12/site-packages/airflow/example_dags/example_sensor_decorator.py
[2026-07-31T11:50:23.839+0000] {processor.py:830} INFO - Processing file /home/airflow/.local/lib/python3.12/site-packages/airflow/example_dags/example_sensor_decorator.py for tasks to queue
[2026-07-31T11:50:23.841+0000] {logging_mixin.py:188} INFO - [2026-07-31T11:50:23.841+0000] {dagbag.py:545} INFO - Filling up the DagBag from /home/airflow/.local/lib/python3.12/site-packages/airflow/example_dags/example_sensor_decorator.py
[2026-07-31T11:50:23.848+0000] {processor.py:840} INFO - DAG(s) 'example_sensor_decorator' retrieved from /home/airflow/.local/lib/python3.12/site-packages/airflow/example_dags/example_sensor_decorator.py
[2026-07-31T11:50:23.871+0000] {logging_mixin.py:188} INFO - [2026-07-31T11:50:23.871+0000] {dag.py:3089} INFO - Sync 1 DAGs
[2026-07-31T11:50:23.886+0000] {logging_mixin.py:188} INFO - [2026-07-31T11:50:23.886+0000] {dag.py:3947} INFO - Setting next_dagrun for example_sensor_decorator to None, run_after=None
[2026-07-31T11:50:23.908+0000] {processor.py:183} INFO - Processing /home/airflow/.local/lib/python3.12/site-packages/airflow/example_dags/example_sensor_decorator.py took 0.077 seconds
[2026-07-31T11:50:54.120+0000] {processor.py:161} INFO - Started process (PID=5614) to work on /home/airflow/.local/lib/python3.12/site-packages/airflow/example_dags/example_sensor_decorator.py
[2026-07-31T11:50:54.122+0000] {processor.py:830} INFO - Processing file /home/airflow/.local/lib/python3.12/site-packages/airflow/example_dags/example_sensor_decorator.py for tasks to queue
[2026-07-31T11:50:54.125+0000] {logging_mixin.py:188} INFO - [2026-07-31T11:50:54.124+0000] {dagbag.py:545} INFO - Filling up the DagBag from /home/airflow/.local/lib/python3.12/site-packages/airflow/example_dags/example_sensor_decorator.py
[2026-07-31T11:50:54.132+0000] {processor.py:840} INFO - DAG(s) 'example_sensor_decorator' retrieved from /home/airflow/.local/lib/python3.12/site-packages/airflow/example_dags/example_sensor_decorator.py
[2026-07-31T11:50:54.157+0000] {logging_mixin.py:188} INFO - [2026-07-31T11:50:54.157+0000] {dag.py:3089} INFO - Sync 1 DAGs
[2026-07-31T11:50:54.174+0000] {logging_mixin.py:188} INFO - [2026-07-31T11:50:54.173+0000] {dag.py:3947} INFO - Setting next_dagrun for example_sensor_decorator to None, run_after=None
[2026-07-31T11:50:54.197+0000] {processor.py:183} INFO - Processing /home/airflow/.local/lib/python3.12/site-packages/airflow/example_dags/example_sensor_decorator.py took 0.085 seconds
[2026-07-31T11:51:24.376+0000] {processor.py:161} INFO - Started process (PID=5672) to work on /home/airflow/.local/lib/python3.12/site-packages/airflow/example_dags/example_sensor_decorator.py
[2026-07-31T11:51:24.378+0000] {processor.py:830} INFO - Processing file /home/airflow/.local/lib/python3.12/site-packages/airflow/example_dags/example_sensor_decorator.py for tasks to queue
[2026-07-31T11:51:24.380+0000] {logging_mixin.py:188} INFO - [2026-07-31T11:51:24.380+0000] {dagbag.py:545} INFO - Filling up the DagBag from /home/airflow/.local/lib/python3.12/site-packages/airflow/example_dags/example_sensor_decorator.py
[2026-07-31T11:51:24.389+0000] {processor.py:840} INFO - DAG(s) 'example_sensor_decorator' retrieved from /home/airflow/.local/lib/python3.12/site-packages/airflow/example_dags/example_sensor_decorator.py
[2026-07-31T11:51:24.412+0000] {logging_mixin.py:188} INFO - [2026-07-31T11:51:24.412+0000] {dag.py:3089} INFO - Sync 1 DAGs
[2026-07-31T11:51:24.430+0000] {logging_mixin.py:188} INFO - [2026-07-31T11:51:24.429+0000] {dag.py:3947} INFO - Setting next_dagrun for example_sensor_decorator to None, run_after=None
[2026-07-31T11:51:24.455+0000] {processor.py:183} INFO - Processing /home/airflow/.local/lib/python3.12/site-packages/airflow/example_dags/example_sensor_decorator.py took 0.086 seconds
[2026-07-31T11:51:54.834+0000] {processor.py:161} INFO - Started process (PID=5729) to work on /home/airflow/.local/lib/python3.12/site-packages/airflow/example_dags/example_sensor_decorator.py
[2026-07-31T11:51:54.835+0000] {processor.py:830} INFO - Processing file /home/airflow/.local/lib/python3.12/site-packages/airflow/example_dags/example_sensor_decorator.py for tasks to queue
[2026-07-31T11:51:54.838+0000] {logging_mixin.py:188} INFO - [2026-07-31T11:51:54.837+0000] {dagbag.py:545} INFO - Filling up the DagBag from /home/airflow/.local/lib/python3.12/site-packages/airflow/example_dags/example_sensor_decorator.py
[2026-07-31T11:51:54.847+0000] {processor.py:840} INFO - DAG(s) 'example_sensor_decorator' retrieved from /home/airflow/.local/lib/python3.12/site-packages/airflow/example_dags/example_sensor_decorator.py
[2026-07-31T11:51:54.870+0000] {logging_mixin.py:188} INFO - [2026-07-31T11:51:54.870+0000] {dag.py:3089} INFO - Sync 1 DAGs
[2026-07-31T11:51:54.888+0000] {logging_mixin.py:188} INFO - [2026-07-31T11:51:54.888+0000] {dag.py:3947} INFO - Setting next_dagrun for example_sensor_decorator to None, run_after=None
[2026-07-31T11:51:54.914+0000] {processor.py:183} INFO - Processing /home/airflow/.local/lib/python3.12/site-packages/airflow/example_dags/example_sensor_decorator.py took 0.088 seconds
[2026-07-31T11:52:25.362+0000] {processor.py:161} INFO - Started process (PID=5787) to work on /home/airflow/.local/lib/python3.12/site-packages/airflow/example_dags/example_sensor_decorator.py
[2026-07-31T11:52:25.363+0000] {processor.py:830} INFO - Processing file /home/airflow/.local/lib/python3.12/site-packages/airflow/example_dags/example_sensor_decorator.py for tasks to queue
[2026-07-31T11:52:25.366+0000] {logging_mixin.py:188} INFO - [2026-07-31T11:52:25.366+0000] {dagbag.py:545} INFO - Filling up the DagBag from /home/airflow/.local/lib/python3.12/site-packages/airflow/example_dags/example_sensor_decorator.py
[2026-07-31T11:52:25.374+0000] {processor.py:840} INFO - DAG(s) 'example_sensor_decorator' retrieved from /home/airflow/.local/lib/python3.12/site-packages/airflow/example_dags/example_sensor_decorator.py
[2026-07-31T11:52:25.402+0000] {logging_mixin.py:188} INFO - [2026-07-31T11:52:25.401+0000] {dag.py:3089} INFO - Sync 1 DAGs
[2026-07-31T11:52:25.419+0000] {logging_mixin.py:188} INFO - [2026-07-31T11:52:25.419+0000] {dag.py:3947} INFO - Setting next_dagrun for example_sensor_decorator to None, run_after=None
[2026-07-31T11:52:25.443+0000] {processor.py:183} INFO - Processing /home/airflow/.local/lib/python3.12/site-packages/airflow/example_dags/example_sensor_decorator.py took 0.089 seconds
[2026-07-31T11:52:55.928+0000] {processor.py:161} INFO - Started process (PID=5845) to work on /home/airflow/.local/lib/python3.12/site-packages/airflow/example_dags/example_sensor_decorator.py
[2026-07-31T11:52:55.929+0000] {processor.py:830} INFO - Processing file /home/airflow/.local/lib/python3.12/site-packages/airflow/example_dags/example_sensor_decorator.py for tasks to queue
[2026-07-31T11:52:55.932+0000] {logging_mixin.py:188} INFO - [2026-07-31T11:52:55.931+0000] {dagbag.py:545} INFO - Filling up the DagBag from /home/airflow/.local/lib/python3.12/site-packages/airflow/example_dags/example_sensor_decorator.py
[2026-07-31T11:52:55.940+0000] {processor.py:840} INFO - DAG(s) 'example_sensor_decorator' retrieved from /home/airflow/.local/lib/python3.12/site-packages/airflow/example_dags/example_sensor_decorator.py
[2026-07-31T11:52:55.963+0000] {logging_mixin.py:188} INFO - [2026-07-31T11:52:55.963+0000] {dag.py:3089} INFO - Sync 1 DAGs
[2026-07-31T11:52:55.980+0000] {logging_mixin.py:188} INFO - [2026-07-31T11:52:55.980+0000] {dag.py:3947} INFO - Setting next_dagrun for example_sensor_decorator to None, run_after=None
[2026-07-31T11:52:56.005+0000] {processor.py:183} INFO - Processing /home/airflow/.local/lib/python3.12/site-packages/airflow/example_dags/example_sensor_decorator.py took 0.084 seconds
[2026-07-31T11:53:27.023+0000] {processor.py:161} INFO - Started process (PID=5903) to work on /home/airflow/.local/lib/python3.12/site-packages/airflow/example_dags/example_sensor_decorator.py
[2026-07-31T11:53:27.025+0000] {processor.py:830} INFO - Processing file /home/airflow/.local/lib/python3.12/site-packages/airflow/example_dags/example_sensor_decorator.py for tasks to queue
[2026-07-31T11:53:27.027+0000] {logging_mixin.py:188} INFO - [2026-07-31T11:53:27.027+0000] {dagbag.py:545} INFO - Filling up the DagBag from /home/airflow/.local/lib/python3.12/site-packages/airflow/example_dags/example_sensor_decorator.py
[2026-07-31T11:53:27.037+0000] {processor.py:840} INFO - DAG(s) 'example_sensor_decorator' retrieved from /home/airflow/.local/lib/python3.12/site-packages/airflow/example_dags/example_sensor_decorator.py
[2026-07-31T11:53:27.063+0000] {logging_mixin.py:188} INFO - [2026-07-31T11:53:27.063+0000] {dag.py:3089} INFO - Sync 1 DAGs
[2026-07-31T11:53:27.232+0000] {logging_mixin.py:188} INFO - [2026-07-31T11:53:27.232+0000] {dag.py:3947} INFO - Setting next_dagrun for example_sensor_decorator to None, run_after=None
[2026-07-31T11:53:27.261+0000] {processor.py:183} INFO - Processing /home/airflow/.local/lib/python3.12/site-packages/airflow/example_dags/example_sensor_decorator.py took 0.247 seconds
[2026-07-31T11:53:57.517+0000] {processor.py:161} INFO - Started process (PID=5961) to work on /home/airflow/.local/lib/python3.12/site-packages/airflow/example_dags/example_sensor_decorator.py
[2026-07-31T11:53:57.518+0000] {processor.py:830} INFO - Processing file /home/airflow/.local/lib/python3.12/site-packages/airflow/example_dags/example_sensor_decorator.py for tasks to queue
[2026-07-31T11:53:57.521+0000] {logging_mixin.py:188} INFO - [2026-07-31T11:53:57.521+0000] {dagbag.py:545} INFO - Filling up the DagBag from /home/airflow/.local/lib/python3.12/site-packages/airflow/example_dags/example_sensor_decorator.py
[2026-07-31T11:53:57.529+0000] {processor.py:840} INFO - DAG(s) 'example_sensor_decorator' retrieved from /home/airflow/.local/lib/python3.12/site-packages/airflow/example_dags/example_sensor_decorator.py
[2026-07-31T11:53:57.554+0000] {logging_mixin.py:188} INFO - [2026-07-31T11:53:57.553+0000] {dag.py:3089} INFO - Sync 1 DAGs
[2026-07-31T11:53:57.722+0000] {logging_mixin.py:188} INFO - [2026-07-31T11:53:57.722+0000] {dag.py:3947} INFO - Setting next_dagrun for example_sensor_decorator to None, run_after=None
[2026-07-31T11:53:57.755+0000] {processor.py:183} INFO - Processing /home/airflow/.local/lib/python3.12/site-packages/airflow/example_dags/example_sensor_decorator.py took 0.246 seconds
[2026-07-31T11:54:27.807+0000] {processor.py:161} INFO - Started process (PID=6020) to work on /home/airflow/.local/lib/python3.12/site-packages/airflow/example_dags/example_sensor_decorator.py
[2026-07-31T11:54:27.808+0000] {processor.py:830} INFO - Processing file /home/airflow/.local/lib/python3.12/site-packages/airflow/example_dags/example_sensor_decorator.py for tasks to queue
[2026-07-31T11:54:27.811+0000] {logging_mixin.py:188} INFO - [2026-07-31T11:54:27.810+0000] {dagbag.py:545} INFO - Filling up the DagBag from /home/airflow/.local/lib/python3.12/site-packages/airflow/example_dags/example_sensor_decorator.py
[2026-07-31T11:54:27.820+0000] {processor.py:840} INFO - DAG(s) 'example_sensor_decorator' retrieved from /home/airflow/.local/lib/python3.12/site-packages/airflow/example_dags/example_sensor_decorator.py
[2026-07-31T11:54:27.844+0000] {logging_mixin.py:188} INFO - [2026-07-31T11:54:27.843+0000] {dag.py:3089} INFO - Sync 1 DAGs
[2026-07-31T11:54:27.860+0000] {logging_mixin.py:188} INFO - [2026-07-31T11:54:27.860+0000] {dag.py:3947} INFO - Setting next_dagrun for example_sensor_decorator to None, run_after=None
[2026-07-31T11:54:27.885+0000] {processor.py:183} INFO - Processing /home/airflow/.local/lib/python3.12/site-packages/airflow/example_dags/example_sensor_decorator.py took 0.086 seconds
[2026-07-31T11:54:58.214+0000] {processor.py:161} INFO - Started process (PID=6078) to work on /home/airflow/.local/lib/python3.12/site-packages/airflow/example_dags/example_sensor_decorator.py
[2026-07-31T11:54:58.215+0000] {processor.py:830} INFO - Processing file /home/airflow/.local/lib/python3.12/site-packages/airflow/example_dags/example_sensor_decorator.py for tasks to queue
[2026-07-31T11:54:58.218+0000] {logging_mixin.py:188} INFO - [2026-07-31T11:54:58.217+0000] {dagbag.py:545} INFO - Filling up the DagBag from /home/airflow/.local/lib/python3.12/site-packages/airflow/example_dags/example_sensor_decorator.py
[2026-07-31T11:54:58.227+0000] {processor.py:840} INFO - DAG(s) 'example_sensor_decorator' retrieved from /home/airflow/.local/lib/python3.12/site-packages/airflow/example_dags/example_sensor_decorator.py
[2026-07-31T11:54:58.252+0000] {logging_mixin.py:188} INFO - [2026-07-31T11:54:58.252+0000] {dag.py:3089} INFO - Sync 1 DAGs
[2026-07-31T11:54:58.269+0000] {logging_mixin.py:188} INFO - [2026-07-31T11:54:58.269+0000] {dag.py:3947} INFO - Setting next_dagrun for example_sensor_decorator to None, run_after=None
[2026-07-31T11:54:58.294+0000] {processor.py:183} INFO - Processing /home/airflow/.local/lib/python3.12/site-packages/airflow/example_dags/example_sensor_decorator.py took 0.088 seconds
[2026-07-31T11:55:28.837+0000] {processor.py:161} INFO - Started process (PID=6136) to work on /home/airflow/.local/lib/python3.12/site-packages/airflow/example_dags/example_sensor_decorator.py
[2026-07-31T11:55:28.838+0000] {processor.py:830} INFO - Processing file /home/airflow/.local/lib/python3.12/site-packages/airflow/example_dags/example_sensor_decorator.py for tasks to queue
[2026-07-31T11:55:28.841+0000] {logging_mixin.py:188} INFO - [2026-07-31T11:55:28.840+0000] {dagbag.py:545} INFO - Filling up the DagBag from /home/airflow/.local/lib/python3.12/site-packages/airflow/example_dags/example_sensor_decorator.py
[2026-07-31T11:55:28.849+0000] {processor.py:840} INFO - DAG(s) 'example_sensor_decorator' retrieved from /home/airflow/.local/lib/python3.12/site-packages/airflow/example_dags/example_sensor_decorator.py
[2026-07-31T11:55:28.873+0000] {logging_mixin.py:188} INFO - [2026-07-31T11:55:28.872+0000] {dag.py:3089} INFO - Sync 1 DAGs
[2026-07-31T11:55:28.890+0000] {logging_mixin.py:188} INFO - [2026-07-31T11:55:28.890+0000] {dag.py:3947} INFO - Setting next_dagrun for example_sensor_decorator to None, run_after=None
[2026-07-31T11:55:28.915+0000] {processor.py:183} INFO - Processing /home/airflow/.local/lib/python3.12/site-packages/airflow/example_dags/example_sensor_decorator.py took 0.086 seconds
[2026-07-31T11:55:59.438+0000] {processor.py:161} INFO - Started process (PID=6195) to work on /home/airflow/.local/lib/python3.12/site-packages/airflow/example_dags/example_sensor_decorator.py
[2026-07-31T11:55:59.440+0000] {processor.py:830} INFO - Processing file /home/airflow/.local/lib/python3.12/site-packages/airflow/example_dags/example_sensor_decorator.py for tasks to queue
[2026-07-31T11:55:59.443+0000] {logging_mixin.py:188} INFO - [2026-07-31T11:55:59.442+0000] {dagbag.py:545} INFO - Filling up the DagBag from /home/airflow/.local/lib/python3.12/site-packages/airflow/example_dags/example_sensor_decorator.py
[2026-07-31T11:55:59.452+0000] {processor.py:840} INFO - DAG(s) 'example_sensor_decorator' retrieved from /home/airflow/.local/lib/python3.12/site-packages/airflow/example_dags/example_sensor_decorator.py
[2026-07-31T11:55:59.477+0000] {logging_mixin.py:188} INFO - [2026-07-31T11:55:59.477+0000] {dag.py:3089} INFO - Sync 1 DAGs
[2026-07-31T11:55:59.494+0000] {logging_mixin.py:188} INFO - [2026-07-31T11:55:59.493+0000] {dag.py:3947} INFO - Setting next_dagrun for example_sensor_decorator to None, run_after=None
[2026-07-31T11:55:59.520+0000] {processor.py:183} INFO - Processing /home/airflow/.local/lib/python3.12/site-packages/airflow/example_dags/example_sensor_decorator.py took 0.091 seconds
[2026-07-31T11:56:30.009+0000] {processor.py:161} INFO - Started process (PID=6253) to work on /home/airflow/.local/lib/python3.12/site-packages/airflow/example_dags/example_sensor_decorator.py
[2026-07-31T11:56:30.010+0000] {processor.py:830} INFO - Processing file /home/airflow/.local/lib/python3.12/site-packages/airflow/example_dags/example_sensor_decorator.py for tasks to queue
[2026-07-31T11:56:30.013+0000] {logging_mixin.py:188} INFO - [2026-07-31T11:56:30.013+0000] {dagbag.py:545} INFO - Filling up the DagBag from /home/airflow/.local/lib/python3.12/site-packages/airflow/example_dags/example_sensor_decorator.py
[2026-07-31T11:56:30.025+0000] {processor.py:840} INFO - DAG(s) 'example_sensor_decorator' retrieved from /home/airflow/.local/lib/python3.12/site-packages/airflow/example_dags/example_sensor_decorator.py
[2026-07-31T11:56:30.049+0000] {logging_mixin.py:188} INFO - [2026-07-31T11:56:30.049+0000] {dag.py:3089} INFO - Sync 1 DAGs
[2026-07-31T11:56:30.066+0000] {logging_mixin.py:188} INFO - [2026-07-31T11:56:30.065+0000] {dag.py:3947} INFO - Setting next_dagrun for example_sensor_decorator to None, run_after=None
[2026-07-31T11:56:30.091+0000] {processor.py:183} INFO - Processing /home/airflow/.local/lib/python3.12/site-packages/airflow/example_dags/example_sensor_decorator.py took 0.093 seconds
[2026-07-31T11:57:00.678+0000] {processor.py:161} INFO - Started process (PID=6311) to work on /home/airflow/.local/lib/python3.12/site-packages/airflow/example_dags/example_sensor_decorator.py
[2026-07-31T11:57:00.679+0000] {processor.py:830} INFO - Processing file /home/airflow/.local/lib/python3.12/site-packages/airflow/example_dags/example_sensor_decorator.py for tasks to queue
[2026-07-31T11:57:00.682+0000] {logging_mixin.py:188} INFO - [2026-07-31T11:57:00.681+0000] {dagbag.py:545} INFO - Filling up the DagBag from /home/airflow/.local/lib/python3.12/site-packages/airflow/example_dags/example_sensor_decorator.py
[2026-07-31T11:57:00.689+0000] {processor.py:840} INFO - DAG(s) 'example_sensor_decorator' retrieved from /home/airflow/.local/lib/python3.12/site-packages/airflow/example_dags/example_sensor_decorator.py
[2026-07-31T11:57:00.711+0000] {logging_mixin.py:188} INFO - [2026-07-31T11:57:00.711+0000] {dag.py:3089} INFO - Sync 1 DAGs
[2026-07-31T11:57:00.726+0000] {logging_mixin.py:188} INFO - [2026-07-31T11:57:00.726+0000] {dag.py:3947} INFO - Setting next_dagrun for example_sensor_decorator to None, run_after=None
[2026-07-31T11:57:00.753+0000] {processor.py:183} INFO - Processing /home/airflow/.local/lib/python3.12/site-packages/airflow/example_dags/example_sensor_decorator.py took 0.084 seconds
[2026-07-31T11:57:32.547+0000] {processor.py:161} INFO - Started process (PID=6369) to work on /home/airflow/.local/lib/python3.12/site-packages/airflow/example_dags/example_sensor_decorator.py
[2026-07-31T11:57:32.551+0000] {processor.py:830} INFO - Processing file /home/airflow/.local/lib/python3.12/site-packages/airflow/example_dags/example_sensor_decorator.py for tasks to queue
[2026-07-31T11:57:32.562+0000] {logging_mixin.py:188} INFO - [2026-07-31T11:57:32.560+0000] {dagbag.py:545} INFO - Filling up the DagBag from /home/airflow/.local/lib/python3.12/site-packages/airflow/example_dags/example_sensor_decorator.py
[2026-07-31T11:57:32.599+0000] {processor.py:840} INFO - DAG(s) 'example_sensor_decorator' retrieved from /home/airflow/.local/lib/python3.12/site-packages/airflow/example_dags/example_sensor_decorator.py
[2026-07-31T11:57:32.668+0000] {logging_mixin.py:188} INFO - [2026-07-31T11:57:32.667+0000] {dag.py:3089} INFO - Sync 1 DAGs
[2026-07-31T11:57:32.715+0000] {logging_mixin.py:188} INFO - [2026-07-31T11:57:32.714+0000] {dag.py:3947} INFO - Setting next_dagrun for example_sensor_decorator to None, run_after=None
[2026-07-31T11:57:32.809+0000] {processor.py:183} INFO - Processing /home/airflow/.local/lib/python3.12/site-packages/airflow/example_dags/example_sensor_decorator.py took 0.286 seconds
[2026-07-31T11:58:03.643+0000] {processor.py:161} INFO - Started process (PID=6428) to work on /home/airflow/.local/lib/python3.12/site-packages/airflow/example_dags/example_sensor_decorator.py
[2026-07-31T11:58:03.644+0000] {processor.py:830} INFO - Processing file /home/airflow/.local/lib/python3.12/site-packages/airflow/example_dags/example_sensor_decorator.py for tasks to queue
[2026-07-31T11:58:03.647+0000] {logging_mixin.py:188} INFO - [2026-07-31T11:58:03.646+0000] {dagbag.py:545} INFO - Filling up the DagBag from /home/airflow/.local/lib/python3.12/site-packages/airflow/example_dags/example_sensor_decorator.py
[2026-07-31T11:58:03.654+0000] {processor.py:840} INFO - DAG(s) 'example_sensor_decorator' retrieved from /home/airflow/.local/lib/python3.12/site-packages/airflow/example_dags/example_sensor_decorator.py
[2026-07-31T11:58:03.679+0000] {logging_mixin.py:188} INFO - [2026-07-31T11:58:03.678+0000] {dag.py:3089} INFO - Sync 1 DAGs
[2026-07-31T11:58:03.696+0000] {logging_mixin.py:188} INFO - [2026-07-31T11:58:03.696+0000] {dag.py:3947} INFO - Setting next_dagrun for example_sensor_decorator to None, run_after=None
[2026-07-31T11:58:03.721+0000] {processor.py:183} INFO - Processing /home/airflow/.local/lib/python3.12/site-packages/airflow/example_dags/example_sensor_decorator.py took 0.085 seconds
[2026-07-31T11:58:34.432+0000] {processor.py:161} INFO - Started process (PID=6486) to work on /home/airflow/.local/lib/python3.12/site-packages/airflow/example_dags/example_sensor_decorator.py
[2026-07-31T11:58:34.434+0000] {processor.py:830} INFO - Processing file /home/airflow/.local/lib/python3.12/site-packages/airflow/example_dags/example_sensor_decorator.py for tasks to queue
[2026-07-31T11:58:34.436+0000] {logging_mixin.py:188} INFO - [2026-07-31T11:58:34.436+0000] {dagbag.py:545} INFO - Filling up the DagBag from /home/airflow/.local/lib/python3.12/site-packages/airflow/example_dags/example_sensor_decorator.py
[2026-07-31T11:58:34.444+0000] {processor.py:840} INFO - DAG(s) 'example_sensor_decorator' retrieved from /home/airflow/.local/lib/python3.12/site-packages/airflow/example_dags/example_sensor_decorator.py
[2026-07-31T11:58:34.474+0000] {logging_mixin.py:188} INFO - [2026-07-31T11:58:34.474+0000] {dag.py:3089} INFO - Sync 1 DAGs
[2026-07-31T11:58:34.490+0000] {logging_mixin.py:188} INFO - [2026-07-31T11:58:34.490+0000] {dag.py:3947} INFO - Setting next_dagrun for example_sensor_decorator to None, run_after=None
[2026-07-31T11:58:34.517+0000] {processor.py:183} INFO - Processing /home/airflow/.local/lib/python3.12/site-packages/airflow/example_dags/example_sensor_decorator.py took 0.092 seconds
[2026-07-31T11:59:05.250+0000] {processor.py:161} INFO - Started process (PID=6544) to work on /home/airflow/.local/lib/python3.12/site-packages/airflow/example_dags/example_sensor_decorator.py
[2026-07-31T11:59:05.252+0000] {processor.py:830} INFO - Processing file /home/airflow/.local/lib/python3.12/site-packages/airflow/example_dags/example_sensor_decorator.py for tasks to queue
[2026-07-31T11:59:05.254+0000] {logging_mixin.py:188} INFO - [2026-07-31T11:59:05.254+0000] {dagbag.py:545} INFO - Filling up the DagBag from /home/airflow/.local/lib/python3.12/site-packages/airflow/example_dags/example_sensor_decorator.py
[2026-07-31T11:59:05.262+0000] {processor.py:840} INFO - DAG(s) 'example_sensor_decorator' retrieved from /home/airflow/.local/lib/python3.12/site-packages/airflow/example_dags/example_sensor_decorator.py
[2026-07-31T11:59:05.290+0000] {logging_mixin.py:188} INFO - [2026-07-31T11:59:05.289+0000] {dag.py:3089} INFO - Sync 1 DAGs
[2026-07-31T11:59:05.311+0000] {logging_mixin.py:188} INFO - [2026-07-31T11:59:05.311+0000] {dag.py:3947} INFO - Setting next_dagrun for example_sensor_decorator to None, run_after=None
[2026-07-31T11:59:05.341+0000] {processor.py:183} INFO - Processing /home/airflow/.local/lib/python3.12/site-packages/airflow/example_dags/example_sensor_decorator.py took 0.099 seconds
[2026-07-31T11:59:35.884+0000] {processor.py:161} INFO - Started process (PID=6602) to work on /home/airflow/.local/lib/python3.12/site-packages/airflow/example_dags/example_sensor_decorator.py
[2026-07-31T11:59:35.885+0000] {processor.py:830} INFO - Processing file /home/airflow/.local/lib/python3.12/site-packages/airflow/example_dags/example_sensor_decorator.py for tasks to queue
[2026-07-31T11:59:35.887+0000] {logging_mixin.py:188} INFO - [2026-07-31T11:59:35.887+0000] {dagbag.py:545} INFO - Filling up the DagBag from /home/airflow/.local/lib/python3.12/site-packages/airflow/example_dags/example_sensor_decorator.py
[2026-07-31T11:59:35.895+0000] {processor.py:840} INFO - DAG(s) 'example_sensor_decorator' retrieved from /home/airflow/.local/lib/python3.12/site-packages/airflow/example_dags/example_sensor_decorator.py
[2026-07-31T11:59:35.920+0000] {logging_mixin.py:188} INFO - [2026-07-31T11:59:35.919+0000] {dag.py:3089} INFO - Sync 1 DAGs
[2026-07-31T11:59:35.935+0000] {logging_mixin.py:188} INFO - [2026-07-31T11:59:35.935+0000] {dag.py:3947} INFO - Setting next_dagrun for example_sensor_decorator to None, run_after=None
[2026-07-31T11:59:35.959+0000] {processor.py:183} INFO - Processing /home/airflow/.local/lib/python3.12/site-packages/airflow/example_dags/example_sensor_decorator.py took 0.082 seconds
[2026-07-31T12:00:06.014+0000] {processor.py:161} INFO - Started process (PID=6660) to work on /home/airflow/.local/lib/python3.12/site-packages/airflow/example_dags/example_sensor_decorator.py
[2026-07-31T12:00:06.016+0000] {processor.py:830} INFO - Processing file /home/airflow/.local/lib/python3.12/site-packages/airflow/example_dags/example_sensor_decorator.py for tasks to queue
[2026-07-31T12:00:06.018+0000] {logging_mixin.py:188} INFO - [2026-07-31T12:00:06.018+0000] {dagbag.py:545} INFO - Filling up the DagBag from /home/airflow/.local/lib/python3.12/site-packages/airflow/example_dags/example_sensor_decorator.py
[2026-07-31T12:00:06.027+0000] {processor.py:840} INFO - DAG(s) 'example_sensor_decorator' retrieved from /home/airflow/.local/lib/python3.12/site-packages/airflow/example_dags/example_sensor_decorator.py
[2026-07-31T12:00:06.051+0000] {logging_mixin.py:188} INFO - [2026-07-31T12:00:06.051+0000] {dag.py:3089} INFO - Sync 1 DAGs
[2026-07-31T12:00:06.069+0000] {logging_mixin.py:188} INFO - [2026-07-31T12:00:06.068+0000] {dag.py:3947} INFO - Setting next_dagrun for example_sensor_decorator to None, run_after=None
[2026-07-31T12:00:06.094+0000] {processor.py:183} INFO - Processing /home/airflow/.local/lib/python3.12/site-packages/airflow/example_dags/example_sensor_decorator.py took 0.088 seconds
[2026-07-31T12:00:36.564+0000] {processor.py:161} INFO - Started process (PID=6718) to work on /home/airflow/.local/lib/python3.12/site-packages/airflow/example_dags/example_sensor_decorator.py
[2026-07-31T12:00:36.565+0000] {processor.py:830} INFO - Processing file /home/airflow/.local/lib/python3.12/site-packages/airflow/example_dags/example_sensor_decorator.py for tasks to queue
[2026-07-31T12:00:36.569+0000] {logging_mixin.py:188} INFO - [2026-07-31T12:00:36.568+0000] {dagbag.py:545} INFO - Filling up the DagBag from /home/airflow/.local/lib/python3.12/site-packages/airflow/example_dags/example_sensor_decorator.py
[2026-07-31T12:00:36.578+0000] {processor.py:840} INFO - DAG(s) 'example_sensor_decorator' retrieved from /home/airflow/.local/lib/python3.12/site-packages/airflow/example_dags/example_sensor_decorator.py
[2026-07-31T12:00:36.604+0000] {logging_mixin.py:188} INFO - [2026-07-31T12:00:36.604+0000] {dag.py:3089} INFO - Sync 1 DAGs
[2026-07-31T12:00:36.620+0000] {logging_mixin.py:188} INFO - [2026-07-31T12:00:36.620+0000] {dag.py:3947} INFO - Setting next_dagrun for example_sensor_decorator to None, run_after=None
[2026-07-31T12:00:36.644+0000] {processor.py:183} INFO - Processing /home/airflow/.local/lib/python3.12/site-packages/airflow/example_dags/example_sensor_decorator.py took 0.092 seconds
[2026-07-31T12:01:07.590+0000] {processor.py:161} INFO - Started process (PID=6776) to work on /home/airflow/.local/lib/python3.12/site-packages/airflow/example_dags/example_sensor_decorator.py
[2026-07-31T12:01:07.592+0000] {processor.py:830} INFO - Processing file /home/airflow/.local/lib/python3.12/site-packages/airflow/example_dags/example_sensor_decorator.py for tasks to queue
[2026-07-31T12:01:07.595+0000] {logging_mixin.py:188} INFO - [2026-07-31T12:01:07.594+0000] {dagbag.py:545} INFO - Filling up the DagBag from /home/airflow/.local/lib/python3.12/site-packages/airflow/example_dags/example_sensor_decorator.py
[2026-07-31T12:01:07.603+0000] {processor.py:840} INFO - DAG(s) 'example_sensor_decorator' retrieved from /home/airflow/.local/lib/python3.12/site-packages/airflow/example_dags/example_sensor_decorator.py
[2026-07-31T12:01:07.630+0000] {logging_mixin.py:188} INFO - [2026-07-31T12:01:07.630+0000] {dag.py:3089} INFO - Sync 1 DAGs
[2026-07-31T12:01:07.650+0000] {logging_mixin.py:188} INFO - [2026-07-31T12:01:07.649+0000] {dag.py:3947} INFO - Setting next_dagrun for example_sensor_decorator to None, run_after=None
[2026-07-31T12:01:07.676+0000] {processor.py:183} INFO - Processing /home/airflow/.local/lib/python3.12/site-packages/airflow/example_dags/example_sensor_decorator.py took 0.093 seconds
[2026-07-31T12:01:37.922+0000] {processor.py:161} INFO - Started process (PID=6834) to work on /home/airflow/.local/lib/python3.12/site-packages/airflow/example_dags/example_sensor_decorator.py
[2026-07-31T12:01:37.923+0000] {processor.py:830} INFO - Processing file /home/airflow/.local/lib/python3.12/site-packages/airflow/example_dags/example_sensor_decorator.py for tasks to queue
[2026-07-31T12:01:37.926+0000] {logging_mixin.py:188} INFO - [2026-07-31T12:01:37.925+0000] {dagbag.py:545} INFO - Filling up the DagBag from /home/airflow/.local/lib/python3.12/site-packages/airflow/example_dags/example_sensor_decorator.py
[2026-07-31T12:01:37.935+0000] {processor.py:840} INFO - DAG(s) 'example_sensor_decorator' retrieved from /home/airflow/.local/lib/python3.12/site-packages/airflow/example_dags/example_sensor_decorator.py
[2026-07-31T12:01:37.959+0000] {logging_mixin.py:188} INFO - [2026-07-31T12:01:37.958+0000] {dag.py:3089} INFO - Sync 1 DAGs
[2026-07-31T12:01:37.978+0000] {logging_mixin.py:188} INFO - [2026-07-31T12:01:37.977+0000] {dag.py:3947} INFO - Setting next_dagrun for example_sensor_decorator to None, run_after=None
[2026-07-31T12:01:38.006+0000] {processor.py:183} INFO - Processing /home/airflow/.local/lib/python3.12/site-packages/airflow/example_dags/example_sensor_decorator.py took 0.091 seconds
[2026-07-31T12:02:08.068+0000] {processor.py:161} INFO - Started process (PID=6892) to work on /home/airflow/.local/lib/python3.12/site-packages/airflow/example_dags/example_sensor_decorator.py
[2026-07-31T12:02:08.069+0000] {processor.py:830} INFO - Processing file /home/airflow/.local/lib/python3.12/site-packages/airflow/example_dags/example_sensor_decorator.py for tasks to queue
[2026-07-31T12:02:08.072+0000] {logging_mixin.py:188} INFO - [2026-07-31T12:02:08.071+0000] {dagbag.py:545} INFO - Filling up the DagBag from /home/airflow/.local/lib/python3.12/site-packages/airflow/example_dags/example_sensor_decorator.py
[2026-07-31T12:02:08.080+0000] {processor.py:840} INFO - DAG(s) 'example_sensor_decorator' retrieved from /home/airflow/.local/lib/python3.12/site-packages/airflow/example_dags/example_sensor_decorator.py
[2026-07-31T12:02:08.106+0000] {logging_mixin.py:188} INFO - [2026-07-31T12:02:08.105+0000] {dag.py:3089} INFO - Sync 1 DAGs
[2026-07-31T12:02:08.125+0000] {logging_mixin.py:188} INFO - [2026-07-31T12:02:08.125+0000] {dag.py:3947} INFO - Setting next_dagrun for example_sensor_decorator to None, run_after=None
[2026-07-31T12:02:08.157+0000] {processor.py:183} INFO - Processing /home/airflow/.local/lib/python3.12/site-packages/airflow/example_dags/example_sensor_decorator.py took 0.097 seconds
[2026-07-31T12:02:39.295+0000] {processor.py:161} INFO - Started process (PID=6949) to work on /home/airflow/.local/lib/python3.12/site-packages/airflow/example_dags/example_sensor_decorator.py
[2026-07-31T12:02:39.297+0000] {processor.py:830} INFO - Processing file /home/airflow/.local/lib/python3.12/site-packages/airflow/example_dags/example_sensor_decorator.py for tasks to queue
[2026-07-31T12:02:39.301+0000] {logging_mixin.py:188} INFO - [2026-07-31T12:02:39.300+0000] {dagbag.py:545} INFO - Filling up the DagBag from /home/airflow/.local/lib/python3.12/site-packages/airflow/example_dags/example_sensor_decorator.py
[2026-07-31T12:02:39.312+0000] {processor.py:840} INFO - DAG(s) 'example_sensor_decorator' retrieved from /home/airflow/.local/lib/python3.12/site-packages/airflow/example_dags/example_sensor_decorator.py
[2026-07-31T12:02:39.344+0000] {logging_mixin.py:188} INFO - [2026-07-31T12:02:39.343+0000] {dag.py:3089} INFO - Sync 1 DAGs
[2026-07-31T12:02:39.364+0000] {logging_mixin.py:188} INFO - [2026-07-31T12:02:39.363+0000] {dag.py:3947} INFO - Setting next_dagrun for example_sensor_decorator to None, run_after=None
[2026-07-31T12:02:39.386+0000] {processor.py:183} INFO - Processing /home/airflow/.local/lib/python3.12/site-packages/airflow/example_dags/example_sensor_decorator.py took 0.101 seconds
[2026-07-31T12:03:09.997+0000] {processor.py:161} INFO - Started process (PID=7006) to work on /home/airflow/.local/lib/python3.12/site-packages/airflow/example_dags/example_sensor_decorator.py
[2026-07-31T12:03:09.999+0000] {processor.py:830} INFO - Processing file /home/airflow/.local/lib/python3.12/site-packages/airflow/example_dags/example_sensor_decorator.py for tasks to queue
[2026-07-31T12:03:10.001+0000] {logging_mixin.py:188} INFO - [2026-07-31T12:03:10.001+0000] {dagbag.py:545} INFO - Filling up the DagBag from /home/airflow/.local/lib/python3.12/site-packages/airflow/example_dags/example_sensor_decorator.py
[2026-07-31T12:03:10.010+0000] {processor.py:840} INFO - DAG(s) 'example_sensor_decorator' retrieved from /home/airflow/.local/lib/python3.12/site-packages/airflow/example_dags/example_sensor_decorator.py
[2026-07-31T12:03:10.034+0000] {logging_mixin.py:188} INFO - [2026-07-31T12:03:10.034+0000] {dag.py:3089} INFO - Sync 1 DAGs
[2026-07-31T12:03:10.053+0000] {logging_mixin.py:188} INFO - [2026-07-31T12:03:10.053+0000] {dag.py:3947} INFO - Setting next_dagrun for example_sensor_decorator to None, run_after=None
[2026-07-31T12:03:10.096+0000] {processor.py:183} INFO - Processing /home/airflow/.local/lib/python3.12/site-packages/airflow/example_dags/example_sensor_decorator.py took 0.106 seconds
[2026-07-31T12:03:40.310+0000] {processor.py:161} INFO - Started process (PID=7064) to work on /home/airflow/.local/lib/python3.12/site-packages/airflow/example_dags/example_sensor_decorator.py
[2026-07-31T12:03:40.312+0000] {processor.py:830} INFO - Processing file /home/airflow/.local/lib/python3.12/site-packages/airflow/example_dags/example_sensor_decorator.py for tasks to queue
[2026-07-31T12:03:40.315+0000] {logging_mixin.py:188} INFO - [2026-07-31T12:03:40.314+0000] {dagbag.py:545} INFO - Filling up the DagBag from /home/airflow/.local/lib/python3.12/site-packages/airflow/example_dags/example_sensor_decorator.py
[2026-07-31T12:03:40.325+0000] {processor.py:840} INFO - DAG(s) 'example_sensor_decorator' retrieved from /home/airflow/.local/lib/python3.12/site-packages/airflow/example_dags/example_sensor_decorator.py
[2026-07-31T12:03:40.352+0000] {logging_mixin.py:188} INFO - [2026-07-31T12:03:40.351+0000] {dag.py:3089} INFO - Sync 1 DAGs
[2026-07-31T12:03:40.369+0000] {logging_mixin.py:188} INFO - [2026-07-31T12:03:40.369+0000] {dag.py:3947} INFO - Setting next_dagrun for example_sensor_decorator to None, run_after=None
[2026-07-31T12:03:40.395+0000] {processor.py:183} INFO - Processing /home/airflow/.local/lib/python3.12/site-packages/airflow/example_dags/example_sensor_decorator.py took 0.094 seconds
[2026-07-31T12:04:10.720+0000] {processor.py:161} INFO - Started process (PID=7122) to work on /home/airflow/.local/lib/python3.12/site-packages/airflow/example_dags/example_sensor_decorator.py
[2026-07-31T12:04:10.721+0000] {processor.py:830} INFO - Processing file /home/airflow/.local/lib/python3.12/site-packages/airflow/example_dags/example_sensor_decorator.py for tasks to queue
[2026-07-31T12:04:10.725+0000] {logging_mixin.py:188} INFO - [2026-07-31T12:04:10.724+0000] {dagbag.py:545} INFO - Filling up the DagBag from /home/airflow/.local/lib/python3.12/site-packages/airflow/example_dags/example_sensor_decorator.py
[2026-07-31T12:04:10.734+0000] {processor.py:840} INFO - DAG(s) 'example_sensor_decorator' retrieved from /home/airflow/.local/lib/python3.12/site-packages/airflow/example_dags/example_sensor_decorator.py
[2026-07-31T12:04:10.769+0000] {logging_mixin.py:188} INFO - [2026-07-31T12:04:10.768+0000] {dag.py:3089} INFO - Sync 1 DAGs
[2026-07-31T12:04:10.794+0000] {logging_mixin.py:188} INFO - [2026-07-31T12:04:10.793+0000] {dag.py:3947} INFO - Setting next_dagrun for example_sensor_decorator to None, run_after=None
[2026-07-31T12:04:10.824+0000] {processor.py:183} INFO - Processing /home/airflow/.local/lib/python3.12/site-packages/airflow/example_dags/example_sensor_decorator.py took 0.112 seconds
[2026-07-31T12:04:41.080+0000] {processor.py:161} INFO - Started process (PID=7180) to work on /home/airflow/.local/lib/python3.12/site-packages/airflow/example_dags/example_sensor_decorator.py
[2026-07-31T12:04:41.083+0000] {processor.py:830} INFO - Processing file /home/airflow/.local/lib/python3.12/site-packages/airflow/example_dags/example_sensor_decorator.py for tasks to queue
[2026-07-31T12:04:41.085+0000] {logging_mixin.py:188} INFO - [2026-07-31T12:04:41.085+0000] {dagbag.py:545} INFO - Filling up the DagBag from /home/airflow/.local/lib/python3.12/site-packages/airflow/example_dags/example_sensor_decorator.py
[2026-07-31T12:04:41.094+0000] {processor.py:840} INFO - DAG(s) 'example_sensor_decorator' retrieved from /home/airflow/.local/lib/python3.12/site-packages/airflow/example_dags/example_sensor_decorator.py
[2026-07-31T12:04:41.123+0000] {logging_mixin.py:188} INFO - [2026-07-31T12:04:41.123+0000] {dag.py:3089} INFO - Sync 1 DAGs
[2026-07-31T12:04:41.145+0000] {logging_mixin.py:188} INFO - [2026-07-31T12:04:41.145+0000] {dag.py:3947} INFO - Setting next_dagrun for example_sensor_decorator to None, run_after=None
[2026-07-31T12:04:41.194+0000] {processor.py:183} INFO - Processing /home/airflow/.local/lib/python3.12/site-packages/airflow/example_dags/example_sensor_decorator.py took 0.122 seconds
[2026-07-31T12:05:13.103+0000] {processor.py:161} INFO - Started process (PID=7238) to work on /home/airflow/.local/lib/python3.12/site-packages/airflow/example_dags/example_sensor_decorator.py
[2026-07-31T12:05:13.111+0000] {processor.py:830} INFO - Processing file /home/airflow/.local/lib/python3.12/site-packages/airflow/example_dags/example_sensor_decorator.py for tasks to queue
[2026-07-31T12:05:13.128+0000] {logging_mixin.py:188} INFO - [2026-07-31T12:05:13.127+0000] {dagbag.py:545} INFO - Filling up the DagBag from /home/airflow/.local/lib/python3.12/site-packages/airflow/example_dags/example_sensor_decorator.py
[2026-07-31T12:05:13.183+0000] {processor.py:840} INFO - DAG(s) 'example_sensor_decorator' retrieved from /home/airflow/.local/lib/python3.12/site-packages/airflow/example_dags/example_sensor_decorator.py
[2026-07-31T12:05:13.314+0000] {logging_mixin.py:188} INFO - [2026-07-31T12:05:13.314+0000] {dag.py:3089} INFO - Sync 1 DAGs
[2026-07-31T12:05:13.389+0000] {logging_mixin.py:188} INFO - [2026-07-31T12:05:13.388+0000] {dag.py:3947} INFO - Setting next_dagrun for example_sensor_decorator to None, run_after=None
[2026-07-31T12:05:13.565+0000] {processor.py:183} INFO - Processing /home/airflow/.local/lib/python3.12/site-packages/airflow/example_dags/example_sensor_decorator.py took 0.480 seconds
[2026-07-31T12:05:44.191+0000] {processor.py:161} INFO - Started process (PID=7297) to work on /home/airflow/.local/lib/python3.12/site-packages/airflow/example_dags/example_sensor_decorator.py
[2026-07-31T12:05:44.193+0000] {processor.py:830} INFO - Processing file /home/airflow/.local/lib/python3.12/site-packages/airflow/example_dags/example_sensor_decorator.py for tasks to queue
[2026-07-31T12:05:44.196+0000] {logging_mixin.py:188} INFO - [2026-07-31T12:05:44.196+0000] {dagbag.py:545} INFO - Filling up the DagBag from /home/airflow/.local/lib/python3.12/site-packages/airflow/example_dags/example_sensor_decorator.py
[2026-07-31T12:05:44.205+0000] {processor.py:840} INFO - DAG(s) 'example_sensor_decorator' retrieved from /home/airflow/.local/lib/python3.12/site-packages/airflow/example_dags/example_sensor_decorator.py
[2026-07-31T12:05:44.230+0000] {logging_mixin.py:188} INFO - [2026-07-31T12:05:44.230+0000] {dag.py:3089} INFO - Sync 1 DAGs
[2026-07-31T12:05:44.248+0000] {logging_mixin.py:188} INFO - [2026-07-31T12:05:44.248+0000] {dag.py:3947} INFO - Setting next_dagrun for example_sensor_decorator to None, run_after=None
[2026-07-31T12:05:44.282+0000] {processor.py:183} INFO - Processing /home/airflow/.local/lib/python3.12/site-packages/airflow/example_dags/example_sensor_decorator.py took 0.099 seconds
[2026-07-31T12:06:14.488+0000] {processor.py:161} INFO - Started process (PID=7355) to work on /home/airflow/.local/lib/python3.12/site-packages/airflow/example_dags/example_sensor_decorator.py
[2026-07-31T12:06:14.490+0000] {processor.py:830} INFO - Processing file /home/airflow/.local/lib/python3.12/site-packages/airflow/example_dags/example_sensor_decorator.py for tasks to queue
[2026-07-31T12:06:14.495+0000] {logging_mixin.py:188} INFO - [2026-07-31T12:06:14.493+0000] {dagbag.py:545} INFO - Filling up the DagBag from /home/airflow/.local/lib/python3.12/site-packages/airflow/example_dags/example_sensor_decorator.py
[2026-07-31T12:06:14.504+0000] {processor.py:840} INFO - DAG(s) 'example_sensor_decorator' retrieved from /home/airflow/.local/lib/python3.12/site-packages/airflow/example_dags/example_sensor_decorator.py
[2026-07-31T12:06:14.534+0000] {logging_mixin.py:188} INFO - [2026-07-31T12:06:14.534+0000] {dag.py:3089} INFO - Sync 1 DAGs
[2026-07-31T12:06:14.551+0000] {logging_mixin.py:188} INFO - [2026-07-31T12:06:14.550+0000] {dag.py:3947} INFO - Setting next_dagrun for example_sensor_decorator to None, run_after=None
[2026-07-31T12:06:14.575+0000] {processor.py:183} INFO - Processing /home/airflow/.local/lib/python3.12/site-packages/airflow/example_dags/example_sensor_decorator.py took 0.099 seconds
[2026-07-31T12:06:44.792+0000] {processor.py:161} INFO - Started process (PID=7413) to work on /home/airflow/.local/lib/python3.12/site-packages/airflow/example_dags/example_sensor_decorator.py
[2026-07-31T12:06:44.793+0000] {processor.py:830} INFO - Processing file /home/airflow/.local/lib/python3.12/site-packages/airflow/example_dags/example_sensor_decorator.py for tasks to queue
[2026-07-31T12:06:44.796+0000] {logging_mixin.py:188} INFO - [2026-07-31T12:06:44.795+0000] {dagbag.py:545} INFO - Filling up the DagBag from /home/airflow/.local/lib/python3.12/site-packages/airflow/example_dags/example_sensor_decorator.py
[2026-07-31T12:06:44.806+0000] {processor.py:840} INFO - DAG(s) 'example_sensor_decorator' retrieved from /home/airflow/.local/lib/python3.12/site-packages/airflow/example_dags/example_sensor_decorator.py
[2026-07-31T12:06:44.833+0000] {logging_mixin.py:188} INFO - [2026-07-31T12:06:44.832+0000] {dag.py:3089} INFO - Sync 1 DAGs
[2026-07-31T12:06:44.851+0000] {logging_mixin.py:188} INFO - [2026-07-31T12:06:44.850+0000] {dag.py:3947} INFO - Setting next_dagrun for example_sensor_decorator to None, run_after=None
[2026-07-31T12:06:44.875+0000] {processor.py:183} INFO - Processing /home/airflow/.local/lib/python3.12/site-packages/airflow/example_dags/example_sensor_decorator.py took 0.091 seconds
[2026-07-31T12:07:15.381+0000] {processor.py:161} INFO - Started process (PID=7471) to work on /home/airflow/.local/lib/python3.12/site-packages/airflow/example_dags/example_sensor_decorator.py
[2026-07-31T12:07:15.382+0000] {processor.py:830} INFO - Processing file /home/airflow/.local/lib/python3.12/site-packages/airflow/example_dags/example_sensor_decorator.py for tasks to queue
[2026-07-31T12:07:15.385+0000] {logging_mixin.py:188} INFO - [2026-07-31T12:07:15.384+0000] {dagbag.py:545} INFO - Filling up the DagBag from /home/airflow/.local/lib/python3.12/site-packages/airflow/example_dags/example_sensor_decorator.py
[2026-07-31T12:07:15.393+0000] {processor.py:840} INFO - DAG(s) 'example_sensor_decorator' retrieved from /home/airflow/.local/lib/python3.12/site-packages/airflow/example_dags/example_sensor_decorator.py
[2026-07-31T12:07:15.418+0000] {logging_mixin.py:188} INFO - [2026-07-31T12:07:15.418+0000] {dag.py:3089} INFO - Sync 1 DAGs
[2026-07-31T12:07:15.434+0000] {logging_mixin.py:188} INFO - [2026-07-31T12:07:15.434+0000] {dag.py:3947} INFO - Setting next_dagrun for example_sensor_decorator to None, run_after=None
[2026-07-31T12:07:15.461+0000] {processor.py:183} INFO - Processing /home/airflow/.local/lib/python3.12/site-packages/airflow/example_dags/example_sensor_decorator.py took 0.088 seconds
