[2026-07-31T10:53:05.659+0000] {processor.py:161} INFO - Started process (PID=109) to work on /home/airflow/.local/lib/python3.12/site-packages/airflow/example_dags/example_task_group_decorator.py
[2026-07-31T10:53:05.684+0000] {processor.py:830} INFO - Processing file /home/airflow/.local/lib/python3.12/site-packages/airflow/example_dags/example_task_group_decorator.py for tasks to queue
[2026-07-31T10:53:05.719+0000] {logging_mixin.py:188} INFO - [2026-07-31T10:53:05.718+0000] {dagbag.py:545} INFO - Filling up the DagBag from /home/airflow/.local/lib/python3.12/site-packages/airflow/example_dags/example_task_group_decorator.py
[2026-07-31T10:53:06.223+0000] {processor.py:840} INFO - DAG(s) 'example_task_group_decorator' retrieved from /home/airflow/.local/lib/python3.12/site-packages/airflow/example_dags/example_task_group_decorator.py
[2026-07-31T10:53:08.028+0000] {logging_mixin.py:188} INFO - [2026-07-31T10:53:08.027+0000] {dag.py:3089} INFO - Sync 1 DAGs
[2026-07-31T10:53:08.393+0000] {logging_mixin.py:188} INFO - [2026-07-31T10:53:08.389+0000] {dag.py:3947} INFO - Setting next_dagrun for example_task_group_decorator to 2026-07-30 00:00:00+00:00, run_after=2026-07-31 00:00:00+00:00
[2026-07-31T10:53:08.661+0000] {processor.py:183} INFO - Processing /home/airflow/.local/lib/python3.12/site-packages/airflow/example_dags/example_task_group_decorator.py took 3.043 seconds
[2026-07-31T10:53:57.317+0000] {processor.py:161} INFO - Started process (PID=173) to work on /home/airflow/.local/lib/python3.12/site-packages/airflow/example_dags/example_task_group_decorator.py
[2026-07-31T10:53:57.320+0000] {processor.py:830} INFO - Processing file /home/airflow/.local/lib/python3.12/site-packages/airflow/example_dags/example_task_group_decorator.py for tasks to queue
[2026-07-31T10:53:57.325+0000] {logging_mixin.py:188} INFO - [2026-07-31T10:53:57.324+0000] {dagbag.py:545} INFO - Filling up the DagBag from /home/airflow/.local/lib/python3.12/site-packages/airflow/example_dags/example_task_group_decorator.py
[2026-07-31T10:53:57.387+0000] {processor.py:840} INFO - DAG(s) 'example_task_group_decorator' retrieved from /home/airflow/.local/lib/python3.12/site-packages/airflow/example_dags/example_task_group_decorator.py
[2026-07-31T10:53:57.507+0000] {logging_mixin.py:188} INFO - [2026-07-31T10:53:57.503+0000] {dag.py:3089} INFO - Sync 1 DAGs
[2026-07-31T10:53:57.603+0000] {logging_mixin.py:188} INFO - [2026-07-31T10:53:57.602+0000] {dag.py:3947} INFO - Setting next_dagrun for example_task_group_decorator to 2026-07-30 00:00:00+00:00, run_after=2026-07-31 00:00:00+00:00
[2026-07-31T10:53:57.676+0000] {processor.py:183} INFO - Processing /home/airflow/.local/lib/python3.12/site-packages/airflow/example_dags/example_task_group_decorator.py took 0.377 seconds
[2026-07-31T10:55:14.376+0000] {processor.py:161} INFO - Started process (PID=232) to work on /home/airflow/.local/lib/python3.12/site-packages/airflow/example_dags/example_task_group_decorator.py
[2026-07-31T10:55:14.380+0000] {processor.py:830} INFO - Processing file /home/airflow/.local/lib/python3.12/site-packages/airflow/example_dags/example_task_group_decorator.py for tasks to queue
[2026-07-31T10:55:14.385+0000] {logging_mixin.py:188} INFO - [2026-07-31T10:55:14.385+0000] {dagbag.py:545} INFO - Filling up the DagBag from /home/airflow/.local/lib/python3.12/site-packages/airflow/example_dags/example_task_group_decorator.py
[2026-07-31T10:55:14.464+0000] {processor.py:840} INFO - DAG(s) 'example_task_group_decorator' retrieved from /home/airflow/.local/lib/python3.12/site-packages/airflow/example_dags/example_task_group_decorator.py
[2026-07-31T10:55:14.628+0000] {logging_mixin.py:188} INFO - [2026-07-31T10:55:14.627+0000] {dag.py:3089} INFO - Sync 1 DAGs
[2026-07-31T10:55:14.715+0000] {logging_mixin.py:188} INFO - [2026-07-31T10:55:14.714+0000] {dag.py:3947} INFO - Setting next_dagrun for example_task_group_decorator to 2026-07-30 00:00:00+00:00, run_after=2026-07-31 00:00:00+00:00
[2026-07-31T10:55:14.842+0000] {processor.py:183} INFO - Processing /home/airflow/.local/lib/python3.12/site-packages/airflow/example_dags/example_task_group_decorator.py took 0.484 seconds
[2026-07-31T10:55:45.044+0000] {processor.py:161} INFO - Started process (PID=290) to work on /home/airflow/.local/lib/python3.12/site-packages/airflow/example_dags/example_task_group_decorator.py
[2026-07-31T10:55:45.046+0000] {processor.py:830} INFO - Processing file /home/airflow/.local/lib/python3.12/site-packages/airflow/example_dags/example_task_group_decorator.py for tasks to queue
[2026-07-31T10:55:45.051+0000] {logging_mixin.py:188} INFO - [2026-07-31T10:55:45.050+0000] {dagbag.py:545} INFO - Filling up the DagBag from /home/airflow/.local/lib/python3.12/site-packages/airflow/example_dags/example_task_group_decorator.py
[2026-07-31T10:55:45.088+0000] {processor.py:840} INFO - DAG(s) 'example_task_group_decorator' retrieved from /home/airflow/.local/lib/python3.12/site-packages/airflow/example_dags/example_task_group_decorator.py
[2026-07-31T10:55:45.141+0000] {logging_mixin.py:188} INFO - [2026-07-31T10:55:45.141+0000] {dag.py:3089} INFO - Sync 1 DAGs
[2026-07-31T10:55:45.235+0000] {logging_mixin.py:188} INFO - [2026-07-31T10:55:45.234+0000] {dag.py:3947} INFO - Setting next_dagrun for example_task_group_decorator to 2026-07-30 00:00:00+00:00, run_after=2026-07-31 00:00:00+00:00
[2026-07-31T10:55:45.318+0000] {processor.py:183} INFO - Processing /home/airflow/.local/lib/python3.12/site-packages/airflow/example_dags/example_task_group_decorator.py took 0.288 seconds
[2026-07-31T10:56:17.290+0000] {processor.py:161} INFO - Started process (PID=348) to work on /home/airflow/.local/lib/python3.12/site-packages/airflow/example_dags/example_task_group_decorator.py
[2026-07-31T10:56:17.293+0000] {processor.py:830} INFO - Processing file /home/airflow/.local/lib/python3.12/site-packages/airflow/example_dags/example_task_group_decorator.py for tasks to queue
[2026-07-31T10:56:17.297+0000] {logging_mixin.py:188} INFO - [2026-07-31T10:56:17.296+0000] {dagbag.py:545} INFO - Filling up the DagBag from /home/airflow/.local/lib/python3.12/site-packages/airflow/example_dags/example_task_group_decorator.py
[2026-07-31T10:56:17.336+0000] {processor.py:840} INFO - DAG(s) 'example_task_group_decorator' retrieved from /home/airflow/.local/lib/python3.12/site-packages/airflow/example_dags/example_task_group_decorator.py
[2026-07-31T10:56:17.394+0000] {logging_mixin.py:188} INFO - [2026-07-31T10:56:17.393+0000] {dag.py:3089} INFO - Sync 1 DAGs
[2026-07-31T10:56:17.440+0000] {logging_mixin.py:188} INFO - [2026-07-31T10:56:17.440+0000] {dag.py:3947} INFO - Setting next_dagrun for example_task_group_decorator to 2026-07-30 00:00:00+00:00, run_after=2026-07-31 00:00:00+00:00
[2026-07-31T10:56:17.481+0000] {processor.py:183} INFO - Processing /home/airflow/.local/lib/python3.12/site-packages/airflow/example_dags/example_task_group_decorator.py took 0.202 seconds
[2026-07-31T10:56:54.175+0000] {processor.py:161} INFO - Started process (PID=406) to work on /home/airflow/.local/lib/python3.12/site-packages/airflow/example_dags/example_task_group_decorator.py
[2026-07-31T10:56:54.182+0000] {processor.py:830} INFO - Processing file /home/airflow/.local/lib/python3.12/site-packages/airflow/example_dags/example_task_group_decorator.py for tasks to queue
[2026-07-31T10:56:54.197+0000] {logging_mixin.py:188} INFO - [2026-07-31T10:56:54.193+0000] {dagbag.py:545} INFO - Filling up the DagBag from /home/airflow/.local/lib/python3.12/site-packages/airflow/example_dags/example_task_group_decorator.py
[2026-07-31T10:56:54.381+0000] {processor.py:840} INFO - DAG(s) 'example_task_group_decorator' retrieved from /home/airflow/.local/lib/python3.12/site-packages/airflow/example_dags/example_task_group_decorator.py
[2026-07-31T10:56:54.662+0000] {logging_mixin.py:188} INFO - [2026-07-31T10:56:54.661+0000] {dag.py:3089} INFO - Sync 1 DAGs
[2026-07-31T10:56:54.753+0000] {logging_mixin.py:188} INFO - [2026-07-31T10:56:54.753+0000] {dag.py:3947} INFO - Setting next_dagrun for example_task_group_decorator to 2026-07-30 00:00:00+00:00, run_after=2026-07-31 00:00:00+00:00
[2026-07-31T10:56:54.795+0000] {processor.py:183} INFO - Processing /home/airflow/.local/lib/python3.12/site-packages/airflow/example_dags/example_task_group_decorator.py took 0.648 seconds
[2026-07-31T10:57:25.872+0000] {processor.py:161} INFO - Started process (PID=462) to work on /home/airflow/.local/lib/python3.12/site-packages/airflow/example_dags/example_task_group_decorator.py
[2026-07-31T10:57:25.874+0000] {processor.py:830} INFO - Processing file /home/airflow/.local/lib/python3.12/site-packages/airflow/example_dags/example_task_group_decorator.py for tasks to queue
[2026-07-31T10:57:25.881+0000] {logging_mixin.py:188} INFO - [2026-07-31T10:57:25.880+0000] {dagbag.py:545} INFO - Filling up the DagBag from /home/airflow/.local/lib/python3.12/site-packages/airflow/example_dags/example_task_group_decorator.py
[2026-07-31T10:57:25.935+0000] {processor.py:840} INFO - DAG(s) 'example_task_group_decorator' retrieved from /home/airflow/.local/lib/python3.12/site-packages/airflow/example_dags/example_task_group_decorator.py
[2026-07-31T10:57:26.026+0000] {logging_mixin.py:188} INFO - [2026-07-31T10:57:26.026+0000] {dag.py:3089} INFO - Sync 1 DAGs
[2026-07-31T10:57:26.129+0000] {logging_mixin.py:188} INFO - [2026-07-31T10:57:26.128+0000] {dag.py:3947} INFO - Setting next_dagrun for example_task_group_decorator to 2026-07-30 00:00:00+00:00, run_after=2026-07-31 00:00:00+00:00
[2026-07-31T10:57:26.194+0000] {processor.py:183} INFO - Processing /home/airflow/.local/lib/python3.12/site-packages/airflow/example_dags/example_task_group_decorator.py took 0.374 seconds
[2026-07-31T10:57:56.785+0000] {processor.py:161} INFO - Started process (PID=520) to work on /home/airflow/.local/lib/python3.12/site-packages/airflow/example_dags/example_task_group_decorator.py
[2026-07-31T10:57:56.788+0000] {processor.py:830} INFO - Processing file /home/airflow/.local/lib/python3.12/site-packages/airflow/example_dags/example_task_group_decorator.py for tasks to queue
[2026-07-31T10:57:56.791+0000] {logging_mixin.py:188} INFO - [2026-07-31T10:57:56.791+0000] {dagbag.py:545} INFO - Filling up the DagBag from /home/airflow/.local/lib/python3.12/site-packages/airflow/example_dags/example_task_group_decorator.py
[2026-07-31T10:57:56.813+0000] {processor.py:840} INFO - DAG(s) 'example_task_group_decorator' retrieved from /home/airflow/.local/lib/python3.12/site-packages/airflow/example_dags/example_task_group_decorator.py
[2026-07-31T10:57:56.861+0000] {logging_mixin.py:188} INFO - [2026-07-31T10:57:56.860+0000] {dag.py:3089} INFO - Sync 1 DAGs
[2026-07-31T10:57:56.902+0000] {logging_mixin.py:188} INFO - [2026-07-31T10:57:56.901+0000] {dag.py:3947} INFO - Setting next_dagrun for example_task_group_decorator to 2026-07-30 00:00:00+00:00, run_after=2026-07-31 00:00:00+00:00
[2026-07-31T10:57:56.964+0000] {processor.py:183} INFO - Processing /home/airflow/.local/lib/python3.12/site-packages/airflow/example_dags/example_task_group_decorator.py took 0.191 seconds
[2026-07-31T10:58:27.118+0000] {processor.py:161} INFO - Started process (PID=578) to work on /home/airflow/.local/lib/python3.12/site-packages/airflow/example_dags/example_task_group_decorator.py
[2026-07-31T10:58:27.120+0000] {processor.py:830} INFO - Processing file /home/airflow/.local/lib/python3.12/site-packages/airflow/example_dags/example_task_group_decorator.py for tasks to queue
[2026-07-31T10:58:27.123+0000] {logging_mixin.py:188} INFO - [2026-07-31T10:58:27.122+0000] {dagbag.py:545} INFO - Filling up the DagBag from /home/airflow/.local/lib/python3.12/site-packages/airflow/example_dags/example_task_group_decorator.py
[2026-07-31T10:58:27.157+0000] {processor.py:840} INFO - DAG(s) 'example_task_group_decorator' retrieved from /home/airflow/.local/lib/python3.12/site-packages/airflow/example_dags/example_task_group_decorator.py
[2026-07-31T10:58:27.198+0000] {logging_mixin.py:188} INFO - [2026-07-31T10:58:27.198+0000] {dag.py:3089} INFO - Sync 1 DAGs
[2026-07-31T10:58:27.239+0000] {logging_mixin.py:188} INFO - [2026-07-31T10:58:27.239+0000] {dag.py:3947} INFO - Setting next_dagrun for example_task_group_decorator to 2026-07-30 00:00:00+00:00, run_after=2026-07-31 00:00:00+00:00
[2026-07-31T10:58:27.273+0000] {processor.py:183} INFO - Processing /home/airflow/.local/lib/python3.12/site-packages/airflow/example_dags/example_task_group_decorator.py took 0.164 seconds
[2026-07-31T10:58:57.709+0000] {processor.py:161} INFO - Started process (PID=636) to work on /home/airflow/.local/lib/python3.12/site-packages/airflow/example_dags/example_task_group_decorator.py
[2026-07-31T10:58:57.711+0000] {processor.py:830} INFO - Processing file /home/airflow/.local/lib/python3.12/site-packages/airflow/example_dags/example_task_group_decorator.py for tasks to queue
[2026-07-31T10:58:57.716+0000] {logging_mixin.py:188} INFO - [2026-07-31T10:58:57.716+0000] {dagbag.py:545} INFO - Filling up the DagBag from /home/airflow/.local/lib/python3.12/site-packages/airflow/example_dags/example_task_group_decorator.py
[2026-07-31T10:58:57.744+0000] {processor.py:840} INFO - DAG(s) 'example_task_group_decorator' retrieved from /home/airflow/.local/lib/python3.12/site-packages/airflow/example_dags/example_task_group_decorator.py
[2026-07-31T10:58:57.789+0000] {logging_mixin.py:188} INFO - [2026-07-31T10:58:57.789+0000] {dag.py:3089} INFO - Sync 1 DAGs
[2026-07-31T10:58:57.831+0000] {logging_mixin.py:188} INFO - [2026-07-31T10:58:57.830+0000] {dag.py:3947} INFO - Setting next_dagrun for example_task_group_decorator to 2026-07-30 00:00:00+00:00, run_after=2026-07-31 00:00:00+00:00
[2026-07-31T10:58:57.883+0000] {processor.py:183} INFO - Processing /home/airflow/.local/lib/python3.12/site-packages/airflow/example_dags/example_task_group_decorator.py took 0.183 seconds
[2026-07-31T10:59:28.125+0000] {processor.py:161} INFO - Started process (PID=695) to work on /home/airflow/.local/lib/python3.12/site-packages/airflow/example_dags/example_task_group_decorator.py
[2026-07-31T10:59:28.129+0000] {processor.py:830} INFO - Processing file /home/airflow/.local/lib/python3.12/site-packages/airflow/example_dags/example_task_group_decorator.py for tasks to queue
[2026-07-31T10:59:28.135+0000] {logging_mixin.py:188} INFO - [2026-07-31T10:59:28.134+0000] {dagbag.py:545} INFO - Filling up the DagBag from /home/airflow/.local/lib/python3.12/site-packages/airflow/example_dags/example_task_group_decorator.py
[2026-07-31T10:59:28.199+0000] {processor.py:840} INFO - DAG(s) 'example_task_group_decorator' retrieved from /home/airflow/.local/lib/python3.12/site-packages/airflow/example_dags/example_task_group_decorator.py
[2026-07-31T10:59:28.327+0000] {logging_mixin.py:188} INFO - [2026-07-31T10:59:28.325+0000] {dag.py:3089} INFO - Sync 1 DAGs
[2026-07-31T10:59:28.469+0000] {logging_mixin.py:188} INFO - [2026-07-31T10:59:28.466+0000] {dag.py:3947} INFO - Setting next_dagrun for example_task_group_decorator to 2026-07-30 00:00:00+00:00, run_after=2026-07-31 00:00:00+00:00
[2026-07-31T10:59:28.605+0000] {processor.py:183} INFO - Processing /home/airflow/.local/lib/python3.12/site-packages/airflow/example_dags/example_task_group_decorator.py took 0.500 seconds
[2026-07-31T10:59:59.474+0000] {processor.py:161} INFO - Started process (PID=752) to work on /home/airflow/.local/lib/python3.12/site-packages/airflow/example_dags/example_task_group_decorator.py
[2026-07-31T10:59:59.477+0000] {processor.py:830} INFO - Processing file /home/airflow/.local/lib/python3.12/site-packages/airflow/example_dags/example_task_group_decorator.py for tasks to queue
[2026-07-31T10:59:59.484+0000] {logging_mixin.py:188} INFO - [2026-07-31T10:59:59.484+0000] {dagbag.py:545} INFO - Filling up the DagBag from /home/airflow/.local/lib/python3.12/site-packages/airflow/example_dags/example_task_group_decorator.py
[2026-07-31T10:59:59.524+0000] {processor.py:840} INFO - DAG(s) 'example_task_group_decorator' retrieved from /home/airflow/.local/lib/python3.12/site-packages/airflow/example_dags/example_task_group_decorator.py
[2026-07-31T10:59:59.585+0000] {logging_mixin.py:188} INFO - [2026-07-31T10:59:59.585+0000] {dag.py:3089} INFO - Sync 1 DAGs
[2026-07-31T10:59:59.643+0000] {logging_mixin.py:188} INFO - [2026-07-31T10:59:59.643+0000] {dag.py:3947} INFO - Setting next_dagrun for example_task_group_decorator to 2026-07-30 00:00:00+00:00, run_after=2026-07-31 00:00:00+00:00
[2026-07-31T10:59:59.709+0000] {processor.py:183} INFO - Processing /home/airflow/.local/lib/python3.12/site-packages/airflow/example_dags/example_task_group_decorator.py took 0.256 seconds
[2026-07-31T11:00:29.989+0000] {processor.py:161} INFO - Started process (PID=810) to work on /home/airflow/.local/lib/python3.12/site-packages/airflow/example_dags/example_task_group_decorator.py
[2026-07-31T11:00:29.991+0000] {processor.py:830} INFO - Processing file /home/airflow/.local/lib/python3.12/site-packages/airflow/example_dags/example_task_group_decorator.py for tasks to queue
[2026-07-31T11:00:29.994+0000] {logging_mixin.py:188} INFO - [2026-07-31T11:00:29.994+0000] {dagbag.py:545} INFO - Filling up the DagBag from /home/airflow/.local/lib/python3.12/site-packages/airflow/example_dags/example_task_group_decorator.py
[2026-07-31T11:00:30.025+0000] {processor.py:840} INFO - DAG(s) 'example_task_group_decorator' retrieved from /home/airflow/.local/lib/python3.12/site-packages/airflow/example_dags/example_task_group_decorator.py
[2026-07-31T11:00:30.065+0000] {logging_mixin.py:188} INFO - [2026-07-31T11:00:30.065+0000] {dag.py:3089} INFO - Sync 1 DAGs
[2026-07-31T11:00:30.102+0000] {logging_mixin.py:188} INFO - [2026-07-31T11:00:30.101+0000] {dag.py:3947} INFO - Setting next_dagrun for example_task_group_decorator to 2026-07-30 00:00:00+00:00, run_after=2026-07-31 00:00:00+00:00
[2026-07-31T11:00:30.141+0000] {processor.py:183} INFO - Processing /home/airflow/.local/lib/python3.12/site-packages/airflow/example_dags/example_task_group_decorator.py took 0.163 seconds
[2026-07-31T11:01:00.221+0000] {processor.py:161} INFO - Started process (PID=868) to work on /home/airflow/.local/lib/python3.12/site-packages/airflow/example_dags/example_task_group_decorator.py
[2026-07-31T11:01:00.222+0000] {processor.py:830} INFO - Processing file /home/airflow/.local/lib/python3.12/site-packages/airflow/example_dags/example_task_group_decorator.py for tasks to queue
[2026-07-31T11:01:00.225+0000] {logging_mixin.py:188} INFO - [2026-07-31T11:01:00.224+0000] {dagbag.py:545} INFO - Filling up the DagBag from /home/airflow/.local/lib/python3.12/site-packages/airflow/example_dags/example_task_group_decorator.py
[2026-07-31T11:01:00.243+0000] {processor.py:840} INFO - DAG(s) 'example_task_group_decorator' retrieved from /home/airflow/.local/lib/python3.12/site-packages/airflow/example_dags/example_task_group_decorator.py
[2026-07-31T11:01:00.276+0000] {logging_mixin.py:188} INFO - [2026-07-31T11:01:00.275+0000] {dag.py:3089} INFO - Sync 1 DAGs
[2026-07-31T11:01:00.302+0000] {logging_mixin.py:188} INFO - [2026-07-31T11:01:00.302+0000] {dag.py:3947} INFO - Setting next_dagrun for example_task_group_decorator to 2026-07-30 00:00:00+00:00, run_after=2026-07-31 00:00:00+00:00
[2026-07-31T11:01:00.328+0000] {processor.py:183} INFO - Processing /home/airflow/.local/lib/python3.12/site-packages/airflow/example_dags/example_task_group_decorator.py took 0.115 seconds
[2026-07-31T11:01:30.944+0000] {processor.py:161} INFO - Started process (PID=926) to work on /home/airflow/.local/lib/python3.12/site-packages/airflow/example_dags/example_task_group_decorator.py
[2026-07-31T11:01:30.947+0000] {processor.py:830} INFO - Processing file /home/airflow/.local/lib/python3.12/site-packages/airflow/example_dags/example_task_group_decorator.py for tasks to queue
[2026-07-31T11:01:30.956+0000] {logging_mixin.py:188} INFO - [2026-07-31T11:01:30.954+0000] {dagbag.py:545} INFO - Filling up the DagBag from /home/airflow/.local/lib/python3.12/site-packages/airflow/example_dags/example_task_group_decorator.py
[2026-07-31T11:01:31.000+0000] {processor.py:840} INFO - DAG(s) 'example_task_group_decorator' retrieved from /home/airflow/.local/lib/python3.12/site-packages/airflow/example_dags/example_task_group_decorator.py
[2026-07-31T11:01:31.076+0000] {logging_mixin.py:188} INFO - [2026-07-31T11:01:31.075+0000] {dag.py:3089} INFO - Sync 1 DAGs
[2026-07-31T11:01:31.155+0000] {logging_mixin.py:188} INFO - [2026-07-31T11:01:31.154+0000] {dag.py:3947} INFO - Setting next_dagrun for example_task_group_decorator to 2026-07-30 00:00:00+00:00, run_after=2026-07-31 00:00:00+00:00
[2026-07-31T11:01:31.302+0000] {processor.py:183} INFO - Processing /home/airflow/.local/lib/python3.12/site-packages/airflow/example_dags/example_task_group_decorator.py took 0.379 seconds
[2026-07-31T11:02:01.837+0000] {processor.py:161} INFO - Started process (PID=984) to work on /home/airflow/.local/lib/python3.12/site-packages/airflow/example_dags/example_task_group_decorator.py
[2026-07-31T11:02:01.841+0000] {processor.py:830} INFO - Processing file /home/airflow/.local/lib/python3.12/site-packages/airflow/example_dags/example_task_group_decorator.py for tasks to queue
[2026-07-31T11:02:01.849+0000] {logging_mixin.py:188} INFO - [2026-07-31T11:02:01.848+0000] {dagbag.py:545} INFO - Filling up the DagBag from /home/airflow/.local/lib/python3.12/site-packages/airflow/example_dags/example_task_group_decorator.py
[2026-07-31T11:02:01.926+0000] {processor.py:840} INFO - DAG(s) 'example_task_group_decorator' retrieved from /home/airflow/.local/lib/python3.12/site-packages/airflow/example_dags/example_task_group_decorator.py
[2026-07-31T11:02:02.039+0000] {logging_mixin.py:188} INFO - [2026-07-31T11:02:02.039+0000] {dag.py:3089} INFO - Sync 1 DAGs
[2026-07-31T11:02:02.112+0000] {logging_mixin.py:188} INFO - [2026-07-31T11:02:02.112+0000] {dag.py:3947} INFO - Setting next_dagrun for example_task_group_decorator to 2026-07-30 00:00:00+00:00, run_after=2026-07-31 00:00:00+00:00
[2026-07-31T11:02:02.182+0000] {processor.py:183} INFO - Processing /home/airflow/.local/lib/python3.12/site-packages/airflow/example_dags/example_task_group_decorator.py took 0.375 seconds
[2026-07-31T11:02:38.231+0000] {processor.py:161} INFO - Started process (PID=1044) to work on /home/airflow/.local/lib/python3.12/site-packages/airflow/example_dags/example_task_group_decorator.py
[2026-07-31T11:02:38.243+0000] {processor.py:830} INFO - Processing file /home/airflow/.local/lib/python3.12/site-packages/airflow/example_dags/example_task_group_decorator.py for tasks to queue
[2026-07-31T11:02:38.250+0000] {logging_mixin.py:188} INFO - [2026-07-31T11:02:38.249+0000] {dagbag.py:545} INFO - Filling up the DagBag from /home/airflow/.local/lib/python3.12/site-packages/airflow/example_dags/example_task_group_decorator.py
[2026-07-31T11:02:38.464+0000] {processor.py:840} INFO - DAG(s) 'example_task_group_decorator' retrieved from /home/airflow/.local/lib/python3.12/site-packages/airflow/example_dags/example_task_group_decorator.py
[2026-07-31T11:02:38.696+0000] {logging_mixin.py:188} INFO - [2026-07-31T11:02:38.693+0000] {dag.py:3089} INFO - Sync 1 DAGs
[2026-07-31T11:02:38.916+0000] {logging_mixin.py:188} INFO - [2026-07-31T11:02:38.915+0000] {dag.py:3947} INFO - Setting next_dagrun for example_task_group_decorator to 2026-07-30 00:00:00+00:00, run_after=2026-07-31 00:00:00+00:00
[2026-07-31T11:02:39.230+0000] {processor.py:183} INFO - Processing /home/airflow/.local/lib/python3.12/site-packages/airflow/example_dags/example_task_group_decorator.py took 1.032 seconds
[2026-07-31T11:03:09.562+0000] {processor.py:161} INFO - Started process (PID=1100) to work on /home/airflow/.local/lib/python3.12/site-packages/airflow/example_dags/example_task_group_decorator.py
[2026-07-31T11:03:09.565+0000] {processor.py:830} INFO - Processing file /home/airflow/.local/lib/python3.12/site-packages/airflow/example_dags/example_task_group_decorator.py for tasks to queue
[2026-07-31T11:03:09.574+0000] {logging_mixin.py:188} INFO - [2026-07-31T11:03:09.572+0000] {dagbag.py:545} INFO - Filling up the DagBag from /home/airflow/.local/lib/python3.12/site-packages/airflow/example_dags/example_task_group_decorator.py
[2026-07-31T11:03:09.637+0000] {processor.py:840} INFO - DAG(s) 'example_task_group_decorator' retrieved from /home/airflow/.local/lib/python3.12/site-packages/airflow/example_dags/example_task_group_decorator.py
[2026-07-31T11:03:09.751+0000] {logging_mixin.py:188} INFO - [2026-07-31T11:03:09.750+0000] {dag.py:3089} INFO - Sync 1 DAGs
[2026-07-31T11:03:09.863+0000] {logging_mixin.py:188} INFO - [2026-07-31T11:03:09.862+0000] {dag.py:3947} INFO - Setting next_dagrun for example_task_group_decorator to 2026-07-30 00:00:00+00:00, run_after=2026-07-31 00:00:00+00:00
[2026-07-31T11:03:09.949+0000] {processor.py:183} INFO - Processing /home/airflow/.local/lib/python3.12/site-packages/airflow/example_dags/example_task_group_decorator.py took 0.416 seconds
[2026-07-31T11:03:40.709+0000] {processor.py:161} INFO - Started process (PID=1158) to work on /home/airflow/.local/lib/python3.12/site-packages/airflow/example_dags/example_task_group_decorator.py
[2026-07-31T11:03:40.713+0000] {processor.py:830} INFO - Processing file /home/airflow/.local/lib/python3.12/site-packages/airflow/example_dags/example_task_group_decorator.py for tasks to queue
[2026-07-31T11:03:40.719+0000] {logging_mixin.py:188} INFO - [2026-07-31T11:03:40.719+0000] {dagbag.py:545} INFO - Filling up the DagBag from /home/airflow/.local/lib/python3.12/site-packages/airflow/example_dags/example_task_group_decorator.py
[2026-07-31T11:03:40.766+0000] {processor.py:840} INFO - DAG(s) 'example_task_group_decorator' retrieved from /home/airflow/.local/lib/python3.12/site-packages/airflow/example_dags/example_task_group_decorator.py
[2026-07-31T11:03:40.831+0000] {logging_mixin.py:188} INFO - [2026-07-31T11:03:40.831+0000] {dag.py:3089} INFO - Sync 1 DAGs
[2026-07-31T11:03:40.886+0000] {logging_mixin.py:188} INFO - [2026-07-31T11:03:40.886+0000] {dag.py:3947} INFO - Setting next_dagrun for example_task_group_decorator to 2026-07-30 00:00:00+00:00, run_after=2026-07-31 00:00:00+00:00
[2026-07-31T11:03:40.937+0000] {processor.py:183} INFO - Processing /home/airflow/.local/lib/python3.12/site-packages/airflow/example_dags/example_task_group_decorator.py took 0.247 seconds
[2026-07-31T11:04:11.148+0000] {processor.py:161} INFO - Started process (PID=1216) to work on /home/airflow/.local/lib/python3.12/site-packages/airflow/example_dags/example_task_group_decorator.py
[2026-07-31T11:04:11.162+0000] {processor.py:830} INFO - Processing file /home/airflow/.local/lib/python3.12/site-packages/airflow/example_dags/example_task_group_decorator.py for tasks to queue
[2026-07-31T11:04:11.169+0000] {logging_mixin.py:188} INFO - [2026-07-31T11:04:11.167+0000] {dagbag.py:545} INFO - Filling up the DagBag from /home/airflow/.local/lib/python3.12/site-packages/airflow/example_dags/example_task_group_decorator.py
[2026-07-31T11:04:11.346+0000] {processor.py:840} INFO - DAG(s) 'example_task_group_decorator' retrieved from /home/airflow/.local/lib/python3.12/site-packages/airflow/example_dags/example_task_group_decorator.py
[2026-07-31T11:04:11.426+0000] {logging_mixin.py:188} INFO - [2026-07-31T11:04:11.425+0000] {dag.py:3089} INFO - Sync 1 DAGs
[2026-07-31T11:04:11.492+0000] {logging_mixin.py:188} INFO - [2026-07-31T11:04:11.491+0000] {dag.py:3947} INFO - Setting next_dagrun for example_task_group_decorator to 2026-07-30 00:00:00+00:00, run_after=2026-07-31 00:00:00+00:00
[2026-07-31T11:04:11.555+0000] {processor.py:183} INFO - Processing /home/airflow/.local/lib/python3.12/site-packages/airflow/example_dags/example_task_group_decorator.py took 0.424 seconds
[2026-07-31T11:04:48.981+0000] {processor.py:161} INFO - Started process (PID=1272) to work on /home/airflow/.local/lib/python3.12/site-packages/airflow/example_dags/example_task_group_decorator.py
[2026-07-31T11:04:49.021+0000] {processor.py:830} INFO - Processing file /home/airflow/.local/lib/python3.12/site-packages/airflow/example_dags/example_task_group_decorator.py for tasks to queue
[2026-07-31T11:04:49.039+0000] {logging_mixin.py:188} INFO - [2026-07-31T11:04:49.038+0000] {dagbag.py:545} INFO - Filling up the DagBag from /home/airflow/.local/lib/python3.12/site-packages/airflow/example_dags/example_task_group_decorator.py
[2026-07-31T11:04:49.333+0000] {processor.py:840} INFO - DAG(s) 'example_task_group_decorator' retrieved from /home/airflow/.local/lib/python3.12/site-packages/airflow/example_dags/example_task_group_decorator.py
[2026-07-31T11:04:49.614+0000] {logging_mixin.py:188} INFO - [2026-07-31T11:04:49.608+0000] {dag.py:3089} INFO - Sync 1 DAGs
[2026-07-31T11:04:50.206+0000] {logging_mixin.py:188} INFO - [2026-07-31T11:04:50.205+0000] {dag.py:3947} INFO - Setting next_dagrun for example_task_group_decorator to 2026-07-30 00:00:00+00:00, run_after=2026-07-31 00:00:00+00:00
[2026-07-31T11:04:50.489+0000] {processor.py:183} INFO - Processing /home/airflow/.local/lib/python3.12/site-packages/airflow/example_dags/example_task_group_decorator.py took 1.581 seconds
[2026-07-31T11:05:38.085+0000] {processor.py:161} INFO - Started process (PID=1309) to work on /home/airflow/.local/lib/python3.12/site-packages/airflow/example_dags/example_task_group_decorator.py
[2026-07-31T11:05:38.089+0000] {processor.py:830} INFO - Processing file /home/airflow/.local/lib/python3.12/site-packages/airflow/example_dags/example_task_group_decorator.py for tasks to queue
[2026-07-31T11:05:38.097+0000] {logging_mixin.py:188} INFO - [2026-07-31T11:05:38.095+0000] {dagbag.py:545} INFO - Filling up the DagBag from /home/airflow/.local/lib/python3.12/site-packages/airflow/example_dags/example_task_group_decorator.py
[2026-07-31T11:05:38.176+0000] {processor.py:840} INFO - DAG(s) 'example_task_group_decorator' retrieved from /home/airflow/.local/lib/python3.12/site-packages/airflow/example_dags/example_task_group_decorator.py
[2026-07-31T11:05:38.308+0000] {logging_mixin.py:188} INFO - [2026-07-31T11:05:38.307+0000] {dag.py:3089} INFO - Sync 1 DAGs
[2026-07-31T11:05:38.404+0000] {logging_mixin.py:188} INFO - [2026-07-31T11:05:38.403+0000] {dag.py:3947} INFO - Setting next_dagrun for example_task_group_decorator to 2026-07-30 00:00:00+00:00, run_after=2026-07-31 00:00:00+00:00
[2026-07-31T11:05:38.479+0000] {processor.py:183} INFO - Processing /home/airflow/.local/lib/python3.12/site-packages/airflow/example_dags/example_task_group_decorator.py took 0.418 seconds
[2026-07-31T11:06:15.621+0000] {processor.py:161} INFO - Started process (PID=1361) to work on /home/airflow/.local/lib/python3.12/site-packages/airflow/example_dags/example_task_group_decorator.py
[2026-07-31T11:06:15.626+0000] {processor.py:830} INFO - Processing file /home/airflow/.local/lib/python3.12/site-packages/airflow/example_dags/example_task_group_decorator.py for tasks to queue
[2026-07-31T11:06:15.635+0000] {logging_mixin.py:188} INFO - [2026-07-31T11:06:15.633+0000] {dagbag.py:545} INFO - Filling up the DagBag from /home/airflow/.local/lib/python3.12/site-packages/airflow/example_dags/example_task_group_decorator.py
[2026-07-31T11:06:15.745+0000] {processor.py:840} INFO - DAG(s) 'example_task_group_decorator' retrieved from /home/airflow/.local/lib/python3.12/site-packages/airflow/example_dags/example_task_group_decorator.py
[2026-07-31T11:06:15.945+0000] {logging_mixin.py:188} INFO - [2026-07-31T11:06:15.944+0000] {dag.py:3089} INFO - Sync 1 DAGs
[2026-07-31T11:06:16.220+0000] {logging_mixin.py:188} INFO - [2026-07-31T11:06:16.219+0000] {dag.py:3947} INFO - Setting next_dagrun for example_task_group_decorator to 2026-07-30 00:00:00+00:00, run_after=2026-07-31 00:00:00+00:00
[2026-07-31T11:06:16.523+0000] {processor.py:183} INFO - Processing /home/airflow/.local/lib/python3.12/site-packages/airflow/example_dags/example_task_group_decorator.py took 0.958 seconds
[2026-07-31T11:06:50.556+0000] {processor.py:161} INFO - Started process (PID=1419) to work on /home/airflow/.local/lib/python3.12/site-packages/airflow/example_dags/example_task_group_decorator.py
[2026-07-31T11:06:50.559+0000] {processor.py:830} INFO - Processing file /home/airflow/.local/lib/python3.12/site-packages/airflow/example_dags/example_task_group_decorator.py for tasks to queue
[2026-07-31T11:06:50.566+0000] {logging_mixin.py:188} INFO - [2026-07-31T11:06:50.565+0000] {dagbag.py:545} INFO - Filling up the DagBag from /home/airflow/.local/lib/python3.12/site-packages/airflow/example_dags/example_task_group_decorator.py
[2026-07-31T11:06:50.629+0000] {processor.py:840} INFO - DAG(s) 'example_task_group_decorator' retrieved from /home/airflow/.local/lib/python3.12/site-packages/airflow/example_dags/example_task_group_decorator.py
[2026-07-31T11:06:50.732+0000] {logging_mixin.py:188} INFO - [2026-07-31T11:06:50.731+0000] {dag.py:3089} INFO - Sync 1 DAGs
[2026-07-31T11:06:50.894+0000] {logging_mixin.py:188} INFO - [2026-07-31T11:06:50.893+0000] {dag.py:3947} INFO - Setting next_dagrun for example_task_group_decorator to 2026-07-30 00:00:00+00:00, run_after=2026-07-31 00:00:00+00:00
[2026-07-31T11:06:50.976+0000] {processor.py:183} INFO - Processing /home/airflow/.local/lib/python3.12/site-packages/airflow/example_dags/example_task_group_decorator.py took 0.439 seconds
[2026-07-31T11:07:43.243+0000] {processor.py:161} INFO - Started process (PID=1481) to work on /home/airflow/.local/lib/python3.12/site-packages/airflow/example_dags/example_task_group_decorator.py
[2026-07-31T11:07:43.254+0000] {processor.py:830} INFO - Processing file /home/airflow/.local/lib/python3.12/site-packages/airflow/example_dags/example_task_group_decorator.py for tasks to queue
[2026-07-31T11:07:43.272+0000] {logging_mixin.py:188} INFO - [2026-07-31T11:07:43.270+0000] {dagbag.py:545} INFO - Filling up the DagBag from /home/airflow/.local/lib/python3.12/site-packages/airflow/example_dags/example_task_group_decorator.py
[2026-07-31T11:07:43.538+0000] {processor.py:840} INFO - DAG(s) 'example_task_group_decorator' retrieved from /home/airflow/.local/lib/python3.12/site-packages/airflow/example_dags/example_task_group_decorator.py
[2026-07-31T11:07:43.859+0000] {logging_mixin.py:188} INFO - [2026-07-31T11:07:43.858+0000] {dag.py:3089} INFO - Sync 1 DAGs
[2026-07-31T11:07:44.106+0000] {logging_mixin.py:188} INFO - [2026-07-31T11:07:44.105+0000] {dag.py:3947} INFO - Setting next_dagrun for example_task_group_decorator to 2026-07-30 00:00:00+00:00, run_after=2026-07-31 00:00:00+00:00
[2026-07-31T11:07:44.429+0000] {processor.py:183} INFO - Processing /home/airflow/.local/lib/python3.12/site-packages/airflow/example_dags/example_task_group_decorator.py took 1.245 seconds
[2026-07-31T11:08:44.025+0000] {processor.py:161} INFO - Started process (PID=1550) to work on /home/airflow/.local/lib/python3.12/site-packages/airflow/example_dags/example_task_group_decorator.py
[2026-07-31T11:08:44.035+0000] {processor.py:830} INFO - Processing file /home/airflow/.local/lib/python3.12/site-packages/airflow/example_dags/example_task_group_decorator.py for tasks to queue
[2026-07-31T11:08:44.049+0000] {logging_mixin.py:188} INFO - [2026-07-31T11:08:44.047+0000] {dagbag.py:545} INFO - Filling up the DagBag from /home/airflow/.local/lib/python3.12/site-packages/airflow/example_dags/example_task_group_decorator.py
[2026-07-31T11:08:44.172+0000] {processor.py:840} INFO - DAG(s) 'example_task_group_decorator' retrieved from /home/airflow/.local/lib/python3.12/site-packages/airflow/example_dags/example_task_group_decorator.py
[2026-07-31T11:08:44.313+0000] {logging_mixin.py:188} INFO - [2026-07-31T11:08:44.312+0000] {dag.py:3089} INFO - Sync 1 DAGs
[2026-07-31T11:08:44.419+0000] {logging_mixin.py:188} INFO - [2026-07-31T11:08:44.418+0000] {dag.py:3947} INFO - Setting next_dagrun for example_task_group_decorator to 2026-07-30 00:00:00+00:00, run_after=2026-07-31 00:00:00+00:00
[2026-07-31T11:08:44.549+0000] {processor.py:183} INFO - Processing /home/airflow/.local/lib/python3.12/site-packages/airflow/example_dags/example_task_group_decorator.py took 0.560 seconds
[2026-07-31T11:09:37.513+0000] {processor.py:161} INFO - Started process (PID=1595) to work on /home/airflow/.local/lib/python3.12/site-packages/airflow/example_dags/example_task_group_decorator.py
[2026-07-31T11:09:37.516+0000] {processor.py:830} INFO - Processing file /home/airflow/.local/lib/python3.12/site-packages/airflow/example_dags/example_task_group_decorator.py for tasks to queue
[2026-07-31T11:09:37.539+0000] {logging_mixin.py:188} INFO - [2026-07-31T11:09:37.529+0000] {dagbag.py:545} INFO - Filling up the DagBag from /home/airflow/.local/lib/python3.12/site-packages/airflow/example_dags/example_task_group_decorator.py
[2026-07-31T11:09:37.786+0000] {processor.py:840} INFO - DAG(s) 'example_task_group_decorator' retrieved from /home/airflow/.local/lib/python3.12/site-packages/airflow/example_dags/example_task_group_decorator.py
[2026-07-31T11:09:37.979+0000] {logging_mixin.py:188} INFO - [2026-07-31T11:09:37.978+0000] {dag.py:3089} INFO - Sync 1 DAGs
[2026-07-31T11:09:38.175+0000] {logging_mixin.py:188} INFO - [2026-07-31T11:09:38.174+0000] {dag.py:3947} INFO - Setting next_dagrun for example_task_group_decorator to 2026-07-30 00:00:00+00:00, run_after=2026-07-31 00:00:00+00:00
[2026-07-31T11:09:39.135+0000] {processor.py:183} INFO - Processing /home/airflow/.local/lib/python3.12/site-packages/airflow/example_dags/example_task_group_decorator.py took 1.683 seconds
[2026-07-31T11:10:28.863+0000] {processor.py:161} INFO - Started process (PID=1656) to work on /home/airflow/.local/lib/python3.12/site-packages/airflow/example_dags/example_task_group_decorator.py
[2026-07-31T11:10:28.878+0000] {processor.py:830} INFO - Processing file /home/airflow/.local/lib/python3.12/site-packages/airflow/example_dags/example_task_group_decorator.py for tasks to queue
[2026-07-31T11:10:28.887+0000] {logging_mixin.py:188} INFO - [2026-07-31T11:10:28.885+0000] {dagbag.py:545} INFO - Filling up the DagBag from /home/airflow/.local/lib/python3.12/site-packages/airflow/example_dags/example_task_group_decorator.py
[2026-07-31T11:10:28.984+0000] {processor.py:840} INFO - DAG(s) 'example_task_group_decorator' retrieved from /home/airflow/.local/lib/python3.12/site-packages/airflow/example_dags/example_task_group_decorator.py
[2026-07-31T11:10:29.165+0000] {logging_mixin.py:188} INFO - [2026-07-31T11:10:29.164+0000] {dag.py:3089} INFO - Sync 1 DAGs
[2026-07-31T11:10:29.288+0000] {logging_mixin.py:188} INFO - [2026-07-31T11:10:29.287+0000] {dag.py:3947} INFO - Setting next_dagrun for example_task_group_decorator to 2026-07-30 00:00:00+00:00, run_after=2026-07-31 00:00:00+00:00
[2026-07-31T11:10:29.414+0000] {processor.py:183} INFO - Processing /home/airflow/.local/lib/python3.12/site-packages/airflow/example_dags/example_task_group_decorator.py took 0.598 seconds
[2026-07-31T11:11:05.938+0000] {processor.py:161} INFO - Started process (PID=1711) to work on /home/airflow/.local/lib/python3.12/site-packages/airflow/example_dags/example_task_group_decorator.py
[2026-07-31T11:11:05.952+0000] {processor.py:830} INFO - Processing file /home/airflow/.local/lib/python3.12/site-packages/airflow/example_dags/example_task_group_decorator.py for tasks to queue
[2026-07-31T11:11:05.972+0000] {logging_mixin.py:188} INFO - [2026-07-31T11:11:05.969+0000] {dagbag.py:545} INFO - Filling up the DagBag from /home/airflow/.local/lib/python3.12/site-packages/airflow/example_dags/example_task_group_decorator.py
[2026-07-31T11:11:06.441+0000] {processor.py:840} INFO - DAG(s) 'example_task_group_decorator' retrieved from /home/airflow/.local/lib/python3.12/site-packages/airflow/example_dags/example_task_group_decorator.py
[2026-07-31T11:11:06.744+0000] {logging_mixin.py:188} INFO - [2026-07-31T11:11:06.743+0000] {dag.py:3089} INFO - Sync 1 DAGs
[2026-07-31T11:11:06.954+0000] {logging_mixin.py:188} INFO - [2026-07-31T11:11:06.953+0000] {dag.py:3947} INFO - Setting next_dagrun for example_task_group_decorator to 2026-07-30 00:00:00+00:00, run_after=2026-07-31 00:00:00+00:00
[2026-07-31T11:11:07.204+0000] {processor.py:183} INFO - Processing /home/airflow/.local/lib/python3.12/site-packages/airflow/example_dags/example_task_group_decorator.py took 1.332 seconds
[2026-07-31T11:11:59.983+0000] {processor.py:161} INFO - Started process (PID=1745) to work on /home/airflow/.local/lib/python3.12/site-packages/airflow/example_dags/example_task_group_decorator.py
[2026-07-31T11:11:59.988+0000] {processor.py:830} INFO - Processing file /home/airflow/.local/lib/python3.12/site-packages/airflow/example_dags/example_task_group_decorator.py for tasks to queue
[2026-07-31T11:12:00.006+0000] {logging_mixin.py:188} INFO - [2026-07-31T11:12:00.004+0000] {dagbag.py:545} INFO - Filling up the DagBag from /home/airflow/.local/lib/python3.12/site-packages/airflow/example_dags/example_task_group_decorator.py
[2026-07-31T11:12:00.138+0000] {processor.py:840} INFO - DAG(s) 'example_task_group_decorator' retrieved from /home/airflow/.local/lib/python3.12/site-packages/airflow/example_dags/example_task_group_decorator.py
[2026-07-31T11:12:00.760+0000] {logging_mixin.py:188} INFO - [2026-07-31T11:12:00.759+0000] {dag.py:3089} INFO - Sync 1 DAGs
[2026-07-31T11:12:00.892+0000] {logging_mixin.py:188} INFO - [2026-07-31T11:12:00.891+0000] {dag.py:3947} INFO - Setting next_dagrun for example_task_group_decorator to 2026-07-30 00:00:00+00:00, run_after=2026-07-31 00:00:00+00:00
[2026-07-31T11:12:01.008+0000] {processor.py:183} INFO - Processing /home/airflow/.local/lib/python3.12/site-packages/airflow/example_dags/example_task_group_decorator.py took 1.052 seconds
[2026-07-31T11:12:31.852+0000] {processor.py:161} INFO - Started process (PID=1803) to work on /home/airflow/.local/lib/python3.12/site-packages/airflow/example_dags/example_task_group_decorator.py
[2026-07-31T11:12:31.855+0000] {processor.py:830} INFO - Processing file /home/airflow/.local/lib/python3.12/site-packages/airflow/example_dags/example_task_group_decorator.py for tasks to queue
[2026-07-31T11:12:31.860+0000] {logging_mixin.py:188} INFO - [2026-07-31T11:12:31.859+0000] {dagbag.py:545} INFO - Filling up the DagBag from /home/airflow/.local/lib/python3.12/site-packages/airflow/example_dags/example_task_group_decorator.py
[2026-07-31T11:12:31.902+0000] {processor.py:840} INFO - DAG(s) 'example_task_group_decorator' retrieved from /home/airflow/.local/lib/python3.12/site-packages/airflow/example_dags/example_task_group_decorator.py
[2026-07-31T11:12:31.977+0000] {logging_mixin.py:188} INFO - [2026-07-31T11:12:31.976+0000] {dag.py:3089} INFO - Sync 1 DAGs
[2026-07-31T11:12:32.048+0000] {logging_mixin.py:188} INFO - [2026-07-31T11:12:32.047+0000] {dag.py:3947} INFO - Setting next_dagrun for example_task_group_decorator to 2026-07-30 00:00:00+00:00, run_after=2026-07-31 00:00:00+00:00
[2026-07-31T11:12:32.095+0000] {processor.py:183} INFO - Processing /home/airflow/.local/lib/python3.12/site-packages/airflow/example_dags/example_task_group_decorator.py took 0.256 seconds
[2026-07-31T11:13:11.876+0000] {processor.py:161} INFO - Started process (PID=1867) to work on /home/airflow/.local/lib/python3.12/site-packages/airflow/example_dags/example_task_group_decorator.py
[2026-07-31T11:13:11.884+0000] {processor.py:830} INFO - Processing file /home/airflow/.local/lib/python3.12/site-packages/airflow/example_dags/example_task_group_decorator.py for tasks to queue
[2026-07-31T11:13:11.908+0000] {logging_mixin.py:188} INFO - [2026-07-31T11:13:11.901+0000] {dagbag.py:545} INFO - Filling up the DagBag from /home/airflow/.local/lib/python3.12/site-packages/airflow/example_dags/example_task_group_decorator.py
[2026-07-31T11:13:12.042+0000] {processor.py:840} INFO - DAG(s) 'example_task_group_decorator' retrieved from /home/airflow/.local/lib/python3.12/site-packages/airflow/example_dags/example_task_group_decorator.py
[2026-07-31T11:13:12.201+0000] {logging_mixin.py:188} INFO - [2026-07-31T11:13:12.200+0000] {dag.py:3089} INFO - Sync 1 DAGs
[2026-07-31T11:13:12.344+0000] {logging_mixin.py:188} INFO - [2026-07-31T11:13:12.341+0000] {dag.py:3947} INFO - Setting next_dagrun for example_task_group_decorator to 2026-07-30 00:00:00+00:00, run_after=2026-07-31 00:00:00+00:00
[2026-07-31T11:13:12.443+0000] {processor.py:183} INFO - Processing /home/airflow/.local/lib/python3.12/site-packages/airflow/example_dags/example_task_group_decorator.py took 0.616 seconds
[2026-07-31T11:13:46.796+0000] {processor.py:161} INFO - Started process (PID=1924) to work on /home/airflow/.local/lib/python3.12/site-packages/airflow/example_dags/example_task_group_decorator.py
[2026-07-31T11:13:46.827+0000] {processor.py:830} INFO - Processing file /home/airflow/.local/lib/python3.12/site-packages/airflow/example_dags/example_task_group_decorator.py for tasks to queue
[2026-07-31T11:13:46.858+0000] {logging_mixin.py:188} INFO - [2026-07-31T11:13:46.856+0000] {dagbag.py:545} INFO - Filling up the DagBag from /home/airflow/.local/lib/python3.12/site-packages/airflow/example_dags/example_task_group_decorator.py
[2026-07-31T11:13:47.333+0000] {processor.py:840} INFO - DAG(s) 'example_task_group_decorator' retrieved from /home/airflow/.local/lib/python3.12/site-packages/airflow/example_dags/example_task_group_decorator.py
[2026-07-31T11:13:47.729+0000] {logging_mixin.py:188} INFO - [2026-07-31T11:13:47.729+0000] {dag.py:3089} INFO - Sync 1 DAGs
[2026-07-31T11:13:48.182+0000] {logging_mixin.py:188} INFO - [2026-07-31T11:13:48.181+0000] {dag.py:3947} INFO - Setting next_dagrun for example_task_group_decorator to 2026-07-30 00:00:00+00:00, run_after=2026-07-31 00:00:00+00:00
[2026-07-31T11:13:48.484+0000] {processor.py:183} INFO - Processing /home/airflow/.local/lib/python3.12/site-packages/airflow/example_dags/example_task_group_decorator.py took 1.763 seconds
[2026-07-31T11:14:27.405+0000] {processor.py:161} INFO - Started process (PID=1973) to work on /home/airflow/.local/lib/python3.12/site-packages/airflow/example_dags/example_task_group_decorator.py
[2026-07-31T11:14:27.413+0000] {processor.py:830} INFO - Processing file /home/airflow/.local/lib/python3.12/site-packages/airflow/example_dags/example_task_group_decorator.py for tasks to queue
[2026-07-31T11:14:27.430+0000] {logging_mixin.py:188} INFO - [2026-07-31T11:14:27.428+0000] {dagbag.py:545} INFO - Filling up the DagBag from /home/airflow/.local/lib/python3.12/site-packages/airflow/example_dags/example_task_group_decorator.py
[2026-07-31T11:14:27.594+0000] {processor.py:840} INFO - DAG(s) 'example_task_group_decorator' retrieved from /home/airflow/.local/lib/python3.12/site-packages/airflow/example_dags/example_task_group_decorator.py
[2026-07-31T11:14:27.887+0000] {logging_mixin.py:188} INFO - [2026-07-31T11:14:27.886+0000] {dag.py:3089} INFO - Sync 1 DAGs
[2026-07-31T11:14:28.046+0000] {logging_mixin.py:188} INFO - [2026-07-31T11:14:28.045+0000] {dag.py:3947} INFO - Setting next_dagrun for example_task_group_decorator to 2026-07-30 00:00:00+00:00, run_after=2026-07-31 00:00:00+00:00
[2026-07-31T11:14:28.176+0000] {processor.py:183} INFO - Processing /home/airflow/.local/lib/python3.12/site-packages/airflow/example_dags/example_task_group_decorator.py took 0.810 seconds
[2026-07-31T11:14:58.800+0000] {processor.py:161} INFO - Started process (PID=2032) to work on /home/airflow/.local/lib/python3.12/site-packages/airflow/example_dags/example_task_group_decorator.py
[2026-07-31T11:14:58.804+0000] {processor.py:830} INFO - Processing file /home/airflow/.local/lib/python3.12/site-packages/airflow/example_dags/example_task_group_decorator.py for tasks to queue
[2026-07-31T11:14:58.809+0000] {logging_mixin.py:188} INFO - [2026-07-31T11:14:58.808+0000] {dagbag.py:545} INFO - Filling up the DagBag from /home/airflow/.local/lib/python3.12/site-packages/airflow/example_dags/example_task_group_decorator.py
[2026-07-31T11:14:58.874+0000] {processor.py:840} INFO - DAG(s) 'example_task_group_decorator' retrieved from /home/airflow/.local/lib/python3.12/site-packages/airflow/example_dags/example_task_group_decorator.py
[2026-07-31T11:14:59.029+0000] {logging_mixin.py:188} INFO - [2026-07-31T11:14:59.028+0000] {dag.py:3089} INFO - Sync 1 DAGs
[2026-07-31T11:14:59.158+0000] {logging_mixin.py:188} INFO - [2026-07-31T11:14:59.157+0000] {dag.py:3947} INFO - Setting next_dagrun for example_task_group_decorator to 2026-07-30 00:00:00+00:00, run_after=2026-07-31 00:00:00+00:00
[2026-07-31T11:14:59.252+0000] {processor.py:183} INFO - Processing /home/airflow/.local/lib/python3.12/site-packages/airflow/example_dags/example_task_group_decorator.py took 0.473 seconds
[2026-07-31T11:15:29.595+0000] {processor.py:161} INFO - Started process (PID=2090) to work on /home/airflow/.local/lib/python3.12/site-packages/airflow/example_dags/example_task_group_decorator.py
[2026-07-31T11:15:29.600+0000] {processor.py:830} INFO - Processing file /home/airflow/.local/lib/python3.12/site-packages/airflow/example_dags/example_task_group_decorator.py for tasks to queue
[2026-07-31T11:15:29.613+0000] {logging_mixin.py:188} INFO - [2026-07-31T11:15:29.612+0000] {dagbag.py:545} INFO - Filling up the DagBag from /home/airflow/.local/lib/python3.12/site-packages/airflow/example_dags/example_task_group_decorator.py
[2026-07-31T11:15:29.738+0000] {processor.py:840} INFO - DAG(s) 'example_task_group_decorator' retrieved from /home/airflow/.local/lib/python3.12/site-packages/airflow/example_dags/example_task_group_decorator.py
[2026-07-31T11:15:29.869+0000] {logging_mixin.py:188} INFO - [2026-07-31T11:15:29.868+0000] {dag.py:3089} INFO - Sync 1 DAGs
[2026-07-31T11:15:30.027+0000] {logging_mixin.py:188} INFO - [2026-07-31T11:15:30.026+0000] {dag.py:3947} INFO - Setting next_dagrun for example_task_group_decorator to 2026-07-30 00:00:00+00:00, run_after=2026-07-31 00:00:00+00:00
[2026-07-31T11:15:30.120+0000] {processor.py:183} INFO - Processing /home/airflow/.local/lib/python3.12/site-packages/airflow/example_dags/example_task_group_decorator.py took 0.547 seconds
[2026-07-31T11:16:00.484+0000] {processor.py:161} INFO - Started process (PID=2149) to work on /home/airflow/.local/lib/python3.12/site-packages/airflow/example_dags/example_task_group_decorator.py
[2026-07-31T11:16:00.491+0000] {processor.py:830} INFO - Processing file /home/airflow/.local/lib/python3.12/site-packages/airflow/example_dags/example_task_group_decorator.py for tasks to queue
[2026-07-31T11:16:00.500+0000] {logging_mixin.py:188} INFO - [2026-07-31T11:16:00.498+0000] {dagbag.py:545} INFO - Filling up the DagBag from /home/airflow/.local/lib/python3.12/site-packages/airflow/example_dags/example_task_group_decorator.py
[2026-07-31T11:16:00.563+0000] {processor.py:840} INFO - DAG(s) 'example_task_group_decorator' retrieved from /home/airflow/.local/lib/python3.12/site-packages/airflow/example_dags/example_task_group_decorator.py
[2026-07-31T11:16:00.644+0000] {logging_mixin.py:188} INFO - [2026-07-31T11:16:00.643+0000] {dag.py:3089} INFO - Sync 1 DAGs
[2026-07-31T11:16:00.746+0000] {logging_mixin.py:188} INFO - [2026-07-31T11:16:00.745+0000] {dag.py:3947} INFO - Setting next_dagrun for example_task_group_decorator to 2026-07-30 00:00:00+00:00, run_after=2026-07-31 00:00:00+00:00
[2026-07-31T11:16:00.824+0000] {processor.py:183} INFO - Processing /home/airflow/.local/lib/python3.12/site-packages/airflow/example_dags/example_task_group_decorator.py took 0.366 seconds
[2026-07-31T11:16:31.106+0000] {processor.py:161} INFO - Started process (PID=2207) to work on /home/airflow/.local/lib/python3.12/site-packages/airflow/example_dags/example_task_group_decorator.py
[2026-07-31T11:16:31.109+0000] {processor.py:830} INFO - Processing file /home/airflow/.local/lib/python3.12/site-packages/airflow/example_dags/example_task_group_decorator.py for tasks to queue
[2026-07-31T11:16:31.115+0000] {logging_mixin.py:188} INFO - [2026-07-31T11:16:31.113+0000] {dagbag.py:545} INFO - Filling up the DagBag from /home/airflow/.local/lib/python3.12/site-packages/airflow/example_dags/example_task_group_decorator.py
[2026-07-31T11:16:31.160+0000] {processor.py:840} INFO - DAG(s) 'example_task_group_decorator' retrieved from /home/airflow/.local/lib/python3.12/site-packages/airflow/example_dags/example_task_group_decorator.py
[2026-07-31T11:16:31.231+0000] {logging_mixin.py:188} INFO - [2026-07-31T11:16:31.230+0000] {dag.py:3089} INFO - Sync 1 DAGs
[2026-07-31T11:16:31.292+0000] {logging_mixin.py:188} INFO - [2026-07-31T11:16:31.291+0000] {dag.py:3947} INFO - Setting next_dagrun for example_task_group_decorator to 2026-07-30 00:00:00+00:00, run_after=2026-07-31 00:00:00+00:00
[2026-07-31T11:16:31.350+0000] {processor.py:183} INFO - Processing /home/airflow/.local/lib/python3.12/site-packages/airflow/example_dags/example_task_group_decorator.py took 0.258 seconds
[2026-07-31T11:17:01.652+0000] {processor.py:161} INFO - Started process (PID=2267) to work on /home/airflow/.local/lib/python3.12/site-packages/airflow/example_dags/example_task_group_decorator.py
[2026-07-31T11:17:01.656+0000] {processor.py:830} INFO - Processing file /home/airflow/.local/lib/python3.12/site-packages/airflow/example_dags/example_task_group_decorator.py for tasks to queue
[2026-07-31T11:17:01.662+0000] {logging_mixin.py:188} INFO - [2026-07-31T11:17:01.661+0000] {dagbag.py:545} INFO - Filling up the DagBag from /home/airflow/.local/lib/python3.12/site-packages/airflow/example_dags/example_task_group_decorator.py
[2026-07-31T11:17:01.736+0000] {processor.py:840} INFO - DAG(s) 'example_task_group_decorator' retrieved from /home/airflow/.local/lib/python3.12/site-packages/airflow/example_dags/example_task_group_decorator.py
[2026-07-31T11:17:01.811+0000] {logging_mixin.py:188} INFO - [2026-07-31T11:17:01.810+0000] {dag.py:3089} INFO - Sync 1 DAGs
[2026-07-31T11:17:01.897+0000] {logging_mixin.py:188} INFO - [2026-07-31T11:17:01.895+0000] {dag.py:3947} INFO - Setting next_dagrun for example_task_group_decorator to 2026-07-30 00:00:00+00:00, run_after=2026-07-31 00:00:00+00:00
[2026-07-31T11:17:02.003+0000] {processor.py:183} INFO - Processing /home/airflow/.local/lib/python3.12/site-packages/airflow/example_dags/example_task_group_decorator.py took 0.372 seconds
[2026-07-31T11:17:33.459+0000] {processor.py:161} INFO - Started process (PID=2325) to work on /home/airflow/.local/lib/python3.12/site-packages/airflow/example_dags/example_task_group_decorator.py
[2026-07-31T11:17:33.463+0000] {processor.py:830} INFO - Processing file /home/airflow/.local/lib/python3.12/site-packages/airflow/example_dags/example_task_group_decorator.py for tasks to queue
[2026-07-31T11:17:33.475+0000] {logging_mixin.py:188} INFO - [2026-07-31T11:17:33.473+0000] {dagbag.py:545} INFO - Filling up the DagBag from /home/airflow/.local/lib/python3.12/site-packages/airflow/example_dags/example_task_group_decorator.py
[2026-07-31T11:17:33.567+0000] {processor.py:840} INFO - DAG(s) 'example_task_group_decorator' retrieved from /home/airflow/.local/lib/python3.12/site-packages/airflow/example_dags/example_task_group_decorator.py
[2026-07-31T11:17:33.686+0000] {logging_mixin.py:188} INFO - [2026-07-31T11:17:33.685+0000] {dag.py:3089} INFO - Sync 1 DAGs
[2026-07-31T11:17:33.777+0000] {logging_mixin.py:188} INFO - [2026-07-31T11:17:33.777+0000] {dag.py:3947} INFO - Setting next_dagrun for example_task_group_decorator to 2026-07-30 00:00:00+00:00, run_after=2026-07-31 00:00:00+00:00
[2026-07-31T11:17:33.919+0000] {processor.py:183} INFO - Processing /home/airflow/.local/lib/python3.12/site-packages/airflow/example_dags/example_task_group_decorator.py took 0.494 seconds
[2026-07-31T11:18:11.169+0000] {processor.py:161} INFO - Started process (PID=2380) to work on /home/airflow/.local/lib/python3.12/site-packages/airflow/example_dags/example_task_group_decorator.py
[2026-07-31T11:18:11.179+0000] {processor.py:830} INFO - Processing file /home/airflow/.local/lib/python3.12/site-packages/airflow/example_dags/example_task_group_decorator.py for tasks to queue
[2026-07-31T11:18:11.195+0000] {logging_mixin.py:188} INFO - [2026-07-31T11:18:11.193+0000] {dagbag.py:545} INFO - Filling up the DagBag from /home/airflow/.local/lib/python3.12/site-packages/airflow/example_dags/example_task_group_decorator.py
[2026-07-31T11:18:11.314+0000] {processor.py:840} INFO - DAG(s) 'example_task_group_decorator' retrieved from /home/airflow/.local/lib/python3.12/site-packages/airflow/example_dags/example_task_group_decorator.py
[2026-07-31T11:18:11.430+0000] {logging_mixin.py:188} INFO - [2026-07-31T11:18:11.429+0000] {dag.py:3089} INFO - Sync 1 DAGs
[2026-07-31T11:18:11.574+0000] {logging_mixin.py:188} INFO - [2026-07-31T11:18:11.573+0000] {dag.py:3947} INFO - Setting next_dagrun for example_task_group_decorator to 2026-07-30 00:00:00+00:00, run_after=2026-07-31 00:00:00+00:00
[2026-07-31T11:18:11.757+0000] {processor.py:183} INFO - Processing /home/airflow/.local/lib/python3.12/site-packages/airflow/example_dags/example_task_group_decorator.py took 0.614 seconds
[2026-07-31T11:18:42.591+0000] {processor.py:161} INFO - Started process (PID=2438) to work on /home/airflow/.local/lib/python3.12/site-packages/airflow/example_dags/example_task_group_decorator.py
[2026-07-31T11:18:42.597+0000] {processor.py:830} INFO - Processing file /home/airflow/.local/lib/python3.12/site-packages/airflow/example_dags/example_task_group_decorator.py for tasks to queue
[2026-07-31T11:18:42.603+0000] {logging_mixin.py:188} INFO - [2026-07-31T11:18:42.602+0000] {dagbag.py:545} INFO - Filling up the DagBag from /home/airflow/.local/lib/python3.12/site-packages/airflow/example_dags/example_task_group_decorator.py
[2026-07-31T11:18:42.682+0000] {processor.py:840} INFO - DAG(s) 'example_task_group_decorator' retrieved from /home/airflow/.local/lib/python3.12/site-packages/airflow/example_dags/example_task_group_decorator.py
[2026-07-31T11:18:42.789+0000] {logging_mixin.py:188} INFO - [2026-07-31T11:18:42.788+0000] {dag.py:3089} INFO - Sync 1 DAGs
[2026-07-31T11:18:42.852+0000] {logging_mixin.py:188} INFO - [2026-07-31T11:18:42.852+0000] {dag.py:3947} INFO - Setting next_dagrun for example_task_group_decorator to 2026-07-30 00:00:00+00:00, run_after=2026-07-31 00:00:00+00:00
[2026-07-31T11:18:42.894+0000] {processor.py:183} INFO - Processing /home/airflow/.local/lib/python3.12/site-packages/airflow/example_dags/example_task_group_decorator.py took 0.327 seconds
[2026-07-31T11:19:13.294+0000] {processor.py:161} INFO - Started process (PID=2496) to work on /home/airflow/.local/lib/python3.12/site-packages/airflow/example_dags/example_task_group_decorator.py
[2026-07-31T11:19:13.296+0000] {processor.py:830} INFO - Processing file /home/airflow/.local/lib/python3.12/site-packages/airflow/example_dags/example_task_group_decorator.py for tasks to queue
[2026-07-31T11:19:13.300+0000] {logging_mixin.py:188} INFO - [2026-07-31T11:19:13.300+0000] {dagbag.py:545} INFO - Filling up the DagBag from /home/airflow/.local/lib/python3.12/site-packages/airflow/example_dags/example_task_group_decorator.py
[2026-07-31T11:19:13.338+0000] {processor.py:840} INFO - DAG(s) 'example_task_group_decorator' retrieved from /home/airflow/.local/lib/python3.12/site-packages/airflow/example_dags/example_task_group_decorator.py
[2026-07-31T11:19:13.411+0000] {logging_mixin.py:188} INFO - [2026-07-31T11:19:13.411+0000] {dag.py:3089} INFO - Sync 1 DAGs
[2026-07-31T11:19:13.481+0000] {logging_mixin.py:188} INFO - [2026-07-31T11:19:13.480+0000] {dag.py:3947} INFO - Setting next_dagrun for example_task_group_decorator to 2026-07-30 00:00:00+00:00, run_after=2026-07-31 00:00:00+00:00
[2026-07-31T11:19:13.550+0000] {processor.py:183} INFO - Processing /home/airflow/.local/lib/python3.12/site-packages/airflow/example_dags/example_task_group_decorator.py took 0.270 seconds
[2026-07-31T11:19:46.068+0000] {processor.py:161} INFO - Started process (PID=2554) to work on /home/airflow/.local/lib/python3.12/site-packages/airflow/example_dags/example_task_group_decorator.py
[2026-07-31T11:19:46.072+0000] {processor.py:830} INFO - Processing file /home/airflow/.local/lib/python3.12/site-packages/airflow/example_dags/example_task_group_decorator.py for tasks to queue
[2026-07-31T11:19:46.079+0000] {logging_mixin.py:188} INFO - [2026-07-31T11:19:46.078+0000] {dagbag.py:545} INFO - Filling up the DagBag from /home/airflow/.local/lib/python3.12/site-packages/airflow/example_dags/example_task_group_decorator.py
[2026-07-31T11:19:46.143+0000] {processor.py:840} INFO - DAG(s) 'example_task_group_decorator' retrieved from /home/airflow/.local/lib/python3.12/site-packages/airflow/example_dags/example_task_group_decorator.py
[2026-07-31T11:19:46.251+0000] {logging_mixin.py:188} INFO - [2026-07-31T11:19:46.250+0000] {dag.py:3089} INFO - Sync 1 DAGs
[2026-07-31T11:19:46.361+0000] {logging_mixin.py:188} INFO - [2026-07-31T11:19:46.359+0000] {dag.py:3947} INFO - Setting next_dagrun for example_task_group_decorator to 2026-07-30 00:00:00+00:00, run_after=2026-07-31 00:00:00+00:00
[2026-07-31T11:19:46.434+0000] {processor.py:183} INFO - Processing /home/airflow/.local/lib/python3.12/site-packages/airflow/example_dags/example_task_group_decorator.py took 0.402 seconds
[2026-07-31T11:20:20.117+0000] {processor.py:161} INFO - Started process (PID=2597) to work on /home/airflow/.local/lib/python3.12/site-packages/airflow/example_dags/example_task_group_decorator.py
[2026-07-31T11:20:20.121+0000] {processor.py:830} INFO - Processing file /home/airflow/.local/lib/python3.12/site-packages/airflow/example_dags/example_task_group_decorator.py for tasks to queue
[2026-07-31T11:20:20.130+0000] {logging_mixin.py:188} INFO - [2026-07-31T11:20:20.128+0000] {dagbag.py:545} INFO - Filling up the DagBag from /home/airflow/.local/lib/python3.12/site-packages/airflow/example_dags/example_task_group_decorator.py
[2026-07-31T11:20:20.278+0000] {processor.py:840} INFO - DAG(s) 'example_task_group_decorator' retrieved from /home/airflow/.local/lib/python3.12/site-packages/airflow/example_dags/example_task_group_decorator.py
[2026-07-31T11:20:20.493+0000] {logging_mixin.py:188} INFO - [2026-07-31T11:20:20.485+0000] {dag.py:3089} INFO - Sync 1 DAGs
[2026-07-31T11:20:20.692+0000] {logging_mixin.py:188} INFO - [2026-07-31T11:20:20.691+0000] {dag.py:3947} INFO - Setting next_dagrun for example_task_group_decorator to 2026-07-30 00:00:00+00:00, run_after=2026-07-31 00:00:00+00:00
[2026-07-31T11:20:21.006+0000] {processor.py:183} INFO - Processing /home/airflow/.local/lib/python3.12/site-packages/airflow/example_dags/example_task_group_decorator.py took 0.918 seconds
[2026-07-31T11:20:51.588+0000] {processor.py:161} INFO - Started process (PID=2656) to work on /home/airflow/.local/lib/python3.12/site-packages/airflow/example_dags/example_task_group_decorator.py
[2026-07-31T11:20:51.593+0000] {processor.py:830} INFO - Processing file /home/airflow/.local/lib/python3.12/site-packages/airflow/example_dags/example_task_group_decorator.py for tasks to queue
[2026-07-31T11:20:51.608+0000] {logging_mixin.py:188} INFO - [2026-07-31T11:20:51.606+0000] {dagbag.py:545} INFO - Filling up the DagBag from /home/airflow/.local/lib/python3.12/site-packages/airflow/example_dags/example_task_group_decorator.py
[2026-07-31T11:20:51.686+0000] {processor.py:840} INFO - DAG(s) 'example_task_group_decorator' retrieved from /home/airflow/.local/lib/python3.12/site-packages/airflow/example_dags/example_task_group_decorator.py
[2026-07-31T11:20:51.790+0000] {logging_mixin.py:188} INFO - [2026-07-31T11:20:51.789+0000] {dag.py:3089} INFO - Sync 1 DAGs
[2026-07-31T11:20:51.894+0000] {logging_mixin.py:188} INFO - [2026-07-31T11:20:51.894+0000] {dag.py:3947} INFO - Setting next_dagrun for example_task_group_decorator to 2026-07-30 00:00:00+00:00, run_after=2026-07-31 00:00:00+00:00
[2026-07-31T11:20:52.009+0000] {processor.py:183} INFO - Processing /home/airflow/.local/lib/python3.12/site-packages/airflow/example_dags/example_task_group_decorator.py took 0.451 seconds
[2026-07-31T11:21:23.340+0000] {processor.py:161} INFO - Started process (PID=2714) to work on /home/airflow/.local/lib/python3.12/site-packages/airflow/example_dags/example_task_group_decorator.py
[2026-07-31T11:21:23.342+0000] {processor.py:830} INFO - Processing file /home/airflow/.local/lib/python3.12/site-packages/airflow/example_dags/example_task_group_decorator.py for tasks to queue
[2026-07-31T11:21:23.346+0000] {logging_mixin.py:188} INFO - [2026-07-31T11:21:23.345+0000] {dagbag.py:545} INFO - Filling up the DagBag from /home/airflow/.local/lib/python3.12/site-packages/airflow/example_dags/example_task_group_decorator.py
[2026-07-31T11:21:23.401+0000] {processor.py:840} INFO - DAG(s) 'example_task_group_decorator' retrieved from /home/airflow/.local/lib/python3.12/site-packages/airflow/example_dags/example_task_group_decorator.py
[2026-07-31T11:21:23.479+0000] {logging_mixin.py:188} INFO - [2026-07-31T11:21:23.479+0000] {dag.py:3089} INFO - Sync 1 DAGs
[2026-07-31T11:21:23.553+0000] {logging_mixin.py:188} INFO - [2026-07-31T11:21:23.552+0000] {dag.py:3947} INFO - Setting next_dagrun for example_task_group_decorator to 2026-07-30 00:00:00+00:00, run_after=2026-07-31 00:00:00+00:00
[2026-07-31T11:21:23.605+0000] {processor.py:183} INFO - Processing /home/airflow/.local/lib/python3.12/site-packages/airflow/example_dags/example_task_group_decorator.py took 0.277 seconds
[2026-07-31T11:21:54.174+0000] {processor.py:161} INFO - Started process (PID=2773) to work on /home/airflow/.local/lib/python3.12/site-packages/airflow/example_dags/example_task_group_decorator.py
[2026-07-31T11:21:54.177+0000] {processor.py:830} INFO - Processing file /home/airflow/.local/lib/python3.12/site-packages/airflow/example_dags/example_task_group_decorator.py for tasks to queue
[2026-07-31T11:21:54.183+0000] {logging_mixin.py:188} INFO - [2026-07-31T11:21:54.182+0000] {dagbag.py:545} INFO - Filling up the DagBag from /home/airflow/.local/lib/python3.12/site-packages/airflow/example_dags/example_task_group_decorator.py
[2026-07-31T11:21:54.237+0000] {processor.py:840} INFO - DAG(s) 'example_task_group_decorator' retrieved from /home/airflow/.local/lib/python3.12/site-packages/airflow/example_dags/example_task_group_decorator.py
[2026-07-31T11:21:54.318+0000] {logging_mixin.py:188} INFO - [2026-07-31T11:21:54.317+0000] {dag.py:3089} INFO - Sync 1 DAGs
[2026-07-31T11:21:54.384+0000] {logging_mixin.py:188} INFO - [2026-07-31T11:21:54.384+0000] {dag.py:3947} INFO - Setting next_dagrun for example_task_group_decorator to 2026-07-30 00:00:00+00:00, run_after=2026-07-31 00:00:00+00:00
[2026-07-31T11:21:54.439+0000] {processor.py:183} INFO - Processing /home/airflow/.local/lib/python3.12/site-packages/airflow/example_dags/example_task_group_decorator.py took 0.283 seconds
[2026-07-31T11:22:24.860+0000] {processor.py:161} INFO - Started process (PID=2829) to work on /home/airflow/.local/lib/python3.12/site-packages/airflow/example_dags/example_task_group_decorator.py
[2026-07-31T11:22:24.862+0000] {processor.py:830} INFO - Processing file /home/airflow/.local/lib/python3.12/site-packages/airflow/example_dags/example_task_group_decorator.py for tasks to queue
[2026-07-31T11:22:24.867+0000] {logging_mixin.py:188} INFO - [2026-07-31T11:22:24.866+0000] {dagbag.py:545} INFO - Filling up the DagBag from /home/airflow/.local/lib/python3.12/site-packages/airflow/example_dags/example_task_group_decorator.py
[2026-07-31T11:22:24.911+0000] {processor.py:840} INFO - DAG(s) 'example_task_group_decorator' retrieved from /home/airflow/.local/lib/python3.12/site-packages/airflow/example_dags/example_task_group_decorator.py
[2026-07-31T11:22:24.965+0000] {logging_mixin.py:188} INFO - [2026-07-31T11:22:24.965+0000] {dag.py:3089} INFO - Sync 1 DAGs
[2026-07-31T11:22:25.013+0000] {logging_mixin.py:188} INFO - [2026-07-31T11:22:25.012+0000] {dag.py:3947} INFO - Setting next_dagrun for example_task_group_decorator to 2026-07-30 00:00:00+00:00, run_after=2026-07-31 00:00:00+00:00
[2026-07-31T11:22:25.058+0000] {processor.py:183} INFO - Processing /home/airflow/.local/lib/python3.12/site-packages/airflow/example_dags/example_task_group_decorator.py took 0.210 seconds
[2026-07-31T11:23:04.416+0000] {processor.py:161} INFO - Started process (PID=2877) to work on /home/airflow/.local/lib/python3.12/site-packages/airflow/example_dags/example_task_group_decorator.py
[2026-07-31T11:23:04.469+0000] {processor.py:830} INFO - Processing file /home/airflow/.local/lib/python3.12/site-packages/airflow/example_dags/example_task_group_decorator.py for tasks to queue
[2026-07-31T11:23:04.566+0000] {logging_mixin.py:188} INFO - [2026-07-31T11:23:04.565+0000] {dagbag.py:545} INFO - Filling up the DagBag from /home/airflow/.local/lib/python3.12/site-packages/airflow/example_dags/example_task_group_decorator.py
[2026-07-31T11:23:06.282+0000] {processor.py:840} INFO - DAG(s) 'example_task_group_decorator' retrieved from /home/airflow/.local/lib/python3.12/site-packages/airflow/example_dags/example_task_group_decorator.py
[2026-07-31T11:23:07.127+0000] {logging_mixin.py:188} INFO - [2026-07-31T11:23:07.126+0000] {dag.py:3089} INFO - Sync 1 DAGs
[2026-07-31T11:23:07.347+0000] {logging_mixin.py:188} INFO - [2026-07-31T11:23:07.347+0000] {dag.py:3947} INFO - Setting next_dagrun for example_task_group_decorator to 2026-07-30 00:00:00+00:00, run_after=2026-07-31 00:00:00+00:00
[2026-07-31T11:23:07.715+0000] {processor.py:183} INFO - Processing /home/airflow/.local/lib/python3.12/site-packages/airflow/example_dags/example_task_group_decorator.py took 3.357 seconds
[2026-07-31T11:25:08.259+0000] {processor.py:161} INFO - Started process (PID=2961) to work on /home/airflow/.local/lib/python3.12/site-packages/airflow/example_dags/example_task_group_decorator.py
[2026-07-31T11:25:08.272+0000] {processor.py:830} INFO - Processing file /home/airflow/.local/lib/python3.12/site-packages/airflow/example_dags/example_task_group_decorator.py for tasks to queue
[2026-07-31T11:25:08.283+0000] {logging_mixin.py:188} INFO - [2026-07-31T11:25:08.282+0000] {dagbag.py:545} INFO - Filling up the DagBag from /home/airflow/.local/lib/python3.12/site-packages/airflow/example_dags/example_task_group_decorator.py
[2026-07-31T11:25:08.495+0000] {processor.py:840} INFO - DAG(s) 'example_task_group_decorator' retrieved from /home/airflow/.local/lib/python3.12/site-packages/airflow/example_dags/example_task_group_decorator.py
[2026-07-31T11:25:08.965+0000] {logging_mixin.py:188} INFO - [2026-07-31T11:25:08.964+0000] {dag.py:3089} INFO - Sync 1 DAGs
[2026-07-31T11:25:09.389+0000] {logging_mixin.py:188} INFO - [2026-07-31T11:25:09.388+0000] {dag.py:3947} INFO - Setting next_dagrun for example_task_group_decorator to 2026-07-30 00:00:00+00:00, run_after=2026-07-31 00:00:00+00:00
[2026-07-31T11:25:09.547+0000] {processor.py:183} INFO - Processing /home/airflow/.local/lib/python3.12/site-packages/airflow/example_dags/example_task_group_decorator.py took 1.337 seconds
[2026-07-31T11:25:52.716+0000] {processor.py:161} INFO - Started process (PID=3011) to work on /home/airflow/.local/lib/python3.12/site-packages/airflow/example_dags/example_task_group_decorator.py
[2026-07-31T11:25:52.737+0000] {processor.py:830} INFO - Processing file /home/airflow/.local/lib/python3.12/site-packages/airflow/example_dags/example_task_group_decorator.py for tasks to queue
[2026-07-31T11:25:52.764+0000] {logging_mixin.py:188} INFO - [2026-07-31T11:25:52.763+0000] {dagbag.py:545} INFO - Filling up the DagBag from /home/airflow/.local/lib/python3.12/site-packages/airflow/example_dags/example_task_group_decorator.py
[2026-07-31T11:25:53.093+0000] {processor.py:840} INFO - DAG(s) 'example_task_group_decorator' retrieved from /home/airflow/.local/lib/python3.12/site-packages/airflow/example_dags/example_task_group_decorator.py
[2026-07-31T11:25:53.368+0000] {logging_mixin.py:188} INFO - [2026-07-31T11:25:53.367+0000] {dag.py:3089} INFO - Sync 1 DAGs
[2026-07-31T11:25:53.666+0000] {logging_mixin.py:188} INFO - [2026-07-31T11:25:53.646+0000] {dag.py:3947} INFO - Setting next_dagrun for example_task_group_decorator to 2026-07-30 00:00:00+00:00, run_after=2026-07-31 00:00:00+00:00
[2026-07-31T11:25:53.873+0000] {processor.py:183} INFO - Processing /home/airflow/.local/lib/python3.12/site-packages/airflow/example_dags/example_task_group_decorator.py took 1.285 seconds
[2026-07-31T11:26:51.163+0000] {processor.py:161} INFO - Started process (PID=3061) to work on /home/airflow/.local/lib/python3.12/site-packages/airflow/example_dags/example_task_group_decorator.py
[2026-07-31T11:26:51.179+0000] {processor.py:830} INFO - Processing file /home/airflow/.local/lib/python3.12/site-packages/airflow/example_dags/example_task_group_decorator.py for tasks to queue
[2026-07-31T11:26:51.211+0000] {logging_mixin.py:188} INFO - [2026-07-31T11:26:51.210+0000] {dagbag.py:545} INFO - Filling up the DagBag from /home/airflow/.local/lib/python3.12/site-packages/airflow/example_dags/example_task_group_decorator.py
[2026-07-31T11:26:52.008+0000] {processor.py:840} INFO - DAG(s) 'example_task_group_decorator' retrieved from /home/airflow/.local/lib/python3.12/site-packages/airflow/example_dags/example_task_group_decorator.py
[2026-07-31T11:26:52.252+0000] {logging_mixin.py:188} INFO - [2026-07-31T11:26:52.252+0000] {dag.py:3089} INFO - Sync 1 DAGs
[2026-07-31T11:26:52.440+0000] {logging_mixin.py:188} INFO - [2026-07-31T11:26:52.439+0000] {dag.py:3947} INFO - Setting next_dagrun for example_task_group_decorator to 2026-07-30 00:00:00+00:00, run_after=2026-07-31 00:00:00+00:00
[2026-07-31T11:26:52.820+0000] {processor.py:183} INFO - Processing /home/airflow/.local/lib/python3.12/site-packages/airflow/example_dags/example_task_group_decorator.py took 1.726 seconds
[2026-07-31T11:27:23.485+0000] {processor.py:161} INFO - Started process (PID=3118) to work on /home/airflow/.local/lib/python3.12/site-packages/airflow/example_dags/example_task_group_decorator.py
[2026-07-31T11:27:23.508+0000] {processor.py:830} INFO - Processing file /home/airflow/.local/lib/python3.12/site-packages/airflow/example_dags/example_task_group_decorator.py for tasks to queue
[2026-07-31T11:27:23.548+0000] {logging_mixin.py:188} INFO - [2026-07-31T11:27:23.546+0000] {dagbag.py:545} INFO - Filling up the DagBag from /home/airflow/.local/lib/python3.12/site-packages/airflow/example_dags/example_task_group_decorator.py
[2026-07-31T11:27:23.657+0000] {processor.py:840} INFO - DAG(s) 'example_task_group_decorator' retrieved from /home/airflow/.local/lib/python3.12/site-packages/airflow/example_dags/example_task_group_decorator.py
[2026-07-31T11:27:23.872+0000] {logging_mixin.py:188} INFO - [2026-07-31T11:27:23.872+0000] {dag.py:3089} INFO - Sync 1 DAGs
[2026-07-31T11:27:24.081+0000] {logging_mixin.py:188} INFO - [2026-07-31T11:27:24.080+0000] {dag.py:3947} INFO - Setting next_dagrun for example_task_group_decorator to 2026-07-30 00:00:00+00:00, run_after=2026-07-31 00:00:00+00:00
[2026-07-31T11:27:24.229+0000] {processor.py:183} INFO - Processing /home/airflow/.local/lib/python3.12/site-packages/airflow/example_dags/example_task_group_decorator.py took 0.784 seconds
[2026-07-31T11:27:54.354+0000] {processor.py:161} INFO - Started process (PID=3177) to work on /home/airflow/.local/lib/python3.12/site-packages/airflow/example_dags/example_task_group_decorator.py
[2026-07-31T11:27:54.357+0000] {processor.py:830} INFO - Processing file /home/airflow/.local/lib/python3.12/site-packages/airflow/example_dags/example_task_group_decorator.py for tasks to queue
[2026-07-31T11:27:54.363+0000] {logging_mixin.py:188} INFO - [2026-07-31T11:27:54.362+0000] {dagbag.py:545} INFO - Filling up the DagBag from /home/airflow/.local/lib/python3.12/site-packages/airflow/example_dags/example_task_group_decorator.py
[2026-07-31T11:27:54.406+0000] {processor.py:840} INFO - DAG(s) 'example_task_group_decorator' retrieved from /home/airflow/.local/lib/python3.12/site-packages/airflow/example_dags/example_task_group_decorator.py
[2026-07-31T11:27:54.486+0000] {logging_mixin.py:188} INFO - [2026-07-31T11:27:54.486+0000] {dag.py:3089} INFO - Sync 1 DAGs
[2026-07-31T11:27:54.554+0000] {logging_mixin.py:188} INFO - [2026-07-31T11:27:54.553+0000] {dag.py:3947} INFO - Setting next_dagrun for example_task_group_decorator to 2026-07-30 00:00:00+00:00, run_after=2026-07-31 00:00:00+00:00
[2026-07-31T11:27:54.611+0000] {processor.py:183} INFO - Processing /home/airflow/.local/lib/python3.12/site-packages/airflow/example_dags/example_task_group_decorator.py took 0.273 seconds
[2026-07-31T11:28:25.401+0000] {processor.py:161} INFO - Started process (PID=3235) to work on /home/airflow/.local/lib/python3.12/site-packages/airflow/example_dags/example_task_group_decorator.py
[2026-07-31T11:28:25.404+0000] {processor.py:830} INFO - Processing file /home/airflow/.local/lib/python3.12/site-packages/airflow/example_dags/example_task_group_decorator.py for tasks to queue
[2026-07-31T11:28:25.409+0000] {logging_mixin.py:188} INFO - [2026-07-31T11:28:25.408+0000] {dagbag.py:545} INFO - Filling up the DagBag from /home/airflow/.local/lib/python3.12/site-packages/airflow/example_dags/example_task_group_decorator.py
[2026-07-31T11:28:25.445+0000] {processor.py:840} INFO - DAG(s) 'example_task_group_decorator' retrieved from /home/airflow/.local/lib/python3.12/site-packages/airflow/example_dags/example_task_group_decorator.py
[2026-07-31T11:28:25.512+0000] {logging_mixin.py:188} INFO - [2026-07-31T11:28:25.512+0000] {dag.py:3089} INFO - Sync 1 DAGs
[2026-07-31T11:28:25.565+0000] {logging_mixin.py:188} INFO - [2026-07-31T11:28:25.564+0000] {dag.py:3947} INFO - Setting next_dagrun for example_task_group_decorator to 2026-07-30 00:00:00+00:00, run_after=2026-07-31 00:00:00+00:00
[2026-07-31T11:28:25.616+0000] {processor.py:183} INFO - Processing /home/airflow/.local/lib/python3.12/site-packages/airflow/example_dags/example_task_group_decorator.py took 0.228 seconds
[2026-07-31T11:28:56.052+0000] {processor.py:161} INFO - Started process (PID=3294) to work on /home/airflow/.local/lib/python3.12/site-packages/airflow/example_dags/example_task_group_decorator.py
[2026-07-31T11:28:56.056+0000] {processor.py:830} INFO - Processing file /home/airflow/.local/lib/python3.12/site-packages/airflow/example_dags/example_task_group_decorator.py for tasks to queue
[2026-07-31T11:28:56.065+0000] {logging_mixin.py:188} INFO - [2026-07-31T11:28:56.062+0000] {dagbag.py:545} INFO - Filling up the DagBag from /home/airflow/.local/lib/python3.12/site-packages/airflow/example_dags/example_task_group_decorator.py
[2026-07-31T11:28:56.124+0000] {processor.py:840} INFO - DAG(s) 'example_task_group_decorator' retrieved from /home/airflow/.local/lib/python3.12/site-packages/airflow/example_dags/example_task_group_decorator.py
[2026-07-31T11:28:56.211+0000] {logging_mixin.py:188} INFO - [2026-07-31T11:28:56.210+0000] {dag.py:3089} INFO - Sync 1 DAGs
[2026-07-31T11:28:56.286+0000] {logging_mixin.py:188} INFO - [2026-07-31T11:28:56.286+0000] {dag.py:3947} INFO - Setting next_dagrun for example_task_group_decorator to 2026-07-30 00:00:00+00:00, run_after=2026-07-31 00:00:00+00:00
[2026-07-31T11:28:56.344+0000] {processor.py:183} INFO - Processing /home/airflow/.local/lib/python3.12/site-packages/airflow/example_dags/example_task_group_decorator.py took 0.315 seconds
[2026-07-31T11:29:37.234+0000] {processor.py:161} INFO - Started process (PID=3350) to work on /home/airflow/.local/lib/python3.12/site-packages/airflow/example_dags/example_task_group_decorator.py
[2026-07-31T11:29:37.248+0000] {processor.py:830} INFO - Processing file /home/airflow/.local/lib/python3.12/site-packages/airflow/example_dags/example_task_group_decorator.py for tasks to queue
[2026-07-31T11:29:37.270+0000] {logging_mixin.py:188} INFO - [2026-07-31T11:29:37.269+0000] {dagbag.py:545} INFO - Filling up the DagBag from /home/airflow/.local/lib/python3.12/site-packages/airflow/example_dags/example_task_group_decorator.py
[2026-07-31T11:29:37.493+0000] {processor.py:840} INFO - DAG(s) 'example_task_group_decorator' retrieved from /home/airflow/.local/lib/python3.12/site-packages/airflow/example_dags/example_task_group_decorator.py
[2026-07-31T11:29:37.857+0000] {logging_mixin.py:188} INFO - [2026-07-31T11:29:37.856+0000] {dag.py:3089} INFO - Sync 1 DAGs
[2026-07-31T11:29:39.555+0000] {logging_mixin.py:188} INFO - [2026-07-31T11:29:39.550+0000] {dag.py:3947} INFO - Setting next_dagrun for example_task_group_decorator to 2026-07-30 00:00:00+00:00, run_after=2026-07-31 00:00:00+00:00
[2026-07-31T11:29:40.492+0000] {processor.py:183} INFO - Processing /home/airflow/.local/lib/python3.12/site-packages/airflow/example_dags/example_task_group_decorator.py took 3.334 seconds
[2026-07-31T11:30:27.839+0000] {processor.py:161} INFO - Started process (PID=3411) to work on /home/airflow/.local/lib/python3.12/site-packages/airflow/example_dags/example_task_group_decorator.py
[2026-07-31T11:30:27.844+0000] {processor.py:830} INFO - Processing file /home/airflow/.local/lib/python3.12/site-packages/airflow/example_dags/example_task_group_decorator.py for tasks to queue
[2026-07-31T11:30:27.861+0000] {logging_mixin.py:188} INFO - [2026-07-31T11:30:27.860+0000] {dagbag.py:545} INFO - Filling up the DagBag from /home/airflow/.local/lib/python3.12/site-packages/airflow/example_dags/example_task_group_decorator.py
[2026-07-31T11:30:28.086+0000] {processor.py:840} INFO - DAG(s) 'example_task_group_decorator' retrieved from /home/airflow/.local/lib/python3.12/site-packages/airflow/example_dags/example_task_group_decorator.py
[2026-07-31T11:30:28.360+0000] {logging_mixin.py:188} INFO - [2026-07-31T11:30:28.359+0000] {dag.py:3089} INFO - Sync 1 DAGs
[2026-07-31T11:30:28.613+0000] {logging_mixin.py:188} INFO - [2026-07-31T11:30:28.602+0000] {dag.py:3947} INFO - Setting next_dagrun for example_task_group_decorator to 2026-07-30 00:00:00+00:00, run_after=2026-07-31 00:00:00+00:00
[2026-07-31T11:30:28.777+0000] {processor.py:183} INFO - Processing /home/airflow/.local/lib/python3.12/site-packages/airflow/example_dags/example_task_group_decorator.py took 0.977 seconds
[2026-07-31T11:30:58.959+0000] {processor.py:161} INFO - Started process (PID=3469) to work on /home/airflow/.local/lib/python3.12/site-packages/airflow/example_dags/example_task_group_decorator.py
[2026-07-31T11:30:58.963+0000] {processor.py:830} INFO - Processing file /home/airflow/.local/lib/python3.12/site-packages/airflow/example_dags/example_task_group_decorator.py for tasks to queue
[2026-07-31T11:30:58.971+0000] {logging_mixin.py:188} INFO - [2026-07-31T11:30:58.970+0000] {dagbag.py:545} INFO - Filling up the DagBag from /home/airflow/.local/lib/python3.12/site-packages/airflow/example_dags/example_task_group_decorator.py
[2026-07-31T11:30:59.037+0000] {processor.py:840} INFO - DAG(s) 'example_task_group_decorator' retrieved from /home/airflow/.local/lib/python3.12/site-packages/airflow/example_dags/example_task_group_decorator.py
[2026-07-31T11:30:59.137+0000] {logging_mixin.py:188} INFO - [2026-07-31T11:30:59.136+0000] {dag.py:3089} INFO - Sync 1 DAGs
[2026-07-31T11:30:59.258+0000] {logging_mixin.py:188} INFO - [2026-07-31T11:30:59.257+0000] {dag.py:3947} INFO - Setting next_dagrun for example_task_group_decorator to 2026-07-30 00:00:00+00:00, run_after=2026-07-31 00:00:00+00:00
[2026-07-31T11:30:59.338+0000] {processor.py:183} INFO - Processing /home/airflow/.local/lib/python3.12/site-packages/airflow/example_dags/example_task_group_decorator.py took 0.402 seconds
[2026-07-31T11:31:29.641+0000] {processor.py:161} INFO - Started process (PID=3527) to work on /home/airflow/.local/lib/python3.12/site-packages/airflow/example_dags/example_task_group_decorator.py
[2026-07-31T11:31:29.645+0000] {processor.py:830} INFO - Processing file /home/airflow/.local/lib/python3.12/site-packages/airflow/example_dags/example_task_group_decorator.py for tasks to queue
[2026-07-31T11:31:29.651+0000] {logging_mixin.py:188} INFO - [2026-07-31T11:31:29.650+0000] {dagbag.py:545} INFO - Filling up the DagBag from /home/airflow/.local/lib/python3.12/site-packages/airflow/example_dags/example_task_group_decorator.py
[2026-07-31T11:31:29.695+0000] {processor.py:840} INFO - DAG(s) 'example_task_group_decorator' retrieved from /home/airflow/.local/lib/python3.12/site-packages/airflow/example_dags/example_task_group_decorator.py
[2026-07-31T11:31:29.781+0000] {logging_mixin.py:188} INFO - [2026-07-31T11:31:29.780+0000] {dag.py:3089} INFO - Sync 1 DAGs
[2026-07-31T11:31:29.851+0000] {logging_mixin.py:188} INFO - [2026-07-31T11:31:29.850+0000] {dag.py:3947} INFO - Setting next_dagrun for example_task_group_decorator to 2026-07-30 00:00:00+00:00, run_after=2026-07-31 00:00:00+00:00
[2026-07-31T11:31:29.909+0000] {processor.py:183} INFO - Processing /home/airflow/.local/lib/python3.12/site-packages/airflow/example_dags/example_task_group_decorator.py took 0.291 seconds
[2026-07-31T11:32:00.110+0000] {processor.py:161} INFO - Started process (PID=3583) to work on /home/airflow/.local/lib/python3.12/site-packages/airflow/example_dags/example_task_group_decorator.py
[2026-07-31T11:32:00.113+0000] {processor.py:830} INFO - Processing file /home/airflow/.local/lib/python3.12/site-packages/airflow/example_dags/example_task_group_decorator.py for tasks to queue
[2026-07-31T11:32:00.119+0000] {logging_mixin.py:188} INFO - [2026-07-31T11:32:00.118+0000] {dagbag.py:545} INFO - Filling up the DagBag from /home/airflow/.local/lib/python3.12/site-packages/airflow/example_dags/example_task_group_decorator.py
[2026-07-31T11:32:00.160+0000] {processor.py:840} INFO - DAG(s) 'example_task_group_decorator' retrieved from /home/airflow/.local/lib/python3.12/site-packages/airflow/example_dags/example_task_group_decorator.py
[2026-07-31T11:32:00.229+0000] {logging_mixin.py:188} INFO - [2026-07-31T11:32:00.228+0000] {dag.py:3089} INFO - Sync 1 DAGs
[2026-07-31T11:32:00.301+0000] {logging_mixin.py:188} INFO - [2026-07-31T11:32:00.301+0000] {dag.py:3947} INFO - Setting next_dagrun for example_task_group_decorator to 2026-07-30 00:00:00+00:00, run_after=2026-07-31 00:00:00+00:00
[2026-07-31T11:32:00.369+0000] {processor.py:183} INFO - Processing /home/airflow/.local/lib/python3.12/site-packages/airflow/example_dags/example_task_group_decorator.py took 0.273 seconds
[2026-07-31T11:32:32.022+0000] {processor.py:161} INFO - Started process (PID=3641) to work on /home/airflow/.local/lib/python3.12/site-packages/airflow/example_dags/example_task_group_decorator.py
[2026-07-31T11:32:32.027+0000] {processor.py:830} INFO - Processing file /home/airflow/.local/lib/python3.12/site-packages/airflow/example_dags/example_task_group_decorator.py for tasks to queue
[2026-07-31T11:32:32.033+0000] {logging_mixin.py:188} INFO - [2026-07-31T11:32:32.032+0000] {dagbag.py:545} INFO - Filling up the DagBag from /home/airflow/.local/lib/python3.12/site-packages/airflow/example_dags/example_task_group_decorator.py
[2026-07-31T11:32:32.204+0000] {processor.py:840} INFO - DAG(s) 'example_task_group_decorator' retrieved from /home/airflow/.local/lib/python3.12/site-packages/airflow/example_dags/example_task_group_decorator.py
[2026-07-31T11:32:32.443+0000] {logging_mixin.py:188} INFO - [2026-07-31T11:32:32.442+0000] {dag.py:3089} INFO - Sync 1 DAGs
[2026-07-31T11:32:32.583+0000] {logging_mixin.py:188} INFO - [2026-07-31T11:32:32.583+0000] {dag.py:3947} INFO - Setting next_dagrun for example_task_group_decorator to 2026-07-30 00:00:00+00:00, run_after=2026-07-31 00:00:00+00:00
[2026-07-31T11:32:32.663+0000] {processor.py:183} INFO - Processing /home/airflow/.local/lib/python3.12/site-packages/airflow/example_dags/example_task_group_decorator.py took 0.673 seconds
[2026-07-31T11:33:13.443+0000] {processor.py:161} INFO - Started process (PID=3700) to work on /home/airflow/.local/lib/python3.12/site-packages/airflow/example_dags/example_task_group_decorator.py
[2026-07-31T11:33:13.493+0000] {processor.py:830} INFO - Processing file /home/airflow/.local/lib/python3.12/site-packages/airflow/example_dags/example_task_group_decorator.py for tasks to queue
[2026-07-31T11:33:13.526+0000] {logging_mixin.py:188} INFO - [2026-07-31T11:33:13.525+0000] {dagbag.py:545} INFO - Filling up the DagBag from /home/airflow/.local/lib/python3.12/site-packages/airflow/example_dags/example_task_group_decorator.py
[2026-07-31T11:33:13.772+0000] {processor.py:840} INFO - DAG(s) 'example_task_group_decorator' retrieved from /home/airflow/.local/lib/python3.12/site-packages/airflow/example_dags/example_task_group_decorator.py
[2026-07-31T11:33:15.399+0000] {logging_mixin.py:188} INFO - [2026-07-31T11:33:15.390+0000] {dag.py:3089} INFO - Sync 1 DAGs
[2026-07-31T11:33:15.744+0000] {logging_mixin.py:188} INFO - [2026-07-31T11:33:15.743+0000] {dag.py:3947} INFO - Setting next_dagrun for example_task_group_decorator to 2026-07-30 00:00:00+00:00, run_after=2026-07-31 00:00:00+00:00
[2026-07-31T11:33:16.061+0000] {processor.py:183} INFO - Processing /home/airflow/.local/lib/python3.12/site-packages/airflow/example_dags/example_task_group_decorator.py took 2.690 seconds
[2026-07-31T11:34:31.463+0000] {processor.py:161} INFO - Started process (PID=3750) to work on /home/airflow/.local/lib/python3.12/site-packages/airflow/example_dags/example_task_group_decorator.py
[2026-07-31T11:34:31.492+0000] {processor.py:830} INFO - Processing file /home/airflow/.local/lib/python3.12/site-packages/airflow/example_dags/example_task_group_decorator.py for tasks to queue
[2026-07-31T11:34:31.516+0000] {logging_mixin.py:188} INFO - [2026-07-31T11:34:31.506+0000] {dagbag.py:545} INFO - Filling up the DagBag from /home/airflow/.local/lib/python3.12/site-packages/airflow/example_dags/example_task_group_decorator.py
[2026-07-31T11:34:31.886+0000] {processor.py:840} INFO - DAG(s) 'example_task_group_decorator' retrieved from /home/airflow/.local/lib/python3.12/site-packages/airflow/example_dags/example_task_group_decorator.py
[2026-07-31T11:34:32.144+0000] {logging_mixin.py:188} INFO - [2026-07-31T11:34:32.139+0000] {dag.py:3089} INFO - Sync 1 DAGs
[2026-07-31T11:34:32.292+0000] {logging_mixin.py:188} INFO - [2026-07-31T11:34:32.291+0000] {dag.py:3947} INFO - Setting next_dagrun for example_task_group_decorator to 2026-07-30 00:00:00+00:00, run_after=2026-07-31 00:00:00+00:00
[2026-07-31T11:34:32.370+0000] {processor.py:183} INFO - Processing /home/airflow/.local/lib/python3.12/site-packages/airflow/example_dags/example_task_group_decorator.py took 0.946 seconds
[2026-07-31T11:35:02.491+0000] {processor.py:161} INFO - Started process (PID=3807) to work on /home/airflow/.local/lib/python3.12/site-packages/airflow/example_dags/example_task_group_decorator.py
[2026-07-31T11:35:02.493+0000] {processor.py:830} INFO - Processing file /home/airflow/.local/lib/python3.12/site-packages/airflow/example_dags/example_task_group_decorator.py for tasks to queue
[2026-07-31T11:35:02.497+0000] {logging_mixin.py:188} INFO - [2026-07-31T11:35:02.496+0000] {dagbag.py:545} INFO - Filling up the DagBag from /home/airflow/.local/lib/python3.12/site-packages/airflow/example_dags/example_task_group_decorator.py
[2026-07-31T11:35:02.530+0000] {processor.py:840} INFO - DAG(s) 'example_task_group_decorator' retrieved from /home/airflow/.local/lib/python3.12/site-packages/airflow/example_dags/example_task_group_decorator.py
[2026-07-31T11:35:02.581+0000] {logging_mixin.py:188} INFO - [2026-07-31T11:35:02.580+0000] {dag.py:3089} INFO - Sync 1 DAGs
[2026-07-31T11:35:02.619+0000] {logging_mixin.py:188} INFO - [2026-07-31T11:35:02.618+0000] {dag.py:3947} INFO - Setting next_dagrun for example_task_group_decorator to 2026-07-30 00:00:00+00:00, run_after=2026-07-31 00:00:00+00:00
[2026-07-31T11:35:02.651+0000] {processor.py:183} INFO - Processing /home/airflow/.local/lib/python3.12/site-packages/airflow/example_dags/example_task_group_decorator.py took 0.171 seconds
[2026-07-31T11:35:33.132+0000] {processor.py:161} INFO - Started process (PID=3865) to work on /home/airflow/.local/lib/python3.12/site-packages/airflow/example_dags/example_task_group_decorator.py
[2026-07-31T11:35:33.135+0000] {processor.py:830} INFO - Processing file /home/airflow/.local/lib/python3.12/site-packages/airflow/example_dags/example_task_group_decorator.py for tasks to queue
[2026-07-31T11:35:33.140+0000] {logging_mixin.py:188} INFO - [2026-07-31T11:35:33.139+0000] {dagbag.py:545} INFO - Filling up the DagBag from /home/airflow/.local/lib/python3.12/site-packages/airflow/example_dags/example_task_group_decorator.py
[2026-07-31T11:35:33.168+0000] {processor.py:840} INFO - DAG(s) 'example_task_group_decorator' retrieved from /home/airflow/.local/lib/python3.12/site-packages/airflow/example_dags/example_task_group_decorator.py
[2026-07-31T11:35:33.206+0000] {logging_mixin.py:188} INFO - [2026-07-31T11:35:33.206+0000] {dag.py:3089} INFO - Sync 1 DAGs
[2026-07-31T11:35:33.242+0000] {logging_mixin.py:188} INFO - [2026-07-31T11:35:33.242+0000] {dag.py:3947} INFO - Setting next_dagrun for example_task_group_decorator to 2026-07-30 00:00:00+00:00, run_after=2026-07-31 00:00:00+00:00
[2026-07-31T11:35:33.272+0000] {processor.py:183} INFO - Processing /home/airflow/.local/lib/python3.12/site-packages/airflow/example_dags/example_task_group_decorator.py took 0.156 seconds
[2026-07-31T11:36:04.109+0000] {processor.py:161} INFO - Started process (PID=3924) to work on /home/airflow/.local/lib/python3.12/site-packages/airflow/example_dags/example_task_group_decorator.py
[2026-07-31T11:36:04.113+0000] {processor.py:830} INFO - Processing file /home/airflow/.local/lib/python3.12/site-packages/airflow/example_dags/example_task_group_decorator.py for tasks to queue
[2026-07-31T11:36:04.119+0000] {logging_mixin.py:188} INFO - [2026-07-31T11:36:04.118+0000] {dagbag.py:545} INFO - Filling up the DagBag from /home/airflow/.local/lib/python3.12/site-packages/airflow/example_dags/example_task_group_decorator.py
[2026-07-31T11:36:04.180+0000] {processor.py:840} INFO - DAG(s) 'example_task_group_decorator' retrieved from /home/airflow/.local/lib/python3.12/site-packages/airflow/example_dags/example_task_group_decorator.py
[2026-07-31T11:36:04.308+0000] {logging_mixin.py:188} INFO - [2026-07-31T11:36:04.300+0000] {dag.py:3089} INFO - Sync 1 DAGs
[2026-07-31T11:36:04.473+0000] {logging_mixin.py:188} INFO - [2026-07-31T11:36:04.472+0000] {dag.py:3947} INFO - Setting next_dagrun for example_task_group_decorator to 2026-07-30 00:00:00+00:00, run_after=2026-07-31 00:00:00+00:00
[2026-07-31T11:36:04.551+0000] {processor.py:183} INFO - Processing /home/airflow/.local/lib/python3.12/site-packages/airflow/example_dags/example_task_group_decorator.py took 0.456 seconds
[2026-07-31T11:36:34.906+0000] {processor.py:161} INFO - Started process (PID=3982) to work on /home/airflow/.local/lib/python3.12/site-packages/airflow/example_dags/example_task_group_decorator.py
[2026-07-31T11:36:34.908+0000] {processor.py:830} INFO - Processing file /home/airflow/.local/lib/python3.12/site-packages/airflow/example_dags/example_task_group_decorator.py for tasks to queue
[2026-07-31T11:36:34.911+0000] {logging_mixin.py:188} INFO - [2026-07-31T11:36:34.910+0000] {dagbag.py:545} INFO - Filling up the DagBag from /home/airflow/.local/lib/python3.12/site-packages/airflow/example_dags/example_task_group_decorator.py
[2026-07-31T11:36:34.939+0000] {processor.py:840} INFO - DAG(s) 'example_task_group_decorator' retrieved from /home/airflow/.local/lib/python3.12/site-packages/airflow/example_dags/example_task_group_decorator.py
[2026-07-31T11:36:34.982+0000] {logging_mixin.py:188} INFO - [2026-07-31T11:36:34.981+0000] {dag.py:3089} INFO - Sync 1 DAGs
[2026-07-31T11:36:35.019+0000] {logging_mixin.py:188} INFO - [2026-07-31T11:36:35.019+0000] {dag.py:3947} INFO - Setting next_dagrun for example_task_group_decorator to 2026-07-30 00:00:00+00:00, run_after=2026-07-31 00:00:00+00:00
[2026-07-31T11:36:35.051+0000] {processor.py:183} INFO - Processing /home/airflow/.local/lib/python3.12/site-packages/airflow/example_dags/example_task_group_decorator.py took 0.152 seconds
[2026-07-31T11:37:05.135+0000] {processor.py:161} INFO - Started process (PID=4041) to work on /home/airflow/.local/lib/python3.12/site-packages/airflow/example_dags/example_task_group_decorator.py
[2026-07-31T11:37:05.138+0000] {processor.py:830} INFO - Processing file /home/airflow/.local/lib/python3.12/site-packages/airflow/example_dags/example_task_group_decorator.py for tasks to queue
[2026-07-31T11:37:05.143+0000] {logging_mixin.py:188} INFO - [2026-07-31T11:37:05.142+0000] {dagbag.py:545} INFO - Filling up the DagBag from /home/airflow/.local/lib/python3.12/site-packages/airflow/example_dags/example_task_group_decorator.py
[2026-07-31T11:37:05.171+0000] {processor.py:840} INFO - DAG(s) 'example_task_group_decorator' retrieved from /home/airflow/.local/lib/python3.12/site-packages/airflow/example_dags/example_task_group_decorator.py
[2026-07-31T11:37:05.256+0000] {logging_mixin.py:188} INFO - [2026-07-31T11:37:05.255+0000] {dag.py:3089} INFO - Sync 1 DAGs
[2026-07-31T11:37:05.327+0000] {logging_mixin.py:188} INFO - [2026-07-31T11:37:05.326+0000] {dag.py:3947} INFO - Setting next_dagrun for example_task_group_decorator to 2026-07-30 00:00:00+00:00, run_after=2026-07-31 00:00:00+00:00
[2026-07-31T11:37:05.398+0000] {processor.py:183} INFO - Processing /home/airflow/.local/lib/python3.12/site-packages/airflow/example_dags/example_task_group_decorator.py took 0.280 seconds
[2026-07-31T11:37:35.606+0000] {processor.py:161} INFO - Started process (PID=4099) to work on /home/airflow/.local/lib/python3.12/site-packages/airflow/example_dags/example_task_group_decorator.py
[2026-07-31T11:37:35.609+0000] {processor.py:830} INFO - Processing file /home/airflow/.local/lib/python3.12/site-packages/airflow/example_dags/example_task_group_decorator.py for tasks to queue
[2026-07-31T11:37:35.614+0000] {logging_mixin.py:188} INFO - [2026-07-31T11:37:35.614+0000] {dagbag.py:545} INFO - Filling up the DagBag from /home/airflow/.local/lib/python3.12/site-packages/airflow/example_dags/example_task_group_decorator.py
[2026-07-31T11:37:35.663+0000] {processor.py:840} INFO - DAG(s) 'example_task_group_decorator' retrieved from /home/airflow/.local/lib/python3.12/site-packages/airflow/example_dags/example_task_group_decorator.py
[2026-07-31T11:37:35.756+0000] {logging_mixin.py:188} INFO - [2026-07-31T11:37:35.755+0000] {dag.py:3089} INFO - Sync 1 DAGs
[2026-07-31T11:37:35.848+0000] {logging_mixin.py:188} INFO - [2026-07-31T11:37:35.847+0000] {dag.py:3947} INFO - Setting next_dagrun for example_task_group_decorator to 2026-07-30 00:00:00+00:00, run_after=2026-07-31 00:00:00+00:00
[2026-07-31T11:37:35.909+0000] {processor.py:183} INFO - Processing /home/airflow/.local/lib/python3.12/site-packages/airflow/example_dags/example_task_group_decorator.py took 0.313 seconds
[2026-07-31T11:38:06.068+0000] {processor.py:161} INFO - Started process (PID=4157) to work on /home/airflow/.local/lib/python3.12/site-packages/airflow/example_dags/example_task_group_decorator.py
[2026-07-31T11:38:06.069+0000] {processor.py:830} INFO - Processing file /home/airflow/.local/lib/python3.12/site-packages/airflow/example_dags/example_task_group_decorator.py for tasks to queue
[2026-07-31T11:38:06.072+0000] {logging_mixin.py:188} INFO - [2026-07-31T11:38:06.072+0000] {dagbag.py:545} INFO - Filling up the DagBag from /home/airflow/.local/lib/python3.12/site-packages/airflow/example_dags/example_task_group_decorator.py
[2026-07-31T11:38:06.094+0000] {processor.py:840} INFO - DAG(s) 'example_task_group_decorator' retrieved from /home/airflow/.local/lib/python3.12/site-packages/airflow/example_dags/example_task_group_decorator.py
[2026-07-31T11:38:06.133+0000] {logging_mixin.py:188} INFO - [2026-07-31T11:38:06.132+0000] {dag.py:3089} INFO - Sync 1 DAGs
[2026-07-31T11:38:06.166+0000] {logging_mixin.py:188} INFO - [2026-07-31T11:38:06.166+0000] {dag.py:3947} INFO - Setting next_dagrun for example_task_group_decorator to 2026-07-30 00:00:00+00:00, run_after=2026-07-31 00:00:00+00:00
[2026-07-31T11:38:06.196+0000] {processor.py:183} INFO - Processing /home/airflow/.local/lib/python3.12/site-packages/airflow/example_dags/example_task_group_decorator.py took 0.136 seconds
[2026-07-31T11:38:36.594+0000] {processor.py:161} INFO - Started process (PID=4215) to work on /home/airflow/.local/lib/python3.12/site-packages/airflow/example_dags/example_task_group_decorator.py
[2026-07-31T11:38:36.596+0000] {processor.py:830} INFO - Processing file /home/airflow/.local/lib/python3.12/site-packages/airflow/example_dags/example_task_group_decorator.py for tasks to queue
[2026-07-31T11:38:36.599+0000] {logging_mixin.py:188} INFO - [2026-07-31T11:38:36.598+0000] {dagbag.py:545} INFO - Filling up the DagBag from /home/airflow/.local/lib/python3.12/site-packages/airflow/example_dags/example_task_group_decorator.py
[2026-07-31T11:38:36.624+0000] {processor.py:840} INFO - DAG(s) 'example_task_group_decorator' retrieved from /home/airflow/.local/lib/python3.12/site-packages/airflow/example_dags/example_task_group_decorator.py
[2026-07-31T11:38:36.711+0000] {logging_mixin.py:188} INFO - [2026-07-31T11:38:36.710+0000] {dag.py:3089} INFO - Sync 1 DAGs
[2026-07-31T11:38:36.830+0000] {logging_mixin.py:188} INFO - [2026-07-31T11:38:36.829+0000] {dag.py:3947} INFO - Setting next_dagrun for example_task_group_decorator to 2026-07-30 00:00:00+00:00, run_after=2026-07-31 00:00:00+00:00
[2026-07-31T11:38:36.908+0000] {processor.py:183} INFO - Processing /home/airflow/.local/lib/python3.12/site-packages/airflow/example_dags/example_task_group_decorator.py took 0.323 seconds
[2026-07-31T11:39:07.625+0000] {processor.py:161} INFO - Started process (PID=4273) to work on /home/airflow/.local/lib/python3.12/site-packages/airflow/example_dags/example_task_group_decorator.py
[2026-07-31T11:39:07.628+0000] {processor.py:830} INFO - Processing file /home/airflow/.local/lib/python3.12/site-packages/airflow/example_dags/example_task_group_decorator.py for tasks to queue
[2026-07-31T11:39:07.634+0000] {logging_mixin.py:188} INFO - [2026-07-31T11:39:07.633+0000] {dagbag.py:545} INFO - Filling up the DagBag from /home/airflow/.local/lib/python3.12/site-packages/airflow/example_dags/example_task_group_decorator.py
[2026-07-31T11:39:07.669+0000] {processor.py:840} INFO - DAG(s) 'example_task_group_decorator' retrieved from /home/airflow/.local/lib/python3.12/site-packages/airflow/example_dags/example_task_group_decorator.py
[2026-07-31T11:39:07.753+0000] {logging_mixin.py:188} INFO - [2026-07-31T11:39:07.752+0000] {dag.py:3089} INFO - Sync 1 DAGs
[2026-07-31T11:39:07.919+0000] {logging_mixin.py:188} INFO - [2026-07-31T11:39:07.918+0000] {dag.py:3947} INFO - Setting next_dagrun for example_task_group_decorator to 2026-07-30 00:00:00+00:00, run_after=2026-07-31 00:00:00+00:00
[2026-07-31T11:39:08.024+0000] {processor.py:183} INFO - Processing /home/airflow/.local/lib/python3.12/site-packages/airflow/example_dags/example_task_group_decorator.py took 0.414 seconds
[2026-07-31T11:39:38.602+0000] {processor.py:161} INFO - Started process (PID=4331) to work on /home/airflow/.local/lib/python3.12/site-packages/airflow/example_dags/example_task_group_decorator.py
[2026-07-31T11:39:38.604+0000] {processor.py:830} INFO - Processing file /home/airflow/.local/lib/python3.12/site-packages/airflow/example_dags/example_task_group_decorator.py for tasks to queue
[2026-07-31T11:39:38.607+0000] {logging_mixin.py:188} INFO - [2026-07-31T11:39:38.607+0000] {dagbag.py:545} INFO - Filling up the DagBag from /home/airflow/.local/lib/python3.12/site-packages/airflow/example_dags/example_task_group_decorator.py
[2026-07-31T11:39:38.629+0000] {processor.py:840} INFO - DAG(s) 'example_task_group_decorator' retrieved from /home/airflow/.local/lib/python3.12/site-packages/airflow/example_dags/example_task_group_decorator.py
[2026-07-31T11:39:38.662+0000] {logging_mixin.py:188} INFO - [2026-07-31T11:39:38.662+0000] {dag.py:3089} INFO - Sync 1 DAGs
[2026-07-31T11:39:38.690+0000] {logging_mixin.py:188} INFO - [2026-07-31T11:39:38.690+0000] {dag.py:3947} INFO - Setting next_dagrun for example_task_group_decorator to 2026-07-30 00:00:00+00:00, run_after=2026-07-31 00:00:00+00:00
[2026-07-31T11:39:38.717+0000] {processor.py:183} INFO - Processing /home/airflow/.local/lib/python3.12/site-packages/airflow/example_dags/example_task_group_decorator.py took 0.121 seconds
[2026-07-31T11:40:09.326+0000] {processor.py:161} INFO - Started process (PID=4389) to work on /home/airflow/.local/lib/python3.12/site-packages/airflow/example_dags/example_task_group_decorator.py
[2026-07-31T11:40:09.327+0000] {processor.py:830} INFO - Processing file /home/airflow/.local/lib/python3.12/site-packages/airflow/example_dags/example_task_group_decorator.py for tasks to queue
[2026-07-31T11:40:09.330+0000] {logging_mixin.py:188} INFO - [2026-07-31T11:40:09.329+0000] {dagbag.py:545} INFO - Filling up the DagBag from /home/airflow/.local/lib/python3.12/site-packages/airflow/example_dags/example_task_group_decorator.py
[2026-07-31T11:40:09.347+0000] {processor.py:840} INFO - DAG(s) 'example_task_group_decorator' retrieved from /home/airflow/.local/lib/python3.12/site-packages/airflow/example_dags/example_task_group_decorator.py
[2026-07-31T11:40:09.380+0000] {logging_mixin.py:188} INFO - [2026-07-31T11:40:09.380+0000] {dag.py:3089} INFO - Sync 1 DAGs
[2026-07-31T11:40:09.414+0000] {logging_mixin.py:188} INFO - [2026-07-31T11:40:09.414+0000] {dag.py:3947} INFO - Setting next_dagrun for example_task_group_decorator to 2026-07-30 00:00:00+00:00, run_after=2026-07-31 00:00:00+00:00
[2026-07-31T11:40:09.439+0000] {processor.py:183} INFO - Processing /home/airflow/.local/lib/python3.12/site-packages/airflow/example_dags/example_task_group_decorator.py took 0.121 seconds
[2026-07-31T11:40:39.963+0000] {processor.py:161} INFO - Started process (PID=4447) to work on /home/airflow/.local/lib/python3.12/site-packages/airflow/example_dags/example_task_group_decorator.py
[2026-07-31T11:40:39.964+0000] {processor.py:830} INFO - Processing file /home/airflow/.local/lib/python3.12/site-packages/airflow/example_dags/example_task_group_decorator.py for tasks to queue
[2026-07-31T11:40:39.967+0000] {logging_mixin.py:188} INFO - [2026-07-31T11:40:39.966+0000] {dagbag.py:545} INFO - Filling up the DagBag from /home/airflow/.local/lib/python3.12/site-packages/airflow/example_dags/example_task_group_decorator.py
[2026-07-31T11:40:39.986+0000] {processor.py:840} INFO - DAG(s) 'example_task_group_decorator' retrieved from /home/airflow/.local/lib/python3.12/site-packages/airflow/example_dags/example_task_group_decorator.py
[2026-07-31T11:40:40.025+0000] {logging_mixin.py:188} INFO - [2026-07-31T11:40:40.024+0000] {dag.py:3089} INFO - Sync 1 DAGs
[2026-07-31T11:40:40.055+0000] {logging_mixin.py:188} INFO - [2026-07-31T11:40:40.055+0000] {dag.py:3947} INFO - Setting next_dagrun for example_task_group_decorator to 2026-07-30 00:00:00+00:00, run_after=2026-07-31 00:00:00+00:00
[2026-07-31T11:40:40.087+0000] {processor.py:183} INFO - Processing /home/airflow/.local/lib/python3.12/site-packages/airflow/example_dags/example_task_group_decorator.py took 0.131 seconds
