[2026-07-31T10:53:16.432+0000] {processor.py:161} INFO - Started process (PID=122) to work on /home/airflow/.local/lib/python3.12/site-packages/airflow/example_dags/example_skip_dag.py
[2026-07-31T10:53:16.440+0000] {processor.py:830} INFO - Processing file /home/airflow/.local/lib/python3.12/site-packages/airflow/example_dags/example_skip_dag.py for tasks to queue
[2026-07-31T10:53:16.450+0000] {logging_mixin.py:188} INFO - [2026-07-31T10:53:16.448+0000] {dagbag.py:545} INFO - Filling up the DagBag from /home/airflow/.local/lib/python3.12/site-packages/airflow/example_dags/example_skip_dag.py
[2026-07-31T10:53:16.489+0000] {processor.py:840} INFO - DAG(s) 'example_skip_dag' retrieved from /home/airflow/.local/lib/python3.12/site-packages/airflow/example_dags/example_skip_dag.py
[2026-07-31T10:53:16.970+0000] {logging_mixin.py:188} INFO - [2026-07-31T10:53:16.969+0000] {dag.py:3089} INFO - Sync 1 DAGs
[2026-07-31T10:53:17.053+0000] {logging_mixin.py:188} INFO - [2026-07-31T10:53:17.052+0000] {dag.py:3947} INFO - Setting next_dagrun for example_skip_dag to 2026-07-30 00:00:00+00:00, run_after=2026-07-31 00:00:00+00:00
[2026-07-31T10:53:17.176+0000] {processor.py:183} INFO - Processing /home/airflow/.local/lib/python3.12/site-packages/airflow/example_dags/example_skip_dag.py took 0.768 seconds
[2026-07-31T10:54:25.072+0000] {processor.py:161} INFO - Started process (PID=191) to work on /home/airflow/.local/lib/python3.12/site-packages/airflow/example_dags/example_skip_dag.py
[2026-07-31T10:54:25.082+0000] {processor.py:830} INFO - Processing file /home/airflow/.local/lib/python3.12/site-packages/airflow/example_dags/example_skip_dag.py for tasks to queue
[2026-07-31T10:54:25.133+0000] {logging_mixin.py:188} INFO - [2026-07-31T10:54:25.119+0000] {dagbag.py:545} INFO - Filling up the DagBag from /home/airflow/.local/lib/python3.12/site-packages/airflow/example_dags/example_skip_dag.py
[2026-07-31T10:54:25.239+0000] {processor.py:840} INFO - DAG(s) 'example_skip_dag' retrieved from /home/airflow/.local/lib/python3.12/site-packages/airflow/example_dags/example_skip_dag.py
[2026-07-31T10:54:25.391+0000] {logging_mixin.py:188} INFO - [2026-07-31T10:54:25.390+0000] {dag.py:3089} INFO - Sync 1 DAGs
[2026-07-31T10:54:25.571+0000] {logging_mixin.py:188} INFO - [2026-07-31T10:54:25.570+0000] {dag.py:3947} INFO - Setting next_dagrun for example_skip_dag to 2026-07-30 00:00:00+00:00, run_after=2026-07-31 00:00:00+00:00
[2026-07-31T10:54:25.721+0000] {processor.py:183} INFO - Processing /home/airflow/.local/lib/python3.12/site-packages/airflow/example_dags/example_skip_dag.py took 0.714 seconds
[2026-07-31T10:55:19.159+0000] {processor.py:161} INFO - Started process (PID=245) to work on /home/airflow/.local/lib/python3.12/site-packages/airflow/example_dags/example_skip_dag.py
[2026-07-31T10:55:19.163+0000] {processor.py:830} INFO - Processing file /home/airflow/.local/lib/python3.12/site-packages/airflow/example_dags/example_skip_dag.py for tasks to queue
[2026-07-31T10:55:19.167+0000] {logging_mixin.py:188} INFO - [2026-07-31T10:55:19.167+0000] {dagbag.py:545} INFO - Filling up the DagBag from /home/airflow/.local/lib/python3.12/site-packages/airflow/example_dags/example_skip_dag.py
[2026-07-31T10:55:19.186+0000] {processor.py:840} INFO - DAG(s) 'example_skip_dag' retrieved from /home/airflow/.local/lib/python3.12/site-packages/airflow/example_dags/example_skip_dag.py
[2026-07-31T10:55:19.246+0000] {logging_mixin.py:188} INFO - [2026-07-31T10:55:19.246+0000] {dag.py:3089} INFO - Sync 1 DAGs
[2026-07-31T10:55:19.318+0000] {logging_mixin.py:188} INFO - [2026-07-31T10:55:19.317+0000] {dag.py:3947} INFO - Setting next_dagrun for example_skip_dag to 2026-07-30 00:00:00+00:00, run_after=2026-07-31 00:00:00+00:00
[2026-07-31T10:55:19.411+0000] {processor.py:183} INFO - Processing /home/airflow/.local/lib/python3.12/site-packages/airflow/example_dags/example_skip_dag.py took 0.268 seconds
[2026-07-31T10:55:50.083+0000] {processor.py:161} INFO - Started process (PID=303) to work on /home/airflow/.local/lib/python3.12/site-packages/airflow/example_dags/example_skip_dag.py
[2026-07-31T10:55:50.085+0000] {processor.py:830} INFO - Processing file /home/airflow/.local/lib/python3.12/site-packages/airflow/example_dags/example_skip_dag.py for tasks to queue
[2026-07-31T10:55:50.090+0000] {logging_mixin.py:188} INFO - [2026-07-31T10:55:50.089+0000] {dagbag.py:545} INFO - Filling up the DagBag from /home/airflow/.local/lib/python3.12/site-packages/airflow/example_dags/example_skip_dag.py
[2026-07-31T10:55:50.105+0000] {processor.py:840} INFO - DAG(s) 'example_skip_dag' retrieved from /home/airflow/.local/lib/python3.12/site-packages/airflow/example_dags/example_skip_dag.py
[2026-07-31T10:55:50.172+0000] {logging_mixin.py:188} INFO - [2026-07-31T10:55:50.171+0000] {dag.py:3089} INFO - Sync 1 DAGs
[2026-07-31T10:55:50.232+0000] {logging_mixin.py:188} INFO - [2026-07-31T10:55:50.231+0000] {dag.py:3947} INFO - Setting next_dagrun for example_skip_dag to 2026-07-30 00:00:00+00:00, run_after=2026-07-31 00:00:00+00:00
[2026-07-31T10:55:50.278+0000] {processor.py:183} INFO - Processing /home/airflow/.local/lib/python3.12/site-packages/airflow/example_dags/example_skip_dag.py took 0.207 seconds
[2026-07-31T10:56:20.676+0000] {processor.py:161} INFO - Started process (PID=361) to work on /home/airflow/.local/lib/python3.12/site-packages/airflow/example_dags/example_skip_dag.py
[2026-07-31T10:56:20.683+0000] {processor.py:830} INFO - Processing file /home/airflow/.local/lib/python3.12/site-packages/airflow/example_dags/example_skip_dag.py for tasks to queue
[2026-07-31T10:56:20.695+0000] {logging_mixin.py:188} INFO - [2026-07-31T10:56:20.690+0000] {dagbag.py:545} INFO - Filling up the DagBag from /home/airflow/.local/lib/python3.12/site-packages/airflow/example_dags/example_skip_dag.py
[2026-07-31T10:56:20.737+0000] {processor.py:840} INFO - DAG(s) 'example_skip_dag' retrieved from /home/airflow/.local/lib/python3.12/site-packages/airflow/example_dags/example_skip_dag.py
[2026-07-31T10:56:20.842+0000] {logging_mixin.py:188} INFO - [2026-07-31T10:56:20.841+0000] {dag.py:3089} INFO - Sync 1 DAGs
[2026-07-31T10:56:20.933+0000] {logging_mixin.py:188} INFO - [2026-07-31T10:56:20.932+0000] {dag.py:3947} INFO - Setting next_dagrun for example_skip_dag to 2026-07-30 00:00:00+00:00, run_after=2026-07-31 00:00:00+00:00
[2026-07-31T10:56:21.037+0000] {processor.py:183} INFO - Processing /home/airflow/.local/lib/python3.12/site-packages/airflow/example_dags/example_skip_dag.py took 0.388 seconds
[2026-07-31T10:56:57.864+0000] {processor.py:161} INFO - Started process (PID=419) to work on /home/airflow/.local/lib/python3.12/site-packages/airflow/example_dags/example_skip_dag.py
[2026-07-31T10:56:57.867+0000] {processor.py:830} INFO - Processing file /home/airflow/.local/lib/python3.12/site-packages/airflow/example_dags/example_skip_dag.py for tasks to queue
[2026-07-31T10:56:57.875+0000] {logging_mixin.py:188} INFO - [2026-07-31T10:56:57.873+0000] {dagbag.py:545} INFO - Filling up the DagBag from /home/airflow/.local/lib/python3.12/site-packages/airflow/example_dags/example_skip_dag.py
[2026-07-31T10:56:57.896+0000] {processor.py:840} INFO - DAG(s) 'example_skip_dag' retrieved from /home/airflow/.local/lib/python3.12/site-packages/airflow/example_dags/example_skip_dag.py
[2026-07-31T10:56:57.959+0000] {logging_mixin.py:188} INFO - [2026-07-31T10:56:57.958+0000] {dag.py:3089} INFO - Sync 1 DAGs
[2026-07-31T10:56:58.040+0000] {logging_mixin.py:188} INFO - [2026-07-31T10:56:58.040+0000] {dag.py:3947} INFO - Setting next_dagrun for example_skip_dag to 2026-07-30 00:00:00+00:00, run_after=2026-07-31 00:00:00+00:00
[2026-07-31T10:56:58.106+0000] {processor.py:183} INFO - Processing /home/airflow/.local/lib/python3.12/site-packages/airflow/example_dags/example_skip_dag.py took 0.261 seconds
[2026-07-31T10:57:31.804+0000] {processor.py:161} INFO - Started process (PID=477) to work on /home/airflow/.local/lib/python3.12/site-packages/airflow/example_dags/example_skip_dag.py
[2026-07-31T10:57:31.807+0000] {processor.py:830} INFO - Processing file /home/airflow/.local/lib/python3.12/site-packages/airflow/example_dags/example_skip_dag.py for tasks to queue
[2026-07-31T10:57:31.815+0000] {logging_mixin.py:188} INFO - [2026-07-31T10:57:31.813+0000] {dagbag.py:545} INFO - Filling up the DagBag from /home/airflow/.local/lib/python3.12/site-packages/airflow/example_dags/example_skip_dag.py
[2026-07-31T10:57:31.838+0000] {processor.py:840} INFO - DAG(s) 'example_skip_dag' retrieved from /home/airflow/.local/lib/python3.12/site-packages/airflow/example_dags/example_skip_dag.py
[2026-07-31T10:57:31.910+0000] {logging_mixin.py:188} INFO - [2026-07-31T10:57:31.910+0000] {dag.py:3089} INFO - Sync 1 DAGs
[2026-07-31T10:57:31.993+0000] {logging_mixin.py:188} INFO - [2026-07-31T10:57:31.988+0000] {dag.py:3947} INFO - Setting next_dagrun for example_skip_dag to 2026-07-30 00:00:00+00:00, run_after=2026-07-31 00:00:00+00:00
[2026-07-31T10:57:32.062+0000] {processor.py:183} INFO - Processing /home/airflow/.local/lib/python3.12/site-packages/airflow/example_dags/example_skip_dag.py took 0.274 seconds
[2026-07-31T10:58:02.915+0000] {processor.py:161} INFO - Started process (PID=535) to work on /home/airflow/.local/lib/python3.12/site-packages/airflow/example_dags/example_skip_dag.py
[2026-07-31T10:58:02.919+0000] {processor.py:830} INFO - Processing file /home/airflow/.local/lib/python3.12/site-packages/airflow/example_dags/example_skip_dag.py for tasks to queue
[2026-07-31T10:58:02.927+0000] {logging_mixin.py:188} INFO - [2026-07-31T10:58:02.925+0000] {dagbag.py:545} INFO - Filling up the DagBag from /home/airflow/.local/lib/python3.12/site-packages/airflow/example_dags/example_skip_dag.py
[2026-07-31T10:58:02.950+0000] {processor.py:840} INFO - DAG(s) 'example_skip_dag' retrieved from /home/airflow/.local/lib/python3.12/site-packages/airflow/example_dags/example_skip_dag.py
[2026-07-31T10:58:03.022+0000] {logging_mixin.py:188} INFO - [2026-07-31T10:58:03.022+0000] {dag.py:3089} INFO - Sync 1 DAGs
[2026-07-31T10:58:03.092+0000] {logging_mixin.py:188} INFO - [2026-07-31T10:58:03.091+0000] {dag.py:3947} INFO - Setting next_dagrun for example_skip_dag to 2026-07-30 00:00:00+00:00, run_after=2026-07-31 00:00:00+00:00
[2026-07-31T10:58:03.163+0000] {processor.py:183} INFO - Processing /home/airflow/.local/lib/python3.12/site-packages/airflow/example_dags/example_skip_dag.py took 0.258 seconds
[2026-07-31T10:58:33.451+0000] {processor.py:161} INFO - Started process (PID=591) to work on /home/airflow/.local/lib/python3.12/site-packages/airflow/example_dags/example_skip_dag.py
[2026-07-31T10:58:33.454+0000] {processor.py:830} INFO - Processing file /home/airflow/.local/lib/python3.12/site-packages/airflow/example_dags/example_skip_dag.py for tasks to queue
[2026-07-31T10:58:33.458+0000] {logging_mixin.py:188} INFO - [2026-07-31T10:58:33.458+0000] {dagbag.py:545} INFO - Filling up the DagBag from /home/airflow/.local/lib/python3.12/site-packages/airflow/example_dags/example_skip_dag.py
[2026-07-31T10:58:33.475+0000] {processor.py:840} INFO - DAG(s) 'example_skip_dag' retrieved from /home/airflow/.local/lib/python3.12/site-packages/airflow/example_dags/example_skip_dag.py
[2026-07-31T10:58:33.520+0000] {logging_mixin.py:188} INFO - [2026-07-31T10:58:33.520+0000] {dag.py:3089} INFO - Sync 1 DAGs
[2026-07-31T10:58:33.570+0000] {logging_mixin.py:188} INFO - [2026-07-31T10:58:33.570+0000] {dag.py:3947} INFO - Setting next_dagrun for example_skip_dag to 2026-07-30 00:00:00+00:00, run_after=2026-07-31 00:00:00+00:00
[2026-07-31T10:58:33.616+0000] {processor.py:183} INFO - Processing /home/airflow/.local/lib/python3.12/site-packages/airflow/example_dags/example_skip_dag.py took 0.176 seconds
[2026-07-31T10:59:04.030+0000] {processor.py:161} INFO - Started process (PID=649) to work on /home/airflow/.local/lib/python3.12/site-packages/airflow/example_dags/example_skip_dag.py
[2026-07-31T10:59:04.034+0000] {processor.py:830} INFO - Processing file /home/airflow/.local/lib/python3.12/site-packages/airflow/example_dags/example_skip_dag.py for tasks to queue
[2026-07-31T10:59:04.040+0000] {logging_mixin.py:188} INFO - [2026-07-31T10:59:04.039+0000] {dagbag.py:545} INFO - Filling up the DagBag from /home/airflow/.local/lib/python3.12/site-packages/airflow/example_dags/example_skip_dag.py
[2026-07-31T10:59:04.062+0000] {processor.py:840} INFO - DAG(s) 'example_skip_dag' retrieved from /home/airflow/.local/lib/python3.12/site-packages/airflow/example_dags/example_skip_dag.py
[2026-07-31T10:59:04.122+0000] {logging_mixin.py:188} INFO - [2026-07-31T10:59:04.122+0000] {dag.py:3089} INFO - Sync 1 DAGs
[2026-07-31T10:59:04.220+0000] {logging_mixin.py:188} INFO - [2026-07-31T10:59:04.219+0000] {dag.py:3947} INFO - Setting next_dagrun for example_skip_dag to 2026-07-30 00:00:00+00:00, run_after=2026-07-31 00:00:00+00:00
[2026-07-31T10:59:04.270+0000] {processor.py:183} INFO - Processing /home/airflow/.local/lib/python3.12/site-packages/airflow/example_dags/example_skip_dag.py took 0.257 seconds
[2026-07-31T10:59:34.428+0000] {processor.py:161} INFO - Started process (PID=707) to work on /home/airflow/.local/lib/python3.12/site-packages/airflow/example_dags/example_skip_dag.py
[2026-07-31T10:59:34.430+0000] {processor.py:830} INFO - Processing file /home/airflow/.local/lib/python3.12/site-packages/airflow/example_dags/example_skip_dag.py for tasks to queue
[2026-07-31T10:59:34.433+0000] {logging_mixin.py:188} INFO - [2026-07-31T10:59:34.432+0000] {dagbag.py:545} INFO - Filling up the DagBag from /home/airflow/.local/lib/python3.12/site-packages/airflow/example_dags/example_skip_dag.py
[2026-07-31T10:59:34.451+0000] {processor.py:840} INFO - DAG(s) 'example_skip_dag' retrieved from /home/airflow/.local/lib/python3.12/site-packages/airflow/example_dags/example_skip_dag.py
[2026-07-31T10:59:34.494+0000] {logging_mixin.py:188} INFO - [2026-07-31T10:59:34.493+0000] {dag.py:3089} INFO - Sync 1 DAGs
[2026-07-31T10:59:34.537+0000] {logging_mixin.py:188} INFO - [2026-07-31T10:59:34.537+0000] {dag.py:3947} INFO - Setting next_dagrun for example_skip_dag to 2026-07-30 00:00:00+00:00, run_after=2026-07-31 00:00:00+00:00
[2026-07-31T10:59:34.595+0000] {processor.py:183} INFO - Processing /home/airflow/.local/lib/python3.12/site-packages/airflow/example_dags/example_skip_dag.py took 0.176 seconds
[2026-07-31T11:00:05.183+0000] {processor.py:161} INFO - Started process (PID=765) to work on /home/airflow/.local/lib/python3.12/site-packages/airflow/example_dags/example_skip_dag.py
[2026-07-31T11:00:05.185+0000] {processor.py:830} INFO - Processing file /home/airflow/.local/lib/python3.12/site-packages/airflow/example_dags/example_skip_dag.py for tasks to queue
[2026-07-31T11:00:05.188+0000] {logging_mixin.py:188} INFO - [2026-07-31T11:00:05.187+0000] {dagbag.py:545} INFO - Filling up the DagBag from /home/airflow/.local/lib/python3.12/site-packages/airflow/example_dags/example_skip_dag.py
[2026-07-31T11:00:05.202+0000] {processor.py:840} INFO - DAG(s) 'example_skip_dag' retrieved from /home/airflow/.local/lib/python3.12/site-packages/airflow/example_dags/example_skip_dag.py
[2026-07-31T11:00:05.244+0000] {logging_mixin.py:188} INFO - [2026-07-31T11:00:05.244+0000] {dag.py:3089} INFO - Sync 1 DAGs
[2026-07-31T11:00:05.283+0000] {logging_mixin.py:188} INFO - [2026-07-31T11:00:05.282+0000] {dag.py:3947} INFO - Setting next_dagrun for example_skip_dag to 2026-07-30 00:00:00+00:00, run_after=2026-07-31 00:00:00+00:00
[2026-07-31T11:00:05.316+0000] {processor.py:183} INFO - Processing /home/airflow/.local/lib/python3.12/site-packages/airflow/example_dags/example_skip_dag.py took 0.142 seconds
[2026-07-31T11:00:36.195+0000] {processor.py:161} INFO - Started process (PID=829) to work on /home/airflow/.local/lib/python3.12/site-packages/airflow/example_dags/example_skip_dag.py
[2026-07-31T11:00:36.199+0000] {processor.py:830} INFO - Processing file /home/airflow/.local/lib/python3.12/site-packages/airflow/example_dags/example_skip_dag.py for tasks to queue
[2026-07-31T11:00:36.203+0000] {logging_mixin.py:188} INFO - [2026-07-31T11:00:36.203+0000] {dagbag.py:545} INFO - Filling up the DagBag from /home/airflow/.local/lib/python3.12/site-packages/airflow/example_dags/example_skip_dag.py
[2026-07-31T11:00:36.219+0000] {processor.py:840} INFO - DAG(s) 'example_skip_dag' retrieved from /home/airflow/.local/lib/python3.12/site-packages/airflow/example_dags/example_skip_dag.py
[2026-07-31T11:00:36.282+0000] {logging_mixin.py:188} INFO - [2026-07-31T11:00:36.281+0000] {dag.py:3089} INFO - Sync 1 DAGs
[2026-07-31T11:00:36.351+0000] {logging_mixin.py:188} INFO - [2026-07-31T11:00:36.350+0000] {dag.py:3947} INFO - Setting next_dagrun for example_skip_dag to 2026-07-30 00:00:00+00:00, run_after=2026-07-31 00:00:00+00:00
[2026-07-31T11:00:36.406+0000] {processor.py:183} INFO - Processing /home/airflow/.local/lib/python3.12/site-packages/airflow/example_dags/example_skip_dag.py took 0.238 seconds
[2026-07-31T11:01:07.191+0000] {processor.py:161} INFO - Started process (PID=887) to work on /home/airflow/.local/lib/python3.12/site-packages/airflow/example_dags/example_skip_dag.py
[2026-07-31T11:01:07.193+0000] {processor.py:830} INFO - Processing file /home/airflow/.local/lib/python3.12/site-packages/airflow/example_dags/example_skip_dag.py for tasks to queue
[2026-07-31T11:01:07.196+0000] {logging_mixin.py:188} INFO - [2026-07-31T11:01:07.195+0000] {dagbag.py:545} INFO - Filling up the DagBag from /home/airflow/.local/lib/python3.12/site-packages/airflow/example_dags/example_skip_dag.py
[2026-07-31T11:01:07.204+0000] {processor.py:840} INFO - DAG(s) 'example_skip_dag' retrieved from /home/airflow/.local/lib/python3.12/site-packages/airflow/example_dags/example_skip_dag.py
[2026-07-31T11:01:07.235+0000] {logging_mixin.py:188} INFO - [2026-07-31T11:01:07.235+0000] {dag.py:3089} INFO - Sync 1 DAGs
[2026-07-31T11:01:07.269+0000] {logging_mixin.py:188} INFO - [2026-07-31T11:01:07.269+0000] {dag.py:3947} INFO - Setting next_dagrun for example_skip_dag to 2026-07-30 00:00:00+00:00, run_after=2026-07-31 00:00:00+00:00
[2026-07-31T11:01:07.297+0000] {processor.py:183} INFO - Processing /home/airflow/.local/lib/python3.12/site-packages/airflow/example_dags/example_skip_dag.py took 0.116 seconds
[2026-07-31T11:01:37.619+0000] {processor.py:161} INFO - Started process (PID=945) to work on /home/airflow/.local/lib/python3.12/site-packages/airflow/example_dags/example_skip_dag.py
[2026-07-31T11:01:37.623+0000] {processor.py:830} INFO - Processing file /home/airflow/.local/lib/python3.12/site-packages/airflow/example_dags/example_skip_dag.py for tasks to queue
[2026-07-31T11:01:37.627+0000] {logging_mixin.py:188} INFO - [2026-07-31T11:01:37.627+0000] {dagbag.py:545} INFO - Filling up the DagBag from /home/airflow/.local/lib/python3.12/site-packages/airflow/example_dags/example_skip_dag.py
[2026-07-31T11:01:37.637+0000] {processor.py:840} INFO - DAG(s) 'example_skip_dag' retrieved from /home/airflow/.local/lib/python3.12/site-packages/airflow/example_dags/example_skip_dag.py
[2026-07-31T11:01:37.684+0000] {logging_mixin.py:188} INFO - [2026-07-31T11:01:37.683+0000] {dag.py:3089} INFO - Sync 1 DAGs
[2026-07-31T11:01:37.778+0000] {logging_mixin.py:188} INFO - [2026-07-31T11:01:37.776+0000] {dag.py:3947} INFO - Setting next_dagrun for example_skip_dag to 2026-07-30 00:00:00+00:00, run_after=2026-07-31 00:00:00+00:00
[2026-07-31T11:01:37.886+0000] {processor.py:183} INFO - Processing /home/airflow/.local/lib/python3.12/site-packages/airflow/example_dags/example_skip_dag.py took 0.276 seconds
[2026-07-31T11:02:08.620+0000] {processor.py:161} INFO - Started process (PID=1003) to work on /home/airflow/.local/lib/python3.12/site-packages/airflow/example_dags/example_skip_dag.py
[2026-07-31T11:02:08.624+0000] {processor.py:830} INFO - Processing file /home/airflow/.local/lib/python3.12/site-packages/airflow/example_dags/example_skip_dag.py for tasks to queue
[2026-07-31T11:02:08.631+0000] {logging_mixin.py:188} INFO - [2026-07-31T11:02:08.630+0000] {dagbag.py:545} INFO - Filling up the DagBag from /home/airflow/.local/lib/python3.12/site-packages/airflow/example_dags/example_skip_dag.py
[2026-07-31T11:02:08.648+0000] {processor.py:840} INFO - DAG(s) 'example_skip_dag' retrieved from /home/airflow/.local/lib/python3.12/site-packages/airflow/example_dags/example_skip_dag.py
[2026-07-31T11:02:08.704+0000] {logging_mixin.py:188} INFO - [2026-07-31T11:02:08.703+0000] {dag.py:3089} INFO - Sync 1 DAGs
[2026-07-31T11:02:08.751+0000] {logging_mixin.py:188} INFO - [2026-07-31T11:02:08.751+0000] {dag.py:3947} INFO - Setting next_dagrun for example_skip_dag to 2026-07-30 00:00:00+00:00, run_after=2026-07-31 00:00:00+00:00
[2026-07-31T11:02:08.794+0000] {processor.py:183} INFO - Processing /home/airflow/.local/lib/python3.12/site-packages/airflow/example_dags/example_skip_dag.py took 0.189 seconds
[2026-07-31T11:02:47.772+0000] {processor.py:161} INFO - Started process (PID=1061) to work on /home/airflow/.local/lib/python3.12/site-packages/airflow/example_dags/example_skip_dag.py
[2026-07-31T11:02:47.775+0000] {processor.py:830} INFO - Processing file /home/airflow/.local/lib/python3.12/site-packages/airflow/example_dags/example_skip_dag.py for tasks to queue
[2026-07-31T11:02:47.783+0000] {logging_mixin.py:188} INFO - [2026-07-31T11:02:47.781+0000] {dagbag.py:545} INFO - Filling up the DagBag from /home/airflow/.local/lib/python3.12/site-packages/airflow/example_dags/example_skip_dag.py
[2026-07-31T11:02:47.813+0000] {processor.py:840} INFO - DAG(s) 'example_skip_dag' retrieved from /home/airflow/.local/lib/python3.12/site-packages/airflow/example_dags/example_skip_dag.py
[2026-07-31T11:02:47.990+0000] {logging_mixin.py:188} INFO - [2026-07-31T11:02:47.989+0000] {dag.py:3089} INFO - Sync 1 DAGs
[2026-07-31T11:02:48.177+0000] {logging_mixin.py:188} INFO - [2026-07-31T11:02:48.176+0000] {dag.py:3947} INFO - Setting next_dagrun for example_skip_dag to 2026-07-30 00:00:00+00:00, run_after=2026-07-31 00:00:00+00:00
[2026-07-31T11:02:48.310+0000] {processor.py:183} INFO - Processing /home/airflow/.local/lib/python3.12/site-packages/airflow/example_dags/example_skip_dag.py took 0.579 seconds
[2026-07-31T11:03:19.278+0000] {processor.py:161} INFO - Started process (PID=1118) to work on /home/airflow/.local/lib/python3.12/site-packages/airflow/example_dags/example_skip_dag.py
[2026-07-31T11:03:19.281+0000] {processor.py:830} INFO - Processing file /home/airflow/.local/lib/python3.12/site-packages/airflow/example_dags/example_skip_dag.py for tasks to queue
[2026-07-31T11:03:19.289+0000] {logging_mixin.py:188} INFO - [2026-07-31T11:03:19.288+0000] {dagbag.py:545} INFO - Filling up the DagBag from /home/airflow/.local/lib/python3.12/site-packages/airflow/example_dags/example_skip_dag.py
[2026-07-31T11:03:19.320+0000] {processor.py:840} INFO - DAG(s) 'example_skip_dag' retrieved from /home/airflow/.local/lib/python3.12/site-packages/airflow/example_dags/example_skip_dag.py
[2026-07-31T11:03:19.399+0000] {logging_mixin.py:188} INFO - [2026-07-31T11:03:19.397+0000] {dag.py:3089} INFO - Sync 1 DAGs
[2026-07-31T11:03:19.507+0000] {logging_mixin.py:188} INFO - [2026-07-31T11:03:19.503+0000] {dag.py:3947} INFO - Setting next_dagrun for example_skip_dag to 2026-07-30 00:00:00+00:00, run_after=2026-07-31 00:00:00+00:00
[2026-07-31T11:03:19.611+0000] {processor.py:183} INFO - Processing /home/airflow/.local/lib/python3.12/site-packages/airflow/example_dags/example_skip_dag.py took 0.353 seconds
[2026-07-31T11:03:49.945+0000] {processor.py:161} INFO - Started process (PID=1176) to work on /home/airflow/.local/lib/python3.12/site-packages/airflow/example_dags/example_skip_dag.py
[2026-07-31T11:03:49.949+0000] {processor.py:830} INFO - Processing file /home/airflow/.local/lib/python3.12/site-packages/airflow/example_dags/example_skip_dag.py for tasks to queue
[2026-07-31T11:03:49.955+0000] {logging_mixin.py:188} INFO - [2026-07-31T11:03:49.954+0000] {dagbag.py:545} INFO - Filling up the DagBag from /home/airflow/.local/lib/python3.12/site-packages/airflow/example_dags/example_skip_dag.py
[2026-07-31T11:03:49.977+0000] {processor.py:840} INFO - DAG(s) 'example_skip_dag' retrieved from /home/airflow/.local/lib/python3.12/site-packages/airflow/example_dags/example_skip_dag.py
[2026-07-31T11:03:50.061+0000] {logging_mixin.py:188} INFO - [2026-07-31T11:03:50.061+0000] {dag.py:3089} INFO - Sync 1 DAGs
[2026-07-31T11:03:50.194+0000] {logging_mixin.py:188} INFO - [2026-07-31T11:03:50.193+0000] {dag.py:3947} INFO - Setting next_dagrun for example_skip_dag to 2026-07-30 00:00:00+00:00, run_after=2026-07-31 00:00:00+00:00
[2026-07-31T11:03:50.317+0000] {processor.py:183} INFO - Processing /home/airflow/.local/lib/python3.12/site-packages/airflow/example_dags/example_skip_dag.py took 0.395 seconds
[2026-07-31T11:04:23.951+0000] {processor.py:161} INFO - Started process (PID=1231) to work on /home/airflow/.local/lib/python3.12/site-packages/airflow/example_dags/example_skip_dag.py
[2026-07-31T11:04:23.956+0000] {processor.py:830} INFO - Processing file /home/airflow/.local/lib/python3.12/site-packages/airflow/example_dags/example_skip_dag.py for tasks to queue
[2026-07-31T11:04:23.954+0000] {logging_mixin.py:188} INFO - [2026-07-31T11:04:23.953+0000] {dagbag.py:545} INFO - Filling up the DagBag from /home/airflow/.local/lib/python3.12/site-packages/airflow/example_dags/example_skip_dag.py
[2026-07-31T11:04:24.035+0000] {processor.py:840} INFO - DAG(s) 'example_skip_dag' retrieved from /home/airflow/.local/lib/python3.12/site-packages/airflow/example_dags/example_skip_dag.py
[2026-07-31T11:04:24.189+0000] {logging_mixin.py:188} INFO - [2026-07-31T11:04:24.188+0000] {dag.py:3089} INFO - Sync 1 DAGs
[2026-07-31T11:04:24.378+0000] {logging_mixin.py:188} INFO - [2026-07-31T11:04:24.376+0000] {dag.py:3947} INFO - Setting next_dagrun for example_skip_dag to 2026-07-30 00:00:00+00:00, run_after=2026-07-31 00:00:00+00:00
[2026-07-31T11:04:24.464+0000] {processor.py:183} INFO - Processing /home/airflow/.local/lib/python3.12/site-packages/airflow/example_dags/example_skip_dag.py took 0.559 seconds
[2026-07-31T11:05:31.524+0000] {processor.py:161} INFO - Started process (PID=1295) to work on /home/airflow/.local/lib/python3.12/site-packages/airflow/example_dags/example_skip_dag.py
[2026-07-31T11:05:31.529+0000] {processor.py:830} INFO - Processing file /home/airflow/.local/lib/python3.12/site-packages/airflow/example_dags/example_skip_dag.py for tasks to queue
[2026-07-31T11:05:31.546+0000] {logging_mixin.py:188} INFO - [2026-07-31T11:05:31.535+0000] {dagbag.py:545} INFO - Filling up the DagBag from /home/airflow/.local/lib/python3.12/site-packages/airflow/example_dags/example_skip_dag.py
[2026-07-31T11:05:31.593+0000] {processor.py:840} INFO - DAG(s) 'example_skip_dag' retrieved from /home/airflow/.local/lib/python3.12/site-packages/airflow/example_dags/example_skip_dag.py
[2026-07-31T11:05:31.856+0000] {logging_mixin.py:188} INFO - [2026-07-31T11:05:31.855+0000] {dag.py:3089} INFO - Sync 1 DAGs
[2026-07-31T11:05:32.089+0000] {logging_mixin.py:188} INFO - [2026-07-31T11:05:32.088+0000] {dag.py:3947} INFO - Setting next_dagrun for example_skip_dag to 2026-07-30 00:00:00+00:00, run_after=2026-07-31 00:00:00+00:00
[2026-07-31T11:05:32.206+0000] {processor.py:183} INFO - Processing /home/airflow/.local/lib/python3.12/site-packages/airflow/example_dags/example_skip_dag.py took 0.732 seconds
[2026-07-31T11:06:18.509+0000] {processor.py:161} INFO - Started process (PID=1368) to work on /home/airflow/.local/lib/python3.12/site-packages/airflow/example_dags/example_skip_dag.py
[2026-07-31T11:06:18.512+0000] {processor.py:830} INFO - Processing file /home/airflow/.local/lib/python3.12/site-packages/airflow/example_dags/example_skip_dag.py for tasks to queue
[2026-07-31T11:06:18.521+0000] {logging_mixin.py:188} INFO - [2026-07-31T11:06:18.520+0000] {dagbag.py:545} INFO - Filling up the DagBag from /home/airflow/.local/lib/python3.12/site-packages/airflow/example_dags/example_skip_dag.py
[2026-07-31T11:06:18.568+0000] {processor.py:840} INFO - DAG(s) 'example_skip_dag' retrieved from /home/airflow/.local/lib/python3.12/site-packages/airflow/example_dags/example_skip_dag.py
[2026-07-31T11:06:18.728+0000] {logging_mixin.py:188} INFO - [2026-07-31T11:06:18.727+0000] {dag.py:3089} INFO - Sync 1 DAGs
[2026-07-31T11:06:18.930+0000] {logging_mixin.py:188} INFO - [2026-07-31T11:06:18.929+0000] {dag.py:3947} INFO - Setting next_dagrun for example_skip_dag to 2026-07-30 00:00:00+00:00, run_after=2026-07-31 00:00:00+00:00
[2026-07-31T11:06:19.057+0000] {processor.py:183} INFO - Processing /home/airflow/.local/lib/python3.12/site-packages/airflow/example_dags/example_skip_dag.py took 0.589 seconds
[2026-07-31T11:06:52.688+0000] {processor.py:161} INFO - Started process (PID=1433) to work on /home/airflow/.local/lib/python3.12/site-packages/airflow/example_dags/example_skip_dag.py
[2026-07-31T11:06:52.691+0000] {processor.py:830} INFO - Processing file /home/airflow/.local/lib/python3.12/site-packages/airflow/example_dags/example_skip_dag.py for tasks to queue
[2026-07-31T11:06:52.697+0000] {logging_mixin.py:188} INFO - [2026-07-31T11:06:52.695+0000] {dagbag.py:545} INFO - Filling up the DagBag from /home/airflow/.local/lib/python3.12/site-packages/airflow/example_dags/example_skip_dag.py
[2026-07-31T11:06:52.715+0000] {processor.py:840} INFO - DAG(s) 'example_skip_dag' retrieved from /home/airflow/.local/lib/python3.12/site-packages/airflow/example_dags/example_skip_dag.py
[2026-07-31T11:06:52.796+0000] {logging_mixin.py:188} INFO - [2026-07-31T11:06:52.795+0000] {dag.py:3089} INFO - Sync 1 DAGs
[2026-07-31T11:06:52.882+0000] {logging_mixin.py:188} INFO - [2026-07-31T11:06:52.881+0000] {dag.py:3947} INFO - Setting next_dagrun for example_skip_dag to 2026-07-30 00:00:00+00:00, run_after=2026-07-31 00:00:00+00:00
[2026-07-31T11:06:52.948+0000] {processor.py:183} INFO - Processing /home/airflow/.local/lib/python3.12/site-packages/airflow/example_dags/example_skip_dag.py took 0.275 seconds
[2026-07-31T11:07:59.758+0000] {processor.py:161} INFO - Started process (PID=1489) to work on /home/airflow/.local/lib/python3.12/site-packages/airflow/example_dags/example_skip_dag.py
[2026-07-31T11:07:59.765+0000] {processor.py:830} INFO - Processing file /home/airflow/.local/lib/python3.12/site-packages/airflow/example_dags/example_skip_dag.py for tasks to queue
[2026-07-31T11:07:59.811+0000] {logging_mixin.py:188} INFO - [2026-07-31T11:07:59.809+0000] {dagbag.py:545} INFO - Filling up the DagBag from /home/airflow/.local/lib/python3.12/site-packages/airflow/example_dags/example_skip_dag.py
[2026-07-31T11:07:59.927+0000] {processor.py:840} INFO - DAG(s) 'example_skip_dag' retrieved from /home/airflow/.local/lib/python3.12/site-packages/airflow/example_dags/example_skip_dag.py
[2026-07-31T11:08:00.737+0000] {logging_mixin.py:188} INFO - [2026-07-31T11:08:00.720+0000] {dag.py:3089} INFO - Sync 1 DAGs
[2026-07-31T11:08:01.041+0000] {logging_mixin.py:188} INFO - [2026-07-31T11:08:01.040+0000] {dag.py:3947} INFO - Setting next_dagrun for example_skip_dag to 2026-07-30 00:00:00+00:00, run_after=2026-07-31 00:00:00+00:00
[2026-07-31T11:08:01.334+0000] {processor.py:183} INFO - Processing /home/airflow/.local/lib/python3.12/site-packages/airflow/example_dags/example_skip_dag.py took 1.688 seconds
[2026-07-31T11:08:46.890+0000] {processor.py:161} INFO - Started process (PID=1558) to work on /home/airflow/.local/lib/python3.12/site-packages/airflow/example_dags/example_skip_dag.py
[2026-07-31T11:08:46.894+0000] {processor.py:830} INFO - Processing file /home/airflow/.local/lib/python3.12/site-packages/airflow/example_dags/example_skip_dag.py for tasks to queue
[2026-07-31T11:08:46.906+0000] {logging_mixin.py:188} INFO - [2026-07-31T11:08:46.905+0000] {dagbag.py:545} INFO - Filling up the DagBag from /home/airflow/.local/lib/python3.12/site-packages/airflow/example_dags/example_skip_dag.py
[2026-07-31T11:08:46.979+0000] {processor.py:840} INFO - DAG(s) 'example_skip_dag' retrieved from /home/airflow/.local/lib/python3.12/site-packages/airflow/example_dags/example_skip_dag.py
[2026-07-31T11:08:47.065+0000] {logging_mixin.py:188} INFO - [2026-07-31T11:08:47.064+0000] {dag.py:3089} INFO - Sync 1 DAGs
[2026-07-31T11:08:47.192+0000] {logging_mixin.py:188} INFO - [2026-07-31T11:08:47.191+0000] {dag.py:3947} INFO - Setting next_dagrun for example_skip_dag to 2026-07-30 00:00:00+00:00, run_after=2026-07-31 00:00:00+00:00
[2026-07-31T11:08:47.321+0000] {processor.py:183} INFO - Processing /home/airflow/.local/lib/python3.12/site-packages/airflow/example_dags/example_skip_dag.py took 0.464 seconds
[2026-07-31T11:09:45.291+0000] {processor.py:161} INFO - Started process (PID=1606) to work on /home/airflow/.local/lib/python3.12/site-packages/airflow/example_dags/example_skip_dag.py
[2026-07-31T11:09:45.315+0000] {processor.py:830} INFO - Processing file /home/airflow/.local/lib/python3.12/site-packages/airflow/example_dags/example_skip_dag.py for tasks to queue
[2026-07-31T11:09:45.327+0000] {logging_mixin.py:188} INFO - [2026-07-31T11:09:45.326+0000] {dagbag.py:545} INFO - Filling up the DagBag from /home/airflow/.local/lib/python3.12/site-packages/airflow/example_dags/example_skip_dag.py
[2026-07-31T11:09:45.407+0000] {processor.py:840} INFO - DAG(s) 'example_skip_dag' retrieved from /home/airflow/.local/lib/python3.12/site-packages/airflow/example_dags/example_skip_dag.py
[2026-07-31T11:09:45.945+0000] {logging_mixin.py:188} INFO - [2026-07-31T11:09:45.944+0000] {dag.py:3089} INFO - Sync 1 DAGs
[2026-07-31T11:09:48.800+0000] {logging_mixin.py:188} INFO - [2026-07-31T11:09:48.799+0000] {dag.py:3947} INFO - Setting next_dagrun for example_skip_dag to 2026-07-30 00:00:00+00:00, run_after=2026-07-31 00:00:00+00:00
[2026-07-31T11:09:49.153+0000] {processor.py:183} INFO - Processing /home/airflow/.local/lib/python3.12/site-packages/airflow/example_dags/example_skip_dag.py took 3.907 seconds
[2026-07-31T11:10:33.159+0000] {processor.py:161} INFO - Started process (PID=1668) to work on /home/airflow/.local/lib/python3.12/site-packages/airflow/example_dags/example_skip_dag.py
[2026-07-31T11:10:33.164+0000] {processor.py:830} INFO - Processing file /home/airflow/.local/lib/python3.12/site-packages/airflow/example_dags/example_skip_dag.py for tasks to queue
[2026-07-31T11:10:33.173+0000] {logging_mixin.py:188} INFO - [2026-07-31T11:10:33.170+0000] {dagbag.py:545} INFO - Filling up the DagBag from /home/airflow/.local/lib/python3.12/site-packages/airflow/example_dags/example_skip_dag.py
[2026-07-31T11:10:33.202+0000] {processor.py:840} INFO - DAG(s) 'example_skip_dag' retrieved from /home/airflow/.local/lib/python3.12/site-packages/airflow/example_dags/example_skip_dag.py
[2026-07-31T11:10:33.286+0000] {logging_mixin.py:188} INFO - [2026-07-31T11:10:33.285+0000] {dag.py:3089} INFO - Sync 1 DAGs
[2026-07-31T11:10:33.469+0000] {logging_mixin.py:188} INFO - [2026-07-31T11:10:33.468+0000] {dag.py:3947} INFO - Setting next_dagrun for example_skip_dag to 2026-07-30 00:00:00+00:00, run_after=2026-07-31 00:00:00+00:00
[2026-07-31T11:10:34.439+0000] {processor.py:183} INFO - Processing /home/airflow/.local/lib/python3.12/site-packages/airflow/example_dags/example_skip_dag.py took 1.301 seconds
[2026-07-31T11:11:31.317+0000] {processor.py:161} INFO - Started process (PID=1731) to work on /home/airflow/.local/lib/python3.12/site-packages/airflow/example_dags/example_skip_dag.py
[2026-07-31T11:11:31.323+0000] {processor.py:830} INFO - Processing file /home/airflow/.local/lib/python3.12/site-packages/airflow/example_dags/example_skip_dag.py for tasks to queue
[2026-07-31T11:11:31.334+0000] {logging_mixin.py:188} INFO - [2026-07-31T11:11:31.333+0000] {dagbag.py:545} INFO - Filling up the DagBag from /home/airflow/.local/lib/python3.12/site-packages/airflow/example_dags/example_skip_dag.py
[2026-07-31T11:11:31.370+0000] {processor.py:840} INFO - DAG(s) 'example_skip_dag' retrieved from /home/airflow/.local/lib/python3.12/site-packages/airflow/example_dags/example_skip_dag.py
[2026-07-31T11:11:31.507+0000] {logging_mixin.py:188} INFO - [2026-07-31T11:11:31.507+0000] {dag.py:3089} INFO - Sync 1 DAGs
[2026-07-31T11:11:31.610+0000] {logging_mixin.py:188} INFO - [2026-07-31T11:11:31.609+0000] {dag.py:3947} INFO - Setting next_dagrun for example_skip_dag to 2026-07-30 00:00:00+00:00, run_after=2026-07-31 00:00:00+00:00
[2026-07-31T11:11:31.761+0000] {processor.py:183} INFO - Processing /home/airflow/.local/lib/python3.12/site-packages/airflow/example_dags/example_skip_dag.py took 0.476 seconds
[2026-07-31T11:12:19.673+0000] {processor.py:161} INFO - Started process (PID=1786) to work on /home/airflow/.local/lib/python3.12/site-packages/airflow/example_dags/example_skip_dag.py
[2026-07-31T11:12:19.676+0000] {processor.py:830} INFO - Processing file /home/airflow/.local/lib/python3.12/site-packages/airflow/example_dags/example_skip_dag.py for tasks to queue
[2026-07-31T11:12:19.681+0000] {logging_mixin.py:188} INFO - [2026-07-31T11:12:19.680+0000] {dagbag.py:545} INFO - Filling up the DagBag from /home/airflow/.local/lib/python3.12/site-packages/airflow/example_dags/example_skip_dag.py
[2026-07-31T11:12:19.699+0000] {processor.py:840} INFO - DAG(s) 'example_skip_dag' retrieved from /home/airflow/.local/lib/python3.12/site-packages/airflow/example_dags/example_skip_dag.py
[2026-07-31T11:12:19.755+0000] {logging_mixin.py:188} INFO - [2026-07-31T11:12:19.755+0000] {dag.py:3089} INFO - Sync 1 DAGs
[2026-07-31T11:12:19.812+0000] {logging_mixin.py:188} INFO - [2026-07-31T11:12:19.812+0000] {dag.py:3947} INFO - Setting next_dagrun for example_skip_dag to 2026-07-30 00:00:00+00:00, run_after=2026-07-31 00:00:00+00:00
[2026-07-31T11:12:19.875+0000] {processor.py:183} INFO - Processing /home/airflow/.local/lib/python3.12/site-packages/airflow/example_dags/example_skip_dag.py took 0.220 seconds
[2026-07-31T11:13:01.916+0000] {processor.py:161} INFO - Started process (PID=1847) to work on /home/airflow/.local/lib/python3.12/site-packages/airflow/example_dags/example_skip_dag.py
[2026-07-31T11:13:01.924+0000] {processor.py:830} INFO - Processing file /home/airflow/.local/lib/python3.12/site-packages/airflow/example_dags/example_skip_dag.py for tasks to queue
[2026-07-31T11:13:01.942+0000] {logging_mixin.py:188} INFO - [2026-07-31T11:13:01.940+0000] {dagbag.py:545} INFO - Filling up the DagBag from /home/airflow/.local/lib/python3.12/site-packages/airflow/example_dags/example_skip_dag.py
[2026-07-31T11:13:02.014+0000] {processor.py:840} INFO - DAG(s) 'example_skip_dag' retrieved from /home/airflow/.local/lib/python3.12/site-packages/airflow/example_dags/example_skip_dag.py
[2026-07-31T11:13:02.166+0000] {logging_mixin.py:188} INFO - [2026-07-31T11:13:02.165+0000] {dag.py:3089} INFO - Sync 1 DAGs
[2026-07-31T11:13:02.369+0000] {logging_mixin.py:188} INFO - [2026-07-31T11:13:02.368+0000] {dag.py:3947} INFO - Setting next_dagrun for example_skip_dag to 2026-07-30 00:00:00+00:00, run_after=2026-07-31 00:00:00+00:00
[2026-07-31T11:13:02.528+0000] {processor.py:183} INFO - Processing /home/airflow/.local/lib/python3.12/site-packages/airflow/example_dags/example_skip_dag.py took 0.656 seconds
[2026-07-31T11:13:35.161+0000] {processor.py:161} INFO - Started process (PID=1906) to work on /home/airflow/.local/lib/python3.12/site-packages/airflow/example_dags/example_skip_dag.py
[2026-07-31T11:13:35.166+0000] {processor.py:830} INFO - Processing file /home/airflow/.local/lib/python3.12/site-packages/airflow/example_dags/example_skip_dag.py for tasks to queue
[2026-07-31T11:13:35.185+0000] {logging_mixin.py:188} INFO - [2026-07-31T11:13:35.184+0000] {dagbag.py:545} INFO - Filling up the DagBag from /home/airflow/.local/lib/python3.12/site-packages/airflow/example_dags/example_skip_dag.py
[2026-07-31T11:13:35.351+0000] {processor.py:840} INFO - DAG(s) 'example_skip_dag' retrieved from /home/airflow/.local/lib/python3.12/site-packages/airflow/example_dags/example_skip_dag.py
[2026-07-31T11:13:35.663+0000] {logging_mixin.py:188} INFO - [2026-07-31T11:13:35.662+0000] {dag.py:3089} INFO - Sync 1 DAGs
[2026-07-31T11:13:35.804+0000] {logging_mixin.py:188} INFO - [2026-07-31T11:13:35.803+0000] {dag.py:3947} INFO - Setting next_dagrun for example_skip_dag to 2026-07-30 00:00:00+00:00, run_after=2026-07-31 00:00:00+00:00
[2026-07-31T11:13:36.023+0000] {processor.py:183} INFO - Processing /home/airflow/.local/lib/python3.12/site-packages/airflow/example_dags/example_skip_dag.py took 0.915 seconds
[2026-07-31T11:14:29.611+0000] {processor.py:161} INFO - Started process (PID=1978) to work on /home/airflow/.local/lib/python3.12/site-packages/airflow/example_dags/example_skip_dag.py
[2026-07-31T11:14:29.615+0000] {processor.py:830} INFO - Processing file /home/airflow/.local/lib/python3.12/site-packages/airflow/example_dags/example_skip_dag.py for tasks to queue
[2026-07-31T11:14:29.624+0000] {logging_mixin.py:188} INFO - [2026-07-31T11:14:29.622+0000] {dagbag.py:545} INFO - Filling up the DagBag from /home/airflow/.local/lib/python3.12/site-packages/airflow/example_dags/example_skip_dag.py
[2026-07-31T11:14:29.664+0000] {processor.py:840} INFO - DAG(s) 'example_skip_dag' retrieved from /home/airflow/.local/lib/python3.12/site-packages/airflow/example_dags/example_skip_dag.py
[2026-07-31T11:14:29.791+0000] {logging_mixin.py:188} INFO - [2026-07-31T11:14:29.790+0000] {dag.py:3089} INFO - Sync 1 DAGs
[2026-07-31T11:14:29.886+0000] {logging_mixin.py:188} INFO - [2026-07-31T11:14:29.886+0000] {dag.py:3947} INFO - Setting next_dagrun for example_skip_dag to 2026-07-30 00:00:00+00:00, run_after=2026-07-31 00:00:00+00:00
[2026-07-31T11:14:30.011+0000] {processor.py:183} INFO - Processing /home/airflow/.local/lib/python3.12/site-packages/airflow/example_dags/example_skip_dag.py took 0.420 seconds
[2026-07-31T11:15:00.788+0000] {processor.py:161} INFO - Started process (PID=2037) to work on /home/airflow/.local/lib/python3.12/site-packages/airflow/example_dags/example_skip_dag.py
[2026-07-31T11:15:00.800+0000] {processor.py:830} INFO - Processing file /home/airflow/.local/lib/python3.12/site-packages/airflow/example_dags/example_skip_dag.py for tasks to queue
[2026-07-31T11:15:00.867+0000] {logging_mixin.py:188} INFO - [2026-07-31T11:15:00.866+0000] {dagbag.py:545} INFO - Filling up the DagBag from /home/airflow/.local/lib/python3.12/site-packages/airflow/example_dags/example_skip_dag.py
[2026-07-31T11:15:00.957+0000] {processor.py:840} INFO - DAG(s) 'example_skip_dag' retrieved from /home/airflow/.local/lib/python3.12/site-packages/airflow/example_dags/example_skip_dag.py
[2026-07-31T11:15:01.138+0000] {logging_mixin.py:188} INFO - [2026-07-31T11:15:01.137+0000] {dag.py:3089} INFO - Sync 1 DAGs
[2026-07-31T11:15:01.352+0000] {logging_mixin.py:188} INFO - [2026-07-31T11:15:01.341+0000] {dag.py:3947} INFO - Setting next_dagrun for example_skip_dag to 2026-07-30 00:00:00+00:00, run_after=2026-07-31 00:00:00+00:00
[2026-07-31T11:15:01.503+0000] {processor.py:183} INFO - Processing /home/airflow/.local/lib/python3.12/site-packages/airflow/example_dags/example_skip_dag.py took 0.755 seconds
[2026-07-31T11:15:31.706+0000] {processor.py:161} INFO - Started process (PID=2095) to work on /home/airflow/.local/lib/python3.12/site-packages/airflow/example_dags/example_skip_dag.py
[2026-07-31T11:15:31.710+0000] {processor.py:830} INFO - Processing file /home/airflow/.local/lib/python3.12/site-packages/airflow/example_dags/example_skip_dag.py for tasks to queue
[2026-07-31T11:15:31.718+0000] {logging_mixin.py:188} INFO - [2026-07-31T11:15:31.717+0000] {dagbag.py:545} INFO - Filling up the DagBag from /home/airflow/.local/lib/python3.12/site-packages/airflow/example_dags/example_skip_dag.py
[2026-07-31T11:15:31.760+0000] {processor.py:840} INFO - DAG(s) 'example_skip_dag' retrieved from /home/airflow/.local/lib/python3.12/site-packages/airflow/example_dags/example_skip_dag.py
[2026-07-31T11:15:31.889+0000] {logging_mixin.py:188} INFO - [2026-07-31T11:15:31.888+0000] {dag.py:3089} INFO - Sync 1 DAGs
[2026-07-31T11:15:32.016+0000] {logging_mixin.py:188} INFO - [2026-07-31T11:15:32.013+0000] {dag.py:3947} INFO - Setting next_dagrun for example_skip_dag to 2026-07-30 00:00:00+00:00, run_after=2026-07-31 00:00:00+00:00
[2026-07-31T11:15:32.159+0000] {processor.py:183} INFO - Processing /home/airflow/.local/lib/python3.12/site-packages/airflow/example_dags/example_skip_dag.py took 0.476 seconds
[2026-07-31T11:16:02.539+0000] {processor.py:161} INFO - Started process (PID=2154) to work on /home/airflow/.local/lib/python3.12/site-packages/airflow/example_dags/example_skip_dag.py
[2026-07-31T11:16:02.542+0000] {processor.py:830} INFO - Processing file /home/airflow/.local/lib/python3.12/site-packages/airflow/example_dags/example_skip_dag.py for tasks to queue
[2026-07-31T11:16:02.547+0000] {logging_mixin.py:188} INFO - [2026-07-31T11:16:02.546+0000] {dagbag.py:545} INFO - Filling up the DagBag from /home/airflow/.local/lib/python3.12/site-packages/airflow/example_dags/example_skip_dag.py
[2026-07-31T11:16:02.568+0000] {processor.py:840} INFO - DAG(s) 'example_skip_dag' retrieved from /home/airflow/.local/lib/python3.12/site-packages/airflow/example_dags/example_skip_dag.py
[2026-07-31T11:16:02.650+0000] {logging_mixin.py:188} INFO - [2026-07-31T11:16:02.649+0000] {dag.py:3089} INFO - Sync 1 DAGs
[2026-07-31T11:16:02.732+0000] {logging_mixin.py:188} INFO - [2026-07-31T11:16:02.731+0000] {dag.py:3947} INFO - Setting next_dagrun for example_skip_dag to 2026-07-30 00:00:00+00:00, run_after=2026-07-31 00:00:00+00:00
[2026-07-31T11:16:02.782+0000] {processor.py:183} INFO - Processing /home/airflow/.local/lib/python3.12/site-packages/airflow/example_dags/example_skip_dag.py took 0.271 seconds
[2026-07-31T11:16:33.088+0000] {processor.py:161} INFO - Started process (PID=2212) to work on /home/airflow/.local/lib/python3.12/site-packages/airflow/example_dags/example_skip_dag.py
[2026-07-31T11:16:33.095+0000] {processor.py:830} INFO - Processing file /home/airflow/.local/lib/python3.12/site-packages/airflow/example_dags/example_skip_dag.py for tasks to queue
[2026-07-31T11:16:33.104+0000] {logging_mixin.py:188} INFO - [2026-07-31T11:16:33.103+0000] {dagbag.py:545} INFO - Filling up the DagBag from /home/airflow/.local/lib/python3.12/site-packages/airflow/example_dags/example_skip_dag.py
[2026-07-31T11:16:33.125+0000] {processor.py:840} INFO - DAG(s) 'example_skip_dag' retrieved from /home/airflow/.local/lib/python3.12/site-packages/airflow/example_dags/example_skip_dag.py
[2026-07-31T11:16:33.183+0000] {logging_mixin.py:188} INFO - [2026-07-31T11:16:33.182+0000] {dag.py:3089} INFO - Sync 1 DAGs
[2026-07-31T11:16:33.233+0000] {logging_mixin.py:188} INFO - [2026-07-31T11:16:33.232+0000] {dag.py:3947} INFO - Setting next_dagrun for example_skip_dag to 2026-07-30 00:00:00+00:00, run_after=2026-07-31 00:00:00+00:00
[2026-07-31T11:16:33.273+0000] {processor.py:183} INFO - Processing /home/airflow/.local/lib/python3.12/site-packages/airflow/example_dags/example_skip_dag.py took 0.213 seconds
[2026-07-31T11:17:03.757+0000] {processor.py:161} INFO - Started process (PID=2272) to work on /home/airflow/.local/lib/python3.12/site-packages/airflow/example_dags/example_skip_dag.py
[2026-07-31T11:17:03.760+0000] {processor.py:830} INFO - Processing file /home/airflow/.local/lib/python3.12/site-packages/airflow/example_dags/example_skip_dag.py for tasks to queue
[2026-07-31T11:17:03.766+0000] {logging_mixin.py:188} INFO - [2026-07-31T11:17:03.766+0000] {dagbag.py:545} INFO - Filling up the DagBag from /home/airflow/.local/lib/python3.12/site-packages/airflow/example_dags/example_skip_dag.py
[2026-07-31T11:17:03.786+0000] {processor.py:840} INFO - DAG(s) 'example_skip_dag' retrieved from /home/airflow/.local/lib/python3.12/site-packages/airflow/example_dags/example_skip_dag.py
[2026-07-31T11:17:03.832+0000] {logging_mixin.py:188} INFO - [2026-07-31T11:17:03.832+0000] {dag.py:3089} INFO - Sync 1 DAGs
[2026-07-31T11:17:03.889+0000] {logging_mixin.py:188} INFO - [2026-07-31T11:17:03.888+0000] {dag.py:3947} INFO - Setting next_dagrun for example_skip_dag to 2026-07-30 00:00:00+00:00, run_after=2026-07-31 00:00:00+00:00
[2026-07-31T11:17:03.937+0000] {processor.py:183} INFO - Processing /home/airflow/.local/lib/python3.12/site-packages/airflow/example_dags/example_skip_dag.py took 0.201 seconds
[2026-07-31T11:17:37.877+0000] {processor.py:161} INFO - Started process (PID=2330) to work on /home/airflow/.local/lib/python3.12/site-packages/airflow/example_dags/example_skip_dag.py
[2026-07-31T11:17:37.897+0000] {processor.py:830} INFO - Processing file /home/airflow/.local/lib/python3.12/site-packages/airflow/example_dags/example_skip_dag.py for tasks to queue
[2026-07-31T11:17:37.996+0000] {logging_mixin.py:188} INFO - [2026-07-31T11:17:37.995+0000] {dagbag.py:545} INFO - Filling up the DagBag from /home/airflow/.local/lib/python3.12/site-packages/airflow/example_dags/example_skip_dag.py
[2026-07-31T11:17:38.246+0000] {processor.py:840} INFO - DAG(s) 'example_skip_dag' retrieved from /home/airflow/.local/lib/python3.12/site-packages/airflow/example_dags/example_skip_dag.py
[2026-07-31T11:17:38.931+0000] {logging_mixin.py:188} INFO - [2026-07-31T11:17:38.930+0000] {dag.py:3089} INFO - Sync 1 DAGs
[2026-07-31T11:17:39.264+0000] {logging_mixin.py:188} INFO - [2026-07-31T11:17:39.263+0000] {dag.py:3947} INFO - Setting next_dagrun for example_skip_dag to 2026-07-30 00:00:00+00:00, run_after=2026-07-31 00:00:00+00:00
[2026-07-31T11:17:39.582+0000] {processor.py:183} INFO - Processing /home/airflow/.local/lib/python3.12/site-packages/airflow/example_dags/example_skip_dag.py took 1.993 seconds
[2026-07-31T11:18:13.458+0000] {processor.py:161} INFO - Started process (PID=2384) to work on /home/airflow/.local/lib/python3.12/site-packages/airflow/example_dags/example_skip_dag.py
[2026-07-31T11:18:13.462+0000] {processor.py:830} INFO - Processing file /home/airflow/.local/lib/python3.12/site-packages/airflow/example_dags/example_skip_dag.py for tasks to queue
[2026-07-31T11:18:13.476+0000] {logging_mixin.py:188} INFO - [2026-07-31T11:18:13.475+0000] {dagbag.py:545} INFO - Filling up the DagBag from /home/airflow/.local/lib/python3.12/site-packages/airflow/example_dags/example_skip_dag.py
[2026-07-31T11:18:13.506+0000] {processor.py:840} INFO - DAG(s) 'example_skip_dag' retrieved from /home/airflow/.local/lib/python3.12/site-packages/airflow/example_dags/example_skip_dag.py
[2026-07-31T11:18:13.605+0000] {logging_mixin.py:188} INFO - [2026-07-31T11:18:13.605+0000] {dag.py:3089} INFO - Sync 1 DAGs
[2026-07-31T11:18:13.718+0000] {logging_mixin.py:188} INFO - [2026-07-31T11:18:13.717+0000] {dag.py:3947} INFO - Setting next_dagrun for example_skip_dag to 2026-07-30 00:00:00+00:00, run_after=2026-07-31 00:00:00+00:00
[2026-07-31T11:18:13.887+0000] {processor.py:183} INFO - Processing /home/airflow/.local/lib/python3.12/site-packages/airflow/example_dags/example_skip_dag.py took 0.459 seconds
[2026-07-31T11:18:45.166+0000] {processor.py:161} INFO - Started process (PID=2442) to work on /home/airflow/.local/lib/python3.12/site-packages/airflow/example_dags/example_skip_dag.py
[2026-07-31T11:18:45.172+0000] {processor.py:830} INFO - Processing file /home/airflow/.local/lib/python3.12/site-packages/airflow/example_dags/example_skip_dag.py for tasks to queue
[2026-07-31T11:18:45.200+0000] {logging_mixin.py:188} INFO - [2026-07-31T11:18:45.199+0000] {dagbag.py:545} INFO - Filling up the DagBag from /home/airflow/.local/lib/python3.12/site-packages/airflow/example_dags/example_skip_dag.py
[2026-07-31T11:18:45.279+0000] {processor.py:840} INFO - DAG(s) 'example_skip_dag' retrieved from /home/airflow/.local/lib/python3.12/site-packages/airflow/example_dags/example_skip_dag.py
[2026-07-31T11:18:45.407+0000] {logging_mixin.py:188} INFO - [2026-07-31T11:18:45.406+0000] {dag.py:3089} INFO - Sync 1 DAGs
[2026-07-31T11:18:45.484+0000] {logging_mixin.py:188} INFO - [2026-07-31T11:18:45.483+0000] {dag.py:3947} INFO - Setting next_dagrun for example_skip_dag to 2026-07-30 00:00:00+00:00, run_after=2026-07-31 00:00:00+00:00
[2026-07-31T11:18:45.538+0000] {processor.py:183} INFO - Processing /home/airflow/.local/lib/python3.12/site-packages/airflow/example_dags/example_skip_dag.py took 0.411 seconds
[2026-07-31T11:19:16.248+0000] {processor.py:161} INFO - Started process (PID=2501) to work on /home/airflow/.local/lib/python3.12/site-packages/airflow/example_dags/example_skip_dag.py
[2026-07-31T11:19:16.251+0000] {processor.py:830} INFO - Processing file /home/airflow/.local/lib/python3.12/site-packages/airflow/example_dags/example_skip_dag.py for tasks to queue
[2026-07-31T11:19:16.256+0000] {logging_mixin.py:188} INFO - [2026-07-31T11:19:16.255+0000] {dagbag.py:545} INFO - Filling up the DagBag from /home/airflow/.local/lib/python3.12/site-packages/airflow/example_dags/example_skip_dag.py
[2026-07-31T11:19:16.273+0000] {processor.py:840} INFO - DAG(s) 'example_skip_dag' retrieved from /home/airflow/.local/lib/python3.12/site-packages/airflow/example_dags/example_skip_dag.py
[2026-07-31T11:19:16.323+0000] {logging_mixin.py:188} INFO - [2026-07-31T11:19:16.322+0000] {dag.py:3089} INFO - Sync 1 DAGs
[2026-07-31T11:19:16.371+0000] {logging_mixin.py:188} INFO - [2026-07-31T11:19:16.371+0000] {dag.py:3947} INFO - Setting next_dagrun for example_skip_dag to 2026-07-30 00:00:00+00:00, run_after=2026-07-31 00:00:00+00:00
[2026-07-31T11:19:16.422+0000] {processor.py:183} INFO - Processing /home/airflow/.local/lib/python3.12/site-packages/airflow/example_dags/example_skip_dag.py took 0.188 seconds
[2026-07-31T11:19:50.255+0000] {processor.py:161} INFO - Started process (PID=2561) to work on /home/airflow/.local/lib/python3.12/site-packages/airflow/example_dags/example_skip_dag.py
[2026-07-31T11:19:50.266+0000] {processor.py:830} INFO - Processing file /home/airflow/.local/lib/python3.12/site-packages/airflow/example_dags/example_skip_dag.py for tasks to queue
[2026-07-31T11:19:50.281+0000] {logging_mixin.py:188} INFO - [2026-07-31T11:19:50.280+0000] {dagbag.py:545} INFO - Filling up the DagBag from /home/airflow/.local/lib/python3.12/site-packages/airflow/example_dags/example_skip_dag.py
[2026-07-31T11:19:50.339+0000] {processor.py:840} INFO - DAG(s) 'example_skip_dag' retrieved from /home/airflow/.local/lib/python3.12/site-packages/airflow/example_dags/example_skip_dag.py
[2026-07-31T11:19:50.505+0000] {logging_mixin.py:188} INFO - [2026-07-31T11:19:50.504+0000] {dag.py:3089} INFO - Sync 1 DAGs
[2026-07-31T11:19:50.686+0000] {logging_mixin.py:188} INFO - [2026-07-31T11:19:50.685+0000] {dag.py:3947} INFO - Setting next_dagrun for example_skip_dag to 2026-07-30 00:00:00+00:00, run_after=2026-07-31 00:00:00+00:00
[2026-07-31T11:19:50.845+0000] {processor.py:183} INFO - Processing /home/airflow/.local/lib/python3.12/site-packages/airflow/example_dags/example_skip_dag.py took 0.641 seconds
[2026-07-31T11:20:41.003+0000] {processor.py:161} INFO - Started process (PID=2632) to work on /home/airflow/.local/lib/python3.12/site-packages/airflow/example_dags/example_skip_dag.py
[2026-07-31T11:20:41.008+0000] {processor.py:830} INFO - Processing file /home/airflow/.local/lib/python3.12/site-packages/airflow/example_dags/example_skip_dag.py for tasks to queue
[2026-07-31T11:20:41.016+0000] {logging_mixin.py:188} INFO - [2026-07-31T11:20:41.015+0000] {dagbag.py:545} INFO - Filling up the DagBag from /home/airflow/.local/lib/python3.12/site-packages/airflow/example_dags/example_skip_dag.py
[2026-07-31T11:20:41.039+0000] {processor.py:840} INFO - DAG(s) 'example_skip_dag' retrieved from /home/airflow/.local/lib/python3.12/site-packages/airflow/example_dags/example_skip_dag.py
[2026-07-31T11:20:41.135+0000] {logging_mixin.py:188} INFO - [2026-07-31T11:20:41.134+0000] {dag.py:3089} INFO - Sync 1 DAGs
[2026-07-31T11:20:41.233+0000] {logging_mixin.py:188} INFO - [2026-07-31T11:20:41.232+0000] {dag.py:3947} INFO - Setting next_dagrun for example_skip_dag to 2026-07-30 00:00:00+00:00, run_after=2026-07-31 00:00:00+00:00
[2026-07-31T11:20:41.304+0000] {processor.py:183} INFO - Processing /home/airflow/.local/lib/python3.12/site-packages/airflow/example_dags/example_skip_dag.py took 0.330 seconds
[2026-07-31T11:21:12.133+0000] {processor.py:161} INFO - Started process (PID=2690) to work on /home/airflow/.local/lib/python3.12/site-packages/airflow/example_dags/example_skip_dag.py
[2026-07-31T11:21:12.138+0000] {processor.py:830} INFO - Processing file /home/airflow/.local/lib/python3.12/site-packages/airflow/example_dags/example_skip_dag.py for tasks to queue
[2026-07-31T11:21:12.146+0000] {logging_mixin.py:188} INFO - [2026-07-31T11:21:12.145+0000] {dagbag.py:545} INFO - Filling up the DagBag from /home/airflow/.local/lib/python3.12/site-packages/airflow/example_dags/example_skip_dag.py
[2026-07-31T11:21:12.178+0000] {processor.py:840} INFO - DAG(s) 'example_skip_dag' retrieved from /home/airflow/.local/lib/python3.12/site-packages/airflow/example_dags/example_skip_dag.py
[2026-07-31T11:21:12.245+0000] {logging_mixin.py:188} INFO - [2026-07-31T11:21:12.244+0000] {dag.py:3089} INFO - Sync 1 DAGs
[2026-07-31T11:21:12.348+0000] {logging_mixin.py:188} INFO - [2026-07-31T11:21:12.347+0000] {dag.py:3947} INFO - Setting next_dagrun for example_skip_dag to 2026-07-30 00:00:00+00:00, run_after=2026-07-31 00:00:00+00:00
[2026-07-31T11:21:12.405+0000] {processor.py:183} INFO - Processing /home/airflow/.local/lib/python3.12/site-packages/airflow/example_dags/example_skip_dag.py took 0.294 seconds
[2026-07-31T11:21:42.827+0000] {processor.py:161} INFO - Started process (PID=2749) to work on /home/airflow/.local/lib/python3.12/site-packages/airflow/example_dags/example_skip_dag.py
[2026-07-31T11:21:42.831+0000] {processor.py:830} INFO - Processing file /home/airflow/.local/lib/python3.12/site-packages/airflow/example_dags/example_skip_dag.py for tasks to queue
[2026-07-31T11:21:42.838+0000] {logging_mixin.py:188} INFO - [2026-07-31T11:21:42.837+0000] {dagbag.py:545} INFO - Filling up the DagBag from /home/airflow/.local/lib/python3.12/site-packages/airflow/example_dags/example_skip_dag.py
[2026-07-31T11:21:42.858+0000] {processor.py:840} INFO - DAG(s) 'example_skip_dag' retrieved from /home/airflow/.local/lib/python3.12/site-packages/airflow/example_dags/example_skip_dag.py
[2026-07-31T11:21:42.910+0000] {logging_mixin.py:188} INFO - [2026-07-31T11:21:42.909+0000] {dag.py:3089} INFO - Sync 1 DAGs
[2026-07-31T11:21:42.988+0000] {logging_mixin.py:188} INFO - [2026-07-31T11:21:42.987+0000] {dag.py:3947} INFO - Setting next_dagrun for example_skip_dag to 2026-07-30 00:00:00+00:00, run_after=2026-07-31 00:00:00+00:00
[2026-07-31T11:21:43.058+0000] {processor.py:183} INFO - Processing /home/airflow/.local/lib/python3.12/site-packages/airflow/example_dags/example_skip_dag.py took 0.249 seconds
[2026-07-31T11:22:13.494+0000] {processor.py:161} INFO - Started process (PID=2807) to work on /home/airflow/.local/lib/python3.12/site-packages/airflow/example_dags/example_skip_dag.py
[2026-07-31T11:22:13.498+0000] {processor.py:830} INFO - Processing file /home/airflow/.local/lib/python3.12/site-packages/airflow/example_dags/example_skip_dag.py for tasks to queue
[2026-07-31T11:22:13.513+0000] {logging_mixin.py:188} INFO - [2026-07-31T11:22:13.511+0000] {dagbag.py:545} INFO - Filling up the DagBag from /home/airflow/.local/lib/python3.12/site-packages/airflow/example_dags/example_skip_dag.py
[2026-07-31T11:22:13.559+0000] {processor.py:840} INFO - DAG(s) 'example_skip_dag' retrieved from /home/airflow/.local/lib/python3.12/site-packages/airflow/example_dags/example_skip_dag.py
[2026-07-31T11:22:13.645+0000] {logging_mixin.py:188} INFO - [2026-07-31T11:22:13.645+0000] {dag.py:3089} INFO - Sync 1 DAGs
[2026-07-31T11:22:13.727+0000] {logging_mixin.py:188} INFO - [2026-07-31T11:22:13.726+0000] {dag.py:3947} INFO - Setting next_dagrun for example_skip_dag to 2026-07-30 00:00:00+00:00, run_after=2026-07-31 00:00:00+00:00
[2026-07-31T11:22:13.823+0000] {processor.py:183} INFO - Processing /home/airflow/.local/lib/python3.12/site-packages/airflow/example_dags/example_skip_dag.py took 0.364 seconds
[2026-07-31T11:22:49.917+0000] {processor.py:161} INFO - Started process (PID=2867) to work on /home/airflow/.local/lib/python3.12/site-packages/airflow/example_dags/example_skip_dag.py
[2026-07-31T11:22:49.930+0000] {processor.py:830} INFO - Processing file /home/airflow/.local/lib/python3.12/site-packages/airflow/example_dags/example_skip_dag.py for tasks to queue
[2026-07-31T11:22:49.948+0000] {logging_mixin.py:188} INFO - [2026-07-31T11:22:49.947+0000] {dagbag.py:545} INFO - Filling up the DagBag from /home/airflow/.local/lib/python3.12/site-packages/airflow/example_dags/example_skip_dag.py
[2026-07-31T11:22:50.049+0000] {processor.py:840} INFO - DAG(s) 'example_skip_dag' retrieved from /home/airflow/.local/lib/python3.12/site-packages/airflow/example_dags/example_skip_dag.py
[2026-07-31T11:22:50.248+0000] {logging_mixin.py:188} INFO - [2026-07-31T11:22:50.247+0000] {dag.py:3089} INFO - Sync 1 DAGs
[2026-07-31T11:22:50.599+0000] {logging_mixin.py:188} INFO - [2026-07-31T11:22:50.599+0000] {dag.py:3947} INFO - Setting next_dagrun for example_skip_dag to 2026-07-30 00:00:00+00:00, run_after=2026-07-31 00:00:00+00:00
[2026-07-31T11:22:50.977+0000] {processor.py:183} INFO - Processing /home/airflow/.local/lib/python3.12/site-packages/airflow/example_dags/example_skip_dag.py took 1.114 seconds
[2026-07-31T11:24:31.477+0000] {processor.py:161} INFO - Started process (PID=2929) to work on /home/airflow/.local/lib/python3.12/site-packages/airflow/example_dags/example_skip_dag.py
[2026-07-31T11:24:31.500+0000] {processor.py:830} INFO - Processing file /home/airflow/.local/lib/python3.12/site-packages/airflow/example_dags/example_skip_dag.py for tasks to queue
[2026-07-31T11:24:31.539+0000] {logging_mixin.py:188} INFO - [2026-07-31T11:24:31.538+0000] {dagbag.py:545} INFO - Filling up the DagBag from /home/airflow/.local/lib/python3.12/site-packages/airflow/example_dags/example_skip_dag.py
[2026-07-31T11:24:31.666+0000] {processor.py:840} INFO - DAG(s) 'example_skip_dag' retrieved from /home/airflow/.local/lib/python3.12/site-packages/airflow/example_dags/example_skip_dag.py
[2026-07-31T11:24:32.129+0000] {logging_mixin.py:188} INFO - [2026-07-31T11:24:32.095+0000] {dag.py:3089} INFO - Sync 1 DAGs
[2026-07-31T11:24:32.746+0000] {logging_mixin.py:188} INFO - [2026-07-31T11:24:32.745+0000] {dag.py:3947} INFO - Setting next_dagrun for example_skip_dag to 2026-07-30 00:00:00+00:00, run_after=2026-07-31 00:00:00+00:00
[2026-07-31T11:24:33.064+0000] {processor.py:183} INFO - Processing /home/airflow/.local/lib/python3.12/site-packages/airflow/example_dags/example_skip_dag.py took 1.768 seconds
[2026-07-31T11:25:25.583+0000] {processor.py:161} INFO - Started process (PID=2987) to work on /home/airflow/.local/lib/python3.12/site-packages/airflow/example_dags/example_skip_dag.py
[2026-07-31T11:25:25.604+0000] {processor.py:830} INFO - Processing file /home/airflow/.local/lib/python3.12/site-packages/airflow/example_dags/example_skip_dag.py for tasks to queue
[2026-07-31T11:25:25.666+0000] {logging_mixin.py:188} INFO - [2026-07-31T11:25:25.665+0000] {dagbag.py:545} INFO - Filling up the DagBag from /home/airflow/.local/lib/python3.12/site-packages/airflow/example_dags/example_skip_dag.py
[2026-07-31T11:25:25.748+0000] {processor.py:840} INFO - DAG(s) 'example_skip_dag' retrieved from /home/airflow/.local/lib/python3.12/site-packages/airflow/example_dags/example_skip_dag.py
[2026-07-31T11:25:26.426+0000] {logging_mixin.py:188} INFO - [2026-07-31T11:25:26.414+0000] {dag.py:3089} INFO - Sync 1 DAGs
[2026-07-31T11:25:26.944+0000] {logging_mixin.py:188} INFO - [2026-07-31T11:25:26.933+0000] {dag.py:3947} INFO - Setting next_dagrun for example_skip_dag to 2026-07-30 00:00:00+00:00, run_after=2026-07-31 00:00:00+00:00
[2026-07-31T11:25:27.284+0000] {processor.py:183} INFO - Processing /home/airflow/.local/lib/python3.12/site-packages/airflow/example_dags/example_skip_dag.py took 1.833 seconds
[2026-07-31T11:26:37.198+0000] {processor.py:161} INFO - Started process (PID=3038) to work on /home/airflow/.local/lib/python3.12/site-packages/airflow/example_dags/example_skip_dag.py
[2026-07-31T11:26:37.231+0000] {processor.py:830} INFO - Processing file /home/airflow/.local/lib/python3.12/site-packages/airflow/example_dags/example_skip_dag.py for tasks to queue
[2026-07-31T11:26:37.256+0000] {logging_mixin.py:188} INFO - [2026-07-31T11:26:37.255+0000] {dagbag.py:545} INFO - Filling up the DagBag from /home/airflow/.local/lib/python3.12/site-packages/airflow/example_dags/example_skip_dag.py
[2026-07-31T11:26:37.411+0000] {processor.py:840} INFO - DAG(s) 'example_skip_dag' retrieved from /home/airflow/.local/lib/python3.12/site-packages/airflow/example_dags/example_skip_dag.py
[2026-07-31T11:26:37.791+0000] {logging_mixin.py:188} INFO - [2026-07-31T11:26:37.790+0000] {dag.py:3089} INFO - Sync 1 DAGs
[2026-07-31T11:26:38.112+0000] {logging_mixin.py:188} INFO - [2026-07-31T11:26:38.111+0000] {dag.py:3947} INFO - Setting next_dagrun for example_skip_dag to 2026-07-30 00:00:00+00:00, run_after=2026-07-31 00:00:00+00:00
[2026-07-31T11:26:38.560+0000] {processor.py:183} INFO - Processing /home/airflow/.local/lib/python3.12/site-packages/airflow/example_dags/example_skip_dag.py took 1.796 seconds
[2026-07-31T11:27:08.862+0000] {processor.py:161} INFO - Started process (PID=3096) to work on /home/airflow/.local/lib/python3.12/site-packages/airflow/example_dags/example_skip_dag.py
[2026-07-31T11:27:08.870+0000] {processor.py:830} INFO - Processing file /home/airflow/.local/lib/python3.12/site-packages/airflow/example_dags/example_skip_dag.py for tasks to queue
[2026-07-31T11:27:08.879+0000] {logging_mixin.py:188} INFO - [2026-07-31T11:27:08.877+0000] {dagbag.py:545} INFO - Filling up the DagBag from /home/airflow/.local/lib/python3.12/site-packages/airflow/example_dags/example_skip_dag.py
[2026-07-31T11:27:08.913+0000] {processor.py:840} INFO - DAG(s) 'example_skip_dag' retrieved from /home/airflow/.local/lib/python3.12/site-packages/airflow/example_dags/example_skip_dag.py
[2026-07-31T11:27:09.013+0000] {logging_mixin.py:188} INFO - [2026-07-31T11:27:09.013+0000] {dag.py:3089} INFO - Sync 1 DAGs
[2026-07-31T11:27:09.106+0000] {logging_mixin.py:188} INFO - [2026-07-31T11:27:09.105+0000] {dag.py:3947} INFO - Setting next_dagrun for example_skip_dag to 2026-07-30 00:00:00+00:00, run_after=2026-07-31 00:00:00+00:00
[2026-07-31T11:27:09.169+0000] {processor.py:183} INFO - Processing /home/airflow/.local/lib/python3.12/site-packages/airflow/example_dags/example_skip_dag.py took 0.330 seconds
[2026-07-31T11:27:39.327+0000] {processor.py:161} INFO - Started process (PID=3153) to work on /home/airflow/.local/lib/python3.12/site-packages/airflow/example_dags/example_skip_dag.py
[2026-07-31T11:27:39.330+0000] {processor.py:830} INFO - Processing file /home/airflow/.local/lib/python3.12/site-packages/airflow/example_dags/example_skip_dag.py for tasks to queue
[2026-07-31T11:27:39.336+0000] {logging_mixin.py:188} INFO - [2026-07-31T11:27:39.335+0000] {dagbag.py:545} INFO - Filling up the DagBag from /home/airflow/.local/lib/python3.12/site-packages/airflow/example_dags/example_skip_dag.py
[2026-07-31T11:27:39.354+0000] {processor.py:840} INFO - DAG(s) 'example_skip_dag' retrieved from /home/airflow/.local/lib/python3.12/site-packages/airflow/example_dags/example_skip_dag.py
[2026-07-31T11:27:39.403+0000] {logging_mixin.py:188} INFO - [2026-07-31T11:27:39.402+0000] {dag.py:3089} INFO - Sync 1 DAGs
[2026-07-31T11:27:39.473+0000] {logging_mixin.py:188} INFO - [2026-07-31T11:27:39.473+0000] {dag.py:3947} INFO - Setting next_dagrun for example_skip_dag to 2026-07-30 00:00:00+00:00, run_after=2026-07-31 00:00:00+00:00
[2026-07-31T11:27:39.529+0000] {processor.py:183} INFO - Processing /home/airflow/.local/lib/python3.12/site-packages/airflow/example_dags/example_skip_dag.py took 0.221 seconds
[2026-07-31T11:28:09.881+0000] {processor.py:161} INFO - Started process (PID=3211) to work on /home/airflow/.local/lib/python3.12/site-packages/airflow/example_dags/example_skip_dag.py
[2026-07-31T11:28:09.884+0000] {processor.py:830} INFO - Processing file /home/airflow/.local/lib/python3.12/site-packages/airflow/example_dags/example_skip_dag.py for tasks to queue
[2026-07-31T11:28:09.890+0000] {logging_mixin.py:188} INFO - [2026-07-31T11:28:09.889+0000] {dagbag.py:545} INFO - Filling up the DagBag from /home/airflow/.local/lib/python3.12/site-packages/airflow/example_dags/example_skip_dag.py
[2026-07-31T11:28:09.909+0000] {processor.py:840} INFO - DAG(s) 'example_skip_dag' retrieved from /home/airflow/.local/lib/python3.12/site-packages/airflow/example_dags/example_skip_dag.py
[2026-07-31T11:28:09.962+0000] {logging_mixin.py:188} INFO - [2026-07-31T11:28:09.962+0000] {dag.py:3089} INFO - Sync 1 DAGs
[2026-07-31T11:28:10.023+0000] {logging_mixin.py:188} INFO - [2026-07-31T11:28:10.023+0000] {dag.py:3947} INFO - Setting next_dagrun for example_skip_dag to 2026-07-30 00:00:00+00:00, run_after=2026-07-31 00:00:00+00:00
[2026-07-31T11:28:10.079+0000] {processor.py:183} INFO - Processing /home/airflow/.local/lib/python3.12/site-packages/airflow/example_dags/example_skip_dag.py took 0.216 seconds
[2026-07-31T11:28:40.538+0000] {processor.py:161} INFO - Started process (PID=3269) to work on /home/airflow/.local/lib/python3.12/site-packages/airflow/example_dags/example_skip_dag.py
[2026-07-31T11:28:40.555+0000] {processor.py:830} INFO - Processing file /home/airflow/.local/lib/python3.12/site-packages/airflow/example_dags/example_skip_dag.py for tasks to queue
[2026-07-31T11:28:40.569+0000] {logging_mixin.py:188} INFO - [2026-07-31T11:28:40.568+0000] {dagbag.py:545} INFO - Filling up the DagBag from /home/airflow/.local/lib/python3.12/site-packages/airflow/example_dags/example_skip_dag.py
[2026-07-31T11:28:40.614+0000] {processor.py:840} INFO - DAG(s) 'example_skip_dag' retrieved from /home/airflow/.local/lib/python3.12/site-packages/airflow/example_dags/example_skip_dag.py
[2026-07-31T11:28:40.769+0000] {logging_mixin.py:188} INFO - [2026-07-31T11:28:40.768+0000] {dag.py:3089} INFO - Sync 1 DAGs
[2026-07-31T11:28:40.971+0000] {logging_mixin.py:188} INFO - [2026-07-31T11:28:40.968+0000] {dag.py:3947} INFO - Setting next_dagrun for example_skip_dag to 2026-07-30 00:00:00+00:00, run_after=2026-07-31 00:00:00+00:00
[2026-07-31T11:28:41.081+0000] {processor.py:183} INFO - Processing /home/airflow/.local/lib/python3.12/site-packages/airflow/example_dags/example_skip_dag.py took 0.582 seconds
[2026-07-31T11:29:11.500+0000] {processor.py:161} INFO - Started process (PID=3325) to work on /home/airflow/.local/lib/python3.12/site-packages/airflow/example_dags/example_skip_dag.py
[2026-07-31T11:29:11.507+0000] {processor.py:830} INFO - Processing file /home/airflow/.local/lib/python3.12/site-packages/airflow/example_dags/example_skip_dag.py for tasks to queue
[2026-07-31T11:29:11.531+0000] {logging_mixin.py:188} INFO - [2026-07-31T11:29:11.522+0000] {dagbag.py:545} INFO - Filling up the DagBag from /home/airflow/.local/lib/python3.12/site-packages/airflow/example_dags/example_skip_dag.py
[2026-07-31T11:29:11.574+0000] {processor.py:840} INFO - DAG(s) 'example_skip_dag' retrieved from /home/airflow/.local/lib/python3.12/site-packages/airflow/example_dags/example_skip_dag.py
[2026-07-31T11:29:11.745+0000] {logging_mixin.py:188} INFO - [2026-07-31T11:29:11.744+0000] {dag.py:3089} INFO - Sync 1 DAGs
[2026-07-31T11:29:11.986+0000] {logging_mixin.py:188} INFO - [2026-07-31T11:29:11.985+0000] {dag.py:3947} INFO - Setting next_dagrun for example_skip_dag to 2026-07-30 00:00:00+00:00, run_after=2026-07-31 00:00:00+00:00
[2026-07-31T11:29:12.575+0000] {processor.py:183} INFO - Processing /home/airflow/.local/lib/python3.12/site-packages/airflow/example_dags/example_skip_dag.py took 1.139 seconds
[2026-07-31T11:29:56.492+0000] {processor.py:161} INFO - Started process (PID=3372) to work on /home/airflow/.local/lib/python3.12/site-packages/airflow/example_dags/example_skip_dag.py
[2026-07-31T11:29:56.500+0000] {processor.py:830} INFO - Processing file /home/airflow/.local/lib/python3.12/site-packages/airflow/example_dags/example_skip_dag.py for tasks to queue
[2026-07-31T11:29:56.511+0000] {logging_mixin.py:188} INFO - [2026-07-31T11:29:56.510+0000] {dagbag.py:545} INFO - Filling up the DagBag from /home/airflow/.local/lib/python3.12/site-packages/airflow/example_dags/example_skip_dag.py
[2026-07-31T11:29:56.563+0000] {processor.py:840} INFO - DAG(s) 'example_skip_dag' retrieved from /home/airflow/.local/lib/python3.12/site-packages/airflow/example_dags/example_skip_dag.py
[2026-07-31T11:29:56.935+0000] {logging_mixin.py:188} INFO - [2026-07-31T11:29:56.934+0000] {dag.py:3089} INFO - Sync 1 DAGs
[2026-07-31T11:29:57.180+0000] {logging_mixin.py:188} INFO - [2026-07-31T11:29:57.179+0000] {dag.py:3947} INFO - Setting next_dagrun for example_skip_dag to 2026-07-30 00:00:00+00:00, run_after=2026-07-31 00:00:00+00:00
[2026-07-31T11:29:57.323+0000] {processor.py:183} INFO - Processing /home/airflow/.local/lib/python3.12/site-packages/airflow/example_dags/example_skip_dag.py took 0.874 seconds
[2026-07-31T11:30:36.171+0000] {processor.py:161} INFO - Started process (PID=3428) to work on /home/airflow/.local/lib/python3.12/site-packages/airflow/example_dags/example_skip_dag.py
[2026-07-31T11:30:36.175+0000] {processor.py:830} INFO - Processing file /home/airflow/.local/lib/python3.12/site-packages/airflow/example_dags/example_skip_dag.py for tasks to queue
[2026-07-31T11:30:36.184+0000] {logging_mixin.py:188} INFO - [2026-07-31T11:30:36.183+0000] {dagbag.py:545} INFO - Filling up the DagBag from /home/airflow/.local/lib/python3.12/site-packages/airflow/example_dags/example_skip_dag.py
[2026-07-31T11:30:36.212+0000] {processor.py:840} INFO - DAG(s) 'example_skip_dag' retrieved from /home/airflow/.local/lib/python3.12/site-packages/airflow/example_dags/example_skip_dag.py
[2026-07-31T11:30:36.295+0000] {logging_mixin.py:188} INFO - [2026-07-31T11:30:36.294+0000] {dag.py:3089} INFO - Sync 1 DAGs
[2026-07-31T11:30:36.392+0000] {logging_mixin.py:188} INFO - [2026-07-31T11:30:36.391+0000] {dag.py:3947} INFO - Setting next_dagrun for example_skip_dag to 2026-07-30 00:00:00+00:00, run_after=2026-07-31 00:00:00+00:00
[2026-07-31T11:30:36.467+0000] {processor.py:183} INFO - Processing /home/airflow/.local/lib/python3.12/site-packages/airflow/example_dags/example_skip_dag.py took 0.319 seconds
[2026-07-31T11:31:06.904+0000] {processor.py:161} INFO - Started process (PID=3486) to work on /home/airflow/.local/lib/python3.12/site-packages/airflow/example_dags/example_skip_dag.py
[2026-07-31T11:31:06.907+0000] {processor.py:830} INFO - Processing file /home/airflow/.local/lib/python3.12/site-packages/airflow/example_dags/example_skip_dag.py for tasks to queue
[2026-07-31T11:31:06.918+0000] {logging_mixin.py:188} INFO - [2026-07-31T11:31:06.917+0000] {dagbag.py:545} INFO - Filling up the DagBag from /home/airflow/.local/lib/python3.12/site-packages/airflow/example_dags/example_skip_dag.py
[2026-07-31T11:31:06.947+0000] {processor.py:840} INFO - DAG(s) 'example_skip_dag' retrieved from /home/airflow/.local/lib/python3.12/site-packages/airflow/example_dags/example_skip_dag.py
[2026-07-31T11:31:07.004+0000] {logging_mixin.py:188} INFO - [2026-07-31T11:31:07.002+0000] {dag.py:3089} INFO - Sync 1 DAGs
[2026-07-31T11:31:07.116+0000] {logging_mixin.py:188} INFO - [2026-07-31T11:31:07.115+0000] {dag.py:3947} INFO - Setting next_dagrun for example_skip_dag to 2026-07-30 00:00:00+00:00, run_after=2026-07-31 00:00:00+00:00
[2026-07-31T11:31:07.226+0000] {processor.py:183} INFO - Processing /home/airflow/.local/lib/python3.12/site-packages/airflow/example_dags/example_skip_dag.py took 0.354 seconds
[2026-07-31T11:31:37.378+0000] {processor.py:161} INFO - Started process (PID=3544) to work on /home/airflow/.local/lib/python3.12/site-packages/airflow/example_dags/example_skip_dag.py
[2026-07-31T11:31:37.381+0000] {processor.py:830} INFO - Processing file /home/airflow/.local/lib/python3.12/site-packages/airflow/example_dags/example_skip_dag.py for tasks to queue
[2026-07-31T11:31:37.386+0000] {logging_mixin.py:188} INFO - [2026-07-31T11:31:37.385+0000] {dagbag.py:545} INFO - Filling up the DagBag from /home/airflow/.local/lib/python3.12/site-packages/airflow/example_dags/example_skip_dag.py
[2026-07-31T11:31:37.413+0000] {processor.py:840} INFO - DAG(s) 'example_skip_dag' retrieved from /home/airflow/.local/lib/python3.12/site-packages/airflow/example_dags/example_skip_dag.py
[2026-07-31T11:31:37.505+0000] {logging_mixin.py:188} INFO - [2026-07-31T11:31:37.504+0000] {dag.py:3089} INFO - Sync 1 DAGs
[2026-07-31T11:31:37.578+0000] {logging_mixin.py:188} INFO - [2026-07-31T11:31:37.578+0000] {dag.py:3947} INFO - Setting next_dagrun for example_skip_dag to 2026-07-30 00:00:00+00:00, run_after=2026-07-31 00:00:00+00:00
[2026-07-31T11:31:37.636+0000] {processor.py:183} INFO - Processing /home/airflow/.local/lib/python3.12/site-packages/airflow/example_dags/example_skip_dag.py took 0.277 seconds
[2026-07-31T11:32:07.838+0000] {processor.py:161} INFO - Started process (PID=3602) to work on /home/airflow/.local/lib/python3.12/site-packages/airflow/example_dags/example_skip_dag.py
[2026-07-31T11:32:07.841+0000] {processor.py:830} INFO - Processing file /home/airflow/.local/lib/python3.12/site-packages/airflow/example_dags/example_skip_dag.py for tasks to queue
[2026-07-31T11:32:07.851+0000] {logging_mixin.py:188} INFO - [2026-07-31T11:32:07.849+0000] {dagbag.py:545} INFO - Filling up the DagBag from /home/airflow/.local/lib/python3.12/site-packages/airflow/example_dags/example_skip_dag.py
[2026-07-31T11:32:07.871+0000] {processor.py:840} INFO - DAG(s) 'example_skip_dag' retrieved from /home/airflow/.local/lib/python3.12/site-packages/airflow/example_dags/example_skip_dag.py
[2026-07-31T11:32:07.923+0000] {logging_mixin.py:188} INFO - [2026-07-31T11:32:07.923+0000] {dag.py:3089} INFO - Sync 1 DAGs
[2026-07-31T11:32:07.976+0000] {logging_mixin.py:188} INFO - [2026-07-31T11:32:07.975+0000] {dag.py:3947} INFO - Setting next_dagrun for example_skip_dag to 2026-07-30 00:00:00+00:00, run_after=2026-07-31 00:00:00+00:00
[2026-07-31T11:32:08.043+0000] {processor.py:183} INFO - Processing /home/airflow/.local/lib/python3.12/site-packages/airflow/example_dags/example_skip_dag.py took 0.222 seconds
[2026-07-31T11:32:43.234+0000] {processor.py:161} INFO - Started process (PID=3660) to work on /home/airflow/.local/lib/python3.12/site-packages/airflow/example_dags/example_skip_dag.py
[2026-07-31T11:32:43.254+0000] {processor.py:830} INFO - Processing file /home/airflow/.local/lib/python3.12/site-packages/airflow/example_dags/example_skip_dag.py for tasks to queue
[2026-07-31T11:32:43.275+0000] {logging_mixin.py:188} INFO - [2026-07-31T11:32:43.273+0000] {dagbag.py:545} INFO - Filling up the DagBag from /home/airflow/.local/lib/python3.12/site-packages/airflow/example_dags/example_skip_dag.py
[2026-07-31T11:32:43.395+0000] {processor.py:840} INFO - DAG(s) 'example_skip_dag' retrieved from /home/airflow/.local/lib/python3.12/site-packages/airflow/example_dags/example_skip_dag.py
[2026-07-31T11:32:43.692+0000] {logging_mixin.py:188} INFO - [2026-07-31T11:32:43.691+0000] {dag.py:3089} INFO - Sync 1 DAGs
[2026-07-31T11:32:43.962+0000] {logging_mixin.py:188} INFO - [2026-07-31T11:32:43.961+0000] {dag.py:3947} INFO - Setting next_dagrun for example_skip_dag to 2026-07-30 00:00:00+00:00, run_after=2026-07-31 00:00:00+00:00
[2026-07-31T11:32:44.232+0000] {processor.py:183} INFO - Processing /home/airflow/.local/lib/python3.12/site-packages/airflow/example_dags/example_skip_dag.py took 1.066 seconds
[2026-07-31T11:34:04.457+0000] {processor.py:161} INFO - Started process (PID=3726) to work on /home/airflow/.local/lib/python3.12/site-packages/airflow/example_dags/example_skip_dag.py
[2026-07-31T11:34:04.699+0000] {processor.py:830} INFO - Processing file /home/airflow/.local/lib/python3.12/site-packages/airflow/example_dags/example_skip_dag.py for tasks to queue
[2026-07-31T11:34:05.857+0000] {logging_mixin.py:188} INFO - [2026-07-31T11:34:05.840+0000] {dagbag.py:545} INFO - Filling up the DagBag from /home/airflow/.local/lib/python3.12/site-packages/airflow/example_dags/example_skip_dag.py
[2026-07-31T11:34:07.461+0000] {processor.py:840} INFO - DAG(s) 'example_skip_dag' retrieved from /home/airflow/.local/lib/python3.12/site-packages/airflow/example_dags/example_skip_dag.py
[2026-07-31T11:34:08.749+0000] {logging_mixin.py:188} INFO - [2026-07-31T11:34:08.693+0000] {dag.py:3089} INFO - Sync 1 DAGs
[2026-07-31T11:34:09.686+0000] {logging_mixin.py:188} INFO - [2026-07-31T11:34:09.674+0000] {dag.py:3947} INFO - Setting next_dagrun for example_skip_dag to 2026-07-30 00:00:00+00:00, run_after=2026-07-31 00:00:00+00:00
[2026-07-31T11:34:10.214+0000] {processor.py:183} INFO - Processing /home/airflow/.local/lib/python3.12/site-packages/airflow/example_dags/example_skip_dag.py took 6.607 seconds
[2026-07-31T11:34:40.748+0000] {processor.py:161} INFO - Started process (PID=3785) to work on /home/airflow/.local/lib/python3.12/site-packages/airflow/example_dags/example_skip_dag.py
[2026-07-31T11:34:40.751+0000] {processor.py:830} INFO - Processing file /home/airflow/.local/lib/python3.12/site-packages/airflow/example_dags/example_skip_dag.py for tasks to queue
[2026-07-31T11:34:40.756+0000] {logging_mixin.py:188} INFO - [2026-07-31T11:34:40.755+0000] {dagbag.py:545} INFO - Filling up the DagBag from /home/airflow/.local/lib/python3.12/site-packages/airflow/example_dags/example_skip_dag.py
[2026-07-31T11:34:40.776+0000] {processor.py:840} INFO - DAG(s) 'example_skip_dag' retrieved from /home/airflow/.local/lib/python3.12/site-packages/airflow/example_dags/example_skip_dag.py
[2026-07-31T11:34:40.826+0000] {logging_mixin.py:188} INFO - [2026-07-31T11:34:40.825+0000] {dag.py:3089} INFO - Sync 1 DAGs
[2026-07-31T11:34:40.890+0000] {logging_mixin.py:188} INFO - [2026-07-31T11:34:40.889+0000] {dag.py:3947} INFO - Setting next_dagrun for example_skip_dag to 2026-07-30 00:00:00+00:00, run_after=2026-07-31 00:00:00+00:00
[2026-07-31T11:34:40.937+0000] {processor.py:183} INFO - Processing /home/airflow/.local/lib/python3.12/site-packages/airflow/example_dags/example_skip_dag.py took 0.206 seconds
[2026-07-31T11:35:11.728+0000] {processor.py:161} INFO - Started process (PID=3843) to work on /home/airflow/.local/lib/python3.12/site-packages/airflow/example_dags/example_skip_dag.py
[2026-07-31T11:35:11.730+0000] {processor.py:830} INFO - Processing file /home/airflow/.local/lib/python3.12/site-packages/airflow/example_dags/example_skip_dag.py for tasks to queue
[2026-07-31T11:35:11.734+0000] {logging_mixin.py:188} INFO - [2026-07-31T11:35:11.733+0000] {dagbag.py:545} INFO - Filling up the DagBag from /home/airflow/.local/lib/python3.12/site-packages/airflow/example_dags/example_skip_dag.py
[2026-07-31T11:35:11.744+0000] {processor.py:840} INFO - DAG(s) 'example_skip_dag' retrieved from /home/airflow/.local/lib/python3.12/site-packages/airflow/example_dags/example_skip_dag.py
[2026-07-31T11:35:11.781+0000] {logging_mixin.py:188} INFO - [2026-07-31T11:35:11.780+0000] {dag.py:3089} INFO - Sync 1 DAGs
[2026-07-31T11:35:11.817+0000] {logging_mixin.py:188} INFO - [2026-07-31T11:35:11.816+0000] {dag.py:3947} INFO - Setting next_dagrun for example_skip_dag to 2026-07-30 00:00:00+00:00, run_after=2026-07-31 00:00:00+00:00
[2026-07-31T11:35:11.852+0000] {processor.py:183} INFO - Processing /home/airflow/.local/lib/python3.12/site-packages/airflow/example_dags/example_skip_dag.py took 0.134 seconds
[2026-07-31T11:35:42.226+0000] {processor.py:161} INFO - Started process (PID=3902) to work on /home/airflow/.local/lib/python3.12/site-packages/airflow/example_dags/example_skip_dag.py
[2026-07-31T11:35:42.229+0000] {processor.py:830} INFO - Processing file /home/airflow/.local/lib/python3.12/site-packages/airflow/example_dags/example_skip_dag.py for tasks to queue
[2026-07-31T11:35:42.235+0000] {logging_mixin.py:188} INFO - [2026-07-31T11:35:42.234+0000] {dagbag.py:545} INFO - Filling up the DagBag from /home/airflow/.local/lib/python3.12/site-packages/airflow/example_dags/example_skip_dag.py
[2026-07-31T11:35:42.249+0000] {processor.py:840} INFO - DAG(s) 'example_skip_dag' retrieved from /home/airflow/.local/lib/python3.12/site-packages/airflow/example_dags/example_skip_dag.py
[2026-07-31T11:35:42.283+0000] {logging_mixin.py:188} INFO - [2026-07-31T11:35:42.282+0000] {dag.py:3089} INFO - Sync 1 DAGs
[2026-07-31T11:35:42.317+0000] {logging_mixin.py:188} INFO - [2026-07-31T11:35:42.317+0000] {dag.py:3947} INFO - Setting next_dagrun for example_skip_dag to 2026-07-30 00:00:00+00:00, run_after=2026-07-31 00:00:00+00:00
[2026-07-31T11:35:42.350+0000] {processor.py:183} INFO - Processing /home/airflow/.local/lib/python3.12/site-packages/airflow/example_dags/example_skip_dag.py took 0.133 seconds
[2026-07-31T11:36:12.827+0000] {processor.py:161} INFO - Started process (PID=3960) to work on /home/airflow/.local/lib/python3.12/site-packages/airflow/example_dags/example_skip_dag.py
[2026-07-31T11:36:12.829+0000] {processor.py:830} INFO - Processing file /home/airflow/.local/lib/python3.12/site-packages/airflow/example_dags/example_skip_dag.py for tasks to queue
[2026-07-31T11:36:12.833+0000] {logging_mixin.py:188} INFO - [2026-07-31T11:36:12.833+0000] {dagbag.py:545} INFO - Filling up the DagBag from /home/airflow/.local/lib/python3.12/site-packages/airflow/example_dags/example_skip_dag.py
[2026-07-31T11:36:12.847+0000] {processor.py:840} INFO - DAG(s) 'example_skip_dag' retrieved from /home/airflow/.local/lib/python3.12/site-packages/airflow/example_dags/example_skip_dag.py
[2026-07-31T11:36:12.893+0000] {logging_mixin.py:188} INFO - [2026-07-31T11:36:12.893+0000] {dag.py:3089} INFO - Sync 1 DAGs
[2026-07-31T11:36:12.940+0000] {logging_mixin.py:188} INFO - [2026-07-31T11:36:12.939+0000] {dag.py:3947} INFO - Setting next_dagrun for example_skip_dag to 2026-07-30 00:00:00+00:00, run_after=2026-07-31 00:00:00+00:00
[2026-07-31T11:36:12.975+0000] {processor.py:183} INFO - Processing /home/airflow/.local/lib/python3.12/site-packages/airflow/example_dags/example_skip_dag.py took 0.162 seconds
[2026-07-31T11:36:45.739+0000] {processor.py:161} INFO - Started process (PID=4019) to work on /home/airflow/.local/lib/python3.12/site-packages/airflow/example_dags/example_skip_dag.py
[2026-07-31T11:36:45.742+0000] {processor.py:830} INFO - Processing file /home/airflow/.local/lib/python3.12/site-packages/airflow/example_dags/example_skip_dag.py for tasks to queue
[2026-07-31T11:36:45.752+0000] {logging_mixin.py:188} INFO - [2026-07-31T11:36:45.751+0000] {dagbag.py:545} INFO - Filling up the DagBag from /home/airflow/.local/lib/python3.12/site-packages/airflow/example_dags/example_skip_dag.py
[2026-07-31T11:36:45.790+0000] {processor.py:840} INFO - DAG(s) 'example_skip_dag' retrieved from /home/airflow/.local/lib/python3.12/site-packages/airflow/example_dags/example_skip_dag.py
[2026-07-31T11:36:45.917+0000] {logging_mixin.py:188} INFO - [2026-07-31T11:36:45.916+0000] {dag.py:3089} INFO - Sync 1 DAGs
[2026-07-31T11:36:46.000+0000] {logging_mixin.py:188} INFO - [2026-07-31T11:36:46.000+0000] {dag.py:3947} INFO - Setting next_dagrun for example_skip_dag to 2026-07-30 00:00:00+00:00, run_after=2026-07-31 00:00:00+00:00
[2026-07-31T11:36:46.067+0000] {processor.py:183} INFO - Processing /home/airflow/.local/lib/python3.12/site-packages/airflow/example_dags/example_skip_dag.py took 0.346 seconds
[2026-07-31T11:37:16.581+0000] {processor.py:161} INFO - Started process (PID=4077) to work on /home/airflow/.local/lib/python3.12/site-packages/airflow/example_dags/example_skip_dag.py
[2026-07-31T11:37:16.584+0000] {processor.py:830} INFO - Processing file /home/airflow/.local/lib/python3.12/site-packages/airflow/example_dags/example_skip_dag.py for tasks to queue
[2026-07-31T11:37:16.589+0000] {logging_mixin.py:188} INFO - [2026-07-31T11:37:16.588+0000] {dagbag.py:545} INFO - Filling up the DagBag from /home/airflow/.local/lib/python3.12/site-packages/airflow/example_dags/example_skip_dag.py
[2026-07-31T11:37:16.604+0000] {processor.py:840} INFO - DAG(s) 'example_skip_dag' retrieved from /home/airflow/.local/lib/python3.12/site-packages/airflow/example_dags/example_skip_dag.py
[2026-07-31T11:37:16.653+0000] {logging_mixin.py:188} INFO - [2026-07-31T11:37:16.653+0000] {dag.py:3089} INFO - Sync 1 DAGs
[2026-07-31T11:37:16.699+0000] {logging_mixin.py:188} INFO - [2026-07-31T11:37:16.698+0000] {dag.py:3947} INFO - Setting next_dagrun for example_skip_dag to 2026-07-30 00:00:00+00:00, run_after=2026-07-31 00:00:00+00:00
[2026-07-31T11:37:16.740+0000] {processor.py:183} INFO - Processing /home/airflow/.local/lib/python3.12/site-packages/airflow/example_dags/example_skip_dag.py took 0.174 seconds
[2026-07-31T11:37:46.804+0000] {processor.py:161} INFO - Started process (PID=4127) to work on /home/airflow/.local/lib/python3.12/site-packages/airflow/example_dags/example_skip_dag.py
[2026-07-31T11:37:46.806+0000] {processor.py:830} INFO - Processing file /home/airflow/.local/lib/python3.12/site-packages/airflow/example_dags/example_skip_dag.py for tasks to queue
[2026-07-31T11:37:46.812+0000] {logging_mixin.py:188} INFO - [2026-07-31T11:37:46.811+0000] {dagbag.py:545} INFO - Filling up the DagBag from /home/airflow/.local/lib/python3.12/site-packages/airflow/example_dags/example_skip_dag.py
[2026-07-31T11:37:46.828+0000] {processor.py:840} INFO - DAG(s) 'example_skip_dag' retrieved from /home/airflow/.local/lib/python3.12/site-packages/airflow/example_dags/example_skip_dag.py
[2026-07-31T11:37:46.875+0000] {logging_mixin.py:188} INFO - [2026-07-31T11:37:46.875+0000] {dag.py:3089} INFO - Sync 1 DAGs
[2026-07-31T11:37:46.933+0000] {logging_mixin.py:188} INFO - [2026-07-31T11:37:46.932+0000] {dag.py:3947} INFO - Setting next_dagrun for example_skip_dag to 2026-07-30 00:00:00+00:00, run_after=2026-07-31 00:00:00+00:00
[2026-07-31T11:37:46.988+0000] {processor.py:183} INFO - Processing /home/airflow/.local/lib/python3.12/site-packages/airflow/example_dags/example_skip_dag.py took 0.215 seconds
[2026-07-31T11:38:17.131+0000] {processor.py:161} INFO - Started process (PID=4183) to work on /home/airflow/.local/lib/python3.12/site-packages/airflow/example_dags/example_skip_dag.py
[2026-07-31T11:38:17.133+0000] {processor.py:830} INFO - Processing file /home/airflow/.local/lib/python3.12/site-packages/airflow/example_dags/example_skip_dag.py for tasks to queue
[2026-07-31T11:38:17.138+0000] {logging_mixin.py:188} INFO - [2026-07-31T11:38:17.137+0000] {dagbag.py:545} INFO - Filling up the DagBag from /home/airflow/.local/lib/python3.12/site-packages/airflow/example_dags/example_skip_dag.py
[2026-07-31T11:38:17.153+0000] {processor.py:840} INFO - DAG(s) 'example_skip_dag' retrieved from /home/airflow/.local/lib/python3.12/site-packages/airflow/example_dags/example_skip_dag.py
[2026-07-31T11:38:17.195+0000] {logging_mixin.py:188} INFO - [2026-07-31T11:38:17.195+0000] {dag.py:3089} INFO - Sync 1 DAGs
[2026-07-31T11:38:17.272+0000] {logging_mixin.py:188} INFO - [2026-07-31T11:38:17.271+0000] {dag.py:3947} INFO - Setting next_dagrun for example_skip_dag to 2026-07-30 00:00:00+00:00, run_after=2026-07-31 00:00:00+00:00
[2026-07-31T11:38:17.355+0000] {processor.py:183} INFO - Processing /home/airflow/.local/lib/python3.12/site-packages/airflow/example_dags/example_skip_dag.py took 0.235 seconds
[2026-07-31T11:38:47.440+0000] {processor.py:161} INFO - Started process (PID=4239) to work on /home/airflow/.local/lib/python3.12/site-packages/airflow/example_dags/example_skip_dag.py
[2026-07-31T11:38:47.443+0000] {processor.py:830} INFO - Processing file /home/airflow/.local/lib/python3.12/site-packages/airflow/example_dags/example_skip_dag.py for tasks to queue
[2026-07-31T11:38:47.446+0000] {logging_mixin.py:188} INFO - [2026-07-31T11:38:47.445+0000] {dagbag.py:545} INFO - Filling up the DagBag from /home/airflow/.local/lib/python3.12/site-packages/airflow/example_dags/example_skip_dag.py
[2026-07-31T11:38:47.455+0000] {processor.py:840} INFO - DAG(s) 'example_skip_dag' retrieved from /home/airflow/.local/lib/python3.12/site-packages/airflow/example_dags/example_skip_dag.py
[2026-07-31T11:38:47.484+0000] {logging_mixin.py:188} INFO - [2026-07-31T11:38:47.484+0000] {dag.py:3089} INFO - Sync 1 DAGs
[2026-07-31T11:38:47.522+0000] {logging_mixin.py:188} INFO - [2026-07-31T11:38:47.521+0000] {dag.py:3947} INFO - Setting next_dagrun for example_skip_dag to 2026-07-30 00:00:00+00:00, run_after=2026-07-31 00:00:00+00:00
[2026-07-31T11:38:47.561+0000] {processor.py:183} INFO - Processing /home/airflow/.local/lib/python3.12/site-packages/airflow/example_dags/example_skip_dag.py took 0.129 seconds
[2026-07-31T11:39:17.861+0000] {processor.py:161} INFO - Started process (PID=4297) to work on /home/airflow/.local/lib/python3.12/site-packages/airflow/example_dags/example_skip_dag.py
[2026-07-31T11:39:17.863+0000] {processor.py:830} INFO - Processing file /home/airflow/.local/lib/python3.12/site-packages/airflow/example_dags/example_skip_dag.py for tasks to queue
[2026-07-31T11:39:17.867+0000] {logging_mixin.py:188} INFO - [2026-07-31T11:39:17.866+0000] {dagbag.py:545} INFO - Filling up the DagBag from /home/airflow/.local/lib/python3.12/site-packages/airflow/example_dags/example_skip_dag.py
[2026-07-31T11:39:17.880+0000] {processor.py:840} INFO - DAG(s) 'example_skip_dag' retrieved from /home/airflow/.local/lib/python3.12/site-packages/airflow/example_dags/example_skip_dag.py
[2026-07-31T11:39:17.931+0000] {logging_mixin.py:188} INFO - [2026-07-31T11:39:17.930+0000] {dag.py:3089} INFO - Sync 1 DAGs
[2026-07-31T11:39:17.979+0000] {logging_mixin.py:188} INFO - [2026-07-31T11:39:17.978+0000] {dag.py:3947} INFO - Setting next_dagrun for example_skip_dag to 2026-07-30 00:00:00+00:00, run_after=2026-07-31 00:00:00+00:00
[2026-07-31T11:39:18.022+0000] {processor.py:183} INFO - Processing /home/airflow/.local/lib/python3.12/site-packages/airflow/example_dags/example_skip_dag.py took 0.175 seconds
[2026-07-31T11:39:48.136+0000] {processor.py:161} INFO - Started process (PID=4355) to work on /home/airflow/.local/lib/python3.12/site-packages/airflow/example_dags/example_skip_dag.py
[2026-07-31T11:39:48.138+0000] {processor.py:830} INFO - Processing file /home/airflow/.local/lib/python3.12/site-packages/airflow/example_dags/example_skip_dag.py for tasks to queue
[2026-07-31T11:39:48.142+0000] {logging_mixin.py:188} INFO - [2026-07-31T11:39:48.141+0000] {dagbag.py:545} INFO - Filling up the DagBag from /home/airflow/.local/lib/python3.12/site-packages/airflow/example_dags/example_skip_dag.py
[2026-07-31T11:39:48.152+0000] {processor.py:840} INFO - DAG(s) 'example_skip_dag' retrieved from /home/airflow/.local/lib/python3.12/site-packages/airflow/example_dags/example_skip_dag.py
[2026-07-31T11:39:48.180+0000] {logging_mixin.py:188} INFO - [2026-07-31T11:39:48.180+0000] {dag.py:3089} INFO - Sync 1 DAGs
[2026-07-31T11:39:48.209+0000] {logging_mixin.py:188} INFO - [2026-07-31T11:39:48.209+0000] {dag.py:3947} INFO - Setting next_dagrun for example_skip_dag to 2026-07-30 00:00:00+00:00, run_after=2026-07-31 00:00:00+00:00
[2026-07-31T11:39:48.240+0000] {processor.py:183} INFO - Processing /home/airflow/.local/lib/python3.12/site-packages/airflow/example_dags/example_skip_dag.py took 0.112 seconds
[2026-07-31T11:40:18.574+0000] {processor.py:161} INFO - Started process (PID=4412) to work on /home/airflow/.local/lib/python3.12/site-packages/airflow/example_dags/example_skip_dag.py
[2026-07-31T11:40:18.575+0000] {processor.py:830} INFO - Processing file /home/airflow/.local/lib/python3.12/site-packages/airflow/example_dags/example_skip_dag.py for tasks to queue
[2026-07-31T11:40:18.578+0000] {logging_mixin.py:188} INFO - [2026-07-31T11:40:18.577+0000] {dagbag.py:545} INFO - Filling up the DagBag from /home/airflow/.local/lib/python3.12/site-packages/airflow/example_dags/example_skip_dag.py
[2026-07-31T11:40:18.589+0000] {processor.py:840} INFO - DAG(s) 'example_skip_dag' retrieved from /home/airflow/.local/lib/python3.12/site-packages/airflow/example_dags/example_skip_dag.py
[2026-07-31T11:40:18.619+0000] {logging_mixin.py:188} INFO - [2026-07-31T11:40:18.619+0000] {dag.py:3089} INFO - Sync 1 DAGs
[2026-07-31T11:40:18.653+0000] {logging_mixin.py:188} INFO - [2026-07-31T11:40:18.653+0000] {dag.py:3947} INFO - Setting next_dagrun for example_skip_dag to 2026-07-30 00:00:00+00:00, run_after=2026-07-31 00:00:00+00:00
[2026-07-31T11:40:18.678+0000] {processor.py:183} INFO - Processing /home/airflow/.local/lib/python3.12/site-packages/airflow/example_dags/example_skip_dag.py took 0.112 seconds
[2026-07-31T11:40:49.085+0000] {processor.py:161} INFO - Started process (PID=4470) to work on /home/airflow/.local/lib/python3.12/site-packages/airflow/example_dags/example_skip_dag.py
[2026-07-31T11:40:49.088+0000] {processor.py:830} INFO - Processing file /home/airflow/.local/lib/python3.12/site-packages/airflow/example_dags/example_skip_dag.py for tasks to queue
[2026-07-31T11:40:49.093+0000] {logging_mixin.py:188} INFO - [2026-07-31T11:40:49.092+0000] {dagbag.py:545} INFO - Filling up the DagBag from /home/airflow/.local/lib/python3.12/site-packages/airflow/example_dags/example_skip_dag.py
[2026-07-31T11:40:49.113+0000] {processor.py:840} INFO - DAG(s) 'example_skip_dag' retrieved from /home/airflow/.local/lib/python3.12/site-packages/airflow/example_dags/example_skip_dag.py
[2026-07-31T11:40:49.179+0000] {logging_mixin.py:188} INFO - [2026-07-31T11:40:49.178+0000] {dag.py:3089} INFO - Sync 1 DAGs
[2026-07-31T11:40:49.228+0000] {logging_mixin.py:188} INFO - [2026-07-31T11:40:49.228+0000] {dag.py:3947} INFO - Setting next_dagrun for example_skip_dag to 2026-07-30 00:00:00+00:00, run_after=2026-07-31 00:00:00+00:00
[2026-07-31T11:40:49.265+0000] {processor.py:183} INFO - Processing /home/airflow/.local/lib/python3.12/site-packages/airflow/example_dags/example_skip_dag.py took 0.198 seconds
[2026-07-31T11:41:19.662+0000] {processor.py:161} INFO - Started process (PID=4528) to work on /home/airflow/.local/lib/python3.12/site-packages/airflow/example_dags/example_skip_dag.py
[2026-07-31T11:41:19.663+0000] {processor.py:830} INFO - Processing file /home/airflow/.local/lib/python3.12/site-packages/airflow/example_dags/example_skip_dag.py for tasks to queue
[2026-07-31T11:41:19.666+0000] {logging_mixin.py:188} INFO - [2026-07-31T11:41:19.665+0000] {dagbag.py:545} INFO - Filling up the DagBag from /home/airflow/.local/lib/python3.12/site-packages/airflow/example_dags/example_skip_dag.py
[2026-07-31T11:41:19.674+0000] {processor.py:840} INFO - DAG(s) 'example_skip_dag' retrieved from /home/airflow/.local/lib/python3.12/site-packages/airflow/example_dags/example_skip_dag.py
[2026-07-31T11:41:19.704+0000] {logging_mixin.py:188} INFO - [2026-07-31T11:41:19.703+0000] {dag.py:3089} INFO - Sync 1 DAGs
[2026-07-31T11:41:19.735+0000] {logging_mixin.py:188} INFO - [2026-07-31T11:41:19.734+0000] {dag.py:3947} INFO - Setting next_dagrun for example_skip_dag to 2026-07-30 00:00:00+00:00, run_after=2026-07-31 00:00:00+00:00
[2026-07-31T11:41:19.762+0000] {processor.py:183} INFO - Processing /home/airflow/.local/lib/python3.12/site-packages/airflow/example_dags/example_skip_dag.py took 0.108 seconds
[2026-07-31T11:41:50.474+0000] {processor.py:161} INFO - Started process (PID=4583) to work on /home/airflow/.local/lib/python3.12/site-packages/airflow/example_dags/example_skip_dag.py
[2026-07-31T11:41:50.476+0000] {processor.py:830} INFO - Processing file /home/airflow/.local/lib/python3.12/site-packages/airflow/example_dags/example_skip_dag.py for tasks to queue
[2026-07-31T11:41:50.482+0000] {logging_mixin.py:188} INFO - [2026-07-31T11:41:50.481+0000] {dagbag.py:545} INFO - Filling up the DagBag from /home/airflow/.local/lib/python3.12/site-packages/airflow/example_dags/example_skip_dag.py
[2026-07-31T11:41:50.497+0000] {processor.py:840} INFO - DAG(s) 'example_skip_dag' retrieved from /home/airflow/.local/lib/python3.12/site-packages/airflow/example_dags/example_skip_dag.py
[2026-07-31T11:41:50.537+0000] {logging_mixin.py:188} INFO - [2026-07-31T11:41:50.537+0000] {dag.py:3089} INFO - Sync 1 DAGs
[2026-07-31T11:41:50.600+0000] {logging_mixin.py:188} INFO - [2026-07-31T11:41:50.599+0000] {dag.py:3947} INFO - Setting next_dagrun for example_skip_dag to 2026-07-30 00:00:00+00:00, run_after=2026-07-31 00:00:00+00:00
[2026-07-31T11:41:50.657+0000] {processor.py:183} INFO - Processing /home/airflow/.local/lib/python3.12/site-packages/airflow/example_dags/example_skip_dag.py took 0.199 seconds
[2026-07-31T11:42:21.601+0000] {processor.py:161} INFO - Started process (PID=4641) to work on /home/airflow/.local/lib/python3.12/site-packages/airflow/example_dags/example_skip_dag.py
[2026-07-31T11:42:21.605+0000] {processor.py:830} INFO - Processing file /home/airflow/.local/lib/python3.12/site-packages/airflow/example_dags/example_skip_dag.py for tasks to queue
[2026-07-31T11:42:21.610+0000] {logging_mixin.py:188} INFO - [2026-07-31T11:42:21.609+0000] {dagbag.py:545} INFO - Filling up the DagBag from /home/airflow/.local/lib/python3.12/site-packages/airflow/example_dags/example_skip_dag.py
[2026-07-31T11:42:21.632+0000] {processor.py:840} INFO - DAG(s) 'example_skip_dag' retrieved from /home/airflow/.local/lib/python3.12/site-packages/airflow/example_dags/example_skip_dag.py
[2026-07-31T11:42:21.698+0000] {logging_mixin.py:188} INFO - [2026-07-31T11:42:21.697+0000] {dag.py:3089} INFO - Sync 1 DAGs
[2026-07-31T11:42:21.761+0000] {logging_mixin.py:188} INFO - [2026-07-31T11:42:21.761+0000] {dag.py:3947} INFO - Setting next_dagrun for example_skip_dag to 2026-07-30 00:00:00+00:00, run_after=2026-07-31 00:00:00+00:00
[2026-07-31T11:42:21.808+0000] {processor.py:183} INFO - Processing /home/airflow/.local/lib/python3.12/site-packages/airflow/example_dags/example_skip_dag.py took 0.227 seconds
[2026-07-31T11:42:51.978+0000] {processor.py:161} INFO - Started process (PID=4699) to work on /home/airflow/.local/lib/python3.12/site-packages/airflow/example_dags/example_skip_dag.py
[2026-07-31T11:42:51.980+0000] {processor.py:830} INFO - Processing file /home/airflow/.local/lib/python3.12/site-packages/airflow/example_dags/example_skip_dag.py for tasks to queue
[2026-07-31T11:42:51.983+0000] {logging_mixin.py:188} INFO - [2026-07-31T11:42:51.983+0000] {dagbag.py:545} INFO - Filling up the DagBag from /home/airflow/.local/lib/python3.12/site-packages/airflow/example_dags/example_skip_dag.py
[2026-07-31T11:42:51.993+0000] {processor.py:840} INFO - DAG(s) 'example_skip_dag' retrieved from /home/airflow/.local/lib/python3.12/site-packages/airflow/example_dags/example_skip_dag.py
[2026-07-31T11:42:52.032+0000] {logging_mixin.py:188} INFO - [2026-07-31T11:42:52.032+0000] {dag.py:3089} INFO - Sync 1 DAGs
[2026-07-31T11:42:52.074+0000] {logging_mixin.py:188} INFO - [2026-07-31T11:42:52.073+0000] {dag.py:3947} INFO - Setting next_dagrun for example_skip_dag to 2026-07-30 00:00:00+00:00, run_after=2026-07-31 00:00:00+00:00
[2026-07-31T11:42:52.102+0000] {processor.py:183} INFO - Processing /home/airflow/.local/lib/python3.12/site-packages/airflow/example_dags/example_skip_dag.py took 0.142 seconds
[2026-07-31T11:43:22.346+0000] {processor.py:161} INFO - Started process (PID=4757) to work on /home/airflow/.local/lib/python3.12/site-packages/airflow/example_dags/example_skip_dag.py
[2026-07-31T11:43:22.347+0000] {processor.py:830} INFO - Processing file /home/airflow/.local/lib/python3.12/site-packages/airflow/example_dags/example_skip_dag.py for tasks to queue
[2026-07-31T11:43:22.350+0000] {logging_mixin.py:188} INFO - [2026-07-31T11:43:22.349+0000] {dagbag.py:545} INFO - Filling up the DagBag from /home/airflow/.local/lib/python3.12/site-packages/airflow/example_dags/example_skip_dag.py
[2026-07-31T11:43:22.358+0000] {processor.py:840} INFO - DAG(s) 'example_skip_dag' retrieved from /home/airflow/.local/lib/python3.12/site-packages/airflow/example_dags/example_skip_dag.py
[2026-07-31T11:43:22.383+0000] {logging_mixin.py:188} INFO - [2026-07-31T11:43:22.383+0000] {dag.py:3089} INFO - Sync 1 DAGs
[2026-07-31T11:43:22.416+0000] {logging_mixin.py:188} INFO - [2026-07-31T11:43:22.416+0000] {dag.py:3947} INFO - Setting next_dagrun for example_skip_dag to 2026-07-30 00:00:00+00:00, run_after=2026-07-31 00:00:00+00:00
[2026-07-31T11:43:22.447+0000] {processor.py:183} INFO - Processing /home/airflow/.local/lib/python3.12/site-packages/airflow/example_dags/example_skip_dag.py took 0.108 seconds
[2026-07-31T11:43:52.865+0000] {processor.py:161} INFO - Started process (PID=4815) to work on /home/airflow/.local/lib/python3.12/site-packages/airflow/example_dags/example_skip_dag.py
[2026-07-31T11:43:52.866+0000] {processor.py:830} INFO - Processing file /home/airflow/.local/lib/python3.12/site-packages/airflow/example_dags/example_skip_dag.py for tasks to queue
[2026-07-31T11:43:52.871+0000] {logging_mixin.py:188} INFO - [2026-07-31T11:43:52.871+0000] {dagbag.py:545} INFO - Filling up the DagBag from /home/airflow/.local/lib/python3.12/site-packages/airflow/example_dags/example_skip_dag.py
[2026-07-31T11:43:52.883+0000] {processor.py:840} INFO - DAG(s) 'example_skip_dag' retrieved from /home/airflow/.local/lib/python3.12/site-packages/airflow/example_dags/example_skip_dag.py
[2026-07-31T11:43:52.910+0000] {logging_mixin.py:188} INFO - [2026-07-31T11:43:52.910+0000] {dag.py:3089} INFO - Sync 1 DAGs
[2026-07-31T11:43:52.940+0000] {logging_mixin.py:188} INFO - [2026-07-31T11:43:52.940+0000] {dag.py:3947} INFO - Setting next_dagrun for example_skip_dag to 2026-07-30 00:00:00+00:00, run_after=2026-07-31 00:00:00+00:00
[2026-07-31T11:43:52.971+0000] {processor.py:183} INFO - Processing /home/airflow/.local/lib/python3.12/site-packages/airflow/example_dags/example_skip_dag.py took 0.116 seconds
[2026-07-31T11:44:23.191+0000] {processor.py:161} INFO - Started process (PID=4872) to work on /home/airflow/.local/lib/python3.12/site-packages/airflow/example_dags/example_skip_dag.py
[2026-07-31T11:44:23.193+0000] {processor.py:830} INFO - Processing file /home/airflow/.local/lib/python3.12/site-packages/airflow/example_dags/example_skip_dag.py for tasks to queue
[2026-07-31T11:44:23.195+0000] {logging_mixin.py:188} INFO - [2026-07-31T11:44:23.195+0000] {dagbag.py:545} INFO - Filling up the DagBag from /home/airflow/.local/lib/python3.12/site-packages/airflow/example_dags/example_skip_dag.py
[2026-07-31T11:44:23.204+0000] {processor.py:840} INFO - DAG(s) 'example_skip_dag' retrieved from /home/airflow/.local/lib/python3.12/site-packages/airflow/example_dags/example_skip_dag.py
[2026-07-31T11:44:23.234+0000] {logging_mixin.py:188} INFO - [2026-07-31T11:44:23.233+0000] {dag.py:3089} INFO - Sync 1 DAGs
[2026-07-31T11:44:23.264+0000] {logging_mixin.py:188} INFO - [2026-07-31T11:44:23.264+0000] {dag.py:3947} INFO - Setting next_dagrun for example_skip_dag to 2026-07-30 00:00:00+00:00, run_after=2026-07-31 00:00:00+00:00
[2026-07-31T11:44:23.295+0000] {processor.py:183} INFO - Processing /home/airflow/.local/lib/python3.12/site-packages/airflow/example_dags/example_skip_dag.py took 0.112 seconds
[2026-07-31T11:44:53.756+0000] {processor.py:161} INFO - Started process (PID=4929) to work on /home/airflow/.local/lib/python3.12/site-packages/airflow/example_dags/example_skip_dag.py
[2026-07-31T11:44:53.763+0000] {processor.py:830} INFO - Processing file /home/airflow/.local/lib/python3.12/site-packages/airflow/example_dags/example_skip_dag.py for tasks to queue
[2026-07-31T11:44:53.770+0000] {logging_mixin.py:188} INFO - [2026-07-31T11:44:53.769+0000] {dagbag.py:545} INFO - Filling up the DagBag from /home/airflow/.local/lib/python3.12/site-packages/airflow/example_dags/example_skip_dag.py
[2026-07-31T11:44:53.804+0000] {processor.py:840} INFO - DAG(s) 'example_skip_dag' retrieved from /home/airflow/.local/lib/python3.12/site-packages/airflow/example_dags/example_skip_dag.py
[2026-07-31T11:44:53.900+0000] {logging_mixin.py:188} INFO - [2026-07-31T11:44:53.898+0000] {dag.py:3089} INFO - Sync 1 DAGs
[2026-07-31T11:44:54.007+0000] {logging_mixin.py:188} INFO - [2026-07-31T11:44:54.005+0000] {dag.py:3947} INFO - Setting next_dagrun for example_skip_dag to 2026-07-30 00:00:00+00:00, run_after=2026-07-31 00:00:00+00:00
[2026-07-31T11:44:54.073+0000] {processor.py:183} INFO - Processing /home/airflow/.local/lib/python3.12/site-packages/airflow/example_dags/example_skip_dag.py took 0.335 seconds
[2026-07-31T11:45:25.019+0000] {processor.py:161} INFO - Started process (PID=4986) to work on /home/airflow/.local/lib/python3.12/site-packages/airflow/example_dags/example_skip_dag.py
[2026-07-31T11:45:25.021+0000] {processor.py:830} INFO - Processing file /home/airflow/.local/lib/python3.12/site-packages/airflow/example_dags/example_skip_dag.py for tasks to queue
[2026-07-31T11:45:25.024+0000] {logging_mixin.py:188} INFO - [2026-07-31T11:45:25.024+0000] {dagbag.py:545} INFO - Filling up the DagBag from /home/airflow/.local/lib/python3.12/site-packages/airflow/example_dags/example_skip_dag.py
[2026-07-31T11:45:25.033+0000] {processor.py:840} INFO - DAG(s) 'example_skip_dag' retrieved from /home/airflow/.local/lib/python3.12/site-packages/airflow/example_dags/example_skip_dag.py
[2026-07-31T11:45:25.059+0000] {logging_mixin.py:188} INFO - [2026-07-31T11:45:25.059+0000] {dag.py:3089} INFO - Sync 1 DAGs
[2026-07-31T11:45:25.086+0000] {logging_mixin.py:188} INFO - [2026-07-31T11:45:25.085+0000] {dag.py:3947} INFO - Setting next_dagrun for example_skip_dag to 2026-07-30 00:00:00+00:00, run_after=2026-07-31 00:00:00+00:00
[2026-07-31T11:45:25.114+0000] {processor.py:183} INFO - Processing /home/airflow/.local/lib/python3.12/site-packages/airflow/example_dags/example_skip_dag.py took 0.102 seconds
[2026-07-31T11:45:55.405+0000] {processor.py:161} INFO - Started process (PID=5044) to work on /home/airflow/.local/lib/python3.12/site-packages/airflow/example_dags/example_skip_dag.py
[2026-07-31T11:45:55.406+0000] {processor.py:830} INFO - Processing file /home/airflow/.local/lib/python3.12/site-packages/airflow/example_dags/example_skip_dag.py for tasks to queue
[2026-07-31T11:45:55.411+0000] {logging_mixin.py:188} INFO - [2026-07-31T11:45:55.410+0000] {dagbag.py:545} INFO - Filling up the DagBag from /home/airflow/.local/lib/python3.12/site-packages/airflow/example_dags/example_skip_dag.py
[2026-07-31T11:45:55.421+0000] {processor.py:840} INFO - DAG(s) 'example_skip_dag' retrieved from /home/airflow/.local/lib/python3.12/site-packages/airflow/example_dags/example_skip_dag.py
[2026-07-31T11:45:55.455+0000] {logging_mixin.py:188} INFO - [2026-07-31T11:45:55.454+0000] {dag.py:3089} INFO - Sync 1 DAGs
[2026-07-31T11:45:55.495+0000] {logging_mixin.py:188} INFO - [2026-07-31T11:45:55.495+0000] {dag.py:3947} INFO - Setting next_dagrun for example_skip_dag to 2026-07-30 00:00:00+00:00, run_after=2026-07-31 00:00:00+00:00
[2026-07-31T11:45:55.528+0000] {processor.py:183} INFO - Processing /home/airflow/.local/lib/python3.12/site-packages/airflow/example_dags/example_skip_dag.py took 0.131 seconds
[2026-07-31T11:46:25.882+0000] {processor.py:161} INFO - Started process (PID=5102) to work on /home/airflow/.local/lib/python3.12/site-packages/airflow/example_dags/example_skip_dag.py
[2026-07-31T11:46:25.885+0000] {processor.py:830} INFO - Processing file /home/airflow/.local/lib/python3.12/site-packages/airflow/example_dags/example_skip_dag.py for tasks to queue
[2026-07-31T11:46:25.890+0000] {logging_mixin.py:188} INFO - [2026-07-31T11:46:25.889+0000] {dagbag.py:545} INFO - Filling up the DagBag from /home/airflow/.local/lib/python3.12/site-packages/airflow/example_dags/example_skip_dag.py
[2026-07-31T11:46:25.902+0000] {processor.py:840} INFO - DAG(s) 'example_skip_dag' retrieved from /home/airflow/.local/lib/python3.12/site-packages/airflow/example_dags/example_skip_dag.py
[2026-07-31T11:46:25.943+0000] {logging_mixin.py:188} INFO - [2026-07-31T11:46:25.942+0000] {dag.py:3089} INFO - Sync 1 DAGs
[2026-07-31T11:46:25.989+0000] {logging_mixin.py:188} INFO - [2026-07-31T11:46:25.989+0000] {dag.py:3947} INFO - Setting next_dagrun for example_skip_dag to 2026-07-30 00:00:00+00:00, run_after=2026-07-31 00:00:00+00:00
[2026-07-31T11:46:26.029+0000] {processor.py:183} INFO - Processing /home/airflow/.local/lib/python3.12/site-packages/airflow/example_dags/example_skip_dag.py took 0.160 seconds
[2026-07-31T11:46:56.374+0000] {processor.py:161} INFO - Started process (PID=5160) to work on /home/airflow/.local/lib/python3.12/site-packages/airflow/example_dags/example_skip_dag.py
[2026-07-31T11:46:56.376+0000] {processor.py:830} INFO - Processing file /home/airflow/.local/lib/python3.12/site-packages/airflow/example_dags/example_skip_dag.py for tasks to queue
[2026-07-31T11:46:56.378+0000] {logging_mixin.py:188} INFO - [2026-07-31T11:46:56.378+0000] {dagbag.py:545} INFO - Filling up the DagBag from /home/airflow/.local/lib/python3.12/site-packages/airflow/example_dags/example_skip_dag.py
[2026-07-31T11:46:56.385+0000] {processor.py:840} INFO - DAG(s) 'example_skip_dag' retrieved from /home/airflow/.local/lib/python3.12/site-packages/airflow/example_dags/example_skip_dag.py
[2026-07-31T11:46:56.414+0000] {logging_mixin.py:188} INFO - [2026-07-31T11:46:56.414+0000] {dag.py:3089} INFO - Sync 1 DAGs
[2026-07-31T11:46:56.443+0000] {logging_mixin.py:188} INFO - [2026-07-31T11:46:56.443+0000] {dag.py:3947} INFO - Setting next_dagrun for example_skip_dag to 2026-07-30 00:00:00+00:00, run_after=2026-07-31 00:00:00+00:00
[2026-07-31T11:46:56.467+0000] {processor.py:183} INFO - Processing /home/airflow/.local/lib/python3.12/site-packages/airflow/example_dags/example_skip_dag.py took 0.100 seconds
[2026-07-31T11:47:27.081+0000] {processor.py:161} INFO - Started process (PID=5218) to work on /home/airflow/.local/lib/python3.12/site-packages/airflow/example_dags/example_skip_dag.py
[2026-07-31T11:47:27.083+0000] {processor.py:830} INFO - Processing file /home/airflow/.local/lib/python3.12/site-packages/airflow/example_dags/example_skip_dag.py for tasks to queue
[2026-07-31T11:47:27.086+0000] {logging_mixin.py:188} INFO - [2026-07-31T11:47:27.085+0000] {dagbag.py:545} INFO - Filling up the DagBag from /home/airflow/.local/lib/python3.12/site-packages/airflow/example_dags/example_skip_dag.py
[2026-07-31T11:47:27.103+0000] {processor.py:840} INFO - DAG(s) 'example_skip_dag' retrieved from /home/airflow/.local/lib/python3.12/site-packages/airflow/example_dags/example_skip_dag.py
[2026-07-31T11:47:27.168+0000] {logging_mixin.py:188} INFO - [2026-07-31T11:47:27.168+0000] {dag.py:3089} INFO - Sync 1 DAGs
[2026-07-31T11:47:27.238+0000] {logging_mixin.py:188} INFO - [2026-07-31T11:47:27.238+0000] {dag.py:3947} INFO - Setting next_dagrun for example_skip_dag to 2026-07-30 00:00:00+00:00, run_after=2026-07-31 00:00:00+00:00
[2026-07-31T11:47:27.313+0000] {processor.py:183} INFO - Processing /home/airflow/.local/lib/python3.12/site-packages/airflow/example_dags/example_skip_dag.py took 0.243 seconds
[2026-07-31T11:47:58.293+0000] {processor.py:161} INFO - Started process (PID=5276) to work on /home/airflow/.local/lib/python3.12/site-packages/airflow/example_dags/example_skip_dag.py
[2026-07-31T11:47:58.294+0000] {processor.py:830} INFO - Processing file /home/airflow/.local/lib/python3.12/site-packages/airflow/example_dags/example_skip_dag.py for tasks to queue
[2026-07-31T11:47:58.297+0000] {logging_mixin.py:188} INFO - [2026-07-31T11:47:58.296+0000] {dagbag.py:545} INFO - Filling up the DagBag from /home/airflow/.local/lib/python3.12/site-packages/airflow/example_dags/example_skip_dag.py
[2026-07-31T11:47:58.311+0000] {processor.py:840} INFO - DAG(s) 'example_skip_dag' retrieved from /home/airflow/.local/lib/python3.12/site-packages/airflow/example_dags/example_skip_dag.py
[2026-07-31T11:47:58.337+0000] {logging_mixin.py:188} INFO - [2026-07-31T11:47:58.337+0000] {dag.py:3089} INFO - Sync 1 DAGs
[2026-07-31T11:47:58.365+0000] {logging_mixin.py:188} INFO - [2026-07-31T11:47:58.365+0000] {dag.py:3947} INFO - Setting next_dagrun for example_skip_dag to 2026-07-30 00:00:00+00:00, run_after=2026-07-31 00:00:00+00:00
[2026-07-31T11:47:58.389+0000] {processor.py:183} INFO - Processing /home/airflow/.local/lib/python3.12/site-packages/airflow/example_dags/example_skip_dag.py took 0.104 seconds
[2026-07-31T11:48:28.541+0000] {processor.py:161} INFO - Started process (PID=5334) to work on /home/airflow/.local/lib/python3.12/site-packages/airflow/example_dags/example_skip_dag.py
[2026-07-31T11:48:28.542+0000] {processor.py:830} INFO - Processing file /home/airflow/.local/lib/python3.12/site-packages/airflow/example_dags/example_skip_dag.py for tasks to queue
[2026-07-31T11:48:28.545+0000] {logging_mixin.py:188} INFO - [2026-07-31T11:48:28.544+0000] {dagbag.py:545} INFO - Filling up the DagBag from /home/airflow/.local/lib/python3.12/site-packages/airflow/example_dags/example_skip_dag.py
[2026-07-31T11:48:28.553+0000] {processor.py:840} INFO - DAG(s) 'example_skip_dag' retrieved from /home/airflow/.local/lib/python3.12/site-packages/airflow/example_dags/example_skip_dag.py
[2026-07-31T11:48:28.578+0000] {logging_mixin.py:188} INFO - [2026-07-31T11:48:28.577+0000] {dag.py:3089} INFO - Sync 1 DAGs
[2026-07-31T11:48:28.606+0000] {logging_mixin.py:188} INFO - [2026-07-31T11:48:28.605+0000] {dag.py:3947} INFO - Setting next_dagrun for example_skip_dag to 2026-07-30 00:00:00+00:00, run_after=2026-07-31 00:00:00+00:00
[2026-07-31T11:48:28.628+0000] {processor.py:183} INFO - Processing /home/airflow/.local/lib/python3.12/site-packages/airflow/example_dags/example_skip_dag.py took 0.094 seconds
[2026-07-31T11:48:58.805+0000] {processor.py:161} INFO - Started process (PID=5392) to work on /home/airflow/.local/lib/python3.12/site-packages/airflow/example_dags/example_skip_dag.py
[2026-07-31T11:48:58.807+0000] {processor.py:830} INFO - Processing file /home/airflow/.local/lib/python3.12/site-packages/airflow/example_dags/example_skip_dag.py for tasks to queue
[2026-07-31T11:48:58.810+0000] {logging_mixin.py:188} INFO - [2026-07-31T11:48:58.809+0000] {dagbag.py:545} INFO - Filling up the DagBag from /home/airflow/.local/lib/python3.12/site-packages/airflow/example_dags/example_skip_dag.py
[2026-07-31T11:48:58.820+0000] {processor.py:840} INFO - DAG(s) 'example_skip_dag' retrieved from /home/airflow/.local/lib/python3.12/site-packages/airflow/example_dags/example_skip_dag.py
[2026-07-31T11:48:58.859+0000] {logging_mixin.py:188} INFO - [2026-07-31T11:48:58.858+0000] {dag.py:3089} INFO - Sync 1 DAGs
[2026-07-31T11:48:58.888+0000] {logging_mixin.py:188} INFO - [2026-07-31T11:48:58.888+0000] {dag.py:3947} INFO - Setting next_dagrun for example_skip_dag to 2026-07-30 00:00:00+00:00, run_after=2026-07-31 00:00:00+00:00
[2026-07-31T11:48:58.915+0000] {processor.py:183} INFO - Processing /home/airflow/.local/lib/python3.12/site-packages/airflow/example_dags/example_skip_dag.py took 0.117 seconds
[2026-07-31T11:49:29.410+0000] {processor.py:161} INFO - Started process (PID=5450) to work on /home/airflow/.local/lib/python3.12/site-packages/airflow/example_dags/example_skip_dag.py
[2026-07-31T11:49:29.411+0000] {processor.py:830} INFO - Processing file /home/airflow/.local/lib/python3.12/site-packages/airflow/example_dags/example_skip_dag.py for tasks to queue
[2026-07-31T11:49:29.414+0000] {logging_mixin.py:188} INFO - [2026-07-31T11:49:29.414+0000] {dagbag.py:545} INFO - Filling up the DagBag from /home/airflow/.local/lib/python3.12/site-packages/airflow/example_dags/example_skip_dag.py
[2026-07-31T11:49:29.422+0000] {processor.py:840} INFO - DAG(s) 'example_skip_dag' retrieved from /home/airflow/.local/lib/python3.12/site-packages/airflow/example_dags/example_skip_dag.py
[2026-07-31T11:49:29.449+0000] {logging_mixin.py:188} INFO - [2026-07-31T11:49:29.449+0000] {dag.py:3089} INFO - Sync 1 DAGs
[2026-07-31T11:49:29.477+0000] {logging_mixin.py:188} INFO - [2026-07-31T11:49:29.476+0000] {dag.py:3947} INFO - Setting next_dagrun for example_skip_dag to 2026-07-30 00:00:00+00:00, run_after=2026-07-31 00:00:00+00:00
[2026-07-31T11:49:29.500+0000] {processor.py:183} INFO - Processing /home/airflow/.local/lib/python3.12/site-packages/airflow/example_dags/example_skip_dag.py took 0.098 seconds
[2026-07-31T11:50:00.089+0000] {processor.py:161} INFO - Started process (PID=5508) to work on /home/airflow/.local/lib/python3.12/site-packages/airflow/example_dags/example_skip_dag.py
[2026-07-31T11:50:00.091+0000] {processor.py:830} INFO - Processing file /home/airflow/.local/lib/python3.12/site-packages/airflow/example_dags/example_skip_dag.py for tasks to queue
[2026-07-31T11:50:00.094+0000] {logging_mixin.py:188} INFO - [2026-07-31T11:50:00.093+0000] {dagbag.py:545} INFO - Filling up the DagBag from /home/airflow/.local/lib/python3.12/site-packages/airflow/example_dags/example_skip_dag.py
[2026-07-31T11:50:00.103+0000] {processor.py:840} INFO - DAG(s) 'example_skip_dag' retrieved from /home/airflow/.local/lib/python3.12/site-packages/airflow/example_dags/example_skip_dag.py
[2026-07-31T11:50:00.137+0000] {logging_mixin.py:188} INFO - [2026-07-31T11:50:00.136+0000] {dag.py:3089} INFO - Sync 1 DAGs
[2026-07-31T11:50:00.172+0000] {logging_mixin.py:188} INFO - [2026-07-31T11:50:00.172+0000] {dag.py:3947} INFO - Setting next_dagrun for example_skip_dag to 2026-07-30 00:00:00+00:00, run_after=2026-07-31 00:00:00+00:00
[2026-07-31T11:50:00.198+0000] {processor.py:183} INFO - Processing /home/airflow/.local/lib/python3.12/site-packages/airflow/example_dags/example_skip_dag.py took 0.118 seconds
[2026-07-31T11:50:30.547+0000] {processor.py:161} INFO - Started process (PID=5566) to work on /home/airflow/.local/lib/python3.12/site-packages/airflow/example_dags/example_skip_dag.py
[2026-07-31T11:50:30.550+0000] {processor.py:830} INFO - Processing file /home/airflow/.local/lib/python3.12/site-packages/airflow/example_dags/example_skip_dag.py for tasks to queue
[2026-07-31T11:50:30.552+0000] {logging_mixin.py:188} INFO - [2026-07-31T11:50:30.552+0000] {dagbag.py:545} INFO - Filling up the DagBag from /home/airflow/.local/lib/python3.12/site-packages/airflow/example_dags/example_skip_dag.py
[2026-07-31T11:50:30.560+0000] {processor.py:840} INFO - DAG(s) 'example_skip_dag' retrieved from /home/airflow/.local/lib/python3.12/site-packages/airflow/example_dags/example_skip_dag.py
[2026-07-31T11:50:30.585+0000] {logging_mixin.py:188} INFO - [2026-07-31T11:50:30.585+0000] {dag.py:3089} INFO - Sync 1 DAGs
[2026-07-31T11:50:30.618+0000] {logging_mixin.py:188} INFO - [2026-07-31T11:50:30.618+0000] {dag.py:3947} INFO - Setting next_dagrun for example_skip_dag to 2026-07-30 00:00:00+00:00, run_after=2026-07-31 00:00:00+00:00
[2026-07-31T11:50:30.649+0000] {processor.py:183} INFO - Processing /home/airflow/.local/lib/python3.12/site-packages/airflow/example_dags/example_skip_dag.py took 0.109 seconds
[2026-07-31T11:51:00.880+0000] {processor.py:161} INFO - Started process (PID=5624) to work on /home/airflow/.local/lib/python3.12/site-packages/airflow/example_dags/example_skip_dag.py
[2026-07-31T11:51:00.881+0000] {processor.py:830} INFO - Processing file /home/airflow/.local/lib/python3.12/site-packages/airflow/example_dags/example_skip_dag.py for tasks to queue
[2026-07-31T11:51:00.884+0000] {logging_mixin.py:188} INFO - [2026-07-31T11:51:00.884+0000] {dagbag.py:545} INFO - Filling up the DagBag from /home/airflow/.local/lib/python3.12/site-packages/airflow/example_dags/example_skip_dag.py
[2026-07-31T11:51:00.892+0000] {processor.py:840} INFO - DAG(s) 'example_skip_dag' retrieved from /home/airflow/.local/lib/python3.12/site-packages/airflow/example_dags/example_skip_dag.py
[2026-07-31T11:51:00.917+0000] {logging_mixin.py:188} INFO - [2026-07-31T11:51:00.917+0000] {dag.py:3089} INFO - Sync 1 DAGs
[2026-07-31T11:51:00.942+0000] {logging_mixin.py:188} INFO - [2026-07-31T11:51:00.942+0000] {dag.py:3947} INFO - Setting next_dagrun for example_skip_dag to 2026-07-30 00:00:00+00:00, run_after=2026-07-31 00:00:00+00:00
[2026-07-31T11:51:00.965+0000] {processor.py:183} INFO - Processing /home/airflow/.local/lib/python3.12/site-packages/airflow/example_dags/example_skip_dag.py took 0.092 seconds
[2026-07-31T11:51:31.016+0000] {processor.py:161} INFO - Started process (PID=5682) to work on /home/airflow/.local/lib/python3.12/site-packages/airflow/example_dags/example_skip_dag.py
[2026-07-31T11:51:31.017+0000] {processor.py:830} INFO - Processing file /home/airflow/.local/lib/python3.12/site-packages/airflow/example_dags/example_skip_dag.py for tasks to queue
[2026-07-31T11:51:31.020+0000] {logging_mixin.py:188} INFO - [2026-07-31T11:51:31.019+0000] {dagbag.py:545} INFO - Filling up the DagBag from /home/airflow/.local/lib/python3.12/site-packages/airflow/example_dags/example_skip_dag.py
[2026-07-31T11:51:31.030+0000] {processor.py:840} INFO - DAG(s) 'example_skip_dag' retrieved from /home/airflow/.local/lib/python3.12/site-packages/airflow/example_dags/example_skip_dag.py
[2026-07-31T11:51:31.055+0000] {logging_mixin.py:188} INFO - [2026-07-31T11:51:31.054+0000] {dag.py:3089} INFO - Sync 1 DAGs
[2026-07-31T11:51:31.084+0000] {logging_mixin.py:188} INFO - [2026-07-31T11:51:31.084+0000] {dag.py:3947} INFO - Setting next_dagrun for example_skip_dag to 2026-07-30 00:00:00+00:00, run_after=2026-07-31 00:00:00+00:00
[2026-07-31T11:51:31.112+0000] {processor.py:183} INFO - Processing /home/airflow/.local/lib/python3.12/site-packages/airflow/example_dags/example_skip_dag.py took 0.102 seconds
[2026-07-31T11:52:01.556+0000] {processor.py:161} INFO - Started process (PID=5739) to work on /home/airflow/.local/lib/python3.12/site-packages/airflow/example_dags/example_skip_dag.py
[2026-07-31T11:52:01.558+0000] {processor.py:830} INFO - Processing file /home/airflow/.local/lib/python3.12/site-packages/airflow/example_dags/example_skip_dag.py for tasks to queue
[2026-07-31T11:52:01.560+0000] {logging_mixin.py:188} INFO - [2026-07-31T11:52:01.560+0000] {dagbag.py:545} INFO - Filling up the DagBag from /home/airflow/.local/lib/python3.12/site-packages/airflow/example_dags/example_skip_dag.py
[2026-07-31T11:52:01.568+0000] {processor.py:840} INFO - DAG(s) 'example_skip_dag' retrieved from /home/airflow/.local/lib/python3.12/site-packages/airflow/example_dags/example_skip_dag.py
[2026-07-31T11:52:01.599+0000] {logging_mixin.py:188} INFO - [2026-07-31T11:52:01.598+0000] {dag.py:3089} INFO - Sync 1 DAGs
[2026-07-31T11:52:01.631+0000] {logging_mixin.py:188} INFO - [2026-07-31T11:52:01.630+0000] {dag.py:3947} INFO - Setting next_dagrun for example_skip_dag to 2026-07-30 00:00:00+00:00, run_after=2026-07-31 00:00:00+00:00
[2026-07-31T11:52:01.658+0000] {processor.py:183} INFO - Processing /home/airflow/.local/lib/python3.12/site-packages/airflow/example_dags/example_skip_dag.py took 0.110 seconds
[2026-07-31T11:52:32.040+0000] {processor.py:161} INFO - Started process (PID=5797) to work on /home/airflow/.local/lib/python3.12/site-packages/airflow/example_dags/example_skip_dag.py
[2026-07-31T11:52:32.041+0000] {processor.py:830} INFO - Processing file /home/airflow/.local/lib/python3.12/site-packages/airflow/example_dags/example_skip_dag.py for tasks to queue
[2026-07-31T11:52:32.044+0000] {logging_mixin.py:188} INFO - [2026-07-31T11:52:32.043+0000] {dagbag.py:545} INFO - Filling up the DagBag from /home/airflow/.local/lib/python3.12/site-packages/airflow/example_dags/example_skip_dag.py
[2026-07-31T11:52:32.052+0000] {processor.py:840} INFO - DAG(s) 'example_skip_dag' retrieved from /home/airflow/.local/lib/python3.12/site-packages/airflow/example_dags/example_skip_dag.py
[2026-07-31T11:52:32.087+0000] {logging_mixin.py:188} INFO - [2026-07-31T11:52:32.087+0000] {dag.py:3089} INFO - Sync 1 DAGs
[2026-07-31T11:52:32.134+0000] {logging_mixin.py:188} INFO - [2026-07-31T11:52:32.133+0000] {dag.py:3947} INFO - Setting next_dagrun for example_skip_dag to 2026-07-30 00:00:00+00:00, run_after=2026-07-31 00:00:00+00:00
[2026-07-31T11:52:32.167+0000] {processor.py:183} INFO - Processing /home/airflow/.local/lib/python3.12/site-packages/airflow/example_dags/example_skip_dag.py took 0.138 seconds
[2026-07-31T11:53:02.670+0000] {processor.py:161} INFO - Started process (PID=5855) to work on /home/airflow/.local/lib/python3.12/site-packages/airflow/example_dags/example_skip_dag.py
[2026-07-31T11:53:02.671+0000] {processor.py:830} INFO - Processing file /home/airflow/.local/lib/python3.12/site-packages/airflow/example_dags/example_skip_dag.py for tasks to queue
[2026-07-31T11:53:02.673+0000] {logging_mixin.py:188} INFO - [2026-07-31T11:53:02.673+0000] {dagbag.py:545} INFO - Filling up the DagBag from /home/airflow/.local/lib/python3.12/site-packages/airflow/example_dags/example_skip_dag.py
[2026-07-31T11:53:02.681+0000] {processor.py:840} INFO - DAG(s) 'example_skip_dag' retrieved from /home/airflow/.local/lib/python3.12/site-packages/airflow/example_dags/example_skip_dag.py
[2026-07-31T11:53:02.707+0000] {logging_mixin.py:188} INFO - [2026-07-31T11:53:02.707+0000] {dag.py:3089} INFO - Sync 1 DAGs
[2026-07-31T11:53:02.737+0000] {logging_mixin.py:188} INFO - [2026-07-31T11:53:02.737+0000] {dag.py:3947} INFO - Setting next_dagrun for example_skip_dag to 2026-07-30 00:00:00+00:00, run_after=2026-07-31 00:00:00+00:00
[2026-07-31T11:53:02.764+0000] {processor.py:183} INFO - Processing /home/airflow/.local/lib/python3.12/site-packages/airflow/example_dags/example_skip_dag.py took 0.101 seconds
[2026-07-31T11:53:33.491+0000] {processor.py:161} INFO - Started process (PID=5913) to work on /home/airflow/.local/lib/python3.12/site-packages/airflow/example_dags/example_skip_dag.py
[2026-07-31T11:53:33.493+0000] {processor.py:830} INFO - Processing file /home/airflow/.local/lib/python3.12/site-packages/airflow/example_dags/example_skip_dag.py for tasks to queue
[2026-07-31T11:53:33.497+0000] {logging_mixin.py:188} INFO - [2026-07-31T11:53:33.496+0000] {dagbag.py:545} INFO - Filling up the DagBag from /home/airflow/.local/lib/python3.12/site-packages/airflow/example_dags/example_skip_dag.py
[2026-07-31T11:53:33.504+0000] {processor.py:840} INFO - DAG(s) 'example_skip_dag' retrieved from /home/airflow/.local/lib/python3.12/site-packages/airflow/example_dags/example_skip_dag.py
[2026-07-31T11:53:33.529+0000] {logging_mixin.py:188} INFO - [2026-07-31T11:53:33.528+0000] {dag.py:3089} INFO - Sync 1 DAGs
[2026-07-31T11:53:33.555+0000] {logging_mixin.py:188} INFO - [2026-07-31T11:53:33.555+0000] {dag.py:3947} INFO - Setting next_dagrun for example_skip_dag to 2026-07-30 00:00:00+00:00, run_after=2026-07-31 00:00:00+00:00
[2026-07-31T11:53:33.581+0000] {processor.py:183} INFO - Processing /home/airflow/.local/lib/python3.12/site-packages/airflow/example_dags/example_skip_dag.py took 0.099 seconds
[2026-07-31T11:54:04.126+0000] {processor.py:161} INFO - Started process (PID=5971) to work on /home/airflow/.local/lib/python3.12/site-packages/airflow/example_dags/example_skip_dag.py
[2026-07-31T11:54:04.128+0000] {processor.py:830} INFO - Processing file /home/airflow/.local/lib/python3.12/site-packages/airflow/example_dags/example_skip_dag.py for tasks to queue
[2026-07-31T11:54:04.130+0000] {logging_mixin.py:188} INFO - [2026-07-31T11:54:04.130+0000] {dagbag.py:545} INFO - Filling up the DagBag from /home/airflow/.local/lib/python3.12/site-packages/airflow/example_dags/example_skip_dag.py
[2026-07-31T11:54:04.139+0000] {processor.py:840} INFO - DAG(s) 'example_skip_dag' retrieved from /home/airflow/.local/lib/python3.12/site-packages/airflow/example_dags/example_skip_dag.py
[2026-07-31T11:54:04.368+0000] {logging_mixin.py:188} INFO - [2026-07-31T11:54:04.367+0000] {dag.py:3089} INFO - Sync 1 DAGs
[2026-07-31T11:54:04.399+0000] {logging_mixin.py:188} INFO - [2026-07-31T11:54:04.399+0000] {dag.py:3947} INFO - Setting next_dagrun for example_skip_dag to 2026-07-30 00:00:00+00:00, run_after=2026-07-31 00:00:00+00:00
[2026-07-31T11:54:04.423+0000] {processor.py:183} INFO - Processing /home/airflow/.local/lib/python3.12/site-packages/airflow/example_dags/example_skip_dag.py took 0.303 seconds
[2026-07-31T11:54:34.474+0000] {processor.py:161} INFO - Started process (PID=6030) to work on /home/airflow/.local/lib/python3.12/site-packages/airflow/example_dags/example_skip_dag.py
[2026-07-31T11:54:34.476+0000] {processor.py:830} INFO - Processing file /home/airflow/.local/lib/python3.12/site-packages/airflow/example_dags/example_skip_dag.py for tasks to queue
[2026-07-31T11:54:34.478+0000] {logging_mixin.py:188} INFO - [2026-07-31T11:54:34.478+0000] {dagbag.py:545} INFO - Filling up the DagBag from /home/airflow/.local/lib/python3.12/site-packages/airflow/example_dags/example_skip_dag.py
[2026-07-31T11:54:34.486+0000] {processor.py:840} INFO - DAG(s) 'example_skip_dag' retrieved from /home/airflow/.local/lib/python3.12/site-packages/airflow/example_dags/example_skip_dag.py
[2026-07-31T11:54:34.512+0000] {logging_mixin.py:188} INFO - [2026-07-31T11:54:34.511+0000] {dag.py:3089} INFO - Sync 1 DAGs
[2026-07-31T11:54:34.540+0000] {logging_mixin.py:188} INFO - [2026-07-31T11:54:34.539+0000] {dag.py:3947} INFO - Setting next_dagrun for example_skip_dag to 2026-07-30 00:00:00+00:00, run_after=2026-07-31 00:00:00+00:00
[2026-07-31T11:54:34.564+0000] {processor.py:183} INFO - Processing /home/airflow/.local/lib/python3.12/site-packages/airflow/example_dags/example_skip_dag.py took 0.098 seconds
[2026-07-31T11:55:04.908+0000] {processor.py:161} INFO - Started process (PID=6088) to work on /home/airflow/.local/lib/python3.12/site-packages/airflow/example_dags/example_skip_dag.py
[2026-07-31T11:55:04.910+0000] {processor.py:830} INFO - Processing file /home/airflow/.local/lib/python3.12/site-packages/airflow/example_dags/example_skip_dag.py for tasks to queue
[2026-07-31T11:55:04.914+0000] {logging_mixin.py:188} INFO - [2026-07-31T11:55:04.913+0000] {dagbag.py:545} INFO - Filling up the DagBag from /home/airflow/.local/lib/python3.12/site-packages/airflow/example_dags/example_skip_dag.py
[2026-07-31T11:55:04.922+0000] {processor.py:840} INFO - DAG(s) 'example_skip_dag' retrieved from /home/airflow/.local/lib/python3.12/site-packages/airflow/example_dags/example_skip_dag.py
[2026-07-31T11:55:04.947+0000] {logging_mixin.py:188} INFO - [2026-07-31T11:55:04.946+0000] {dag.py:3089} INFO - Sync 1 DAGs
[2026-07-31T11:55:04.977+0000] {logging_mixin.py:188} INFO - [2026-07-31T11:55:04.976+0000] {dag.py:3947} INFO - Setting next_dagrun for example_skip_dag to 2026-07-30 00:00:00+00:00, run_after=2026-07-31 00:00:00+00:00
[2026-07-31T11:55:05.003+0000] {processor.py:183} INFO - Processing /home/airflow/.local/lib/python3.12/site-packages/airflow/example_dags/example_skip_dag.py took 0.107 seconds
[2026-07-31T11:55:35.499+0000] {processor.py:161} INFO - Started process (PID=6146) to work on /home/airflow/.local/lib/python3.12/site-packages/airflow/example_dags/example_skip_dag.py
[2026-07-31T11:55:35.500+0000] {processor.py:830} INFO - Processing file /home/airflow/.local/lib/python3.12/site-packages/airflow/example_dags/example_skip_dag.py for tasks to queue
[2026-07-31T11:55:35.503+0000] {logging_mixin.py:188} INFO - [2026-07-31T11:55:35.502+0000] {dagbag.py:545} INFO - Filling up the DagBag from /home/airflow/.local/lib/python3.12/site-packages/airflow/example_dags/example_skip_dag.py
[2026-07-31T11:55:35.513+0000] {processor.py:840} INFO - DAG(s) 'example_skip_dag' retrieved from /home/airflow/.local/lib/python3.12/site-packages/airflow/example_dags/example_skip_dag.py
[2026-07-31T11:55:35.550+0000] {logging_mixin.py:188} INFO - [2026-07-31T11:55:35.549+0000] {dag.py:3089} INFO - Sync 1 DAGs
[2026-07-31T11:55:35.582+0000] {logging_mixin.py:188} INFO - [2026-07-31T11:55:35.582+0000] {dag.py:3947} INFO - Setting next_dagrun for example_skip_dag to 2026-07-30 00:00:00+00:00, run_after=2026-07-31 00:00:00+00:00
[2026-07-31T11:55:35.608+0000] {processor.py:183} INFO - Processing /home/airflow/.local/lib/python3.12/site-packages/airflow/example_dags/example_skip_dag.py took 0.119 seconds
[2026-07-31T11:56:06.088+0000] {processor.py:161} INFO - Started process (PID=6205) to work on /home/airflow/.local/lib/python3.12/site-packages/airflow/example_dags/example_skip_dag.py
[2026-07-31T11:56:06.090+0000] {processor.py:830} INFO - Processing file /home/airflow/.local/lib/python3.12/site-packages/airflow/example_dags/example_skip_dag.py for tasks to queue
[2026-07-31T11:56:06.094+0000] {logging_mixin.py:188} INFO - [2026-07-31T11:56:06.093+0000] {dagbag.py:545} INFO - Filling up the DagBag from /home/airflow/.local/lib/python3.12/site-packages/airflow/example_dags/example_skip_dag.py
[2026-07-31T11:56:06.104+0000] {processor.py:840} INFO - DAG(s) 'example_skip_dag' retrieved from /home/airflow/.local/lib/python3.12/site-packages/airflow/example_dags/example_skip_dag.py
[2026-07-31T11:56:06.136+0000] {logging_mixin.py:188} INFO - [2026-07-31T11:56:06.136+0000] {dag.py:3089} INFO - Sync 1 DAGs
[2026-07-31T11:56:06.165+0000] {logging_mixin.py:188} INFO - [2026-07-31T11:56:06.165+0000] {dag.py:3947} INFO - Setting next_dagrun for example_skip_dag to 2026-07-30 00:00:00+00:00, run_after=2026-07-31 00:00:00+00:00
[2026-07-31T11:56:06.188+0000] {processor.py:183} INFO - Processing /home/airflow/.local/lib/python3.12/site-packages/airflow/example_dags/example_skip_dag.py took 0.112 seconds
[2026-07-31T11:56:36.707+0000] {processor.py:161} INFO - Started process (PID=6263) to work on /home/airflow/.local/lib/python3.12/site-packages/airflow/example_dags/example_skip_dag.py
[2026-07-31T11:56:36.708+0000] {processor.py:830} INFO - Processing file /home/airflow/.local/lib/python3.12/site-packages/airflow/example_dags/example_skip_dag.py for tasks to queue
[2026-07-31T11:56:36.711+0000] {logging_mixin.py:188} INFO - [2026-07-31T11:56:36.710+0000] {dagbag.py:545} INFO - Filling up the DagBag from /home/airflow/.local/lib/python3.12/site-packages/airflow/example_dags/example_skip_dag.py
[2026-07-31T11:56:36.719+0000] {processor.py:840} INFO - DAG(s) 'example_skip_dag' retrieved from /home/airflow/.local/lib/python3.12/site-packages/airflow/example_dags/example_skip_dag.py
[2026-07-31T11:56:36.745+0000] {logging_mixin.py:188} INFO - [2026-07-31T11:56:36.745+0000] {dag.py:3089} INFO - Sync 1 DAGs
[2026-07-31T11:56:36.774+0000] {logging_mixin.py:188} INFO - [2026-07-31T11:56:36.773+0000] {dag.py:3947} INFO - Setting next_dagrun for example_skip_dag to 2026-07-30 00:00:00+00:00, run_after=2026-07-31 00:00:00+00:00
[2026-07-31T11:56:36.799+0000] {processor.py:183} INFO - Processing /home/airflow/.local/lib/python3.12/site-packages/airflow/example_dags/example_skip_dag.py took 0.100 seconds
[2026-07-31T11:57:07.783+0000] {processor.py:161} INFO - Started process (PID=6321) to work on /home/airflow/.local/lib/python3.12/site-packages/airflow/example_dags/example_skip_dag.py
[2026-07-31T11:57:07.812+0000] {processor.py:830} INFO - Processing file /home/airflow/.local/lib/python3.12/site-packages/airflow/example_dags/example_skip_dag.py for tasks to queue
[2026-07-31T11:57:07.845+0000] {logging_mixin.py:188} INFO - [2026-07-31T11:57:07.838+0000] {dagbag.py:545} INFO - Filling up the DagBag from /home/airflow/.local/lib/python3.12/site-packages/airflow/example_dags/example_skip_dag.py
[2026-07-31T11:57:07.898+0000] {processor.py:840} INFO - DAG(s) 'example_skip_dag' retrieved from /home/airflow/.local/lib/python3.12/site-packages/airflow/example_dags/example_skip_dag.py
[2026-07-31T11:57:08.041+0000] {logging_mixin.py:188} INFO - [2026-07-31T11:57:08.040+0000] {dag.py:3089} INFO - Sync 1 DAGs
[2026-07-31T11:57:08.244+0000] {logging_mixin.py:188} INFO - [2026-07-31T11:57:08.243+0000] {dag.py:3947} INFO - Setting next_dagrun for example_skip_dag to 2026-07-30 00:00:00+00:00, run_after=2026-07-31 00:00:00+00:00
[2026-07-31T11:57:08.570+0000] {processor.py:183} INFO - Processing /home/airflow/.local/lib/python3.12/site-packages/airflow/example_dags/example_skip_dag.py took 0.821 seconds
[2026-07-31T11:57:39.582+0000] {processor.py:161} INFO - Started process (PID=6379) to work on /home/airflow/.local/lib/python3.12/site-packages/airflow/example_dags/example_skip_dag.py
[2026-07-31T11:57:39.587+0000] {processor.py:830} INFO - Processing file /home/airflow/.local/lib/python3.12/site-packages/airflow/example_dags/example_skip_dag.py for tasks to queue
[2026-07-31T11:57:39.598+0000] {logging_mixin.py:188} INFO - [2026-07-31T11:57:39.596+0000] {dagbag.py:545} INFO - Filling up the DagBag from /home/airflow/.local/lib/python3.12/site-packages/airflow/example_dags/example_skip_dag.py
[2026-07-31T11:57:39.633+0000] {processor.py:840} INFO - DAG(s) 'example_skip_dag' retrieved from /home/airflow/.local/lib/python3.12/site-packages/airflow/example_dags/example_skip_dag.py
[2026-07-31T11:57:39.714+0000] {logging_mixin.py:188} INFO - [2026-07-31T11:57:39.713+0000] {dag.py:3089} INFO - Sync 1 DAGs
[2026-07-31T11:57:39.809+0000] {logging_mixin.py:188} INFO - [2026-07-31T11:57:39.808+0000] {dag.py:3947} INFO - Setting next_dagrun for example_skip_dag to 2026-07-30 00:00:00+00:00, run_after=2026-07-31 00:00:00+00:00
[2026-07-31T11:57:39.878+0000] {processor.py:183} INFO - Processing /home/airflow/.local/lib/python3.12/site-packages/airflow/example_dags/example_skip_dag.py took 0.335 seconds
[2026-07-31T11:58:10.518+0000] {processor.py:161} INFO - Started process (PID=6438) to work on /home/airflow/.local/lib/python3.12/site-packages/airflow/example_dags/example_skip_dag.py
[2026-07-31T11:58:10.520+0000] {processor.py:830} INFO - Processing file /home/airflow/.local/lib/python3.12/site-packages/airflow/example_dags/example_skip_dag.py for tasks to queue
[2026-07-31T11:58:10.522+0000] {logging_mixin.py:188} INFO - [2026-07-31T11:58:10.522+0000] {dagbag.py:545} INFO - Filling up the DagBag from /home/airflow/.local/lib/python3.12/site-packages/airflow/example_dags/example_skip_dag.py
[2026-07-31T11:58:10.529+0000] {processor.py:840} INFO - DAG(s) 'example_skip_dag' retrieved from /home/airflow/.local/lib/python3.12/site-packages/airflow/example_dags/example_skip_dag.py
[2026-07-31T11:58:10.553+0000] {logging_mixin.py:188} INFO - [2026-07-31T11:58:10.553+0000] {dag.py:3089} INFO - Sync 1 DAGs
[2026-07-31T11:58:10.581+0000] {logging_mixin.py:188} INFO - [2026-07-31T11:58:10.581+0000] {dag.py:3947} INFO - Setting next_dagrun for example_skip_dag to 2026-07-30 00:00:00+00:00, run_after=2026-07-31 00:00:00+00:00
[2026-07-31T11:58:10.610+0000] {processor.py:183} INFO - Processing /home/airflow/.local/lib/python3.12/site-packages/airflow/example_dags/example_skip_dag.py took 0.098 seconds
[2026-07-31T11:58:41.175+0000] {processor.py:161} INFO - Started process (PID=6496) to work on /home/airflow/.local/lib/python3.12/site-packages/airflow/example_dags/example_skip_dag.py
[2026-07-31T11:58:41.177+0000] {processor.py:830} INFO - Processing file /home/airflow/.local/lib/python3.12/site-packages/airflow/example_dags/example_skip_dag.py for tasks to queue
[2026-07-31T11:58:41.179+0000] {logging_mixin.py:188} INFO - [2026-07-31T11:58:41.179+0000] {dagbag.py:545} INFO - Filling up the DagBag from /home/airflow/.local/lib/python3.12/site-packages/airflow/example_dags/example_skip_dag.py
[2026-07-31T11:58:41.188+0000] {processor.py:840} INFO - DAG(s) 'example_skip_dag' retrieved from /home/airflow/.local/lib/python3.12/site-packages/airflow/example_dags/example_skip_dag.py
[2026-07-31T11:58:41.216+0000] {logging_mixin.py:188} INFO - [2026-07-31T11:58:41.216+0000] {dag.py:3089} INFO - Sync 1 DAGs
[2026-07-31T11:58:41.247+0000] {logging_mixin.py:188} INFO - [2026-07-31T11:58:41.247+0000] {dag.py:3947} INFO - Setting next_dagrun for example_skip_dag to 2026-07-30 00:00:00+00:00, run_after=2026-07-31 00:00:00+00:00
[2026-07-31T11:58:41.273+0000] {processor.py:183} INFO - Processing /home/airflow/.local/lib/python3.12/site-packages/airflow/example_dags/example_skip_dag.py took 0.104 seconds
[2026-07-31T11:59:11.925+0000] {processor.py:161} INFO - Started process (PID=6554) to work on /home/airflow/.local/lib/python3.12/site-packages/airflow/example_dags/example_skip_dag.py
[2026-07-31T11:59:11.928+0000] {processor.py:830} INFO - Processing file /home/airflow/.local/lib/python3.12/site-packages/airflow/example_dags/example_skip_dag.py for tasks to queue
[2026-07-31T11:59:11.933+0000] {logging_mixin.py:188} INFO - [2026-07-31T11:59:11.932+0000] {dagbag.py:545} INFO - Filling up the DagBag from /home/airflow/.local/lib/python3.12/site-packages/airflow/example_dags/example_skip_dag.py
[2026-07-31T11:59:11.952+0000] {processor.py:840} INFO - DAG(s) 'example_skip_dag' retrieved from /home/airflow/.local/lib/python3.12/site-packages/airflow/example_dags/example_skip_dag.py
[2026-07-31T11:59:11.990+0000] {logging_mixin.py:188} INFO - [2026-07-31T11:59:11.990+0000] {dag.py:3089} INFO - Sync 1 DAGs
[2026-07-31T11:59:12.032+0000] {logging_mixin.py:188} INFO - [2026-07-31T11:59:12.031+0000] {dag.py:3947} INFO - Setting next_dagrun for example_skip_dag to 2026-07-30 00:00:00+00:00, run_after=2026-07-31 00:00:00+00:00
[2026-07-31T11:59:12.065+0000] {processor.py:183} INFO - Processing /home/airflow/.local/lib/python3.12/site-packages/airflow/example_dags/example_skip_dag.py took 0.155 seconds
[2026-07-31T11:59:42.522+0000] {processor.py:161} INFO - Started process (PID=6612) to work on /home/airflow/.local/lib/python3.12/site-packages/airflow/example_dags/example_skip_dag.py
[2026-07-31T11:59:42.523+0000] {processor.py:830} INFO - Processing file /home/airflow/.local/lib/python3.12/site-packages/airflow/example_dags/example_skip_dag.py for tasks to queue
[2026-07-31T11:59:42.526+0000] {logging_mixin.py:188} INFO - [2026-07-31T11:59:42.526+0000] {dagbag.py:545} INFO - Filling up the DagBag from /home/airflow/.local/lib/python3.12/site-packages/airflow/example_dags/example_skip_dag.py
[2026-07-31T11:59:42.535+0000] {processor.py:840} INFO - DAG(s) 'example_skip_dag' retrieved from /home/airflow/.local/lib/python3.12/site-packages/airflow/example_dags/example_skip_dag.py
[2026-07-31T11:59:42.559+0000] {logging_mixin.py:188} INFO - [2026-07-31T11:59:42.559+0000] {dag.py:3089} INFO - Sync 1 DAGs
[2026-07-31T11:59:42.587+0000] {logging_mixin.py:188} INFO - [2026-07-31T11:59:42.587+0000] {dag.py:3947} INFO - Setting next_dagrun for example_skip_dag to 2026-07-30 00:00:00+00:00, run_after=2026-07-31 00:00:00+00:00
[2026-07-31T11:59:42.612+0000] {processor.py:183} INFO - Processing /home/airflow/.local/lib/python3.12/site-packages/airflow/example_dags/example_skip_dag.py took 0.097 seconds
[2026-07-31T12:00:12.834+0000] {processor.py:161} INFO - Started process (PID=6670) to work on /home/airflow/.local/lib/python3.12/site-packages/airflow/example_dags/example_skip_dag.py
[2026-07-31T12:00:12.836+0000] {processor.py:830} INFO - Processing file /home/airflow/.local/lib/python3.12/site-packages/airflow/example_dags/example_skip_dag.py for tasks to queue
[2026-07-31T12:00:12.840+0000] {logging_mixin.py:188} INFO - [2026-07-31T12:00:12.839+0000] {dagbag.py:545} INFO - Filling up the DagBag from /home/airflow/.local/lib/python3.12/site-packages/airflow/example_dags/example_skip_dag.py
[2026-07-31T12:00:12.851+0000] {processor.py:840} INFO - DAG(s) 'example_skip_dag' retrieved from /home/airflow/.local/lib/python3.12/site-packages/airflow/example_dags/example_skip_dag.py
[2026-07-31T12:00:12.881+0000] {logging_mixin.py:188} INFO - [2026-07-31T12:00:12.880+0000] {dag.py:3089} INFO - Sync 1 DAGs
[2026-07-31T12:00:12.911+0000] {logging_mixin.py:188} INFO - [2026-07-31T12:00:12.911+0000] {dag.py:3947} INFO - Setting next_dagrun for example_skip_dag to 2026-07-30 00:00:00+00:00, run_after=2026-07-31 00:00:00+00:00
[2026-07-31T12:00:12.940+0000] {processor.py:183} INFO - Processing /home/airflow/.local/lib/python3.12/site-packages/airflow/example_dags/example_skip_dag.py took 0.117 seconds
[2026-07-31T12:00:43.242+0000] {processor.py:161} INFO - Started process (PID=6728) to work on /home/airflow/.local/lib/python3.12/site-packages/airflow/example_dags/example_skip_dag.py
[2026-07-31T12:00:43.244+0000] {processor.py:830} INFO - Processing file /home/airflow/.local/lib/python3.12/site-packages/airflow/example_dags/example_skip_dag.py for tasks to queue
[2026-07-31T12:00:43.246+0000] {logging_mixin.py:188} INFO - [2026-07-31T12:00:43.246+0000] {dagbag.py:545} INFO - Filling up the DagBag from /home/airflow/.local/lib/python3.12/site-packages/airflow/example_dags/example_skip_dag.py
[2026-07-31T12:00:43.253+0000] {processor.py:840} INFO - DAG(s) 'example_skip_dag' retrieved from /home/airflow/.local/lib/python3.12/site-packages/airflow/example_dags/example_skip_dag.py
[2026-07-31T12:00:43.280+0000] {logging_mixin.py:188} INFO - [2026-07-31T12:00:43.280+0000] {dag.py:3089} INFO - Sync 1 DAGs
[2026-07-31T12:00:43.311+0000] {logging_mixin.py:188} INFO - [2026-07-31T12:00:43.310+0000] {dag.py:3947} INFO - Setting next_dagrun for example_skip_dag to 2026-07-30 00:00:00+00:00, run_after=2026-07-31 00:00:00+00:00
[2026-07-31T12:00:43.337+0000] {processor.py:183} INFO - Processing /home/airflow/.local/lib/python3.12/site-packages/airflow/example_dags/example_skip_dag.py took 0.103 seconds
[2026-07-31T12:01:13.438+0000] {processor.py:161} INFO - Started process (PID=6786) to work on /home/airflow/.local/lib/python3.12/site-packages/airflow/example_dags/example_skip_dag.py
[2026-07-31T12:01:13.439+0000] {processor.py:830} INFO - Processing file /home/airflow/.local/lib/python3.12/site-packages/airflow/example_dags/example_skip_dag.py for tasks to queue
[2026-07-31T12:01:13.441+0000] {logging_mixin.py:188} INFO - [2026-07-31T12:01:13.441+0000] {dagbag.py:545} INFO - Filling up the DagBag from /home/airflow/.local/lib/python3.12/site-packages/airflow/example_dags/example_skip_dag.py
[2026-07-31T12:01:13.449+0000] {processor.py:840} INFO - DAG(s) 'example_skip_dag' retrieved from /home/airflow/.local/lib/python3.12/site-packages/airflow/example_dags/example_skip_dag.py
[2026-07-31T12:01:13.474+0000] {logging_mixin.py:188} INFO - [2026-07-31T12:01:13.473+0000] {dag.py:3089} INFO - Sync 1 DAGs
[2026-07-31T12:01:13.502+0000] {logging_mixin.py:188} INFO - [2026-07-31T12:01:13.501+0000] {dag.py:3947} INFO - Setting next_dagrun for example_skip_dag to 2026-07-30 00:00:00+00:00, run_after=2026-07-31 00:00:00+00:00
[2026-07-31T12:01:13.525+0000] {processor.py:183} INFO - Processing /home/airflow/.local/lib/python3.12/site-packages/airflow/example_dags/example_skip_dag.py took 0.094 seconds
[2026-07-31T12:01:43.807+0000] {processor.py:161} INFO - Started process (PID=6844) to work on /home/airflow/.local/lib/python3.12/site-packages/airflow/example_dags/example_skip_dag.py
[2026-07-31T12:01:43.809+0000] {processor.py:830} INFO - Processing file /home/airflow/.local/lib/python3.12/site-packages/airflow/example_dags/example_skip_dag.py for tasks to queue
[2026-07-31T12:01:43.811+0000] {logging_mixin.py:188} INFO - [2026-07-31T12:01:43.811+0000] {dagbag.py:545} INFO - Filling up the DagBag from /home/airflow/.local/lib/python3.12/site-packages/airflow/example_dags/example_skip_dag.py
[2026-07-31T12:01:43.819+0000] {processor.py:840} INFO - DAG(s) 'example_skip_dag' retrieved from /home/airflow/.local/lib/python3.12/site-packages/airflow/example_dags/example_skip_dag.py
[2026-07-31T12:01:43.846+0000] {logging_mixin.py:188} INFO - [2026-07-31T12:01:43.845+0000] {dag.py:3089} INFO - Sync 1 DAGs
[2026-07-31T12:01:43.880+0000] {logging_mixin.py:188} INFO - [2026-07-31T12:01:43.879+0000] {dag.py:3947} INFO - Setting next_dagrun for example_skip_dag to 2026-07-30 00:00:00+00:00, run_after=2026-07-31 00:00:00+00:00
[2026-07-31T12:01:43.902+0000] {processor.py:183} INFO - Processing /home/airflow/.local/lib/python3.12/site-packages/airflow/example_dags/example_skip_dag.py took 0.103 seconds
[2026-07-31T12:02:14.249+0000] {processor.py:161} INFO - Started process (PID=6902) to work on /home/airflow/.local/lib/python3.12/site-packages/airflow/example_dags/example_skip_dag.py
[2026-07-31T12:02:14.253+0000] {processor.py:830} INFO - Processing file /home/airflow/.local/lib/python3.12/site-packages/airflow/example_dags/example_skip_dag.py for tasks to queue
[2026-07-31T12:02:14.260+0000] {logging_mixin.py:188} INFO - [2026-07-31T12:02:14.257+0000] {dagbag.py:545} INFO - Filling up the DagBag from /home/airflow/.local/lib/python3.12/site-packages/airflow/example_dags/example_skip_dag.py
[2026-07-31T12:02:14.279+0000] {processor.py:840} INFO - DAG(s) 'example_skip_dag' retrieved from /home/airflow/.local/lib/python3.12/site-packages/airflow/example_dags/example_skip_dag.py
[2026-07-31T12:02:14.316+0000] {logging_mixin.py:188} INFO - [2026-07-31T12:02:14.315+0000] {dag.py:3089} INFO - Sync 1 DAGs
[2026-07-31T12:02:14.357+0000] {logging_mixin.py:188} INFO - [2026-07-31T12:02:14.357+0000] {dag.py:3947} INFO - Setting next_dagrun for example_skip_dag to 2026-07-30 00:00:00+00:00, run_after=2026-07-31 00:00:00+00:00
[2026-07-31T12:02:14.407+0000] {processor.py:183} INFO - Processing /home/airflow/.local/lib/python3.12/site-packages/airflow/example_dags/example_skip_dag.py took 0.182 seconds
[2026-07-31T12:02:45.188+0000] {processor.py:161} INFO - Started process (PID=6959) to work on /home/airflow/.local/lib/python3.12/site-packages/airflow/example_dags/example_skip_dag.py
[2026-07-31T12:02:45.189+0000] {processor.py:830} INFO - Processing file /home/airflow/.local/lib/python3.12/site-packages/airflow/example_dags/example_skip_dag.py for tasks to queue
[2026-07-31T12:02:45.193+0000] {logging_mixin.py:188} INFO - [2026-07-31T12:02:45.192+0000] {dagbag.py:545} INFO - Filling up the DagBag from /home/airflow/.local/lib/python3.12/site-packages/airflow/example_dags/example_skip_dag.py
[2026-07-31T12:02:45.205+0000] {processor.py:840} INFO - DAG(s) 'example_skip_dag' retrieved from /home/airflow/.local/lib/python3.12/site-packages/airflow/example_dags/example_skip_dag.py
[2026-07-31T12:02:45.234+0000] {logging_mixin.py:188} INFO - [2026-07-31T12:02:45.233+0000] {dag.py:3089} INFO - Sync 1 DAGs
[2026-07-31T12:02:45.263+0000] {logging_mixin.py:188} INFO - [2026-07-31T12:02:45.263+0000] {dag.py:3947} INFO - Setting next_dagrun for example_skip_dag to 2026-07-30 00:00:00+00:00, run_after=2026-07-31 00:00:00+00:00
[2026-07-31T12:02:45.290+0000] {processor.py:183} INFO - Processing /home/airflow/.local/lib/python3.12/site-packages/airflow/example_dags/example_skip_dag.py took 0.110 seconds
[2026-07-31T12:03:16.003+0000] {processor.py:161} INFO - Started process (PID=7016) to work on /home/airflow/.local/lib/python3.12/site-packages/airflow/example_dags/example_skip_dag.py
[2026-07-31T12:03:16.004+0000] {processor.py:830} INFO - Processing file /home/airflow/.local/lib/python3.12/site-packages/airflow/example_dags/example_skip_dag.py for tasks to queue
[2026-07-31T12:03:16.010+0000] {logging_mixin.py:188} INFO - [2026-07-31T12:03:16.009+0000] {dagbag.py:545} INFO - Filling up the DagBag from /home/airflow/.local/lib/python3.12/site-packages/airflow/example_dags/example_skip_dag.py
[2026-07-31T12:03:16.018+0000] {processor.py:840} INFO - DAG(s) 'example_skip_dag' retrieved from /home/airflow/.local/lib/python3.12/site-packages/airflow/example_dags/example_skip_dag.py
[2026-07-31T12:03:16.048+0000] {logging_mixin.py:188} INFO - [2026-07-31T12:03:16.048+0000] {dag.py:3089} INFO - Sync 1 DAGs
[2026-07-31T12:03:16.083+0000] {logging_mixin.py:188} INFO - [2026-07-31T12:03:16.082+0000] {dag.py:3947} INFO - Setting next_dagrun for example_skip_dag to 2026-07-30 00:00:00+00:00, run_after=2026-07-31 00:00:00+00:00
[2026-07-31T12:03:16.107+0000] {processor.py:183} INFO - Processing /home/airflow/.local/lib/python3.12/site-packages/airflow/example_dags/example_skip_dag.py took 0.112 seconds
[2026-07-31T12:03:46.186+0000] {processor.py:161} INFO - Started process (PID=7074) to work on /home/airflow/.local/lib/python3.12/site-packages/airflow/example_dags/example_skip_dag.py
[2026-07-31T12:03:46.187+0000] {processor.py:830} INFO - Processing file /home/airflow/.local/lib/python3.12/site-packages/airflow/example_dags/example_skip_dag.py for tasks to queue
[2026-07-31T12:03:46.190+0000] {logging_mixin.py:188} INFO - [2026-07-31T12:03:46.189+0000] {dagbag.py:545} INFO - Filling up the DagBag from /home/airflow/.local/lib/python3.12/site-packages/airflow/example_dags/example_skip_dag.py
[2026-07-31T12:03:46.198+0000] {processor.py:840} INFO - DAG(s) 'example_skip_dag' retrieved from /home/airflow/.local/lib/python3.12/site-packages/airflow/example_dags/example_skip_dag.py
[2026-07-31T12:03:46.230+0000] {logging_mixin.py:188} INFO - [2026-07-31T12:03:46.229+0000] {dag.py:3089} INFO - Sync 1 DAGs
[2026-07-31T12:03:46.260+0000] {logging_mixin.py:188} INFO - [2026-07-31T12:03:46.260+0000] {dag.py:3947} INFO - Setting next_dagrun for example_skip_dag to 2026-07-30 00:00:00+00:00, run_after=2026-07-31 00:00:00+00:00
[2026-07-31T12:03:46.285+0000] {processor.py:183} INFO - Processing /home/airflow/.local/lib/python3.12/site-packages/airflow/example_dags/example_skip_dag.py took 0.107 seconds
[2026-07-31T12:04:16.547+0000] {processor.py:161} INFO - Started process (PID=7132) to work on /home/airflow/.local/lib/python3.12/site-packages/airflow/example_dags/example_skip_dag.py
[2026-07-31T12:04:16.548+0000] {processor.py:830} INFO - Processing file /home/airflow/.local/lib/python3.12/site-packages/airflow/example_dags/example_skip_dag.py for tasks to queue
[2026-07-31T12:04:16.551+0000] {logging_mixin.py:188} INFO - [2026-07-31T12:04:16.550+0000] {dagbag.py:545} INFO - Filling up the DagBag from /home/airflow/.local/lib/python3.12/site-packages/airflow/example_dags/example_skip_dag.py
[2026-07-31T12:04:16.561+0000] {processor.py:840} INFO - DAG(s) 'example_skip_dag' retrieved from /home/airflow/.local/lib/python3.12/site-packages/airflow/example_dags/example_skip_dag.py
[2026-07-31T12:04:16.587+0000] {logging_mixin.py:188} INFO - [2026-07-31T12:04:16.587+0000] {dag.py:3089} INFO - Sync 1 DAGs
[2026-07-31T12:04:16.618+0000] {logging_mixin.py:188} INFO - [2026-07-31T12:04:16.617+0000] {dag.py:3947} INFO - Setting next_dagrun for example_skip_dag to 2026-07-30 00:00:00+00:00, run_after=2026-07-31 00:00:00+00:00
[2026-07-31T12:04:16.644+0000] {processor.py:183} INFO - Processing /home/airflow/.local/lib/python3.12/site-packages/airflow/example_dags/example_skip_dag.py took 0.105 seconds
[2026-07-31T12:04:47.182+0000] {processor.py:161} INFO - Started process (PID=7190) to work on /home/airflow/.local/lib/python3.12/site-packages/airflow/example_dags/example_skip_dag.py
[2026-07-31T12:04:47.183+0000] {processor.py:830} INFO - Processing file /home/airflow/.local/lib/python3.12/site-packages/airflow/example_dags/example_skip_dag.py for tasks to queue
[2026-07-31T12:04:47.186+0000] {logging_mixin.py:188} INFO - [2026-07-31T12:04:47.186+0000] {dagbag.py:545} INFO - Filling up the DagBag from /home/airflow/.local/lib/python3.12/site-packages/airflow/example_dags/example_skip_dag.py
[2026-07-31T12:04:47.198+0000] {processor.py:840} INFO - DAG(s) 'example_skip_dag' retrieved from /home/airflow/.local/lib/python3.12/site-packages/airflow/example_dags/example_skip_dag.py
[2026-07-31T12:04:47.237+0000] {logging_mixin.py:188} INFO - [2026-07-31T12:04:47.237+0000] {dag.py:3089} INFO - Sync 1 DAGs
[2026-07-31T12:04:47.273+0000] {logging_mixin.py:188} INFO - [2026-07-31T12:04:47.273+0000] {dag.py:3947} INFO - Setting next_dagrun for example_skip_dag to 2026-07-30 00:00:00+00:00, run_after=2026-07-31 00:00:00+00:00
[2026-07-31T12:04:47.303+0000] {processor.py:183} INFO - Processing /home/airflow/.local/lib/python3.12/site-packages/airflow/example_dags/example_skip_dag.py took 0.132 seconds
[2026-07-31T12:05:17.628+0000] {processor.py:161} INFO - Started process (PID=7248) to work on /home/airflow/.local/lib/python3.12/site-packages/airflow/example_dags/example_skip_dag.py
[2026-07-31T12:05:17.633+0000] {processor.py:830} INFO - Processing file /home/airflow/.local/lib/python3.12/site-packages/airflow/example_dags/example_skip_dag.py for tasks to queue
[2026-07-31T12:05:17.642+0000] {logging_mixin.py:188} INFO - [2026-07-31T12:05:17.641+0000] {dagbag.py:545} INFO - Filling up the DagBag from /home/airflow/.local/lib/python3.12/site-packages/airflow/example_dags/example_skip_dag.py
[2026-07-31T12:05:17.662+0000] {processor.py:840} INFO - DAG(s) 'example_skip_dag' retrieved from /home/airflow/.local/lib/python3.12/site-packages/airflow/example_dags/example_skip_dag.py
[2026-07-31T12:05:17.711+0000] {logging_mixin.py:188} INFO - [2026-07-31T12:05:17.711+0000] {dag.py:3089} INFO - Sync 1 DAGs
[2026-07-31T12:05:17.776+0000] {logging_mixin.py:188} INFO - [2026-07-31T12:05:17.775+0000] {dag.py:3947} INFO - Setting next_dagrun for example_skip_dag to 2026-07-30 00:00:00+00:00, run_after=2026-07-31 00:00:00+00:00
[2026-07-31T12:05:17.818+0000] {processor.py:183} INFO - Processing /home/airflow/.local/lib/python3.12/site-packages/airflow/example_dags/example_skip_dag.py took 0.215 seconds
[2026-07-31T12:05:48.097+0000] {processor.py:161} INFO - Started process (PID=7307) to work on /home/airflow/.local/lib/python3.12/site-packages/airflow/example_dags/example_skip_dag.py
[2026-07-31T12:05:48.098+0000] {processor.py:830} INFO - Processing file /home/airflow/.local/lib/python3.12/site-packages/airflow/example_dags/example_skip_dag.py for tasks to queue
[2026-07-31T12:05:48.101+0000] {logging_mixin.py:188} INFO - [2026-07-31T12:05:48.100+0000] {dagbag.py:545} INFO - Filling up the DagBag from /home/airflow/.local/lib/python3.12/site-packages/airflow/example_dags/example_skip_dag.py
[2026-07-31T12:05:48.109+0000] {processor.py:840} INFO - DAG(s) 'example_skip_dag' retrieved from /home/airflow/.local/lib/python3.12/site-packages/airflow/example_dags/example_skip_dag.py
[2026-07-31T12:05:48.136+0000] {logging_mixin.py:188} INFO - [2026-07-31T12:05:48.136+0000] {dag.py:3089} INFO - Sync 1 DAGs
[2026-07-31T12:05:48.169+0000] {logging_mixin.py:188} INFO - [2026-07-31T12:05:48.169+0000] {dag.py:3947} INFO - Setting next_dagrun for example_skip_dag to 2026-07-30 00:00:00+00:00, run_after=2026-07-31 00:00:00+00:00
[2026-07-31T12:05:48.192+0000] {processor.py:183} INFO - Processing /home/airflow/.local/lib/python3.12/site-packages/airflow/example_dags/example_skip_dag.py took 0.102 seconds
[2026-07-31T12:06:18.375+0000] {processor.py:161} INFO - Started process (PID=7365) to work on /home/airflow/.local/lib/python3.12/site-packages/airflow/example_dags/example_skip_dag.py
[2026-07-31T12:06:18.377+0000] {processor.py:830} INFO - Processing file /home/airflow/.local/lib/python3.12/site-packages/airflow/example_dags/example_skip_dag.py for tasks to queue
[2026-07-31T12:06:18.381+0000] {logging_mixin.py:188} INFO - [2026-07-31T12:06:18.380+0000] {dagbag.py:545} INFO - Filling up the DagBag from /home/airflow/.local/lib/python3.12/site-packages/airflow/example_dags/example_skip_dag.py
[2026-07-31T12:06:18.390+0000] {processor.py:840} INFO - DAG(s) 'example_skip_dag' retrieved from /home/airflow/.local/lib/python3.12/site-packages/airflow/example_dags/example_skip_dag.py
[2026-07-31T12:06:18.424+0000] {logging_mixin.py:188} INFO - [2026-07-31T12:06:18.422+0000] {dag.py:3089} INFO - Sync 1 DAGs
[2026-07-31T12:06:18.458+0000] {logging_mixin.py:188} INFO - [2026-07-31T12:06:18.458+0000] {dag.py:3947} INFO - Setting next_dagrun for example_skip_dag to 2026-07-30 00:00:00+00:00, run_after=2026-07-31 00:00:00+00:00
[2026-07-31T12:06:18.486+0000] {processor.py:183} INFO - Processing /home/airflow/.local/lib/python3.12/site-packages/airflow/example_dags/example_skip_dag.py took 0.120 seconds
[2026-07-31T12:06:48.886+0000] {processor.py:161} INFO - Started process (PID=7423) to work on /home/airflow/.local/lib/python3.12/site-packages/airflow/example_dags/example_skip_dag.py
[2026-07-31T12:06:48.887+0000] {processor.py:830} INFO - Processing file /home/airflow/.local/lib/python3.12/site-packages/airflow/example_dags/example_skip_dag.py for tasks to queue
[2026-07-31T12:06:48.890+0000] {logging_mixin.py:188} INFO - [2026-07-31T12:06:48.889+0000] {dagbag.py:545} INFO - Filling up the DagBag from /home/airflow/.local/lib/python3.12/site-packages/airflow/example_dags/example_skip_dag.py
[2026-07-31T12:06:48.902+0000] {processor.py:840} INFO - DAG(s) 'example_skip_dag' retrieved from /home/airflow/.local/lib/python3.12/site-packages/airflow/example_dags/example_skip_dag.py
[2026-07-31T12:06:48.938+0000] {logging_mixin.py:188} INFO - [2026-07-31T12:06:48.938+0000] {dag.py:3089} INFO - Sync 1 DAGs
[2026-07-31T12:06:48.993+0000] {logging_mixin.py:188} INFO - [2026-07-31T12:06:48.993+0000] {dag.py:3947} INFO - Setting next_dagrun for example_skip_dag to 2026-07-30 00:00:00+00:00, run_after=2026-07-31 00:00:00+00:00
[2026-07-31T12:06:49.023+0000] {processor.py:183} INFO - Processing /home/airflow/.local/lib/python3.12/site-packages/airflow/example_dags/example_skip_dag.py took 0.148 seconds
[2026-07-31T12:07:19.280+0000] {processor.py:161} INFO - Started process (PID=7481) to work on /home/airflow/.local/lib/python3.12/site-packages/airflow/example_dags/example_skip_dag.py
[2026-07-31T12:07:19.282+0000] {processor.py:830} INFO - Processing file /home/airflow/.local/lib/python3.12/site-packages/airflow/example_dags/example_skip_dag.py for tasks to queue
[2026-07-31T12:07:19.285+0000] {logging_mixin.py:188} INFO - [2026-07-31T12:07:19.284+0000] {dagbag.py:545} INFO - Filling up the DagBag from /home/airflow/.local/lib/python3.12/site-packages/airflow/example_dags/example_skip_dag.py
[2026-07-31T12:07:19.298+0000] {processor.py:840} INFO - DAG(s) 'example_skip_dag' retrieved from /home/airflow/.local/lib/python3.12/site-packages/airflow/example_dags/example_skip_dag.py
[2026-07-31T12:07:19.335+0000] {logging_mixin.py:188} INFO - [2026-07-31T12:07:19.334+0000] {dag.py:3089} INFO - Sync 1 DAGs
[2026-07-31T12:07:19.361+0000] {logging_mixin.py:188} INFO - [2026-07-31T12:07:19.361+0000] {dag.py:3947} INFO - Setting next_dagrun for example_skip_dag to 2026-07-30 00:00:00+00:00, run_after=2026-07-31 00:00:00+00:00
[2026-07-31T12:07:19.383+0000] {processor.py:183} INFO - Processing /home/airflow/.local/lib/python3.12/site-packages/airflow/example_dags/example_skip_dag.py took 0.111 seconds
[2026-07-31T12:07:50.111+0000] {processor.py:161} INFO - Started process (PID=7539) to work on /home/airflow/.local/lib/python3.12/site-packages/airflow/example_dags/example_skip_dag.py
[2026-07-31T12:07:50.112+0000] {processor.py:830} INFO - Processing file /home/airflow/.local/lib/python3.12/site-packages/airflow/example_dags/example_skip_dag.py for tasks to queue
[2026-07-31T12:07:50.114+0000] {logging_mixin.py:188} INFO - [2026-07-31T12:07:50.114+0000] {dagbag.py:545} INFO - Filling up the DagBag from /home/airflow/.local/lib/python3.12/site-packages/airflow/example_dags/example_skip_dag.py
[2026-07-31T12:07:50.124+0000] {processor.py:840} INFO - DAG(s) 'example_skip_dag' retrieved from /home/airflow/.local/lib/python3.12/site-packages/airflow/example_dags/example_skip_dag.py
[2026-07-31T12:07:50.154+0000] {logging_mixin.py:188} INFO - [2026-07-31T12:07:50.154+0000] {dag.py:3089} INFO - Sync 1 DAGs
[2026-07-31T12:07:50.184+0000] {logging_mixin.py:188} INFO - [2026-07-31T12:07:50.184+0000] {dag.py:3947} INFO - Setting next_dagrun for example_skip_dag to 2026-07-30 00:00:00+00:00, run_after=2026-07-31 00:00:00+00:00
[2026-07-31T12:07:50.212+0000] {processor.py:183} INFO - Processing /home/airflow/.local/lib/python3.12/site-packages/airflow/example_dags/example_skip_dag.py took 0.109 seconds
[2026-07-31T12:08:20.930+0000] {processor.py:161} INFO - Started process (PID=7597) to work on /home/airflow/.local/lib/python3.12/site-packages/airflow/example_dags/example_skip_dag.py
[2026-07-31T12:08:20.932+0000] {processor.py:830} INFO - Processing file /home/airflow/.local/lib/python3.12/site-packages/airflow/example_dags/example_skip_dag.py for tasks to queue
[2026-07-31T12:08:20.934+0000] {logging_mixin.py:188} INFO - [2026-07-31T12:08:20.934+0000] {dagbag.py:545} INFO - Filling up the DagBag from /home/airflow/.local/lib/python3.12/site-packages/airflow/example_dags/example_skip_dag.py
[2026-07-31T12:08:20.943+0000] {processor.py:840} INFO - DAG(s) 'example_skip_dag' retrieved from /home/airflow/.local/lib/python3.12/site-packages/airflow/example_dags/example_skip_dag.py
[2026-07-31T12:08:20.973+0000] {logging_mixin.py:188} INFO - [2026-07-31T12:08:20.973+0000] {dag.py:3089} INFO - Sync 1 DAGs
[2026-07-31T12:08:21.031+0000] {logging_mixin.py:188} INFO - [2026-07-31T12:08:21.031+0000] {dag.py:3947} INFO - Setting next_dagrun for example_skip_dag to 2026-07-30 00:00:00+00:00, run_after=2026-07-31 00:00:00+00:00
[2026-07-31T12:08:21.063+0000] {processor.py:183} INFO - Processing /home/airflow/.local/lib/python3.12/site-packages/airflow/example_dags/example_skip_dag.py took 0.141 seconds
[2026-07-31T12:08:51.163+0000] {processor.py:161} INFO - Started process (PID=7660) to work on /home/airflow/.local/lib/python3.12/site-packages/airflow/example_dags/example_skip_dag.py
[2026-07-31T12:08:51.165+0000] {processor.py:830} INFO - Processing file /home/airflow/.local/lib/python3.12/site-packages/airflow/example_dags/example_skip_dag.py for tasks to queue
[2026-07-31T12:08:51.167+0000] {logging_mixin.py:188} INFO - [2026-07-31T12:08:51.167+0000] {dagbag.py:545} INFO - Filling up the DagBag from /home/airflow/.local/lib/python3.12/site-packages/airflow/example_dags/example_skip_dag.py
[2026-07-31T12:08:51.177+0000] {processor.py:840} INFO - DAG(s) 'example_skip_dag' retrieved from /home/airflow/.local/lib/python3.12/site-packages/airflow/example_dags/example_skip_dag.py
[2026-07-31T12:08:51.203+0000] {logging_mixin.py:188} INFO - [2026-07-31T12:08:51.202+0000] {dag.py:3089} INFO - Sync 1 DAGs
[2026-07-31T12:08:51.236+0000] {logging_mixin.py:188} INFO - [2026-07-31T12:08:51.236+0000] {dag.py:3947} INFO - Setting next_dagrun for example_skip_dag to 2026-07-30 00:00:00+00:00, run_after=2026-07-31 00:00:00+00:00
[2026-07-31T12:08:51.263+0000] {processor.py:183} INFO - Processing /home/airflow/.local/lib/python3.12/site-packages/airflow/example_dags/example_skip_dag.py took 0.108 seconds
[2026-07-31T12:09:21.315+0000] {processor.py:161} INFO - Started process (PID=7718) to work on /home/airflow/.local/lib/python3.12/site-packages/airflow/example_dags/example_skip_dag.py
[2026-07-31T12:09:21.317+0000] {processor.py:830} INFO - Processing file /home/airflow/.local/lib/python3.12/site-packages/airflow/example_dags/example_skip_dag.py for tasks to queue
[2026-07-31T12:09:21.320+0000] {logging_mixin.py:188} INFO - [2026-07-31T12:09:21.319+0000] {dagbag.py:545} INFO - Filling up the DagBag from /home/airflow/.local/lib/python3.12/site-packages/airflow/example_dags/example_skip_dag.py
[2026-07-31T12:09:21.331+0000] {processor.py:840} INFO - DAG(s) 'example_skip_dag' retrieved from /home/airflow/.local/lib/python3.12/site-packages/airflow/example_dags/example_skip_dag.py
[2026-07-31T12:09:21.361+0000] {logging_mixin.py:188} INFO - [2026-07-31T12:09:21.361+0000] {dag.py:3089} INFO - Sync 1 DAGs
[2026-07-31T12:09:21.391+0000] {logging_mixin.py:188} INFO - [2026-07-31T12:09:21.391+0000] {dag.py:3947} INFO - Setting next_dagrun for example_skip_dag to 2026-07-30 00:00:00+00:00, run_after=2026-07-31 00:00:00+00:00
[2026-07-31T12:09:21.418+0000] {processor.py:183} INFO - Processing /home/airflow/.local/lib/python3.12/site-packages/airflow/example_dags/example_skip_dag.py took 0.112 seconds
[2026-07-31T12:09:51.555+0000] {processor.py:161} INFO - Started process (PID=7776) to work on /home/airflow/.local/lib/python3.12/site-packages/airflow/example_dags/example_skip_dag.py
[2026-07-31T12:09:51.557+0000] {processor.py:830} INFO - Processing file /home/airflow/.local/lib/python3.12/site-packages/airflow/example_dags/example_skip_dag.py for tasks to queue
[2026-07-31T12:09:51.560+0000] {logging_mixin.py:188} INFO - [2026-07-31T12:09:51.559+0000] {dagbag.py:545} INFO - Filling up the DagBag from /home/airflow/.local/lib/python3.12/site-packages/airflow/example_dags/example_skip_dag.py
[2026-07-31T12:09:51.568+0000] {processor.py:840} INFO - DAG(s) 'example_skip_dag' retrieved from /home/airflow/.local/lib/python3.12/site-packages/airflow/example_dags/example_skip_dag.py
[2026-07-31T12:09:51.603+0000] {logging_mixin.py:188} INFO - [2026-07-31T12:09:51.602+0000] {dag.py:3089} INFO - Sync 1 DAGs
[2026-07-31T12:09:51.636+0000] {logging_mixin.py:188} INFO - [2026-07-31T12:09:51.636+0000] {dag.py:3947} INFO - Setting next_dagrun for example_skip_dag to 2026-07-30 00:00:00+00:00, run_after=2026-07-31 00:00:00+00:00
[2026-07-31T12:09:51.661+0000] {processor.py:183} INFO - Processing /home/airflow/.local/lib/python3.12/site-packages/airflow/example_dags/example_skip_dag.py took 0.113 seconds
[2026-07-31T12:10:22.124+0000] {processor.py:161} INFO - Started process (PID=7834) to work on /home/airflow/.local/lib/python3.12/site-packages/airflow/example_dags/example_skip_dag.py
[2026-07-31T12:10:22.125+0000] {processor.py:830} INFO - Processing file /home/airflow/.local/lib/python3.12/site-packages/airflow/example_dags/example_skip_dag.py for tasks to queue
[2026-07-31T12:10:22.128+0000] {logging_mixin.py:188} INFO - [2026-07-31T12:10:22.127+0000] {dagbag.py:545} INFO - Filling up the DagBag from /home/airflow/.local/lib/python3.12/site-packages/airflow/example_dags/example_skip_dag.py
[2026-07-31T12:10:22.137+0000] {processor.py:840} INFO - DAG(s) 'example_skip_dag' retrieved from /home/airflow/.local/lib/python3.12/site-packages/airflow/example_dags/example_skip_dag.py
[2026-07-31T12:10:22.166+0000] {logging_mixin.py:188} INFO - [2026-07-31T12:10:22.166+0000] {dag.py:3089} INFO - Sync 1 DAGs
[2026-07-31T12:10:22.194+0000] {logging_mixin.py:188} INFO - [2026-07-31T12:10:22.194+0000] {dag.py:3947} INFO - Setting next_dagrun for example_skip_dag to 2026-07-30 00:00:00+00:00, run_after=2026-07-31 00:00:00+00:00
[2026-07-31T12:10:22.219+0000] {processor.py:183} INFO - Processing /home/airflow/.local/lib/python3.12/site-packages/airflow/example_dags/example_skip_dag.py took 0.102 seconds
[2026-07-31T12:10:52.418+0000] {processor.py:161} INFO - Started process (PID=7892) to work on /home/airflow/.local/lib/python3.12/site-packages/airflow/example_dags/example_skip_dag.py
[2026-07-31T12:10:52.420+0000] {processor.py:830} INFO - Processing file /home/airflow/.local/lib/python3.12/site-packages/airflow/example_dags/example_skip_dag.py for tasks to queue
[2026-07-31T12:10:52.423+0000] {logging_mixin.py:188} INFO - [2026-07-31T12:10:52.422+0000] {dagbag.py:545} INFO - Filling up the DagBag from /home/airflow/.local/lib/python3.12/site-packages/airflow/example_dags/example_skip_dag.py
[2026-07-31T12:10:52.430+0000] {processor.py:840} INFO - DAG(s) 'example_skip_dag' retrieved from /home/airflow/.local/lib/python3.12/site-packages/airflow/example_dags/example_skip_dag.py
[2026-07-31T12:10:52.457+0000] {logging_mixin.py:188} INFO - [2026-07-31T12:10:52.457+0000] {dag.py:3089} INFO - Sync 1 DAGs
[2026-07-31T12:10:52.486+0000] {logging_mixin.py:188} INFO - [2026-07-31T12:10:52.486+0000] {dag.py:3947} INFO - Setting next_dagrun for example_skip_dag to 2026-07-30 00:00:00+00:00, run_after=2026-07-31 00:00:00+00:00
[2026-07-31T12:10:52.511+0000] {processor.py:183} INFO - Processing /home/airflow/.local/lib/python3.12/site-packages/airflow/example_dags/example_skip_dag.py took 0.100 seconds
[2026-07-31T12:11:22.945+0000] {processor.py:161} INFO - Started process (PID=7949) to work on /home/airflow/.local/lib/python3.12/site-packages/airflow/example_dags/example_skip_dag.py
[2026-07-31T12:11:22.947+0000] {processor.py:830} INFO - Processing file /home/airflow/.local/lib/python3.12/site-packages/airflow/example_dags/example_skip_dag.py for tasks to queue
[2026-07-31T12:11:22.950+0000] {logging_mixin.py:188} INFO - [2026-07-31T12:11:22.950+0000] {dagbag.py:545} INFO - Filling up the DagBag from /home/airflow/.local/lib/python3.12/site-packages/airflow/example_dags/example_skip_dag.py
[2026-07-31T12:11:22.959+0000] {processor.py:840} INFO - DAG(s) 'example_skip_dag' retrieved from /home/airflow/.local/lib/python3.12/site-packages/airflow/example_dags/example_skip_dag.py
[2026-07-31T12:11:22.997+0000] {logging_mixin.py:188} INFO - [2026-07-31T12:11:22.997+0000] {dag.py:3089} INFO - Sync 1 DAGs
[2026-07-31T12:11:23.033+0000] {logging_mixin.py:188} INFO - [2026-07-31T12:11:23.033+0000] {dag.py:3947} INFO - Setting next_dagrun for example_skip_dag to 2026-07-30 00:00:00+00:00, run_after=2026-07-31 00:00:00+00:00
[2026-07-31T12:11:23.062+0000] {processor.py:183} INFO - Processing /home/airflow/.local/lib/python3.12/site-packages/airflow/example_dags/example_skip_dag.py took 0.126 seconds
[2026-07-31T12:11:53.490+0000] {processor.py:161} INFO - Started process (PID=8007) to work on /home/airflow/.local/lib/python3.12/site-packages/airflow/example_dags/example_skip_dag.py
[2026-07-31T12:11:53.506+0000] {processor.py:830} INFO - Processing file /home/airflow/.local/lib/python3.12/site-packages/airflow/example_dags/example_skip_dag.py for tasks to queue
[2026-07-31T12:11:53.522+0000] {logging_mixin.py:188} INFO - [2026-07-31T12:11:53.512+0000] {dagbag.py:545} INFO - Filling up the DagBag from /home/airflow/.local/lib/python3.12/site-packages/airflow/example_dags/example_skip_dag.py
[2026-07-31T12:11:53.573+0000] {processor.py:840} INFO - DAG(s) 'example_skip_dag' retrieved from /home/airflow/.local/lib/python3.12/site-packages/airflow/example_dags/example_skip_dag.py
[2026-07-31T12:11:53.633+0000] {logging_mixin.py:188} INFO - [2026-07-31T12:11:53.633+0000] {dag.py:3089} INFO - Sync 1 DAGs
[2026-07-31T12:11:53.718+0000] {logging_mixin.py:188} INFO - [2026-07-31T12:11:53.718+0000] {dag.py:3947} INFO - Setting next_dagrun for example_skip_dag to 2026-07-30 00:00:00+00:00, run_after=2026-07-31 00:00:00+00:00
[2026-07-31T12:11:53.750+0000] {processor.py:183} INFO - Processing /home/airflow/.local/lib/python3.12/site-packages/airflow/example_dags/example_skip_dag.py took 0.292 seconds
[2026-07-31T12:12:24.478+0000] {processor.py:161} INFO - Started process (PID=8065) to work on /home/airflow/.local/lib/python3.12/site-packages/airflow/example_dags/example_skip_dag.py
[2026-07-31T12:12:24.480+0000] {processor.py:830} INFO - Processing file /home/airflow/.local/lib/python3.12/site-packages/airflow/example_dags/example_skip_dag.py for tasks to queue
[2026-07-31T12:12:24.482+0000] {logging_mixin.py:188} INFO - [2026-07-31T12:12:24.482+0000] {dagbag.py:545} INFO - Filling up the DagBag from /home/airflow/.local/lib/python3.12/site-packages/airflow/example_dags/example_skip_dag.py
[2026-07-31T12:12:24.490+0000] {processor.py:840} INFO - DAG(s) 'example_skip_dag' retrieved from /home/airflow/.local/lib/python3.12/site-packages/airflow/example_dags/example_skip_dag.py
[2026-07-31T12:12:24.518+0000] {logging_mixin.py:188} INFO - [2026-07-31T12:12:24.517+0000] {dag.py:3089} INFO - Sync 1 DAGs
[2026-07-31T12:12:24.548+0000] {logging_mixin.py:188} INFO - [2026-07-31T12:12:24.547+0000] {dag.py:3947} INFO - Setting next_dagrun for example_skip_dag to 2026-07-30 00:00:00+00:00, run_after=2026-07-31 00:00:00+00:00
[2026-07-31T12:12:24.571+0000] {processor.py:183} INFO - Processing /home/airflow/.local/lib/python3.12/site-packages/airflow/example_dags/example_skip_dag.py took 0.101 seconds
[2026-07-31T12:12:55.255+0000] {processor.py:161} INFO - Started process (PID=8123) to work on /home/airflow/.local/lib/python3.12/site-packages/airflow/example_dags/example_skip_dag.py
[2026-07-31T12:12:55.256+0000] {processor.py:830} INFO - Processing file /home/airflow/.local/lib/python3.12/site-packages/airflow/example_dags/example_skip_dag.py for tasks to queue
[2026-07-31T12:12:55.259+0000] {logging_mixin.py:188} INFO - [2026-07-31T12:12:55.258+0000] {dagbag.py:545} INFO - Filling up the DagBag from /home/airflow/.local/lib/python3.12/site-packages/airflow/example_dags/example_skip_dag.py
[2026-07-31T12:12:55.269+0000] {processor.py:840} INFO - DAG(s) 'example_skip_dag' retrieved from /home/airflow/.local/lib/python3.12/site-packages/airflow/example_dags/example_skip_dag.py
[2026-07-31T12:12:55.302+0000] {logging_mixin.py:188} INFO - [2026-07-31T12:12:55.302+0000] {dag.py:3089} INFO - Sync 1 DAGs
[2026-07-31T12:12:55.338+0000] {logging_mixin.py:188} INFO - [2026-07-31T12:12:55.337+0000] {dag.py:3947} INFO - Setting next_dagrun for example_skip_dag to 2026-07-30 00:00:00+00:00, run_after=2026-07-31 00:00:00+00:00
[2026-07-31T12:12:55.364+0000] {processor.py:183} INFO - Processing /home/airflow/.local/lib/python3.12/site-packages/airflow/example_dags/example_skip_dag.py took 0.119 seconds
[2026-07-31T12:13:26.037+0000] {processor.py:161} INFO - Started process (PID=8181) to work on /home/airflow/.local/lib/python3.12/site-packages/airflow/example_dags/example_skip_dag.py
[2026-07-31T12:13:26.038+0000] {processor.py:830} INFO - Processing file /home/airflow/.local/lib/python3.12/site-packages/airflow/example_dags/example_skip_dag.py for tasks to queue
[2026-07-31T12:13:26.041+0000] {logging_mixin.py:188} INFO - [2026-07-31T12:13:26.041+0000] {dagbag.py:545} INFO - Filling up the DagBag from /home/airflow/.local/lib/python3.12/site-packages/airflow/example_dags/example_skip_dag.py
[2026-07-31T12:13:26.049+0000] {processor.py:840} INFO - DAG(s) 'example_skip_dag' retrieved from /home/airflow/.local/lib/python3.12/site-packages/airflow/example_dags/example_skip_dag.py
[2026-07-31T12:13:26.082+0000] {logging_mixin.py:188} INFO - [2026-07-31T12:13:26.082+0000] {dag.py:3089} INFO - Sync 1 DAGs
[2026-07-31T12:13:26.110+0000] {logging_mixin.py:188} INFO - [2026-07-31T12:13:26.110+0000] {dag.py:3947} INFO - Setting next_dagrun for example_skip_dag to 2026-07-30 00:00:00+00:00, run_after=2026-07-31 00:00:00+00:00
[2026-07-31T12:13:26.134+0000] {processor.py:183} INFO - Processing /home/airflow/.local/lib/python3.12/site-packages/airflow/example_dags/example_skip_dag.py took 0.105 seconds
[2026-07-31T12:13:56.682+0000] {processor.py:161} INFO - Started process (PID=8239) to work on /home/airflow/.local/lib/python3.12/site-packages/airflow/example_dags/example_skip_dag.py
[2026-07-31T12:13:56.682+0000] {processor.py:830} INFO - Processing file /home/airflow/.local/lib/python3.12/site-packages/airflow/example_dags/example_skip_dag.py for tasks to queue
[2026-07-31T12:13:56.685+0000] {logging_mixin.py:188} INFO - [2026-07-31T12:13:56.684+0000] {dagbag.py:545} INFO - Filling up the DagBag from /home/airflow/.local/lib/python3.12/site-packages/airflow/example_dags/example_skip_dag.py
[2026-07-31T12:13:56.692+0000] {processor.py:840} INFO - DAG(s) 'example_skip_dag' retrieved from /home/airflow/.local/lib/python3.12/site-packages/airflow/example_dags/example_skip_dag.py
[2026-07-31T12:13:56.717+0000] {logging_mixin.py:188} INFO - [2026-07-31T12:13:56.717+0000] {dag.py:3089} INFO - Sync 1 DAGs
[2026-07-31T12:13:56.745+0000] {logging_mixin.py:188} INFO - [2026-07-31T12:13:56.745+0000] {dag.py:3947} INFO - Setting next_dagrun for example_skip_dag to 2026-07-30 00:00:00+00:00, run_after=2026-07-31 00:00:00+00:00
[2026-07-31T12:13:56.770+0000] {processor.py:183} INFO - Processing /home/airflow/.local/lib/python3.12/site-packages/airflow/example_dags/example_skip_dag.py took 0.095 seconds
[2026-07-31T12:14:27.031+0000] {processor.py:161} INFO - Started process (PID=8297) to work on /home/airflow/.local/lib/python3.12/site-packages/airflow/example_dags/example_skip_dag.py
[2026-07-31T12:14:27.034+0000] {processor.py:830} INFO - Processing file /home/airflow/.local/lib/python3.12/site-packages/airflow/example_dags/example_skip_dag.py for tasks to queue
[2026-07-31T12:14:27.037+0000] {logging_mixin.py:188} INFO - [2026-07-31T12:14:27.037+0000] {dagbag.py:545} INFO - Filling up the DagBag from /home/airflow/.local/lib/python3.12/site-packages/airflow/example_dags/example_skip_dag.py
[2026-07-31T12:14:27.045+0000] {processor.py:840} INFO - DAG(s) 'example_skip_dag' retrieved from /home/airflow/.local/lib/python3.12/site-packages/airflow/example_dags/example_skip_dag.py
[2026-07-31T12:14:27.074+0000] {logging_mixin.py:188} INFO - [2026-07-31T12:14:27.073+0000] {dag.py:3089} INFO - Sync 1 DAGs
[2026-07-31T12:14:27.101+0000] {logging_mixin.py:188} INFO - [2026-07-31T12:14:27.101+0000] {dag.py:3947} INFO - Setting next_dagrun for example_skip_dag to 2026-07-30 00:00:00+00:00, run_after=2026-07-31 00:00:00+00:00
[2026-07-31T12:14:27.127+0000] {processor.py:183} INFO - Processing /home/airflow/.local/lib/python3.12/site-packages/airflow/example_dags/example_skip_dag.py took 0.103 seconds
[2026-07-31T12:14:57.282+0000] {processor.py:161} INFO - Started process (PID=8354) to work on /home/airflow/.local/lib/python3.12/site-packages/airflow/example_dags/example_skip_dag.py
[2026-07-31T12:14:57.283+0000] {processor.py:830} INFO - Processing file /home/airflow/.local/lib/python3.12/site-packages/airflow/example_dags/example_skip_dag.py for tasks to queue
[2026-07-31T12:14:57.285+0000] {logging_mixin.py:188} INFO - [2026-07-31T12:14:57.285+0000] {dagbag.py:545} INFO - Filling up the DagBag from /home/airflow/.local/lib/python3.12/site-packages/airflow/example_dags/example_skip_dag.py
[2026-07-31T12:14:57.295+0000] {processor.py:840} INFO - DAG(s) 'example_skip_dag' retrieved from /home/airflow/.local/lib/python3.12/site-packages/airflow/example_dags/example_skip_dag.py
[2026-07-31T12:14:57.320+0000] {logging_mixin.py:188} INFO - [2026-07-31T12:14:57.320+0000] {dag.py:3089} INFO - Sync 1 DAGs
[2026-07-31T12:14:57.348+0000] {logging_mixin.py:188} INFO - [2026-07-31T12:14:57.348+0000] {dag.py:3947} INFO - Setting next_dagrun for example_skip_dag to 2026-07-30 00:00:00+00:00, run_after=2026-07-31 00:00:00+00:00
[2026-07-31T12:14:57.371+0000] {processor.py:183} INFO - Processing /home/airflow/.local/lib/python3.12/site-packages/airflow/example_dags/example_skip_dag.py took 0.100 seconds
[2026-07-31T12:15:27.552+0000] {processor.py:161} INFO - Started process (PID=8410) to work on /home/airflow/.local/lib/python3.12/site-packages/airflow/example_dags/example_skip_dag.py
[2026-07-31T12:15:27.553+0000] {processor.py:830} INFO - Processing file /home/airflow/.local/lib/python3.12/site-packages/airflow/example_dags/example_skip_dag.py for tasks to queue
[2026-07-31T12:15:27.556+0000] {logging_mixin.py:188} INFO - [2026-07-31T12:15:27.556+0000] {dagbag.py:545} INFO - Filling up the DagBag from /home/airflow/.local/lib/python3.12/site-packages/airflow/example_dags/example_skip_dag.py
[2026-07-31T12:15:27.570+0000] {processor.py:840} INFO - DAG(s) 'example_skip_dag' retrieved from /home/airflow/.local/lib/python3.12/site-packages/airflow/example_dags/example_skip_dag.py
[2026-07-31T12:15:27.607+0000] {logging_mixin.py:188} INFO - [2026-07-31T12:15:27.607+0000] {dag.py:3089} INFO - Sync 1 DAGs
[2026-07-31T12:15:27.647+0000] {logging_mixin.py:188} INFO - [2026-07-31T12:15:27.647+0000] {dag.py:3947} INFO - Setting next_dagrun for example_skip_dag to 2026-07-30 00:00:00+00:00, run_after=2026-07-31 00:00:00+00:00
[2026-07-31T12:15:27.681+0000] {processor.py:183} INFO - Processing /home/airflow/.local/lib/python3.12/site-packages/airflow/example_dags/example_skip_dag.py took 0.136 seconds
[2026-07-31T12:15:57.860+0000] {processor.py:161} INFO - Started process (PID=8468) to work on /home/airflow/.local/lib/python3.12/site-packages/airflow/example_dags/example_skip_dag.py
[2026-07-31T12:15:57.861+0000] {processor.py:830} INFO - Processing file /home/airflow/.local/lib/python3.12/site-packages/airflow/example_dags/example_skip_dag.py for tasks to queue
[2026-07-31T12:15:57.863+0000] {logging_mixin.py:188} INFO - [2026-07-31T12:15:57.863+0000] {dagbag.py:545} INFO - Filling up the DagBag from /home/airflow/.local/lib/python3.12/site-packages/airflow/example_dags/example_skip_dag.py
[2026-07-31T12:15:57.871+0000] {processor.py:840} INFO - DAG(s) 'example_skip_dag' retrieved from /home/airflow/.local/lib/python3.12/site-packages/airflow/example_dags/example_skip_dag.py
[2026-07-31T12:15:57.897+0000] {logging_mixin.py:188} INFO - [2026-07-31T12:15:57.897+0000] {dag.py:3089} INFO - Sync 1 DAGs
[2026-07-31T12:15:57.927+0000] {logging_mixin.py:188} INFO - [2026-07-31T12:15:57.926+0000] {dag.py:3947} INFO - Setting next_dagrun for example_skip_dag to 2026-07-30 00:00:00+00:00, run_after=2026-07-31 00:00:00+00:00
[2026-07-31T12:15:57.953+0000] {processor.py:183} INFO - Processing /home/airflow/.local/lib/python3.12/site-packages/airflow/example_dags/example_skip_dag.py took 0.100 seconds
[2026-07-31T12:16:28.298+0000] {processor.py:161} INFO - Started process (PID=8525) to work on /home/airflow/.local/lib/python3.12/site-packages/airflow/example_dags/example_skip_dag.py
[2026-07-31T12:16:28.299+0000] {processor.py:830} INFO - Processing file /home/airflow/.local/lib/python3.12/site-packages/airflow/example_dags/example_skip_dag.py for tasks to queue
[2026-07-31T12:16:28.301+0000] {logging_mixin.py:188} INFO - [2026-07-31T12:16:28.301+0000] {dagbag.py:545} INFO - Filling up the DagBag from /home/airflow/.local/lib/python3.12/site-packages/airflow/example_dags/example_skip_dag.py
[2026-07-31T12:16:28.311+0000] {processor.py:840} INFO - DAG(s) 'example_skip_dag' retrieved from /home/airflow/.local/lib/python3.12/site-packages/airflow/example_dags/example_skip_dag.py
[2026-07-31T12:16:28.340+0000] {logging_mixin.py:188} INFO - [2026-07-31T12:16:28.340+0000] {dag.py:3089} INFO - Sync 1 DAGs
[2026-07-31T12:16:28.370+0000] {logging_mixin.py:188} INFO - [2026-07-31T12:16:28.369+0000] {dag.py:3947} INFO - Setting next_dagrun for example_skip_dag to 2026-07-30 00:00:00+00:00, run_after=2026-07-31 00:00:00+00:00
[2026-07-31T12:16:28.393+0000] {processor.py:183} INFO - Processing /home/airflow/.local/lib/python3.12/site-packages/airflow/example_dags/example_skip_dag.py took 0.103 seconds
[2026-07-31T12:16:59.270+0000] {processor.py:161} INFO - Started process (PID=8583) to work on /home/airflow/.local/lib/python3.12/site-packages/airflow/example_dags/example_skip_dag.py
[2026-07-31T12:16:59.271+0000] {processor.py:830} INFO - Processing file /home/airflow/.local/lib/python3.12/site-packages/airflow/example_dags/example_skip_dag.py for tasks to queue
[2026-07-31T12:16:59.274+0000] {logging_mixin.py:188} INFO - [2026-07-31T12:16:59.273+0000] {dagbag.py:545} INFO - Filling up the DagBag from /home/airflow/.local/lib/python3.12/site-packages/airflow/example_dags/example_skip_dag.py
[2026-07-31T12:16:59.284+0000] {processor.py:840} INFO - DAG(s) 'example_skip_dag' retrieved from /home/airflow/.local/lib/python3.12/site-packages/airflow/example_dags/example_skip_dag.py
[2026-07-31T12:16:59.314+0000] {logging_mixin.py:188} INFO - [2026-07-31T12:16:59.314+0000] {dag.py:3089} INFO - Sync 1 DAGs
[2026-07-31T12:16:59.349+0000] {logging_mixin.py:188} INFO - [2026-07-31T12:16:59.348+0000] {dag.py:3947} INFO - Setting next_dagrun for example_skip_dag to 2026-07-30 00:00:00+00:00, run_after=2026-07-31 00:00:00+00:00
[2026-07-31T12:16:59.377+0000] {processor.py:183} INFO - Processing /home/airflow/.local/lib/python3.12/site-packages/airflow/example_dags/example_skip_dag.py took 0.113 seconds
[2026-07-31T12:17:29.556+0000] {processor.py:161} INFO - Started process (PID=8641) to work on /home/airflow/.local/lib/python3.12/site-packages/airflow/example_dags/example_skip_dag.py
[2026-07-31T12:17:29.557+0000] {processor.py:830} INFO - Processing file /home/airflow/.local/lib/python3.12/site-packages/airflow/example_dags/example_skip_dag.py for tasks to queue
[2026-07-31T12:17:29.559+0000] {logging_mixin.py:188} INFO - [2026-07-31T12:17:29.559+0000] {dagbag.py:545} INFO - Filling up the DagBag from /home/airflow/.local/lib/python3.12/site-packages/airflow/example_dags/example_skip_dag.py
[2026-07-31T12:17:29.566+0000] {processor.py:840} INFO - DAG(s) 'example_skip_dag' retrieved from /home/airflow/.local/lib/python3.12/site-packages/airflow/example_dags/example_skip_dag.py
[2026-07-31T12:17:29.589+0000] {logging_mixin.py:188} INFO - [2026-07-31T12:17:29.589+0000] {dag.py:3089} INFO - Sync 1 DAGs
[2026-07-31T12:17:29.619+0000] {logging_mixin.py:188} INFO - [2026-07-31T12:17:29.619+0000] {dag.py:3947} INFO - Setting next_dagrun for example_skip_dag to 2026-07-30 00:00:00+00:00, run_after=2026-07-31 00:00:00+00:00
[2026-07-31T12:17:29.643+0000] {processor.py:183} INFO - Processing /home/airflow/.local/lib/python3.12/site-packages/airflow/example_dags/example_skip_dag.py took 0.093 seconds
[2026-07-31T12:17:59.815+0000] {processor.py:161} INFO - Started process (PID=8699) to work on /home/airflow/.local/lib/python3.12/site-packages/airflow/example_dags/example_skip_dag.py
[2026-07-31T12:17:59.816+0000] {processor.py:830} INFO - Processing file /home/airflow/.local/lib/python3.12/site-packages/airflow/example_dags/example_skip_dag.py for tasks to queue
[2026-07-31T12:17:59.818+0000] {logging_mixin.py:188} INFO - [2026-07-31T12:17:59.818+0000] {dagbag.py:545} INFO - Filling up the DagBag from /home/airflow/.local/lib/python3.12/site-packages/airflow/example_dags/example_skip_dag.py
[2026-07-31T12:17:59.826+0000] {processor.py:840} INFO - DAG(s) 'example_skip_dag' retrieved from /home/airflow/.local/lib/python3.12/site-packages/airflow/example_dags/example_skip_dag.py
[2026-07-31T12:17:59.852+0000] {logging_mixin.py:188} INFO - [2026-07-31T12:17:59.851+0000] {dag.py:3089} INFO - Sync 1 DAGs
[2026-07-31T12:17:59.882+0000] {logging_mixin.py:188} INFO - [2026-07-31T12:17:59.882+0000] {dag.py:3947} INFO - Setting next_dagrun for example_skip_dag to 2026-07-30 00:00:00+00:00, run_after=2026-07-31 00:00:00+00:00
[2026-07-31T12:17:59.908+0000] {processor.py:183} INFO - Processing /home/airflow/.local/lib/python3.12/site-packages/airflow/example_dags/example_skip_dag.py took 0.099 seconds
[2026-07-31T12:18:30.328+0000] {processor.py:161} INFO - Started process (PID=8757) to work on /home/airflow/.local/lib/python3.12/site-packages/airflow/example_dags/example_skip_dag.py
[2026-07-31T12:18:30.329+0000] {processor.py:830} INFO - Processing file /home/airflow/.local/lib/python3.12/site-packages/airflow/example_dags/example_skip_dag.py for tasks to queue
[2026-07-31T12:18:30.332+0000] {logging_mixin.py:188} INFO - [2026-07-31T12:18:30.331+0000] {dagbag.py:545} INFO - Filling up the DagBag from /home/airflow/.local/lib/python3.12/site-packages/airflow/example_dags/example_skip_dag.py
[2026-07-31T12:18:30.340+0000] {processor.py:840} INFO - DAG(s) 'example_skip_dag' retrieved from /home/airflow/.local/lib/python3.12/site-packages/airflow/example_dags/example_skip_dag.py
[2026-07-31T12:18:30.366+0000] {logging_mixin.py:188} INFO - [2026-07-31T12:18:30.366+0000] {dag.py:3089} INFO - Sync 1 DAGs
[2026-07-31T12:18:30.394+0000] {logging_mixin.py:188} INFO - [2026-07-31T12:18:30.394+0000] {dag.py:3947} INFO - Setting next_dagrun for example_skip_dag to 2026-07-30 00:00:00+00:00, run_after=2026-07-31 00:00:00+00:00
[2026-07-31T12:18:30.420+0000] {processor.py:183} INFO - Processing /home/airflow/.local/lib/python3.12/site-packages/airflow/example_dags/example_skip_dag.py took 0.098 seconds
[2026-07-31T12:19:01.385+0000] {processor.py:161} INFO - Started process (PID=8815) to work on /home/airflow/.local/lib/python3.12/site-packages/airflow/example_dags/example_skip_dag.py
[2026-07-31T12:19:01.387+0000] {processor.py:830} INFO - Processing file /home/airflow/.local/lib/python3.12/site-packages/airflow/example_dags/example_skip_dag.py for tasks to queue
[2026-07-31T12:19:01.389+0000] {logging_mixin.py:188} INFO - [2026-07-31T12:19:01.389+0000] {dagbag.py:545} INFO - Filling up the DagBag from /home/airflow/.local/lib/python3.12/site-packages/airflow/example_dags/example_skip_dag.py
[2026-07-31T12:19:01.398+0000] {processor.py:840} INFO - DAG(s) 'example_skip_dag' retrieved from /home/airflow/.local/lib/python3.12/site-packages/airflow/example_dags/example_skip_dag.py
[2026-07-31T12:19:01.425+0000] {logging_mixin.py:188} INFO - [2026-07-31T12:19:01.425+0000] {dag.py:3089} INFO - Sync 1 DAGs
[2026-07-31T12:19:01.455+0000] {logging_mixin.py:188} INFO - [2026-07-31T12:19:01.455+0000] {dag.py:3947} INFO - Setting next_dagrun for example_skip_dag to 2026-07-30 00:00:00+00:00, run_after=2026-07-31 00:00:00+00:00
[2026-07-31T12:19:01.490+0000] {processor.py:183} INFO - Processing /home/airflow/.local/lib/python3.12/site-packages/airflow/example_dags/example_skip_dag.py took 0.112 seconds
[2026-07-31T12:19:31.679+0000] {processor.py:161} INFO - Started process (PID=8874) to work on /home/airflow/.local/lib/python3.12/site-packages/airflow/example_dags/example_skip_dag.py
[2026-07-31T12:19:31.682+0000] {processor.py:830} INFO - Processing file /home/airflow/.local/lib/python3.12/site-packages/airflow/example_dags/example_skip_dag.py for tasks to queue
[2026-07-31T12:19:31.687+0000] {logging_mixin.py:188} INFO - [2026-07-31T12:19:31.686+0000] {dagbag.py:545} INFO - Filling up the DagBag from /home/airflow/.local/lib/python3.12/site-packages/airflow/example_dags/example_skip_dag.py
[2026-07-31T12:19:31.729+0000] {processor.py:840} INFO - DAG(s) 'example_skip_dag' retrieved from /home/airflow/.local/lib/python3.12/site-packages/airflow/example_dags/example_skip_dag.py
[2026-07-31T12:19:31.792+0000] {logging_mixin.py:188} INFO - [2026-07-31T12:19:31.791+0000] {dag.py:3089} INFO - Sync 1 DAGs
[2026-07-31T12:19:31.853+0000] {logging_mixin.py:188} INFO - [2026-07-31T12:19:31.852+0000] {dag.py:3947} INFO - Setting next_dagrun for example_skip_dag to 2026-07-30 00:00:00+00:00, run_after=2026-07-31 00:00:00+00:00
[2026-07-31T12:19:31.916+0000] {processor.py:183} INFO - Processing /home/airflow/.local/lib/python3.12/site-packages/airflow/example_dags/example_skip_dag.py took 0.252 seconds
[2026-07-31T12:20:02.713+0000] {processor.py:161} INFO - Started process (PID=8932) to work on /home/airflow/.local/lib/python3.12/site-packages/airflow/example_dags/example_skip_dag.py
[2026-07-31T12:20:02.718+0000] {processor.py:830} INFO - Processing file /home/airflow/.local/lib/python3.12/site-packages/airflow/example_dags/example_skip_dag.py for tasks to queue
[2026-07-31T12:20:02.721+0000] {logging_mixin.py:188} INFO - [2026-07-31T12:20:02.721+0000] {dagbag.py:545} INFO - Filling up the DagBag from /home/airflow/.local/lib/python3.12/site-packages/airflow/example_dags/example_skip_dag.py
[2026-07-31T12:20:02.734+0000] {processor.py:840} INFO - DAG(s) 'example_skip_dag' retrieved from /home/airflow/.local/lib/python3.12/site-packages/airflow/example_dags/example_skip_dag.py
[2026-07-31T12:20:02.769+0000] {logging_mixin.py:188} INFO - [2026-07-31T12:20:02.769+0000] {dag.py:3089} INFO - Sync 1 DAGs
[2026-07-31T12:20:02.858+0000] {logging_mixin.py:188} INFO - [2026-07-31T12:20:02.857+0000] {dag.py:3947} INFO - Setting next_dagrun for example_skip_dag to 2026-07-30 00:00:00+00:00, run_after=2026-07-31 00:00:00+00:00
[2026-07-31T12:20:02.929+0000] {processor.py:183} INFO - Processing /home/airflow/.local/lib/python3.12/site-packages/airflow/example_dags/example_skip_dag.py took 0.225 seconds
[2026-07-31T12:20:33.020+0000] {processor.py:161} INFO - Started process (PID=8990) to work on /home/airflow/.local/lib/python3.12/site-packages/airflow/example_dags/example_skip_dag.py
[2026-07-31T12:20:33.022+0000] {processor.py:830} INFO - Processing file /home/airflow/.local/lib/python3.12/site-packages/airflow/example_dags/example_skip_dag.py for tasks to queue
[2026-07-31T12:20:33.025+0000] {logging_mixin.py:188} INFO - [2026-07-31T12:20:33.025+0000] {dagbag.py:545} INFO - Filling up the DagBag from /home/airflow/.local/lib/python3.12/site-packages/airflow/example_dags/example_skip_dag.py
[2026-07-31T12:20:33.034+0000] {processor.py:840} INFO - DAG(s) 'example_skip_dag' retrieved from /home/airflow/.local/lib/python3.12/site-packages/airflow/example_dags/example_skip_dag.py
[2026-07-31T12:20:33.060+0000] {logging_mixin.py:188} INFO - [2026-07-31T12:20:33.060+0000] {dag.py:3089} INFO - Sync 1 DAGs
[2026-07-31T12:20:33.089+0000] {logging_mixin.py:188} INFO - [2026-07-31T12:20:33.088+0000] {dag.py:3947} INFO - Setting next_dagrun for example_skip_dag to 2026-07-30 00:00:00+00:00, run_after=2026-07-31 00:00:00+00:00
[2026-07-31T12:20:33.114+0000] {processor.py:183} INFO - Processing /home/airflow/.local/lib/python3.12/site-packages/airflow/example_dags/example_skip_dag.py took 0.104 seconds
