[2026-07-31T10:53:29.134+0000] {processor.py:161} INFO - Started process (PID=139) to work on /home/airflow/.local/lib/python3.12/site-packages/airflow/example_dags/example_complex.py
[2026-07-31T10:53:29.144+0000] {processor.py:830} INFO - Processing file /home/airflow/.local/lib/python3.12/site-packages/airflow/example_dags/example_complex.py for tasks to queue
[2026-07-31T10:53:29.157+0000] {logging_mixin.py:188} INFO - [2026-07-31T10:53:29.156+0000] {dagbag.py:545} INFO - Filling up the DagBag from /home/airflow/.local/lib/python3.12/site-packages/airflow/example_dags/example_complex.py
[2026-07-31T10:53:29.192+0000] {processor.py:840} INFO - DAG(s) 'example_complex' retrieved from /home/airflow/.local/lib/python3.12/site-packages/airflow/example_dags/example_complex.py
[2026-07-31T10:53:29.881+0000] {logging_mixin.py:188} INFO - [2026-07-31T10:53:29.880+0000] {dag.py:3089} INFO - Sync 1 DAGs
[2026-07-31T10:53:29.999+0000] {logging_mixin.py:188} INFO - [2026-07-31T10:53:29.998+0000] {dag.py:3947} INFO - Setting next_dagrun for example_complex to None, run_after=None
[2026-07-31T10:53:30.187+0000] {processor.py:183} INFO - Processing /home/airflow/.local/lib/python3.12/site-packages/airflow/example_dags/example_complex.py took 1.193 seconds
[2026-07-31T10:54:45.214+0000] {processor.py:161} INFO - Started process (PID=202) to work on /home/airflow/.local/lib/python3.12/site-packages/airflow/example_dags/example_complex.py
[2026-07-31T10:54:45.218+0000] {processor.py:830} INFO - Processing file /home/airflow/.local/lib/python3.12/site-packages/airflow/example_dags/example_complex.py for tasks to queue
[2026-07-31T10:54:45.250+0000] {logging_mixin.py:188} INFO - [2026-07-31T10:54:45.249+0000] {dagbag.py:545} INFO - Filling up the DagBag from /home/airflow/.local/lib/python3.12/site-packages/airflow/example_dags/example_complex.py
[2026-07-31T10:54:45.329+0000] {processor.py:840} INFO - DAG(s) 'example_complex' retrieved from /home/airflow/.local/lib/python3.12/site-packages/airflow/example_dags/example_complex.py
[2026-07-31T10:54:45.611+0000] {logging_mixin.py:188} INFO - [2026-07-31T10:54:45.611+0000] {dag.py:3089} INFO - Sync 1 DAGs
[2026-07-31T10:54:45.751+0000] {logging_mixin.py:188} INFO - [2026-07-31T10:54:45.750+0000] {dag.py:3947} INFO - Setting next_dagrun for example_complex to None, run_after=None
[2026-07-31T10:54:46.010+0000] {processor.py:183} INFO - Processing /home/airflow/.local/lib/python3.12/site-packages/airflow/example_dags/example_complex.py took 0.858 seconds
[2026-07-31T10:55:27.857+0000] {processor.py:161} INFO - Started process (PID=260) to work on /home/airflow/.local/lib/python3.12/site-packages/airflow/example_dags/example_complex.py
[2026-07-31T10:55:27.859+0000] {processor.py:830} INFO - Processing file /home/airflow/.local/lib/python3.12/site-packages/airflow/example_dags/example_complex.py for tasks to queue
[2026-07-31T10:55:27.875+0000] {logging_mixin.py:188} INFO - [2026-07-31T10:55:27.874+0000] {dagbag.py:545} INFO - Filling up the DagBag from /home/airflow/.local/lib/python3.12/site-packages/airflow/example_dags/example_complex.py
[2026-07-31T10:55:27.957+0000] {processor.py:840} INFO - DAG(s) 'example_complex' retrieved from /home/airflow/.local/lib/python3.12/site-packages/airflow/example_dags/example_complex.py
[2026-07-31T10:55:28.299+0000] {logging_mixin.py:188} INFO - [2026-07-31T10:55:28.299+0000] {dag.py:3089} INFO - Sync 1 DAGs
[2026-07-31T10:55:28.421+0000] {logging_mixin.py:188} INFO - [2026-07-31T10:55:28.411+0000] {dag.py:3947} INFO - Setting next_dagrun for example_complex to None, run_after=None
[2026-07-31T10:55:28.537+0000] {processor.py:183} INFO - Processing /home/airflow/.local/lib/python3.12/site-packages/airflow/example_dags/example_complex.py took 0.746 seconds
[2026-07-31T10:55:59.161+0000] {processor.py:161} INFO - Started process (PID=316) to work on /home/airflow/.local/lib/python3.12/site-packages/airflow/example_dags/example_complex.py
[2026-07-31T10:55:59.164+0000] {processor.py:830} INFO - Processing file /home/airflow/.local/lib/python3.12/site-packages/airflow/example_dags/example_complex.py for tasks to queue
[2026-07-31T10:55:59.169+0000] {logging_mixin.py:188} INFO - [2026-07-31T10:55:59.168+0000] {dagbag.py:545} INFO - Filling up the DagBag from /home/airflow/.local/lib/python3.12/site-packages/airflow/example_dags/example_complex.py
[2026-07-31T10:55:59.198+0000] {processor.py:840} INFO - DAG(s) 'example_complex' retrieved from /home/airflow/.local/lib/python3.12/site-packages/airflow/example_dags/example_complex.py
[2026-07-31T10:55:59.274+0000] {logging_mixin.py:188} INFO - [2026-07-31T10:55:59.273+0000] {dag.py:3089} INFO - Sync 1 DAGs
[2026-07-31T10:55:59.303+0000] {logging_mixin.py:188} INFO - [2026-07-31T10:55:59.302+0000] {dag.py:3947} INFO - Setting next_dagrun for example_complex to None, run_after=None
[2026-07-31T10:55:59.344+0000] {processor.py:183} INFO - Processing /home/airflow/.local/lib/python3.12/site-packages/airflow/example_dags/example_complex.py took 0.200 seconds
[2026-07-31T10:56:29.748+0000] {processor.py:161} INFO - Started process (PID=374) to work on /home/airflow/.local/lib/python3.12/site-packages/airflow/example_dags/example_complex.py
[2026-07-31T10:56:29.749+0000] {processor.py:830} INFO - Processing file /home/airflow/.local/lib/python3.12/site-packages/airflow/example_dags/example_complex.py for tasks to queue
[2026-07-31T10:56:29.753+0000] {logging_mixin.py:188} INFO - [2026-07-31T10:56:29.752+0000] {dagbag.py:545} INFO - Filling up the DagBag from /home/airflow/.local/lib/python3.12/site-packages/airflow/example_dags/example_complex.py
[2026-07-31T10:56:29.767+0000] {processor.py:840} INFO - DAG(s) 'example_complex' retrieved from /home/airflow/.local/lib/python3.12/site-packages/airflow/example_dags/example_complex.py
[2026-07-31T10:56:29.816+0000] {logging_mixin.py:188} INFO - [2026-07-31T10:56:29.815+0000] {dag.py:3089} INFO - Sync 1 DAGs
[2026-07-31T10:56:29.842+0000] {logging_mixin.py:188} INFO - [2026-07-31T10:56:29.841+0000] {dag.py:3947} INFO - Setting next_dagrun for example_complex to None, run_after=None
[2026-07-31T10:56:29.870+0000] {processor.py:183} INFO - Processing /home/airflow/.local/lib/python3.12/site-packages/airflow/example_dags/example_complex.py took 0.131 seconds
[2026-07-31T10:57:00.457+0000] {processor.py:161} INFO - Started process (PID=432) to work on /home/airflow/.local/lib/python3.12/site-packages/airflow/example_dags/example_complex.py
[2026-07-31T10:57:00.460+0000] {processor.py:830} INFO - Processing file /home/airflow/.local/lib/python3.12/site-packages/airflow/example_dags/example_complex.py for tasks to queue
[2026-07-31T10:57:00.465+0000] {logging_mixin.py:188} INFO - [2026-07-31T10:57:00.464+0000] {dagbag.py:545} INFO - Filling up the DagBag from /home/airflow/.local/lib/python3.12/site-packages/airflow/example_dags/example_complex.py
[2026-07-31T10:57:00.486+0000] {processor.py:840} INFO - DAG(s) 'example_complex' retrieved from /home/airflow/.local/lib/python3.12/site-packages/airflow/example_dags/example_complex.py
[2026-07-31T10:57:00.547+0000] {logging_mixin.py:188} INFO - [2026-07-31T10:57:00.546+0000] {dag.py:3089} INFO - Sync 1 DAGs
[2026-07-31T10:57:00.569+0000] {logging_mixin.py:188} INFO - [2026-07-31T10:57:00.569+0000] {dag.py:3947} INFO - Setting next_dagrun for example_complex to None, run_after=None
[2026-07-31T10:57:00.608+0000] {processor.py:183} INFO - Processing /home/airflow/.local/lib/python3.12/site-packages/airflow/example_dags/example_complex.py took 0.163 seconds
[2026-07-31T10:57:34.340+0000] {processor.py:161} INFO - Started process (PID=490) to work on /home/airflow/.local/lib/python3.12/site-packages/airflow/example_dags/example_complex.py
[2026-07-31T10:57:34.346+0000] {processor.py:830} INFO - Processing file /home/airflow/.local/lib/python3.12/site-packages/airflow/example_dags/example_complex.py for tasks to queue
[2026-07-31T10:57:34.356+0000] {logging_mixin.py:188} INFO - [2026-07-31T10:57:34.356+0000] {dagbag.py:545} INFO - Filling up the DagBag from /home/airflow/.local/lib/python3.12/site-packages/airflow/example_dags/example_complex.py
[2026-07-31T10:57:34.382+0000] {processor.py:840} INFO - DAG(s) 'example_complex' retrieved from /home/airflow/.local/lib/python3.12/site-packages/airflow/example_dags/example_complex.py
[2026-07-31T10:57:34.486+0000] {logging_mixin.py:188} INFO - [2026-07-31T10:57:34.485+0000] {dag.py:3089} INFO - Sync 1 DAGs
[2026-07-31T10:57:34.520+0000] {logging_mixin.py:188} INFO - [2026-07-31T10:57:34.519+0000] {dag.py:3947} INFO - Setting next_dagrun for example_complex to None, run_after=None
[2026-07-31T10:57:34.558+0000] {processor.py:183} INFO - Processing /home/airflow/.local/lib/python3.12/site-packages/airflow/example_dags/example_complex.py took 0.234 seconds
[2026-07-31T10:58:06.037+0000] {processor.py:161} INFO - Started process (PID=552) to work on /home/airflow/.local/lib/python3.12/site-packages/airflow/example_dags/example_complex.py
[2026-07-31T10:58:06.041+0000] {processor.py:830} INFO - Processing file /home/airflow/.local/lib/python3.12/site-packages/airflow/example_dags/example_complex.py for tasks to queue
[2026-07-31T10:58:06.055+0000] {logging_mixin.py:188} INFO - [2026-07-31T10:58:06.052+0000] {dagbag.py:545} INFO - Filling up the DagBag from /home/airflow/.local/lib/python3.12/site-packages/airflow/example_dags/example_complex.py
[2026-07-31T10:58:06.104+0000] {processor.py:840} INFO - DAG(s) 'example_complex' retrieved from /home/airflow/.local/lib/python3.12/site-packages/airflow/example_dags/example_complex.py
[2026-07-31T10:58:06.241+0000] {logging_mixin.py:188} INFO - [2026-07-31T10:58:06.239+0000] {dag.py:3089} INFO - Sync 1 DAGs
[2026-07-31T10:58:06.308+0000] {logging_mixin.py:188} INFO - [2026-07-31T10:58:06.307+0000] {dag.py:3947} INFO - Setting next_dagrun for example_complex to None, run_after=None
[2026-07-31T10:58:06.415+0000] {processor.py:183} INFO - Processing /home/airflow/.local/lib/python3.12/site-packages/airflow/example_dags/example_complex.py took 0.397 seconds
[2026-07-31T10:58:37.495+0000] {processor.py:161} INFO - Started process (PID=610) to work on /home/airflow/.local/lib/python3.12/site-packages/airflow/example_dags/example_complex.py
[2026-07-31T10:58:37.498+0000] {processor.py:830} INFO - Processing file /home/airflow/.local/lib/python3.12/site-packages/airflow/example_dags/example_complex.py for tasks to queue
[2026-07-31T10:58:37.501+0000] {logging_mixin.py:188} INFO - [2026-07-31T10:58:37.501+0000] {dagbag.py:545} INFO - Filling up the DagBag from /home/airflow/.local/lib/python3.12/site-packages/airflow/example_dags/example_complex.py
[2026-07-31T10:58:37.524+0000] {processor.py:840} INFO - DAG(s) 'example_complex' retrieved from /home/airflow/.local/lib/python3.12/site-packages/airflow/example_dags/example_complex.py
[2026-07-31T10:58:37.606+0000] {logging_mixin.py:188} INFO - [2026-07-31T10:58:37.605+0000] {dag.py:3089} INFO - Sync 1 DAGs
[2026-07-31T10:58:37.638+0000] {logging_mixin.py:188} INFO - [2026-07-31T10:58:37.637+0000] {dag.py:3947} INFO - Setting next_dagrun for example_complex to None, run_after=None
[2026-07-31T10:58:37.681+0000] {processor.py:183} INFO - Processing /home/airflow/.local/lib/python3.12/site-packages/airflow/example_dags/example_complex.py took 0.197 seconds
[2026-07-31T10:59:07.927+0000] {processor.py:161} INFO - Started process (PID=666) to work on /home/airflow/.local/lib/python3.12/site-packages/airflow/example_dags/example_complex.py
[2026-07-31T10:59:07.929+0000] {processor.py:830} INFO - Processing file /home/airflow/.local/lib/python3.12/site-packages/airflow/example_dags/example_complex.py for tasks to queue
[2026-07-31T10:59:07.934+0000] {logging_mixin.py:188} INFO - [2026-07-31T10:59:07.933+0000] {dagbag.py:545} INFO - Filling up the DagBag from /home/airflow/.local/lib/python3.12/site-packages/airflow/example_dags/example_complex.py
[2026-07-31T10:59:07.954+0000] {processor.py:840} INFO - DAG(s) 'example_complex' retrieved from /home/airflow/.local/lib/python3.12/site-packages/airflow/example_dags/example_complex.py
[2026-07-31T10:59:08.008+0000] {logging_mixin.py:188} INFO - [2026-07-31T10:59:08.008+0000] {dag.py:3089} INFO - Sync 1 DAGs
[2026-07-31T10:59:08.039+0000] {logging_mixin.py:188} INFO - [2026-07-31T10:59:08.039+0000] {dag.py:3947} INFO - Setting next_dagrun for example_complex to None, run_after=None
[2026-07-31T10:59:08.088+0000] {processor.py:183} INFO - Processing /home/airflow/.local/lib/python3.12/site-packages/airflow/example_dags/example_complex.py took 0.175 seconds
[2026-07-31T10:59:38.509+0000] {processor.py:161} INFO - Started process (PID=724) to work on /home/airflow/.local/lib/python3.12/site-packages/airflow/example_dags/example_complex.py
[2026-07-31T10:59:38.511+0000] {processor.py:830} INFO - Processing file /home/airflow/.local/lib/python3.12/site-packages/airflow/example_dags/example_complex.py for tasks to queue
[2026-07-31T10:59:38.515+0000] {logging_mixin.py:188} INFO - [2026-07-31T10:59:38.514+0000] {dagbag.py:545} INFO - Filling up the DagBag from /home/airflow/.local/lib/python3.12/site-packages/airflow/example_dags/example_complex.py
[2026-07-31T10:59:38.530+0000] {processor.py:840} INFO - DAG(s) 'example_complex' retrieved from /home/airflow/.local/lib/python3.12/site-packages/airflow/example_dags/example_complex.py
[2026-07-31T10:59:38.575+0000] {logging_mixin.py:188} INFO - [2026-07-31T10:59:38.575+0000] {dag.py:3089} INFO - Sync 1 DAGs
[2026-07-31T10:59:38.594+0000] {logging_mixin.py:188} INFO - [2026-07-31T10:59:38.593+0000] {dag.py:3947} INFO - Setting next_dagrun for example_complex to None, run_after=None
[2026-07-31T10:59:38.623+0000] {processor.py:183} INFO - Processing /home/airflow/.local/lib/python3.12/site-packages/airflow/example_dags/example_complex.py took 0.122 seconds
[2026-07-31T11:00:08.948+0000] {processor.py:161} INFO - Started process (PID=782) to work on /home/airflow/.local/lib/python3.12/site-packages/airflow/example_dags/example_complex.py
[2026-07-31T11:00:08.950+0000] {processor.py:830} INFO - Processing file /home/airflow/.local/lib/python3.12/site-packages/airflow/example_dags/example_complex.py for tasks to queue
[2026-07-31T11:00:08.954+0000] {logging_mixin.py:188} INFO - [2026-07-31T11:00:08.954+0000] {dagbag.py:545} INFO - Filling up the DagBag from /home/airflow/.local/lib/python3.12/site-packages/airflow/example_dags/example_complex.py
[2026-07-31T11:00:08.973+0000] {processor.py:840} INFO - DAG(s) 'example_complex' retrieved from /home/airflow/.local/lib/python3.12/site-packages/airflow/example_dags/example_complex.py
[2026-07-31T11:00:09.032+0000] {logging_mixin.py:188} INFO - [2026-07-31T11:00:09.031+0000] {dag.py:3089} INFO - Sync 1 DAGs
[2026-07-31T11:00:09.069+0000] {logging_mixin.py:188} INFO - [2026-07-31T11:00:09.069+0000] {dag.py:3947} INFO - Setting next_dagrun for example_complex to None, run_after=None
[2026-07-31T11:00:09.120+0000] {processor.py:183} INFO - Processing /home/airflow/.local/lib/python3.12/site-packages/airflow/example_dags/example_complex.py took 0.186 seconds
[2026-07-31T11:00:40.521+0000] {processor.py:161} INFO - Started process (PID=840) to work on /home/airflow/.local/lib/python3.12/site-packages/airflow/example_dags/example_complex.py
[2026-07-31T11:00:40.525+0000] {processor.py:830} INFO - Processing file /home/airflow/.local/lib/python3.12/site-packages/airflow/example_dags/example_complex.py for tasks to queue
[2026-07-31T11:00:40.530+0000] {logging_mixin.py:188} INFO - [2026-07-31T11:00:40.529+0000] {dagbag.py:545} INFO - Filling up the DagBag from /home/airflow/.local/lib/python3.12/site-packages/airflow/example_dags/example_complex.py
[2026-07-31T11:00:40.557+0000] {processor.py:840} INFO - DAG(s) 'example_complex' retrieved from /home/airflow/.local/lib/python3.12/site-packages/airflow/example_dags/example_complex.py
[2026-07-31T11:00:40.637+0000] {logging_mixin.py:188} INFO - [2026-07-31T11:00:40.636+0000] {dag.py:3089} INFO - Sync 1 DAGs
[2026-07-31T11:00:40.679+0000] {logging_mixin.py:188} INFO - [2026-07-31T11:00:40.679+0000] {dag.py:3947} INFO - Setting next_dagrun for example_complex to None, run_after=None
[2026-07-31T11:00:40.740+0000] {processor.py:183} INFO - Processing /home/airflow/.local/lib/python3.12/site-packages/airflow/example_dags/example_complex.py took 0.233 seconds
[2026-07-31T11:01:11.218+0000] {processor.py:161} INFO - Started process (PID=898) to work on /home/airflow/.local/lib/python3.12/site-packages/airflow/example_dags/example_complex.py
[2026-07-31T11:01:11.220+0000] {processor.py:830} INFO - Processing file /home/airflow/.local/lib/python3.12/site-packages/airflow/example_dags/example_complex.py for tasks to queue
[2026-07-31T11:01:11.225+0000] {logging_mixin.py:188} INFO - [2026-07-31T11:01:11.224+0000] {dagbag.py:545} INFO - Filling up the DagBag from /home/airflow/.local/lib/python3.12/site-packages/airflow/example_dags/example_complex.py
[2026-07-31T11:01:11.242+0000] {processor.py:840} INFO - DAG(s) 'example_complex' retrieved from /home/airflow/.local/lib/python3.12/site-packages/airflow/example_dags/example_complex.py
[2026-07-31T11:01:11.294+0000] {logging_mixin.py:188} INFO - [2026-07-31T11:01:11.293+0000] {dag.py:3089} INFO - Sync 1 DAGs
[2026-07-31T11:01:11.319+0000] {logging_mixin.py:188} INFO - [2026-07-31T11:01:11.318+0000] {dag.py:3947} INFO - Setting next_dagrun for example_complex to None, run_after=None
[2026-07-31T11:01:11.363+0000] {processor.py:183} INFO - Processing /home/airflow/.local/lib/python3.12/site-packages/airflow/example_dags/example_complex.py took 0.156 seconds
[2026-07-31T11:01:42.086+0000] {processor.py:161} INFO - Started process (PID=956) to work on /home/airflow/.local/lib/python3.12/site-packages/airflow/example_dags/example_complex.py
[2026-07-31T11:01:42.089+0000] {processor.py:830} INFO - Processing file /home/airflow/.local/lib/python3.12/site-packages/airflow/example_dags/example_complex.py for tasks to queue
[2026-07-31T11:01:42.092+0000] {logging_mixin.py:188} INFO - [2026-07-31T11:01:42.092+0000] {dagbag.py:545} INFO - Filling up the DagBag from /home/airflow/.local/lib/python3.12/site-packages/airflow/example_dags/example_complex.py
[2026-07-31T11:01:42.109+0000] {processor.py:840} INFO - DAG(s) 'example_complex' retrieved from /home/airflow/.local/lib/python3.12/site-packages/airflow/example_dags/example_complex.py
[2026-07-31T11:01:42.167+0000] {logging_mixin.py:188} INFO - [2026-07-31T11:01:42.165+0000] {dag.py:3089} INFO - Sync 1 DAGs
[2026-07-31T11:01:42.197+0000] {logging_mixin.py:188} INFO - [2026-07-31T11:01:42.197+0000] {dag.py:3947} INFO - Setting next_dagrun for example_complex to None, run_after=None
[2026-07-31T11:01:42.233+0000] {processor.py:183} INFO - Processing /home/airflow/.local/lib/python3.12/site-packages/airflow/example_dags/example_complex.py took 0.157 seconds
[2026-07-31T11:02:13.008+0000] {processor.py:161} INFO - Started process (PID=1014) to work on /home/airflow/.local/lib/python3.12/site-packages/airflow/example_dags/example_complex.py
[2026-07-31T11:02:13.014+0000] {processor.py:830} INFO - Processing file /home/airflow/.local/lib/python3.12/site-packages/airflow/example_dags/example_complex.py for tasks to queue
[2026-07-31T11:02:13.030+0000] {logging_mixin.py:188} INFO - [2026-07-31T11:02:13.020+0000] {dagbag.py:545} INFO - Filling up the DagBag from /home/airflow/.local/lib/python3.12/site-packages/airflow/example_dags/example_complex.py
[2026-07-31T11:02:13.071+0000] {processor.py:840} INFO - DAG(s) 'example_complex' retrieved from /home/airflow/.local/lib/python3.12/site-packages/airflow/example_dags/example_complex.py
[2026-07-31T11:02:13.129+0000] {logging_mixin.py:188} INFO - [2026-07-31T11:02:13.129+0000] {dag.py:3089} INFO - Sync 1 DAGs
[2026-07-31T11:02:13.149+0000] {logging_mixin.py:188} INFO - [2026-07-31T11:02:13.149+0000] {dag.py:3947} INFO - Setting next_dagrun for example_complex to None, run_after=None
[2026-07-31T11:02:13.205+0000] {processor.py:183} INFO - Processing /home/airflow/.local/lib/python3.12/site-packages/airflow/example_dags/example_complex.py took 0.223 seconds
[2026-07-31T11:02:53.692+0000] {processor.py:161} INFO - Started process (PID=1072) to work on /home/airflow/.local/lib/python3.12/site-packages/airflow/example_dags/example_complex.py
[2026-07-31T11:02:53.706+0000] {processor.py:830} INFO - Processing file /home/airflow/.local/lib/python3.12/site-packages/airflow/example_dags/example_complex.py for tasks to queue
[2026-07-31T11:02:53.722+0000] {logging_mixin.py:188} INFO - [2026-07-31T11:02:53.715+0000] {dagbag.py:545} INFO - Filling up the DagBag from /home/airflow/.local/lib/python3.12/site-packages/airflow/example_dags/example_complex.py
[2026-07-31T11:02:53.839+0000] {processor.py:840} INFO - DAG(s) 'example_complex' retrieved from /home/airflow/.local/lib/python3.12/site-packages/airflow/example_dags/example_complex.py
[2026-07-31T11:02:54.166+0000] {logging_mixin.py:188} INFO - [2026-07-31T11:02:54.165+0000] {dag.py:3089} INFO - Sync 1 DAGs
[2026-07-31T11:02:54.220+0000] {logging_mixin.py:188} INFO - [2026-07-31T11:02:54.219+0000] {dag.py:3947} INFO - Setting next_dagrun for example_complex to None, run_after=None
[2026-07-31T11:02:54.310+0000] {processor.py:183} INFO - Processing /home/airflow/.local/lib/python3.12/site-packages/airflow/example_dags/example_complex.py took 0.665 seconds
[2026-07-31T11:03:25.330+0000] {processor.py:161} INFO - Started process (PID=1129) to work on /home/airflow/.local/lib/python3.12/site-packages/airflow/example_dags/example_complex.py
[2026-07-31T11:03:25.343+0000] {processor.py:830} INFO - Processing file /home/airflow/.local/lib/python3.12/site-packages/airflow/example_dags/example_complex.py for tasks to queue
[2026-07-31T11:03:25.350+0000] {logging_mixin.py:188} INFO - [2026-07-31T11:03:25.349+0000] {dagbag.py:545} INFO - Filling up the DagBag from /home/airflow/.local/lib/python3.12/site-packages/airflow/example_dags/example_complex.py
[2026-07-31T11:03:25.455+0000] {processor.py:840} INFO - DAG(s) 'example_complex' retrieved from /home/airflow/.local/lib/python3.12/site-packages/airflow/example_dags/example_complex.py
[2026-07-31T11:03:25.739+0000] {logging_mixin.py:188} INFO - [2026-07-31T11:03:25.730+0000] {dag.py:3089} INFO - Sync 1 DAGs
[2026-07-31T11:03:25.868+0000] {logging_mixin.py:188} INFO - [2026-07-31T11:03:25.859+0000] {dag.py:3947} INFO - Setting next_dagrun for example_complex to None, run_after=None
[2026-07-31T11:03:25.978+0000] {processor.py:183} INFO - Processing /home/airflow/.local/lib/python3.12/site-packages/airflow/example_dags/example_complex.py took 0.686 seconds
[2026-07-31T11:03:57.883+0000] {processor.py:161} INFO - Started process (PID=1189) to work on /home/airflow/.local/lib/python3.12/site-packages/airflow/example_dags/example_complex.py
[2026-07-31T11:03:57.887+0000] {processor.py:830} INFO - Processing file /home/airflow/.local/lib/python3.12/site-packages/airflow/example_dags/example_complex.py for tasks to queue
[2026-07-31T11:03:57.896+0000] {logging_mixin.py:188} INFO - [2026-07-31T11:03:57.895+0000] {dagbag.py:545} INFO - Filling up the DagBag from /home/airflow/.local/lib/python3.12/site-packages/airflow/example_dags/example_complex.py
[2026-07-31T11:03:57.959+0000] {processor.py:840} INFO - DAG(s) 'example_complex' retrieved from /home/airflow/.local/lib/python3.12/site-packages/airflow/example_dags/example_complex.py
[2026-07-31T11:03:58.126+0000] {logging_mixin.py:188} INFO - [2026-07-31T11:03:58.125+0000] {dag.py:3089} INFO - Sync 1 DAGs
[2026-07-31T11:03:58.199+0000] {logging_mixin.py:188} INFO - [2026-07-31T11:03:58.197+0000] {dag.py:3947} INFO - Setting next_dagrun for example_complex to None, run_after=None
[2026-07-31T11:03:58.309+0000] {processor.py:183} INFO - Processing /home/airflow/.local/lib/python3.12/site-packages/airflow/example_dags/example_complex.py took 0.449 seconds
[2026-07-31T11:04:32.905+0000] {processor.py:161} INFO - Started process (PID=1247) to work on /home/airflow/.local/lib/python3.12/site-packages/airflow/example_dags/example_complex.py
[2026-07-31T11:04:32.934+0000] {processor.py:830} INFO - Processing file /home/airflow/.local/lib/python3.12/site-packages/airflow/example_dags/example_complex.py for tasks to queue
[2026-07-31T11:04:32.986+0000] {logging_mixin.py:188} INFO - [2026-07-31T11:04:32.956+0000] {dagbag.py:545} INFO - Filling up the DagBag from /home/airflow/.local/lib/python3.12/site-packages/airflow/example_dags/example_complex.py
[2026-07-31T11:04:33.183+0000] {processor.py:840} INFO - DAG(s) 'example_complex' retrieved from /home/airflow/.local/lib/python3.12/site-packages/airflow/example_dags/example_complex.py
[2026-07-31T11:04:33.499+0000] {logging_mixin.py:188} INFO - [2026-07-31T11:04:33.495+0000] {dag.py:3089} INFO - Sync 1 DAGs
[2026-07-31T11:04:33.669+0000] {logging_mixin.py:188} INFO - [2026-07-31T11:04:33.668+0000] {dag.py:3947} INFO - Setting next_dagrun for example_complex to None, run_after=None
[2026-07-31T11:04:34.053+0000] {processor.py:183} INFO - Processing /home/airflow/.local/lib/python3.12/site-packages/airflow/example_dags/example_complex.py took 1.276 seconds
[2026-07-31T11:05:41.624+0000] {processor.py:161} INFO - Started process (PID=1323) to work on /home/airflow/.local/lib/python3.12/site-packages/airflow/example_dags/example_complex.py
[2026-07-31T11:05:41.628+0000] {processor.py:830} INFO - Processing file /home/airflow/.local/lib/python3.12/site-packages/airflow/example_dags/example_complex.py for tasks to queue
[2026-07-31T11:05:41.636+0000] {logging_mixin.py:188} INFO - [2026-07-31T11:05:41.635+0000] {dagbag.py:545} INFO - Filling up the DagBag from /home/airflow/.local/lib/python3.12/site-packages/airflow/example_dags/example_complex.py
[2026-07-31T11:05:41.673+0000] {processor.py:840} INFO - DAG(s) 'example_complex' retrieved from /home/airflow/.local/lib/python3.12/site-packages/airflow/example_dags/example_complex.py
[2026-07-31T11:05:41.806+0000] {logging_mixin.py:188} INFO - [2026-07-31T11:05:41.804+0000] {dag.py:3089} INFO - Sync 1 DAGs
[2026-07-31T11:05:41.863+0000] {logging_mixin.py:188} INFO - [2026-07-31T11:05:41.862+0000] {dag.py:3947} INFO - Setting next_dagrun for example_complex to None, run_after=None
[2026-07-31T11:05:41.950+0000] {processor.py:183} INFO - Processing /home/airflow/.local/lib/python3.12/site-packages/airflow/example_dags/example_complex.py took 0.351 seconds
[2026-07-31T11:06:25.306+0000] {processor.py:161} INFO - Started process (PID=1387) to work on /home/airflow/.local/lib/python3.12/site-packages/airflow/example_dags/example_complex.py
[2026-07-31T11:06:25.310+0000] {processor.py:830} INFO - Processing file /home/airflow/.local/lib/python3.12/site-packages/airflow/example_dags/example_complex.py for tasks to queue
[2026-07-31T11:06:25.316+0000] {logging_mixin.py:188} INFO - [2026-07-31T11:06:25.315+0000] {dagbag.py:545} INFO - Filling up the DagBag from /home/airflow/.local/lib/python3.12/site-packages/airflow/example_dags/example_complex.py
[2026-07-31T11:06:25.360+0000] {processor.py:840} INFO - DAG(s) 'example_complex' retrieved from /home/airflow/.local/lib/python3.12/site-packages/airflow/example_dags/example_complex.py
[2026-07-31T11:06:25.472+0000] {logging_mixin.py:188} INFO - [2026-07-31T11:06:25.471+0000] {dag.py:3089} INFO - Sync 1 DAGs
[2026-07-31T11:06:25.512+0000] {logging_mixin.py:188} INFO - [2026-07-31T11:06:25.512+0000] {dag.py:3947} INFO - Setting next_dagrun for example_complex to None, run_after=None
[2026-07-31T11:06:25.584+0000] {processor.py:183} INFO - Processing /home/airflow/.local/lib/python3.12/site-packages/airflow/example_dags/example_complex.py took 0.298 seconds
[2026-07-31T11:06:55.677+0000] {processor.py:161} INFO - Started process (PID=1446) to work on /home/airflow/.local/lib/python3.12/site-packages/airflow/example_dags/example_complex.py
[2026-07-31T11:06:55.680+0000] {processor.py:830} INFO - Processing file /home/airflow/.local/lib/python3.12/site-packages/airflow/example_dags/example_complex.py for tasks to queue
[2026-07-31T11:06:55.685+0000] {logging_mixin.py:188} INFO - [2026-07-31T11:06:55.684+0000] {dagbag.py:545} INFO - Filling up the DagBag from /home/airflow/.local/lib/python3.12/site-packages/airflow/example_dags/example_complex.py
[2026-07-31T11:06:55.708+0000] {processor.py:840} INFO - DAG(s) 'example_complex' retrieved from /home/airflow/.local/lib/python3.12/site-packages/airflow/example_dags/example_complex.py
[2026-07-31T11:06:55.787+0000] {logging_mixin.py:188} INFO - [2026-07-31T11:06:55.786+0000] {dag.py:3089} INFO - Sync 1 DAGs
[2026-07-31T11:06:55.832+0000] {logging_mixin.py:188} INFO - [2026-07-31T11:06:55.831+0000] {dag.py:3947} INFO - Setting next_dagrun for example_complex to None, run_after=None
[2026-07-31T11:06:55.904+0000] {processor.py:183} INFO - Processing /home/airflow/.local/lib/python3.12/site-packages/airflow/example_dags/example_complex.py took 0.242 seconds
[2026-07-31T11:08:21.695+0000] {processor.py:161} INFO - Started process (PID=1516) to work on /home/airflow/.local/lib/python3.12/site-packages/airflow/example_dags/example_complex.py
[2026-07-31T11:08:21.713+0000] {processor.py:830} INFO - Processing file /home/airflow/.local/lib/python3.12/site-packages/airflow/example_dags/example_complex.py for tasks to queue
[2026-07-31T11:08:21.760+0000] {logging_mixin.py:188} INFO - [2026-07-31T11:08:21.758+0000] {dagbag.py:545} INFO - Filling up the DagBag from /home/airflow/.local/lib/python3.12/site-packages/airflow/example_dags/example_complex.py
[2026-07-31T11:08:21.970+0000] {processor.py:840} INFO - DAG(s) 'example_complex' retrieved from /home/airflow/.local/lib/python3.12/site-packages/airflow/example_dags/example_complex.py
[2026-07-31T11:08:22.879+0000] {logging_mixin.py:188} INFO - [2026-07-31T11:08:22.878+0000] {dag.py:3089} INFO - Sync 1 DAGs
[2026-07-31T11:08:23.165+0000] {logging_mixin.py:188} INFO - [2026-07-31T11:08:23.164+0000] {dag.py:3947} INFO - Setting next_dagrun for example_complex to None, run_after=None
[2026-07-31T11:08:23.522+0000] {processor.py:183} INFO - Processing /home/airflow/.local/lib/python3.12/site-packages/airflow/example_dags/example_complex.py took 1.943 seconds
[2026-07-31T11:09:20.058+0000] {processor.py:161} INFO - Started process (PID=1585) to work on /home/airflow/.local/lib/python3.12/site-packages/airflow/example_dags/example_complex.py
[2026-07-31T11:09:20.075+0000] {processor.py:830} INFO - Processing file /home/airflow/.local/lib/python3.12/site-packages/airflow/example_dags/example_complex.py for tasks to queue
[2026-07-31T11:09:20.093+0000] {logging_mixin.py:188} INFO - [2026-07-31T11:09:20.091+0000] {dagbag.py:545} INFO - Filling up the DagBag from /home/airflow/.local/lib/python3.12/site-packages/airflow/example_dags/example_complex.py
[2026-07-31T11:09:20.256+0000] {processor.py:840} INFO - DAG(s) 'example_complex' retrieved from /home/airflow/.local/lib/python3.12/site-packages/airflow/example_dags/example_complex.py
[2026-07-31T11:09:20.609+0000] {logging_mixin.py:188} INFO - [2026-07-31T11:09:20.608+0000] {dag.py:3089} INFO - Sync 1 DAGs
[2026-07-31T11:09:20.768+0000] {logging_mixin.py:188} INFO - [2026-07-31T11:09:20.767+0000] {dag.py:3947} INFO - Setting next_dagrun for example_complex to None, run_after=None
[2026-07-31T11:09:21.066+0000] {processor.py:183} INFO - Processing /home/airflow/.local/lib/python3.12/site-packages/airflow/example_dags/example_complex.py took 1.049 seconds
[2026-07-31T11:10:13.285+0000] {processor.py:161} INFO - Started process (PID=1642) to work on /home/airflow/.local/lib/python3.12/site-packages/airflow/example_dags/example_complex.py
[2026-07-31T11:10:13.309+0000] {processor.py:830} INFO - Processing file /home/airflow/.local/lib/python3.12/site-packages/airflow/example_dags/example_complex.py for tasks to queue
[2026-07-31T11:10:13.329+0000] {logging_mixin.py:188} INFO - [2026-07-31T11:10:13.328+0000] {dagbag.py:545} INFO - Filling up the DagBag from /home/airflow/.local/lib/python3.12/site-packages/airflow/example_dags/example_complex.py
[2026-07-31T11:10:13.424+0000] {processor.py:840} INFO - DAG(s) 'example_complex' retrieved from /home/airflow/.local/lib/python3.12/site-packages/airflow/example_dags/example_complex.py
[2026-07-31T11:10:14.021+0000] {logging_mixin.py:188} INFO - [2026-07-31T11:10:14.020+0000] {dag.py:3089} INFO - Sync 1 DAGs
[2026-07-31T11:10:14.508+0000] {logging_mixin.py:188} INFO - [2026-07-31T11:10:14.507+0000] {dag.py:3947} INFO - Setting next_dagrun for example_complex to None, run_after=None
[2026-07-31T11:10:14.653+0000] {processor.py:183} INFO - Processing /home/airflow/.local/lib/python3.12/site-packages/airflow/example_dags/example_complex.py took 1.451 seconds
[2026-07-31T11:11:00.753+0000] {processor.py:161} INFO - Started process (PID=1705) to work on /home/airflow/.local/lib/python3.12/site-packages/airflow/example_dags/example_complex.py
[2026-07-31T11:11:00.812+0000] {processor.py:830} INFO - Processing file /home/airflow/.local/lib/python3.12/site-packages/airflow/example_dags/example_complex.py for tasks to queue
[2026-07-31T11:11:00.858+0000] {logging_mixin.py:188} INFO - [2026-07-31T11:11:00.857+0000] {dagbag.py:545} INFO - Filling up the DagBag from /home/airflow/.local/lib/python3.12/site-packages/airflow/example_dags/example_complex.py
[2026-07-31T11:11:01.132+0000] {processor.py:840} INFO - DAG(s) 'example_complex' retrieved from /home/airflow/.local/lib/python3.12/site-packages/airflow/example_dags/example_complex.py
[2026-07-31T11:11:01.975+0000] {logging_mixin.py:188} INFO - [2026-07-31T11:11:01.974+0000] {dag.py:3089} INFO - Sync 1 DAGs
[2026-07-31T11:11:02.537+0000] {logging_mixin.py:188} INFO - [2026-07-31T11:11:02.536+0000] {dag.py:3947} INFO - Setting next_dagrun for example_complex to None, run_after=None
[2026-07-31T11:11:02.878+0000] {processor.py:183} INFO - Processing /home/airflow/.local/lib/python3.12/site-packages/airflow/example_dags/example_complex.py took 2.221 seconds
[2026-07-31T11:12:13.310+0000] {processor.py:161} INFO - Started process (PID=1765) to work on /home/airflow/.local/lib/python3.12/site-packages/airflow/example_dags/example_complex.py
[2026-07-31T11:12:13.317+0000] {processor.py:830} INFO - Processing file /home/airflow/.local/lib/python3.12/site-packages/airflow/example_dags/example_complex.py for tasks to queue
[2026-07-31T11:12:13.330+0000] {logging_mixin.py:188} INFO - [2026-07-31T11:12:13.327+0000] {dagbag.py:545} INFO - Filling up the DagBag from /home/airflow/.local/lib/python3.12/site-packages/airflow/example_dags/example_complex.py
[2026-07-31T11:12:13.912+0000] {processor.py:840} INFO - DAG(s) 'example_complex' retrieved from /home/airflow/.local/lib/python3.12/site-packages/airflow/example_dags/example_complex.py
[2026-07-31T11:12:14.059+0000] {logging_mixin.py:188} INFO - [2026-07-31T11:12:14.058+0000] {dag.py:3089} INFO - Sync 1 DAGs
[2026-07-31T11:12:14.118+0000] {logging_mixin.py:188} INFO - [2026-07-31T11:12:14.118+0000] {dag.py:3947} INFO - Setting next_dagrun for example_complex to None, run_after=None
[2026-07-31T11:12:14.256+0000] {processor.py:183} INFO - Processing /home/airflow/.local/lib/python3.12/site-packages/airflow/example_dags/example_complex.py took 0.974 seconds
[2026-07-31T11:12:44.771+0000] {processor.py:161} INFO - Started process (PID=1822) to work on /home/airflow/.local/lib/python3.12/site-packages/airflow/example_dags/example_complex.py
[2026-07-31T11:12:44.778+0000] {processor.py:830} INFO - Processing file /home/airflow/.local/lib/python3.12/site-packages/airflow/example_dags/example_complex.py for tasks to queue
[2026-07-31T11:12:44.787+0000] {logging_mixin.py:188} INFO - [2026-07-31T11:12:44.786+0000] {dagbag.py:545} INFO - Filling up the DagBag from /home/airflow/.local/lib/python3.12/site-packages/airflow/example_dags/example_complex.py
[2026-07-31T11:12:44.833+0000] {processor.py:840} INFO - DAG(s) 'example_complex' retrieved from /home/airflow/.local/lib/python3.12/site-packages/airflow/example_dags/example_complex.py
[2026-07-31T11:12:45.064+0000] {logging_mixin.py:188} INFO - [2026-07-31T11:12:45.063+0000] {dag.py:3089} INFO - Sync 1 DAGs
[2026-07-31T11:12:45.137+0000] {logging_mixin.py:188} INFO - [2026-07-31T11:12:45.136+0000] {dag.py:3947} INFO - Setting next_dagrun for example_complex to None, run_after=None
[2026-07-31T11:12:45.225+0000] {processor.py:183} INFO - Processing /home/airflow/.local/lib/python3.12/site-packages/airflow/example_dags/example_complex.py took 0.483 seconds
[2026-07-31T11:13:16.091+0000] {processor.py:161} INFO - Started process (PID=1881) to work on /home/airflow/.local/lib/python3.12/site-packages/airflow/example_dags/example_complex.py
[2026-07-31T11:13:16.095+0000] {processor.py:830} INFO - Processing file /home/airflow/.local/lib/python3.12/site-packages/airflow/example_dags/example_complex.py for tasks to queue
[2026-07-31T11:13:16.113+0000] {logging_mixin.py:188} INFO - [2026-07-31T11:13:16.112+0000] {dagbag.py:545} INFO - Filling up the DagBag from /home/airflow/.local/lib/python3.12/site-packages/airflow/example_dags/example_complex.py
[2026-07-31T11:13:16.228+0000] {processor.py:840} INFO - DAG(s) 'example_complex' retrieved from /home/airflow/.local/lib/python3.12/site-packages/airflow/example_dags/example_complex.py
[2026-07-31T11:13:16.610+0000] {logging_mixin.py:188} INFO - [2026-07-31T11:13:16.609+0000] {dag.py:3089} INFO - Sync 1 DAGs
[2026-07-31T11:13:16.718+0000] {logging_mixin.py:188} INFO - [2026-07-31T11:13:16.717+0000] {dag.py:3947} INFO - Setting next_dagrun for example_complex to None, run_after=None
[2026-07-31T11:13:16.912+0000] {processor.py:183} INFO - Processing /home/airflow/.local/lib/python3.12/site-packages/airflow/example_dags/example_complex.py took 0.865 seconds
[2026-07-31T11:14:02.874+0000] {processor.py:161} INFO - Started process (PID=1940) to work on /home/airflow/.local/lib/python3.12/site-packages/airflow/example_dags/example_complex.py
[2026-07-31T11:14:02.879+0000] {processor.py:830} INFO - Processing file /home/airflow/.local/lib/python3.12/site-packages/airflow/example_dags/example_complex.py for tasks to queue
[2026-07-31T11:14:02.895+0000] {logging_mixin.py:188} INFO - [2026-07-31T11:14:02.887+0000] {dagbag.py:545} INFO - Filling up the DagBag from /home/airflow/.local/lib/python3.12/site-packages/airflow/example_dags/example_complex.py
[2026-07-31T11:14:02.971+0000] {processor.py:840} INFO - DAG(s) 'example_complex' retrieved from /home/airflow/.local/lib/python3.12/site-packages/airflow/example_dags/example_complex.py
[2026-07-31T11:14:03.170+0000] {logging_mixin.py:188} INFO - [2026-07-31T11:14:03.167+0000] {dag.py:3089} INFO - Sync 1 DAGs
[2026-07-31T11:14:03.250+0000] {logging_mixin.py:188} INFO - [2026-07-31T11:14:03.249+0000] {dag.py:3947} INFO - Setting next_dagrun for example_complex to None, run_after=None
[2026-07-31T11:14:03.365+0000] {processor.py:183} INFO - Processing /home/airflow/.local/lib/python3.12/site-packages/airflow/example_dags/example_complex.py took 0.528 seconds
[2026-07-31T11:14:35.272+0000] {processor.py:161} INFO - Started process (PID=1996) to work on /home/airflow/.local/lib/python3.12/site-packages/airflow/example_dags/example_complex.py
[2026-07-31T11:14:35.276+0000] {processor.py:830} INFO - Processing file /home/airflow/.local/lib/python3.12/site-packages/airflow/example_dags/example_complex.py for tasks to queue
[2026-07-31T11:14:35.285+0000] {logging_mixin.py:188} INFO - [2026-07-31T11:14:35.284+0000] {dagbag.py:545} INFO - Filling up the DagBag from /home/airflow/.local/lib/python3.12/site-packages/airflow/example_dags/example_complex.py
[2026-07-31T11:14:35.343+0000] {processor.py:840} INFO - DAG(s) 'example_complex' retrieved from /home/airflow/.local/lib/python3.12/site-packages/airflow/example_dags/example_complex.py
[2026-07-31T11:14:35.435+0000] {logging_mixin.py:188} INFO - [2026-07-31T11:14:35.434+0000] {dag.py:3089} INFO - Sync 1 DAGs
[2026-07-31T11:14:35.473+0000] {logging_mixin.py:188} INFO - [2026-07-31T11:14:35.472+0000] {dag.py:3947} INFO - Setting next_dagrun for example_complex to None, run_after=None
[2026-07-31T11:14:35.528+0000] {processor.py:183} INFO - Processing /home/airflow/.local/lib/python3.12/site-packages/airflow/example_dags/example_complex.py took 0.288 seconds
[2026-07-31T11:15:07.443+0000] {processor.py:161} INFO - Started process (PID=2055) to work on /home/airflow/.local/lib/python3.12/site-packages/airflow/example_dags/example_complex.py
[2026-07-31T11:15:07.447+0000] {processor.py:830} INFO - Processing file /home/airflow/.local/lib/python3.12/site-packages/airflow/example_dags/example_complex.py for tasks to queue
[2026-07-31T11:15:07.458+0000] {logging_mixin.py:188} INFO - [2026-07-31T11:15:07.457+0000] {dagbag.py:545} INFO - Filling up the DagBag from /home/airflow/.local/lib/python3.12/site-packages/airflow/example_dags/example_complex.py
[2026-07-31T11:15:07.503+0000] {processor.py:840} INFO - DAG(s) 'example_complex' retrieved from /home/airflow/.local/lib/python3.12/site-packages/airflow/example_dags/example_complex.py
[2026-07-31T11:15:07.622+0000] {logging_mixin.py:188} INFO - [2026-07-31T11:15:07.621+0000] {dag.py:3089} INFO - Sync 1 DAGs
[2026-07-31T11:15:07.675+0000] {logging_mixin.py:188} INFO - [2026-07-31T11:15:07.674+0000] {dag.py:3947} INFO - Setting next_dagrun for example_complex to None, run_after=None
[2026-07-31T11:15:07.754+0000] {processor.py:183} INFO - Processing /home/airflow/.local/lib/python3.12/site-packages/airflow/example_dags/example_complex.py took 0.339 seconds
[2026-07-31T11:15:42.585+0000] {processor.py:161} INFO - Started process (PID=2118) to work on /home/airflow/.local/lib/python3.12/site-packages/airflow/example_dags/example_complex.py
[2026-07-31T11:15:42.593+0000] {processor.py:830} INFO - Processing file /home/airflow/.local/lib/python3.12/site-packages/airflow/example_dags/example_complex.py for tasks to queue
[2026-07-31T11:15:42.601+0000] {logging_mixin.py:188} INFO - [2026-07-31T11:15:42.600+0000] {dagbag.py:545} INFO - Filling up the DagBag from /home/airflow/.local/lib/python3.12/site-packages/airflow/example_dags/example_complex.py
[2026-07-31T11:15:42.658+0000] {processor.py:840} INFO - DAG(s) 'example_complex' retrieved from /home/airflow/.local/lib/python3.12/site-packages/airflow/example_dags/example_complex.py
[2026-07-31T11:15:42.770+0000] {logging_mixin.py:188} INFO - [2026-07-31T11:15:42.769+0000] {dag.py:3089} INFO - Sync 1 DAGs
[2026-07-31T11:15:42.825+0000] {logging_mixin.py:188} INFO - [2026-07-31T11:15:42.824+0000] {dag.py:3947} INFO - Setting next_dagrun for example_complex to None, run_after=None
[2026-07-31T11:15:42.919+0000] {processor.py:183} INFO - Processing /home/airflow/.local/lib/python3.12/site-packages/airflow/example_dags/example_complex.py took 0.390 seconds
[2026-07-31T11:16:13.667+0000] {processor.py:161} INFO - Started process (PID=2177) to work on /home/airflow/.local/lib/python3.12/site-packages/airflow/example_dags/example_complex.py
[2026-07-31T11:16:13.670+0000] {processor.py:830} INFO - Processing file /home/airflow/.local/lib/python3.12/site-packages/airflow/example_dags/example_complex.py for tasks to queue
[2026-07-31T11:16:13.674+0000] {logging_mixin.py:188} INFO - [2026-07-31T11:16:13.673+0000] {dagbag.py:545} INFO - Filling up the DagBag from /home/airflow/.local/lib/python3.12/site-packages/airflow/example_dags/example_complex.py
[2026-07-31T11:16:13.709+0000] {processor.py:840} INFO - DAG(s) 'example_complex' retrieved from /home/airflow/.local/lib/python3.12/site-packages/airflow/example_dags/example_complex.py
[2026-07-31T11:16:13.820+0000] {logging_mixin.py:188} INFO - [2026-07-31T11:16:13.819+0000] {dag.py:3089} INFO - Sync 1 DAGs
[2026-07-31T11:16:13.869+0000] {logging_mixin.py:188} INFO - [2026-07-31T11:16:13.868+0000] {dag.py:3947} INFO - Setting next_dagrun for example_complex to None, run_after=None
[2026-07-31T11:16:13.943+0000] {processor.py:183} INFO - Processing /home/airflow/.local/lib/python3.12/site-packages/airflow/example_dags/example_complex.py took 0.289 seconds
[2026-07-31T11:16:44.874+0000] {processor.py:161} INFO - Started process (PID=2235) to work on /home/airflow/.local/lib/python3.12/site-packages/airflow/example_dags/example_complex.py
[2026-07-31T11:16:44.876+0000] {processor.py:830} INFO - Processing file /home/airflow/.local/lib/python3.12/site-packages/airflow/example_dags/example_complex.py for tasks to queue
[2026-07-31T11:16:44.882+0000] {logging_mixin.py:188} INFO - [2026-07-31T11:16:44.880+0000] {dagbag.py:545} INFO - Filling up the DagBag from /home/airflow/.local/lib/python3.12/site-packages/airflow/example_dags/example_complex.py
[2026-07-31T11:16:44.914+0000] {processor.py:840} INFO - DAG(s) 'example_complex' retrieved from /home/airflow/.local/lib/python3.12/site-packages/airflow/example_dags/example_complex.py
[2026-07-31T11:16:45.007+0000] {logging_mixin.py:188} INFO - [2026-07-31T11:16:45.007+0000] {dag.py:3089} INFO - Sync 1 DAGs
[2026-07-31T11:16:45.044+0000] {logging_mixin.py:188} INFO - [2026-07-31T11:16:45.043+0000] {dag.py:3947} INFO - Setting next_dagrun for example_complex to None, run_after=None
[2026-07-31T11:16:45.086+0000] {processor.py:183} INFO - Processing /home/airflow/.local/lib/python3.12/site-packages/airflow/example_dags/example_complex.py took 0.230 seconds
[2026-07-31T11:17:16.494+0000] {processor.py:161} INFO - Started process (PID=2295) to work on /home/airflow/.local/lib/python3.12/site-packages/airflow/example_dags/example_complex.py
[2026-07-31T11:17:16.511+0000] {processor.py:830} INFO - Processing file /home/airflow/.local/lib/python3.12/site-packages/airflow/example_dags/example_complex.py for tasks to queue
[2026-07-31T11:17:16.530+0000] {logging_mixin.py:188} INFO - [2026-07-31T11:17:16.529+0000] {dagbag.py:545} INFO - Filling up the DagBag from /home/airflow/.local/lib/python3.12/site-packages/airflow/example_dags/example_complex.py
[2026-07-31T11:17:16.632+0000] {processor.py:840} INFO - DAG(s) 'example_complex' retrieved from /home/airflow/.local/lib/python3.12/site-packages/airflow/example_dags/example_complex.py
[2026-07-31T11:17:16.832+0000] {logging_mixin.py:188} INFO - [2026-07-31T11:17:16.831+0000] {dag.py:3089} INFO - Sync 1 DAGs
[2026-07-31T11:17:16.910+0000] {logging_mixin.py:188} INFO - [2026-07-31T11:17:16.910+0000] {dag.py:3947} INFO - Setting next_dagrun for example_complex to None, run_after=None
[2026-07-31T11:17:17.086+0000] {processor.py:183} INFO - Processing /home/airflow/.local/lib/python3.12/site-packages/airflow/example_dags/example_complex.py took 0.655 seconds
[2026-07-31T11:17:59.710+0000] {processor.py:161} INFO - Started process (PID=2356) to work on /home/airflow/.local/lib/python3.12/site-packages/airflow/example_dags/example_complex.py
[2026-07-31T11:17:59.715+0000] {processor.py:830} INFO - Processing file /home/airflow/.local/lib/python3.12/site-packages/airflow/example_dags/example_complex.py for tasks to queue
[2026-07-31T11:17:59.727+0000] {logging_mixin.py:188} INFO - [2026-07-31T11:17:59.725+0000] {dagbag.py:545} INFO - Filling up the DagBag from /home/airflow/.local/lib/python3.12/site-packages/airflow/example_dags/example_complex.py
[2026-07-31T11:17:59.791+0000] {processor.py:840} INFO - DAG(s) 'example_complex' retrieved from /home/airflow/.local/lib/python3.12/site-packages/airflow/example_dags/example_complex.py
[2026-07-31T11:18:00.043+0000] {logging_mixin.py:188} INFO - [2026-07-31T11:18:00.042+0000] {dag.py:3089} INFO - Sync 1 DAGs
[2026-07-31T11:18:00.134+0000] {logging_mixin.py:188} INFO - [2026-07-31T11:18:00.133+0000] {dag.py:3947} INFO - Setting next_dagrun for example_complex to None, run_after=None
[2026-07-31T11:18:00.365+0000] {processor.py:183} INFO - Processing /home/airflow/.local/lib/python3.12/site-packages/airflow/example_dags/example_complex.py took 0.683 seconds
[2026-07-31T11:18:30.551+0000] {processor.py:161} INFO - Started process (PID=2414) to work on /home/airflow/.local/lib/python3.12/site-packages/airflow/example_dags/example_complex.py
[2026-07-31T11:18:30.554+0000] {processor.py:830} INFO - Processing file /home/airflow/.local/lib/python3.12/site-packages/airflow/example_dags/example_complex.py for tasks to queue
[2026-07-31T11:18:30.560+0000] {logging_mixin.py:188} INFO - [2026-07-31T11:18:30.559+0000] {dagbag.py:545} INFO - Filling up the DagBag from /home/airflow/.local/lib/python3.12/site-packages/airflow/example_dags/example_complex.py
[2026-07-31T11:18:30.594+0000] {processor.py:840} INFO - DAG(s) 'example_complex' retrieved from /home/airflow/.local/lib/python3.12/site-packages/airflow/example_dags/example_complex.py
[2026-07-31T11:18:30.723+0000] {logging_mixin.py:188} INFO - [2026-07-31T11:18:30.722+0000] {dag.py:3089} INFO - Sync 1 DAGs
[2026-07-31T11:18:30.783+0000] {logging_mixin.py:188} INFO - [2026-07-31T11:18:30.782+0000] {dag.py:3947} INFO - Setting next_dagrun for example_complex to None, run_after=None
[2026-07-31T11:18:30.877+0000] {processor.py:183} INFO - Processing /home/airflow/.local/lib/python3.12/site-packages/airflow/example_dags/example_complex.py took 0.342 seconds
[2026-07-31T11:19:02.206+0000] {processor.py:161} INFO - Started process (PID=2472) to work on /home/airflow/.local/lib/python3.12/site-packages/airflow/example_dags/example_complex.py
[2026-07-31T11:19:02.210+0000] {processor.py:830} INFO - Processing file /home/airflow/.local/lib/python3.12/site-packages/airflow/example_dags/example_complex.py for tasks to queue
[2026-07-31T11:19:02.218+0000] {logging_mixin.py:188} INFO - [2026-07-31T11:19:02.217+0000] {dagbag.py:545} INFO - Filling up the DagBag from /home/airflow/.local/lib/python3.12/site-packages/airflow/example_dags/example_complex.py
[2026-07-31T11:19:02.278+0000] {processor.py:840} INFO - DAG(s) 'example_complex' retrieved from /home/airflow/.local/lib/python3.12/site-packages/airflow/example_dags/example_complex.py
[2026-07-31T11:19:02.521+0000] {logging_mixin.py:188} INFO - [2026-07-31T11:19:02.515+0000] {dag.py:3089} INFO - Sync 1 DAGs
[2026-07-31T11:19:02.620+0000] {logging_mixin.py:188} INFO - [2026-07-31T11:19:02.608+0000] {dag.py:3947} INFO - Setting next_dagrun for example_complex to None, run_after=None
[2026-07-31T11:19:02.760+0000] {processor.py:183} INFO - Processing /home/airflow/.local/lib/python3.12/site-packages/airflow/example_dags/example_complex.py took 0.591 seconds
[2026-07-31T11:19:33.200+0000] {processor.py:161} INFO - Started process (PID=2530) to work on /home/airflow/.local/lib/python3.12/site-packages/airflow/example_dags/example_complex.py
[2026-07-31T11:19:33.231+0000] {processor.py:830} INFO - Processing file /home/airflow/.local/lib/python3.12/site-packages/airflow/example_dags/example_complex.py for tasks to queue
[2026-07-31T11:19:33.251+0000] {logging_mixin.py:188} INFO - [2026-07-31T11:19:33.249+0000] {dagbag.py:545} INFO - Filling up the DagBag from /home/airflow/.local/lib/python3.12/site-packages/airflow/example_dags/example_complex.py
[2026-07-31T11:19:33.348+0000] {processor.py:840} INFO - DAG(s) 'example_complex' retrieved from /home/airflow/.local/lib/python3.12/site-packages/airflow/example_dags/example_complex.py
[2026-07-31T11:19:33.518+0000] {logging_mixin.py:188} INFO - [2026-07-31T11:19:33.517+0000] {dag.py:3089} INFO - Sync 1 DAGs
[2026-07-31T11:19:33.556+0000] {logging_mixin.py:188} INFO - [2026-07-31T11:19:33.555+0000] {dag.py:3947} INFO - Setting next_dagrun for example_complex to None, run_after=None
[2026-07-31T11:19:33.618+0000] {processor.py:183} INFO - Processing /home/airflow/.local/lib/python3.12/site-packages/airflow/example_dags/example_complex.py took 0.472 seconds
[2026-07-31T11:20:17.099+0000] {processor.py:161} INFO - Started process (PID=2592) to work on /home/airflow/.local/lib/python3.12/site-packages/airflow/example_dags/example_complex.py
[2026-07-31T11:20:17.119+0000] {processor.py:830} INFO - Processing file /home/airflow/.local/lib/python3.12/site-packages/airflow/example_dags/example_complex.py for tasks to queue
[2026-07-31T11:20:17.169+0000] {logging_mixin.py:188} INFO - [2026-07-31T11:20:17.168+0000] {dagbag.py:545} INFO - Filling up the DagBag from /home/airflow/.local/lib/python3.12/site-packages/airflow/example_dags/example_complex.py
[2026-07-31T11:20:17.451+0000] {processor.py:840} INFO - DAG(s) 'example_complex' retrieved from /home/airflow/.local/lib/python3.12/site-packages/airflow/example_dags/example_complex.py
[2026-07-31T11:20:17.963+0000] {logging_mixin.py:188} INFO - [2026-07-31T11:20:17.958+0000] {dag.py:3089} INFO - Sync 1 DAGs
[2026-07-31T11:20:18.091+0000] {logging_mixin.py:188} INFO - [2026-07-31T11:20:18.085+0000] {dag.py:3947} INFO - Setting next_dagrun for example_complex to None, run_after=None
[2026-07-31T11:20:18.283+0000] {processor.py:183} INFO - Processing /home/airflow/.local/lib/python3.12/site-packages/airflow/example_dags/example_complex.py took 1.483 seconds
[2026-07-31T11:20:49.582+0000] {processor.py:161} INFO - Started process (PID=2651) to work on /home/airflow/.local/lib/python3.12/site-packages/airflow/example_dags/example_complex.py
[2026-07-31T11:20:49.588+0000] {processor.py:830} INFO - Processing file /home/airflow/.local/lib/python3.12/site-packages/airflow/example_dags/example_complex.py for tasks to queue
[2026-07-31T11:20:49.597+0000] {logging_mixin.py:188} INFO - [2026-07-31T11:20:49.595+0000] {dagbag.py:545} INFO - Filling up the DagBag from /home/airflow/.local/lib/python3.12/site-packages/airflow/example_dags/example_complex.py
[2026-07-31T11:20:49.646+0000] {processor.py:840} INFO - DAG(s) 'example_complex' retrieved from /home/airflow/.local/lib/python3.12/site-packages/airflow/example_dags/example_complex.py
[2026-07-31T11:20:49.876+0000] {logging_mixin.py:188} INFO - [2026-07-31T11:20:49.875+0000] {dag.py:3089} INFO - Sync 1 DAGs
[2026-07-31T11:20:50.027+0000] {logging_mixin.py:188} INFO - [2026-07-31T11:20:50.026+0000] {dag.py:3947} INFO - Setting next_dagrun for example_complex to None, run_after=None
[2026-07-31T11:20:50.196+0000] {processor.py:183} INFO - Processing /home/airflow/.local/lib/python3.12/site-packages/airflow/example_dags/example_complex.py took 0.650 seconds
[2026-07-31T11:21:22.596+0000] {processor.py:161} INFO - Started process (PID=2711) to work on /home/airflow/.local/lib/python3.12/site-packages/airflow/example_dags/example_complex.py
[2026-07-31T11:21:22.606+0000] {processor.py:830} INFO - Processing file /home/airflow/.local/lib/python3.12/site-packages/airflow/example_dags/example_complex.py for tasks to queue
[2026-07-31T11:21:22.622+0000] {logging_mixin.py:188} INFO - [2026-07-31T11:21:22.620+0000] {dagbag.py:545} INFO - Filling up the DagBag from /home/airflow/.local/lib/python3.12/site-packages/airflow/example_dags/example_complex.py
[2026-07-31T11:21:22.661+0000] {processor.py:840} INFO - DAG(s) 'example_complex' retrieved from /home/airflow/.local/lib/python3.12/site-packages/airflow/example_dags/example_complex.py
[2026-07-31T11:21:22.796+0000] {logging_mixin.py:188} INFO - [2026-07-31T11:21:22.795+0000] {dag.py:3089} INFO - Sync 1 DAGs
[2026-07-31T11:21:22.867+0000] {logging_mixin.py:188} INFO - [2026-07-31T11:21:22.867+0000] {dag.py:3947} INFO - Setting next_dagrun for example_complex to None, run_after=None
[2026-07-31T11:21:22.935+0000] {processor.py:183} INFO - Processing /home/airflow/.local/lib/python3.12/site-packages/airflow/example_dags/example_complex.py took 0.372 seconds
[2026-07-31T11:21:53.109+0000] {processor.py:161} INFO - Started process (PID=2768) to work on /home/airflow/.local/lib/python3.12/site-packages/airflow/example_dags/example_complex.py
[2026-07-31T11:21:53.115+0000] {processor.py:830} INFO - Processing file /home/airflow/.local/lib/python3.12/site-packages/airflow/example_dags/example_complex.py for tasks to queue
[2026-07-31T11:21:53.123+0000] {logging_mixin.py:188} INFO - [2026-07-31T11:21:53.122+0000] {dagbag.py:545} INFO - Filling up the DagBag from /home/airflow/.local/lib/python3.12/site-packages/airflow/example_dags/example_complex.py
[2026-07-31T11:21:53.192+0000] {processor.py:840} INFO - DAG(s) 'example_complex' retrieved from /home/airflow/.local/lib/python3.12/site-packages/airflow/example_dags/example_complex.py
[2026-07-31T11:21:53.386+0000] {logging_mixin.py:188} INFO - [2026-07-31T11:21:53.385+0000] {dag.py:3089} INFO - Sync 1 DAGs
[2026-07-31T11:21:53.432+0000] {logging_mixin.py:188} INFO - [2026-07-31T11:21:53.431+0000] {dag.py:3947} INFO - Setting next_dagrun for example_complex to None, run_after=None
[2026-07-31T11:21:53.484+0000] {processor.py:183} INFO - Processing /home/airflow/.local/lib/python3.12/site-packages/airflow/example_dags/example_complex.py took 0.400 seconds
[2026-07-31T11:22:23.611+0000] {processor.py:161} INFO - Started process (PID=2826) to work on /home/airflow/.local/lib/python3.12/site-packages/airflow/example_dags/example_complex.py
[2026-07-31T11:22:23.613+0000] {processor.py:830} INFO - Processing file /home/airflow/.local/lib/python3.12/site-packages/airflow/example_dags/example_complex.py for tasks to queue
[2026-07-31T11:22:23.619+0000] {logging_mixin.py:188} INFO - [2026-07-31T11:22:23.618+0000] {dagbag.py:545} INFO - Filling up the DagBag from /home/airflow/.local/lib/python3.12/site-packages/airflow/example_dags/example_complex.py
[2026-07-31T11:22:23.644+0000] {processor.py:840} INFO - DAG(s) 'example_complex' retrieved from /home/airflow/.local/lib/python3.12/site-packages/airflow/example_dags/example_complex.py
[2026-07-31T11:22:23.727+0000] {logging_mixin.py:188} INFO - [2026-07-31T11:22:23.726+0000] {dag.py:3089} INFO - Sync 1 DAGs
[2026-07-31T11:22:23.761+0000] {logging_mixin.py:188} INFO - [2026-07-31T11:22:23.760+0000] {dag.py:3947} INFO - Setting next_dagrun for example_complex to None, run_after=None
[2026-07-31T11:22:23.805+0000] {processor.py:183} INFO - Processing /home/airflow/.local/lib/python3.12/site-packages/airflow/example_dags/example_complex.py took 0.210 seconds
[2026-07-31T11:23:22.618+0000] {processor.py:161} INFO - Started process (PID=2897) to work on /home/airflow/.local/lib/python3.12/site-packages/airflow/example_dags/example_complex.py
[2026-07-31T11:23:22.629+0000] {processor.py:830} INFO - Processing file /home/airflow/.local/lib/python3.12/site-packages/airflow/example_dags/example_complex.py for tasks to queue
[2026-07-31T11:23:22.717+0000] {logging_mixin.py:188} INFO - [2026-07-31T11:23:22.716+0000] {dagbag.py:545} INFO - Filling up the DagBag from /home/airflow/.local/lib/python3.12/site-packages/airflow/example_dags/example_complex.py
[2026-07-31T11:23:23.125+0000] {processor.py:840} INFO - DAG(s) 'example_complex' retrieved from /home/airflow/.local/lib/python3.12/site-packages/airflow/example_dags/example_complex.py
[2026-07-31T11:23:24.241+0000] {logging_mixin.py:188} INFO - [2026-07-31T11:23:24.240+0000] {dag.py:3089} INFO - Sync 1 DAGs
[2026-07-31T11:23:24.462+0000] {logging_mixin.py:188} INFO - [2026-07-31T11:23:24.454+0000] {dag.py:3947} INFO - Setting next_dagrun for example_complex to None, run_after=None
[2026-07-31T11:23:24.986+0000] {processor.py:183} INFO - Processing /home/airflow/.local/lib/python3.12/site-packages/airflow/example_dags/example_complex.py took 2.614 seconds
[2026-07-31T11:25:17.474+0000] {processor.py:161} INFO - Started process (PID=2979) to work on /home/airflow/.local/lib/python3.12/site-packages/airflow/example_dags/example_complex.py
[2026-07-31T11:25:17.496+0000] {processor.py:830} INFO - Processing file /home/airflow/.local/lib/python3.12/site-packages/airflow/example_dags/example_complex.py for tasks to queue
[2026-07-31T11:25:17.529+0000] {logging_mixin.py:188} INFO - [2026-07-31T11:25:17.528+0000] {dagbag.py:545} INFO - Filling up the DagBag from /home/airflow/.local/lib/python3.12/site-packages/airflow/example_dags/example_complex.py
[2026-07-31T11:25:17.729+0000] {processor.py:840} INFO - DAG(s) 'example_complex' retrieved from /home/airflow/.local/lib/python3.12/site-packages/airflow/example_dags/example_complex.py
[2026-07-31T11:25:18.450+0000] {logging_mixin.py:188} INFO - [2026-07-31T11:25:18.447+0000] {dag.py:3089} INFO - Sync 1 DAGs
[2026-07-31T11:25:18.553+0000] {logging_mixin.py:188} INFO - [2026-07-31T11:25:18.553+0000] {dag.py:3947} INFO - Setting next_dagrun for example_complex to None, run_after=None
[2026-07-31T11:25:18.751+0000] {processor.py:183} INFO - Processing /home/airflow/.local/lib/python3.12/site-packages/airflow/example_dags/example_complex.py took 1.341 seconds
[2026-07-31T11:26:43.066+0000] {processor.py:161} INFO - Started process (PID=3048) to work on /home/airflow/.local/lib/python3.12/site-packages/airflow/example_dags/example_complex.py
[2026-07-31T11:26:43.080+0000] {processor.py:830} INFO - Processing file /home/airflow/.local/lib/python3.12/site-packages/airflow/example_dags/example_complex.py for tasks to queue
[2026-07-31T11:26:43.127+0000] {logging_mixin.py:188} INFO - [2026-07-31T11:26:43.120+0000] {dagbag.py:545} INFO - Filling up the DagBag from /home/airflow/.local/lib/python3.12/site-packages/airflow/example_dags/example_complex.py
[2026-07-31T11:26:43.340+0000] {processor.py:840} INFO - DAG(s) 'example_complex' retrieved from /home/airflow/.local/lib/python3.12/site-packages/airflow/example_dags/example_complex.py
[2026-07-31T11:26:43.676+0000] {logging_mixin.py:188} INFO - [2026-07-31T11:26:43.672+0000] {dag.py:3089} INFO - Sync 1 DAGs
[2026-07-31T11:26:43.793+0000] {logging_mixin.py:188} INFO - [2026-07-31T11:26:43.791+0000] {dag.py:3947} INFO - Setting next_dagrun for example_complex to None, run_after=None
[2026-07-31T11:26:44.000+0000] {processor.py:183} INFO - Processing /home/airflow/.local/lib/python3.12/site-packages/airflow/example_dags/example_complex.py took 0.985 seconds
[2026-07-31T11:27:14.803+0000] {processor.py:161} INFO - Started process (PID=3105) to work on /home/airflow/.local/lib/python3.12/site-packages/airflow/example_dags/example_complex.py
[2026-07-31T11:27:14.806+0000] {processor.py:830} INFO - Processing file /home/airflow/.local/lib/python3.12/site-packages/airflow/example_dags/example_complex.py for tasks to queue
[2026-07-31T11:27:14.812+0000] {logging_mixin.py:188} INFO - [2026-07-31T11:27:14.811+0000] {dagbag.py:545} INFO - Filling up the DagBag from /home/airflow/.local/lib/python3.12/site-packages/airflow/example_dags/example_complex.py
[2026-07-31T11:27:14.839+0000] {processor.py:840} INFO - DAG(s) 'example_complex' retrieved from /home/airflow/.local/lib/python3.12/site-packages/airflow/example_dags/example_complex.py
[2026-07-31T11:27:14.946+0000] {logging_mixin.py:188} INFO - [2026-07-31T11:27:14.945+0000] {dag.py:3089} INFO - Sync 1 DAGs
[2026-07-31T11:27:15.000+0000] {logging_mixin.py:188} INFO - [2026-07-31T11:27:14.999+0000] {dag.py:3947} INFO - Setting next_dagrun for example_complex to None, run_after=None
[2026-07-31T11:27:15.062+0000] {processor.py:183} INFO - Processing /home/airflow/.local/lib/python3.12/site-packages/airflow/example_dags/example_complex.py took 0.274 seconds
[2026-07-31T11:27:45.654+0000] {processor.py:161} INFO - Started process (PID=3164) to work on /home/airflow/.local/lib/python3.12/site-packages/airflow/example_dags/example_complex.py
[2026-07-31T11:27:45.658+0000] {processor.py:830} INFO - Processing file /home/airflow/.local/lib/python3.12/site-packages/airflow/example_dags/example_complex.py for tasks to queue
[2026-07-31T11:27:45.665+0000] {logging_mixin.py:188} INFO - [2026-07-31T11:27:45.664+0000] {dagbag.py:545} INFO - Filling up the DagBag from /home/airflow/.local/lib/python3.12/site-packages/airflow/example_dags/example_complex.py
[2026-07-31T11:27:45.693+0000] {processor.py:840} INFO - DAG(s) 'example_complex' retrieved from /home/airflow/.local/lib/python3.12/site-packages/airflow/example_dags/example_complex.py
[2026-07-31T11:27:45.797+0000] {logging_mixin.py:188} INFO - [2026-07-31T11:27:45.797+0000] {dag.py:3089} INFO - Sync 1 DAGs
[2026-07-31T11:27:45.834+0000] {logging_mixin.py:188} INFO - [2026-07-31T11:27:45.833+0000] {dag.py:3947} INFO - Setting next_dagrun for example_complex to None, run_after=None
[2026-07-31T11:27:45.893+0000] {processor.py:183} INFO - Processing /home/airflow/.local/lib/python3.12/site-packages/airflow/example_dags/example_complex.py took 0.258 seconds
[2026-07-31T11:28:16.431+0000] {processor.py:161} INFO - Started process (PID=3222) to work on /home/airflow/.local/lib/python3.12/site-packages/airflow/example_dags/example_complex.py
[2026-07-31T11:28:16.434+0000] {processor.py:830} INFO - Processing file /home/airflow/.local/lib/python3.12/site-packages/airflow/example_dags/example_complex.py for tasks to queue
[2026-07-31T11:28:16.438+0000] {logging_mixin.py:188} INFO - [2026-07-31T11:28:16.437+0000] {dagbag.py:545} INFO - Filling up the DagBag from /home/airflow/.local/lib/python3.12/site-packages/airflow/example_dags/example_complex.py
[2026-07-31T11:28:16.460+0000] {processor.py:840} INFO - DAG(s) 'example_complex' retrieved from /home/airflow/.local/lib/python3.12/site-packages/airflow/example_dags/example_complex.py
[2026-07-31T11:28:16.528+0000] {logging_mixin.py:188} INFO - [2026-07-31T11:28:16.527+0000] {dag.py:3089} INFO - Sync 1 DAGs
[2026-07-31T11:28:16.558+0000] {logging_mixin.py:188} INFO - [2026-07-31T11:28:16.558+0000] {dag.py:3947} INFO - Setting next_dagrun for example_complex to None, run_after=None
[2026-07-31T11:28:16.610+0000] {processor.py:183} INFO - Processing /home/airflow/.local/lib/python3.12/site-packages/airflow/example_dags/example_complex.py took 0.194 seconds
[2026-07-31T11:28:46.862+0000] {processor.py:161} INFO - Started process (PID=3280) to work on /home/airflow/.local/lib/python3.12/site-packages/airflow/example_dags/example_complex.py
[2026-07-31T11:28:46.867+0000] {processor.py:830} INFO - Processing file /home/airflow/.local/lib/python3.12/site-packages/airflow/example_dags/example_complex.py for tasks to queue
[2026-07-31T11:28:46.875+0000] {logging_mixin.py:188} INFO - [2026-07-31T11:28:46.874+0000] {dagbag.py:545} INFO - Filling up the DagBag from /home/airflow/.local/lib/python3.12/site-packages/airflow/example_dags/example_complex.py
[2026-07-31T11:28:46.928+0000] {processor.py:840} INFO - DAG(s) 'example_complex' retrieved from /home/airflow/.local/lib/python3.12/site-packages/airflow/example_dags/example_complex.py
[2026-07-31T11:28:47.034+0000] {logging_mixin.py:188} INFO - [2026-07-31T11:28:47.033+0000] {dag.py:3089} INFO - Sync 1 DAGs
[2026-07-31T11:28:47.084+0000] {logging_mixin.py:188} INFO - [2026-07-31T11:28:47.084+0000] {dag.py:3947} INFO - Setting next_dagrun for example_complex to None, run_after=None
[2026-07-31T11:28:47.186+0000] {processor.py:183} INFO - Processing /home/airflow/.local/lib/python3.12/site-packages/airflow/example_dags/example_complex.py took 0.348 seconds
[2026-07-31T11:29:23.391+0000] {processor.py:161} INFO - Started process (PID=3337) to work on /home/airflow/.local/lib/python3.12/site-packages/airflow/example_dags/example_complex.py
[2026-07-31T11:29:23.398+0000] {processor.py:830} INFO - Processing file /home/airflow/.local/lib/python3.12/site-packages/airflow/example_dags/example_complex.py for tasks to queue
[2026-07-31T11:29:23.423+0000] {logging_mixin.py:188} INFO - [2026-07-31T11:29:23.413+0000] {dagbag.py:545} INFO - Filling up the DagBag from /home/airflow/.local/lib/python3.12/site-packages/airflow/example_dags/example_complex.py
[2026-07-31T11:29:23.569+0000] {processor.py:840} INFO - DAG(s) 'example_complex' retrieved from /home/airflow/.local/lib/python3.12/site-packages/airflow/example_dags/example_complex.py
[2026-07-31T11:29:24.019+0000] {logging_mixin.py:188} INFO - [2026-07-31T11:29:24.017+0000] {dag.py:3089} INFO - Sync 1 DAGs
[2026-07-31T11:29:24.171+0000] {logging_mixin.py:188} INFO - [2026-07-31T11:29:24.169+0000] {dag.py:3947} INFO - Setting next_dagrun for example_complex to None, run_after=None
[2026-07-31T11:29:24.407+0000] {processor.py:183} INFO - Processing /home/airflow/.local/lib/python3.12/site-packages/airflow/example_dags/example_complex.py took 1.093 seconds
[2026-07-31T11:30:30.672+0000] {processor.py:161} INFO - Started process (PID=3417) to work on /home/airflow/.local/lib/python3.12/site-packages/airflow/example_dags/example_complex.py
[2026-07-31T11:30:30.687+0000] {processor.py:830} INFO - Processing file /home/airflow/.local/lib/python3.12/site-packages/airflow/example_dags/example_complex.py for tasks to queue
[2026-07-31T11:30:30.698+0000] {logging_mixin.py:188} INFO - [2026-07-31T11:30:30.696+0000] {dagbag.py:545} INFO - Filling up the DagBag from /home/airflow/.local/lib/python3.12/site-packages/airflow/example_dags/example_complex.py
[2026-07-31T11:30:30.809+0000] {processor.py:840} INFO - DAG(s) 'example_complex' retrieved from /home/airflow/.local/lib/python3.12/site-packages/airflow/example_dags/example_complex.py
[2026-07-31T11:30:31.055+0000] {logging_mixin.py:188} INFO - [2026-07-31T11:30:31.054+0000] {dag.py:3089} INFO - Sync 1 DAGs
[2026-07-31T11:30:31.210+0000] {logging_mixin.py:188} INFO - [2026-07-31T11:30:31.209+0000] {dag.py:3947} INFO - Setting next_dagrun for example_complex to None, run_after=None
[2026-07-31T11:30:31.408+0000] {processor.py:183} INFO - Processing /home/airflow/.local/lib/python3.12/site-packages/airflow/example_dags/example_complex.py took 0.810 seconds
[2026-07-31T11:31:02.072+0000] {processor.py:161} INFO - Started process (PID=3475) to work on /home/airflow/.local/lib/python3.12/site-packages/airflow/example_dags/example_complex.py
[2026-07-31T11:31:02.076+0000] {processor.py:830} INFO - Processing file /home/airflow/.local/lib/python3.12/site-packages/airflow/example_dags/example_complex.py for tasks to queue
[2026-07-31T11:31:02.081+0000] {logging_mixin.py:188} INFO - [2026-07-31T11:31:02.080+0000] {dagbag.py:545} INFO - Filling up the DagBag from /home/airflow/.local/lib/python3.12/site-packages/airflow/example_dags/example_complex.py
[2026-07-31T11:31:02.115+0000] {processor.py:840} INFO - DAG(s) 'example_complex' retrieved from /home/airflow/.local/lib/python3.12/site-packages/airflow/example_dags/example_complex.py
[2026-07-31T11:31:02.226+0000] {logging_mixin.py:188} INFO - [2026-07-31T11:31:02.225+0000] {dag.py:3089} INFO - Sync 1 DAGs
[2026-07-31T11:31:02.287+0000] {logging_mixin.py:188} INFO - [2026-07-31T11:31:02.287+0000] {dag.py:3947} INFO - Setting next_dagrun for example_complex to None, run_after=None
[2026-07-31T11:31:02.356+0000] {processor.py:183} INFO - Processing /home/airflow/.local/lib/python3.12/site-packages/airflow/example_dags/example_complex.py took 0.300 seconds
[2026-07-31T11:31:32.719+0000] {processor.py:161} INFO - Started process (PID=3533) to work on /home/airflow/.local/lib/python3.12/site-packages/airflow/example_dags/example_complex.py
[2026-07-31T11:31:32.722+0000] {processor.py:830} INFO - Processing file /home/airflow/.local/lib/python3.12/site-packages/airflow/example_dags/example_complex.py for tasks to queue
[2026-07-31T11:31:32.728+0000] {logging_mixin.py:188} INFO - [2026-07-31T11:31:32.727+0000] {dagbag.py:545} INFO - Filling up the DagBag from /home/airflow/.local/lib/python3.12/site-packages/airflow/example_dags/example_complex.py
[2026-07-31T11:31:32.779+0000] {processor.py:840} INFO - DAG(s) 'example_complex' retrieved from /home/airflow/.local/lib/python3.12/site-packages/airflow/example_dags/example_complex.py
[2026-07-31T11:31:32.915+0000] {logging_mixin.py:188} INFO - [2026-07-31T11:31:32.914+0000] {dag.py:3089} INFO - Sync 1 DAGs
[2026-07-31T11:31:32.954+0000] {logging_mixin.py:188} INFO - [2026-07-31T11:31:32.952+0000] {dag.py:3947} INFO - Setting next_dagrun for example_complex to None, run_after=None
[2026-07-31T11:31:33.053+0000] {processor.py:183} INFO - Processing /home/airflow/.local/lib/python3.12/site-packages/airflow/example_dags/example_complex.py took 0.355 seconds
[2026-07-31T11:32:03.613+0000] {processor.py:161} INFO - Started process (PID=3591) to work on /home/airflow/.local/lib/python3.12/site-packages/airflow/example_dags/example_complex.py
[2026-07-31T11:32:03.619+0000] {processor.py:830} INFO - Processing file /home/airflow/.local/lib/python3.12/site-packages/airflow/example_dags/example_complex.py for tasks to queue
[2026-07-31T11:32:03.625+0000] {logging_mixin.py:188} INFO - [2026-07-31T11:32:03.624+0000] {dagbag.py:545} INFO - Filling up the DagBag from /home/airflow/.local/lib/python3.12/site-packages/airflow/example_dags/example_complex.py
[2026-07-31T11:32:03.678+0000] {processor.py:840} INFO - DAG(s) 'example_complex' retrieved from /home/airflow/.local/lib/python3.12/site-packages/airflow/example_dags/example_complex.py
[2026-07-31T11:32:03.799+0000] {logging_mixin.py:188} INFO - [2026-07-31T11:32:03.798+0000] {dag.py:3089} INFO - Sync 1 DAGs
[2026-07-31T11:32:03.833+0000] {logging_mixin.py:188} INFO - [2026-07-31T11:32:03.833+0000] {dag.py:3947} INFO - Setting next_dagrun for example_complex to None, run_after=None
[2026-07-31T11:32:03.885+0000] {processor.py:183} INFO - Processing /home/airflow/.local/lib/python3.12/site-packages/airflow/example_dags/example_complex.py took 0.297 seconds
[2026-07-31T11:32:35.492+0000] {processor.py:161} INFO - Started process (PID=3649) to work on /home/airflow/.local/lib/python3.12/site-packages/airflow/example_dags/example_complex.py
[2026-07-31T11:32:35.496+0000] {processor.py:830} INFO - Processing file /home/airflow/.local/lib/python3.12/site-packages/airflow/example_dags/example_complex.py for tasks to queue
[2026-07-31T11:32:35.512+0000] {logging_mixin.py:188} INFO - [2026-07-31T11:32:35.511+0000] {dagbag.py:545} INFO - Filling up the DagBag from /home/airflow/.local/lib/python3.12/site-packages/airflow/example_dags/example_complex.py
[2026-07-31T11:32:35.635+0000] {processor.py:840} INFO - DAG(s) 'example_complex' retrieved from /home/airflow/.local/lib/python3.12/site-packages/airflow/example_dags/example_complex.py
[2026-07-31T11:32:35.919+0000] {logging_mixin.py:188} INFO - [2026-07-31T11:32:35.918+0000] {dag.py:3089} INFO - Sync 1 DAGs
[2026-07-31T11:32:36.043+0000] {logging_mixin.py:188} INFO - [2026-07-31T11:32:36.043+0000] {dag.py:3947} INFO - Setting next_dagrun for example_complex to None, run_after=None
[2026-07-31T11:32:36.182+0000] {processor.py:183} INFO - Processing /home/airflow/.local/lib/python3.12/site-packages/airflow/example_dags/example_complex.py took 0.741 seconds
[2026-07-31T11:33:24.586+0000] {processor.py:161} INFO - Started process (PID=3714) to work on /home/airflow/.local/lib/python3.12/site-packages/airflow/example_dags/example_complex.py
[2026-07-31T11:33:24.608+0000] {processor.py:830} INFO - Processing file /home/airflow/.local/lib/python3.12/site-packages/airflow/example_dags/example_complex.py for tasks to queue
[2026-07-31T11:33:24.651+0000] {logging_mixin.py:188} INFO - [2026-07-31T11:33:24.646+0000] {dagbag.py:545} INFO - Filling up the DagBag from /home/airflow/.local/lib/python3.12/site-packages/airflow/example_dags/example_complex.py
[2026-07-31T11:33:24.818+0000] {processor.py:840} INFO - DAG(s) 'example_complex' retrieved from /home/airflow/.local/lib/python3.12/site-packages/airflow/example_dags/example_complex.py
[2026-07-31T11:33:25.245+0000] {logging_mixin.py:188} INFO - [2026-07-31T11:33:25.233+0000] {dag.py:3089} INFO - Sync 1 DAGs
[2026-07-31T11:33:25.553+0000] {logging_mixin.py:188} INFO - [2026-07-31T11:33:25.552+0000] {dag.py:3947} INFO - Setting next_dagrun for example_complex to None, run_after=None
[2026-07-31T11:33:25.931+0000] {processor.py:183} INFO - Processing /home/airflow/.local/lib/python3.12/site-packages/airflow/example_dags/example_complex.py took 1.455 seconds
[2026-07-31T11:34:35.862+0000] {processor.py:161} INFO - Started process (PID=3763) to work on /home/airflow/.local/lib/python3.12/site-packages/airflow/example_dags/example_complex.py
[2026-07-31T11:34:35.864+0000] {processor.py:830} INFO - Processing file /home/airflow/.local/lib/python3.12/site-packages/airflow/example_dags/example_complex.py for tasks to queue
[2026-07-31T11:34:35.873+0000] {logging_mixin.py:188} INFO - [2026-07-31T11:34:35.872+0000] {dagbag.py:545} INFO - Filling up the DagBag from /home/airflow/.local/lib/python3.12/site-packages/airflow/example_dags/example_complex.py
[2026-07-31T11:34:35.921+0000] {processor.py:840} INFO - DAG(s) 'example_complex' retrieved from /home/airflow/.local/lib/python3.12/site-packages/airflow/example_dags/example_complex.py
[2026-07-31T11:34:36.013+0000] {logging_mixin.py:188} INFO - [2026-07-31T11:34:36.012+0000] {dag.py:3089} INFO - Sync 1 DAGs
[2026-07-31T11:34:36.055+0000] {logging_mixin.py:188} INFO - [2026-07-31T11:34:36.055+0000] {dag.py:3947} INFO - Setting next_dagrun for example_complex to None, run_after=None
[2026-07-31T11:34:36.127+0000] {processor.py:183} INFO - Processing /home/airflow/.local/lib/python3.12/site-packages/airflow/example_dags/example_complex.py took 0.290 seconds
[2026-07-31T11:35:06.793+0000] {processor.py:161} INFO - Started process (PID=3822) to work on /home/airflow/.local/lib/python3.12/site-packages/airflow/example_dags/example_complex.py
[2026-07-31T11:35:06.795+0000] {processor.py:830} INFO - Processing file /home/airflow/.local/lib/python3.12/site-packages/airflow/example_dags/example_complex.py for tasks to queue
[2026-07-31T11:35:06.799+0000] {logging_mixin.py:188} INFO - [2026-07-31T11:35:06.798+0000] {dagbag.py:545} INFO - Filling up the DagBag from /home/airflow/.local/lib/python3.12/site-packages/airflow/example_dags/example_complex.py
[2026-07-31T11:35:06.815+0000] {processor.py:840} INFO - DAG(s) 'example_complex' retrieved from /home/airflow/.local/lib/python3.12/site-packages/airflow/example_dags/example_complex.py
[2026-07-31T11:35:06.862+0000] {logging_mixin.py:188} INFO - [2026-07-31T11:35:06.861+0000] {dag.py:3089} INFO - Sync 1 DAGs
[2026-07-31T11:35:06.881+0000] {logging_mixin.py:188} INFO - [2026-07-31T11:35:06.880+0000] {dag.py:3947} INFO - Setting next_dagrun for example_complex to None, run_after=None
[2026-07-31T11:35:06.920+0000] {processor.py:183} INFO - Processing /home/airflow/.local/lib/python3.12/site-packages/airflow/example_dags/example_complex.py took 0.136 seconds
[2026-07-31T11:35:38.793+0000] {processor.py:161} INFO - Started process (PID=3880) to work on /home/airflow/.local/lib/python3.12/site-packages/airflow/example_dags/example_complex.py
[2026-07-31T11:35:38.796+0000] {processor.py:830} INFO - Processing file /home/airflow/.local/lib/python3.12/site-packages/airflow/example_dags/example_complex.py for tasks to queue
[2026-07-31T11:35:38.800+0000] {logging_mixin.py:188} INFO - [2026-07-31T11:35:38.799+0000] {dagbag.py:545} INFO - Filling up the DagBag from /home/airflow/.local/lib/python3.12/site-packages/airflow/example_dags/example_complex.py
[2026-07-31T11:35:38.824+0000] {processor.py:840} INFO - DAG(s) 'example_complex' retrieved from /home/airflow/.local/lib/python3.12/site-packages/airflow/example_dags/example_complex.py
[2026-07-31T11:35:38.887+0000] {logging_mixin.py:188} INFO - [2026-07-31T11:35:38.887+0000] {dag.py:3089} INFO - Sync 1 DAGs
[2026-07-31T11:35:38.925+0000] {logging_mixin.py:188} INFO - [2026-07-31T11:35:38.925+0000] {dag.py:3947} INFO - Setting next_dagrun for example_complex to None, run_after=None
[2026-07-31T11:35:38.987+0000] {processor.py:183} INFO - Processing /home/airflow/.local/lib/python3.12/site-packages/airflow/example_dags/example_complex.py took 0.203 seconds
[2026-07-31T11:36:09.275+0000] {processor.py:161} INFO - Started process (PID=3939) to work on /home/airflow/.local/lib/python3.12/site-packages/airflow/example_dags/example_complex.py
[2026-07-31T11:36:09.278+0000] {processor.py:830} INFO - Processing file /home/airflow/.local/lib/python3.12/site-packages/airflow/example_dags/example_complex.py for tasks to queue
[2026-07-31T11:36:09.287+0000] {logging_mixin.py:188} INFO - [2026-07-31T11:36:09.286+0000] {dagbag.py:545} INFO - Filling up the DagBag from /home/airflow/.local/lib/python3.12/site-packages/airflow/example_dags/example_complex.py
[2026-07-31T11:36:09.317+0000] {processor.py:840} INFO - DAG(s) 'example_complex' retrieved from /home/airflow/.local/lib/python3.12/site-packages/airflow/example_dags/example_complex.py
[2026-07-31T11:36:09.389+0000] {logging_mixin.py:188} INFO - [2026-07-31T11:36:09.389+0000] {dag.py:3089} INFO - Sync 1 DAGs
[2026-07-31T11:36:09.417+0000] {logging_mixin.py:188} INFO - [2026-07-31T11:36:09.416+0000] {dag.py:3947} INFO - Setting next_dagrun for example_complex to None, run_after=None
[2026-07-31T11:36:09.460+0000] {processor.py:183} INFO - Processing /home/airflow/.local/lib/python3.12/site-packages/airflow/example_dags/example_complex.py took 0.200 seconds
[2026-07-31T11:36:40.759+0000] {processor.py:161} INFO - Started process (PID=3995) to work on /home/airflow/.local/lib/python3.12/site-packages/airflow/example_dags/example_complex.py
[2026-07-31T11:36:40.773+0000] {processor.py:830} INFO - Processing file /home/airflow/.local/lib/python3.12/site-packages/airflow/example_dags/example_complex.py for tasks to queue
[2026-07-31T11:36:40.781+0000] {logging_mixin.py:188} INFO - [2026-07-31T11:36:40.780+0000] {dagbag.py:545} INFO - Filling up the DagBag from /home/airflow/.local/lib/python3.12/site-packages/airflow/example_dags/example_complex.py
[2026-07-31T11:36:40.932+0000] {processor.py:840} INFO - DAG(s) 'example_complex' retrieved from /home/airflow/.local/lib/python3.12/site-packages/airflow/example_dags/example_complex.py
[2026-07-31T11:36:41.121+0000] {logging_mixin.py:188} INFO - [2026-07-31T11:36:41.120+0000] {dag.py:3089} INFO - Sync 1 DAGs
[2026-07-31T11:36:41.280+0000] {logging_mixin.py:188} INFO - [2026-07-31T11:36:41.279+0000] {dag.py:3947} INFO - Setting next_dagrun for example_complex to None, run_after=None
[2026-07-31T11:36:41.455+0000] {processor.py:183} INFO - Processing /home/airflow/.local/lib/python3.12/site-packages/airflow/example_dags/example_complex.py took 0.723 seconds
[2026-07-31T11:37:11.695+0000] {processor.py:161} INFO - Started process (PID=4060) to work on /home/airflow/.local/lib/python3.12/site-packages/airflow/example_dags/example_complex.py
[2026-07-31T11:37:11.697+0000] {processor.py:830} INFO - Processing file /home/airflow/.local/lib/python3.12/site-packages/airflow/example_dags/example_complex.py for tasks to queue
[2026-07-31T11:37:11.701+0000] {logging_mixin.py:188} INFO - [2026-07-31T11:37:11.700+0000] {dagbag.py:545} INFO - Filling up the DagBag from /home/airflow/.local/lib/python3.12/site-packages/airflow/example_dags/example_complex.py
[2026-07-31T11:37:11.722+0000] {processor.py:840} INFO - DAG(s) 'example_complex' retrieved from /home/airflow/.local/lib/python3.12/site-packages/airflow/example_dags/example_complex.py
[2026-07-31T11:37:11.779+0000] {logging_mixin.py:188} INFO - [2026-07-31T11:37:11.778+0000] {dag.py:3089} INFO - Sync 1 DAGs
[2026-07-31T11:37:11.805+0000] {logging_mixin.py:188} INFO - [2026-07-31T11:37:11.805+0000] {dag.py:3947} INFO - Setting next_dagrun for example_complex to None, run_after=None
[2026-07-31T11:37:11.847+0000] {processor.py:183} INFO - Processing /home/airflow/.local/lib/python3.12/site-packages/airflow/example_dags/example_complex.py took 0.167 seconds
[2026-07-31T11:37:42.263+0000] {processor.py:161} INFO - Started process (PID=4118) to work on /home/airflow/.local/lib/python3.12/site-packages/airflow/example_dags/example_complex.py
[2026-07-31T11:37:42.265+0000] {processor.py:830} INFO - Processing file /home/airflow/.local/lib/python3.12/site-packages/airflow/example_dags/example_complex.py for tasks to queue
[2026-07-31T11:37:42.269+0000] {logging_mixin.py:188} INFO - [2026-07-31T11:37:42.268+0000] {dagbag.py:545} INFO - Filling up the DagBag from /home/airflow/.local/lib/python3.12/site-packages/airflow/example_dags/example_complex.py
[2026-07-31T11:37:42.287+0000] {processor.py:840} INFO - DAG(s) 'example_complex' retrieved from /home/airflow/.local/lib/python3.12/site-packages/airflow/example_dags/example_complex.py
[2026-07-31T11:37:42.343+0000] {logging_mixin.py:188} INFO - [2026-07-31T11:37:42.342+0000] {dag.py:3089} INFO - Sync 1 DAGs
[2026-07-31T11:37:42.367+0000] {logging_mixin.py:188} INFO - [2026-07-31T11:37:42.366+0000] {dag.py:3947} INFO - Setting next_dagrun for example_complex to None, run_after=None
[2026-07-31T11:37:42.420+0000] {processor.py:183} INFO - Processing /home/airflow/.local/lib/python3.12/site-packages/airflow/example_dags/example_complex.py took 0.168 seconds
[2026-07-31T11:38:12.709+0000] {processor.py:161} INFO - Started process (PID=4176) to work on /home/airflow/.local/lib/python3.12/site-packages/airflow/example_dags/example_complex.py
[2026-07-31T11:38:12.711+0000] {processor.py:830} INFO - Processing file /home/airflow/.local/lib/python3.12/site-packages/airflow/example_dags/example_complex.py for tasks to queue
[2026-07-31T11:38:12.715+0000] {logging_mixin.py:188} INFO - [2026-07-31T11:38:12.714+0000] {dagbag.py:545} INFO - Filling up the DagBag from /home/airflow/.local/lib/python3.12/site-packages/airflow/example_dags/example_complex.py
[2026-07-31T11:38:12.737+0000] {processor.py:840} INFO - DAG(s) 'example_complex' retrieved from /home/airflow/.local/lib/python3.12/site-packages/airflow/example_dags/example_complex.py
[2026-07-31T11:38:12.872+0000] {logging_mixin.py:188} INFO - [2026-07-31T11:38:12.871+0000] {dag.py:3089} INFO - Sync 1 DAGs
[2026-07-31T11:38:12.926+0000] {logging_mixin.py:188} INFO - [2026-07-31T11:38:12.925+0000] {dag.py:3947} INFO - Setting next_dagrun for example_complex to None, run_after=None
[2026-07-31T11:38:12.986+0000] {processor.py:183} INFO - Processing /home/airflow/.local/lib/python3.12/site-packages/airflow/example_dags/example_complex.py took 0.289 seconds
[2026-07-31T11:38:43.104+0000] {processor.py:161} INFO - Started process (PID=4233) to work on /home/airflow/.local/lib/python3.12/site-packages/airflow/example_dags/example_complex.py
[2026-07-31T11:38:43.108+0000] {processor.py:830} INFO - Processing file /home/airflow/.local/lib/python3.12/site-packages/airflow/example_dags/example_complex.py for tasks to queue
[2026-07-31T11:38:43.114+0000] {logging_mixin.py:188} INFO - [2026-07-31T11:38:43.113+0000] {dagbag.py:545} INFO - Filling up the DagBag from /home/airflow/.local/lib/python3.12/site-packages/airflow/example_dags/example_complex.py
[2026-07-31T11:38:43.160+0000] {processor.py:840} INFO - DAG(s) 'example_complex' retrieved from /home/airflow/.local/lib/python3.12/site-packages/airflow/example_dags/example_complex.py
[2026-07-31T11:38:43.262+0000] {logging_mixin.py:188} INFO - [2026-07-31T11:38:43.262+0000] {dag.py:3089} INFO - Sync 1 DAGs
[2026-07-31T11:38:43.290+0000] {logging_mixin.py:188} INFO - [2026-07-31T11:38:43.289+0000] {dag.py:3947} INFO - Setting next_dagrun for example_complex to None, run_after=None
[2026-07-31T11:38:43.333+0000] {processor.py:183} INFO - Processing /home/airflow/.local/lib/python3.12/site-packages/airflow/example_dags/example_complex.py took 0.247 seconds
[2026-07-31T11:39:15.223+0000] {processor.py:161} INFO - Started process (PID=4291) to work on /home/airflow/.local/lib/python3.12/site-packages/airflow/example_dags/example_complex.py
[2026-07-31T11:39:15.235+0000] {processor.py:830} INFO - Processing file /home/airflow/.local/lib/python3.12/site-packages/airflow/example_dags/example_complex.py for tasks to queue
[2026-07-31T11:39:15.241+0000] {logging_mixin.py:188} INFO - [2026-07-31T11:39:15.240+0000] {dagbag.py:545} INFO - Filling up the DagBag from /home/airflow/.local/lib/python3.12/site-packages/airflow/example_dags/example_complex.py
[2026-07-31T11:39:15.285+0000] {processor.py:840} INFO - DAG(s) 'example_complex' retrieved from /home/airflow/.local/lib/python3.12/site-packages/airflow/example_dags/example_complex.py
[2026-07-31T11:39:15.387+0000] {logging_mixin.py:188} INFO - [2026-07-31T11:39:15.387+0000] {dag.py:3089} INFO - Sync 1 DAGs
[2026-07-31T11:39:15.497+0000] {logging_mixin.py:188} INFO - [2026-07-31T11:39:15.497+0000] {dag.py:3947} INFO - Setting next_dagrun for example_complex to None, run_after=None
[2026-07-31T11:39:15.595+0000] {processor.py:183} INFO - Processing /home/airflow/.local/lib/python3.12/site-packages/airflow/example_dags/example_complex.py took 0.393 seconds
[2026-07-31T11:39:46.687+0000] {processor.py:161} INFO - Started process (PID=4351) to work on /home/airflow/.local/lib/python3.12/site-packages/airflow/example_dags/example_complex.py
[2026-07-31T11:39:46.689+0000] {processor.py:830} INFO - Processing file /home/airflow/.local/lib/python3.12/site-packages/airflow/example_dags/example_complex.py for tasks to queue
[2026-07-31T11:39:46.693+0000] {logging_mixin.py:188} INFO - [2026-07-31T11:39:46.692+0000] {dagbag.py:545} INFO - Filling up the DagBag from /home/airflow/.local/lib/python3.12/site-packages/airflow/example_dags/example_complex.py
[2026-07-31T11:39:46.710+0000] {processor.py:840} INFO - DAG(s) 'example_complex' retrieved from /home/airflow/.local/lib/python3.12/site-packages/airflow/example_dags/example_complex.py
[2026-07-31T11:39:46.769+0000] {logging_mixin.py:188} INFO - [2026-07-31T11:39:46.768+0000] {dag.py:3089} INFO - Sync 1 DAGs
[2026-07-31T11:39:46.789+0000] {logging_mixin.py:188} INFO - [2026-07-31T11:39:46.788+0000] {dag.py:3947} INFO - Setting next_dagrun for example_complex to None, run_after=None
[2026-07-31T11:39:46.819+0000] {processor.py:183} INFO - Processing /home/airflow/.local/lib/python3.12/site-packages/airflow/example_dags/example_complex.py took 0.139 seconds
[2026-07-31T11:40:17.420+0000] {processor.py:161} INFO - Started process (PID=4409) to work on /home/airflow/.local/lib/python3.12/site-packages/airflow/example_dags/example_complex.py
[2026-07-31T11:40:17.421+0000] {processor.py:830} INFO - Processing file /home/airflow/.local/lib/python3.12/site-packages/airflow/example_dags/example_complex.py for tasks to queue
[2026-07-31T11:40:17.424+0000] {logging_mixin.py:188} INFO - [2026-07-31T11:40:17.423+0000] {dagbag.py:545} INFO - Filling up the DagBag from /home/airflow/.local/lib/python3.12/site-packages/airflow/example_dags/example_complex.py
[2026-07-31T11:40:17.436+0000] {processor.py:840} INFO - DAG(s) 'example_complex' retrieved from /home/airflow/.local/lib/python3.12/site-packages/airflow/example_dags/example_complex.py
[2026-07-31T11:40:17.476+0000] {logging_mixin.py:188} INFO - [2026-07-31T11:40:17.476+0000] {dag.py:3089} INFO - Sync 1 DAGs
[2026-07-31T11:40:17.492+0000] {logging_mixin.py:188} INFO - [2026-07-31T11:40:17.492+0000] {dag.py:3947} INFO - Setting next_dagrun for example_complex to None, run_after=None
[2026-07-31T11:40:17.518+0000] {processor.py:183} INFO - Processing /home/airflow/.local/lib/python3.12/site-packages/airflow/example_dags/example_complex.py took 0.106 seconds
[2026-07-31T11:40:48.639+0000] {processor.py:161} INFO - Started process (PID=4467) to work on /home/airflow/.local/lib/python3.12/site-packages/airflow/example_dags/example_complex.py
[2026-07-31T11:40:48.642+0000] {processor.py:830} INFO - Processing file /home/airflow/.local/lib/python3.12/site-packages/airflow/example_dags/example_complex.py for tasks to queue
[2026-07-31T11:40:48.646+0000] {logging_mixin.py:188} INFO - [2026-07-31T11:40:48.645+0000] {dagbag.py:545} INFO - Filling up the DagBag from /home/airflow/.local/lib/python3.12/site-packages/airflow/example_dags/example_complex.py
[2026-07-31T11:40:48.686+0000] {processor.py:840} INFO - DAG(s) 'example_complex' retrieved from /home/airflow/.local/lib/python3.12/site-packages/airflow/example_dags/example_complex.py
[2026-07-31T11:40:48.820+0000] {logging_mixin.py:188} INFO - [2026-07-31T11:40:48.820+0000] {dag.py:3089} INFO - Sync 1 DAGs
[2026-07-31T11:40:48.846+0000] {logging_mixin.py:188} INFO - [2026-07-31T11:40:48.845+0000] {dag.py:3947} INFO - Setting next_dagrun for example_complex to None, run_after=None
[2026-07-31T11:40:48.886+0000] {processor.py:183} INFO - Processing /home/airflow/.local/lib/python3.12/site-packages/airflow/example_dags/example_complex.py took 0.263 seconds
[2026-07-31T11:41:19.413+0000] {processor.py:161} INFO - Started process (PID=4526) to work on /home/airflow/.local/lib/python3.12/site-packages/airflow/example_dags/example_complex.py
[2026-07-31T11:41:19.415+0000] {processor.py:830} INFO - Processing file /home/airflow/.local/lib/python3.12/site-packages/airflow/example_dags/example_complex.py for tasks to queue
[2026-07-31T11:41:19.421+0000] {logging_mixin.py:188} INFO - [2026-07-31T11:41:19.420+0000] {dagbag.py:545} INFO - Filling up the DagBag from /home/airflow/.local/lib/python3.12/site-packages/airflow/example_dags/example_complex.py
[2026-07-31T11:41:19.444+0000] {processor.py:840} INFO - DAG(s) 'example_complex' retrieved from /home/airflow/.local/lib/python3.12/site-packages/airflow/example_dags/example_complex.py
[2026-07-31T11:41:19.494+0000] {logging_mixin.py:188} INFO - [2026-07-31T11:41:19.494+0000] {dag.py:3089} INFO - Sync 1 DAGs
[2026-07-31T11:41:19.512+0000] {logging_mixin.py:188} INFO - [2026-07-31T11:41:19.512+0000] {dag.py:3947} INFO - Setting next_dagrun for example_complex to None, run_after=None
[2026-07-31T11:41:19.546+0000] {processor.py:183} INFO - Processing /home/airflow/.local/lib/python3.12/site-packages/airflow/example_dags/example_complex.py took 0.140 seconds
[2026-07-31T11:41:50.755+0000] {processor.py:161} INFO - Started process (PID=4585) to work on /home/airflow/.local/lib/python3.12/site-packages/airflow/example_dags/example_complex.py
[2026-07-31T11:41:50.758+0000] {processor.py:830} INFO - Processing file /home/airflow/.local/lib/python3.12/site-packages/airflow/example_dags/example_complex.py for tasks to queue
[2026-07-31T11:41:50.766+0000] {logging_mixin.py:188} INFO - [2026-07-31T11:41:50.765+0000] {dagbag.py:545} INFO - Filling up the DagBag from /home/airflow/.local/lib/python3.12/site-packages/airflow/example_dags/example_complex.py
[2026-07-31T11:41:50.800+0000] {processor.py:840} INFO - DAG(s) 'example_complex' retrieved from /home/airflow/.local/lib/python3.12/site-packages/airflow/example_dags/example_complex.py
[2026-07-31T11:41:50.876+0000] {logging_mixin.py:188} INFO - [2026-07-31T11:41:50.875+0000] {dag.py:3089} INFO - Sync 1 DAGs
[2026-07-31T11:41:50.911+0000] {logging_mixin.py:188} INFO - [2026-07-31T11:41:50.910+0000] {dag.py:3947} INFO - Setting next_dagrun for example_complex to None, run_after=None
[2026-07-31T11:41:50.967+0000] {processor.py:183} INFO - Processing /home/airflow/.local/lib/python3.12/site-packages/airflow/example_dags/example_complex.py took 0.231 seconds
[2026-07-31T11:42:21.881+0000] {processor.py:161} INFO - Started process (PID=4643) to work on /home/airflow/.local/lib/python3.12/site-packages/airflow/example_dags/example_complex.py
[2026-07-31T11:42:21.883+0000] {processor.py:830} INFO - Processing file /home/airflow/.local/lib/python3.12/site-packages/airflow/example_dags/example_complex.py for tasks to queue
[2026-07-31T11:42:21.888+0000] {logging_mixin.py:188} INFO - [2026-07-31T11:42:21.887+0000] {dagbag.py:545} INFO - Filling up the DagBag from /home/airflow/.local/lib/python3.12/site-packages/airflow/example_dags/example_complex.py
[2026-07-31T11:42:21.913+0000] {processor.py:840} INFO - DAG(s) 'example_complex' retrieved from /home/airflow/.local/lib/python3.12/site-packages/airflow/example_dags/example_complex.py
[2026-07-31T11:42:21.988+0000] {logging_mixin.py:188} INFO - [2026-07-31T11:42:21.987+0000] {dag.py:3089} INFO - Sync 1 DAGs
[2026-07-31T11:42:22.026+0000] {logging_mixin.py:188} INFO - [2026-07-31T11:42:22.026+0000] {dag.py:3947} INFO - Setting next_dagrun for example_complex to None, run_after=None
[2026-07-31T11:42:22.094+0000] {processor.py:183} INFO - Processing /home/airflow/.local/lib/python3.12/site-packages/airflow/example_dags/example_complex.py took 0.229 seconds
[2026-07-31T11:42:52.398+0000] {processor.py:161} INFO - Started process (PID=4701) to work on /home/airflow/.local/lib/python3.12/site-packages/airflow/example_dags/example_complex.py
[2026-07-31T11:42:52.400+0000] {processor.py:830} INFO - Processing file /home/airflow/.local/lib/python3.12/site-packages/airflow/example_dags/example_complex.py for tasks to queue
[2026-07-31T11:42:52.403+0000] {logging_mixin.py:188} INFO - [2026-07-31T11:42:52.403+0000] {dagbag.py:545} INFO - Filling up the DagBag from /home/airflow/.local/lib/python3.12/site-packages/airflow/example_dags/example_complex.py
[2026-07-31T11:42:52.417+0000] {processor.py:840} INFO - DAG(s) 'example_complex' retrieved from /home/airflow/.local/lib/python3.12/site-packages/airflow/example_dags/example_complex.py
[2026-07-31T11:42:52.461+0000] {logging_mixin.py:188} INFO - [2026-07-31T11:42:52.461+0000] {dag.py:3089} INFO - Sync 1 DAGs
[2026-07-31T11:42:52.480+0000] {logging_mixin.py:188} INFO - [2026-07-31T11:42:52.479+0000] {dag.py:3947} INFO - Setting next_dagrun for example_complex to None, run_after=None
[2026-07-31T11:42:52.510+0000] {processor.py:183} INFO - Processing /home/airflow/.local/lib/python3.12/site-packages/airflow/example_dags/example_complex.py took 0.120 seconds
[2026-07-31T11:43:22.887+0000] {processor.py:161} INFO - Started process (PID=4759) to work on /home/airflow/.local/lib/python3.12/site-packages/airflow/example_dags/example_complex.py
[2026-07-31T11:43:22.889+0000] {processor.py:830} INFO - Processing file /home/airflow/.local/lib/python3.12/site-packages/airflow/example_dags/example_complex.py for tasks to queue
[2026-07-31T11:43:22.892+0000] {logging_mixin.py:188} INFO - [2026-07-31T11:43:22.892+0000] {dagbag.py:545} INFO - Filling up the DagBag from /home/airflow/.local/lib/python3.12/site-packages/airflow/example_dags/example_complex.py
[2026-07-31T11:43:22.909+0000] {processor.py:840} INFO - DAG(s) 'example_complex' retrieved from /home/airflow/.local/lib/python3.12/site-packages/airflow/example_dags/example_complex.py
[2026-07-31T11:43:22.952+0000] {logging_mixin.py:188} INFO - [2026-07-31T11:43:22.952+0000] {dag.py:3089} INFO - Sync 1 DAGs
[2026-07-31T11:43:22.970+0000] {logging_mixin.py:188} INFO - [2026-07-31T11:43:22.970+0000] {dag.py:3947} INFO - Setting next_dagrun for example_complex to None, run_after=None
[2026-07-31T11:43:23.007+0000] {processor.py:183} INFO - Processing /home/airflow/.local/lib/python3.12/site-packages/airflow/example_dags/example_complex.py took 0.126 seconds
[2026-07-31T11:43:53.135+0000] {processor.py:161} INFO - Started process (PID=4817) to work on /home/airflow/.local/lib/python3.12/site-packages/airflow/example_dags/example_complex.py
[2026-07-31T11:43:53.136+0000] {processor.py:830} INFO - Processing file /home/airflow/.local/lib/python3.12/site-packages/airflow/example_dags/example_complex.py for tasks to queue
[2026-07-31T11:43:53.138+0000] {logging_mixin.py:188} INFO - [2026-07-31T11:43:53.138+0000] {dagbag.py:545} INFO - Filling up the DagBag from /home/airflow/.local/lib/python3.12/site-packages/airflow/example_dags/example_complex.py
[2026-07-31T11:43:53.150+0000] {processor.py:840} INFO - DAG(s) 'example_complex' retrieved from /home/airflow/.local/lib/python3.12/site-packages/airflow/example_dags/example_complex.py
[2026-07-31T11:43:53.188+0000] {logging_mixin.py:188} INFO - [2026-07-31T11:43:53.187+0000] {dag.py:3089} INFO - Sync 1 DAGs
[2026-07-31T11:43:53.205+0000] {logging_mixin.py:188} INFO - [2026-07-31T11:43:53.204+0000] {dag.py:3947} INFO - Setting next_dagrun for example_complex to None, run_after=None
[2026-07-31T11:43:53.236+0000] {processor.py:183} INFO - Processing /home/airflow/.local/lib/python3.12/site-packages/airflow/example_dags/example_complex.py took 0.108 seconds
[2026-07-31T11:44:23.647+0000] {processor.py:161} INFO - Started process (PID=4875) to work on /home/airflow/.local/lib/python3.12/site-packages/airflow/example_dags/example_complex.py
[2026-07-31T11:44:23.648+0000] {processor.py:830} INFO - Processing file /home/airflow/.local/lib/python3.12/site-packages/airflow/example_dags/example_complex.py for tasks to queue
[2026-07-31T11:44:23.651+0000] {logging_mixin.py:188} INFO - [2026-07-31T11:44:23.651+0000] {dagbag.py:545} INFO - Filling up the DagBag from /home/airflow/.local/lib/python3.12/site-packages/airflow/example_dags/example_complex.py
[2026-07-31T11:44:23.670+0000] {processor.py:840} INFO - DAG(s) 'example_complex' retrieved from /home/airflow/.local/lib/python3.12/site-packages/airflow/example_dags/example_complex.py
[2026-07-31T11:44:23.723+0000] {logging_mixin.py:188} INFO - [2026-07-31T11:44:23.723+0000] {dag.py:3089} INFO - Sync 1 DAGs
[2026-07-31T11:44:23.742+0000] {logging_mixin.py:188} INFO - [2026-07-31T11:44:23.742+0000] {dag.py:3947} INFO - Setting next_dagrun for example_complex to None, run_after=None
[2026-07-31T11:44:23.775+0000] {processor.py:183} INFO - Processing /home/airflow/.local/lib/python3.12/site-packages/airflow/example_dags/example_complex.py took 0.139 seconds
[2026-07-31T11:44:54.148+0000] {processor.py:161} INFO - Started process (PID=4931) to work on /home/airflow/.local/lib/python3.12/site-packages/airflow/example_dags/example_complex.py
[2026-07-31T11:44:54.150+0000] {processor.py:830} INFO - Processing file /home/airflow/.local/lib/python3.12/site-packages/airflow/example_dags/example_complex.py for tasks to queue
[2026-07-31T11:44:54.154+0000] {logging_mixin.py:188} INFO - [2026-07-31T11:44:54.153+0000] {dagbag.py:545} INFO - Filling up the DagBag from /home/airflow/.local/lib/python3.12/site-packages/airflow/example_dags/example_complex.py
[2026-07-31T11:44:54.181+0000] {processor.py:840} INFO - DAG(s) 'example_complex' retrieved from /home/airflow/.local/lib/python3.12/site-packages/airflow/example_dags/example_complex.py
[2026-07-31T11:44:54.267+0000] {logging_mixin.py:188} INFO - [2026-07-31T11:44:54.267+0000] {dag.py:3089} INFO - Sync 1 DAGs
[2026-07-31T11:44:54.307+0000] {logging_mixin.py:188} INFO - [2026-07-31T11:44:54.306+0000] {dag.py:3947} INFO - Setting next_dagrun for example_complex to None, run_after=None
[2026-07-31T11:44:54.357+0000] {processor.py:183} INFO - Processing /home/airflow/.local/lib/python3.12/site-packages/airflow/example_dags/example_complex.py took 0.221 seconds
[2026-07-31T11:45:25.159+0000] {processor.py:161} INFO - Started process (PID=4988) to work on /home/airflow/.local/lib/python3.12/site-packages/airflow/example_dags/example_complex.py
[2026-07-31T11:45:25.161+0000] {processor.py:830} INFO - Processing file /home/airflow/.local/lib/python3.12/site-packages/airflow/example_dags/example_complex.py for tasks to queue
[2026-07-31T11:45:25.164+0000] {logging_mixin.py:188} INFO - [2026-07-31T11:45:25.163+0000] {dagbag.py:545} INFO - Filling up the DagBag from /home/airflow/.local/lib/python3.12/site-packages/airflow/example_dags/example_complex.py
[2026-07-31T11:45:25.178+0000] {processor.py:840} INFO - DAG(s) 'example_complex' retrieved from /home/airflow/.local/lib/python3.12/site-packages/airflow/example_dags/example_complex.py
[2026-07-31T11:45:25.228+0000] {logging_mixin.py:188} INFO - [2026-07-31T11:45:25.228+0000] {dag.py:3089} INFO - Sync 1 DAGs
[2026-07-31T11:45:25.250+0000] {logging_mixin.py:188} INFO - [2026-07-31T11:45:25.250+0000] {dag.py:3947} INFO - Setting next_dagrun for example_complex to None, run_after=None
[2026-07-31T11:45:25.292+0000] {processor.py:183} INFO - Processing /home/airflow/.local/lib/python3.12/site-packages/airflow/example_dags/example_complex.py took 0.142 seconds
[2026-07-31T11:45:55.578+0000] {processor.py:161} INFO - Started process (PID=5046) to work on /home/airflow/.local/lib/python3.12/site-packages/airflow/example_dags/example_complex.py
[2026-07-31T11:45:55.580+0000] {processor.py:830} INFO - Processing file /home/airflow/.local/lib/python3.12/site-packages/airflow/example_dags/example_complex.py for tasks to queue
[2026-07-31T11:45:55.583+0000] {logging_mixin.py:188} INFO - [2026-07-31T11:45:55.582+0000] {dagbag.py:545} INFO - Filling up the DagBag from /home/airflow/.local/lib/python3.12/site-packages/airflow/example_dags/example_complex.py
[2026-07-31T11:45:55.595+0000] {processor.py:840} INFO - DAG(s) 'example_complex' retrieved from /home/airflow/.local/lib/python3.12/site-packages/airflow/example_dags/example_complex.py
[2026-07-31T11:45:55.634+0000] {logging_mixin.py:188} INFO - [2026-07-31T11:45:55.634+0000] {dag.py:3089} INFO - Sync 1 DAGs
[2026-07-31T11:45:55.657+0000] {logging_mixin.py:188} INFO - [2026-07-31T11:45:55.656+0000] {dag.py:3947} INFO - Setting next_dagrun for example_complex to None, run_after=None
[2026-07-31T11:45:55.685+0000] {processor.py:183} INFO - Processing /home/airflow/.local/lib/python3.12/site-packages/airflow/example_dags/example_complex.py took 0.117 seconds
[2026-07-31T11:46:26.080+0000] {processor.py:161} INFO - Started process (PID=5104) to work on /home/airflow/.local/lib/python3.12/site-packages/airflow/example_dags/example_complex.py
[2026-07-31T11:46:26.081+0000] {processor.py:830} INFO - Processing file /home/airflow/.local/lib/python3.12/site-packages/airflow/example_dags/example_complex.py for tasks to queue
[2026-07-31T11:46:26.085+0000] {logging_mixin.py:188} INFO - [2026-07-31T11:46:26.084+0000] {dagbag.py:545} INFO - Filling up the DagBag from /home/airflow/.local/lib/python3.12/site-packages/airflow/example_dags/example_complex.py
[2026-07-31T11:46:26.102+0000] {processor.py:840} INFO - DAG(s) 'example_complex' retrieved from /home/airflow/.local/lib/python3.12/site-packages/airflow/example_dags/example_complex.py
[2026-07-31T11:46:26.152+0000] {logging_mixin.py:188} INFO - [2026-07-31T11:46:26.152+0000] {dag.py:3089} INFO - Sync 1 DAGs
[2026-07-31T11:46:26.176+0000] {logging_mixin.py:188} INFO - [2026-07-31T11:46:26.176+0000] {dag.py:3947} INFO - Setting next_dagrun for example_complex to None, run_after=None
[2026-07-31T11:46:26.213+0000] {processor.py:183} INFO - Processing /home/airflow/.local/lib/python3.12/site-packages/airflow/example_dags/example_complex.py took 0.144 seconds
[2026-07-31T11:46:56.511+0000] {processor.py:161} INFO - Started process (PID=5162) to work on /home/airflow/.local/lib/python3.12/site-packages/airflow/example_dags/example_complex.py
[2026-07-31T11:46:56.513+0000] {processor.py:830} INFO - Processing file /home/airflow/.local/lib/python3.12/site-packages/airflow/example_dags/example_complex.py for tasks to queue
[2026-07-31T11:46:56.516+0000] {logging_mixin.py:188} INFO - [2026-07-31T11:46:56.515+0000] {dagbag.py:545} INFO - Filling up the DagBag from /home/airflow/.local/lib/python3.12/site-packages/airflow/example_dags/example_complex.py
[2026-07-31T11:46:56.531+0000] {processor.py:840} INFO - DAG(s) 'example_complex' retrieved from /home/airflow/.local/lib/python3.12/site-packages/airflow/example_dags/example_complex.py
[2026-07-31T11:46:56.575+0000] {logging_mixin.py:188} INFO - [2026-07-31T11:46:56.574+0000] {dag.py:3089} INFO - Sync 1 DAGs
[2026-07-31T11:46:56.600+0000] {logging_mixin.py:188} INFO - [2026-07-31T11:46:56.599+0000] {dag.py:3947} INFO - Setting next_dagrun for example_complex to None, run_after=None
[2026-07-31T11:46:56.623+0000] {processor.py:183} INFO - Processing /home/airflow/.local/lib/python3.12/site-packages/airflow/example_dags/example_complex.py took 0.121 seconds
[2026-07-31T11:47:27.425+0000] {processor.py:161} INFO - Started process (PID=5220) to work on /home/airflow/.local/lib/python3.12/site-packages/airflow/example_dags/example_complex.py
[2026-07-31T11:47:27.428+0000] {processor.py:830} INFO - Processing file /home/airflow/.local/lib/python3.12/site-packages/airflow/example_dags/example_complex.py for tasks to queue
[2026-07-31T11:47:27.431+0000] {logging_mixin.py:188} INFO - [2026-07-31T11:47:27.430+0000] {dagbag.py:545} INFO - Filling up the DagBag from /home/airflow/.local/lib/python3.12/site-packages/airflow/example_dags/example_complex.py
[2026-07-31T11:47:27.469+0000] {processor.py:840} INFO - DAG(s) 'example_complex' retrieved from /home/airflow/.local/lib/python3.12/site-packages/airflow/example_dags/example_complex.py
[2026-07-31T11:47:27.573+0000] {logging_mixin.py:188} INFO - [2026-07-31T11:47:27.572+0000] {dag.py:3089} INFO - Sync 1 DAGs
[2026-07-31T11:47:27.618+0000] {logging_mixin.py:188} INFO - [2026-07-31T11:47:27.615+0000] {dag.py:3947} INFO - Setting next_dagrun for example_complex to None, run_after=None
[2026-07-31T11:47:27.675+0000] {processor.py:183} INFO - Processing /home/airflow/.local/lib/python3.12/site-packages/airflow/example_dags/example_complex.py took 0.270 seconds
[2026-07-31T11:47:58.424+0000] {processor.py:161} INFO - Started process (PID=5278) to work on /home/airflow/.local/lib/python3.12/site-packages/airflow/example_dags/example_complex.py
[2026-07-31T11:47:58.425+0000] {processor.py:830} INFO - Processing file /home/airflow/.local/lib/python3.12/site-packages/airflow/example_dags/example_complex.py for tasks to queue
[2026-07-31T11:47:58.428+0000] {logging_mixin.py:188} INFO - [2026-07-31T11:47:58.427+0000] {dagbag.py:545} INFO - Filling up the DagBag from /home/airflow/.local/lib/python3.12/site-packages/airflow/example_dags/example_complex.py
[2026-07-31T11:47:58.443+0000] {processor.py:840} INFO - DAG(s) 'example_complex' retrieved from /home/airflow/.local/lib/python3.12/site-packages/airflow/example_dags/example_complex.py
[2026-07-31T11:47:58.485+0000] {logging_mixin.py:188} INFO - [2026-07-31T11:47:58.484+0000] {dag.py:3089} INFO - Sync 1 DAGs
[2026-07-31T11:47:58.505+0000] {logging_mixin.py:188} INFO - [2026-07-31T11:47:58.505+0000] {dag.py:3947} INFO - Setting next_dagrun for example_complex to None, run_after=None
[2026-07-31T11:47:58.532+0000] {processor.py:183} INFO - Processing /home/airflow/.local/lib/python3.12/site-packages/airflow/example_dags/example_complex.py took 0.116 seconds
[2026-07-31T11:48:28.669+0000] {processor.py:161} INFO - Started process (PID=5336) to work on /home/airflow/.local/lib/python3.12/site-packages/airflow/example_dags/example_complex.py
[2026-07-31T11:48:28.670+0000] {processor.py:830} INFO - Processing file /home/airflow/.local/lib/python3.12/site-packages/airflow/example_dags/example_complex.py for tasks to queue
[2026-07-31T11:48:28.672+0000] {logging_mixin.py:188} INFO - [2026-07-31T11:48:28.672+0000] {dagbag.py:545} INFO - Filling up the DagBag from /home/airflow/.local/lib/python3.12/site-packages/airflow/example_dags/example_complex.py
[2026-07-31T11:48:28.685+0000] {processor.py:840} INFO - DAG(s) 'example_complex' retrieved from /home/airflow/.local/lib/python3.12/site-packages/airflow/example_dags/example_complex.py
[2026-07-31T11:48:28.723+0000] {logging_mixin.py:188} INFO - [2026-07-31T11:48:28.722+0000] {dag.py:3089} INFO - Sync 1 DAGs
[2026-07-31T11:48:28.745+0000] {logging_mixin.py:188} INFO - [2026-07-31T11:48:28.744+0000] {dag.py:3947} INFO - Setting next_dagrun for example_complex to None, run_after=None
[2026-07-31T11:48:28.772+0000] {processor.py:183} INFO - Processing /home/airflow/.local/lib/python3.12/site-packages/airflow/example_dags/example_complex.py took 0.110 seconds
[2026-07-31T11:48:58.958+0000] {processor.py:161} INFO - Started process (PID=5394) to work on /home/airflow/.local/lib/python3.12/site-packages/airflow/example_dags/example_complex.py
[2026-07-31T11:48:58.959+0000] {processor.py:830} INFO - Processing file /home/airflow/.local/lib/python3.12/site-packages/airflow/example_dags/example_complex.py for tasks to queue
[2026-07-31T11:48:58.962+0000] {logging_mixin.py:188} INFO - [2026-07-31T11:48:58.962+0000] {dagbag.py:545} INFO - Filling up the DagBag from /home/airflow/.local/lib/python3.12/site-packages/airflow/example_dags/example_complex.py
[2026-07-31T11:48:58.976+0000] {processor.py:840} INFO - DAG(s) 'example_complex' retrieved from /home/airflow/.local/lib/python3.12/site-packages/airflow/example_dags/example_complex.py
[2026-07-31T11:48:59.018+0000] {logging_mixin.py:188} INFO - [2026-07-31T11:48:59.018+0000] {dag.py:3089} INFO - Sync 1 DAGs
[2026-07-31T11:48:59.036+0000] {logging_mixin.py:188} INFO - [2026-07-31T11:48:59.036+0000] {dag.py:3947} INFO - Setting next_dagrun for example_complex to None, run_after=None
[2026-07-31T11:48:59.063+0000] {processor.py:183} INFO - Processing /home/airflow/.local/lib/python3.12/site-packages/airflow/example_dags/example_complex.py took 0.113 seconds
[2026-07-31T11:49:29.540+0000] {processor.py:161} INFO - Started process (PID=5452) to work on /home/airflow/.local/lib/python3.12/site-packages/airflow/example_dags/example_complex.py
[2026-07-31T11:49:29.541+0000] {processor.py:830} INFO - Processing file /home/airflow/.local/lib/python3.12/site-packages/airflow/example_dags/example_complex.py for tasks to queue
[2026-07-31T11:49:29.543+0000] {logging_mixin.py:188} INFO - [2026-07-31T11:49:29.543+0000] {dagbag.py:545} INFO - Filling up the DagBag from /home/airflow/.local/lib/python3.12/site-packages/airflow/example_dags/example_complex.py
[2026-07-31T11:49:29.556+0000] {processor.py:840} INFO - DAG(s) 'example_complex' retrieved from /home/airflow/.local/lib/python3.12/site-packages/airflow/example_dags/example_complex.py
[2026-07-31T11:49:29.591+0000] {logging_mixin.py:188} INFO - [2026-07-31T11:49:29.591+0000] {dag.py:3089} INFO - Sync 1 DAGs
[2026-07-31T11:49:29.609+0000] {logging_mixin.py:188} INFO - [2026-07-31T11:49:29.609+0000] {dag.py:3947} INFO - Setting next_dagrun for example_complex to None, run_after=None
[2026-07-31T11:49:29.635+0000] {processor.py:183} INFO - Processing /home/airflow/.local/lib/python3.12/site-packages/airflow/example_dags/example_complex.py took 0.103 seconds
[2026-07-31T11:50:00.232+0000] {processor.py:161} INFO - Started process (PID=5510) to work on /home/airflow/.local/lib/python3.12/site-packages/airflow/example_dags/example_complex.py
[2026-07-31T11:50:00.233+0000] {processor.py:830} INFO - Processing file /home/airflow/.local/lib/python3.12/site-packages/airflow/example_dags/example_complex.py for tasks to queue
[2026-07-31T11:50:00.236+0000] {logging_mixin.py:188} INFO - [2026-07-31T11:50:00.235+0000] {dagbag.py:545} INFO - Filling up the DagBag from /home/airflow/.local/lib/python3.12/site-packages/airflow/example_dags/example_complex.py
[2026-07-31T11:50:00.249+0000] {processor.py:840} INFO - DAG(s) 'example_complex' retrieved from /home/airflow/.local/lib/python3.12/site-packages/airflow/example_dags/example_complex.py
[2026-07-31T11:50:00.287+0000] {logging_mixin.py:188} INFO - [2026-07-31T11:50:00.287+0000] {dag.py:3089} INFO - Sync 1 DAGs
[2026-07-31T11:50:00.307+0000] {logging_mixin.py:188} INFO - [2026-07-31T11:50:00.306+0000] {dag.py:3947} INFO - Setting next_dagrun for example_complex to None, run_after=None
[2026-07-31T11:50:00.335+0000] {processor.py:183} INFO - Processing /home/airflow/.local/lib/python3.12/site-packages/airflow/example_dags/example_complex.py took 0.110 seconds
[2026-07-31T11:50:30.700+0000] {processor.py:161} INFO - Started process (PID=5568) to work on /home/airflow/.local/lib/python3.12/site-packages/airflow/example_dags/example_complex.py
[2026-07-31T11:50:30.701+0000] {processor.py:830} INFO - Processing file /home/airflow/.local/lib/python3.12/site-packages/airflow/example_dags/example_complex.py for tasks to queue
[2026-07-31T11:50:30.705+0000] {logging_mixin.py:188} INFO - [2026-07-31T11:50:30.704+0000] {dagbag.py:545} INFO - Filling up the DagBag from /home/airflow/.local/lib/python3.12/site-packages/airflow/example_dags/example_complex.py
[2026-07-31T11:50:30.722+0000] {processor.py:840} INFO - DAG(s) 'example_complex' retrieved from /home/airflow/.local/lib/python3.12/site-packages/airflow/example_dags/example_complex.py
[2026-07-31T11:50:30.773+0000] {logging_mixin.py:188} INFO - [2026-07-31T11:50:30.772+0000] {dag.py:3089} INFO - Sync 1 DAGs
[2026-07-31T11:50:30.791+0000] {logging_mixin.py:188} INFO - [2026-07-31T11:50:30.791+0000] {dag.py:3947} INFO - Setting next_dagrun for example_complex to None, run_after=None
[2026-07-31T11:50:30.819+0000] {processor.py:183} INFO - Processing /home/airflow/.local/lib/python3.12/site-packages/airflow/example_dags/example_complex.py took 0.130 seconds
[2026-07-31T11:51:00.999+0000] {processor.py:161} INFO - Started process (PID=5626) to work on /home/airflow/.local/lib/python3.12/site-packages/airflow/example_dags/example_complex.py
[2026-07-31T11:51:01.000+0000] {processor.py:830} INFO - Processing file /home/airflow/.local/lib/python3.12/site-packages/airflow/example_dags/example_complex.py for tasks to queue
[2026-07-31T11:51:01.003+0000] {logging_mixin.py:188} INFO - [2026-07-31T11:51:01.002+0000] {dagbag.py:545} INFO - Filling up the DagBag from /home/airflow/.local/lib/python3.12/site-packages/airflow/example_dags/example_complex.py
[2026-07-31T11:51:01.017+0000] {processor.py:840} INFO - DAG(s) 'example_complex' retrieved from /home/airflow/.local/lib/python3.12/site-packages/airflow/example_dags/example_complex.py
[2026-07-31T11:51:01.059+0000] {logging_mixin.py:188} INFO - [2026-07-31T11:51:01.058+0000] {dag.py:3089} INFO - Sync 1 DAGs
[2026-07-31T11:51:01.078+0000] {logging_mixin.py:188} INFO - [2026-07-31T11:51:01.078+0000] {dag.py:3947} INFO - Setting next_dagrun for example_complex to None, run_after=None
[2026-07-31T11:51:01.105+0000] {processor.py:183} INFO - Processing /home/airflow/.local/lib/python3.12/site-packages/airflow/example_dags/example_complex.py took 0.113 seconds
[2026-07-31T11:51:31.408+0000] {processor.py:161} INFO - Started process (PID=5684) to work on /home/airflow/.local/lib/python3.12/site-packages/airflow/example_dags/example_complex.py
[2026-07-31T11:51:31.410+0000] {processor.py:830} INFO - Processing file /home/airflow/.local/lib/python3.12/site-packages/airflow/example_dags/example_complex.py for tasks to queue
[2026-07-31T11:51:31.412+0000] {logging_mixin.py:188} INFO - [2026-07-31T11:51:31.412+0000] {dagbag.py:545} INFO - Filling up the DagBag from /home/airflow/.local/lib/python3.12/site-packages/airflow/example_dags/example_complex.py
[2026-07-31T11:51:31.424+0000] {processor.py:840} INFO - DAG(s) 'example_complex' retrieved from /home/airflow/.local/lib/python3.12/site-packages/airflow/example_dags/example_complex.py
[2026-07-31T11:51:31.463+0000] {logging_mixin.py:188} INFO - [2026-07-31T11:51:31.463+0000] {dag.py:3089} INFO - Sync 1 DAGs
[2026-07-31T11:51:31.479+0000] {logging_mixin.py:188} INFO - [2026-07-31T11:51:31.479+0000] {dag.py:3947} INFO - Setting next_dagrun for example_complex to None, run_after=None
[2026-07-31T11:51:31.502+0000] {processor.py:183} INFO - Processing /home/airflow/.local/lib/python3.12/site-packages/airflow/example_dags/example_complex.py took 0.102 seconds
[2026-07-31T11:52:01.702+0000] {processor.py:161} INFO - Started process (PID=5741) to work on /home/airflow/.local/lib/python3.12/site-packages/airflow/example_dags/example_complex.py
[2026-07-31T11:52:01.704+0000] {processor.py:830} INFO - Processing file /home/airflow/.local/lib/python3.12/site-packages/airflow/example_dags/example_complex.py for tasks to queue
[2026-07-31T11:52:01.707+0000] {logging_mixin.py:188} INFO - [2026-07-31T11:52:01.707+0000] {dagbag.py:545} INFO - Filling up the DagBag from /home/airflow/.local/lib/python3.12/site-packages/airflow/example_dags/example_complex.py
[2026-07-31T11:52:01.734+0000] {processor.py:840} INFO - DAG(s) 'example_complex' retrieved from /home/airflow/.local/lib/python3.12/site-packages/airflow/example_dags/example_complex.py
[2026-07-31T11:52:01.790+0000] {logging_mixin.py:188} INFO - [2026-07-31T11:52:01.790+0000] {dag.py:3089} INFO - Sync 1 DAGs
[2026-07-31T11:52:01.815+0000] {logging_mixin.py:188} INFO - [2026-07-31T11:52:01.815+0000] {dag.py:3947} INFO - Setting next_dagrun for example_complex to None, run_after=None
[2026-07-31T11:52:01.846+0000] {processor.py:183} INFO - Processing /home/airflow/.local/lib/python3.12/site-packages/airflow/example_dags/example_complex.py took 0.152 seconds
[2026-07-31T11:52:32.226+0000] {processor.py:161} INFO - Started process (PID=5799) to work on /home/airflow/.local/lib/python3.12/site-packages/airflow/example_dags/example_complex.py
[2026-07-31T11:52:32.227+0000] {processor.py:830} INFO - Processing file /home/airflow/.local/lib/python3.12/site-packages/airflow/example_dags/example_complex.py for tasks to queue
[2026-07-31T11:52:32.231+0000] {logging_mixin.py:188} INFO - [2026-07-31T11:52:32.231+0000] {dagbag.py:545} INFO - Filling up the DagBag from /home/airflow/.local/lib/python3.12/site-packages/airflow/example_dags/example_complex.py
[2026-07-31T11:52:32.253+0000] {processor.py:840} INFO - DAG(s) 'example_complex' retrieved from /home/airflow/.local/lib/python3.12/site-packages/airflow/example_dags/example_complex.py
[2026-07-31T11:52:32.322+0000] {logging_mixin.py:188} INFO - [2026-07-31T11:52:32.321+0000] {dag.py:3089} INFO - Sync 1 DAGs
[2026-07-31T11:52:32.355+0000] {logging_mixin.py:188} INFO - [2026-07-31T11:52:32.355+0000] {dag.py:3947} INFO - Setting next_dagrun for example_complex to None, run_after=None
[2026-07-31T11:52:32.392+0000] {processor.py:183} INFO - Processing /home/airflow/.local/lib/python3.12/site-packages/airflow/example_dags/example_complex.py took 0.178 seconds
[2026-07-31T11:53:02.800+0000] {processor.py:161} INFO - Started process (PID=5857) to work on /home/airflow/.local/lib/python3.12/site-packages/airflow/example_dags/example_complex.py
[2026-07-31T11:53:02.801+0000] {processor.py:830} INFO - Processing file /home/airflow/.local/lib/python3.12/site-packages/airflow/example_dags/example_complex.py for tasks to queue
[2026-07-31T11:53:02.804+0000] {logging_mixin.py:188} INFO - [2026-07-31T11:53:02.803+0000] {dagbag.py:545} INFO - Filling up the DagBag from /home/airflow/.local/lib/python3.12/site-packages/airflow/example_dags/example_complex.py
[2026-07-31T11:53:02.817+0000] {processor.py:840} INFO - DAG(s) 'example_complex' retrieved from /home/airflow/.local/lib/python3.12/site-packages/airflow/example_dags/example_complex.py
[2026-07-31T11:53:02.855+0000] {logging_mixin.py:188} INFO - [2026-07-31T11:53:02.855+0000] {dag.py:3089} INFO - Sync 1 DAGs
[2026-07-31T11:53:02.872+0000] {logging_mixin.py:188} INFO - [2026-07-31T11:53:02.871+0000] {dag.py:3947} INFO - Setting next_dagrun for example_complex to None, run_after=None
[2026-07-31T11:53:02.894+0000] {processor.py:183} INFO - Processing /home/airflow/.local/lib/python3.12/site-packages/airflow/example_dags/example_complex.py took 0.101 seconds
[2026-07-31T11:53:33.624+0000] {processor.py:161} INFO - Started process (PID=5915) to work on /home/airflow/.local/lib/python3.12/site-packages/airflow/example_dags/example_complex.py
[2026-07-31T11:53:33.625+0000] {processor.py:830} INFO - Processing file /home/airflow/.local/lib/python3.12/site-packages/airflow/example_dags/example_complex.py for tasks to queue
[2026-07-31T11:53:33.628+0000] {logging_mixin.py:188} INFO - [2026-07-31T11:53:33.627+0000] {dagbag.py:545} INFO - Filling up the DagBag from /home/airflow/.local/lib/python3.12/site-packages/airflow/example_dags/example_complex.py
[2026-07-31T11:53:33.640+0000] {processor.py:840} INFO - DAG(s) 'example_complex' retrieved from /home/airflow/.local/lib/python3.12/site-packages/airflow/example_dags/example_complex.py
[2026-07-31T11:53:33.691+0000] {logging_mixin.py:188} INFO - [2026-07-31T11:53:33.691+0000] {dag.py:3089} INFO - Sync 1 DAGs
[2026-07-31T11:53:33.715+0000] {logging_mixin.py:188} INFO - [2026-07-31T11:53:33.715+0000] {dag.py:3947} INFO - Setting next_dagrun for example_complex to None, run_after=None
[2026-07-31T11:53:33.747+0000] {processor.py:183} INFO - Processing /home/airflow/.local/lib/python3.12/site-packages/airflow/example_dags/example_complex.py took 0.131 seconds
[2026-07-31T11:54:04.467+0000] {processor.py:161} INFO - Started process (PID=5973) to work on /home/airflow/.local/lib/python3.12/site-packages/airflow/example_dags/example_complex.py
[2026-07-31T11:54:04.468+0000] {processor.py:830} INFO - Processing file /home/airflow/.local/lib/python3.12/site-packages/airflow/example_dags/example_complex.py for tasks to queue
[2026-07-31T11:54:04.471+0000] {logging_mixin.py:188} INFO - [2026-07-31T11:54:04.470+0000] {dagbag.py:545} INFO - Filling up the DagBag from /home/airflow/.local/lib/python3.12/site-packages/airflow/example_dags/example_complex.py
[2026-07-31T11:54:04.634+0000] {processor.py:840} INFO - DAG(s) 'example_complex' retrieved from /home/airflow/.local/lib/python3.12/site-packages/airflow/example_dags/example_complex.py
[2026-07-31T11:54:04.666+0000] {logging_mixin.py:188} INFO - [2026-07-31T11:54:04.666+0000] {dag.py:3089} INFO - Sync 1 DAGs
[2026-07-31T11:54:04.679+0000] {logging_mixin.py:188} INFO - [2026-07-31T11:54:04.679+0000] {dag.py:3947} INFO - Setting next_dagrun for example_complex to None, run_after=None
[2026-07-31T11:54:04.700+0000] {processor.py:183} INFO - Processing /home/airflow/.local/lib/python3.12/site-packages/airflow/example_dags/example_complex.py took 0.243 seconds
[2026-07-31T11:54:35.639+0000] {processor.py:161} INFO - Started process (PID=6032) to work on /home/airflow/.local/lib/python3.12/site-packages/airflow/example_dags/example_complex.py
[2026-07-31T11:54:35.641+0000] {processor.py:830} INFO - Processing file /home/airflow/.local/lib/python3.12/site-packages/airflow/example_dags/example_complex.py for tasks to queue
[2026-07-31T11:54:35.644+0000] {logging_mixin.py:188} INFO - [2026-07-31T11:54:35.643+0000] {dagbag.py:545} INFO - Filling up the DagBag from /home/airflow/.local/lib/python3.12/site-packages/airflow/example_dags/example_complex.py
[2026-07-31T11:54:35.656+0000] {processor.py:840} INFO - DAG(s) 'example_complex' retrieved from /home/airflow/.local/lib/python3.12/site-packages/airflow/example_dags/example_complex.py
[2026-07-31T11:54:35.701+0000] {logging_mixin.py:188} INFO - [2026-07-31T11:54:35.700+0000] {dag.py:3089} INFO - Sync 1 DAGs
[2026-07-31T11:54:35.715+0000] {logging_mixin.py:188} INFO - [2026-07-31T11:54:35.715+0000] {dag.py:3947} INFO - Setting next_dagrun for example_complex to None, run_after=None
[2026-07-31T11:54:35.739+0000] {processor.py:183} INFO - Processing /home/airflow/.local/lib/python3.12/site-packages/airflow/example_dags/example_complex.py took 0.108 seconds
[2026-07-31T11:55:06.082+0000] {processor.py:161} INFO - Started process (PID=6090) to work on /home/airflow/.local/lib/python3.12/site-packages/airflow/example_dags/example_complex.py
[2026-07-31T11:55:06.084+0000] {processor.py:830} INFO - Processing file /home/airflow/.local/lib/python3.12/site-packages/airflow/example_dags/example_complex.py for tasks to queue
[2026-07-31T11:55:06.087+0000] {logging_mixin.py:188} INFO - [2026-07-31T11:55:06.086+0000] {dagbag.py:545} INFO - Filling up the DagBag from /home/airflow/.local/lib/python3.12/site-packages/airflow/example_dags/example_complex.py
[2026-07-31T11:55:06.099+0000] {processor.py:840} INFO - DAG(s) 'example_complex' retrieved from /home/airflow/.local/lib/python3.12/site-packages/airflow/example_dags/example_complex.py
[2026-07-31T11:55:06.142+0000] {logging_mixin.py:188} INFO - [2026-07-31T11:55:06.142+0000] {dag.py:3089} INFO - Sync 1 DAGs
[2026-07-31T11:55:06.157+0000] {logging_mixin.py:188} INFO - [2026-07-31T11:55:06.157+0000] {dag.py:3947} INFO - Setting next_dagrun for example_complex to None, run_after=None
[2026-07-31T11:55:06.181+0000] {processor.py:183} INFO - Processing /home/airflow/.local/lib/python3.12/site-packages/airflow/example_dags/example_complex.py took 0.106 seconds
[2026-07-31T11:55:36.681+0000] {processor.py:161} INFO - Started process (PID=6148) to work on /home/airflow/.local/lib/python3.12/site-packages/airflow/example_dags/example_complex.py
[2026-07-31T11:55:36.682+0000] {processor.py:830} INFO - Processing file /home/airflow/.local/lib/python3.12/site-packages/airflow/example_dags/example_complex.py for tasks to queue
[2026-07-31T11:55:36.685+0000] {logging_mixin.py:188} INFO - [2026-07-31T11:55:36.684+0000] {dagbag.py:545} INFO - Filling up the DagBag from /home/airflow/.local/lib/python3.12/site-packages/airflow/example_dags/example_complex.py
[2026-07-31T11:55:36.698+0000] {processor.py:840} INFO - DAG(s) 'example_complex' retrieved from /home/airflow/.local/lib/python3.12/site-packages/airflow/example_dags/example_complex.py
[2026-07-31T11:55:36.742+0000] {logging_mixin.py:188} INFO - [2026-07-31T11:55:36.742+0000] {dag.py:3089} INFO - Sync 1 DAGs
[2026-07-31T11:55:36.759+0000] {logging_mixin.py:188} INFO - [2026-07-31T11:55:36.759+0000] {dag.py:3947} INFO - Setting next_dagrun for example_complex to None, run_after=None
[2026-07-31T11:55:36.787+0000] {processor.py:183} INFO - Processing /home/airflow/.local/lib/python3.12/site-packages/airflow/example_dags/example_complex.py took 0.115 seconds
[2026-07-31T11:56:07.259+0000] {processor.py:161} INFO - Started process (PID=6207) to work on /home/airflow/.local/lib/python3.12/site-packages/airflow/example_dags/example_complex.py
[2026-07-31T11:56:07.260+0000] {processor.py:830} INFO - Processing file /home/airflow/.local/lib/python3.12/site-packages/airflow/example_dags/example_complex.py for tasks to queue
[2026-07-31T11:56:07.263+0000] {logging_mixin.py:188} INFO - [2026-07-31T11:56:07.263+0000] {dagbag.py:545} INFO - Filling up the DagBag from /home/airflow/.local/lib/python3.12/site-packages/airflow/example_dags/example_complex.py
[2026-07-31T11:56:07.274+0000] {processor.py:840} INFO - DAG(s) 'example_complex' retrieved from /home/airflow/.local/lib/python3.12/site-packages/airflow/example_dags/example_complex.py
[2026-07-31T11:56:07.311+0000] {logging_mixin.py:188} INFO - [2026-07-31T11:56:07.311+0000] {dag.py:3089} INFO - Sync 1 DAGs
[2026-07-31T11:56:07.326+0000] {logging_mixin.py:188} INFO - [2026-07-31T11:56:07.326+0000] {dag.py:3947} INFO - Setting next_dagrun for example_complex to None, run_after=None
[2026-07-31T11:56:07.358+0000] {processor.py:183} INFO - Processing /home/airflow/.local/lib/python3.12/site-packages/airflow/example_dags/example_complex.py took 0.105 seconds
[2026-07-31T11:56:37.854+0000] {processor.py:161} INFO - Started process (PID=6265) to work on /home/airflow/.local/lib/python3.12/site-packages/airflow/example_dags/example_complex.py
[2026-07-31T11:56:37.855+0000] {processor.py:830} INFO - Processing file /home/airflow/.local/lib/python3.12/site-packages/airflow/example_dags/example_complex.py for tasks to queue
[2026-07-31T11:56:37.857+0000] {logging_mixin.py:188} INFO - [2026-07-31T11:56:37.857+0000] {dagbag.py:545} INFO - Filling up the DagBag from /home/airflow/.local/lib/python3.12/site-packages/airflow/example_dags/example_complex.py
[2026-07-31T11:56:37.871+0000] {processor.py:840} INFO - DAG(s) 'example_complex' retrieved from /home/airflow/.local/lib/python3.12/site-packages/airflow/example_dags/example_complex.py
[2026-07-31T11:56:37.911+0000] {logging_mixin.py:188} INFO - [2026-07-31T11:56:37.911+0000] {dag.py:3089} INFO - Sync 1 DAGs
[2026-07-31T11:56:37.930+0000] {logging_mixin.py:188} INFO - [2026-07-31T11:56:37.929+0000] {dag.py:3947} INFO - Setting next_dagrun for example_complex to None, run_after=None
[2026-07-31T11:56:37.966+0000] {processor.py:183} INFO - Processing /home/airflow/.local/lib/python3.12/site-packages/airflow/example_dags/example_complex.py took 0.120 seconds
[2026-07-31T11:57:08.982+0000] {processor.py:161} INFO - Started process (PID=6323) to work on /home/airflow/.local/lib/python3.12/site-packages/airflow/example_dags/example_complex.py
[2026-07-31T11:57:09.012+0000] {processor.py:830} INFO - Processing file /home/airflow/.local/lib/python3.12/site-packages/airflow/example_dags/example_complex.py for tasks to queue
[2026-07-31T11:57:09.028+0000] {logging_mixin.py:188} INFO - [2026-07-31T11:57:09.027+0000] {dagbag.py:545} INFO - Filling up the DagBag from /home/airflow/.local/lib/python3.12/site-packages/airflow/example_dags/example_complex.py
[2026-07-31T11:57:09.101+0000] {processor.py:840} INFO - DAG(s) 'example_complex' retrieved from /home/airflow/.local/lib/python3.12/site-packages/airflow/example_dags/example_complex.py
[2026-07-31T11:57:09.584+0000] {logging_mixin.py:188} INFO - [2026-07-31T11:57:09.583+0000] {dag.py:3089} INFO - Sync 1 DAGs
[2026-07-31T11:57:09.766+0000] {logging_mixin.py:188} INFO - [2026-07-31T11:57:09.765+0000] {dag.py:3947} INFO - Setting next_dagrun for example_complex to None, run_after=None
[2026-07-31T11:57:10.293+0000] {processor.py:183} INFO - Processing /home/airflow/.local/lib/python3.12/site-packages/airflow/example_dags/example_complex.py took 1.348 seconds
[2026-07-31T11:57:41.010+0000] {processor.py:161} INFO - Started process (PID=6381) to work on /home/airflow/.local/lib/python3.12/site-packages/airflow/example_dags/example_complex.py
[2026-07-31T11:57:41.012+0000] {processor.py:830} INFO - Processing file /home/airflow/.local/lib/python3.12/site-packages/airflow/example_dags/example_complex.py for tasks to queue
[2026-07-31T11:57:41.022+0000] {logging_mixin.py:188} INFO - [2026-07-31T11:57:41.021+0000] {dagbag.py:545} INFO - Filling up the DagBag from /home/airflow/.local/lib/python3.12/site-packages/airflow/example_dags/example_complex.py
[2026-07-31T11:57:41.072+0000] {processor.py:840} INFO - DAG(s) 'example_complex' retrieved from /home/airflow/.local/lib/python3.12/site-packages/airflow/example_dags/example_complex.py
[2026-07-31T11:57:41.223+0000] {logging_mixin.py:188} INFO - [2026-07-31T11:57:41.222+0000] {dag.py:3089} INFO - Sync 1 DAGs
[2026-07-31T11:57:41.293+0000] {logging_mixin.py:188} INFO - [2026-07-31T11:57:41.292+0000] {dag.py:3947} INFO - Setting next_dagrun for example_complex to None, run_after=None
[2026-07-31T11:57:41.370+0000] {processor.py:183} INFO - Processing /home/airflow/.local/lib/python3.12/site-packages/airflow/example_dags/example_complex.py took 0.374 seconds
[2026-07-31T11:58:11.671+0000] {processor.py:161} INFO - Started process (PID=6440) to work on /home/airflow/.local/lib/python3.12/site-packages/airflow/example_dags/example_complex.py
[2026-07-31T11:58:11.674+0000] {processor.py:830} INFO - Processing file /home/airflow/.local/lib/python3.12/site-packages/airflow/example_dags/example_complex.py for tasks to queue
[2026-07-31T11:58:11.678+0000] {logging_mixin.py:188} INFO - [2026-07-31T11:58:11.677+0000] {dagbag.py:545} INFO - Filling up the DagBag from /home/airflow/.local/lib/python3.12/site-packages/airflow/example_dags/example_complex.py
[2026-07-31T11:58:11.693+0000] {processor.py:840} INFO - DAG(s) 'example_complex' retrieved from /home/airflow/.local/lib/python3.12/site-packages/airflow/example_dags/example_complex.py
[2026-07-31T11:58:11.761+0000] {logging_mixin.py:188} INFO - [2026-07-31T11:58:11.761+0000] {dag.py:3089} INFO - Sync 1 DAGs
[2026-07-31T11:58:11.785+0000] {logging_mixin.py:188} INFO - [2026-07-31T11:58:11.785+0000] {dag.py:3947} INFO - Setting next_dagrun for example_complex to None, run_after=None
[2026-07-31T11:58:11.816+0000] {processor.py:183} INFO - Processing /home/airflow/.local/lib/python3.12/site-packages/airflow/example_dags/example_complex.py took 0.156 seconds
[2026-07-31T11:58:42.341+0000] {processor.py:161} INFO - Started process (PID=6498) to work on /home/airflow/.local/lib/python3.12/site-packages/airflow/example_dags/example_complex.py
[2026-07-31T11:58:42.343+0000] {processor.py:830} INFO - Processing file /home/airflow/.local/lib/python3.12/site-packages/airflow/example_dags/example_complex.py for tasks to queue
[2026-07-31T11:58:42.347+0000] {logging_mixin.py:188} INFO - [2026-07-31T11:58:42.346+0000] {dagbag.py:545} INFO - Filling up the DagBag from /home/airflow/.local/lib/python3.12/site-packages/airflow/example_dags/example_complex.py
[2026-07-31T11:58:42.363+0000] {processor.py:840} INFO - DAG(s) 'example_complex' retrieved from /home/airflow/.local/lib/python3.12/site-packages/airflow/example_dags/example_complex.py
[2026-07-31T11:58:42.409+0000] {logging_mixin.py:188} INFO - [2026-07-31T11:58:42.409+0000] {dag.py:3089} INFO - Sync 1 DAGs
[2026-07-31T11:58:42.427+0000] {logging_mixin.py:188} INFO - [2026-07-31T11:58:42.426+0000] {dag.py:3947} INFO - Setting next_dagrun for example_complex to None, run_after=None
[2026-07-31T11:58:42.452+0000] {processor.py:183} INFO - Processing /home/airflow/.local/lib/python3.12/site-packages/airflow/example_dags/example_complex.py took 0.120 seconds
[2026-07-31T11:59:13.365+0000] {processor.py:161} INFO - Started process (PID=6556) to work on /home/airflow/.local/lib/python3.12/site-packages/airflow/example_dags/example_complex.py
[2026-07-31T11:59:13.368+0000] {processor.py:830} INFO - Processing file /home/airflow/.local/lib/python3.12/site-packages/airflow/example_dags/example_complex.py for tasks to queue
[2026-07-31T11:59:13.372+0000] {logging_mixin.py:188} INFO - [2026-07-31T11:59:13.371+0000] {dagbag.py:545} INFO - Filling up the DagBag from /home/airflow/.local/lib/python3.12/site-packages/airflow/example_dags/example_complex.py
[2026-07-31T11:59:13.393+0000] {processor.py:840} INFO - DAG(s) 'example_complex' retrieved from /home/airflow/.local/lib/python3.12/site-packages/airflow/example_dags/example_complex.py
[2026-07-31T11:59:13.481+0000] {logging_mixin.py:188} INFO - [2026-07-31T11:59:13.481+0000] {dag.py:3089} INFO - Sync 1 DAGs
[2026-07-31T11:59:13.499+0000] {logging_mixin.py:188} INFO - [2026-07-31T11:59:13.498+0000] {dag.py:3947} INFO - Setting next_dagrun for example_complex to None, run_after=None
[2026-07-31T11:59:13.525+0000] {processor.py:183} INFO - Processing /home/airflow/.local/lib/python3.12/site-packages/airflow/example_dags/example_complex.py took 0.171 seconds
[2026-07-31T11:59:43.704+0000] {processor.py:161} INFO - Started process (PID=6614) to work on /home/airflow/.local/lib/python3.12/site-packages/airflow/example_dags/example_complex.py
[2026-07-31T11:59:43.705+0000] {processor.py:830} INFO - Processing file /home/airflow/.local/lib/python3.12/site-packages/airflow/example_dags/example_complex.py for tasks to queue
[2026-07-31T11:59:43.708+0000] {logging_mixin.py:188} INFO - [2026-07-31T11:59:43.708+0000] {dagbag.py:545} INFO - Filling up the DagBag from /home/airflow/.local/lib/python3.12/site-packages/airflow/example_dags/example_complex.py
[2026-07-31T11:59:43.723+0000] {processor.py:840} INFO - DAG(s) 'example_complex' retrieved from /home/airflow/.local/lib/python3.12/site-packages/airflow/example_dags/example_complex.py
[2026-07-31T11:59:43.766+0000] {logging_mixin.py:188} INFO - [2026-07-31T11:59:43.765+0000] {dag.py:3089} INFO - Sync 1 DAGs
[2026-07-31T11:59:43.786+0000] {logging_mixin.py:188} INFO - [2026-07-31T11:59:43.786+0000] {dag.py:3947} INFO - Setting next_dagrun for example_complex to None, run_after=None
[2026-07-31T11:59:43.811+0000] {processor.py:183} INFO - Processing /home/airflow/.local/lib/python3.12/site-packages/airflow/example_dags/example_complex.py took 0.115 seconds
[2026-07-31T12:00:13.992+0000] {processor.py:161} INFO - Started process (PID=6672) to work on /home/airflow/.local/lib/python3.12/site-packages/airflow/example_dags/example_complex.py
[2026-07-31T12:00:13.994+0000] {processor.py:830} INFO - Processing file /home/airflow/.local/lib/python3.12/site-packages/airflow/example_dags/example_complex.py for tasks to queue
[2026-07-31T12:00:13.998+0000] {logging_mixin.py:188} INFO - [2026-07-31T12:00:13.998+0000] {dagbag.py:545} INFO - Filling up the DagBag from /home/airflow/.local/lib/python3.12/site-packages/airflow/example_dags/example_complex.py
[2026-07-31T12:00:14.013+0000] {processor.py:840} INFO - DAG(s) 'example_complex' retrieved from /home/airflow/.local/lib/python3.12/site-packages/airflow/example_dags/example_complex.py
[2026-07-31T12:00:14.054+0000] {logging_mixin.py:188} INFO - [2026-07-31T12:00:14.053+0000] {dag.py:3089} INFO - Sync 1 DAGs
[2026-07-31T12:00:14.072+0000] {logging_mixin.py:188} INFO - [2026-07-31T12:00:14.072+0000] {dag.py:3947} INFO - Setting next_dagrun for example_complex to None, run_after=None
[2026-07-31T12:00:14.104+0000] {processor.py:183} INFO - Processing /home/airflow/.local/lib/python3.12/site-packages/airflow/example_dags/example_complex.py took 0.120 seconds
[2026-07-31T12:00:44.385+0000] {processor.py:161} INFO - Started process (PID=6730) to work on /home/airflow/.local/lib/python3.12/site-packages/airflow/example_dags/example_complex.py
[2026-07-31T12:00:44.387+0000] {processor.py:830} INFO - Processing file /home/airflow/.local/lib/python3.12/site-packages/airflow/example_dags/example_complex.py for tasks to queue
[2026-07-31T12:00:44.390+0000] {logging_mixin.py:188} INFO - [2026-07-31T12:00:44.389+0000] {dagbag.py:545} INFO - Filling up the DagBag from /home/airflow/.local/lib/python3.12/site-packages/airflow/example_dags/example_complex.py
[2026-07-31T12:00:44.403+0000] {processor.py:840} INFO - DAG(s) 'example_complex' retrieved from /home/airflow/.local/lib/python3.12/site-packages/airflow/example_dags/example_complex.py
[2026-07-31T12:00:44.444+0000] {logging_mixin.py:188} INFO - [2026-07-31T12:00:44.443+0000] {dag.py:3089} INFO - Sync 1 DAGs
[2026-07-31T12:00:44.460+0000] {logging_mixin.py:188} INFO - [2026-07-31T12:00:44.459+0000] {dag.py:3947} INFO - Setting next_dagrun for example_complex to None, run_after=None
[2026-07-31T12:00:44.485+0000] {processor.py:183} INFO - Processing /home/airflow/.local/lib/python3.12/site-packages/airflow/example_dags/example_complex.py took 0.108 seconds
[2026-07-31T12:01:14.597+0000] {processor.py:161} INFO - Started process (PID=6788) to work on /home/airflow/.local/lib/python3.12/site-packages/airflow/example_dags/example_complex.py
[2026-07-31T12:01:14.598+0000] {processor.py:830} INFO - Processing file /home/airflow/.local/lib/python3.12/site-packages/airflow/example_dags/example_complex.py for tasks to queue
[2026-07-31T12:01:14.601+0000] {logging_mixin.py:188} INFO - [2026-07-31T12:01:14.601+0000] {dagbag.py:545} INFO - Filling up the DagBag from /home/airflow/.local/lib/python3.12/site-packages/airflow/example_dags/example_complex.py
[2026-07-31T12:01:14.616+0000] {processor.py:840} INFO - DAG(s) 'example_complex' retrieved from /home/airflow/.local/lib/python3.12/site-packages/airflow/example_dags/example_complex.py
[2026-07-31T12:01:14.655+0000] {logging_mixin.py:188} INFO - [2026-07-31T12:01:14.655+0000] {dag.py:3089} INFO - Sync 1 DAGs
[2026-07-31T12:01:14.672+0000] {logging_mixin.py:188} INFO - [2026-07-31T12:01:14.672+0000] {dag.py:3947} INFO - Setting next_dagrun for example_complex to None, run_after=None
[2026-07-31T12:01:14.698+0000] {processor.py:183} INFO - Processing /home/airflow/.local/lib/python3.12/site-packages/airflow/example_dags/example_complex.py took 0.109 seconds
[2026-07-31T12:01:44.951+0000] {processor.py:161} INFO - Started process (PID=6846) to work on /home/airflow/.local/lib/python3.12/site-packages/airflow/example_dags/example_complex.py
[2026-07-31T12:01:44.952+0000] {processor.py:830} INFO - Processing file /home/airflow/.local/lib/python3.12/site-packages/airflow/example_dags/example_complex.py for tasks to queue
[2026-07-31T12:01:44.955+0000] {logging_mixin.py:188} INFO - [2026-07-31T12:01:44.954+0000] {dagbag.py:545} INFO - Filling up the DagBag from /home/airflow/.local/lib/python3.12/site-packages/airflow/example_dags/example_complex.py
[2026-07-31T12:01:44.971+0000] {processor.py:840} INFO - DAG(s) 'example_complex' retrieved from /home/airflow/.local/lib/python3.12/site-packages/airflow/example_dags/example_complex.py
[2026-07-31T12:01:45.020+0000] {logging_mixin.py:188} INFO - [2026-07-31T12:01:45.019+0000] {dag.py:3089} INFO - Sync 1 DAGs
[2026-07-31T12:01:45.042+0000] {logging_mixin.py:188} INFO - [2026-07-31T12:01:45.042+0000] {dag.py:3947} INFO - Setting next_dagrun for example_complex to None, run_after=None
[2026-07-31T12:01:45.075+0000] {processor.py:183} INFO - Processing /home/airflow/.local/lib/python3.12/site-packages/airflow/example_dags/example_complex.py took 0.131 seconds
[2026-07-31T12:02:15.485+0000] {processor.py:161} INFO - Started process (PID=6904) to work on /home/airflow/.local/lib/python3.12/site-packages/airflow/example_dags/example_complex.py
[2026-07-31T12:02:15.487+0000] {processor.py:830} INFO - Processing file /home/airflow/.local/lib/python3.12/site-packages/airflow/example_dags/example_complex.py for tasks to queue
[2026-07-31T12:02:15.490+0000] {logging_mixin.py:188} INFO - [2026-07-31T12:02:15.489+0000] {dagbag.py:545} INFO - Filling up the DagBag from /home/airflow/.local/lib/python3.12/site-packages/airflow/example_dags/example_complex.py
[2026-07-31T12:02:15.504+0000] {processor.py:840} INFO - DAG(s) 'example_complex' retrieved from /home/airflow/.local/lib/python3.12/site-packages/airflow/example_dags/example_complex.py
[2026-07-31T12:02:15.544+0000] {logging_mixin.py:188} INFO - [2026-07-31T12:02:15.544+0000] {dag.py:3089} INFO - Sync 1 DAGs
[2026-07-31T12:02:15.561+0000] {logging_mixin.py:188} INFO - [2026-07-31T12:02:15.561+0000] {dag.py:3947} INFO - Setting next_dagrun for example_complex to None, run_after=None
[2026-07-31T12:02:15.588+0000] {processor.py:183} INFO - Processing /home/airflow/.local/lib/python3.12/site-packages/airflow/example_dags/example_complex.py took 0.112 seconds
[2026-07-31T12:02:46.343+0000] {processor.py:161} INFO - Started process (PID=6961) to work on /home/airflow/.local/lib/python3.12/site-packages/airflow/example_dags/example_complex.py
[2026-07-31T12:02:46.344+0000] {processor.py:830} INFO - Processing file /home/airflow/.local/lib/python3.12/site-packages/airflow/example_dags/example_complex.py for tasks to queue
[2026-07-31T12:02:46.347+0000] {logging_mixin.py:188} INFO - [2026-07-31T12:02:46.346+0000] {dagbag.py:545} INFO - Filling up the DagBag from /home/airflow/.local/lib/python3.12/site-packages/airflow/example_dags/example_complex.py
[2026-07-31T12:02:46.359+0000] {processor.py:840} INFO - DAG(s) 'example_complex' retrieved from /home/airflow/.local/lib/python3.12/site-packages/airflow/example_dags/example_complex.py
[2026-07-31T12:02:46.398+0000] {logging_mixin.py:188} INFO - [2026-07-31T12:02:46.398+0000] {dag.py:3089} INFO - Sync 1 DAGs
[2026-07-31T12:02:46.415+0000] {logging_mixin.py:188} INFO - [2026-07-31T12:02:46.414+0000] {dag.py:3947} INFO - Setting next_dagrun for example_complex to None, run_after=None
[2026-07-31T12:02:46.441+0000] {processor.py:183} INFO - Processing /home/airflow/.local/lib/python3.12/site-packages/airflow/example_dags/example_complex.py took 0.108 seconds
[2026-07-31T12:03:17.163+0000] {processor.py:161} INFO - Started process (PID=7018) to work on /home/airflow/.local/lib/python3.12/site-packages/airflow/example_dags/example_complex.py
[2026-07-31T12:03:17.164+0000] {processor.py:830} INFO - Processing file /home/airflow/.local/lib/python3.12/site-packages/airflow/example_dags/example_complex.py for tasks to queue
[2026-07-31T12:03:17.168+0000] {logging_mixin.py:188} INFO - [2026-07-31T12:03:17.167+0000] {dagbag.py:545} INFO - Filling up the DagBag from /home/airflow/.local/lib/python3.12/site-packages/airflow/example_dags/example_complex.py
[2026-07-31T12:03:17.183+0000] {processor.py:840} INFO - DAG(s) 'example_complex' retrieved from /home/airflow/.local/lib/python3.12/site-packages/airflow/example_dags/example_complex.py
[2026-07-31T12:03:17.228+0000] {logging_mixin.py:188} INFO - [2026-07-31T12:03:17.228+0000] {dag.py:3089} INFO - Sync 1 DAGs
[2026-07-31T12:03:17.244+0000] {logging_mixin.py:188} INFO - [2026-07-31T12:03:17.243+0000] {dag.py:3947} INFO - Setting next_dagrun for example_complex to None, run_after=None
[2026-07-31T12:03:17.266+0000] {processor.py:183} INFO - Processing /home/airflow/.local/lib/python3.12/site-packages/airflow/example_dags/example_complex.py took 0.111 seconds
[2026-07-31T12:03:47.342+0000] {processor.py:161} INFO - Started process (PID=7076) to work on /home/airflow/.local/lib/python3.12/site-packages/airflow/example_dags/example_complex.py
[2026-07-31T12:03:47.343+0000] {processor.py:830} INFO - Processing file /home/airflow/.local/lib/python3.12/site-packages/airflow/example_dags/example_complex.py for tasks to queue
[2026-07-31T12:03:47.346+0000] {logging_mixin.py:188} INFO - [2026-07-31T12:03:47.346+0000] {dagbag.py:545} INFO - Filling up the DagBag from /home/airflow/.local/lib/python3.12/site-packages/airflow/example_dags/example_complex.py
[2026-07-31T12:03:47.360+0000] {processor.py:840} INFO - DAG(s) 'example_complex' retrieved from /home/airflow/.local/lib/python3.12/site-packages/airflow/example_dags/example_complex.py
[2026-07-31T12:03:47.396+0000] {logging_mixin.py:188} INFO - [2026-07-31T12:03:47.395+0000] {dag.py:3089} INFO - Sync 1 DAGs
[2026-07-31T12:03:47.413+0000] {logging_mixin.py:188} INFO - [2026-07-31T12:03:47.412+0000] {dag.py:3947} INFO - Setting next_dagrun for example_complex to None, run_after=None
[2026-07-31T12:03:47.439+0000] {processor.py:183} INFO - Processing /home/airflow/.local/lib/python3.12/site-packages/airflow/example_dags/example_complex.py took 0.105 seconds
[2026-07-31T12:04:17.714+0000] {processor.py:161} INFO - Started process (PID=7134) to work on /home/airflow/.local/lib/python3.12/site-packages/airflow/example_dags/example_complex.py
[2026-07-31T12:04:17.716+0000] {processor.py:830} INFO - Processing file /home/airflow/.local/lib/python3.12/site-packages/airflow/example_dags/example_complex.py for tasks to queue
[2026-07-31T12:04:17.719+0000] {logging_mixin.py:188} INFO - [2026-07-31T12:04:17.719+0000] {dagbag.py:545} INFO - Filling up the DagBag from /home/airflow/.local/lib/python3.12/site-packages/airflow/example_dags/example_complex.py
[2026-07-31T12:04:17.733+0000] {processor.py:840} INFO - DAG(s) 'example_complex' retrieved from /home/airflow/.local/lib/python3.12/site-packages/airflow/example_dags/example_complex.py
[2026-07-31T12:04:17.772+0000] {logging_mixin.py:188} INFO - [2026-07-31T12:04:17.771+0000] {dag.py:3089} INFO - Sync 1 DAGs
[2026-07-31T12:04:17.789+0000] {logging_mixin.py:188} INFO - [2026-07-31T12:04:17.789+0000] {dag.py:3947} INFO - Setting next_dagrun for example_complex to None, run_after=None
[2026-07-31T12:04:17.815+0000] {processor.py:183} INFO - Processing /home/airflow/.local/lib/python3.12/site-packages/airflow/example_dags/example_complex.py took 0.110 seconds
[2026-07-31T12:04:48.365+0000] {processor.py:161} INFO - Started process (PID=7192) to work on /home/airflow/.local/lib/python3.12/site-packages/airflow/example_dags/example_complex.py
[2026-07-31T12:04:48.366+0000] {processor.py:830} INFO - Processing file /home/airflow/.local/lib/python3.12/site-packages/airflow/example_dags/example_complex.py for tasks to queue
[2026-07-31T12:04:48.368+0000] {logging_mixin.py:188} INFO - [2026-07-31T12:04:48.368+0000] {dagbag.py:545} INFO - Filling up the DagBag from /home/airflow/.local/lib/python3.12/site-packages/airflow/example_dags/example_complex.py
[2026-07-31T12:04:48.383+0000] {processor.py:840} INFO - DAG(s) 'example_complex' retrieved from /home/airflow/.local/lib/python3.12/site-packages/airflow/example_dags/example_complex.py
[2026-07-31T12:04:48.426+0000] {logging_mixin.py:188} INFO - [2026-07-31T12:04:48.426+0000] {dag.py:3089} INFO - Sync 1 DAGs
[2026-07-31T12:04:48.446+0000] {logging_mixin.py:188} INFO - [2026-07-31T12:04:48.446+0000] {dag.py:3947} INFO - Setting next_dagrun for example_complex to None, run_after=None
[2026-07-31T12:04:48.474+0000] {processor.py:183} INFO - Processing /home/airflow/.local/lib/python3.12/site-packages/airflow/example_dags/example_complex.py took 0.118 seconds
[2026-07-31T12:05:18.927+0000] {processor.py:161} INFO - Started process (PID=7250) to work on /home/airflow/.local/lib/python3.12/site-packages/airflow/example_dags/example_complex.py
[2026-07-31T12:05:18.929+0000] {processor.py:830} INFO - Processing file /home/airflow/.local/lib/python3.12/site-packages/airflow/example_dags/example_complex.py for tasks to queue
[2026-07-31T12:05:18.932+0000] {logging_mixin.py:188} INFO - [2026-07-31T12:05:18.932+0000] {dagbag.py:545} INFO - Filling up the DagBag from /home/airflow/.local/lib/python3.12/site-packages/airflow/example_dags/example_complex.py
[2026-07-31T12:05:18.949+0000] {processor.py:840} INFO - DAG(s) 'example_complex' retrieved from /home/airflow/.local/lib/python3.12/site-packages/airflow/example_dags/example_complex.py
[2026-07-31T12:05:19.001+0000] {logging_mixin.py:188} INFO - [2026-07-31T12:05:19.000+0000] {dag.py:3089} INFO - Sync 1 DAGs
[2026-07-31T12:05:19.026+0000] {logging_mixin.py:188} INFO - [2026-07-31T12:05:19.026+0000] {dag.py:3947} INFO - Setting next_dagrun for example_complex to None, run_after=None
[2026-07-31T12:05:19.069+0000] {processor.py:183} INFO - Processing /home/airflow/.local/lib/python3.12/site-packages/airflow/example_dags/example_complex.py took 0.155 seconds
[2026-07-31T12:05:49.244+0000] {processor.py:161} INFO - Started process (PID=7309) to work on /home/airflow/.local/lib/python3.12/site-packages/airflow/example_dags/example_complex.py
[2026-07-31T12:05:49.245+0000] {processor.py:830} INFO - Processing file /home/airflow/.local/lib/python3.12/site-packages/airflow/example_dags/example_complex.py for tasks to queue
[2026-07-31T12:05:49.248+0000] {logging_mixin.py:188} INFO - [2026-07-31T12:05:49.247+0000] {dagbag.py:545} INFO - Filling up the DagBag from /home/airflow/.local/lib/python3.12/site-packages/airflow/example_dags/example_complex.py
[2026-07-31T12:05:49.265+0000] {processor.py:840} INFO - DAG(s) 'example_complex' retrieved from /home/airflow/.local/lib/python3.12/site-packages/airflow/example_dags/example_complex.py
[2026-07-31T12:05:49.305+0000] {logging_mixin.py:188} INFO - [2026-07-31T12:05:49.305+0000] {dag.py:3089} INFO - Sync 1 DAGs
[2026-07-31T12:05:49.328+0000] {logging_mixin.py:188} INFO - [2026-07-31T12:05:49.327+0000] {dag.py:3947} INFO - Setting next_dagrun for example_complex to None, run_after=None
[2026-07-31T12:05:49.359+0000] {processor.py:183} INFO - Processing /home/airflow/.local/lib/python3.12/site-packages/airflow/example_dags/example_complex.py took 0.123 seconds
[2026-07-31T12:06:19.541+0000] {processor.py:161} INFO - Started process (PID=7367) to work on /home/airflow/.local/lib/python3.12/site-packages/airflow/example_dags/example_complex.py
[2026-07-31T12:06:19.542+0000] {processor.py:830} INFO - Processing file /home/airflow/.local/lib/python3.12/site-packages/airflow/example_dags/example_complex.py for tasks to queue
[2026-07-31T12:06:19.544+0000] {logging_mixin.py:188} INFO - [2026-07-31T12:06:19.544+0000] {dagbag.py:545} INFO - Filling up the DagBag from /home/airflow/.local/lib/python3.12/site-packages/airflow/example_dags/example_complex.py
[2026-07-31T12:06:19.558+0000] {processor.py:840} INFO - DAG(s) 'example_complex' retrieved from /home/airflow/.local/lib/python3.12/site-packages/airflow/example_dags/example_complex.py
[2026-07-31T12:06:19.596+0000] {logging_mixin.py:188} INFO - [2026-07-31T12:06:19.596+0000] {dag.py:3089} INFO - Sync 1 DAGs
[2026-07-31T12:06:19.615+0000] {logging_mixin.py:188} INFO - [2026-07-31T12:06:19.615+0000] {dag.py:3947} INFO - Setting next_dagrun for example_complex to None, run_after=None
[2026-07-31T12:06:19.648+0000] {processor.py:183} INFO - Processing /home/airflow/.local/lib/python3.12/site-packages/airflow/example_dags/example_complex.py took 0.115 seconds
[2026-07-31T12:06:50.101+0000] {processor.py:161} INFO - Started process (PID=7425) to work on /home/airflow/.local/lib/python3.12/site-packages/airflow/example_dags/example_complex.py
[2026-07-31T12:06:50.103+0000] {processor.py:830} INFO - Processing file /home/airflow/.local/lib/python3.12/site-packages/airflow/example_dags/example_complex.py for tasks to queue
[2026-07-31T12:06:50.106+0000] {logging_mixin.py:188} INFO - [2026-07-31T12:06:50.106+0000] {dagbag.py:545} INFO - Filling up the DagBag from /home/airflow/.local/lib/python3.12/site-packages/airflow/example_dags/example_complex.py
[2026-07-31T12:06:50.130+0000] {processor.py:840} INFO - DAG(s) 'example_complex' retrieved from /home/airflow/.local/lib/python3.12/site-packages/airflow/example_dags/example_complex.py
[2026-07-31T12:06:50.206+0000] {logging_mixin.py:188} INFO - [2026-07-31T12:06:50.206+0000] {dag.py:3089} INFO - Sync 1 DAGs
[2026-07-31T12:06:50.232+0000] {logging_mixin.py:188} INFO - [2026-07-31T12:06:50.231+0000] {dag.py:3947} INFO - Setting next_dagrun for example_complex to None, run_after=None
[2026-07-31T12:06:50.264+0000] {processor.py:183} INFO - Processing /home/airflow/.local/lib/python3.12/site-packages/airflow/example_dags/example_complex.py took 0.175 seconds
[2026-07-31T12:07:20.439+0000] {processor.py:161} INFO - Started process (PID=7483) to work on /home/airflow/.local/lib/python3.12/site-packages/airflow/example_dags/example_complex.py
[2026-07-31T12:07:20.441+0000] {processor.py:830} INFO - Processing file /home/airflow/.local/lib/python3.12/site-packages/airflow/example_dags/example_complex.py for tasks to queue
[2026-07-31T12:07:20.444+0000] {logging_mixin.py:188} INFO - [2026-07-31T12:07:20.444+0000] {dagbag.py:545} INFO - Filling up the DagBag from /home/airflow/.local/lib/python3.12/site-packages/airflow/example_dags/example_complex.py
[2026-07-31T12:07:20.463+0000] {processor.py:840} INFO - DAG(s) 'example_complex' retrieved from /home/airflow/.local/lib/python3.12/site-packages/airflow/example_dags/example_complex.py
[2026-07-31T12:07:20.511+0000] {logging_mixin.py:188} INFO - [2026-07-31T12:07:20.510+0000] {dag.py:3089} INFO - Sync 1 DAGs
[2026-07-31T12:07:20.531+0000] {logging_mixin.py:188} INFO - [2026-07-31T12:07:20.530+0000] {dag.py:3947} INFO - Setting next_dagrun for example_complex to None, run_after=None
[2026-07-31T12:07:20.562+0000] {processor.py:183} INFO - Processing /home/airflow/.local/lib/python3.12/site-packages/airflow/example_dags/example_complex.py took 0.135 seconds
[2026-07-31T12:07:51.356+0000] {processor.py:161} INFO - Started process (PID=7547) to work on /home/airflow/.local/lib/python3.12/site-packages/airflow/example_dags/example_complex.py
[2026-07-31T12:07:51.363+0000] {processor.py:830} INFO - Processing file /home/airflow/.local/lib/python3.12/site-packages/airflow/example_dags/example_complex.py for tasks to queue
[2026-07-31T12:07:51.375+0000] {logging_mixin.py:188} INFO - [2026-07-31T12:07:51.374+0000] {dagbag.py:545} INFO - Filling up the DagBag from /home/airflow/.local/lib/python3.12/site-packages/airflow/example_dags/example_complex.py
[2026-07-31T12:07:51.422+0000] {processor.py:840} INFO - DAG(s) 'example_complex' retrieved from /home/airflow/.local/lib/python3.12/site-packages/airflow/example_dags/example_complex.py
[2026-07-31T12:07:51.619+0000] {logging_mixin.py:188} INFO - [2026-07-31T12:07:51.608+0000] {dag.py:3089} INFO - Sync 1 DAGs
[2026-07-31T12:07:51.746+0000] {logging_mixin.py:188} INFO - [2026-07-31T12:07:51.745+0000] {dag.py:3947} INFO - Setting next_dagrun for example_complex to None, run_after=None
[2026-07-31T12:07:51.961+0000] {processor.py:183} INFO - Processing /home/airflow/.local/lib/python3.12/site-packages/airflow/example_dags/example_complex.py took 0.631 seconds
[2026-07-31T12:08:22.139+0000] {processor.py:161} INFO - Started process (PID=7605) to work on /home/airflow/.local/lib/python3.12/site-packages/airflow/example_dags/example_complex.py
[2026-07-31T12:08:22.141+0000] {processor.py:830} INFO - Processing file /home/airflow/.local/lib/python3.12/site-packages/airflow/example_dags/example_complex.py for tasks to queue
[2026-07-31T12:08:22.144+0000] {logging_mixin.py:188} INFO - [2026-07-31T12:08:22.144+0000] {dagbag.py:545} INFO - Filling up the DagBag from /home/airflow/.local/lib/python3.12/site-packages/airflow/example_dags/example_complex.py
[2026-07-31T12:08:22.160+0000] {processor.py:840} INFO - DAG(s) 'example_complex' retrieved from /home/airflow/.local/lib/python3.12/site-packages/airflow/example_dags/example_complex.py
[2026-07-31T12:08:22.203+0000] {logging_mixin.py:188} INFO - [2026-07-31T12:08:22.203+0000] {dag.py:3089} INFO - Sync 1 DAGs
[2026-07-31T12:08:22.221+0000] {logging_mixin.py:188} INFO - [2026-07-31T12:08:22.221+0000] {dag.py:3947} INFO - Setting next_dagrun for example_complex to None, run_after=None
[2026-07-31T12:08:22.249+0000] {processor.py:183} INFO - Processing /home/airflow/.local/lib/python3.12/site-packages/airflow/example_dags/example_complex.py took 0.117 seconds
[2026-07-31T12:08:52.337+0000] {processor.py:161} INFO - Started process (PID=7662) to work on /home/airflow/.local/lib/python3.12/site-packages/airflow/example_dags/example_complex.py
[2026-07-31T12:08:52.338+0000] {processor.py:830} INFO - Processing file /home/airflow/.local/lib/python3.12/site-packages/airflow/example_dags/example_complex.py for tasks to queue
[2026-07-31T12:08:52.341+0000] {logging_mixin.py:188} INFO - [2026-07-31T12:08:52.341+0000] {dagbag.py:545} INFO - Filling up the DagBag from /home/airflow/.local/lib/python3.12/site-packages/airflow/example_dags/example_complex.py
[2026-07-31T12:08:52.357+0000] {processor.py:840} INFO - DAG(s) 'example_complex' retrieved from /home/airflow/.local/lib/python3.12/site-packages/airflow/example_dags/example_complex.py
[2026-07-31T12:08:52.412+0000] {logging_mixin.py:188} INFO - [2026-07-31T12:08:52.412+0000] {dag.py:3089} INFO - Sync 1 DAGs
[2026-07-31T12:08:52.434+0000] {logging_mixin.py:188} INFO - [2026-07-31T12:08:52.434+0000] {dag.py:3947} INFO - Setting next_dagrun for example_complex to None, run_after=None
[2026-07-31T12:08:52.462+0000] {processor.py:183} INFO - Processing /home/airflow/.local/lib/python3.12/site-packages/airflow/example_dags/example_complex.py took 0.134 seconds
[2026-07-31T12:09:22.673+0000] {processor.py:161} INFO - Started process (PID=7720) to work on /home/airflow/.local/lib/python3.12/site-packages/airflow/example_dags/example_complex.py
[2026-07-31T12:09:22.675+0000] {processor.py:830} INFO - Processing file /home/airflow/.local/lib/python3.12/site-packages/airflow/example_dags/example_complex.py for tasks to queue
[2026-07-31T12:09:22.677+0000] {logging_mixin.py:188} INFO - [2026-07-31T12:09:22.677+0000] {dagbag.py:545} INFO - Filling up the DagBag from /home/airflow/.local/lib/python3.12/site-packages/airflow/example_dags/example_complex.py
[2026-07-31T12:09:22.690+0000] {processor.py:840} INFO - DAG(s) 'example_complex' retrieved from /home/airflow/.local/lib/python3.12/site-packages/airflow/example_dags/example_complex.py
[2026-07-31T12:09:22.730+0000] {logging_mixin.py:188} INFO - [2026-07-31T12:09:22.729+0000] {dag.py:3089} INFO - Sync 1 DAGs
[2026-07-31T12:09:22.745+0000] {logging_mixin.py:188} INFO - [2026-07-31T12:09:22.745+0000] {dag.py:3947} INFO - Setting next_dagrun for example_complex to None, run_after=None
[2026-07-31T12:09:22.772+0000] {processor.py:183} INFO - Processing /home/airflow/.local/lib/python3.12/site-packages/airflow/example_dags/example_complex.py took 0.107 seconds
[2026-07-31T12:09:52.940+0000] {processor.py:161} INFO - Started process (PID=7779) to work on /home/airflow/.local/lib/python3.12/site-packages/airflow/example_dags/example_complex.py
[2026-07-31T12:09:52.941+0000] {processor.py:830} INFO - Processing file /home/airflow/.local/lib/python3.12/site-packages/airflow/example_dags/example_complex.py for tasks to queue
[2026-07-31T12:09:52.944+0000] {logging_mixin.py:188} INFO - [2026-07-31T12:09:52.943+0000] {dagbag.py:545} INFO - Filling up the DagBag from /home/airflow/.local/lib/python3.12/site-packages/airflow/example_dags/example_complex.py
[2026-07-31T12:09:52.957+0000] {processor.py:840} INFO - DAG(s) 'example_complex' retrieved from /home/airflow/.local/lib/python3.12/site-packages/airflow/example_dags/example_complex.py
[2026-07-31T12:09:52.995+0000] {logging_mixin.py:188} INFO - [2026-07-31T12:09:52.994+0000] {dag.py:3089} INFO - Sync 1 DAGs
[2026-07-31T12:09:53.011+0000] {logging_mixin.py:188} INFO - [2026-07-31T12:09:53.011+0000] {dag.py:3947} INFO - Setting next_dagrun for example_complex to None, run_after=None
[2026-07-31T12:09:53.036+0000] {processor.py:183} INFO - Processing /home/airflow/.local/lib/python3.12/site-packages/airflow/example_dags/example_complex.py took 0.104 seconds
[2026-07-31T12:10:23.180+0000] {processor.py:161} INFO - Started process (PID=7837) to work on /home/airflow/.local/lib/python3.12/site-packages/airflow/example_dags/example_complex.py
[2026-07-31T12:10:23.181+0000] {processor.py:830} INFO - Processing file /home/airflow/.local/lib/python3.12/site-packages/airflow/example_dags/example_complex.py for tasks to queue
[2026-07-31T12:10:23.183+0000] {logging_mixin.py:188} INFO - [2026-07-31T12:10:23.183+0000] {dagbag.py:545} INFO - Filling up the DagBag from /home/airflow/.local/lib/python3.12/site-packages/airflow/example_dags/example_complex.py
[2026-07-31T12:10:23.197+0000] {processor.py:840} INFO - DAG(s) 'example_complex' retrieved from /home/airflow/.local/lib/python3.12/site-packages/airflow/example_dags/example_complex.py
[2026-07-31T12:10:23.236+0000] {logging_mixin.py:188} INFO - [2026-07-31T12:10:23.235+0000] {dag.py:3089} INFO - Sync 1 DAGs
[2026-07-31T12:10:23.254+0000] {logging_mixin.py:188} INFO - [2026-07-31T12:10:23.253+0000] {dag.py:3947} INFO - Setting next_dagrun for example_complex to None, run_after=None
[2026-07-31T12:10:23.279+0000] {processor.py:183} INFO - Processing /home/airflow/.local/lib/python3.12/site-packages/airflow/example_dags/example_complex.py took 0.106 seconds
[2026-07-31T12:10:53.454+0000] {processor.py:161} INFO - Started process (PID=7895) to work on /home/airflow/.local/lib/python3.12/site-packages/airflow/example_dags/example_complex.py
[2026-07-31T12:10:53.455+0000] {processor.py:830} INFO - Processing file /home/airflow/.local/lib/python3.12/site-packages/airflow/example_dags/example_complex.py for tasks to queue
[2026-07-31T12:10:53.457+0000] {logging_mixin.py:188} INFO - [2026-07-31T12:10:53.456+0000] {dagbag.py:545} INFO - Filling up the DagBag from /home/airflow/.local/lib/python3.12/site-packages/airflow/example_dags/example_complex.py
[2026-07-31T12:10:53.469+0000] {processor.py:840} INFO - DAG(s) 'example_complex' retrieved from /home/airflow/.local/lib/python3.12/site-packages/airflow/example_dags/example_complex.py
[2026-07-31T12:10:53.513+0000] {logging_mixin.py:188} INFO - [2026-07-31T12:10:53.513+0000] {dag.py:3089} INFO - Sync 1 DAGs
[2026-07-31T12:10:53.529+0000] {logging_mixin.py:188} INFO - [2026-07-31T12:10:53.529+0000] {dag.py:3947} INFO - Setting next_dagrun for example_complex to None, run_after=None
[2026-07-31T12:10:53.554+0000] {processor.py:183} INFO - Processing /home/airflow/.local/lib/python3.12/site-packages/airflow/example_dags/example_complex.py took 0.109 seconds
[2026-07-31T12:11:24.083+0000] {processor.py:161} INFO - Started process (PID=7952) to work on /home/airflow/.local/lib/python3.12/site-packages/airflow/example_dags/example_complex.py
[2026-07-31T12:11:24.085+0000] {processor.py:830} INFO - Processing file /home/airflow/.local/lib/python3.12/site-packages/airflow/example_dags/example_complex.py for tasks to queue
[2026-07-31T12:11:24.091+0000] {logging_mixin.py:188} INFO - [2026-07-31T12:11:24.090+0000] {dagbag.py:545} INFO - Filling up the DagBag from /home/airflow/.local/lib/python3.12/site-packages/airflow/example_dags/example_complex.py
[2026-07-31T12:11:24.132+0000] {processor.py:840} INFO - DAG(s) 'example_complex' retrieved from /home/airflow/.local/lib/python3.12/site-packages/airflow/example_dags/example_complex.py
[2026-07-31T12:11:24.190+0000] {logging_mixin.py:188} INFO - [2026-07-31T12:11:24.190+0000] {dag.py:3089} INFO - Sync 1 DAGs
[2026-07-31T12:11:24.208+0000] {logging_mixin.py:188} INFO - [2026-07-31T12:11:24.208+0000] {dag.py:3947} INFO - Setting next_dagrun for example_complex to None, run_after=None
[2026-07-31T12:11:24.232+0000] {processor.py:183} INFO - Processing /home/airflow/.local/lib/python3.12/site-packages/airflow/example_dags/example_complex.py took 0.162 seconds
[2026-07-31T12:11:54.473+0000] {processor.py:161} INFO - Started process (PID=8010) to work on /home/airflow/.local/lib/python3.12/site-packages/airflow/example_dags/example_complex.py
[2026-07-31T12:11:54.476+0000] {processor.py:830} INFO - Processing file /home/airflow/.local/lib/python3.12/site-packages/airflow/example_dags/example_complex.py for tasks to queue
[2026-07-31T12:11:54.479+0000] {logging_mixin.py:188} INFO - [2026-07-31T12:11:54.478+0000] {dagbag.py:545} INFO - Filling up the DagBag from /home/airflow/.local/lib/python3.12/site-packages/airflow/example_dags/example_complex.py
[2026-07-31T12:11:54.490+0000] {processor.py:840} INFO - DAG(s) 'example_complex' retrieved from /home/airflow/.local/lib/python3.12/site-packages/airflow/example_dags/example_complex.py
[2026-07-31T12:11:54.541+0000] {logging_mixin.py:188} INFO - [2026-07-31T12:11:54.541+0000] {dag.py:3089} INFO - Sync 1 DAGs
[2026-07-31T12:11:54.557+0000] {logging_mixin.py:188} INFO - [2026-07-31T12:11:54.557+0000] {dag.py:3947} INFO - Setting next_dagrun for example_complex to None, run_after=None
[2026-07-31T12:11:54.586+0000] {processor.py:183} INFO - Processing /home/airflow/.local/lib/python3.12/site-packages/airflow/example_dags/example_complex.py took 0.119 seconds
[2026-07-31T12:12:25.632+0000] {processor.py:161} INFO - Started process (PID=8068) to work on /home/airflow/.local/lib/python3.12/site-packages/airflow/example_dags/example_complex.py
[2026-07-31T12:12:25.634+0000] {processor.py:830} INFO - Processing file /home/airflow/.local/lib/python3.12/site-packages/airflow/example_dags/example_complex.py for tasks to queue
[2026-07-31T12:12:25.636+0000] {logging_mixin.py:188} INFO - [2026-07-31T12:12:25.635+0000] {dagbag.py:545} INFO - Filling up the DagBag from /home/airflow/.local/lib/python3.12/site-packages/airflow/example_dags/example_complex.py
[2026-07-31T12:12:25.649+0000] {processor.py:840} INFO - DAG(s) 'example_complex' retrieved from /home/airflow/.local/lib/python3.12/site-packages/airflow/example_dags/example_complex.py
[2026-07-31T12:12:25.686+0000] {logging_mixin.py:188} INFO - [2026-07-31T12:12:25.685+0000] {dag.py:3089} INFO - Sync 1 DAGs
[2026-07-31T12:12:25.701+0000] {logging_mixin.py:188} INFO - [2026-07-31T12:12:25.700+0000] {dag.py:3947} INFO - Setting next_dagrun for example_complex to None, run_after=None
[2026-07-31T12:12:25.725+0000] {processor.py:183} INFO - Processing /home/airflow/.local/lib/python3.12/site-packages/airflow/example_dags/example_complex.py took 0.100 seconds
[2026-07-31T12:12:56.430+0000] {processor.py:161} INFO - Started process (PID=8126) to work on /home/airflow/.local/lib/python3.12/site-packages/airflow/example_dags/example_complex.py
[2026-07-31T12:12:56.431+0000] {processor.py:830} INFO - Processing file /home/airflow/.local/lib/python3.12/site-packages/airflow/example_dags/example_complex.py for tasks to queue
[2026-07-31T12:12:56.433+0000] {logging_mixin.py:188} INFO - [2026-07-31T12:12:56.433+0000] {dagbag.py:545} INFO - Filling up the DagBag from /home/airflow/.local/lib/python3.12/site-packages/airflow/example_dags/example_complex.py
[2026-07-31T12:12:56.446+0000] {processor.py:840} INFO - DAG(s) 'example_complex' retrieved from /home/airflow/.local/lib/python3.12/site-packages/airflow/example_dags/example_complex.py
[2026-07-31T12:12:56.482+0000] {logging_mixin.py:188} INFO - [2026-07-31T12:12:56.482+0000] {dag.py:3089} INFO - Sync 1 DAGs
[2026-07-31T12:12:56.497+0000] {logging_mixin.py:188} INFO - [2026-07-31T12:12:56.497+0000] {dag.py:3947} INFO - Setting next_dagrun for example_complex to None, run_after=None
[2026-07-31T12:12:56.522+0000] {processor.py:183} INFO - Processing /home/airflow/.local/lib/python3.12/site-packages/airflow/example_dags/example_complex.py took 0.099 seconds
[2026-07-31T12:13:27.162+0000] {processor.py:161} INFO - Started process (PID=8184) to work on /home/airflow/.local/lib/python3.12/site-packages/airflow/example_dags/example_complex.py
[2026-07-31T12:13:27.163+0000] {processor.py:830} INFO - Processing file /home/airflow/.local/lib/python3.12/site-packages/airflow/example_dags/example_complex.py for tasks to queue
[2026-07-31T12:13:27.166+0000] {logging_mixin.py:188} INFO - [2026-07-31T12:13:27.165+0000] {dagbag.py:545} INFO - Filling up the DagBag from /home/airflow/.local/lib/python3.12/site-packages/airflow/example_dags/example_complex.py
[2026-07-31T12:13:27.179+0000] {processor.py:840} INFO - DAG(s) 'example_complex' retrieved from /home/airflow/.local/lib/python3.12/site-packages/airflow/example_dags/example_complex.py
[2026-07-31T12:13:27.229+0000] {logging_mixin.py:188} INFO - [2026-07-31T12:13:27.228+0000] {dag.py:3089} INFO - Sync 1 DAGs
[2026-07-31T12:13:27.246+0000] {logging_mixin.py:188} INFO - [2026-07-31T12:13:27.246+0000] {dag.py:3947} INFO - Setting next_dagrun for example_complex to None, run_after=None
[2026-07-31T12:13:27.274+0000] {processor.py:183} INFO - Processing /home/airflow/.local/lib/python3.12/site-packages/airflow/example_dags/example_complex.py took 0.122 seconds
[2026-07-31T12:13:57.808+0000] {processor.py:161} INFO - Started process (PID=8242) to work on /home/airflow/.local/lib/python3.12/site-packages/airflow/example_dags/example_complex.py
[2026-07-31T12:13:57.810+0000] {processor.py:830} INFO - Processing file /home/airflow/.local/lib/python3.12/site-packages/airflow/example_dags/example_complex.py for tasks to queue
[2026-07-31T12:13:57.812+0000] {logging_mixin.py:188} INFO - [2026-07-31T12:13:57.812+0000] {dagbag.py:545} INFO - Filling up the DagBag from /home/airflow/.local/lib/python3.12/site-packages/airflow/example_dags/example_complex.py
[2026-07-31T12:13:57.825+0000] {processor.py:840} INFO - DAG(s) 'example_complex' retrieved from /home/airflow/.local/lib/python3.12/site-packages/airflow/example_dags/example_complex.py
[2026-07-31T12:13:57.862+0000] {logging_mixin.py:188} INFO - [2026-07-31T12:13:57.862+0000] {dag.py:3089} INFO - Sync 1 DAGs
[2026-07-31T12:13:57.878+0000] {logging_mixin.py:188} INFO - [2026-07-31T12:13:57.878+0000] {dag.py:3947} INFO - Setting next_dagrun for example_complex to None, run_after=None
[2026-07-31T12:13:57.903+0000] {processor.py:183} INFO - Processing /home/airflow/.local/lib/python3.12/site-packages/airflow/example_dags/example_complex.py took 0.102 seconds
[2026-07-31T12:14:28.075+0000] {processor.py:161} INFO - Started process (PID=8300) to work on /home/airflow/.local/lib/python3.12/site-packages/airflow/example_dags/example_complex.py
[2026-07-31T12:14:28.076+0000] {processor.py:830} INFO - Processing file /home/airflow/.local/lib/python3.12/site-packages/airflow/example_dags/example_complex.py for tasks to queue
[2026-07-31T12:14:28.079+0000] {logging_mixin.py:188} INFO - [2026-07-31T12:14:28.078+0000] {dagbag.py:545} INFO - Filling up the DagBag from /home/airflow/.local/lib/python3.12/site-packages/airflow/example_dags/example_complex.py
[2026-07-31T12:14:28.091+0000] {processor.py:840} INFO - DAG(s) 'example_complex' retrieved from /home/airflow/.local/lib/python3.12/site-packages/airflow/example_dags/example_complex.py
[2026-07-31T12:14:28.129+0000] {logging_mixin.py:188} INFO - [2026-07-31T12:14:28.128+0000] {dag.py:3089} INFO - Sync 1 DAGs
[2026-07-31T12:14:28.152+0000] {logging_mixin.py:188} INFO - [2026-07-31T12:14:28.152+0000] {dag.py:3947} INFO - Setting next_dagrun for example_complex to None, run_after=None
[2026-07-31T12:14:28.179+0000] {processor.py:183} INFO - Processing /home/airflow/.local/lib/python3.12/site-packages/airflow/example_dags/example_complex.py took 0.114 seconds
[2026-07-31T12:14:58.425+0000] {processor.py:161} INFO - Started process (PID=8357) to work on /home/airflow/.local/lib/python3.12/site-packages/airflow/example_dags/example_complex.py
[2026-07-31T12:14:58.426+0000] {processor.py:830} INFO - Processing file /home/airflow/.local/lib/python3.12/site-packages/airflow/example_dags/example_complex.py for tasks to queue
[2026-07-31T12:14:58.429+0000] {logging_mixin.py:188} INFO - [2026-07-31T12:14:58.428+0000] {dagbag.py:545} INFO - Filling up the DagBag from /home/airflow/.local/lib/python3.12/site-packages/airflow/example_dags/example_complex.py
[2026-07-31T12:14:58.443+0000] {processor.py:840} INFO - DAG(s) 'example_complex' retrieved from /home/airflow/.local/lib/python3.12/site-packages/airflow/example_dags/example_complex.py
[2026-07-31T12:14:58.484+0000] {logging_mixin.py:188} INFO - [2026-07-31T12:14:58.483+0000] {dag.py:3089} INFO - Sync 1 DAGs
[2026-07-31T12:14:58.501+0000] {logging_mixin.py:188} INFO - [2026-07-31T12:14:58.500+0000] {dag.py:3947} INFO - Setting next_dagrun for example_complex to None, run_after=None
[2026-07-31T12:14:58.527+0000] {processor.py:183} INFO - Processing /home/airflow/.local/lib/python3.12/site-packages/airflow/example_dags/example_complex.py took 0.110 seconds
[2026-07-31T12:15:29.232+0000] {processor.py:161} INFO - Started process (PID=8416) to work on /home/airflow/.local/lib/python3.12/site-packages/airflow/example_dags/example_complex.py
[2026-07-31T12:15:29.234+0000] {processor.py:830} INFO - Processing file /home/airflow/.local/lib/python3.12/site-packages/airflow/example_dags/example_complex.py for tasks to queue
[2026-07-31T12:15:29.236+0000] {logging_mixin.py:188} INFO - [2026-07-31T12:15:29.235+0000] {dagbag.py:545} INFO - Filling up the DagBag from /home/airflow/.local/lib/python3.12/site-packages/airflow/example_dags/example_complex.py
[2026-07-31T12:15:29.248+0000] {processor.py:840} INFO - DAG(s) 'example_complex' retrieved from /home/airflow/.local/lib/python3.12/site-packages/airflow/example_dags/example_complex.py
[2026-07-31T12:15:29.291+0000] {logging_mixin.py:188} INFO - [2026-07-31T12:15:29.290+0000] {dag.py:3089} INFO - Sync 1 DAGs
[2026-07-31T12:15:29.309+0000] {logging_mixin.py:188} INFO - [2026-07-31T12:15:29.308+0000] {dag.py:3947} INFO - Setting next_dagrun for example_complex to None, run_after=None
[2026-07-31T12:15:29.339+0000] {processor.py:183} INFO - Processing /home/airflow/.local/lib/python3.12/site-packages/airflow/example_dags/example_complex.py took 0.113 seconds
[2026-07-31T12:15:59.518+0000] {processor.py:161} INFO - Started process (PID=8472) to work on /home/airflow/.local/lib/python3.12/site-packages/airflow/example_dags/example_complex.py
[2026-07-31T12:15:59.519+0000] {processor.py:830} INFO - Processing file /home/airflow/.local/lib/python3.12/site-packages/airflow/example_dags/example_complex.py for tasks to queue
[2026-07-31T12:15:59.522+0000] {logging_mixin.py:188} INFO - [2026-07-31T12:15:59.522+0000] {dagbag.py:545} INFO - Filling up the DagBag from /home/airflow/.local/lib/python3.12/site-packages/airflow/example_dags/example_complex.py
[2026-07-31T12:15:59.537+0000] {processor.py:840} INFO - DAG(s) 'example_complex' retrieved from /home/airflow/.local/lib/python3.12/site-packages/airflow/example_dags/example_complex.py
[2026-07-31T12:15:59.579+0000] {logging_mixin.py:188} INFO - [2026-07-31T12:15:59.579+0000] {dag.py:3089} INFO - Sync 1 DAGs
[2026-07-31T12:15:59.595+0000] {logging_mixin.py:188} INFO - [2026-07-31T12:15:59.595+0000] {dag.py:3947} INFO - Setting next_dagrun for example_complex to None, run_after=None
[2026-07-31T12:15:59.621+0000] {processor.py:183} INFO - Processing /home/airflow/.local/lib/python3.12/site-packages/airflow/example_dags/example_complex.py took 0.111 seconds
[2026-07-31T12:16:29.717+0000] {processor.py:161} INFO - Started process (PID=8529) to work on /home/airflow/.local/lib/python3.12/site-packages/airflow/example_dags/example_complex.py
[2026-07-31T12:16:29.718+0000] {processor.py:830} INFO - Processing file /home/airflow/.local/lib/python3.12/site-packages/airflow/example_dags/example_complex.py for tasks to queue
[2026-07-31T12:16:29.721+0000] {logging_mixin.py:188} INFO - [2026-07-31T12:16:29.720+0000] {dagbag.py:545} INFO - Filling up the DagBag from /home/airflow/.local/lib/python3.12/site-packages/airflow/example_dags/example_complex.py
[2026-07-31T12:16:29.734+0000] {processor.py:840} INFO - DAG(s) 'example_complex' retrieved from /home/airflow/.local/lib/python3.12/site-packages/airflow/example_dags/example_complex.py
[2026-07-31T12:16:29.775+0000] {logging_mixin.py:188} INFO - [2026-07-31T12:16:29.775+0000] {dag.py:3089} INFO - Sync 1 DAGs
[2026-07-31T12:16:29.792+0000] {logging_mixin.py:188} INFO - [2026-07-31T12:16:29.792+0000] {dag.py:3947} INFO - Setting next_dagrun for example_complex to None, run_after=None
[2026-07-31T12:16:29.816+0000] {processor.py:183} INFO - Processing /home/airflow/.local/lib/python3.12/site-packages/airflow/example_dags/example_complex.py took 0.106 seconds
[2026-07-31T12:17:00.456+0000] {processor.py:161} INFO - Started process (PID=8586) to work on /home/airflow/.local/lib/python3.12/site-packages/airflow/example_dags/example_complex.py
[2026-07-31T12:17:00.457+0000] {processor.py:830} INFO - Processing file /home/airflow/.local/lib/python3.12/site-packages/airflow/example_dags/example_complex.py for tasks to queue
[2026-07-31T12:17:00.459+0000] {logging_mixin.py:188} INFO - [2026-07-31T12:17:00.459+0000] {dagbag.py:545} INFO - Filling up the DagBag from /home/airflow/.local/lib/python3.12/site-packages/airflow/example_dags/example_complex.py
[2026-07-31T12:17:00.473+0000] {processor.py:840} INFO - DAG(s) 'example_complex' retrieved from /home/airflow/.local/lib/python3.12/site-packages/airflow/example_dags/example_complex.py
[2026-07-31T12:17:00.511+0000] {logging_mixin.py:188} INFO - [2026-07-31T12:17:00.511+0000] {dag.py:3089} INFO - Sync 1 DAGs
[2026-07-31T12:17:00.528+0000] {logging_mixin.py:188} INFO - [2026-07-31T12:17:00.527+0000] {dag.py:3947} INFO - Setting next_dagrun for example_complex to None, run_after=None
[2026-07-31T12:17:00.553+0000] {processor.py:183} INFO - Processing /home/airflow/.local/lib/python3.12/site-packages/airflow/example_dags/example_complex.py took 0.105 seconds
[2026-07-31T12:17:30.716+0000] {processor.py:161} INFO - Started process (PID=8644) to work on /home/airflow/.local/lib/python3.12/site-packages/airflow/example_dags/example_complex.py
[2026-07-31T12:17:30.717+0000] {processor.py:830} INFO - Processing file /home/airflow/.local/lib/python3.12/site-packages/airflow/example_dags/example_complex.py for tasks to queue
[2026-07-31T12:17:30.719+0000] {logging_mixin.py:188} INFO - [2026-07-31T12:17:30.719+0000] {dagbag.py:545} INFO - Filling up the DagBag from /home/airflow/.local/lib/python3.12/site-packages/airflow/example_dags/example_complex.py
[2026-07-31T12:17:30.733+0000] {processor.py:840} INFO - DAG(s) 'example_complex' retrieved from /home/airflow/.local/lib/python3.12/site-packages/airflow/example_dags/example_complex.py
[2026-07-31T12:17:30.775+0000] {logging_mixin.py:188} INFO - [2026-07-31T12:17:30.774+0000] {dag.py:3089} INFO - Sync 1 DAGs
[2026-07-31T12:17:30.799+0000] {logging_mixin.py:188} INFO - [2026-07-31T12:17:30.799+0000] {dag.py:3947} INFO - Setting next_dagrun for example_complex to None, run_after=None
[2026-07-31T12:17:30.826+0000] {processor.py:183} INFO - Processing /home/airflow/.local/lib/python3.12/site-packages/airflow/example_dags/example_complex.py took 0.117 seconds
[2026-07-31T12:18:00.991+0000] {processor.py:161} INFO - Started process (PID=8702) to work on /home/airflow/.local/lib/python3.12/site-packages/airflow/example_dags/example_complex.py
[2026-07-31T12:18:00.994+0000] {processor.py:830} INFO - Processing file /home/airflow/.local/lib/python3.12/site-packages/airflow/example_dags/example_complex.py for tasks to queue
[2026-07-31T12:18:00.997+0000] {logging_mixin.py:188} INFO - [2026-07-31T12:18:00.996+0000] {dagbag.py:545} INFO - Filling up the DagBag from /home/airflow/.local/lib/python3.12/site-packages/airflow/example_dags/example_complex.py
[2026-07-31T12:18:01.013+0000] {processor.py:840} INFO - DAG(s) 'example_complex' retrieved from /home/airflow/.local/lib/python3.12/site-packages/airflow/example_dags/example_complex.py
[2026-07-31T12:18:01.055+0000] {logging_mixin.py:188} INFO - [2026-07-31T12:18:01.055+0000] {dag.py:3089} INFO - Sync 1 DAGs
[2026-07-31T12:18:01.073+0000] {logging_mixin.py:188} INFO - [2026-07-31T12:18:01.073+0000] {dag.py:3947} INFO - Setting next_dagrun for example_complex to None, run_after=None
[2026-07-31T12:18:01.097+0000] {processor.py:183} INFO - Processing /home/airflow/.local/lib/python3.12/site-packages/airflow/example_dags/example_complex.py took 0.115 seconds
[2026-07-31T12:18:31.515+0000] {processor.py:161} INFO - Started process (PID=8760) to work on /home/airflow/.local/lib/python3.12/site-packages/airflow/example_dags/example_complex.py
[2026-07-31T12:18:31.516+0000] {processor.py:830} INFO - Processing file /home/airflow/.local/lib/python3.12/site-packages/airflow/example_dags/example_complex.py for tasks to queue
[2026-07-31T12:18:31.519+0000] {logging_mixin.py:188} INFO - [2026-07-31T12:18:31.518+0000] {dagbag.py:545} INFO - Filling up the DagBag from /home/airflow/.local/lib/python3.12/site-packages/airflow/example_dags/example_complex.py
[2026-07-31T12:18:31.533+0000] {processor.py:840} INFO - DAG(s) 'example_complex' retrieved from /home/airflow/.local/lib/python3.12/site-packages/airflow/example_dags/example_complex.py
[2026-07-31T12:18:31.575+0000] {logging_mixin.py:188} INFO - [2026-07-31T12:18:31.575+0000] {dag.py:3089} INFO - Sync 1 DAGs
[2026-07-31T12:18:31.592+0000] {logging_mixin.py:188} INFO - [2026-07-31T12:18:31.592+0000] {dag.py:3947} INFO - Setting next_dagrun for example_complex to None, run_after=None
[2026-07-31T12:18:31.617+0000] {processor.py:183} INFO - Processing /home/airflow/.local/lib/python3.12/site-packages/airflow/example_dags/example_complex.py took 0.110 seconds
[2026-07-31T12:19:01.691+0000] {processor.py:161} INFO - Started process (PID=8818) to work on /home/airflow/.local/lib/python3.12/site-packages/airflow/example_dags/example_complex.py
[2026-07-31T12:19:01.694+0000] {processor.py:830} INFO - Processing file /home/airflow/.local/lib/python3.12/site-packages/airflow/example_dags/example_complex.py for tasks to queue
[2026-07-31T12:19:01.697+0000] {logging_mixin.py:188} INFO - [2026-07-31T12:19:01.697+0000] {dagbag.py:545} INFO - Filling up the DagBag from /home/airflow/.local/lib/python3.12/site-packages/airflow/example_dags/example_complex.py
[2026-07-31T12:19:01.713+0000] {processor.py:840} INFO - DAG(s) 'example_complex' retrieved from /home/airflow/.local/lib/python3.12/site-packages/airflow/example_dags/example_complex.py
[2026-07-31T12:19:01.772+0000] {logging_mixin.py:188} INFO - [2026-07-31T12:19:01.772+0000] {dag.py:3089} INFO - Sync 1 DAGs
[2026-07-31T12:19:01.805+0000] {logging_mixin.py:188} INFO - [2026-07-31T12:19:01.805+0000] {dag.py:3947} INFO - Setting next_dagrun for example_complex to None, run_after=None
[2026-07-31T12:19:01.874+0000] {processor.py:183} INFO - Processing /home/airflow/.local/lib/python3.12/site-packages/airflow/example_dags/example_complex.py took 0.191 seconds
[2026-07-31T12:19:32.015+0000] {processor.py:161} INFO - Started process (PID=8876) to work on /home/airflow/.local/lib/python3.12/site-packages/airflow/example_dags/example_complex.py
[2026-07-31T12:19:32.017+0000] {processor.py:830} INFO - Processing file /home/airflow/.local/lib/python3.12/site-packages/airflow/example_dags/example_complex.py for tasks to queue
[2026-07-31T12:19:32.021+0000] {logging_mixin.py:188} INFO - [2026-07-31T12:19:32.020+0000] {dagbag.py:545} INFO - Filling up the DagBag from /home/airflow/.local/lib/python3.12/site-packages/airflow/example_dags/example_complex.py
[2026-07-31T12:19:32.050+0000] {processor.py:840} INFO - DAG(s) 'example_complex' retrieved from /home/airflow/.local/lib/python3.12/site-packages/airflow/example_dags/example_complex.py
[2026-07-31T12:19:32.177+0000] {logging_mixin.py:188} INFO - [2026-07-31T12:19:32.176+0000] {dag.py:3089} INFO - Sync 1 DAGs
[2026-07-31T12:19:32.232+0000] {logging_mixin.py:188} INFO - [2026-07-31T12:19:32.232+0000] {dag.py:3947} INFO - Setting next_dagrun for example_complex to None, run_after=None
[2026-07-31T12:19:32.292+0000] {processor.py:183} INFO - Processing /home/airflow/.local/lib/python3.12/site-packages/airflow/example_dags/example_complex.py took 0.293 seconds
[2026-07-31T12:20:03.296+0000] {processor.py:161} INFO - Started process (PID=8935) to work on /home/airflow/.local/lib/python3.12/site-packages/airflow/example_dags/example_complex.py
[2026-07-31T12:20:03.301+0000] {processor.py:830} INFO - Processing file /home/airflow/.local/lib/python3.12/site-packages/airflow/example_dags/example_complex.py for tasks to queue
[2026-07-31T12:20:03.308+0000] {logging_mixin.py:188} INFO - [2026-07-31T12:20:03.307+0000] {dagbag.py:545} INFO - Filling up the DagBag from /home/airflow/.local/lib/python3.12/site-packages/airflow/example_dags/example_complex.py
[2026-07-31T12:20:03.349+0000] {processor.py:840} INFO - DAG(s) 'example_complex' retrieved from /home/airflow/.local/lib/python3.12/site-packages/airflow/example_dags/example_complex.py
[2026-07-31T12:20:03.447+0000] {logging_mixin.py:188} INFO - [2026-07-31T12:20:03.447+0000] {dag.py:3089} INFO - Sync 1 DAGs
[2026-07-31T12:20:03.472+0000] {logging_mixin.py:188} INFO - [2026-07-31T12:20:03.471+0000] {dag.py:3947} INFO - Setting next_dagrun for example_complex to None, run_after=None
[2026-07-31T12:20:03.523+0000] {processor.py:183} INFO - Processing /home/airflow/.local/lib/python3.12/site-packages/airflow/example_dags/example_complex.py took 0.248 seconds
[2026-07-31T12:20:34.277+0000] {processor.py:161} INFO - Started process (PID=8993) to work on /home/airflow/.local/lib/python3.12/site-packages/airflow/example_dags/example_complex.py
[2026-07-31T12:20:34.278+0000] {processor.py:830} INFO - Processing file /home/airflow/.local/lib/python3.12/site-packages/airflow/example_dags/example_complex.py for tasks to queue
[2026-07-31T12:20:34.281+0000] {logging_mixin.py:188} INFO - [2026-07-31T12:20:34.280+0000] {dagbag.py:545} INFO - Filling up the DagBag from /home/airflow/.local/lib/python3.12/site-packages/airflow/example_dags/example_complex.py
[2026-07-31T12:20:34.295+0000] {processor.py:840} INFO - DAG(s) 'example_complex' retrieved from /home/airflow/.local/lib/python3.12/site-packages/airflow/example_dags/example_complex.py
[2026-07-31T12:20:34.342+0000] {logging_mixin.py:188} INFO - [2026-07-31T12:20:34.341+0000] {dag.py:3089} INFO - Sync 1 DAGs
[2026-07-31T12:20:34.364+0000] {logging_mixin.py:188} INFO - [2026-07-31T12:20:34.364+0000] {dag.py:3947} INFO - Setting next_dagrun for example_complex to None, run_after=None
[2026-07-31T12:20:34.395+0000] {processor.py:183} INFO - Processing /home/airflow/.local/lib/python3.12/site-packages/airflow/example_dags/example_complex.py took 0.128 seconds
