[2026-07-31T10:53:42.753+0000] {processor.py:161} INFO - Started process (PID=150) to work on /home/airflow/.local/lib/python3.12/site-packages/airflow/example_dags/example_latest_only.py
[2026-07-31T10:53:42.756+0000] {processor.py:830} INFO - Processing file /home/airflow/.local/lib/python3.12/site-packages/airflow/example_dags/example_latest_only.py for tasks to queue
[2026-07-31T10:53:42.761+0000] {logging_mixin.py:188} INFO - [2026-07-31T10:53:42.760+0000] {dagbag.py:545} INFO - Filling up the DagBag from /home/airflow/.local/lib/python3.12/site-packages/airflow/example_dags/example_latest_only.py
[2026-07-31T10:53:42.779+0000] {processor.py:840} INFO - DAG(s) 'latest_only' retrieved from /home/airflow/.local/lib/python3.12/site-packages/airflow/example_dags/example_latest_only.py
[2026-07-31T10:53:43.382+0000] {logging_mixin.py:188} INFO - [2026-07-31T10:53:43.369+0000] {dag.py:3089} INFO - Sync 1 DAGs
[2026-07-31T10:53:43.499+0000] {logging_mixin.py:188} INFO - [2026-07-31T10:53:43.494+0000] {dag.py:3947} INFO - Setting next_dagrun for latest_only to 2026-07-31 04:00:00+00:00, run_after=2026-07-31 08:00:00+00:00
[2026-07-31T10:53:43.616+0000] {processor.py:183} INFO - Processing /home/airflow/.local/lib/python3.12/site-packages/airflow/example_dags/example_latest_only.py took 0.879 seconds
[2026-07-31T10:55:06.709+0000] {processor.py:161} INFO - Started process (PID=219) to work on /home/airflow/.local/lib/python3.12/site-packages/airflow/example_dags/example_latest_only.py
[2026-07-31T10:55:06.713+0000] {processor.py:830} INFO - Processing file /home/airflow/.local/lib/python3.12/site-packages/airflow/example_dags/example_latest_only.py for tasks to queue
[2026-07-31T10:55:06.734+0000] {logging_mixin.py:188} INFO - [2026-07-31T10:55:06.727+0000] {dagbag.py:545} INFO - Filling up the DagBag from /home/airflow/.local/lib/python3.12/site-packages/airflow/example_dags/example_latest_only.py
[2026-07-31T10:55:06.883+0000] {processor.py:840} INFO - DAG(s) 'latest_only' retrieved from /home/airflow/.local/lib/python3.12/site-packages/airflow/example_dags/example_latest_only.py
[2026-07-31T10:55:07.154+0000] {logging_mixin.py:188} INFO - [2026-07-31T10:55:07.151+0000] {dag.py:3089} INFO - Sync 1 DAGs
[2026-07-31T10:55:07.362+0000] {logging_mixin.py:188} INFO - [2026-07-31T10:55:07.361+0000] {dag.py:3947} INFO - Setting next_dagrun for latest_only to 2026-07-31 04:00:00+00:00, run_after=2026-07-31 08:00:00+00:00
[2026-07-31T10:55:07.610+0000] {processor.py:183} INFO - Processing /home/airflow/.local/lib/python3.12/site-packages/airflow/example_dags/example_latest_only.py took 0.945 seconds
[2026-07-31T10:55:38.439+0000] {processor.py:161} INFO - Started process (PID=277) to work on /home/airflow/.local/lib/python3.12/site-packages/airflow/example_dags/example_latest_only.py
[2026-07-31T10:55:38.441+0000] {processor.py:830} INFO - Processing file /home/airflow/.local/lib/python3.12/site-packages/airflow/example_dags/example_latest_only.py for tasks to queue
[2026-07-31T10:55:38.444+0000] {logging_mixin.py:188} INFO - [2026-07-31T10:55:38.444+0000] {dagbag.py:545} INFO - Filling up the DagBag from /home/airflow/.local/lib/python3.12/site-packages/airflow/example_dags/example_latest_only.py
[2026-07-31T10:55:38.452+0000] {processor.py:840} INFO - DAG(s) 'latest_only' retrieved from /home/airflow/.local/lib/python3.12/site-packages/airflow/example_dags/example_latest_only.py
[2026-07-31T10:55:38.500+0000] {logging_mixin.py:188} INFO - [2026-07-31T10:55:38.499+0000] {dag.py:3089} INFO - Sync 1 DAGs
[2026-07-31T10:55:38.573+0000] {logging_mixin.py:188} INFO - [2026-07-31T10:55:38.572+0000] {dag.py:3947} INFO - Setting next_dagrun for latest_only to 2026-07-31 04:00:00+00:00, run_after=2026-07-31 08:00:00+00:00
[2026-07-31T10:55:38.643+0000] {processor.py:183} INFO - Processing /home/airflow/.local/lib/python3.12/site-packages/airflow/example_dags/example_latest_only.py took 0.214 seconds
[2026-07-31T10:56:15.594+0000] {processor.py:161} INFO - Started process (PID=338) to work on /home/airflow/.local/lib/python3.12/site-packages/airflow/example_dags/example_latest_only.py
[2026-07-31T10:56:15.602+0000] {processor.py:830} INFO - Processing file /home/airflow/.local/lib/python3.12/site-packages/airflow/example_dags/example_latest_only.py for tasks to queue
[2026-07-31T10:56:15.628+0000] {logging_mixin.py:188} INFO - [2026-07-31T10:56:15.627+0000] {dagbag.py:545} INFO - Filling up the DagBag from /home/airflow/.local/lib/python3.12/site-packages/airflow/example_dags/example_latest_only.py
[2026-07-31T10:56:15.667+0000] {processor.py:840} INFO - DAG(s) 'latest_only' retrieved from /home/airflow/.local/lib/python3.12/site-packages/airflow/example_dags/example_latest_only.py
[2026-07-31T10:56:15.789+0000] {logging_mixin.py:188} INFO - [2026-07-31T10:56:15.788+0000] {dag.py:3089} INFO - Sync 1 DAGs
[2026-07-31T10:56:15.910+0000] {logging_mixin.py:188} INFO - [2026-07-31T10:56:15.907+0000] {dag.py:3947} INFO - Setting next_dagrun for latest_only to 2026-07-31 04:00:00+00:00, run_after=2026-07-31 08:00:00+00:00
[2026-07-31T10:56:16.000+0000] {processor.py:183} INFO - Processing /home/airflow/.local/lib/python3.12/site-packages/airflow/example_dags/example_latest_only.py took 0.521 seconds
[2026-07-31T10:56:49.892+0000] {processor.py:161} INFO - Started process (PID=402) to work on /home/airflow/.local/lib/python3.12/site-packages/airflow/example_dags/example_latest_only.py
[2026-07-31T10:56:49.895+0000] {processor.py:830} INFO - Processing file /home/airflow/.local/lib/python3.12/site-packages/airflow/example_dags/example_latest_only.py for tasks to queue
[2026-07-31T10:56:49.910+0000] {logging_mixin.py:188} INFO - [2026-07-31T10:56:49.909+0000] {dagbag.py:545} INFO - Filling up the DagBag from /home/airflow/.local/lib/python3.12/site-packages/airflow/example_dags/example_latest_only.py
[2026-07-31T10:56:49.932+0000] {processor.py:840} INFO - DAG(s) 'latest_only' retrieved from /home/airflow/.local/lib/python3.12/site-packages/airflow/example_dags/example_latest_only.py
[2026-07-31T10:56:50.054+0000] {logging_mixin.py:188} INFO - [2026-07-31T10:56:50.053+0000] {dag.py:3089} INFO - Sync 1 DAGs
[2026-07-31T10:56:50.197+0000] {logging_mixin.py:188} INFO - [2026-07-31T10:56:50.196+0000] {dag.py:3947} INFO - Setting next_dagrun for latest_only to 2026-07-31 04:00:00+00:00, run_after=2026-07-31 08:00:00+00:00
[2026-07-31T10:56:50.309+0000] {processor.py:183} INFO - Processing /home/airflow/.local/lib/python3.12/site-packages/airflow/example_dags/example_latest_only.py took 0.438 seconds
[2026-07-31T10:57:21.957+0000] {processor.py:161} INFO - Started process (PID=458) to work on /home/airflow/.local/lib/python3.12/site-packages/airflow/example_dags/example_latest_only.py
[2026-07-31T10:57:21.960+0000] {processor.py:830} INFO - Processing file /home/airflow/.local/lib/python3.12/site-packages/airflow/example_dags/example_latest_only.py for tasks to queue
[2026-07-31T10:57:21.964+0000] {logging_mixin.py:188} INFO - [2026-07-31T10:57:21.964+0000] {dagbag.py:545} INFO - Filling up the DagBag from /home/airflow/.local/lib/python3.12/site-packages/airflow/example_dags/example_latest_only.py
[2026-07-31T10:57:21.974+0000] {processor.py:840} INFO - DAG(s) 'latest_only' retrieved from /home/airflow/.local/lib/python3.12/site-packages/airflow/example_dags/example_latest_only.py
[2026-07-31T10:57:22.165+0000] {logging_mixin.py:188} INFO - [2026-07-31T10:57:22.164+0000] {dag.py:3089} INFO - Sync 1 DAGs
[2026-07-31T10:57:22.288+0000] {logging_mixin.py:188} INFO - [2026-07-31T10:57:22.287+0000] {dag.py:3947} INFO - Setting next_dagrun for latest_only to 2026-07-31 04:00:00+00:00, run_after=2026-07-31 08:00:00+00:00
[2026-07-31T10:57:22.357+0000] {processor.py:183} INFO - Processing /home/airflow/.local/lib/python3.12/site-packages/airflow/example_dags/example_latest_only.py took 0.412 seconds
[2026-07-31T10:57:53.381+0000] {processor.py:161} INFO - Started process (PID=516) to work on /home/airflow/.local/lib/python3.12/site-packages/airflow/example_dags/example_latest_only.py
[2026-07-31T10:57:53.385+0000] {processor.py:830} INFO - Processing file /home/airflow/.local/lib/python3.12/site-packages/airflow/example_dags/example_latest_only.py for tasks to queue
[2026-07-31T10:57:53.394+0000] {logging_mixin.py:188} INFO - [2026-07-31T10:57:53.393+0000] {dagbag.py:545} INFO - Filling up the DagBag from /home/airflow/.local/lib/python3.12/site-packages/airflow/example_dags/example_latest_only.py
[2026-07-31T10:57:53.411+0000] {processor.py:840} INFO - DAG(s) 'latest_only' retrieved from /home/airflow/.local/lib/python3.12/site-packages/airflow/example_dags/example_latest_only.py
[2026-07-31T10:57:53.471+0000] {logging_mixin.py:188} INFO - [2026-07-31T10:57:53.470+0000] {dag.py:3089} INFO - Sync 1 DAGs
[2026-07-31T10:57:53.529+0000] {logging_mixin.py:188} INFO - [2026-07-31T10:57:53.529+0000] {dag.py:3947} INFO - Setting next_dagrun for latest_only to 2026-07-31 04:00:00+00:00, run_after=2026-07-31 08:00:00+00:00
[2026-07-31T10:57:53.577+0000] {processor.py:183} INFO - Processing /home/airflow/.local/lib/python3.12/site-packages/airflow/example_dags/example_latest_only.py took 0.216 seconds
[2026-07-31T10:58:23.902+0000] {processor.py:161} INFO - Started process (PID=574) to work on /home/airflow/.local/lib/python3.12/site-packages/airflow/example_dags/example_latest_only.py
[2026-07-31T10:58:23.906+0000] {processor.py:830} INFO - Processing file /home/airflow/.local/lib/python3.12/site-packages/airflow/example_dags/example_latest_only.py for tasks to queue
[2026-07-31T10:58:23.911+0000] {logging_mixin.py:188} INFO - [2026-07-31T10:58:23.910+0000] {dagbag.py:545} INFO - Filling up the DagBag from /home/airflow/.local/lib/python3.12/site-packages/airflow/example_dags/example_latest_only.py
[2026-07-31T10:58:23.931+0000] {processor.py:840} INFO - DAG(s) 'latest_only' retrieved from /home/airflow/.local/lib/python3.12/site-packages/airflow/example_dags/example_latest_only.py
[2026-07-31T10:58:24.018+0000] {logging_mixin.py:188} INFO - [2026-07-31T10:58:24.017+0000] {dag.py:3089} INFO - Sync 1 DAGs
[2026-07-31T10:58:24.116+0000] {logging_mixin.py:188} INFO - [2026-07-31T10:58:24.115+0000] {dag.py:3947} INFO - Setting next_dagrun for latest_only to 2026-07-31 04:00:00+00:00, run_after=2026-07-31 08:00:00+00:00
[2026-07-31T10:58:24.198+0000] {processor.py:183} INFO - Processing /home/airflow/.local/lib/python3.12/site-packages/airflow/example_dags/example_latest_only.py took 0.314 seconds
[2026-07-31T10:58:54.416+0000] {processor.py:161} INFO - Started process (PID=632) to work on /home/airflow/.local/lib/python3.12/site-packages/airflow/example_dags/example_latest_only.py
[2026-07-31T10:58:54.417+0000] {processor.py:830} INFO - Processing file /home/airflow/.local/lib/python3.12/site-packages/airflow/example_dags/example_latest_only.py for tasks to queue
[2026-07-31T10:58:54.420+0000] {logging_mixin.py:188} INFO - [2026-07-31T10:58:54.419+0000] {dagbag.py:545} INFO - Filling up the DagBag from /home/airflow/.local/lib/python3.12/site-packages/airflow/example_dags/example_latest_only.py
[2026-07-31T10:58:54.429+0000] {processor.py:840} INFO - DAG(s) 'latest_only' retrieved from /home/airflow/.local/lib/python3.12/site-packages/airflow/example_dags/example_latest_only.py
[2026-07-31T10:58:54.458+0000] {logging_mixin.py:188} INFO - [2026-07-31T10:58:54.457+0000] {dag.py:3089} INFO - Sync 1 DAGs
[2026-07-31T10:58:54.494+0000] {logging_mixin.py:188} INFO - [2026-07-31T10:58:54.494+0000] {dag.py:3947} INFO - Setting next_dagrun for latest_only to 2026-07-31 04:00:00+00:00, run_after=2026-07-31 08:00:00+00:00
[2026-07-31T10:58:54.527+0000] {processor.py:183} INFO - Processing /home/airflow/.local/lib/python3.12/site-packages/airflow/example_dags/example_latest_only.py took 0.119 seconds
[2026-07-31T10:59:25.437+0000] {processor.py:161} INFO - Started process (PID=690) to work on /home/airflow/.local/lib/python3.12/site-packages/airflow/example_dags/example_latest_only.py
[2026-07-31T10:59:25.439+0000] {processor.py:830} INFO - Processing file /home/airflow/.local/lib/python3.12/site-packages/airflow/example_dags/example_latest_only.py for tasks to queue
[2026-07-31T10:59:25.445+0000] {logging_mixin.py:188} INFO - [2026-07-31T10:59:25.444+0000] {dagbag.py:545} INFO - Filling up the DagBag from /home/airflow/.local/lib/python3.12/site-packages/airflow/example_dags/example_latest_only.py
[2026-07-31T10:59:25.459+0000] {processor.py:840} INFO - DAG(s) 'latest_only' retrieved from /home/airflow/.local/lib/python3.12/site-packages/airflow/example_dags/example_latest_only.py
[2026-07-31T10:59:25.533+0000] {logging_mixin.py:188} INFO - [2026-07-31T10:59:25.532+0000] {dag.py:3089} INFO - Sync 1 DAGs
[2026-07-31T10:59:25.594+0000] {logging_mixin.py:188} INFO - [2026-07-31T10:59:25.594+0000] {dag.py:3947} INFO - Setting next_dagrun for latest_only to 2026-07-31 04:00:00+00:00, run_after=2026-07-31 08:00:00+00:00
[2026-07-31T10:59:25.645+0000] {processor.py:183} INFO - Processing /home/airflow/.local/lib/python3.12/site-packages/airflow/example_dags/example_latest_only.py took 0.223 seconds
[2026-07-31T10:59:56.113+0000] {processor.py:161} INFO - Started process (PID=748) to work on /home/airflow/.local/lib/python3.12/site-packages/airflow/example_dags/example_latest_only.py
[2026-07-31T10:59:56.115+0000] {processor.py:830} INFO - Processing file /home/airflow/.local/lib/python3.12/site-packages/airflow/example_dags/example_latest_only.py for tasks to queue
[2026-07-31T10:59:56.119+0000] {logging_mixin.py:188} INFO - [2026-07-31T10:59:56.119+0000] {dagbag.py:545} INFO - Filling up the DagBag from /home/airflow/.local/lib/python3.12/site-packages/airflow/example_dags/example_latest_only.py
[2026-07-31T10:59:56.139+0000] {processor.py:840} INFO - DAG(s) 'latest_only' retrieved from /home/airflow/.local/lib/python3.12/site-packages/airflow/example_dags/example_latest_only.py
[2026-07-31T10:59:56.208+0000] {logging_mixin.py:188} INFO - [2026-07-31T10:59:56.207+0000] {dag.py:3089} INFO - Sync 1 DAGs
[2026-07-31T10:59:56.271+0000] {logging_mixin.py:188} INFO - [2026-07-31T10:59:56.270+0000] {dag.py:3947} INFO - Setting next_dagrun for latest_only to 2026-07-31 04:00:00+00:00, run_after=2026-07-31 08:00:00+00:00
[2026-07-31T10:59:56.326+0000] {processor.py:183} INFO - Processing /home/airflow/.local/lib/python3.12/site-packages/airflow/example_dags/example_latest_only.py took 0.224 seconds
[2026-07-31T11:00:26.432+0000] {processor.py:161} INFO - Started process (PID=806) to work on /home/airflow/.local/lib/python3.12/site-packages/airflow/example_dags/example_latest_only.py
[2026-07-31T11:00:26.437+0000] {processor.py:830} INFO - Processing file /home/airflow/.local/lib/python3.12/site-packages/airflow/example_dags/example_latest_only.py for tasks to queue
[2026-07-31T11:00:26.443+0000] {logging_mixin.py:188} INFO - [2026-07-31T11:00:26.441+0000] {dagbag.py:545} INFO - Filling up the DagBag from /home/airflow/.local/lib/python3.12/site-packages/airflow/example_dags/example_latest_only.py
[2026-07-31T11:00:26.462+0000] {processor.py:840} INFO - DAG(s) 'latest_only' retrieved from /home/airflow/.local/lib/python3.12/site-packages/airflow/example_dags/example_latest_only.py
[2026-07-31T11:00:26.547+0000] {logging_mixin.py:188} INFO - [2026-07-31T11:00:26.545+0000] {dag.py:3089} INFO - Sync 1 DAGs
[2026-07-31T11:00:26.627+0000] {logging_mixin.py:188} INFO - [2026-07-31T11:00:26.626+0000] {dag.py:3947} INFO - Setting next_dagrun for latest_only to 2026-07-31 04:00:00+00:00, run_after=2026-07-31 08:00:00+00:00
[2026-07-31T11:00:26.723+0000] {processor.py:183} INFO - Processing /home/airflow/.local/lib/python3.12/site-packages/airflow/example_dags/example_latest_only.py took 0.306 seconds
[2026-07-31T11:00:56.875+0000] {processor.py:161} INFO - Started process (PID=864) to work on /home/airflow/.local/lib/python3.12/site-packages/airflow/example_dags/example_latest_only.py
[2026-07-31T11:00:56.877+0000] {processor.py:830} INFO - Processing file /home/airflow/.local/lib/python3.12/site-packages/airflow/example_dags/example_latest_only.py for tasks to queue
[2026-07-31T11:00:56.881+0000] {logging_mixin.py:188} INFO - [2026-07-31T11:00:56.880+0000] {dagbag.py:545} INFO - Filling up the DagBag from /home/airflow/.local/lib/python3.12/site-packages/airflow/example_dags/example_latest_only.py
[2026-07-31T11:00:56.889+0000] {processor.py:840} INFO - DAG(s) 'latest_only' retrieved from /home/airflow/.local/lib/python3.12/site-packages/airflow/example_dags/example_latest_only.py
[2026-07-31T11:00:56.937+0000] {logging_mixin.py:188} INFO - [2026-07-31T11:00:56.937+0000] {dag.py:3089} INFO - Sync 1 DAGs
[2026-07-31T11:00:56.983+0000] {logging_mixin.py:188} INFO - [2026-07-31T11:00:56.983+0000] {dag.py:3947} INFO - Setting next_dagrun for latest_only to 2026-07-31 04:00:00+00:00, run_after=2026-07-31 08:00:00+00:00
[2026-07-31T11:00:57.022+0000] {processor.py:183} INFO - Processing /home/airflow/.local/lib/python3.12/site-packages/airflow/example_dags/example_latest_only.py took 0.157 seconds
[2026-07-31T11:01:27.518+0000] {processor.py:161} INFO - Started process (PID=922) to work on /home/airflow/.local/lib/python3.12/site-packages/airflow/example_dags/example_latest_only.py
[2026-07-31T11:01:27.521+0000] {processor.py:830} INFO - Processing file /home/airflow/.local/lib/python3.12/site-packages/airflow/example_dags/example_latest_only.py for tasks to queue
[2026-07-31T11:01:27.525+0000] {logging_mixin.py:188} INFO - [2026-07-31T11:01:27.525+0000] {dagbag.py:545} INFO - Filling up the DagBag from /home/airflow/.local/lib/python3.12/site-packages/airflow/example_dags/example_latest_only.py
[2026-07-31T11:01:27.534+0000] {processor.py:840} INFO - DAG(s) 'latest_only' retrieved from /home/airflow/.local/lib/python3.12/site-packages/airflow/example_dags/example_latest_only.py
[2026-07-31T11:01:27.563+0000] {logging_mixin.py:188} INFO - [2026-07-31T11:01:27.563+0000] {dag.py:3089} INFO - Sync 1 DAGs
[2026-07-31T11:01:27.609+0000] {logging_mixin.py:188} INFO - [2026-07-31T11:01:27.609+0000] {dag.py:3947} INFO - Setting next_dagrun for latest_only to 2026-07-31 04:00:00+00:00, run_after=2026-07-31 08:00:00+00:00
[2026-07-31T11:01:27.657+0000] {processor.py:183} INFO - Processing /home/airflow/.local/lib/python3.12/site-packages/airflow/example_dags/example_latest_only.py took 0.149 seconds
[2026-07-31T11:02:00.469+0000] {processor.py:161} INFO - Started process (PID=980) to work on /home/airflow/.local/lib/python3.12/site-packages/airflow/example_dags/example_latest_only.py
[2026-07-31T11:02:00.472+0000] {processor.py:830} INFO - Processing file /home/airflow/.local/lib/python3.12/site-packages/airflow/example_dags/example_latest_only.py for tasks to queue
[2026-07-31T11:02:00.485+0000] {logging_mixin.py:188} INFO - [2026-07-31T11:02:00.484+0000] {dagbag.py:545} INFO - Filling up the DagBag from /home/airflow/.local/lib/python3.12/site-packages/airflow/example_dags/example_latest_only.py
[2026-07-31T11:02:00.514+0000] {processor.py:840} INFO - DAG(s) 'latest_only' retrieved from /home/airflow/.local/lib/python3.12/site-packages/airflow/example_dags/example_latest_only.py
[2026-07-31T11:02:00.649+0000] {logging_mixin.py:188} INFO - [2026-07-31T11:02:00.648+0000] {dag.py:3089} INFO - Sync 1 DAGs
[2026-07-31T11:02:00.800+0000] {logging_mixin.py:188} INFO - [2026-07-31T11:02:00.800+0000] {dag.py:3947} INFO - Setting next_dagrun for latest_only to 2026-07-31 04:00:00+00:00, run_after=2026-07-31 08:00:00+00:00
[2026-07-31T11:02:00.925+0000] {processor.py:183} INFO - Processing /home/airflow/.local/lib/python3.12/site-packages/airflow/example_dags/example_latest_only.py took 0.487 seconds
[2026-07-31T11:02:42.045+0000] {processor.py:161} INFO - Started process (PID=1050) to work on /home/airflow/.local/lib/python3.12/site-packages/airflow/example_dags/example_latest_only.py
[2026-07-31T11:02:42.073+0000] {processor.py:830} INFO - Processing file /home/airflow/.local/lib/python3.12/site-packages/airflow/example_dags/example_latest_only.py for tasks to queue
[2026-07-31T11:02:42.084+0000] {logging_mixin.py:188} INFO - [2026-07-31T11:02:42.083+0000] {dagbag.py:545} INFO - Filling up the DagBag from /home/airflow/.local/lib/python3.12/site-packages/airflow/example_dags/example_latest_only.py
[2026-07-31T11:02:42.190+0000] {processor.py:840} INFO - DAG(s) 'latest_only' retrieved from /home/airflow/.local/lib/python3.12/site-packages/airflow/example_dags/example_latest_only.py
[2026-07-31T11:02:42.532+0000] {logging_mixin.py:188} INFO - [2026-07-31T11:02:42.531+0000] {dag.py:3089} INFO - Sync 1 DAGs
[2026-07-31T11:02:42.860+0000] {logging_mixin.py:188} INFO - [2026-07-31T11:02:42.859+0000] {dag.py:3947} INFO - Setting next_dagrun for latest_only to 2026-07-31 04:00:00+00:00, run_after=2026-07-31 08:00:00+00:00
[2026-07-31T11:02:42.981+0000] {processor.py:183} INFO - Processing /home/airflow/.local/lib/python3.12/site-packages/airflow/example_dags/example_latest_only.py took 1.001 seconds
[2026-07-31T11:03:13.195+0000] {processor.py:161} INFO - Started process (PID=1107) to work on /home/airflow/.local/lib/python3.12/site-packages/airflow/example_dags/example_latest_only.py
[2026-07-31T11:03:13.199+0000] {processor.py:830} INFO - Processing file /home/airflow/.local/lib/python3.12/site-packages/airflow/example_dags/example_latest_only.py for tasks to queue
[2026-07-31T11:03:13.209+0000] {logging_mixin.py:188} INFO - [2026-07-31T11:03:13.208+0000] {dagbag.py:545} INFO - Filling up the DagBag from /home/airflow/.local/lib/python3.12/site-packages/airflow/example_dags/example_latest_only.py
[2026-07-31T11:03:13.227+0000] {processor.py:840} INFO - DAG(s) 'latest_only' retrieved from /home/airflow/.local/lib/python3.12/site-packages/airflow/example_dags/example_latest_only.py
[2026-07-31T11:03:13.303+0000] {logging_mixin.py:188} INFO - [2026-07-31T11:03:13.302+0000] {dag.py:3089} INFO - Sync 1 DAGs
[2026-07-31T11:03:13.428+0000] {logging_mixin.py:188} INFO - [2026-07-31T11:03:13.428+0000] {dag.py:3947} INFO - Setting next_dagrun for latest_only to 2026-07-31 04:00:00+00:00, run_after=2026-07-31 08:00:00+00:00
[2026-07-31T11:03:13.552+0000] {processor.py:183} INFO - Processing /home/airflow/.local/lib/python3.12/site-packages/airflow/example_dags/example_latest_only.py took 0.389 seconds
[2026-07-31T11:03:44.147+0000] {processor.py:161} INFO - Started process (PID=1165) to work on /home/airflow/.local/lib/python3.12/site-packages/airflow/example_dags/example_latest_only.py
[2026-07-31T11:03:44.151+0000] {processor.py:830} INFO - Processing file /home/airflow/.local/lib/python3.12/site-packages/airflow/example_dags/example_latest_only.py for tasks to queue
[2026-07-31T11:03:44.158+0000] {logging_mixin.py:188} INFO - [2026-07-31T11:03:44.157+0000] {dagbag.py:545} INFO - Filling up the DagBag from /home/airflow/.local/lib/python3.12/site-packages/airflow/example_dags/example_latest_only.py
[2026-07-31T11:03:44.174+0000] {processor.py:840} INFO - DAG(s) 'latest_only' retrieved from /home/airflow/.local/lib/python3.12/site-packages/airflow/example_dags/example_latest_only.py
[2026-07-31T11:03:44.237+0000] {logging_mixin.py:188} INFO - [2026-07-31T11:03:44.237+0000] {dag.py:3089} INFO - Sync 1 DAGs
[2026-07-31T11:03:44.297+0000] {logging_mixin.py:188} INFO - [2026-07-31T11:03:44.296+0000] {dag.py:3947} INFO - Setting next_dagrun for latest_only to 2026-07-31 04:00:00+00:00, run_after=2026-07-31 08:00:00+00:00
[2026-07-31T11:03:44.352+0000] {processor.py:183} INFO - Processing /home/airflow/.local/lib/python3.12/site-packages/airflow/example_dags/example_latest_only.py took 0.229 seconds
[2026-07-31T11:04:21.262+0000] {processor.py:161} INFO - Started process (PID=1223) to work on /home/airflow/.local/lib/python3.12/site-packages/airflow/example_dags/example_latest_only.py
[2026-07-31T11:04:21.267+0000] {processor.py:830} INFO - Processing file /home/airflow/.local/lib/python3.12/site-packages/airflow/example_dags/example_latest_only.py for tasks to queue
[2026-07-31T11:04:21.293+0000] {logging_mixin.py:188} INFO - [2026-07-31T11:04:21.291+0000] {dagbag.py:545} INFO - Filling up the DagBag from /home/airflow/.local/lib/python3.12/site-packages/airflow/example_dags/example_latest_only.py
[2026-07-31T11:04:21.321+0000] {processor.py:840} INFO - DAG(s) 'latest_only' retrieved from /home/airflow/.local/lib/python3.12/site-packages/airflow/example_dags/example_latest_only.py
[2026-07-31T11:04:21.453+0000] {logging_mixin.py:188} INFO - [2026-07-31T11:04:21.452+0000] {dag.py:3089} INFO - Sync 1 DAGs
[2026-07-31T11:04:21.552+0000] {logging_mixin.py:188} INFO - [2026-07-31T11:04:21.551+0000] {dag.py:3947} INFO - Setting next_dagrun for latest_only to 2026-07-31 04:00:00+00:00, run_after=2026-07-31 08:00:00+00:00
[2026-07-31T11:04:21.643+0000] {processor.py:183} INFO - Processing /home/airflow/.local/lib/python3.12/site-packages/airflow/example_dags/example_latest_only.py took 0.409 seconds
[2026-07-31T11:04:54.146+0000] {processor.py:161} INFO - Started process (PID=1279) to work on /home/airflow/.local/lib/python3.12/site-packages/airflow/example_dags/example_latest_only.py
[2026-07-31T11:04:54.163+0000] {processor.py:830} INFO - Processing file /home/airflow/.local/lib/python3.12/site-packages/airflow/example_dags/example_latest_only.py for tasks to queue
[2026-07-31T11:04:54.172+0000] {logging_mixin.py:188} INFO - [2026-07-31T11:04:54.171+0000] {dagbag.py:545} INFO - Filling up the DagBag from /home/airflow/.local/lib/python3.12/site-packages/airflow/example_dags/example_latest_only.py
[2026-07-31T11:04:54.230+0000] {processor.py:840} INFO - DAG(s) 'latest_only' retrieved from /home/airflow/.local/lib/python3.12/site-packages/airflow/example_dags/example_latest_only.py
[2026-07-31T11:04:54.645+0000] {logging_mixin.py:188} INFO - [2026-07-31T11:04:54.643+0000] {dag.py:3089} INFO - Sync 1 DAGs
[2026-07-31T11:04:54.944+0000] {logging_mixin.py:188} INFO - [2026-07-31T11:04:54.943+0000] {dag.py:3947} INFO - Setting next_dagrun for latest_only to 2026-07-31 04:00:00+00:00, run_after=2026-07-31 08:00:00+00:00
[2026-07-31T11:04:55.113+0000] {processor.py:183} INFO - Processing /home/airflow/.local/lib/python3.12/site-packages/airflow/example_dags/example_latest_only.py took 1.080 seconds
[2026-07-31T11:05:44.433+0000] {processor.py:161} INFO - Started process (PID=1333) to work on /home/airflow/.local/lib/python3.12/site-packages/airflow/example_dags/example_latest_only.py
[2026-07-31T11:05:44.438+0000] {processor.py:830} INFO - Processing file /home/airflow/.local/lib/python3.12/site-packages/airflow/example_dags/example_latest_only.py for tasks to queue
[2026-07-31T11:05:44.453+0000] {logging_mixin.py:188} INFO - [2026-07-31T11:05:44.452+0000] {dagbag.py:545} INFO - Filling up the DagBag from /home/airflow/.local/lib/python3.12/site-packages/airflow/example_dags/example_latest_only.py
[2026-07-31T11:05:44.494+0000] {processor.py:840} INFO - DAG(s) 'latest_only' retrieved from /home/airflow/.local/lib/python3.12/site-packages/airflow/example_dags/example_latest_only.py
[2026-07-31T11:05:44.565+0000] {logging_mixin.py:188} INFO - [2026-07-31T11:05:44.564+0000] {dag.py:3089} INFO - Sync 1 DAGs
[2026-07-31T11:05:44.629+0000] {logging_mixin.py:188} INFO - [2026-07-31T11:05:44.628+0000] {dag.py:3947} INFO - Setting next_dagrun for latest_only to 2026-07-31 04:00:00+00:00, run_after=2026-07-31 08:00:00+00:00
[2026-07-31T11:05:44.692+0000] {processor.py:183} INFO - Processing /home/airflow/.local/lib/python3.12/site-packages/airflow/example_dags/example_latest_only.py took 0.316 seconds
[2026-07-31T11:06:27.324+0000] {processor.py:161} INFO - Started process (PID=1397) to work on /home/airflow/.local/lib/python3.12/site-packages/airflow/example_dags/example_latest_only.py
[2026-07-31T11:06:27.328+0000] {processor.py:830} INFO - Processing file /home/airflow/.local/lib/python3.12/site-packages/airflow/example_dags/example_latest_only.py for tasks to queue
[2026-07-31T11:06:27.338+0000] {logging_mixin.py:188} INFO - [2026-07-31T11:06:27.336+0000] {dagbag.py:545} INFO - Filling up the DagBag from /home/airflow/.local/lib/python3.12/site-packages/airflow/example_dags/example_latest_only.py
[2026-07-31T11:06:27.362+0000] {processor.py:840} INFO - DAG(s) 'latest_only' retrieved from /home/airflow/.local/lib/python3.12/site-packages/airflow/example_dags/example_latest_only.py
[2026-07-31T11:06:27.500+0000] {logging_mixin.py:188} INFO - [2026-07-31T11:06:27.499+0000] {dag.py:3089} INFO - Sync 1 DAGs
[2026-07-31T11:06:27.646+0000] {logging_mixin.py:188} INFO - [2026-07-31T11:06:27.644+0000] {dag.py:3947} INFO - Setting next_dagrun for latest_only to 2026-07-31 04:00:00+00:00, run_after=2026-07-31 08:00:00+00:00
[2026-07-31T11:06:27.727+0000] {processor.py:183} INFO - Processing /home/airflow/.local/lib/python3.12/site-packages/airflow/example_dags/example_latest_only.py took 0.428 seconds
[2026-07-31T11:06:57.865+0000] {processor.py:161} INFO - Started process (PID=1456) to work on /home/airflow/.local/lib/python3.12/site-packages/airflow/example_dags/example_latest_only.py
[2026-07-31T11:06:57.868+0000] {processor.py:830} INFO - Processing file /home/airflow/.local/lib/python3.12/site-packages/airflow/example_dags/example_latest_only.py for tasks to queue
[2026-07-31T11:06:57.873+0000] {logging_mixin.py:188} INFO - [2026-07-31T11:06:57.872+0000] {dagbag.py:545} INFO - Filling up the DagBag from /home/airflow/.local/lib/python3.12/site-packages/airflow/example_dags/example_latest_only.py
[2026-07-31T11:06:57.895+0000] {processor.py:840} INFO - DAG(s) 'latest_only' retrieved from /home/airflow/.local/lib/python3.12/site-packages/airflow/example_dags/example_latest_only.py
[2026-07-31T11:06:57.955+0000] {logging_mixin.py:188} INFO - [2026-07-31T11:06:57.955+0000] {dag.py:3089} INFO - Sync 1 DAGs
[2026-07-31T11:06:58.033+0000] {logging_mixin.py:188} INFO - [2026-07-31T11:06:58.033+0000] {dag.py:3947} INFO - Setting next_dagrun for latest_only to 2026-07-31 04:00:00+00:00, run_after=2026-07-31 08:00:00+00:00
[2026-07-31T11:06:58.099+0000] {processor.py:183} INFO - Processing /home/airflow/.local/lib/python3.12/site-packages/airflow/example_dags/example_latest_only.py took 0.257 seconds
[2026-07-31T11:08:27.427+0000] {processor.py:161} INFO - Started process (PID=1526) to work on /home/airflow/.local/lib/python3.12/site-packages/airflow/example_dags/example_latest_only.py
[2026-07-31T11:08:27.441+0000] {processor.py:830} INFO - Processing file /home/airflow/.local/lib/python3.12/site-packages/airflow/example_dags/example_latest_only.py for tasks to queue
[2026-07-31T11:08:27.453+0000] {logging_mixin.py:188} INFO - [2026-07-31T11:08:27.452+0000] {dagbag.py:545} INFO - Filling up the DagBag from /home/airflow/.local/lib/python3.12/site-packages/airflow/example_dags/example_latest_only.py
[2026-07-31T11:08:27.727+0000] {processor.py:840} INFO - DAG(s) 'latest_only' retrieved from /home/airflow/.local/lib/python3.12/site-packages/airflow/example_dags/example_latest_only.py
[2026-07-31T11:08:27.864+0000] {logging_mixin.py:188} INFO - [2026-07-31T11:08:27.863+0000] {dag.py:3089} INFO - Sync 1 DAGs
[2026-07-31T11:08:28.179+0000] {logging_mixin.py:188} INFO - [2026-07-31T11:08:28.176+0000] {dag.py:3947} INFO - Setting next_dagrun for latest_only to 2026-07-31 04:00:00+00:00, run_after=2026-07-31 08:00:00+00:00
[2026-07-31T11:08:30.294+0000] {processor.py:183} INFO - Processing /home/airflow/.local/lib/python3.12/site-packages/airflow/example_dags/example_latest_only.py took 2.917 seconds
[2026-07-31T11:10:01.000+0000] {processor.py:161} INFO - Started process (PID=1621) to work on /home/airflow/.local/lib/python3.12/site-packages/airflow/example_dags/example_latest_only.py
[2026-07-31T11:10:01.004+0000] {processor.py:830} INFO - Processing file /home/airflow/.local/lib/python3.12/site-packages/airflow/example_dags/example_latest_only.py for tasks to queue
[2026-07-31T11:10:01.018+0000] {logging_mixin.py:188} INFO - [2026-07-31T11:10:01.017+0000] {dagbag.py:545} INFO - Filling up the DagBag from /home/airflow/.local/lib/python3.12/site-packages/airflow/example_dags/example_latest_only.py
[2026-07-31T11:10:01.045+0000] {processor.py:840} INFO - DAG(s) 'latest_only' retrieved from /home/airflow/.local/lib/python3.12/site-packages/airflow/example_dags/example_latest_only.py
[2026-07-31T11:10:01.147+0000] {logging_mixin.py:188} INFO - [2026-07-31T11:10:01.146+0000] {dag.py:3089} INFO - Sync 1 DAGs
[2026-07-31T11:10:01.311+0000] {logging_mixin.py:188} INFO - [2026-07-31T11:10:01.310+0000] {dag.py:3947} INFO - Setting next_dagrun for latest_only to 2026-07-31 04:00:00+00:00, run_after=2026-07-31 08:00:00+00:00
[2026-07-31T11:10:01.483+0000] {processor.py:183} INFO - Processing /home/airflow/.local/lib/python3.12/site-packages/airflow/example_dags/example_latest_only.py took 0.523 seconds
[2026-07-31T11:10:43.871+0000] {processor.py:161} INFO - Started process (PID=1678) to work on /home/airflow/.local/lib/python3.12/site-packages/airflow/example_dags/example_latest_only.py
[2026-07-31T11:10:43.890+0000] {processor.py:830} INFO - Processing file /home/airflow/.local/lib/python3.12/site-packages/airflow/example_dags/example_latest_only.py for tasks to queue
[2026-07-31T11:10:43.915+0000] {logging_mixin.py:188} INFO - [2026-07-31T11:10:43.914+0000] {dagbag.py:545} INFO - Filling up the DagBag from /home/airflow/.local/lib/python3.12/site-packages/airflow/example_dags/example_latest_only.py
[2026-07-31T11:10:43.958+0000] {processor.py:840} INFO - DAG(s) 'latest_only' retrieved from /home/airflow/.local/lib/python3.12/site-packages/airflow/example_dags/example_latest_only.py
[2026-07-31T11:10:44.192+0000] {logging_mixin.py:188} INFO - [2026-07-31T11:10:44.191+0000] {dag.py:3089} INFO - Sync 1 DAGs
[2026-07-31T11:10:45.257+0000] {logging_mixin.py:188} INFO - [2026-07-31T11:10:45.257+0000] {dag.py:3947} INFO - Setting next_dagrun for latest_only to 2026-07-31 04:00:00+00:00, run_after=2026-07-31 08:00:00+00:00
[2026-07-31T11:10:45.462+0000] {processor.py:183} INFO - Processing /home/airflow/.local/lib/python3.12/site-packages/airflow/example_dags/example_latest_only.py took 1.711 seconds
[2026-07-31T11:12:15.935+0000] {processor.py:161} INFO - Started process (PID=1772) to work on /home/airflow/.local/lib/python3.12/site-packages/airflow/example_dags/example_latest_only.py
[2026-07-31T11:12:15.941+0000] {processor.py:830} INFO - Processing file /home/airflow/.local/lib/python3.12/site-packages/airflow/example_dags/example_latest_only.py for tasks to queue
[2026-07-31T11:12:15.948+0000] {logging_mixin.py:188} INFO - [2026-07-31T11:12:15.948+0000] {dagbag.py:545} INFO - Filling up the DagBag from /home/airflow/.local/lib/python3.12/site-packages/airflow/example_dags/example_latest_only.py
[2026-07-31T11:12:15.968+0000] {processor.py:840} INFO - DAG(s) 'latest_only' retrieved from /home/airflow/.local/lib/python3.12/site-packages/airflow/example_dags/example_latest_only.py
[2026-07-31T11:12:16.052+0000] {logging_mixin.py:188} INFO - [2026-07-31T11:12:16.050+0000] {dag.py:3089} INFO - Sync 1 DAGs
[2026-07-31T11:12:16.159+0000] {logging_mixin.py:188} INFO - [2026-07-31T11:12:16.158+0000] {dag.py:3947} INFO - Setting next_dagrun for latest_only to 2026-07-31 04:00:00+00:00, run_after=2026-07-31 08:00:00+00:00
[2026-07-31T11:12:16.230+0000] {processor.py:183} INFO - Processing /home/airflow/.local/lib/python3.12/site-packages/airflow/example_dags/example_latest_only.py took 0.317 seconds
[2026-07-31T11:12:48.949+0000] {processor.py:161} INFO - Started process (PID=1828) to work on /home/airflow/.local/lib/python3.12/site-packages/airflow/example_dags/example_latest_only.py
[2026-07-31T11:12:48.967+0000] {processor.py:830} INFO - Processing file /home/airflow/.local/lib/python3.12/site-packages/airflow/example_dags/example_latest_only.py for tasks to queue
[2026-07-31T11:12:48.975+0000] {logging_mixin.py:188} INFO - [2026-07-31T11:12:48.973+0000] {dagbag.py:545} INFO - Filling up the DagBag from /home/airflow/.local/lib/python3.12/site-packages/airflow/example_dags/example_latest_only.py
[2026-07-31T11:12:49.009+0000] {processor.py:840} INFO - DAG(s) 'latest_only' retrieved from /home/airflow/.local/lib/python3.12/site-packages/airflow/example_dags/example_latest_only.py
[2026-07-31T11:12:49.215+0000] {logging_mixin.py:188} INFO - [2026-07-31T11:12:49.214+0000] {dag.py:3089} INFO - Sync 1 DAGs
[2026-07-31T11:12:49.405+0000] {logging_mixin.py:188} INFO - [2026-07-31T11:12:49.404+0000] {dag.py:3947} INFO - Setting next_dagrun for latest_only to 2026-07-31 04:00:00+00:00, run_after=2026-07-31 08:00:00+00:00
[2026-07-31T11:12:49.563+0000] {processor.py:183} INFO - Processing /home/airflow/.local/lib/python3.12/site-packages/airflow/example_dags/example_latest_only.py took 0.674 seconds
[2026-07-31T11:13:21.722+0000] {processor.py:161} INFO - Started process (PID=1888) to work on /home/airflow/.local/lib/python3.12/site-packages/airflow/example_dags/example_latest_only.py
[2026-07-31T11:13:21.727+0000] {processor.py:830} INFO - Processing file /home/airflow/.local/lib/python3.12/site-packages/airflow/example_dags/example_latest_only.py for tasks to queue
[2026-07-31T11:13:21.761+0000] {logging_mixin.py:188} INFO - [2026-07-31T11:13:21.760+0000] {dagbag.py:545} INFO - Filling up the DagBag from /home/airflow/.local/lib/python3.12/site-packages/airflow/example_dags/example_latest_only.py
[2026-07-31T11:13:21.819+0000] {processor.py:840} INFO - DAG(s) 'latest_only' retrieved from /home/airflow/.local/lib/python3.12/site-packages/airflow/example_dags/example_latest_only.py
[2026-07-31T11:13:22.029+0000] {logging_mixin.py:188} INFO - [2026-07-31T11:13:22.018+0000] {dag.py:3089} INFO - Sync 1 DAGs
[2026-07-31T11:13:22.254+0000] {logging_mixin.py:188} INFO - [2026-07-31T11:13:22.243+0000] {dag.py:3947} INFO - Setting next_dagrun for latest_only to 2026-07-31 04:00:00+00:00, run_after=2026-07-31 08:00:00+00:00
[2026-07-31T11:13:22.411+0000] {processor.py:183} INFO - Processing /home/airflow/.local/lib/python3.12/site-packages/airflow/example_dags/example_latest_only.py took 0.756 seconds
[2026-07-31T11:14:10.181+0000] {processor.py:161} INFO - Started process (PID=1956) to work on /home/airflow/.local/lib/python3.12/site-packages/airflow/example_dags/example_latest_only.py
[2026-07-31T11:14:10.198+0000] {processor.py:830} INFO - Processing file /home/airflow/.local/lib/python3.12/site-packages/airflow/example_dags/example_latest_only.py for tasks to queue
[2026-07-31T11:14:10.236+0000] {logging_mixin.py:188} INFO - [2026-07-31T11:14:10.234+0000] {dagbag.py:545} INFO - Filling up the DagBag from /home/airflow/.local/lib/python3.12/site-packages/airflow/example_dags/example_latest_only.py
[2026-07-31T11:14:10.291+0000] {processor.py:840} INFO - DAG(s) 'latest_only' retrieved from /home/airflow/.local/lib/python3.12/site-packages/airflow/example_dags/example_latest_only.py
[2026-07-31T11:14:10.690+0000] {logging_mixin.py:188} INFO - [2026-07-31T11:14:10.689+0000] {dag.py:3089} INFO - Sync 1 DAGs
[2026-07-31T11:14:11.279+0000] {logging_mixin.py:188} INFO - [2026-07-31T11:14:11.278+0000] {dag.py:3947} INFO - Setting next_dagrun for latest_only to 2026-07-31 04:00:00+00:00, run_after=2026-07-31 08:00:00+00:00
[2026-07-31T11:14:11.474+0000] {processor.py:183} INFO - Processing /home/airflow/.local/lib/python3.12/site-packages/airflow/example_dags/example_latest_only.py took 1.380 seconds
[2026-07-31T11:14:43.710+0000] {processor.py:161} INFO - Started process (PID=2014) to work on /home/airflow/.local/lib/python3.12/site-packages/airflow/example_dags/example_latest_only.py
[2026-07-31T11:14:43.714+0000] {processor.py:830} INFO - Processing file /home/airflow/.local/lib/python3.12/site-packages/airflow/example_dags/example_latest_only.py for tasks to queue
[2026-07-31T11:14:43.735+0000] {logging_mixin.py:188} INFO - [2026-07-31T11:14:43.733+0000] {dagbag.py:545} INFO - Filling up the DagBag from /home/airflow/.local/lib/python3.12/site-packages/airflow/example_dags/example_latest_only.py
[2026-07-31T11:14:43.760+0000] {processor.py:840} INFO - DAG(s) 'latest_only' retrieved from /home/airflow/.local/lib/python3.12/site-packages/airflow/example_dags/example_latest_only.py
[2026-07-31T11:14:43.933+0000] {logging_mixin.py:188} INFO - [2026-07-31T11:14:43.932+0000] {dag.py:3089} INFO - Sync 1 DAGs
[2026-07-31T11:14:44.098+0000] {logging_mixin.py:188} INFO - [2026-07-31T11:14:44.097+0000] {dag.py:3947} INFO - Setting next_dagrun for latest_only to 2026-07-31 04:00:00+00:00, run_after=2026-07-31 08:00:00+00:00
[2026-07-31T11:14:44.208+0000] {processor.py:183} INFO - Processing /home/airflow/.local/lib/python3.12/site-packages/airflow/example_dags/example_latest_only.py took 0.533 seconds
[2026-07-31T11:15:15.661+0000] {processor.py:161} INFO - Started process (PID=2073) to work on /home/airflow/.local/lib/python3.12/site-packages/airflow/example_dags/example_latest_only.py
[2026-07-31T11:15:15.669+0000] {processor.py:830} INFO - Processing file /home/airflow/.local/lib/python3.12/site-packages/airflow/example_dags/example_latest_only.py for tasks to queue
[2026-07-31T11:15:15.678+0000] {logging_mixin.py:188} INFO - [2026-07-31T11:15:15.677+0000] {dagbag.py:545} INFO - Filling up the DagBag from /home/airflow/.local/lib/python3.12/site-packages/airflow/example_dags/example_latest_only.py
[2026-07-31T11:15:15.719+0000] {processor.py:840} INFO - DAG(s) 'latest_only' retrieved from /home/airflow/.local/lib/python3.12/site-packages/airflow/example_dags/example_latest_only.py
[2026-07-31T11:15:15.853+0000] {logging_mixin.py:188} INFO - [2026-07-31T11:15:15.852+0000] {dag.py:3089} INFO - Sync 1 DAGs
[2026-07-31T11:15:16.036+0000] {logging_mixin.py:188} INFO - [2026-07-31T11:15:16.035+0000] {dag.py:3947} INFO - Setting next_dagrun for latest_only to 2026-07-31 04:00:00+00:00, run_after=2026-07-31 08:00:00+00:00
[2026-07-31T11:15:16.188+0000] {processor.py:183} INFO - Processing /home/airflow/.local/lib/python3.12/site-packages/airflow/example_dags/example_latest_only.py took 0.556 seconds
[2026-07-31T11:15:46.696+0000] {processor.py:161} INFO - Started process (PID=2129) to work on /home/airflow/.local/lib/python3.12/site-packages/airflow/example_dags/example_latest_only.py
[2026-07-31T11:15:46.699+0000] {processor.py:830} INFO - Processing file /home/airflow/.local/lib/python3.12/site-packages/airflow/example_dags/example_latest_only.py for tasks to queue
[2026-07-31T11:15:46.704+0000] {logging_mixin.py:188} INFO - [2026-07-31T11:15:46.703+0000] {dagbag.py:545} INFO - Filling up the DagBag from /home/airflow/.local/lib/python3.12/site-packages/airflow/example_dags/example_latest_only.py
[2026-07-31T11:15:46.718+0000] {processor.py:840} INFO - DAG(s) 'latest_only' retrieved from /home/airflow/.local/lib/python3.12/site-packages/airflow/example_dags/example_latest_only.py
[2026-07-31T11:15:46.764+0000] {logging_mixin.py:188} INFO - [2026-07-31T11:15:46.764+0000] {dag.py:3089} INFO - Sync 1 DAGs
[2026-07-31T11:15:46.824+0000] {logging_mixin.py:188} INFO - [2026-07-31T11:15:46.823+0000] {dag.py:3947} INFO - Setting next_dagrun for latest_only to 2026-07-31 04:00:00+00:00, run_after=2026-07-31 08:00:00+00:00
[2026-07-31T11:15:46.874+0000] {processor.py:183} INFO - Processing /home/airflow/.local/lib/python3.12/site-packages/airflow/example_dags/example_latest_only.py took 0.191 seconds
[2026-07-31T11:16:17.164+0000] {processor.py:161} INFO - Started process (PID=2188) to work on /home/airflow/.local/lib/python3.12/site-packages/airflow/example_dags/example_latest_only.py
[2026-07-31T11:16:17.166+0000] {processor.py:830} INFO - Processing file /home/airflow/.local/lib/python3.12/site-packages/airflow/example_dags/example_latest_only.py for tasks to queue
[2026-07-31T11:16:17.171+0000] {logging_mixin.py:188} INFO - [2026-07-31T11:16:17.170+0000] {dagbag.py:545} INFO - Filling up the DagBag from /home/airflow/.local/lib/python3.12/site-packages/airflow/example_dags/example_latest_only.py
[2026-07-31T11:16:17.182+0000] {processor.py:840} INFO - DAG(s) 'latest_only' retrieved from /home/airflow/.local/lib/python3.12/site-packages/airflow/example_dags/example_latest_only.py
[2026-07-31T11:16:17.233+0000] {logging_mixin.py:188} INFO - [2026-07-31T11:16:17.233+0000] {dag.py:3089} INFO - Sync 1 DAGs
[2026-07-31T11:16:17.279+0000] {logging_mixin.py:188} INFO - [2026-07-31T11:16:17.279+0000] {dag.py:3947} INFO - Setting next_dagrun for latest_only to 2026-07-31 04:00:00+00:00, run_after=2026-07-31 08:00:00+00:00
[2026-07-31T11:16:17.331+0000] {processor.py:183} INFO - Processing /home/airflow/.local/lib/python3.12/site-packages/airflow/example_dags/example_latest_only.py took 0.188 seconds
[2026-07-31T11:16:48.123+0000] {processor.py:161} INFO - Started process (PID=2246) to work on /home/airflow/.local/lib/python3.12/site-packages/airflow/example_dags/example_latest_only.py
[2026-07-31T11:16:48.126+0000] {processor.py:830} INFO - Processing file /home/airflow/.local/lib/python3.12/site-packages/airflow/example_dags/example_latest_only.py for tasks to queue
[2026-07-31T11:16:48.130+0000] {logging_mixin.py:188} INFO - [2026-07-31T11:16:48.129+0000] {dagbag.py:545} INFO - Filling up the DagBag from /home/airflow/.local/lib/python3.12/site-packages/airflow/example_dags/example_latest_only.py
[2026-07-31T11:16:48.143+0000] {processor.py:840} INFO - DAG(s) 'latest_only' retrieved from /home/airflow/.local/lib/python3.12/site-packages/airflow/example_dags/example_latest_only.py
[2026-07-31T11:16:48.203+0000] {logging_mixin.py:188} INFO - [2026-07-31T11:16:48.202+0000] {dag.py:3089} INFO - Sync 1 DAGs
[2026-07-31T11:16:48.291+0000] {logging_mixin.py:188} INFO - [2026-07-31T11:16:48.290+0000] {dag.py:3947} INFO - Setting next_dagrun for latest_only to 2026-07-31 04:00:00+00:00, run_after=2026-07-31 08:00:00+00:00
[2026-07-31T11:16:48.356+0000] {processor.py:183} INFO - Processing /home/airflow/.local/lib/python3.12/site-packages/airflow/example_dags/example_latest_only.py took 0.252 seconds
[2026-07-31T11:17:25.248+0000] {processor.py:161} INFO - Started process (PID=2312) to work on /home/airflow/.local/lib/python3.12/site-packages/airflow/example_dags/example_latest_only.py
[2026-07-31T11:17:25.251+0000] {processor.py:830} INFO - Processing file /home/airflow/.local/lib/python3.12/site-packages/airflow/example_dags/example_latest_only.py for tasks to queue
[2026-07-31T11:17:25.256+0000] {logging_mixin.py:188} INFO - [2026-07-31T11:17:25.255+0000] {dagbag.py:545} INFO - Filling up the DagBag from /home/airflow/.local/lib/python3.12/site-packages/airflow/example_dags/example_latest_only.py
[2026-07-31T11:17:25.271+0000] {processor.py:840} INFO - DAG(s) 'latest_only' retrieved from /home/airflow/.local/lib/python3.12/site-packages/airflow/example_dags/example_latest_only.py
[2026-07-31T11:17:25.356+0000] {logging_mixin.py:188} INFO - [2026-07-31T11:17:25.355+0000] {dag.py:3089} INFO - Sync 1 DAGs
[2026-07-31T11:17:25.541+0000] {logging_mixin.py:188} INFO - [2026-07-31T11:17:25.540+0000] {dag.py:3947} INFO - Setting next_dagrun for latest_only to 2026-07-31 04:00:00+00:00, run_after=2026-07-31 08:00:00+00:00
[2026-07-31T11:17:25.688+0000] {processor.py:183} INFO - Processing /home/airflow/.local/lib/python3.12/site-packages/airflow/example_dags/example_latest_only.py took 0.461 seconds
[2026-07-31T11:18:08.652+0000] {processor.py:161} INFO - Started process (PID=2370) to work on /home/airflow/.local/lib/python3.12/site-packages/airflow/example_dags/example_latest_only.py
[2026-07-31T11:18:08.655+0000] {processor.py:830} INFO - Processing file /home/airflow/.local/lib/python3.12/site-packages/airflow/example_dags/example_latest_only.py for tasks to queue
[2026-07-31T11:18:08.661+0000] {logging_mixin.py:188} INFO - [2026-07-31T11:18:08.660+0000] {dagbag.py:545} INFO - Filling up the DagBag from /home/airflow/.local/lib/python3.12/site-packages/airflow/example_dags/example_latest_only.py
[2026-07-31T11:18:08.678+0000] {processor.py:840} INFO - DAG(s) 'latest_only' retrieved from /home/airflow/.local/lib/python3.12/site-packages/airflow/example_dags/example_latest_only.py
[2026-07-31T11:18:08.771+0000] {logging_mixin.py:188} INFO - [2026-07-31T11:18:08.770+0000] {dag.py:3089} INFO - Sync 1 DAGs
[2026-07-31T11:18:08.929+0000] {logging_mixin.py:188} INFO - [2026-07-31T11:18:08.928+0000] {dag.py:3947} INFO - Setting next_dagrun for latest_only to 2026-07-31 04:00:00+00:00, run_after=2026-07-31 08:00:00+00:00
[2026-07-31T11:18:09.001+0000] {processor.py:183} INFO - Processing /home/airflow/.local/lib/python3.12/site-packages/airflow/example_dags/example_latest_only.py took 0.372 seconds
[2026-07-31T11:18:39.377+0000] {processor.py:161} INFO - Started process (PID=2428) to work on /home/airflow/.local/lib/python3.12/site-packages/airflow/example_dags/example_latest_only.py
[2026-07-31T11:18:39.380+0000] {processor.py:830} INFO - Processing file /home/airflow/.local/lib/python3.12/site-packages/airflow/example_dags/example_latest_only.py for tasks to queue
[2026-07-31T11:18:39.386+0000] {logging_mixin.py:188} INFO - [2026-07-31T11:18:39.385+0000] {dagbag.py:545} INFO - Filling up the DagBag from /home/airflow/.local/lib/python3.12/site-packages/airflow/example_dags/example_latest_only.py
[2026-07-31T11:18:39.397+0000] {processor.py:840} INFO - DAG(s) 'latest_only' retrieved from /home/airflow/.local/lib/python3.12/site-packages/airflow/example_dags/example_latest_only.py
[2026-07-31T11:18:39.449+0000] {logging_mixin.py:188} INFO - [2026-07-31T11:18:39.449+0000] {dag.py:3089} INFO - Sync 1 DAGs
[2026-07-31T11:18:39.530+0000] {logging_mixin.py:188} INFO - [2026-07-31T11:18:39.530+0000] {dag.py:3947} INFO - Setting next_dagrun for latest_only to 2026-07-31 04:00:00+00:00, run_after=2026-07-31 08:00:00+00:00
[2026-07-31T11:18:39.604+0000] {processor.py:183} INFO - Processing /home/airflow/.local/lib/python3.12/site-packages/airflow/example_dags/example_latest_only.py took 0.242 seconds
[2026-07-31T11:19:10.063+0000] {processor.py:161} INFO - Started process (PID=2486) to work on /home/airflow/.local/lib/python3.12/site-packages/airflow/example_dags/example_latest_only.py
[2026-07-31T11:19:10.066+0000] {processor.py:830} INFO - Processing file /home/airflow/.local/lib/python3.12/site-packages/airflow/example_dags/example_latest_only.py for tasks to queue
[2026-07-31T11:19:10.071+0000] {logging_mixin.py:188} INFO - [2026-07-31T11:19:10.070+0000] {dagbag.py:545} INFO - Filling up the DagBag from /home/airflow/.local/lib/python3.12/site-packages/airflow/example_dags/example_latest_only.py
[2026-07-31T11:19:10.081+0000] {processor.py:840} INFO - DAG(s) 'latest_only' retrieved from /home/airflow/.local/lib/python3.12/site-packages/airflow/example_dags/example_latest_only.py
[2026-07-31T11:19:10.139+0000] {logging_mixin.py:188} INFO - [2026-07-31T11:19:10.138+0000] {dag.py:3089} INFO - Sync 1 DAGs
[2026-07-31T11:19:10.206+0000] {logging_mixin.py:188} INFO - [2026-07-31T11:19:10.206+0000] {dag.py:3947} INFO - Setting next_dagrun for latest_only to 2026-07-31 04:00:00+00:00, run_after=2026-07-31 08:00:00+00:00
[2026-07-31T11:19:10.260+0000] {processor.py:183} INFO - Processing /home/airflow/.local/lib/python3.12/site-packages/airflow/example_dags/example_latest_only.py took 0.209 seconds
[2026-07-31T11:19:42.793+0000] {processor.py:161} INFO - Started process (PID=2544) to work on /home/airflow/.local/lib/python3.12/site-packages/airflow/example_dags/example_latest_only.py
[2026-07-31T11:19:42.807+0000] {processor.py:830} INFO - Processing file /home/airflow/.local/lib/python3.12/site-packages/airflow/example_dags/example_latest_only.py for tasks to queue
[2026-07-31T11:19:42.822+0000] {logging_mixin.py:188} INFO - [2026-07-31T11:19:42.820+0000] {dagbag.py:545} INFO - Filling up the DagBag from /home/airflow/.local/lib/python3.12/site-packages/airflow/example_dags/example_latest_only.py
[2026-07-31T11:19:42.860+0000] {processor.py:840} INFO - DAG(s) 'latest_only' retrieved from /home/airflow/.local/lib/python3.12/site-packages/airflow/example_dags/example_latest_only.py
[2026-07-31T11:19:43.029+0000] {logging_mixin.py:188} INFO - [2026-07-31T11:19:43.025+0000] {dag.py:3089} INFO - Sync 1 DAGs
[2026-07-31T11:19:43.308+0000] {logging_mixin.py:188} INFO - [2026-07-31T11:19:43.305+0000] {dag.py:3947} INFO - Setting next_dagrun for latest_only to 2026-07-31 04:00:00+00:00, run_after=2026-07-31 08:00:00+00:00
[2026-07-31T11:19:43.441+0000] {processor.py:183} INFO - Processing /home/airflow/.local/lib/python3.12/site-packages/airflow/example_dags/example_latest_only.py took 0.691 seconds
[2026-07-31T11:20:31.911+0000] {processor.py:161} INFO - Started process (PID=2609) to work on /home/airflow/.local/lib/python3.12/site-packages/airflow/example_dags/example_latest_only.py
[2026-07-31T11:20:31.951+0000] {processor.py:830} INFO - Processing file /home/airflow/.local/lib/python3.12/site-packages/airflow/example_dags/example_latest_only.py for tasks to queue
[2026-07-31T11:20:32.052+0000] {logging_mixin.py:188} INFO - [2026-07-31T11:20:32.047+0000] {dagbag.py:545} INFO - Filling up the DagBag from /home/airflow/.local/lib/python3.12/site-packages/airflow/example_dags/example_latest_only.py
[2026-07-31T11:20:32.204+0000] {processor.py:840} INFO - DAG(s) 'latest_only' retrieved from /home/airflow/.local/lib/python3.12/site-packages/airflow/example_dags/example_latest_only.py
[2026-07-31T11:20:32.425+0000] {logging_mixin.py:188} INFO - [2026-07-31T11:20:32.423+0000] {dag.py:3089} INFO - Sync 1 DAGs
[2026-07-31T11:20:32.766+0000] {logging_mixin.py:188} INFO - [2026-07-31T11:20:32.759+0000] {dag.py:3947} INFO - Setting next_dagrun for latest_only to 2026-07-31 04:00:00+00:00, run_after=2026-07-31 08:00:00+00:00
[2026-07-31T11:20:32.990+0000] {processor.py:183} INFO - Processing /home/airflow/.local/lib/python3.12/site-packages/airflow/example_dags/example_latest_only.py took 1.157 seconds
[2026-07-31T11:21:03.751+0000] {processor.py:161} INFO - Started process (PID=2668) to work on /home/airflow/.local/lib/python3.12/site-packages/airflow/example_dags/example_latest_only.py
[2026-07-31T11:21:03.754+0000] {processor.py:830} INFO - Processing file /home/airflow/.local/lib/python3.12/site-packages/airflow/example_dags/example_latest_only.py for tasks to queue
[2026-07-31T11:21:03.760+0000] {logging_mixin.py:188} INFO - [2026-07-31T11:21:03.759+0000] {dagbag.py:545} INFO - Filling up the DagBag from /home/airflow/.local/lib/python3.12/site-packages/airflow/example_dags/example_latest_only.py
[2026-07-31T11:21:03.774+0000] {processor.py:840} INFO - DAG(s) 'latest_only' retrieved from /home/airflow/.local/lib/python3.12/site-packages/airflow/example_dags/example_latest_only.py
[2026-07-31T11:21:03.833+0000] {logging_mixin.py:188} INFO - [2026-07-31T11:21:03.832+0000] {dag.py:3089} INFO - Sync 1 DAGs
[2026-07-31T11:21:03.894+0000] {logging_mixin.py:188} INFO - [2026-07-31T11:21:03.894+0000] {dag.py:3947} INFO - Setting next_dagrun for latest_only to 2026-07-31 04:00:00+00:00, run_after=2026-07-31 08:00:00+00:00
[2026-07-31T11:21:03.946+0000] {processor.py:183} INFO - Processing /home/airflow/.local/lib/python3.12/site-packages/airflow/example_dags/example_latest_only.py took 0.215 seconds
[2026-07-31T11:21:34.509+0000] {processor.py:161} INFO - Started process (PID=2726) to work on /home/airflow/.local/lib/python3.12/site-packages/airflow/example_dags/example_latest_only.py
[2026-07-31T11:21:34.512+0000] {processor.py:830} INFO - Processing file /home/airflow/.local/lib/python3.12/site-packages/airflow/example_dags/example_latest_only.py for tasks to queue
[2026-07-31T11:21:34.518+0000] {logging_mixin.py:188} INFO - [2026-07-31T11:21:34.517+0000] {dagbag.py:545} INFO - Filling up the DagBag from /home/airflow/.local/lib/python3.12/site-packages/airflow/example_dags/example_latest_only.py
[2026-07-31T11:21:34.530+0000] {processor.py:840} INFO - DAG(s) 'latest_only' retrieved from /home/airflow/.local/lib/python3.12/site-packages/airflow/example_dags/example_latest_only.py
[2026-07-31T11:21:34.587+0000] {logging_mixin.py:188} INFO - [2026-07-31T11:21:34.587+0000] {dag.py:3089} INFO - Sync 1 DAGs
[2026-07-31T11:21:34.645+0000] {logging_mixin.py:188} INFO - [2026-07-31T11:21:34.644+0000] {dag.py:3947} INFO - Setting next_dagrun for latest_only to 2026-07-31 04:00:00+00:00, run_after=2026-07-31 08:00:00+00:00
[2026-07-31T11:21:34.697+0000] {processor.py:183} INFO - Processing /home/airflow/.local/lib/python3.12/site-packages/airflow/example_dags/example_latest_only.py took 0.205 seconds
[2026-07-31T11:22:05.743+0000] {processor.py:161} INFO - Started process (PID=2785) to work on /home/airflow/.local/lib/python3.12/site-packages/airflow/example_dags/example_latest_only.py
[2026-07-31T11:22:05.747+0000] {processor.py:830} INFO - Processing file /home/airflow/.local/lib/python3.12/site-packages/airflow/example_dags/example_latest_only.py for tasks to queue
[2026-07-31T11:22:05.753+0000] {logging_mixin.py:188} INFO - [2026-07-31T11:22:05.752+0000] {dagbag.py:545} INFO - Filling up the DagBag from /home/airflow/.local/lib/python3.12/site-packages/airflow/example_dags/example_latest_only.py
[2026-07-31T11:22:05.771+0000] {processor.py:840} INFO - DAG(s) 'latest_only' retrieved from /home/airflow/.local/lib/python3.12/site-packages/airflow/example_dags/example_latest_only.py
[2026-07-31T11:22:05.912+0000] {logging_mixin.py:188} INFO - [2026-07-31T11:22:05.911+0000] {dag.py:3089} INFO - Sync 1 DAGs
[2026-07-31T11:22:05.986+0000] {logging_mixin.py:188} INFO - [2026-07-31T11:22:05.985+0000] {dag.py:3947} INFO - Setting next_dagrun for latest_only to 2026-07-31 04:00:00+00:00, run_after=2026-07-31 08:00:00+00:00
[2026-07-31T11:22:06.047+0000] {processor.py:183} INFO - Processing /home/airflow/.local/lib/python3.12/site-packages/airflow/example_dags/example_latest_only.py took 0.322 seconds
[2026-07-31T11:22:36.462+0000] {processor.py:161} INFO - Started process (PID=2848) to work on /home/airflow/.local/lib/python3.12/site-packages/airflow/example_dags/example_latest_only.py
[2026-07-31T11:22:36.467+0000] {processor.py:830} INFO - Processing file /home/airflow/.local/lib/python3.12/site-packages/airflow/example_dags/example_latest_only.py for tasks to queue
[2026-07-31T11:22:36.482+0000] {logging_mixin.py:188} INFO - [2026-07-31T11:22:36.479+0000] {dagbag.py:545} INFO - Filling up the DagBag from /home/airflow/.local/lib/python3.12/site-packages/airflow/example_dags/example_latest_only.py
[2026-07-31T11:22:36.515+0000] {processor.py:840} INFO - DAG(s) 'latest_only' retrieved from /home/airflow/.local/lib/python3.12/site-packages/airflow/example_dags/example_latest_only.py
[2026-07-31T11:22:36.661+0000] {logging_mixin.py:188} INFO - [2026-07-31T11:22:36.661+0000] {dag.py:3089} INFO - Sync 1 DAGs
[2026-07-31T11:22:36.835+0000] {logging_mixin.py:188} INFO - [2026-07-31T11:22:36.834+0000] {dag.py:3947} INFO - Setting next_dagrun for latest_only to 2026-07-31 04:00:00+00:00, run_after=2026-07-31 08:00:00+00:00
[2026-07-31T11:22:36.953+0000] {processor.py:183} INFO - Processing /home/airflow/.local/lib/python3.12/site-packages/airflow/example_dags/example_latest_only.py took 0.516 seconds
[2026-07-31T11:24:53.325+0000] {processor.py:161} INFO - Started process (PID=2940) to work on /home/airflow/.local/lib/python3.12/site-packages/airflow/example_dags/example_latest_only.py
[2026-07-31T11:24:53.335+0000] {processor.py:830} INFO - Processing file /home/airflow/.local/lib/python3.12/site-packages/airflow/example_dags/example_latest_only.py for tasks to queue
[2026-07-31T11:24:53.346+0000] {logging_mixin.py:188} INFO - [2026-07-31T11:24:53.345+0000] {dagbag.py:545} INFO - Filling up the DagBag from /home/airflow/.local/lib/python3.12/site-packages/airflow/example_dags/example_latest_only.py
[2026-07-31T11:24:53.416+0000] {processor.py:840} INFO - DAG(s) 'latest_only' retrieved from /home/airflow/.local/lib/python3.12/site-packages/airflow/example_dags/example_latest_only.py
[2026-07-31T11:24:53.624+0000] {logging_mixin.py:188} INFO - [2026-07-31T11:24:53.619+0000] {dag.py:3089} INFO - Sync 1 DAGs
[2026-07-31T11:24:53.877+0000] {logging_mixin.py:188} INFO - [2026-07-31T11:24:53.874+0000] {dag.py:3947} INFO - Setting next_dagrun for latest_only to 2026-07-31 04:00:00+00:00, run_after=2026-07-31 08:00:00+00:00
[2026-07-31T11:24:54.065+0000] {processor.py:183} INFO - Processing /home/airflow/.local/lib/python3.12/site-packages/airflow/example_dags/example_latest_only.py took 0.820 seconds
[2026-07-31T11:26:02.697+0000] {processor.py:161} INFO - Started process (PID=3024) to work on /home/airflow/.local/lib/python3.12/site-packages/airflow/example_dags/example_latest_only.py
[2026-07-31T11:26:02.712+0000] {processor.py:830} INFO - Processing file /home/airflow/.local/lib/python3.12/site-packages/airflow/example_dags/example_latest_only.py for tasks to queue
[2026-07-31T11:26:02.731+0000] {logging_mixin.py:188} INFO - [2026-07-31T11:26:02.729+0000] {dagbag.py:545} INFO - Filling up the DagBag from /home/airflow/.local/lib/python3.12/site-packages/airflow/example_dags/example_latest_only.py
[2026-07-31T11:26:02.768+0000] {processor.py:840} INFO - DAG(s) 'latest_only' retrieved from /home/airflow/.local/lib/python3.12/site-packages/airflow/example_dags/example_latest_only.py
[2026-07-31T11:26:02.886+0000] {logging_mixin.py:188} INFO - [2026-07-31T11:26:02.885+0000] {dag.py:3089} INFO - Sync 1 DAGs
[2026-07-31T11:26:03.181+0000] {logging_mixin.py:188} INFO - [2026-07-31T11:26:03.180+0000] {dag.py:3947} INFO - Setting next_dagrun for latest_only to 2026-07-31 04:00:00+00:00, run_after=2026-07-31 08:00:00+00:00
[2026-07-31T11:26:03.364+0000] {processor.py:183} INFO - Processing /home/airflow/.local/lib/python3.12/site-packages/airflow/example_dags/example_latest_only.py took 0.718 seconds
[2026-07-31T11:27:04.217+0000] {processor.py:161} INFO - Started process (PID=3080) to work on /home/airflow/.local/lib/python3.12/site-packages/airflow/example_dags/example_latest_only.py
[2026-07-31T11:27:04.223+0000] {processor.py:830} INFO - Processing file /home/airflow/.local/lib/python3.12/site-packages/airflow/example_dags/example_latest_only.py for tasks to queue
[2026-07-31T11:27:04.232+0000] {logging_mixin.py:188} INFO - [2026-07-31T11:27:04.230+0000] {dagbag.py:545} INFO - Filling up the DagBag from /home/airflow/.local/lib/python3.12/site-packages/airflow/example_dags/example_latest_only.py
[2026-07-31T11:27:04.259+0000] {processor.py:840} INFO - DAG(s) 'latest_only' retrieved from /home/airflow/.local/lib/python3.12/site-packages/airflow/example_dags/example_latest_only.py
[2026-07-31T11:27:04.346+0000] {logging_mixin.py:188} INFO - [2026-07-31T11:27:04.345+0000] {dag.py:3089} INFO - Sync 1 DAGs
[2026-07-31T11:27:04.448+0000] {logging_mixin.py:188} INFO - [2026-07-31T11:27:04.447+0000] {dag.py:3947} INFO - Setting next_dagrun for latest_only to 2026-07-31 04:00:00+00:00, run_after=2026-07-31 08:00:00+00:00
[2026-07-31T11:27:04.537+0000] {processor.py:183} INFO - Processing /home/airflow/.local/lib/python3.12/site-packages/airflow/example_dags/example_latest_only.py took 0.350 seconds
[2026-07-31T11:27:34.848+0000] {processor.py:161} INFO - Started process (PID=3136) to work on /home/airflow/.local/lib/python3.12/site-packages/airflow/example_dags/example_latest_only.py
[2026-07-31T11:27:34.855+0000] {processor.py:830} INFO - Processing file /home/airflow/.local/lib/python3.12/site-packages/airflow/example_dags/example_latest_only.py for tasks to queue
[2026-07-31T11:27:34.872+0000] {logging_mixin.py:188} INFO - [2026-07-31T11:27:34.866+0000] {dagbag.py:545} INFO - Filling up the DagBag from /home/airflow/.local/lib/python3.12/site-packages/airflow/example_dags/example_latest_only.py
[2026-07-31T11:27:34.897+0000] {processor.py:840} INFO - DAG(s) 'latest_only' retrieved from /home/airflow/.local/lib/python3.12/site-packages/airflow/example_dags/example_latest_only.py
[2026-07-31T11:27:34.954+0000] {logging_mixin.py:188} INFO - [2026-07-31T11:27:34.953+0000] {dag.py:3089} INFO - Sync 1 DAGs
[2026-07-31T11:27:35.028+0000] {logging_mixin.py:188} INFO - [2026-07-31T11:27:35.027+0000] {dag.py:3947} INFO - Setting next_dagrun for latest_only to 2026-07-31 04:00:00+00:00, run_after=2026-07-31 08:00:00+00:00
[2026-07-31T11:27:35.101+0000] {processor.py:183} INFO - Processing /home/airflow/.local/lib/python3.12/site-packages/airflow/example_dags/example_latest_only.py took 0.273 seconds
[2026-07-31T11:28:05.343+0000] {processor.py:161} INFO - Started process (PID=3195) to work on /home/airflow/.local/lib/python3.12/site-packages/airflow/example_dags/example_latest_only.py
[2026-07-31T11:28:05.345+0000] {processor.py:830} INFO - Processing file /home/airflow/.local/lib/python3.12/site-packages/airflow/example_dags/example_latest_only.py for tasks to queue
[2026-07-31T11:28:05.351+0000] {logging_mixin.py:188} INFO - [2026-07-31T11:28:05.350+0000] {dagbag.py:545} INFO - Filling up the DagBag from /home/airflow/.local/lib/python3.12/site-packages/airflow/example_dags/example_latest_only.py
[2026-07-31T11:28:05.363+0000] {processor.py:840} INFO - DAG(s) 'latest_only' retrieved from /home/airflow/.local/lib/python3.12/site-packages/airflow/example_dags/example_latest_only.py
[2026-07-31T11:28:05.408+0000] {logging_mixin.py:188} INFO - [2026-07-31T11:28:05.408+0000] {dag.py:3089} INFO - Sync 1 DAGs
[2026-07-31T11:28:05.461+0000] {logging_mixin.py:188} INFO - [2026-07-31T11:28:05.461+0000] {dag.py:3947} INFO - Setting next_dagrun for latest_only to 2026-07-31 04:00:00+00:00, run_after=2026-07-31 08:00:00+00:00
[2026-07-31T11:28:05.508+0000] {processor.py:183} INFO - Processing /home/airflow/.local/lib/python3.12/site-packages/airflow/example_dags/example_latest_only.py took 0.185 seconds
[2026-07-31T11:28:35.962+0000] {processor.py:161} INFO - Started process (PID=3253) to work on /home/airflow/.local/lib/python3.12/site-packages/airflow/example_dags/example_latest_only.py
[2026-07-31T11:28:35.965+0000] {processor.py:830} INFO - Processing file /home/airflow/.local/lib/python3.12/site-packages/airflow/example_dags/example_latest_only.py for tasks to queue
[2026-07-31T11:28:35.971+0000] {logging_mixin.py:188} INFO - [2026-07-31T11:28:35.970+0000] {dagbag.py:545} INFO - Filling up the DagBag from /home/airflow/.local/lib/python3.12/site-packages/airflow/example_dags/example_latest_only.py
[2026-07-31T11:28:35.985+0000] {processor.py:840} INFO - DAG(s) 'latest_only' retrieved from /home/airflow/.local/lib/python3.12/site-packages/airflow/example_dags/example_latest_only.py
[2026-07-31T11:28:36.036+0000] {logging_mixin.py:188} INFO - [2026-07-31T11:28:36.035+0000] {dag.py:3089} INFO - Sync 1 DAGs
[2026-07-31T11:28:36.096+0000] {logging_mixin.py:188} INFO - [2026-07-31T11:28:36.095+0000] {dag.py:3947} INFO - Setting next_dagrun for latest_only to 2026-07-31 04:00:00+00:00, run_after=2026-07-31 08:00:00+00:00
[2026-07-31T11:28:36.140+0000] {processor.py:183} INFO - Processing /home/airflow/.local/lib/python3.12/site-packages/airflow/example_dags/example_latest_only.py took 0.197 seconds
[2026-07-31T11:29:06.844+0000] {processor.py:161} INFO - Started process (PID=3311) to work on /home/airflow/.local/lib/python3.12/site-packages/airflow/example_dags/example_latest_only.py
[2026-07-31T11:29:06.849+0000] {processor.py:830} INFO - Processing file /home/airflow/.local/lib/python3.12/site-packages/airflow/example_dags/example_latest_only.py for tasks to queue
[2026-07-31T11:29:06.866+0000] {logging_mixin.py:188} INFO - [2026-07-31T11:29:06.855+0000] {dagbag.py:545} INFO - Filling up the DagBag from /home/airflow/.local/lib/python3.12/site-packages/airflow/example_dags/example_latest_only.py
[2026-07-31T11:29:06.893+0000] {processor.py:840} INFO - DAG(s) 'latest_only' retrieved from /home/airflow/.local/lib/python3.12/site-packages/airflow/example_dags/example_latest_only.py
[2026-07-31T11:29:07.031+0000] {logging_mixin.py:188} INFO - [2026-07-31T11:29:07.030+0000] {dag.py:3089} INFO - Sync 1 DAGs
[2026-07-31T11:29:07.240+0000] {logging_mixin.py:188} INFO - [2026-07-31T11:29:07.239+0000] {dag.py:3947} INFO - Setting next_dagrun for latest_only to 2026-07-31 04:00:00+00:00, run_after=2026-07-31 08:00:00+00:00
[2026-07-31T11:29:07.344+0000] {processor.py:183} INFO - Processing /home/airflow/.local/lib/python3.12/site-packages/airflow/example_dags/example_latest_only.py took 0.532 seconds
[2026-07-31T11:30:12.703+0000] {processor.py:161} INFO - Started process (PID=3394) to work on /home/airflow/.local/lib/python3.12/site-packages/airflow/example_dags/example_latest_only.py
[2026-07-31T11:30:12.709+0000] {processor.py:830} INFO - Processing file /home/airflow/.local/lib/python3.12/site-packages/airflow/example_dags/example_latest_only.py for tasks to queue
[2026-07-31T11:30:12.729+0000] {logging_mixin.py:188} INFO - [2026-07-31T11:30:12.727+0000] {dagbag.py:545} INFO - Filling up the DagBag from /home/airflow/.local/lib/python3.12/site-packages/airflow/example_dags/example_latest_only.py
[2026-07-31T11:30:12.769+0000] {processor.py:840} INFO - DAG(s) 'latest_only' retrieved from /home/airflow/.local/lib/python3.12/site-packages/airflow/example_dags/example_latest_only.py
[2026-07-31T11:30:12.890+0000] {logging_mixin.py:188} INFO - [2026-07-31T11:30:12.889+0000] {dag.py:3089} INFO - Sync 1 DAGs
[2026-07-31T11:30:13.115+0000] {logging_mixin.py:188} INFO - [2026-07-31T11:30:13.114+0000] {dag.py:3947} INFO - Setting next_dagrun for latest_only to 2026-07-31 04:00:00+00:00, run_after=2026-07-31 08:00:00+00:00
[2026-07-31T11:30:13.350+0000] {processor.py:183} INFO - Processing /home/airflow/.local/lib/python3.12/site-packages/airflow/example_dags/example_latest_only.py took 0.720 seconds
[2026-07-31T11:30:44.472+0000] {processor.py:161} INFO - Started process (PID=3452) to work on /home/airflow/.local/lib/python3.12/site-packages/airflow/example_dags/example_latest_only.py
[2026-07-31T11:30:44.490+0000] {processor.py:830} INFO - Processing file /home/airflow/.local/lib/python3.12/site-packages/airflow/example_dags/example_latest_only.py for tasks to queue
[2026-07-31T11:30:44.525+0000] {logging_mixin.py:188} INFO - [2026-07-31T11:30:44.524+0000] {dagbag.py:545} INFO - Filling up the DagBag from /home/airflow/.local/lib/python3.12/site-packages/airflow/example_dags/example_latest_only.py
[2026-07-31T11:30:44.577+0000] {processor.py:840} INFO - DAG(s) 'latest_only' retrieved from /home/airflow/.local/lib/python3.12/site-packages/airflow/example_dags/example_latest_only.py
[2026-07-31T11:30:44.775+0000] {logging_mixin.py:188} INFO - [2026-07-31T11:30:44.774+0000] {dag.py:3089} INFO - Sync 1 DAGs
[2026-07-31T11:30:45.084+0000] {logging_mixin.py:188} INFO - [2026-07-31T11:30:45.082+0000] {dag.py:3947} INFO - Setting next_dagrun for latest_only to 2026-07-31 04:00:00+00:00, run_after=2026-07-31 08:00:00+00:00
[2026-07-31T11:30:45.315+0000] {processor.py:183} INFO - Processing /home/airflow/.local/lib/python3.12/site-packages/airflow/example_dags/example_latest_only.py took 0.889 seconds
[2026-07-31T11:31:15.736+0000] {processor.py:161} INFO - Started process (PID=3509) to work on /home/airflow/.local/lib/python3.12/site-packages/airflow/example_dags/example_latest_only.py
[2026-07-31T11:31:15.739+0000] {processor.py:830} INFO - Processing file /home/airflow/.local/lib/python3.12/site-packages/airflow/example_dags/example_latest_only.py for tasks to queue
[2026-07-31T11:31:15.745+0000] {logging_mixin.py:188} INFO - [2026-07-31T11:31:15.744+0000] {dagbag.py:545} INFO - Filling up the DagBag from /home/airflow/.local/lib/python3.12/site-packages/airflow/example_dags/example_latest_only.py
[2026-07-31T11:31:15.759+0000] {processor.py:840} INFO - DAG(s) 'latest_only' retrieved from /home/airflow/.local/lib/python3.12/site-packages/airflow/example_dags/example_latest_only.py
[2026-07-31T11:31:15.811+0000] {logging_mixin.py:188} INFO - [2026-07-31T11:31:15.810+0000] {dag.py:3089} INFO - Sync 1 DAGs
[2026-07-31T11:31:15.869+0000] {logging_mixin.py:188} INFO - [2026-07-31T11:31:15.869+0000] {dag.py:3947} INFO - Setting next_dagrun for latest_only to 2026-07-31 04:00:00+00:00, run_after=2026-07-31 08:00:00+00:00
[2026-07-31T11:31:15.933+0000] {processor.py:183} INFO - Processing /home/airflow/.local/lib/python3.12/site-packages/airflow/example_dags/example_latest_only.py took 0.218 seconds
[2026-07-31T11:31:46.200+0000] {processor.py:161} INFO - Started process (PID=3567) to work on /home/airflow/.local/lib/python3.12/site-packages/airflow/example_dags/example_latest_only.py
[2026-07-31T11:31:46.204+0000] {processor.py:830} INFO - Processing file /home/airflow/.local/lib/python3.12/site-packages/airflow/example_dags/example_latest_only.py for tasks to queue
[2026-07-31T11:31:46.210+0000] {logging_mixin.py:188} INFO - [2026-07-31T11:31:46.209+0000] {dagbag.py:545} INFO - Filling up the DagBag from /home/airflow/.local/lib/python3.12/site-packages/airflow/example_dags/example_latest_only.py
[2026-07-31T11:31:46.228+0000] {processor.py:840} INFO - DAG(s) 'latest_only' retrieved from /home/airflow/.local/lib/python3.12/site-packages/airflow/example_dags/example_latest_only.py
[2026-07-31T11:31:46.307+0000] {logging_mixin.py:188} INFO - [2026-07-31T11:31:46.306+0000] {dag.py:3089} INFO - Sync 1 DAGs
[2026-07-31T11:31:46.396+0000] {logging_mixin.py:188} INFO - [2026-07-31T11:31:46.395+0000] {dag.py:3947} INFO - Setting next_dagrun for latest_only to 2026-07-31 04:00:00+00:00, run_after=2026-07-31 08:00:00+00:00
[2026-07-31T11:31:46.447+0000] {processor.py:183} INFO - Processing /home/airflow/.local/lib/python3.12/site-packages/airflow/example_dags/example_latest_only.py took 0.273 seconds
[2026-07-31T11:32:16.901+0000] {processor.py:161} INFO - Started process (PID=3625) to work on /home/airflow/.local/lib/python3.12/site-packages/airflow/example_dags/example_latest_only.py
[2026-07-31T11:32:16.908+0000] {processor.py:830} INFO - Processing file /home/airflow/.local/lib/python3.12/site-packages/airflow/example_dags/example_latest_only.py for tasks to queue
[2026-07-31T11:32:16.916+0000] {logging_mixin.py:188} INFO - [2026-07-31T11:32:16.914+0000] {dagbag.py:545} INFO - Filling up the DagBag from /home/airflow/.local/lib/python3.12/site-packages/airflow/example_dags/example_latest_only.py
[2026-07-31T11:32:16.930+0000] {processor.py:840} INFO - DAG(s) 'latest_only' retrieved from /home/airflow/.local/lib/python3.12/site-packages/airflow/example_dags/example_latest_only.py
[2026-07-31T11:32:16.993+0000] {logging_mixin.py:188} INFO - [2026-07-31T11:32:16.992+0000] {dag.py:3089} INFO - Sync 1 DAGs
[2026-07-31T11:32:17.053+0000] {logging_mixin.py:188} INFO - [2026-07-31T11:32:17.053+0000] {dag.py:3947} INFO - Setting next_dagrun for latest_only to 2026-07-31 04:00:00+00:00, run_after=2026-07-31 08:00:00+00:00
[2026-07-31T11:32:17.109+0000] {processor.py:183} INFO - Processing /home/airflow/.local/lib/python3.12/site-packages/airflow/example_dags/example_latest_only.py took 0.228 seconds
[2026-07-31T11:33:06.936+0000] {processor.py:161} INFO - Started process (PID=3689) to work on /home/airflow/.local/lib/python3.12/site-packages/airflow/example_dags/example_latest_only.py
[2026-07-31T11:33:06.946+0000] {processor.py:830} INFO - Processing file /home/airflow/.local/lib/python3.12/site-packages/airflow/example_dags/example_latest_only.py for tasks to queue
[2026-07-31T11:33:06.975+0000] {logging_mixin.py:188} INFO - [2026-07-31T11:33:06.962+0000] {dagbag.py:545} INFO - Filling up the DagBag from /home/airflow/.local/lib/python3.12/site-packages/airflow/example_dags/example_latest_only.py
[2026-07-31T11:33:07.029+0000] {processor.py:840} INFO - DAG(s) 'latest_only' retrieved from /home/airflow/.local/lib/python3.12/site-packages/airflow/example_dags/example_latest_only.py
[2026-07-31T11:33:07.230+0000] {logging_mixin.py:188} INFO - [2026-07-31T11:33:07.229+0000] {dag.py:3089} INFO - Sync 1 DAGs
[2026-07-31T11:33:08.106+0000] {logging_mixin.py:188} INFO - [2026-07-31T11:33:08.105+0000] {dag.py:3947} INFO - Setting next_dagrun for latest_only to 2026-07-31 04:00:00+00:00, run_after=2026-07-31 08:00:00+00:00
[2026-07-31T11:33:08.270+0000] {processor.py:183} INFO - Processing /home/airflow/.local/lib/python3.12/site-packages/airflow/example_dags/example_latest_only.py took 0.943 seconds
[2026-07-31T11:34:37.778+0000] {processor.py:161} INFO - Started process (PID=3770) to work on /home/airflow/.local/lib/python3.12/site-packages/airflow/example_dags/example_latest_only.py
[2026-07-31T11:34:37.780+0000] {processor.py:830} INFO - Processing file /home/airflow/.local/lib/python3.12/site-packages/airflow/example_dags/example_latest_only.py for tasks to queue
[2026-07-31T11:34:37.785+0000] {logging_mixin.py:188} INFO - [2026-07-31T11:34:37.784+0000] {dagbag.py:545} INFO - Filling up the DagBag from /home/airflow/.local/lib/python3.12/site-packages/airflow/example_dags/example_latest_only.py
[2026-07-31T11:34:37.795+0000] {processor.py:840} INFO - DAG(s) 'latest_only' retrieved from /home/airflow/.local/lib/python3.12/site-packages/airflow/example_dags/example_latest_only.py
[2026-07-31T11:34:37.851+0000] {logging_mixin.py:188} INFO - [2026-07-31T11:34:37.850+0000] {dag.py:3089} INFO - Sync 1 DAGs
[2026-07-31T11:34:37.931+0000] {logging_mixin.py:188} INFO - [2026-07-31T11:34:37.931+0000] {dag.py:3947} INFO - Setting next_dagrun for latest_only to 2026-07-31 04:00:00+00:00, run_after=2026-07-31 08:00:00+00:00
[2026-07-31T11:34:37.989+0000] {processor.py:183} INFO - Processing /home/airflow/.local/lib/python3.12/site-packages/airflow/example_dags/example_latest_only.py took 0.224 seconds
[2026-07-31T11:35:08.775+0000] {processor.py:161} INFO - Started process (PID=3829) to work on /home/airflow/.local/lib/python3.12/site-packages/airflow/example_dags/example_latest_only.py
[2026-07-31T11:35:08.779+0000] {processor.py:830} INFO - Processing file /home/airflow/.local/lib/python3.12/site-packages/airflow/example_dags/example_latest_only.py for tasks to queue
[2026-07-31T11:35:08.784+0000] {logging_mixin.py:188} INFO - [2026-07-31T11:35:08.783+0000] {dagbag.py:545} INFO - Filling up the DagBag from /home/airflow/.local/lib/python3.12/site-packages/airflow/example_dags/example_latest_only.py
[2026-07-31T11:35:08.804+0000] {processor.py:840} INFO - DAG(s) 'latest_only' retrieved from /home/airflow/.local/lib/python3.12/site-packages/airflow/example_dags/example_latest_only.py
[2026-07-31T11:35:08.852+0000] {logging_mixin.py:188} INFO - [2026-07-31T11:35:08.852+0000] {dag.py:3089} INFO - Sync 1 DAGs
[2026-07-31T11:35:08.917+0000] {logging_mixin.py:188} INFO - [2026-07-31T11:35:08.917+0000] {dag.py:3947} INFO - Setting next_dagrun for latest_only to 2026-07-31 04:00:00+00:00, run_after=2026-07-31 08:00:00+00:00
[2026-07-31T11:35:08.977+0000] {processor.py:183} INFO - Processing /home/airflow/.local/lib/python3.12/site-packages/airflow/example_dags/example_latest_only.py took 0.223 seconds
[2026-07-31T11:35:40.354+0000] {processor.py:161} INFO - Started process (PID=3894) to work on /home/airflow/.local/lib/python3.12/site-packages/airflow/example_dags/example_latest_only.py
[2026-07-31T11:35:40.358+0000] {processor.py:830} INFO - Processing file /home/airflow/.local/lib/python3.12/site-packages/airflow/example_dags/example_latest_only.py for tasks to queue
[2026-07-31T11:35:40.365+0000] {logging_mixin.py:188} INFO - [2026-07-31T11:35:40.364+0000] {dagbag.py:545} INFO - Filling up the DagBag from /home/airflow/.local/lib/python3.12/site-packages/airflow/example_dags/example_latest_only.py
[2026-07-31T11:35:40.381+0000] {processor.py:840} INFO - DAG(s) 'latest_only' retrieved from /home/airflow/.local/lib/python3.12/site-packages/airflow/example_dags/example_latest_only.py
[2026-07-31T11:35:40.454+0000] {logging_mixin.py:188} INFO - [2026-07-31T11:35:40.454+0000] {dag.py:3089} INFO - Sync 1 DAGs
[2026-07-31T11:35:40.514+0000] {logging_mixin.py:188} INFO - [2026-07-31T11:35:40.514+0000] {dag.py:3947} INFO - Setting next_dagrun for latest_only to 2026-07-31 04:00:00+00:00, run_after=2026-07-31 08:00:00+00:00
[2026-07-31T11:35:40.559+0000] {processor.py:183} INFO - Processing /home/airflow/.local/lib/python3.12/site-packages/airflow/example_dags/example_latest_only.py took 0.294 seconds
[2026-07-31T11:36:11.063+0000] {processor.py:161} INFO - Started process (PID=3952) to work on /home/airflow/.local/lib/python3.12/site-packages/airflow/example_dags/example_latest_only.py
[2026-07-31T11:36:11.065+0000] {processor.py:830} INFO - Processing file /home/airflow/.local/lib/python3.12/site-packages/airflow/example_dags/example_latest_only.py for tasks to queue
[2026-07-31T11:36:11.070+0000] {logging_mixin.py:188} INFO - [2026-07-31T11:36:11.069+0000] {dagbag.py:545} INFO - Filling up the DagBag from /home/airflow/.local/lib/python3.12/site-packages/airflow/example_dags/example_latest_only.py
[2026-07-31T11:36:11.080+0000] {processor.py:840} INFO - DAG(s) 'latest_only' retrieved from /home/airflow/.local/lib/python3.12/site-packages/airflow/example_dags/example_latest_only.py
[2026-07-31T11:36:11.114+0000] {logging_mixin.py:188} INFO - [2026-07-31T11:36:11.114+0000] {dag.py:3089} INFO - Sync 1 DAGs
[2026-07-31T11:36:11.159+0000] {logging_mixin.py:188} INFO - [2026-07-31T11:36:11.158+0000] {dag.py:3947} INFO - Setting next_dagrun for latest_only to 2026-07-31 04:00:00+00:00, run_after=2026-07-31 08:00:00+00:00
[2026-07-31T11:36:11.199+0000] {processor.py:183} INFO - Processing /home/airflow/.local/lib/python3.12/site-packages/airflow/example_dags/example_latest_only.py took 0.148 seconds
[2026-07-31T11:36:44.793+0000] {processor.py:161} INFO - Started process (PID=4013) to work on /home/airflow/.local/lib/python3.12/site-packages/airflow/example_dags/example_latest_only.py
[2026-07-31T11:36:44.795+0000] {processor.py:830} INFO - Processing file /home/airflow/.local/lib/python3.12/site-packages/airflow/example_dags/example_latest_only.py for tasks to queue
[2026-07-31T11:36:44.803+0000] {logging_mixin.py:188} INFO - [2026-07-31T11:36:44.803+0000] {dagbag.py:545} INFO - Filling up the DagBag from /home/airflow/.local/lib/python3.12/site-packages/airflow/example_dags/example_latest_only.py
[2026-07-31T11:36:44.815+0000] {processor.py:840} INFO - DAG(s) 'latest_only' retrieved from /home/airflow/.local/lib/python3.12/site-packages/airflow/example_dags/example_latest_only.py
[2026-07-31T11:36:44.881+0000] {logging_mixin.py:188} INFO - [2026-07-31T11:36:44.880+0000] {dag.py:3089} INFO - Sync 1 DAGs
[2026-07-31T11:36:44.983+0000] {logging_mixin.py:188} INFO - [2026-07-31T11:36:44.980+0000] {dag.py:3947} INFO - Setting next_dagrun for latest_only to 2026-07-31 04:00:00+00:00, run_after=2026-07-31 08:00:00+00:00
[2026-07-31T11:36:45.065+0000] {processor.py:183} INFO - Processing /home/airflow/.local/lib/python3.12/site-packages/airflow/example_dags/example_latest_only.py took 0.283 seconds
[2026-07-31T11:37:15.680+0000] {processor.py:161} INFO - Started process (PID=4070) to work on /home/airflow/.local/lib/python3.12/site-packages/airflow/example_dags/example_latest_only.py
[2026-07-31T11:37:15.683+0000] {processor.py:830} INFO - Processing file /home/airflow/.local/lib/python3.12/site-packages/airflow/example_dags/example_latest_only.py for tasks to queue
[2026-07-31T11:37:15.688+0000] {logging_mixin.py:188} INFO - [2026-07-31T11:37:15.687+0000] {dagbag.py:545} INFO - Filling up the DagBag from /home/airflow/.local/lib/python3.12/site-packages/airflow/example_dags/example_latest_only.py
[2026-07-31T11:37:15.705+0000] {processor.py:840} INFO - DAG(s) 'latest_only' retrieved from /home/airflow/.local/lib/python3.12/site-packages/airflow/example_dags/example_latest_only.py
[2026-07-31T11:37:15.761+0000] {logging_mixin.py:188} INFO - [2026-07-31T11:37:15.760+0000] {dag.py:3089} INFO - Sync 1 DAGs
[2026-07-31T11:37:15.833+0000] {logging_mixin.py:188} INFO - [2026-07-31T11:37:15.832+0000] {dag.py:3947} INFO - Setting next_dagrun for latest_only to 2026-07-31 04:00:00+00:00, run_after=2026-07-31 08:00:00+00:00
[2026-07-31T11:37:15.893+0000] {processor.py:183} INFO - Processing /home/airflow/.local/lib/python3.12/site-packages/airflow/example_dags/example_latest_only.py took 0.233 seconds
[2026-07-31T11:37:47.531+0000] {processor.py:161} INFO - Started process (PID=4130) to work on /home/airflow/.local/lib/python3.12/site-packages/airflow/example_dags/example_latest_only.py
[2026-07-31T11:37:47.534+0000] {processor.py:830} INFO - Processing file /home/airflow/.local/lib/python3.12/site-packages/airflow/example_dags/example_latest_only.py for tasks to queue
[2026-07-31T11:37:47.542+0000] {logging_mixin.py:188} INFO - [2026-07-31T11:37:47.540+0000] {dagbag.py:545} INFO - Filling up the DagBag from /home/airflow/.local/lib/python3.12/site-packages/airflow/example_dags/example_latest_only.py
[2026-07-31T11:37:47.555+0000] {processor.py:840} INFO - DAG(s) 'latest_only' retrieved from /home/airflow/.local/lib/python3.12/site-packages/airflow/example_dags/example_latest_only.py
[2026-07-31T11:37:47.607+0000] {logging_mixin.py:188} INFO - [2026-07-31T11:37:47.607+0000] {dag.py:3089} INFO - Sync 1 DAGs
[2026-07-31T11:37:47.660+0000] {logging_mixin.py:188} INFO - [2026-07-31T11:37:47.659+0000] {dag.py:3947} INFO - Setting next_dagrun for latest_only to 2026-07-31 04:00:00+00:00, run_after=2026-07-31 08:00:00+00:00
[2026-07-31T11:37:47.704+0000] {processor.py:183} INFO - Processing /home/airflow/.local/lib/python3.12/site-packages/airflow/example_dags/example_latest_only.py took 0.190 seconds
[2026-07-31T11:38:20.630+0000] {processor.py:161} INFO - Started process (PID=4188) to work on /home/airflow/.local/lib/python3.12/site-packages/airflow/example_dags/example_latest_only.py
[2026-07-31T11:38:20.633+0000] {processor.py:830} INFO - Processing file /home/airflow/.local/lib/python3.12/site-packages/airflow/example_dags/example_latest_only.py for tasks to queue
[2026-07-31T11:38:20.640+0000] {logging_mixin.py:188} INFO - [2026-07-31T11:38:20.638+0000] {dagbag.py:545} INFO - Filling up the DagBag from /home/airflow/.local/lib/python3.12/site-packages/airflow/example_dags/example_latest_only.py
[2026-07-31T11:38:20.654+0000] {processor.py:840} INFO - DAG(s) 'latest_only' retrieved from /home/airflow/.local/lib/python3.12/site-packages/airflow/example_dags/example_latest_only.py
[2026-07-31T11:38:20.723+0000] {logging_mixin.py:188} INFO - [2026-07-31T11:38:20.722+0000] {dag.py:3089} INFO - Sync 1 DAGs
[2026-07-31T11:38:20.843+0000] {logging_mixin.py:188} INFO - [2026-07-31T11:38:20.842+0000] {dag.py:3947} INFO - Setting next_dagrun for latest_only to 2026-07-31 04:00:00+00:00, run_after=2026-07-31 08:00:00+00:00
[2026-07-31T11:38:20.935+0000] {processor.py:183} INFO - Processing /home/airflow/.local/lib/python3.12/site-packages/airflow/example_dags/example_latest_only.py took 0.326 seconds
[2026-07-31T11:38:51.187+0000] {processor.py:161} INFO - Started process (PID=4244) to work on /home/airflow/.local/lib/python3.12/site-packages/airflow/example_dags/example_latest_only.py
[2026-07-31T11:38:51.190+0000] {processor.py:830} INFO - Processing file /home/airflow/.local/lib/python3.12/site-packages/airflow/example_dags/example_latest_only.py for tasks to queue
[2026-07-31T11:38:51.195+0000] {logging_mixin.py:188} INFO - [2026-07-31T11:38:51.194+0000] {dagbag.py:545} INFO - Filling up the DagBag from /home/airflow/.local/lib/python3.12/site-packages/airflow/example_dags/example_latest_only.py
[2026-07-31T11:38:51.205+0000] {processor.py:840} INFO - DAG(s) 'latest_only' retrieved from /home/airflow/.local/lib/python3.12/site-packages/airflow/example_dags/example_latest_only.py
[2026-07-31T11:38:51.250+0000] {logging_mixin.py:188} INFO - [2026-07-31T11:38:51.250+0000] {dag.py:3089} INFO - Sync 1 DAGs
[2026-07-31T11:38:51.304+0000] {logging_mixin.py:188} INFO - [2026-07-31T11:38:51.303+0000] {dag.py:3947} INFO - Setting next_dagrun for latest_only to 2026-07-31 04:00:00+00:00, run_after=2026-07-31 08:00:00+00:00
[2026-07-31T11:38:51.351+0000] {processor.py:183} INFO - Processing /home/airflow/.local/lib/python3.12/site-packages/airflow/example_dags/example_latest_only.py took 0.181 seconds
[2026-07-31T11:39:21.405+0000] {processor.py:161} INFO - Started process (PID=4301) to work on /home/airflow/.local/lib/python3.12/site-packages/airflow/example_dags/example_latest_only.py
[2026-07-31T11:39:21.406+0000] {processor.py:830} INFO - Processing file /home/airflow/.local/lib/python3.12/site-packages/airflow/example_dags/example_latest_only.py for tasks to queue
[2026-07-31T11:39:21.409+0000] {logging_mixin.py:188} INFO - [2026-07-31T11:39:21.409+0000] {dagbag.py:545} INFO - Filling up the DagBag from /home/airflow/.local/lib/python3.12/site-packages/airflow/example_dags/example_latest_only.py
[2026-07-31T11:39:21.416+0000] {processor.py:840} INFO - DAG(s) 'latest_only' retrieved from /home/airflow/.local/lib/python3.12/site-packages/airflow/example_dags/example_latest_only.py
[2026-07-31T11:39:21.443+0000] {logging_mixin.py:188} INFO - [2026-07-31T11:39:21.443+0000] {dag.py:3089} INFO - Sync 1 DAGs
[2026-07-31T11:39:21.475+0000] {logging_mixin.py:188} INFO - [2026-07-31T11:39:21.474+0000] {dag.py:3947} INFO - Setting next_dagrun for latest_only to 2026-07-31 04:00:00+00:00, run_after=2026-07-31 08:00:00+00:00
[2026-07-31T11:39:21.505+0000] {processor.py:183} INFO - Processing /home/airflow/.local/lib/python3.12/site-packages/airflow/example_dags/example_latest_only.py took 0.111 seconds
[2026-07-31T11:39:51.637+0000] {processor.py:161} INFO - Started process (PID=4359) to work on /home/airflow/.local/lib/python3.12/site-packages/airflow/example_dags/example_latest_only.py
[2026-07-31T11:39:51.640+0000] {processor.py:830} INFO - Processing file /home/airflow/.local/lib/python3.12/site-packages/airflow/example_dags/example_latest_only.py for tasks to queue
[2026-07-31T11:39:51.646+0000] {logging_mixin.py:188} INFO - [2026-07-31T11:39:51.645+0000] {dagbag.py:545} INFO - Filling up the DagBag from /home/airflow/.local/lib/python3.12/site-packages/airflow/example_dags/example_latest_only.py
[2026-07-31T11:39:51.656+0000] {processor.py:840} INFO - DAG(s) 'latest_only' retrieved from /home/airflow/.local/lib/python3.12/site-packages/airflow/example_dags/example_latest_only.py
[2026-07-31T11:39:51.701+0000] {logging_mixin.py:188} INFO - [2026-07-31T11:39:51.699+0000] {dag.py:3089} INFO - Sync 1 DAGs
[2026-07-31T11:39:51.754+0000] {logging_mixin.py:188} INFO - [2026-07-31T11:39:51.754+0000] {dag.py:3947} INFO - Setting next_dagrun for latest_only to 2026-07-31 04:00:00+00:00, run_after=2026-07-31 08:00:00+00:00
[2026-07-31T11:39:51.791+0000] {processor.py:183} INFO - Processing /home/airflow/.local/lib/python3.12/site-packages/airflow/example_dags/example_latest_only.py took 0.166 seconds
[2026-07-31T11:40:22.097+0000] {processor.py:161} INFO - Started process (PID=4417) to work on /home/airflow/.local/lib/python3.12/site-packages/airflow/example_dags/example_latest_only.py
[2026-07-31T11:40:22.099+0000] {processor.py:830} INFO - Processing file /home/airflow/.local/lib/python3.12/site-packages/airflow/example_dags/example_latest_only.py for tasks to queue
[2026-07-31T11:40:22.103+0000] {logging_mixin.py:188} INFO - [2026-07-31T11:40:22.102+0000] {dagbag.py:545} INFO - Filling up the DagBag from /home/airflow/.local/lib/python3.12/site-packages/airflow/example_dags/example_latest_only.py
[2026-07-31T11:40:22.113+0000] {processor.py:840} INFO - DAG(s) 'latest_only' retrieved from /home/airflow/.local/lib/python3.12/site-packages/airflow/example_dags/example_latest_only.py
[2026-07-31T11:40:22.158+0000] {logging_mixin.py:188} INFO - [2026-07-31T11:40:22.157+0000] {dag.py:3089} INFO - Sync 1 DAGs
[2026-07-31T11:40:22.203+0000] {logging_mixin.py:188} INFO - [2026-07-31T11:40:22.203+0000] {dag.py:3947} INFO - Setting next_dagrun for latest_only to 2026-07-31 04:00:00+00:00, run_after=2026-07-31 08:00:00+00:00
[2026-07-31T11:40:22.242+0000] {processor.py:183} INFO - Processing /home/airflow/.local/lib/python3.12/site-packages/airflow/example_dags/example_latest_only.py took 0.159 seconds
[2026-07-31T11:40:52.654+0000] {processor.py:161} INFO - Started process (PID=4475) to work on /home/airflow/.local/lib/python3.12/site-packages/airflow/example_dags/example_latest_only.py
[2026-07-31T11:40:52.656+0000] {processor.py:830} INFO - Processing file /home/airflow/.local/lib/python3.12/site-packages/airflow/example_dags/example_latest_only.py for tasks to queue
[2026-07-31T11:40:52.659+0000] {logging_mixin.py:188} INFO - [2026-07-31T11:40:52.659+0000] {dagbag.py:545} INFO - Filling up the DagBag from /home/airflow/.local/lib/python3.12/site-packages/airflow/example_dags/example_latest_only.py
[2026-07-31T11:40:52.667+0000] {processor.py:840} INFO - DAG(s) 'latest_only' retrieved from /home/airflow/.local/lib/python3.12/site-packages/airflow/example_dags/example_latest_only.py
[2026-07-31T11:40:52.695+0000] {logging_mixin.py:188} INFO - [2026-07-31T11:40:52.695+0000] {dag.py:3089} INFO - Sync 1 DAGs
[2026-07-31T11:40:52.729+0000] {logging_mixin.py:188} INFO - [2026-07-31T11:40:52.729+0000] {dag.py:3947} INFO - Setting next_dagrun for latest_only to 2026-07-31 04:00:00+00:00, run_after=2026-07-31 08:00:00+00:00
[2026-07-31T11:40:52.811+0000] {processor.py:183} INFO - Processing /home/airflow/.local/lib/python3.12/site-packages/airflow/example_dags/example_latest_only.py took 0.165 seconds
[2026-07-31T11:41:23.047+0000] {processor.py:161} INFO - Started process (PID=4533) to work on /home/airflow/.local/lib/python3.12/site-packages/airflow/example_dags/example_latest_only.py
[2026-07-31T11:41:23.049+0000] {processor.py:830} INFO - Processing file /home/airflow/.local/lib/python3.12/site-packages/airflow/example_dags/example_latest_only.py for tasks to queue
[2026-07-31T11:41:23.054+0000] {logging_mixin.py:188} INFO - [2026-07-31T11:41:23.053+0000] {dagbag.py:545} INFO - Filling up the DagBag from /home/airflow/.local/lib/python3.12/site-packages/airflow/example_dags/example_latest_only.py
[2026-07-31T11:41:23.061+0000] {processor.py:840} INFO - DAG(s) 'latest_only' retrieved from /home/airflow/.local/lib/python3.12/site-packages/airflow/example_dags/example_latest_only.py
[2026-07-31T11:41:23.089+0000] {logging_mixin.py:188} INFO - [2026-07-31T11:41:23.088+0000] {dag.py:3089} INFO - Sync 1 DAGs
[2026-07-31T11:41:23.117+0000] {logging_mixin.py:188} INFO - [2026-07-31T11:41:23.116+0000] {dag.py:3947} INFO - Setting next_dagrun for latest_only to 2026-07-31 04:00:00+00:00, run_after=2026-07-31 08:00:00+00:00
[2026-07-31T11:41:23.142+0000] {processor.py:183} INFO - Processing /home/airflow/.local/lib/python3.12/site-packages/airflow/example_dags/example_latest_only.py took 0.105 seconds
[2026-07-31T11:41:53.893+0000] {processor.py:161} INFO - Started process (PID=4591) to work on /home/airflow/.local/lib/python3.12/site-packages/airflow/example_dags/example_latest_only.py
[2026-07-31T11:41:53.896+0000] {processor.py:830} INFO - Processing file /home/airflow/.local/lib/python3.12/site-packages/airflow/example_dags/example_latest_only.py for tasks to queue
[2026-07-31T11:41:53.903+0000] {logging_mixin.py:188} INFO - [2026-07-31T11:41:53.902+0000] {dagbag.py:545} INFO - Filling up the DagBag from /home/airflow/.local/lib/python3.12/site-packages/airflow/example_dags/example_latest_only.py
[2026-07-31T11:41:53.921+0000] {processor.py:840} INFO - DAG(s) 'latest_only' retrieved from /home/airflow/.local/lib/python3.12/site-packages/airflow/example_dags/example_latest_only.py
[2026-07-31T11:41:53.988+0000] {logging_mixin.py:188} INFO - [2026-07-31T11:41:53.987+0000] {dag.py:3089} INFO - Sync 1 DAGs
[2026-07-31T11:41:54.121+0000] {logging_mixin.py:188} INFO - [2026-07-31T11:41:54.111+0000] {dag.py:3947} INFO - Setting next_dagrun for latest_only to 2026-07-31 04:00:00+00:00, run_after=2026-07-31 08:00:00+00:00
[2026-07-31T11:41:54.173+0000] {processor.py:183} INFO - Processing /home/airflow/.local/lib/python3.12/site-packages/airflow/example_dags/example_latest_only.py took 0.299 seconds
[2026-07-31T11:42:24.939+0000] {processor.py:161} INFO - Started process (PID=4649) to work on /home/airflow/.local/lib/python3.12/site-packages/airflow/example_dags/example_latest_only.py
[2026-07-31T11:42:24.942+0000] {processor.py:830} INFO - Processing file /home/airflow/.local/lib/python3.12/site-packages/airflow/example_dags/example_latest_only.py for tasks to queue
[2026-07-31T11:42:24.952+0000] {logging_mixin.py:188} INFO - [2026-07-31T11:42:24.950+0000] {dagbag.py:545} INFO - Filling up the DagBag from /home/airflow/.local/lib/python3.12/site-packages/airflow/example_dags/example_latest_only.py
[2026-07-31T11:42:24.965+0000] {processor.py:840} INFO - DAG(s) 'latest_only' retrieved from /home/airflow/.local/lib/python3.12/site-packages/airflow/example_dags/example_latest_only.py
[2026-07-31T11:42:25.022+0000] {logging_mixin.py:188} INFO - [2026-07-31T11:42:25.021+0000] {dag.py:3089} INFO - Sync 1 DAGs
[2026-07-31T11:42:25.077+0000] {logging_mixin.py:188} INFO - [2026-07-31T11:42:25.076+0000] {dag.py:3947} INFO - Setting next_dagrun for latest_only to 2026-07-31 04:00:00+00:00, run_after=2026-07-31 08:00:00+00:00
[2026-07-31T11:42:25.115+0000] {processor.py:183} INFO - Processing /home/airflow/.local/lib/python3.12/site-packages/airflow/example_dags/example_latest_only.py took 0.195 seconds
[2026-07-31T11:42:55.895+0000] {processor.py:161} INFO - Started process (PID=4707) to work on /home/airflow/.local/lib/python3.12/site-packages/airflow/example_dags/example_latest_only.py
[2026-07-31T11:42:55.897+0000] {processor.py:830} INFO - Processing file /home/airflow/.local/lib/python3.12/site-packages/airflow/example_dags/example_latest_only.py for tasks to queue
[2026-07-31T11:42:55.900+0000] {logging_mixin.py:188} INFO - [2026-07-31T11:42:55.899+0000] {dagbag.py:545} INFO - Filling up the DagBag from /home/airflow/.local/lib/python3.12/site-packages/airflow/example_dags/example_latest_only.py
[2026-07-31T11:42:55.909+0000] {processor.py:840} INFO - DAG(s) 'latest_only' retrieved from /home/airflow/.local/lib/python3.12/site-packages/airflow/example_dags/example_latest_only.py
[2026-07-31T11:42:55.938+0000] {logging_mixin.py:188} INFO - [2026-07-31T11:42:55.938+0000] {dag.py:3089} INFO - Sync 1 DAGs
[2026-07-31T11:42:55.966+0000] {logging_mixin.py:188} INFO - [2026-07-31T11:42:55.966+0000] {dag.py:3947} INFO - Setting next_dagrun for latest_only to 2026-07-31 04:00:00+00:00, run_after=2026-07-31 08:00:00+00:00
[2026-07-31T11:42:55.993+0000] {processor.py:183} INFO - Processing /home/airflow/.local/lib/python3.12/site-packages/airflow/example_dags/example_latest_only.py took 0.107 seconds
[2026-07-31T11:43:26.384+0000] {processor.py:161} INFO - Started process (PID=4765) to work on /home/airflow/.local/lib/python3.12/site-packages/airflow/example_dags/example_latest_only.py
[2026-07-31T11:43:26.385+0000] {processor.py:830} INFO - Processing file /home/airflow/.local/lib/python3.12/site-packages/airflow/example_dags/example_latest_only.py for tasks to queue
[2026-07-31T11:43:26.388+0000] {logging_mixin.py:188} INFO - [2026-07-31T11:43:26.388+0000] {dagbag.py:545} INFO - Filling up the DagBag from /home/airflow/.local/lib/python3.12/site-packages/airflow/example_dags/example_latest_only.py
[2026-07-31T11:43:26.394+0000] {processor.py:840} INFO - DAG(s) 'latest_only' retrieved from /home/airflow/.local/lib/python3.12/site-packages/airflow/example_dags/example_latest_only.py
[2026-07-31T11:43:26.419+0000] {logging_mixin.py:188} INFO - [2026-07-31T11:43:26.419+0000] {dag.py:3089} INFO - Sync 1 DAGs
[2026-07-31T11:43:26.446+0000] {logging_mixin.py:188} INFO - [2026-07-31T11:43:26.446+0000] {dag.py:3947} INFO - Setting next_dagrun for latest_only to 2026-07-31 04:00:00+00:00, run_after=2026-07-31 08:00:00+00:00
[2026-07-31T11:43:26.471+0000] {processor.py:183} INFO - Processing /home/airflow/.local/lib/python3.12/site-packages/airflow/example_dags/example_latest_only.py took 0.095 seconds
[2026-07-31T11:43:56.606+0000] {processor.py:161} INFO - Started process (PID=4823) to work on /home/airflow/.local/lib/python3.12/site-packages/airflow/example_dags/example_latest_only.py
[2026-07-31T11:43:56.607+0000] {processor.py:830} INFO - Processing file /home/airflow/.local/lib/python3.12/site-packages/airflow/example_dags/example_latest_only.py for tasks to queue
[2026-07-31T11:43:56.609+0000] {logging_mixin.py:188} INFO - [2026-07-31T11:43:56.608+0000] {dagbag.py:545} INFO - Filling up the DagBag from /home/airflow/.local/lib/python3.12/site-packages/airflow/example_dags/example_latest_only.py
[2026-07-31T11:43:56.614+0000] {processor.py:840} INFO - DAG(s) 'latest_only' retrieved from /home/airflow/.local/lib/python3.12/site-packages/airflow/example_dags/example_latest_only.py
[2026-07-31T11:43:56.641+0000] {logging_mixin.py:188} INFO - [2026-07-31T11:43:56.640+0000] {dag.py:3089} INFO - Sync 1 DAGs
[2026-07-31T11:43:56.672+0000] {logging_mixin.py:188} INFO - [2026-07-31T11:43:56.672+0000] {dag.py:3947} INFO - Setting next_dagrun for latest_only to 2026-07-31 04:00:00+00:00, run_after=2026-07-31 08:00:00+00:00
[2026-07-31T11:43:56.702+0000] {processor.py:183} INFO - Processing /home/airflow/.local/lib/python3.12/site-packages/airflow/example_dags/example_latest_only.py took 0.103 seconds
[2026-07-31T11:44:27.107+0000] {processor.py:161} INFO - Started process (PID=4881) to work on /home/airflow/.local/lib/python3.12/site-packages/airflow/example_dags/example_latest_only.py
[2026-07-31T11:44:27.113+0000] {processor.py:830} INFO - Processing file /home/airflow/.local/lib/python3.12/site-packages/airflow/example_dags/example_latest_only.py for tasks to queue
[2026-07-31T11:44:27.118+0000] {logging_mixin.py:188} INFO - [2026-07-31T11:44:27.117+0000] {dagbag.py:545} INFO - Filling up the DagBag from /home/airflow/.local/lib/python3.12/site-packages/airflow/example_dags/example_latest_only.py
[2026-07-31T11:44:27.144+0000] {processor.py:840} INFO - DAG(s) 'latest_only' retrieved from /home/airflow/.local/lib/python3.12/site-packages/airflow/example_dags/example_latest_only.py
[2026-07-31T11:44:27.280+0000] {logging_mixin.py:188} INFO - [2026-07-31T11:44:27.279+0000] {dag.py:3089} INFO - Sync 1 DAGs
[2026-07-31T11:44:27.358+0000] {logging_mixin.py:188} INFO - [2026-07-31T11:44:27.357+0000] {dag.py:3947} INFO - Setting next_dagrun for latest_only to 2026-07-31 04:00:00+00:00, run_after=2026-07-31 08:00:00+00:00
[2026-07-31T11:44:27.424+0000] {processor.py:183} INFO - Processing /home/airflow/.local/lib/python3.12/site-packages/airflow/example_dags/example_latest_only.py took 0.329 seconds
[2026-07-31T11:44:57.672+0000] {processor.py:161} INFO - Started process (PID=4939) to work on /home/airflow/.local/lib/python3.12/site-packages/airflow/example_dags/example_latest_only.py
[2026-07-31T11:44:57.674+0000] {processor.py:830} INFO - Processing file /home/airflow/.local/lib/python3.12/site-packages/airflow/example_dags/example_latest_only.py for tasks to queue
[2026-07-31T11:44:57.677+0000] {logging_mixin.py:188} INFO - [2026-07-31T11:44:57.677+0000] {dagbag.py:545} INFO - Filling up the DagBag from /home/airflow/.local/lib/python3.12/site-packages/airflow/example_dags/example_latest_only.py
[2026-07-31T11:44:57.685+0000] {processor.py:840} INFO - DAG(s) 'latest_only' retrieved from /home/airflow/.local/lib/python3.12/site-packages/airflow/example_dags/example_latest_only.py
[2026-07-31T11:44:57.726+0000] {logging_mixin.py:188} INFO - [2026-07-31T11:44:57.725+0000] {dag.py:3089} INFO - Sync 1 DAGs
[2026-07-31T11:44:57.777+0000] {logging_mixin.py:188} INFO - [2026-07-31T11:44:57.776+0000] {dag.py:3947} INFO - Setting next_dagrun for latest_only to 2026-07-31 04:00:00+00:00, run_after=2026-07-31 08:00:00+00:00
[2026-07-31T11:44:57.826+0000] {processor.py:183} INFO - Processing /home/airflow/.local/lib/python3.12/site-packages/airflow/example_dags/example_latest_only.py took 0.166 seconds
[2026-07-31T11:45:28.227+0000] {processor.py:161} INFO - Started process (PID=4996) to work on /home/airflow/.local/lib/python3.12/site-packages/airflow/example_dags/example_latest_only.py
[2026-07-31T11:45:28.229+0000] {processor.py:830} INFO - Processing file /home/airflow/.local/lib/python3.12/site-packages/airflow/example_dags/example_latest_only.py for tasks to queue
[2026-07-31T11:45:28.231+0000] {logging_mixin.py:188} INFO - [2026-07-31T11:45:28.230+0000] {dagbag.py:545} INFO - Filling up the DagBag from /home/airflow/.local/lib/python3.12/site-packages/airflow/example_dags/example_latest_only.py
[2026-07-31T11:45:28.236+0000] {processor.py:840} INFO - DAG(s) 'latest_only' retrieved from /home/airflow/.local/lib/python3.12/site-packages/airflow/example_dags/example_latest_only.py
[2026-07-31T11:45:28.260+0000] {logging_mixin.py:188} INFO - [2026-07-31T11:45:28.260+0000] {dag.py:3089} INFO - Sync 1 DAGs
[2026-07-31T11:45:28.295+0000] {logging_mixin.py:188} INFO - [2026-07-31T11:45:28.295+0000] {dag.py:3947} INFO - Setting next_dagrun for latest_only to 2026-07-31 04:00:00+00:00, run_after=2026-07-31 08:00:00+00:00
[2026-07-31T11:45:28.327+0000] {processor.py:183} INFO - Processing /home/airflow/.local/lib/python3.12/site-packages/airflow/example_dags/example_latest_only.py took 0.107 seconds
[2026-07-31T11:45:58.526+0000] {processor.py:161} INFO - Started process (PID=5054) to work on /home/airflow/.local/lib/python3.12/site-packages/airflow/example_dags/example_latest_only.py
[2026-07-31T11:45:58.528+0000] {processor.py:830} INFO - Processing file /home/airflow/.local/lib/python3.12/site-packages/airflow/example_dags/example_latest_only.py for tasks to queue
[2026-07-31T11:45:58.531+0000] {logging_mixin.py:188} INFO - [2026-07-31T11:45:58.531+0000] {dagbag.py:545} INFO - Filling up the DagBag from /home/airflow/.local/lib/python3.12/site-packages/airflow/example_dags/example_latest_only.py
[2026-07-31T11:45:58.537+0000] {processor.py:840} INFO - DAG(s) 'latest_only' retrieved from /home/airflow/.local/lib/python3.12/site-packages/airflow/example_dags/example_latest_only.py
[2026-07-31T11:45:58.560+0000] {logging_mixin.py:188} INFO - [2026-07-31T11:45:58.560+0000] {dag.py:3089} INFO - Sync 1 DAGs
[2026-07-31T11:45:58.585+0000] {logging_mixin.py:188} INFO - [2026-07-31T11:45:58.585+0000] {dag.py:3947} INFO - Setting next_dagrun for latest_only to 2026-07-31 04:00:00+00:00, run_after=2026-07-31 08:00:00+00:00
[2026-07-31T11:45:58.615+0000] {processor.py:183} INFO - Processing /home/airflow/.local/lib/python3.12/site-packages/airflow/example_dags/example_latest_only.py took 0.100 seconds
[2026-07-31T11:46:29.251+0000] {processor.py:161} INFO - Started process (PID=5112) to work on /home/airflow/.local/lib/python3.12/site-packages/airflow/example_dags/example_latest_only.py
[2026-07-31T11:46:29.253+0000] {processor.py:830} INFO - Processing file /home/airflow/.local/lib/python3.12/site-packages/airflow/example_dags/example_latest_only.py for tasks to queue
[2026-07-31T11:46:29.257+0000] {logging_mixin.py:188} INFO - [2026-07-31T11:46:29.256+0000] {dagbag.py:545} INFO - Filling up the DagBag from /home/airflow/.local/lib/python3.12/site-packages/airflow/example_dags/example_latest_only.py
[2026-07-31T11:46:29.265+0000] {processor.py:840} INFO - DAG(s) 'latest_only' retrieved from /home/airflow/.local/lib/python3.12/site-packages/airflow/example_dags/example_latest_only.py
[2026-07-31T11:46:29.298+0000] {logging_mixin.py:188} INFO - [2026-07-31T11:46:29.298+0000] {dag.py:3089} INFO - Sync 1 DAGs
[2026-07-31T11:46:29.330+0000] {logging_mixin.py:188} INFO - [2026-07-31T11:46:29.329+0000] {dag.py:3947} INFO - Setting next_dagrun for latest_only to 2026-07-31 04:00:00+00:00, run_after=2026-07-31 08:00:00+00:00
[2026-07-31T11:46:29.360+0000] {processor.py:183} INFO - Processing /home/airflow/.local/lib/python3.12/site-packages/airflow/example_dags/example_latest_only.py took 0.117 seconds
[2026-07-31T11:46:59.436+0000] {processor.py:161} INFO - Started process (PID=5170) to work on /home/airflow/.local/lib/python3.12/site-packages/airflow/example_dags/example_latest_only.py
[2026-07-31T11:46:59.437+0000] {processor.py:830} INFO - Processing file /home/airflow/.local/lib/python3.12/site-packages/airflow/example_dags/example_latest_only.py for tasks to queue
[2026-07-31T11:46:59.440+0000] {logging_mixin.py:188} INFO - [2026-07-31T11:46:59.439+0000] {dagbag.py:545} INFO - Filling up the DagBag from /home/airflow/.local/lib/python3.12/site-packages/airflow/example_dags/example_latest_only.py
[2026-07-31T11:46:59.445+0000] {processor.py:840} INFO - DAG(s) 'latest_only' retrieved from /home/airflow/.local/lib/python3.12/site-packages/airflow/example_dags/example_latest_only.py
[2026-07-31T11:46:59.470+0000] {logging_mixin.py:188} INFO - [2026-07-31T11:46:59.470+0000] {dag.py:3089} INFO - Sync 1 DAGs
[2026-07-31T11:46:59.494+0000] {logging_mixin.py:188} INFO - [2026-07-31T11:46:59.494+0000] {dag.py:3947} INFO - Setting next_dagrun for latest_only to 2026-07-31 04:00:00+00:00, run_after=2026-07-31 08:00:00+00:00
[2026-07-31T11:46:59.519+0000] {processor.py:183} INFO - Processing /home/airflow/.local/lib/python3.12/site-packages/airflow/example_dags/example_latest_only.py took 0.090 seconds
[2026-07-31T11:47:30.269+0000] {processor.py:161} INFO - Started process (PID=5226) to work on /home/airflow/.local/lib/python3.12/site-packages/airflow/example_dags/example_latest_only.py
[2026-07-31T11:47:30.277+0000] {processor.py:830} INFO - Processing file /home/airflow/.local/lib/python3.12/site-packages/airflow/example_dags/example_latest_only.py for tasks to queue
[2026-07-31T11:47:30.289+0000] {logging_mixin.py:188} INFO - [2026-07-31T11:47:30.287+0000] {dagbag.py:545} INFO - Filling up the DagBag from /home/airflow/.local/lib/python3.12/site-packages/airflow/example_dags/example_latest_only.py
[2026-07-31T11:47:30.310+0000] {processor.py:840} INFO - DAG(s) 'latest_only' retrieved from /home/airflow/.local/lib/python3.12/site-packages/airflow/example_dags/example_latest_only.py
[2026-07-31T11:47:30.388+0000] {logging_mixin.py:188} INFO - [2026-07-31T11:47:30.388+0000] {dag.py:3089} INFO - Sync 1 DAGs
[2026-07-31T11:47:30.441+0000] {logging_mixin.py:188} INFO - [2026-07-31T11:47:30.440+0000] {dag.py:3947} INFO - Setting next_dagrun for latest_only to 2026-07-31 04:00:00+00:00, run_after=2026-07-31 08:00:00+00:00
[2026-07-31T11:47:30.480+0000] {processor.py:183} INFO - Processing /home/airflow/.local/lib/python3.12/site-packages/airflow/example_dags/example_latest_only.py took 0.240 seconds
[2026-07-31T11:48:00.809+0000] {processor.py:161} INFO - Started process (PID=5284) to work on /home/airflow/.local/lib/python3.12/site-packages/airflow/example_dags/example_latest_only.py
[2026-07-31T11:48:00.811+0000] {processor.py:830} INFO - Processing file /home/airflow/.local/lib/python3.12/site-packages/airflow/example_dags/example_latest_only.py for tasks to queue
[2026-07-31T11:48:00.814+0000] {logging_mixin.py:188} INFO - [2026-07-31T11:48:00.813+0000] {dagbag.py:545} INFO - Filling up the DagBag from /home/airflow/.local/lib/python3.12/site-packages/airflow/example_dags/example_latest_only.py
[2026-07-31T11:48:00.820+0000] {processor.py:840} INFO - DAG(s) 'latest_only' retrieved from /home/airflow/.local/lib/python3.12/site-packages/airflow/example_dags/example_latest_only.py
[2026-07-31T11:48:00.848+0000] {logging_mixin.py:188} INFO - [2026-07-31T11:48:00.848+0000] {dag.py:3089} INFO - Sync 1 DAGs
[2026-07-31T11:48:00.874+0000] {logging_mixin.py:188} INFO - [2026-07-31T11:48:00.874+0000] {dag.py:3947} INFO - Setting next_dagrun for latest_only to 2026-07-31 04:00:00+00:00, run_after=2026-07-31 08:00:00+00:00
[2026-07-31T11:48:00.896+0000] {processor.py:183} INFO - Processing /home/airflow/.local/lib/python3.12/site-packages/airflow/example_dags/example_latest_only.py took 0.094 seconds
[2026-07-31T11:48:31.051+0000] {processor.py:161} INFO - Started process (PID=5342) to work on /home/airflow/.local/lib/python3.12/site-packages/airflow/example_dags/example_latest_only.py
[2026-07-31T11:48:31.053+0000] {processor.py:830} INFO - Processing file /home/airflow/.local/lib/python3.12/site-packages/airflow/example_dags/example_latest_only.py for tasks to queue
[2026-07-31T11:48:31.056+0000] {logging_mixin.py:188} INFO - [2026-07-31T11:48:31.056+0000] {dagbag.py:545} INFO - Filling up the DagBag from /home/airflow/.local/lib/python3.12/site-packages/airflow/example_dags/example_latest_only.py
[2026-07-31T11:48:31.063+0000] {processor.py:840} INFO - DAG(s) 'latest_only' retrieved from /home/airflow/.local/lib/python3.12/site-packages/airflow/example_dags/example_latest_only.py
[2026-07-31T11:48:31.090+0000] {logging_mixin.py:188} INFO - [2026-07-31T11:48:31.089+0000] {dag.py:3089} INFO - Sync 1 DAGs
[2026-07-31T11:48:31.120+0000] {logging_mixin.py:188} INFO - [2026-07-31T11:48:31.120+0000] {dag.py:3947} INFO - Setting next_dagrun for latest_only to 2026-07-31 04:00:00+00:00, run_after=2026-07-31 08:00:00+00:00
[2026-07-31T11:48:31.143+0000] {processor.py:183} INFO - Processing /home/airflow/.local/lib/python3.12/site-packages/airflow/example_dags/example_latest_only.py took 0.101 seconds
[2026-07-31T11:49:01.295+0000] {processor.py:161} INFO - Started process (PID=5400) to work on /home/airflow/.local/lib/python3.12/site-packages/airflow/example_dags/example_latest_only.py
[2026-07-31T11:49:01.296+0000] {processor.py:830} INFO - Processing file /home/airflow/.local/lib/python3.12/site-packages/airflow/example_dags/example_latest_only.py for tasks to queue
[2026-07-31T11:49:01.298+0000] {logging_mixin.py:188} INFO - [2026-07-31T11:49:01.298+0000] {dagbag.py:545} INFO - Filling up the DagBag from /home/airflow/.local/lib/python3.12/site-packages/airflow/example_dags/example_latest_only.py
[2026-07-31T11:49:01.303+0000] {processor.py:840} INFO - DAG(s) 'latest_only' retrieved from /home/airflow/.local/lib/python3.12/site-packages/airflow/example_dags/example_latest_only.py
[2026-07-31T11:49:01.330+0000] {logging_mixin.py:188} INFO - [2026-07-31T11:49:01.329+0000] {dag.py:3089} INFO - Sync 1 DAGs
[2026-07-31T11:49:01.355+0000] {logging_mixin.py:188} INFO - [2026-07-31T11:49:01.355+0000] {dag.py:3947} INFO - Setting next_dagrun for latest_only to 2026-07-31 04:00:00+00:00, run_after=2026-07-31 08:00:00+00:00
[2026-07-31T11:49:01.378+0000] {processor.py:183} INFO - Processing /home/airflow/.local/lib/python3.12/site-packages/airflow/example_dags/example_latest_only.py took 0.090 seconds
[2026-07-31T11:49:31.907+0000] {processor.py:161} INFO - Started process (PID=5458) to work on /home/airflow/.local/lib/python3.12/site-packages/airflow/example_dags/example_latest_only.py
[2026-07-31T11:49:31.909+0000] {processor.py:830} INFO - Processing file /home/airflow/.local/lib/python3.12/site-packages/airflow/example_dags/example_latest_only.py for tasks to queue
[2026-07-31T11:49:31.911+0000] {logging_mixin.py:188} INFO - [2026-07-31T11:49:31.911+0000] {dagbag.py:545} INFO - Filling up the DagBag from /home/airflow/.local/lib/python3.12/site-packages/airflow/example_dags/example_latest_only.py
[2026-07-31T11:49:31.917+0000] {processor.py:840} INFO - DAG(s) 'latest_only' retrieved from /home/airflow/.local/lib/python3.12/site-packages/airflow/example_dags/example_latest_only.py
[2026-07-31T11:49:31.945+0000] {logging_mixin.py:188} INFO - [2026-07-31T11:49:31.945+0000] {dag.py:3089} INFO - Sync 1 DAGs
[2026-07-31T11:49:31.976+0000] {logging_mixin.py:188} INFO - [2026-07-31T11:49:31.975+0000] {dag.py:3947} INFO - Setting next_dagrun for latest_only to 2026-07-31 04:00:00+00:00, run_after=2026-07-31 08:00:00+00:00
[2026-07-31T11:49:32.002+0000] {processor.py:183} INFO - Processing /home/airflow/.local/lib/python3.12/site-packages/airflow/example_dags/example_latest_only.py took 0.103 seconds
[2026-07-31T11:50:02.633+0000] {processor.py:161} INFO - Started process (PID=5516) to work on /home/airflow/.local/lib/python3.12/site-packages/airflow/example_dags/example_latest_only.py
[2026-07-31T11:50:02.634+0000] {processor.py:830} INFO - Processing file /home/airflow/.local/lib/python3.12/site-packages/airflow/example_dags/example_latest_only.py for tasks to queue
[2026-07-31T11:50:02.637+0000] {logging_mixin.py:188} INFO - [2026-07-31T11:50:02.636+0000] {dagbag.py:545} INFO - Filling up the DagBag from /home/airflow/.local/lib/python3.12/site-packages/airflow/example_dags/example_latest_only.py
[2026-07-31T11:50:02.643+0000] {processor.py:840} INFO - DAG(s) 'latest_only' retrieved from /home/airflow/.local/lib/python3.12/site-packages/airflow/example_dags/example_latest_only.py
[2026-07-31T11:50:02.667+0000] {logging_mixin.py:188} INFO - [2026-07-31T11:50:02.667+0000] {dag.py:3089} INFO - Sync 1 DAGs
[2026-07-31T11:50:02.693+0000] {logging_mixin.py:188} INFO - [2026-07-31T11:50:02.693+0000] {dag.py:3947} INFO - Setting next_dagrun for latest_only to 2026-07-31 04:00:00+00:00, run_after=2026-07-31 08:00:00+00:00
[2026-07-31T11:50:02.716+0000] {processor.py:183} INFO - Processing /home/airflow/.local/lib/python3.12/site-packages/airflow/example_dags/example_latest_only.py took 0.091 seconds
[2026-07-31T11:50:33.116+0000] {processor.py:161} INFO - Started process (PID=5574) to work on /home/airflow/.local/lib/python3.12/site-packages/airflow/example_dags/example_latest_only.py
[2026-07-31T11:50:33.118+0000] {processor.py:830} INFO - Processing file /home/airflow/.local/lib/python3.12/site-packages/airflow/example_dags/example_latest_only.py for tasks to queue
[2026-07-31T11:50:33.121+0000] {logging_mixin.py:188} INFO - [2026-07-31T11:50:33.120+0000] {dagbag.py:545} INFO - Filling up the DagBag from /home/airflow/.local/lib/python3.12/site-packages/airflow/example_dags/example_latest_only.py
[2026-07-31T11:50:33.126+0000] {processor.py:840} INFO - DAG(s) 'latest_only' retrieved from /home/airflow/.local/lib/python3.12/site-packages/airflow/example_dags/example_latest_only.py
[2026-07-31T11:50:33.154+0000] {logging_mixin.py:188} INFO - [2026-07-31T11:50:33.154+0000] {dag.py:3089} INFO - Sync 1 DAGs
[2026-07-31T11:50:33.181+0000] {logging_mixin.py:188} INFO - [2026-07-31T11:50:33.181+0000] {dag.py:3947} INFO - Setting next_dagrun for latest_only to 2026-07-31 04:00:00+00:00, run_after=2026-07-31 08:00:00+00:00
[2026-07-31T11:50:33.211+0000] {processor.py:183} INFO - Processing /home/airflow/.local/lib/python3.12/site-packages/airflow/example_dags/example_latest_only.py took 0.102 seconds
[2026-07-31T11:51:03.353+0000] {processor.py:161} INFO - Started process (PID=5632) to work on /home/airflow/.local/lib/python3.12/site-packages/airflow/example_dags/example_latest_only.py
[2026-07-31T11:51:03.354+0000] {processor.py:830} INFO - Processing file /home/airflow/.local/lib/python3.12/site-packages/airflow/example_dags/example_latest_only.py for tasks to queue
[2026-07-31T11:51:03.357+0000] {logging_mixin.py:188} INFO - [2026-07-31T11:51:03.357+0000] {dagbag.py:545} INFO - Filling up the DagBag from /home/airflow/.local/lib/python3.12/site-packages/airflow/example_dags/example_latest_only.py
[2026-07-31T11:51:03.364+0000] {processor.py:840} INFO - DAG(s) 'latest_only' retrieved from /home/airflow/.local/lib/python3.12/site-packages/airflow/example_dags/example_latest_only.py
[2026-07-31T11:51:03.394+0000] {logging_mixin.py:188} INFO - [2026-07-31T11:51:03.394+0000] {dag.py:3089} INFO - Sync 1 DAGs
[2026-07-31T11:51:03.425+0000] {logging_mixin.py:188} INFO - [2026-07-31T11:51:03.425+0000] {dag.py:3947} INFO - Setting next_dagrun for latest_only to 2026-07-31 04:00:00+00:00, run_after=2026-07-31 08:00:00+00:00
[2026-07-31T11:51:03.449+0000] {processor.py:183} INFO - Processing /home/airflow/.local/lib/python3.12/site-packages/airflow/example_dags/example_latest_only.py took 0.104 seconds
[2026-07-31T11:51:33.776+0000] {processor.py:161} INFO - Started process (PID=5690) to work on /home/airflow/.local/lib/python3.12/site-packages/airflow/example_dags/example_latest_only.py
[2026-07-31T11:51:33.778+0000] {processor.py:830} INFO - Processing file /home/airflow/.local/lib/python3.12/site-packages/airflow/example_dags/example_latest_only.py for tasks to queue
[2026-07-31T11:51:33.781+0000] {logging_mixin.py:188} INFO - [2026-07-31T11:51:33.780+0000] {dagbag.py:545} INFO - Filling up the DagBag from /home/airflow/.local/lib/python3.12/site-packages/airflow/example_dags/example_latest_only.py
[2026-07-31T11:51:33.789+0000] {processor.py:840} INFO - DAG(s) 'latest_only' retrieved from /home/airflow/.local/lib/python3.12/site-packages/airflow/example_dags/example_latest_only.py
[2026-07-31T11:51:33.822+0000] {logging_mixin.py:188} INFO - [2026-07-31T11:51:33.822+0000] {dag.py:3089} INFO - Sync 1 DAGs
[2026-07-31T11:51:33.856+0000] {logging_mixin.py:188} INFO - [2026-07-31T11:51:33.856+0000] {dag.py:3947} INFO - Setting next_dagrun for latest_only to 2026-07-31 04:00:00+00:00, run_after=2026-07-31 08:00:00+00:00
[2026-07-31T11:51:33.887+0000] {processor.py:183} INFO - Processing /home/airflow/.local/lib/python3.12/site-packages/airflow/example_dags/example_latest_only.py took 0.121 seconds
[2026-07-31T11:52:04.101+0000] {processor.py:161} INFO - Started process (PID=5747) to work on /home/airflow/.local/lib/python3.12/site-packages/airflow/example_dags/example_latest_only.py
[2026-07-31T11:52:04.102+0000] {processor.py:830} INFO - Processing file /home/airflow/.local/lib/python3.12/site-packages/airflow/example_dags/example_latest_only.py for tasks to queue
[2026-07-31T11:52:04.105+0000] {logging_mixin.py:188} INFO - [2026-07-31T11:52:04.104+0000] {dagbag.py:545} INFO - Filling up the DagBag from /home/airflow/.local/lib/python3.12/site-packages/airflow/example_dags/example_latest_only.py
[2026-07-31T11:52:04.110+0000] {processor.py:840} INFO - DAG(s) 'latest_only' retrieved from /home/airflow/.local/lib/python3.12/site-packages/airflow/example_dags/example_latest_only.py
[2026-07-31T11:52:04.135+0000] {logging_mixin.py:188} INFO - [2026-07-31T11:52:04.135+0000] {dag.py:3089} INFO - Sync 1 DAGs
[2026-07-31T11:52:04.161+0000] {logging_mixin.py:188} INFO - [2026-07-31T11:52:04.161+0000] {dag.py:3947} INFO - Setting next_dagrun for latest_only to 2026-07-31 04:00:00+00:00, run_after=2026-07-31 08:00:00+00:00
[2026-07-31T11:52:04.183+0000] {processor.py:183} INFO - Processing /home/airflow/.local/lib/python3.12/site-packages/airflow/example_dags/example_latest_only.py took 0.089 seconds
[2026-07-31T11:52:34.682+0000] {processor.py:161} INFO - Started process (PID=5805) to work on /home/airflow/.local/lib/python3.12/site-packages/airflow/example_dags/example_latest_only.py
[2026-07-31T11:52:34.684+0000] {processor.py:830} INFO - Processing file /home/airflow/.local/lib/python3.12/site-packages/airflow/example_dags/example_latest_only.py for tasks to queue
[2026-07-31T11:52:34.686+0000] {logging_mixin.py:188} INFO - [2026-07-31T11:52:34.686+0000] {dagbag.py:545} INFO - Filling up the DagBag from /home/airflow/.local/lib/python3.12/site-packages/airflow/example_dags/example_latest_only.py
[2026-07-31T11:52:34.691+0000] {processor.py:840} INFO - DAG(s) 'latest_only' retrieved from /home/airflow/.local/lib/python3.12/site-packages/airflow/example_dags/example_latest_only.py
[2026-07-31T11:52:34.720+0000] {logging_mixin.py:188} INFO - [2026-07-31T11:52:34.720+0000] {dag.py:3089} INFO - Sync 1 DAGs
[2026-07-31T11:52:34.751+0000] {logging_mixin.py:188} INFO - [2026-07-31T11:52:34.751+0000] {dag.py:3947} INFO - Setting next_dagrun for latest_only to 2026-07-31 04:00:00+00:00, run_after=2026-07-31 08:00:00+00:00
[2026-07-31T11:52:34.775+0000] {processor.py:183} INFO - Processing /home/airflow/.local/lib/python3.12/site-packages/airflow/example_dags/example_latest_only.py took 0.100 seconds
[2026-07-31T11:53:05.185+0000] {processor.py:161} INFO - Started process (PID=5863) to work on /home/airflow/.local/lib/python3.12/site-packages/airflow/example_dags/example_latest_only.py
[2026-07-31T11:53:05.186+0000] {processor.py:830} INFO - Processing file /home/airflow/.local/lib/python3.12/site-packages/airflow/example_dags/example_latest_only.py for tasks to queue
[2026-07-31T11:53:05.189+0000] {logging_mixin.py:188} INFO - [2026-07-31T11:53:05.188+0000] {dagbag.py:545} INFO - Filling up the DagBag from /home/airflow/.local/lib/python3.12/site-packages/airflow/example_dags/example_latest_only.py
[2026-07-31T11:53:05.194+0000] {processor.py:840} INFO - DAG(s) 'latest_only' retrieved from /home/airflow/.local/lib/python3.12/site-packages/airflow/example_dags/example_latest_only.py
[2026-07-31T11:53:05.219+0000] {logging_mixin.py:188} INFO - [2026-07-31T11:53:05.219+0000] {dag.py:3089} INFO - Sync 1 DAGs
[2026-07-31T11:53:05.244+0000] {logging_mixin.py:188} INFO - [2026-07-31T11:53:05.244+0000] {dag.py:3947} INFO - Setting next_dagrun for latest_only to 2026-07-31 04:00:00+00:00, run_after=2026-07-31 08:00:00+00:00
[2026-07-31T11:53:05.268+0000] {processor.py:183} INFO - Processing /home/airflow/.local/lib/python3.12/site-packages/airflow/example_dags/example_latest_only.py took 0.091 seconds
[2026-07-31T11:53:36.000+0000] {processor.py:161} INFO - Started process (PID=5921) to work on /home/airflow/.local/lib/python3.12/site-packages/airflow/example_dags/example_latest_only.py
[2026-07-31T11:53:36.002+0000] {processor.py:830} INFO - Processing file /home/airflow/.local/lib/python3.12/site-packages/airflow/example_dags/example_latest_only.py for tasks to queue
[2026-07-31T11:53:36.005+0000] {logging_mixin.py:188} INFO - [2026-07-31T11:53:36.004+0000] {dagbag.py:545} INFO - Filling up the DagBag from /home/airflow/.local/lib/python3.12/site-packages/airflow/example_dags/example_latest_only.py
[2026-07-31T11:53:36.014+0000] {processor.py:840} INFO - DAG(s) 'latest_only' retrieved from /home/airflow/.local/lib/python3.12/site-packages/airflow/example_dags/example_latest_only.py
[2026-07-31T11:53:36.039+0000] {logging_mixin.py:188} INFO - [2026-07-31T11:53:36.039+0000] {dag.py:3089} INFO - Sync 1 DAGs
[2026-07-31T11:53:36.066+0000] {logging_mixin.py:188} INFO - [2026-07-31T11:53:36.066+0000] {dag.py:3947} INFO - Setting next_dagrun for latest_only to 2026-07-31 04:00:00+00:00, run_after=2026-07-31 08:00:00+00:00
[2026-07-31T11:53:36.089+0000] {processor.py:183} INFO - Processing /home/airflow/.local/lib/python3.12/site-packages/airflow/example_dags/example_latest_only.py took 0.096 seconds
[2026-07-31T11:54:06.334+0000] {processor.py:161} INFO - Started process (PID=5979) to work on /home/airflow/.local/lib/python3.12/site-packages/airflow/example_dags/example_latest_only.py
[2026-07-31T11:54:06.336+0000] {processor.py:830} INFO - Processing file /home/airflow/.local/lib/python3.12/site-packages/airflow/example_dags/example_latest_only.py for tasks to queue
[2026-07-31T11:54:06.340+0000] {logging_mixin.py:188} INFO - [2026-07-31T11:54:06.339+0000] {dagbag.py:545} INFO - Filling up the DagBag from /home/airflow/.local/lib/python3.12/site-packages/airflow/example_dags/example_latest_only.py
[2026-07-31T11:54:06.346+0000] {processor.py:840} INFO - DAG(s) 'latest_only' retrieved from /home/airflow/.local/lib/python3.12/site-packages/airflow/example_dags/example_latest_only.py
[2026-07-31T11:54:06.371+0000] {logging_mixin.py:188} INFO - [2026-07-31T11:54:06.371+0000] {dag.py:3089} INFO - Sync 1 DAGs
[2026-07-31T11:54:06.397+0000] {logging_mixin.py:188} INFO - [2026-07-31T11:54:06.397+0000] {dag.py:3947} INFO - Setting next_dagrun for latest_only to 2026-07-31 04:00:00+00:00, run_after=2026-07-31 08:00:00+00:00
[2026-07-31T11:54:06.420+0000] {processor.py:183} INFO - Processing /home/airflow/.local/lib/python3.12/site-packages/airflow/example_dags/example_latest_only.py took 0.093 seconds
[2026-07-31T11:54:36.979+0000] {processor.py:161} INFO - Started process (PID=6038) to work on /home/airflow/.local/lib/python3.12/site-packages/airflow/example_dags/example_latest_only.py
[2026-07-31T11:54:36.980+0000] {processor.py:830} INFO - Processing file /home/airflow/.local/lib/python3.12/site-packages/airflow/example_dags/example_latest_only.py for tasks to queue
[2026-07-31T11:54:36.983+0000] {logging_mixin.py:188} INFO - [2026-07-31T11:54:36.982+0000] {dagbag.py:545} INFO - Filling up the DagBag from /home/airflow/.local/lib/python3.12/site-packages/airflow/example_dags/example_latest_only.py
[2026-07-31T11:54:36.988+0000] {processor.py:840} INFO - DAG(s) 'latest_only' retrieved from /home/airflow/.local/lib/python3.12/site-packages/airflow/example_dags/example_latest_only.py
[2026-07-31T11:54:37.015+0000] {logging_mixin.py:188} INFO - [2026-07-31T11:54:37.014+0000] {dag.py:3089} INFO - Sync 1 DAGs
[2026-07-31T11:54:37.043+0000] {logging_mixin.py:188} INFO - [2026-07-31T11:54:37.043+0000] {dag.py:3947} INFO - Setting next_dagrun for latest_only to 2026-07-31 04:00:00+00:00, run_after=2026-07-31 08:00:00+00:00
[2026-07-31T11:54:37.072+0000] {processor.py:183} INFO - Processing /home/airflow/.local/lib/python3.12/site-packages/airflow/example_dags/example_latest_only.py took 0.100 seconds
[2026-07-31T11:55:07.564+0000] {processor.py:161} INFO - Started process (PID=6096) to work on /home/airflow/.local/lib/python3.12/site-packages/airflow/example_dags/example_latest_only.py
[2026-07-31T11:55:07.566+0000] {processor.py:830} INFO - Processing file /home/airflow/.local/lib/python3.12/site-packages/airflow/example_dags/example_latest_only.py for tasks to queue
[2026-07-31T11:55:07.569+0000] {logging_mixin.py:188} INFO - [2026-07-31T11:55:07.568+0000] {dagbag.py:545} INFO - Filling up the DagBag from /home/airflow/.local/lib/python3.12/site-packages/airflow/example_dags/example_latest_only.py
[2026-07-31T11:55:07.575+0000] {processor.py:840} INFO - DAG(s) 'latest_only' retrieved from /home/airflow/.local/lib/python3.12/site-packages/airflow/example_dags/example_latest_only.py
[2026-07-31T11:55:07.601+0000] {logging_mixin.py:188} INFO - [2026-07-31T11:55:07.601+0000] {dag.py:3089} INFO - Sync 1 DAGs
[2026-07-31T11:55:07.628+0000] {logging_mixin.py:188} INFO - [2026-07-31T11:55:07.628+0000] {dag.py:3947} INFO - Setting next_dagrun for latest_only to 2026-07-31 04:00:00+00:00, run_after=2026-07-31 08:00:00+00:00
[2026-07-31T11:55:07.651+0000] {processor.py:183} INFO - Processing /home/airflow/.local/lib/python3.12/site-packages/airflow/example_dags/example_latest_only.py took 0.094 seconds
[2026-07-31T11:55:38.175+0000] {processor.py:161} INFO - Started process (PID=6154) to work on /home/airflow/.local/lib/python3.12/site-packages/airflow/example_dags/example_latest_only.py
[2026-07-31T11:55:38.176+0000] {processor.py:830} INFO - Processing file /home/airflow/.local/lib/python3.12/site-packages/airflow/example_dags/example_latest_only.py for tasks to queue
[2026-07-31T11:55:38.179+0000] {logging_mixin.py:188} INFO - [2026-07-31T11:55:38.178+0000] {dagbag.py:545} INFO - Filling up the DagBag from /home/airflow/.local/lib/python3.12/site-packages/airflow/example_dags/example_latest_only.py
[2026-07-31T11:55:38.184+0000] {processor.py:840} INFO - DAG(s) 'latest_only' retrieved from /home/airflow/.local/lib/python3.12/site-packages/airflow/example_dags/example_latest_only.py
[2026-07-31T11:55:38.208+0000] {logging_mixin.py:188} INFO - [2026-07-31T11:55:38.208+0000] {dag.py:3089} INFO - Sync 1 DAGs
[2026-07-31T11:55:38.234+0000] {logging_mixin.py:188} INFO - [2026-07-31T11:55:38.234+0000] {dag.py:3947} INFO - Setting next_dagrun for latest_only to 2026-07-31 04:00:00+00:00, run_after=2026-07-31 08:00:00+00:00
[2026-07-31T11:55:38.262+0000] {processor.py:183} INFO - Processing /home/airflow/.local/lib/python3.12/site-packages/airflow/example_dags/example_latest_only.py took 0.095 seconds
[2026-07-31T11:56:08.753+0000] {processor.py:161} INFO - Started process (PID=6213) to work on /home/airflow/.local/lib/python3.12/site-packages/airflow/example_dags/example_latest_only.py
[2026-07-31T11:56:08.755+0000] {processor.py:830} INFO - Processing file /home/airflow/.local/lib/python3.12/site-packages/airflow/example_dags/example_latest_only.py for tasks to queue
[2026-07-31T11:56:08.757+0000] {logging_mixin.py:188} INFO - [2026-07-31T11:56:08.756+0000] {dagbag.py:545} INFO - Filling up the DagBag from /home/airflow/.local/lib/python3.12/site-packages/airflow/example_dags/example_latest_only.py
[2026-07-31T11:56:08.762+0000] {processor.py:840} INFO - DAG(s) 'latest_only' retrieved from /home/airflow/.local/lib/python3.12/site-packages/airflow/example_dags/example_latest_only.py
[2026-07-31T11:56:08.785+0000] {logging_mixin.py:188} INFO - [2026-07-31T11:56:08.785+0000] {dag.py:3089} INFO - Sync 1 DAGs
[2026-07-31T11:56:08.811+0000] {logging_mixin.py:188} INFO - [2026-07-31T11:56:08.811+0000] {dag.py:3947} INFO - Setting next_dagrun for latest_only to 2026-07-31 04:00:00+00:00, run_after=2026-07-31 08:00:00+00:00
[2026-07-31T11:56:08.837+0000] {processor.py:183} INFO - Processing /home/airflow/.local/lib/python3.12/site-packages/airflow/example_dags/example_latest_only.py took 0.091 seconds
[2026-07-31T11:56:39.388+0000] {processor.py:161} INFO - Started process (PID=6271) to work on /home/airflow/.local/lib/python3.12/site-packages/airflow/example_dags/example_latest_only.py
[2026-07-31T11:56:39.389+0000] {processor.py:830} INFO - Processing file /home/airflow/.local/lib/python3.12/site-packages/airflow/example_dags/example_latest_only.py for tasks to queue
[2026-07-31T11:56:39.392+0000] {logging_mixin.py:188} INFO - [2026-07-31T11:56:39.391+0000] {dagbag.py:545} INFO - Filling up the DagBag from /home/airflow/.local/lib/python3.12/site-packages/airflow/example_dags/example_latest_only.py
[2026-07-31T11:56:39.398+0000] {processor.py:840} INFO - DAG(s) 'latest_only' retrieved from /home/airflow/.local/lib/python3.12/site-packages/airflow/example_dags/example_latest_only.py
[2026-07-31T11:56:39.426+0000] {logging_mixin.py:188} INFO - [2026-07-31T11:56:39.425+0000] {dag.py:3089} INFO - Sync 1 DAGs
[2026-07-31T11:56:39.453+0000] {logging_mixin.py:188} INFO - [2026-07-31T11:56:39.453+0000] {dag.py:3947} INFO - Setting next_dagrun for latest_only to 2026-07-31 04:00:00+00:00, run_after=2026-07-31 08:00:00+00:00
[2026-07-31T11:56:39.477+0000] {processor.py:183} INFO - Processing /home/airflow/.local/lib/python3.12/site-packages/airflow/example_dags/example_latest_only.py took 0.096 seconds
[2026-07-31T11:57:16.146+0000] {processor.py:161} INFO - Started process (PID=6331) to work on /home/airflow/.local/lib/python3.12/site-packages/airflow/example_dags/example_latest_only.py
[2026-07-31T11:57:16.158+0000] {processor.py:830} INFO - Processing file /home/airflow/.local/lib/python3.12/site-packages/airflow/example_dags/example_latest_only.py for tasks to queue
[2026-07-31T11:57:16.185+0000] {logging_mixin.py:188} INFO - [2026-07-31T11:57:16.184+0000] {dagbag.py:545} INFO - Filling up the DagBag from /home/airflow/.local/lib/python3.12/site-packages/airflow/example_dags/example_latest_only.py
[2026-07-31T11:57:16.264+0000] {processor.py:840} INFO - DAG(s) 'latest_only' retrieved from /home/airflow/.local/lib/python3.12/site-packages/airflow/example_dags/example_latest_only.py
[2026-07-31T11:57:16.446+0000] {logging_mixin.py:188} INFO - [2026-07-31T11:57:16.446+0000] {dag.py:3089} INFO - Sync 1 DAGs
[2026-07-31T11:57:16.879+0000] {logging_mixin.py:188} INFO - [2026-07-31T11:57:16.869+0000] {dag.py:3947} INFO - Setting next_dagrun for latest_only to 2026-07-31 04:00:00+00:00, run_after=2026-07-31 08:00:00+00:00
[2026-07-31T11:57:17.049+0000] {processor.py:183} INFO - Processing /home/airflow/.local/lib/python3.12/site-packages/airflow/example_dags/example_latest_only.py took 0.939 seconds
[2026-07-31T11:57:47.484+0000] {processor.py:161} INFO - Started process (PID=6389) to work on /home/airflow/.local/lib/python3.12/site-packages/airflow/example_dags/example_latest_only.py
[2026-07-31T11:57:47.486+0000] {processor.py:830} INFO - Processing file /home/airflow/.local/lib/python3.12/site-packages/airflow/example_dags/example_latest_only.py for tasks to queue
[2026-07-31T11:57:47.490+0000] {logging_mixin.py:188} INFO - [2026-07-31T11:57:47.489+0000] {dagbag.py:545} INFO - Filling up the DagBag from /home/airflow/.local/lib/python3.12/site-packages/airflow/example_dags/example_latest_only.py
[2026-07-31T11:57:47.497+0000] {processor.py:840} INFO - DAG(s) 'latest_only' retrieved from /home/airflow/.local/lib/python3.12/site-packages/airflow/example_dags/example_latest_only.py
[2026-07-31T11:57:47.528+0000] {logging_mixin.py:188} INFO - [2026-07-31T11:57:47.528+0000] {dag.py:3089} INFO - Sync 1 DAGs
[2026-07-31T11:57:47.571+0000] {logging_mixin.py:188} INFO - [2026-07-31T11:57:47.570+0000] {dag.py:3947} INFO - Setting next_dagrun for latest_only to 2026-07-31 04:00:00+00:00, run_after=2026-07-31 08:00:00+00:00
[2026-07-31T11:57:47.602+0000] {processor.py:183} INFO - Processing /home/airflow/.local/lib/python3.12/site-packages/airflow/example_dags/example_latest_only.py took 0.126 seconds
[2026-07-31T11:58:17.823+0000] {processor.py:161} INFO - Started process (PID=6448) to work on /home/airflow/.local/lib/python3.12/site-packages/airflow/example_dags/example_latest_only.py
[2026-07-31T11:58:17.825+0000] {processor.py:830} INFO - Processing file /home/airflow/.local/lib/python3.12/site-packages/airflow/example_dags/example_latest_only.py for tasks to queue
[2026-07-31T11:58:17.828+0000] {logging_mixin.py:188} INFO - [2026-07-31T11:58:17.828+0000] {dagbag.py:545} INFO - Filling up the DagBag from /home/airflow/.local/lib/python3.12/site-packages/airflow/example_dags/example_latest_only.py
[2026-07-31T11:58:17.835+0000] {processor.py:840} INFO - DAG(s) 'latest_only' retrieved from /home/airflow/.local/lib/python3.12/site-packages/airflow/example_dags/example_latest_only.py
[2026-07-31T11:58:17.866+0000] {logging_mixin.py:188} INFO - [2026-07-31T11:58:17.865+0000] {dag.py:3089} INFO - Sync 1 DAGs
[2026-07-31T11:58:17.898+0000] {logging_mixin.py:188} INFO - [2026-07-31T11:58:17.898+0000] {dag.py:3947} INFO - Setting next_dagrun for latest_only to 2026-07-31 04:00:00+00:00, run_after=2026-07-31 08:00:00+00:00
[2026-07-31T11:58:17.925+0000] {processor.py:183} INFO - Processing /home/airflow/.local/lib/python3.12/site-packages/airflow/example_dags/example_latest_only.py took 0.112 seconds
[2026-07-31T11:58:48.016+0000] {processor.py:161} INFO - Started process (PID=6506) to work on /home/airflow/.local/lib/python3.12/site-packages/airflow/example_dags/example_latest_only.py
[2026-07-31T11:58:48.019+0000] {processor.py:830} INFO - Processing file /home/airflow/.local/lib/python3.12/site-packages/airflow/example_dags/example_latest_only.py for tasks to queue
[2026-07-31T11:58:48.023+0000] {logging_mixin.py:188} INFO - [2026-07-31T11:58:48.022+0000] {dagbag.py:545} INFO - Filling up the DagBag from /home/airflow/.local/lib/python3.12/site-packages/airflow/example_dags/example_latest_only.py
[2026-07-31T11:58:48.030+0000] {processor.py:840} INFO - DAG(s) 'latest_only' retrieved from /home/airflow/.local/lib/python3.12/site-packages/airflow/example_dags/example_latest_only.py
[2026-07-31T11:58:48.060+0000] {logging_mixin.py:188} INFO - [2026-07-31T11:58:48.059+0000] {dag.py:3089} INFO - Sync 1 DAGs
[2026-07-31T11:58:48.089+0000] {logging_mixin.py:188} INFO - [2026-07-31T11:58:48.088+0000] {dag.py:3947} INFO - Setting next_dagrun for latest_only to 2026-07-31 04:00:00+00:00, run_after=2026-07-31 08:00:00+00:00
[2026-07-31T11:58:48.113+0000] {processor.py:183} INFO - Processing /home/airflow/.local/lib/python3.12/site-packages/airflow/example_dags/example_latest_only.py took 0.109 seconds
[2026-07-31T11:59:18.823+0000] {processor.py:161} INFO - Started process (PID=6564) to work on /home/airflow/.local/lib/python3.12/site-packages/airflow/example_dags/example_latest_only.py
[2026-07-31T11:59:18.824+0000] {processor.py:830} INFO - Processing file /home/airflow/.local/lib/python3.12/site-packages/airflow/example_dags/example_latest_only.py for tasks to queue
[2026-07-31T11:59:18.827+0000] {logging_mixin.py:188} INFO - [2026-07-31T11:59:18.827+0000] {dagbag.py:545} INFO - Filling up the DagBag from /home/airflow/.local/lib/python3.12/site-packages/airflow/example_dags/example_latest_only.py
[2026-07-31T11:59:18.835+0000] {processor.py:840} INFO - DAG(s) 'latest_only' retrieved from /home/airflow/.local/lib/python3.12/site-packages/airflow/example_dags/example_latest_only.py
[2026-07-31T11:59:18.869+0000] {logging_mixin.py:188} INFO - [2026-07-31T11:59:18.869+0000] {dag.py:3089} INFO - Sync 1 DAGs
[2026-07-31T11:59:18.899+0000] {logging_mixin.py:188} INFO - [2026-07-31T11:59:18.899+0000] {dag.py:3947} INFO - Setting next_dagrun for latest_only to 2026-07-31 04:00:00+00:00, run_after=2026-07-31 08:00:00+00:00
[2026-07-31T11:59:18.924+0000] {processor.py:183} INFO - Processing /home/airflow/.local/lib/python3.12/site-packages/airflow/example_dags/example_latest_only.py took 0.110 seconds
[2026-07-31T11:59:49.236+0000] {processor.py:161} INFO - Started process (PID=6622) to work on /home/airflow/.local/lib/python3.12/site-packages/airflow/example_dags/example_latest_only.py
[2026-07-31T11:59:49.237+0000] {processor.py:830} INFO - Processing file /home/airflow/.local/lib/python3.12/site-packages/airflow/example_dags/example_latest_only.py for tasks to queue
[2026-07-31T11:59:49.240+0000] {logging_mixin.py:188} INFO - [2026-07-31T11:59:49.239+0000] {dagbag.py:545} INFO - Filling up the DagBag from /home/airflow/.local/lib/python3.12/site-packages/airflow/example_dags/example_latest_only.py
[2026-07-31T11:59:49.247+0000] {processor.py:840} INFO - DAG(s) 'latest_only' retrieved from /home/airflow/.local/lib/python3.12/site-packages/airflow/example_dags/example_latest_only.py
[2026-07-31T11:59:49.272+0000] {logging_mixin.py:188} INFO - [2026-07-31T11:59:49.272+0000] {dag.py:3089} INFO - Sync 1 DAGs
[2026-07-31T11:59:49.300+0000] {logging_mixin.py:188} INFO - [2026-07-31T11:59:49.299+0000] {dag.py:3947} INFO - Setting next_dagrun for latest_only to 2026-07-31 04:00:00+00:00, run_after=2026-07-31 08:00:00+00:00
[2026-07-31T11:59:49.322+0000] {processor.py:183} INFO - Processing /home/airflow/.local/lib/python3.12/site-packages/airflow/example_dags/example_latest_only.py took 0.095 seconds
[2026-07-31T12:00:19.872+0000] {processor.py:161} INFO - Started process (PID=6686) to work on /home/airflow/.local/lib/python3.12/site-packages/airflow/example_dags/example_latest_only.py
[2026-07-31T12:00:19.877+0000] {processor.py:830} INFO - Processing file /home/airflow/.local/lib/python3.12/site-packages/airflow/example_dags/example_latest_only.py for tasks to queue
[2026-07-31T12:00:19.886+0000] {logging_mixin.py:188} INFO - [2026-07-31T12:00:19.884+0000] {dagbag.py:545} INFO - Filling up the DagBag from /home/airflow/.local/lib/python3.12/site-packages/airflow/example_dags/example_latest_only.py
[2026-07-31T12:00:19.911+0000] {processor.py:840} INFO - DAG(s) 'latest_only' retrieved from /home/airflow/.local/lib/python3.12/site-packages/airflow/example_dags/example_latest_only.py
[2026-07-31T12:00:19.973+0000] {logging_mixin.py:188} INFO - [2026-07-31T12:00:19.973+0000] {dag.py:3089} INFO - Sync 1 DAGs
[2026-07-31T12:00:20.007+0000] {logging_mixin.py:188} INFO - [2026-07-31T12:00:20.007+0000] {dag.py:3947} INFO - Setting next_dagrun for latest_only to 2026-07-31 08:00:00+00:00, run_after=2026-07-31 12:00:00+00:00
[2026-07-31T12:00:20.037+0000] {processor.py:183} INFO - Processing /home/airflow/.local/lib/python3.12/site-packages/airflow/example_dags/example_latest_only.py took 0.183 seconds
[2026-07-31T12:00:50.170+0000] {processor.py:161} INFO - Started process (PID=6744) to work on /home/airflow/.local/lib/python3.12/site-packages/airflow/example_dags/example_latest_only.py
[2026-07-31T12:00:50.172+0000] {processor.py:830} INFO - Processing file /home/airflow/.local/lib/python3.12/site-packages/airflow/example_dags/example_latest_only.py for tasks to queue
[2026-07-31T12:00:50.175+0000] {logging_mixin.py:188} INFO - [2026-07-31T12:00:50.174+0000] {dagbag.py:545} INFO - Filling up the DagBag from /home/airflow/.local/lib/python3.12/site-packages/airflow/example_dags/example_latest_only.py
[2026-07-31T12:00:50.181+0000] {processor.py:840} INFO - DAG(s) 'latest_only' retrieved from /home/airflow/.local/lib/python3.12/site-packages/airflow/example_dags/example_latest_only.py
[2026-07-31T12:00:50.216+0000] {logging_mixin.py:188} INFO - [2026-07-31T12:00:50.216+0000] {dag.py:3089} INFO - Sync 1 DAGs
[2026-07-31T12:00:50.252+0000] {logging_mixin.py:188} INFO - [2026-07-31T12:00:50.251+0000] {dag.py:3947} INFO - Setting next_dagrun for latest_only to 2026-07-31 08:00:00+00:00, run_after=2026-07-31 12:00:00+00:00
[2026-07-31T12:00:50.275+0000] {processor.py:183} INFO - Processing /home/airflow/.local/lib/python3.12/site-packages/airflow/example_dags/example_latest_only.py took 0.114 seconds
[2026-07-31T12:01:20.411+0000] {processor.py:161} INFO - Started process (PID=6802) to work on /home/airflow/.local/lib/python3.12/site-packages/airflow/example_dags/example_latest_only.py
[2026-07-31T12:01:20.413+0000] {processor.py:830} INFO - Processing file /home/airflow/.local/lib/python3.12/site-packages/airflow/example_dags/example_latest_only.py for tasks to queue
[2026-07-31T12:01:20.416+0000] {logging_mixin.py:188} INFO - [2026-07-31T12:01:20.415+0000] {dagbag.py:545} INFO - Filling up the DagBag from /home/airflow/.local/lib/python3.12/site-packages/airflow/example_dags/example_latest_only.py
[2026-07-31T12:01:20.423+0000] {processor.py:840} INFO - DAG(s) 'latest_only' retrieved from /home/airflow/.local/lib/python3.12/site-packages/airflow/example_dags/example_latest_only.py
[2026-07-31T12:01:20.451+0000] {logging_mixin.py:188} INFO - [2026-07-31T12:01:20.451+0000] {dag.py:3089} INFO - Sync 1 DAGs
[2026-07-31T12:01:20.480+0000] {logging_mixin.py:188} INFO - [2026-07-31T12:01:20.480+0000] {dag.py:3947} INFO - Setting next_dagrun for latest_only to 2026-07-31 08:00:00+00:00, run_after=2026-07-31 12:00:00+00:00
[2026-07-31T12:01:20.502+0000] {processor.py:183} INFO - Processing /home/airflow/.local/lib/python3.12/site-packages/airflow/example_dags/example_latest_only.py took 0.098 seconds
[2026-07-31T12:01:50.738+0000] {processor.py:161} INFO - Started process (PID=6860) to work on /home/airflow/.local/lib/python3.12/site-packages/airflow/example_dags/example_latest_only.py
[2026-07-31T12:01:50.739+0000] {processor.py:830} INFO - Processing file /home/airflow/.local/lib/python3.12/site-packages/airflow/example_dags/example_latest_only.py for tasks to queue
[2026-07-31T12:01:50.742+0000] {logging_mixin.py:188} INFO - [2026-07-31T12:01:50.742+0000] {dagbag.py:545} INFO - Filling up the DagBag from /home/airflow/.local/lib/python3.12/site-packages/airflow/example_dags/example_latest_only.py
[2026-07-31T12:01:50.750+0000] {processor.py:840} INFO - DAG(s) 'latest_only' retrieved from /home/airflow/.local/lib/python3.12/site-packages/airflow/example_dags/example_latest_only.py
[2026-07-31T12:01:50.780+0000] {logging_mixin.py:188} INFO - [2026-07-31T12:01:50.780+0000] {dag.py:3089} INFO - Sync 1 DAGs
[2026-07-31T12:01:50.810+0000] {logging_mixin.py:188} INFO - [2026-07-31T12:01:50.810+0000] {dag.py:3947} INFO - Setting next_dagrun for latest_only to 2026-07-31 08:00:00+00:00, run_after=2026-07-31 12:00:00+00:00
[2026-07-31T12:01:50.836+0000] {processor.py:183} INFO - Processing /home/airflow/.local/lib/python3.12/site-packages/airflow/example_dags/example_latest_only.py took 0.106 seconds
[2026-07-31T12:02:21.204+0000] {processor.py:161} INFO - Started process (PID=6917) to work on /home/airflow/.local/lib/python3.12/site-packages/airflow/example_dags/example_latest_only.py
[2026-07-31T12:02:21.206+0000] {processor.py:830} INFO - Processing file /home/airflow/.local/lib/python3.12/site-packages/airflow/example_dags/example_latest_only.py for tasks to queue
[2026-07-31T12:02:21.209+0000] {logging_mixin.py:188} INFO - [2026-07-31T12:02:21.208+0000] {dagbag.py:545} INFO - Filling up the DagBag from /home/airflow/.local/lib/python3.12/site-packages/airflow/example_dags/example_latest_only.py
[2026-07-31T12:02:21.217+0000] {processor.py:840} INFO - DAG(s) 'latest_only' retrieved from /home/airflow/.local/lib/python3.12/site-packages/airflow/example_dags/example_latest_only.py
[2026-07-31T12:02:21.245+0000] {logging_mixin.py:188} INFO - [2026-07-31T12:02:21.245+0000] {dag.py:3089} INFO - Sync 1 DAGs
[2026-07-31T12:02:21.275+0000] {logging_mixin.py:188} INFO - [2026-07-31T12:02:21.274+0000] {dag.py:3947} INFO - Setting next_dagrun for latest_only to 2026-07-31 08:00:00+00:00, run_after=2026-07-31 12:00:00+00:00
[2026-07-31T12:02:21.299+0000] {processor.py:183} INFO - Processing /home/airflow/.local/lib/python3.12/site-packages/airflow/example_dags/example_latest_only.py took 0.105 seconds
[2026-07-31T12:02:52.075+0000] {processor.py:161} INFO - Started process (PID=6974) to work on /home/airflow/.local/lib/python3.12/site-packages/airflow/example_dags/example_latest_only.py
[2026-07-31T12:02:52.077+0000] {processor.py:830} INFO - Processing file /home/airflow/.local/lib/python3.12/site-packages/airflow/example_dags/example_latest_only.py for tasks to queue
[2026-07-31T12:02:52.079+0000] {logging_mixin.py:188} INFO - [2026-07-31T12:02:52.079+0000] {dagbag.py:545} INFO - Filling up the DagBag from /home/airflow/.local/lib/python3.12/site-packages/airflow/example_dags/example_latest_only.py
[2026-07-31T12:02:52.085+0000] {processor.py:840} INFO - DAG(s) 'latest_only' retrieved from /home/airflow/.local/lib/python3.12/site-packages/airflow/example_dags/example_latest_only.py
[2026-07-31T12:02:52.112+0000] {logging_mixin.py:188} INFO - [2026-07-31T12:02:52.112+0000] {dag.py:3089} INFO - Sync 1 DAGs
[2026-07-31T12:02:52.139+0000] {logging_mixin.py:188} INFO - [2026-07-31T12:02:52.139+0000] {dag.py:3947} INFO - Setting next_dagrun for latest_only to 2026-07-31 08:00:00+00:00, run_after=2026-07-31 12:00:00+00:00
[2026-07-31T12:02:52.166+0000] {processor.py:183} INFO - Processing /home/airflow/.local/lib/python3.12/site-packages/airflow/example_dags/example_latest_only.py took 0.098 seconds
[2026-07-31T12:03:22.952+0000] {processor.py:161} INFO - Started process (PID=7032) to work on /home/airflow/.local/lib/python3.12/site-packages/airflow/example_dags/example_latest_only.py
[2026-07-31T12:03:22.954+0000] {processor.py:830} INFO - Processing file /home/airflow/.local/lib/python3.12/site-packages/airflow/example_dags/example_latest_only.py for tasks to queue
[2026-07-31T12:03:22.956+0000] {logging_mixin.py:188} INFO - [2026-07-31T12:03:22.956+0000] {dagbag.py:545} INFO - Filling up the DagBag from /home/airflow/.local/lib/python3.12/site-packages/airflow/example_dags/example_latest_only.py
[2026-07-31T12:03:22.962+0000] {processor.py:840} INFO - DAG(s) 'latest_only' retrieved from /home/airflow/.local/lib/python3.12/site-packages/airflow/example_dags/example_latest_only.py
[2026-07-31T12:03:22.984+0000] {logging_mixin.py:188} INFO - [2026-07-31T12:03:22.984+0000] {dag.py:3089} INFO - Sync 1 DAGs
[2026-07-31T12:03:23.014+0000] {logging_mixin.py:188} INFO - [2026-07-31T12:03:23.014+0000] {dag.py:3947} INFO - Setting next_dagrun for latest_only to 2026-07-31 08:00:00+00:00, run_after=2026-07-31 12:00:00+00:00
[2026-07-31T12:03:23.038+0000] {processor.py:183} INFO - Processing /home/airflow/.local/lib/python3.12/site-packages/airflow/example_dags/example_latest_only.py took 0.093 seconds
[2026-07-31T12:03:53.371+0000] {processor.py:161} INFO - Started process (PID=7090) to work on /home/airflow/.local/lib/python3.12/site-packages/airflow/example_dags/example_latest_only.py
[2026-07-31T12:03:53.372+0000] {processor.py:830} INFO - Processing file /home/airflow/.local/lib/python3.12/site-packages/airflow/example_dags/example_latest_only.py for tasks to queue
[2026-07-31T12:03:53.375+0000] {logging_mixin.py:188} INFO - [2026-07-31T12:03:53.374+0000] {dagbag.py:545} INFO - Filling up the DagBag from /home/airflow/.local/lib/python3.12/site-packages/airflow/example_dags/example_latest_only.py
[2026-07-31T12:03:53.380+0000] {processor.py:840} INFO - DAG(s) 'latest_only' retrieved from /home/airflow/.local/lib/python3.12/site-packages/airflow/example_dags/example_latest_only.py
[2026-07-31T12:03:53.409+0000] {logging_mixin.py:188} INFO - [2026-07-31T12:03:53.408+0000] {dag.py:3089} INFO - Sync 1 DAGs
[2026-07-31T12:03:53.448+0000] {logging_mixin.py:188} INFO - [2026-07-31T12:03:53.447+0000] {dag.py:3947} INFO - Setting next_dagrun for latest_only to 2026-07-31 08:00:00+00:00, run_after=2026-07-31 12:00:00+00:00
[2026-07-31T12:03:53.477+0000] {processor.py:183} INFO - Processing /home/airflow/.local/lib/python3.12/site-packages/airflow/example_dags/example_latest_only.py took 0.113 seconds
[2026-07-31T12:04:23.579+0000] {processor.py:161} INFO - Started process (PID=7149) to work on /home/airflow/.local/lib/python3.12/site-packages/airflow/example_dags/example_latest_only.py
[2026-07-31T12:04:23.580+0000] {processor.py:830} INFO - Processing file /home/airflow/.local/lib/python3.12/site-packages/airflow/example_dags/example_latest_only.py for tasks to queue
[2026-07-31T12:04:23.583+0000] {logging_mixin.py:188} INFO - [2026-07-31T12:04:23.582+0000] {dagbag.py:545} INFO - Filling up the DagBag from /home/airflow/.local/lib/python3.12/site-packages/airflow/example_dags/example_latest_only.py
[2026-07-31T12:04:23.588+0000] {processor.py:840} INFO - DAG(s) 'latest_only' retrieved from /home/airflow/.local/lib/python3.12/site-packages/airflow/example_dags/example_latest_only.py
[2026-07-31T12:04:23.611+0000] {logging_mixin.py:188} INFO - [2026-07-31T12:04:23.611+0000] {dag.py:3089} INFO - Sync 1 DAGs
[2026-07-31T12:04:23.639+0000] {logging_mixin.py:188} INFO - [2026-07-31T12:04:23.639+0000] {dag.py:3947} INFO - Setting next_dagrun for latest_only to 2026-07-31 08:00:00+00:00, run_after=2026-07-31 12:00:00+00:00
[2026-07-31T12:04:23.662+0000] {processor.py:183} INFO - Processing /home/airflow/.local/lib/python3.12/site-packages/airflow/example_dags/example_latest_only.py took 0.092 seconds
[2026-07-31T12:04:54.367+0000] {processor.py:161} INFO - Started process (PID=7206) to work on /home/airflow/.local/lib/python3.12/site-packages/airflow/example_dags/example_latest_only.py
[2026-07-31T12:04:54.368+0000] {processor.py:830} INFO - Processing file /home/airflow/.local/lib/python3.12/site-packages/airflow/example_dags/example_latest_only.py for tasks to queue
[2026-07-31T12:04:54.371+0000] {logging_mixin.py:188} INFO - [2026-07-31T12:04:54.371+0000] {dagbag.py:545} INFO - Filling up the DagBag from /home/airflow/.local/lib/python3.12/site-packages/airflow/example_dags/example_latest_only.py
[2026-07-31T12:04:54.380+0000] {processor.py:840} INFO - DAG(s) 'latest_only' retrieved from /home/airflow/.local/lib/python3.12/site-packages/airflow/example_dags/example_latest_only.py
[2026-07-31T12:04:54.411+0000] {logging_mixin.py:188} INFO - [2026-07-31T12:04:54.410+0000] {dag.py:3089} INFO - Sync 1 DAGs
[2026-07-31T12:04:54.446+0000] {logging_mixin.py:188} INFO - [2026-07-31T12:04:54.446+0000] {dag.py:3947} INFO - Setting next_dagrun for latest_only to 2026-07-31 08:00:00+00:00, run_after=2026-07-31 12:00:00+00:00
[2026-07-31T12:04:54.474+0000] {processor.py:183} INFO - Processing /home/airflow/.local/lib/python3.12/site-packages/airflow/example_dags/example_latest_only.py took 0.116 seconds
[2026-07-31T12:05:24.640+0000] {processor.py:161} INFO - Started process (PID=7265) to work on /home/airflow/.local/lib/python3.12/site-packages/airflow/example_dags/example_latest_only.py
[2026-07-31T12:05:24.642+0000] {processor.py:830} INFO - Processing file /home/airflow/.local/lib/python3.12/site-packages/airflow/example_dags/example_latest_only.py for tasks to queue
[2026-07-31T12:05:24.645+0000] {logging_mixin.py:188} INFO - [2026-07-31T12:05:24.645+0000] {dagbag.py:545} INFO - Filling up the DagBag from /home/airflow/.local/lib/python3.12/site-packages/airflow/example_dags/example_latest_only.py
[2026-07-31T12:05:24.655+0000] {processor.py:840} INFO - DAG(s) 'latest_only' retrieved from /home/airflow/.local/lib/python3.12/site-packages/airflow/example_dags/example_latest_only.py
[2026-07-31T12:05:24.683+0000] {logging_mixin.py:188} INFO - [2026-07-31T12:05:24.682+0000] {dag.py:3089} INFO - Sync 1 DAGs
[2026-07-31T12:05:24.714+0000] {logging_mixin.py:188} INFO - [2026-07-31T12:05:24.713+0000] {dag.py:3947} INFO - Setting next_dagrun for latest_only to 2026-07-31 08:00:00+00:00, run_after=2026-07-31 12:00:00+00:00
[2026-07-31T12:05:24.738+0000] {processor.py:183} INFO - Processing /home/airflow/.local/lib/python3.12/site-packages/airflow/example_dags/example_latest_only.py took 0.106 seconds
[2026-07-31T12:05:55.077+0000] {processor.py:161} INFO - Started process (PID=7323) to work on /home/airflow/.local/lib/python3.12/site-packages/airflow/example_dags/example_latest_only.py
[2026-07-31T12:05:55.079+0000] {processor.py:830} INFO - Processing file /home/airflow/.local/lib/python3.12/site-packages/airflow/example_dags/example_latest_only.py for tasks to queue
[2026-07-31T12:05:55.085+0000] {logging_mixin.py:188} INFO - [2026-07-31T12:05:55.084+0000] {dagbag.py:545} INFO - Filling up the DagBag from /home/airflow/.local/lib/python3.12/site-packages/airflow/example_dags/example_latest_only.py
[2026-07-31T12:05:55.096+0000] {processor.py:840} INFO - DAG(s) 'latest_only' retrieved from /home/airflow/.local/lib/python3.12/site-packages/airflow/example_dags/example_latest_only.py
[2026-07-31T12:05:55.148+0000] {logging_mixin.py:188} INFO - [2026-07-31T12:05:55.147+0000] {dag.py:3089} INFO - Sync 1 DAGs
[2026-07-31T12:05:55.205+0000] {logging_mixin.py:188} INFO - [2026-07-31T12:05:55.204+0000] {dag.py:3947} INFO - Setting next_dagrun for latest_only to 2026-07-31 08:00:00+00:00, run_after=2026-07-31 12:00:00+00:00
[2026-07-31T12:05:55.239+0000] {processor.py:183} INFO - Processing /home/airflow/.local/lib/python3.12/site-packages/airflow/example_dags/example_latest_only.py took 0.176 seconds
[2026-07-31T12:06:25.387+0000] {processor.py:161} INFO - Started process (PID=7381) to work on /home/airflow/.local/lib/python3.12/site-packages/airflow/example_dags/example_latest_only.py
[2026-07-31T12:06:25.389+0000] {processor.py:830} INFO - Processing file /home/airflow/.local/lib/python3.12/site-packages/airflow/example_dags/example_latest_only.py for tasks to queue
[2026-07-31T12:06:25.392+0000] {logging_mixin.py:188} INFO - [2026-07-31T12:06:25.391+0000] {dagbag.py:545} INFO - Filling up the DagBag from /home/airflow/.local/lib/python3.12/site-packages/airflow/example_dags/example_latest_only.py
[2026-07-31T12:06:25.398+0000] {processor.py:840} INFO - DAG(s) 'latest_only' retrieved from /home/airflow/.local/lib/python3.12/site-packages/airflow/example_dags/example_latest_only.py
[2026-07-31T12:06:25.428+0000] {logging_mixin.py:188} INFO - [2026-07-31T12:06:25.427+0000] {dag.py:3089} INFO - Sync 1 DAGs
[2026-07-31T12:06:25.461+0000] {logging_mixin.py:188} INFO - [2026-07-31T12:06:25.461+0000] {dag.py:3947} INFO - Setting next_dagrun for latest_only to 2026-07-31 08:00:00+00:00, run_after=2026-07-31 12:00:00+00:00
[2026-07-31T12:06:25.489+0000] {processor.py:183} INFO - Processing /home/airflow/.local/lib/python3.12/site-packages/airflow/example_dags/example_latest_only.py took 0.110 seconds
[2026-07-31T12:06:55.971+0000] {processor.py:161} INFO - Started process (PID=7439) to work on /home/airflow/.local/lib/python3.12/site-packages/airflow/example_dags/example_latest_only.py
[2026-07-31T12:06:55.976+0000] {processor.py:830} INFO - Processing file /home/airflow/.local/lib/python3.12/site-packages/airflow/example_dags/example_latest_only.py for tasks to queue
[2026-07-31T12:06:55.982+0000] {logging_mixin.py:188} INFO - [2026-07-31T12:06:55.982+0000] {dagbag.py:545} INFO - Filling up the DagBag from /home/airflow/.local/lib/python3.12/site-packages/airflow/example_dags/example_latest_only.py
[2026-07-31T12:06:55.994+0000] {processor.py:840} INFO - DAG(s) 'latest_only' retrieved from /home/airflow/.local/lib/python3.12/site-packages/airflow/example_dags/example_latest_only.py
[2026-07-31T12:06:56.027+0000] {logging_mixin.py:188} INFO - [2026-07-31T12:06:56.026+0000] {dag.py:3089} INFO - Sync 1 DAGs
[2026-07-31T12:06:56.056+0000] {logging_mixin.py:188} INFO - [2026-07-31T12:06:56.056+0000] {dag.py:3947} INFO - Setting next_dagrun for latest_only to 2026-07-31 08:00:00+00:00, run_after=2026-07-31 12:00:00+00:00
[2026-07-31T12:06:56.087+0000] {processor.py:183} INFO - Processing /home/airflow/.local/lib/python3.12/site-packages/airflow/example_dags/example_latest_only.py took 0.132 seconds
[2026-07-31T12:07:26.333+0000] {processor.py:161} INFO - Started process (PID=7497) to work on /home/airflow/.local/lib/python3.12/site-packages/airflow/example_dags/example_latest_only.py
[2026-07-31T12:07:26.335+0000] {processor.py:830} INFO - Processing file /home/airflow/.local/lib/python3.12/site-packages/airflow/example_dags/example_latest_only.py for tasks to queue
[2026-07-31T12:07:26.339+0000] {logging_mixin.py:188} INFO - [2026-07-31T12:07:26.339+0000] {dagbag.py:545} INFO - Filling up the DagBag from /home/airflow/.local/lib/python3.12/site-packages/airflow/example_dags/example_latest_only.py
[2026-07-31T12:07:26.345+0000] {processor.py:840} INFO - DAG(s) 'latest_only' retrieved from /home/airflow/.local/lib/python3.12/site-packages/airflow/example_dags/example_latest_only.py
[2026-07-31T12:07:26.369+0000] {logging_mixin.py:188} INFO - [2026-07-31T12:07:26.369+0000] {dag.py:3089} INFO - Sync 1 DAGs
[2026-07-31T12:07:26.399+0000] {logging_mixin.py:188} INFO - [2026-07-31T12:07:26.399+0000] {dag.py:3947} INFO - Setting next_dagrun for latest_only to 2026-07-31 08:00:00+00:00, run_after=2026-07-31 12:00:00+00:00
[2026-07-31T12:07:26.425+0000] {processor.py:183} INFO - Processing /home/airflow/.local/lib/python3.12/site-packages/airflow/example_dags/example_latest_only.py took 0.099 seconds
