[2026-07-31T10:53:17.644+0000] {processor.py:161} INFO - Started process (PID=124) to work on /home/airflow/.local/lib/python3.12/site-packages/airflow/example_dags/example_dynamic_task_mapping_with_no_taskflow_operators.py
[2026-07-31T10:53:17.652+0000] {processor.py:830} INFO - Processing file /home/airflow/.local/lib/python3.12/site-packages/airflow/example_dags/example_dynamic_task_mapping_with_no_taskflow_operators.py for tasks to queue
[2026-07-31T10:53:17.715+0000] {logging_mixin.py:188} INFO - [2026-07-31T10:53:17.683+0000] {dagbag.py:545} INFO - Filling up the DagBag from /home/airflow/.local/lib/python3.12/site-packages/airflow/example_dags/example_dynamic_task_mapping_with_no_taskflow_operators.py
[2026-07-31T10:53:17.806+0000] {processor.py:840} INFO - DAG(s) 'example_dynamic_task_mapping_with_no_taskflow_operators' retrieved from /home/airflow/.local/lib/python3.12/site-packages/airflow/example_dags/example_dynamic_task_mapping_with_no_taskflow_operators.py
[2026-07-31T10:53:19.011+0000] {logging_mixin.py:188} INFO - [2026-07-31T10:53:19.010+0000] {dag.py:3089} INFO - Sync 1 DAGs
[2026-07-31T10:53:19.311+0000] {logging_mixin.py:188} INFO - [2026-07-31T10:53:19.310+0000] {dag.py:3947} INFO - Setting next_dagrun for example_dynamic_task_mapping_with_no_taskflow_operators to 2026-07-30 00:00:00+00:00, run_after=2026-07-31 00:00:00+00:00
[2026-07-31T10:53:19.570+0000] {processor.py:183} INFO - Processing /home/airflow/.local/lib/python3.12/site-packages/airflow/example_dags/example_dynamic_task_mapping_with_no_taskflow_operators.py took 1.958 seconds
[2026-07-31T10:54:28.831+0000] {processor.py:161} INFO - Started process (PID=193) to work on /home/airflow/.local/lib/python3.12/site-packages/airflow/example_dags/example_dynamic_task_mapping_with_no_taskflow_operators.py
[2026-07-31T10:54:28.845+0000] {processor.py:830} INFO - Processing file /home/airflow/.local/lib/python3.12/site-packages/airflow/example_dags/example_dynamic_task_mapping_with_no_taskflow_operators.py for tasks to queue
[2026-07-31T10:54:28.875+0000] {logging_mixin.py:188} INFO - [2026-07-31T10:54:28.874+0000] {dagbag.py:545} INFO - Filling up the DagBag from /home/airflow/.local/lib/python3.12/site-packages/airflow/example_dags/example_dynamic_task_mapping_with_no_taskflow_operators.py
[2026-07-31T10:54:29.099+0000] {processor.py:840} INFO - DAG(s) 'example_dynamic_task_mapping_with_no_taskflow_operators' retrieved from /home/airflow/.local/lib/python3.12/site-packages/airflow/example_dags/example_dynamic_task_mapping_with_no_taskflow_operators.py
[2026-07-31T10:54:29.403+0000] {logging_mixin.py:188} INFO - [2026-07-31T10:54:29.402+0000] {dag.py:3089} INFO - Sync 1 DAGs
[2026-07-31T10:54:29.669+0000] {logging_mixin.py:188} INFO - [2026-07-31T10:54:29.664+0000] {dag.py:3947} INFO - Setting next_dagrun for example_dynamic_task_mapping_with_no_taskflow_operators to 2026-07-30 00:00:00+00:00, run_after=2026-07-31 00:00:00+00:00
[2026-07-31T10:54:29.825+0000] {processor.py:183} INFO - Processing /home/airflow/.local/lib/python3.12/site-packages/airflow/example_dags/example_dynamic_task_mapping_with_no_taskflow_operators.py took 1.110 seconds
[2026-07-31T10:55:19.658+0000] {processor.py:161} INFO - Started process (PID=247) to work on /home/airflow/.local/lib/python3.12/site-packages/airflow/example_dags/example_dynamic_task_mapping_with_no_taskflow_operators.py
[2026-07-31T10:55:19.666+0000] {processor.py:830} INFO - Processing file /home/airflow/.local/lib/python3.12/site-packages/airflow/example_dags/example_dynamic_task_mapping_with_no_taskflow_operators.py for tasks to queue
[2026-07-31T10:55:19.681+0000] {logging_mixin.py:188} INFO - [2026-07-31T10:55:19.680+0000] {dagbag.py:545} INFO - Filling up the DagBag from /home/airflow/.local/lib/python3.12/site-packages/airflow/example_dags/example_dynamic_task_mapping_with_no_taskflow_operators.py
[2026-07-31T10:55:19.787+0000] {processor.py:840} INFO - DAG(s) 'example_dynamic_task_mapping_with_no_taskflow_operators' retrieved from /home/airflow/.local/lib/python3.12/site-packages/airflow/example_dags/example_dynamic_task_mapping_with_no_taskflow_operators.py
[2026-07-31T10:55:19.907+0000] {logging_mixin.py:188} INFO - [2026-07-31T10:55:19.906+0000] {dag.py:3089} INFO - Sync 1 DAGs
[2026-07-31T10:55:20.061+0000] {logging_mixin.py:188} INFO - [2026-07-31T10:55:20.048+0000] {dag.py:3947} INFO - Setting next_dagrun for example_dynamic_task_mapping_with_no_taskflow_operators to 2026-07-30 00:00:00+00:00, run_after=2026-07-31 00:00:00+00:00
[2026-07-31T10:55:20.197+0000] {processor.py:183} INFO - Processing /home/airflow/.local/lib/python3.12/site-packages/airflow/example_dags/example_dynamic_task_mapping_with_no_taskflow_operators.py took 0.575 seconds
[2026-07-31T10:55:50.372+0000] {processor.py:161} INFO - Started process (PID=305) to work on /home/airflow/.local/lib/python3.12/site-packages/airflow/example_dags/example_dynamic_task_mapping_with_no_taskflow_operators.py
[2026-07-31T10:55:50.375+0000] {processor.py:830} INFO - Processing file /home/airflow/.local/lib/python3.12/site-packages/airflow/example_dags/example_dynamic_task_mapping_with_no_taskflow_operators.py for tasks to queue
[2026-07-31T10:55:50.385+0000] {logging_mixin.py:188} INFO - [2026-07-31T10:55:50.383+0000] {dagbag.py:545} INFO - Filling up the DagBag from /home/airflow/.local/lib/python3.12/site-packages/airflow/example_dags/example_dynamic_task_mapping_with_no_taskflow_operators.py
[2026-07-31T10:55:50.402+0000] {processor.py:840} INFO - DAG(s) 'example_dynamic_task_mapping_with_no_taskflow_operators' retrieved from /home/airflow/.local/lib/python3.12/site-packages/airflow/example_dags/example_dynamic_task_mapping_with_no_taskflow_operators.py
[2026-07-31T10:55:50.445+0000] {logging_mixin.py:188} INFO - [2026-07-31T10:55:50.445+0000] {dag.py:3089} INFO - Sync 1 DAGs
[2026-07-31T10:55:50.500+0000] {logging_mixin.py:188} INFO - [2026-07-31T10:55:50.500+0000] {dag.py:3947} INFO - Setting next_dagrun for example_dynamic_task_mapping_with_no_taskflow_operators to 2026-07-30 00:00:00+00:00, run_after=2026-07-31 00:00:00+00:00
[2026-07-31T10:55:50.547+0000] {processor.py:183} INFO - Processing /home/airflow/.local/lib/python3.12/site-packages/airflow/example_dags/example_dynamic_task_mapping_with_no_taskflow_operators.py took 0.194 seconds
[2026-07-31T10:56:21.146+0000] {processor.py:161} INFO - Started process (PID=363) to work on /home/airflow/.local/lib/python3.12/site-packages/airflow/example_dags/example_dynamic_task_mapping_with_no_taskflow_operators.py
[2026-07-31T10:56:21.151+0000] {processor.py:830} INFO - Processing file /home/airflow/.local/lib/python3.12/site-packages/airflow/example_dags/example_dynamic_task_mapping_with_no_taskflow_operators.py for tasks to queue
[2026-07-31T10:56:21.159+0000] {logging_mixin.py:188} INFO - [2026-07-31T10:56:21.158+0000] {dagbag.py:545} INFO - Filling up the DagBag from /home/airflow/.local/lib/python3.12/site-packages/airflow/example_dags/example_dynamic_task_mapping_with_no_taskflow_operators.py
[2026-07-31T10:56:21.192+0000] {processor.py:840} INFO - DAG(s) 'example_dynamic_task_mapping_with_no_taskflow_operators' retrieved from /home/airflow/.local/lib/python3.12/site-packages/airflow/example_dags/example_dynamic_task_mapping_with_no_taskflow_operators.py
[2026-07-31T10:56:21.325+0000] {logging_mixin.py:188} INFO - [2026-07-31T10:56:21.324+0000] {dag.py:3089} INFO - Sync 1 DAGs
[2026-07-31T10:56:21.425+0000] {logging_mixin.py:188} INFO - [2026-07-31T10:56:21.422+0000] {dag.py:3947} INFO - Setting next_dagrun for example_dynamic_task_mapping_with_no_taskflow_operators to 2026-07-30 00:00:00+00:00, run_after=2026-07-31 00:00:00+00:00
[2026-07-31T10:56:21.516+0000] {processor.py:183} INFO - Processing /home/airflow/.local/lib/python3.12/site-packages/airflow/example_dags/example_dynamic_task_mapping_with_no_taskflow_operators.py took 0.395 seconds
[2026-07-31T10:56:58.188+0000] {processor.py:161} INFO - Started process (PID=421) to work on /home/airflow/.local/lib/python3.12/site-packages/airflow/example_dags/example_dynamic_task_mapping_with_no_taskflow_operators.py
[2026-07-31T10:56:58.190+0000] {processor.py:830} INFO - Processing file /home/airflow/.local/lib/python3.12/site-packages/airflow/example_dags/example_dynamic_task_mapping_with_no_taskflow_operators.py for tasks to queue
[2026-07-31T10:56:58.200+0000] {logging_mixin.py:188} INFO - [2026-07-31T10:56:58.199+0000] {dagbag.py:545} INFO - Filling up the DagBag from /home/airflow/.local/lib/python3.12/site-packages/airflow/example_dags/example_dynamic_task_mapping_with_no_taskflow_operators.py
[2026-07-31T10:56:58.222+0000] {processor.py:840} INFO - DAG(s) 'example_dynamic_task_mapping_with_no_taskflow_operators' retrieved from /home/airflow/.local/lib/python3.12/site-packages/airflow/example_dags/example_dynamic_task_mapping_with_no_taskflow_operators.py
[2026-07-31T10:56:58.283+0000] {logging_mixin.py:188} INFO - [2026-07-31T10:56:58.282+0000] {dag.py:3089} INFO - Sync 1 DAGs
[2026-07-31T10:56:58.345+0000] {logging_mixin.py:188} INFO - [2026-07-31T10:56:58.344+0000] {dag.py:3947} INFO - Setting next_dagrun for example_dynamic_task_mapping_with_no_taskflow_operators to 2026-07-30 00:00:00+00:00, run_after=2026-07-31 00:00:00+00:00
[2026-07-31T10:56:58.392+0000] {processor.py:183} INFO - Processing /home/airflow/.local/lib/python3.12/site-packages/airflow/example_dags/example_dynamic_task_mapping_with_no_taskflow_operators.py took 0.220 seconds
[2026-07-31T10:57:32.191+0000] {processor.py:161} INFO - Started process (PID=479) to work on /home/airflow/.local/lib/python3.12/site-packages/airflow/example_dags/example_dynamic_task_mapping_with_no_taskflow_operators.py
[2026-07-31T10:57:32.194+0000] {processor.py:830} INFO - Processing file /home/airflow/.local/lib/python3.12/site-packages/airflow/example_dags/example_dynamic_task_mapping_with_no_taskflow_operators.py for tasks to queue
[2026-07-31T10:57:32.199+0000] {logging_mixin.py:188} INFO - [2026-07-31T10:57:32.198+0000] {dagbag.py:545} INFO - Filling up the DagBag from /home/airflow/.local/lib/python3.12/site-packages/airflow/example_dags/example_dynamic_task_mapping_with_no_taskflow_operators.py
[2026-07-31T10:57:32.219+0000] {processor.py:840} INFO - DAG(s) 'example_dynamic_task_mapping_with_no_taskflow_operators' retrieved from /home/airflow/.local/lib/python3.12/site-packages/airflow/example_dags/example_dynamic_task_mapping_with_no_taskflow_operators.py
[2026-07-31T10:57:32.348+0000] {logging_mixin.py:188} INFO - [2026-07-31T10:57:32.348+0000] {dag.py:3089} INFO - Sync 1 DAGs
[2026-07-31T10:57:32.486+0000] {logging_mixin.py:188} INFO - [2026-07-31T10:57:32.485+0000] {dag.py:3947} INFO - Setting next_dagrun for example_dynamic_task_mapping_with_no_taskflow_operators to 2026-07-30 00:00:00+00:00, run_after=2026-07-31 00:00:00+00:00
[2026-07-31T10:57:32.598+0000] {processor.py:183} INFO - Processing /home/airflow/.local/lib/python3.12/site-packages/airflow/example_dags/example_dynamic_task_mapping_with_no_taskflow_operators.py took 0.425 seconds
[2026-07-31T10:58:03.795+0000] {processor.py:161} INFO - Started process (PID=537) to work on /home/airflow/.local/lib/python3.12/site-packages/airflow/example_dags/example_dynamic_task_mapping_with_no_taskflow_operators.py
[2026-07-31T10:58:03.807+0000] {processor.py:830} INFO - Processing file /home/airflow/.local/lib/python3.12/site-packages/airflow/example_dags/example_dynamic_task_mapping_with_no_taskflow_operators.py for tasks to queue
[2026-07-31T10:58:03.816+0000] {logging_mixin.py:188} INFO - [2026-07-31T10:58:03.815+0000] {dagbag.py:545} INFO - Filling up the DagBag from /home/airflow/.local/lib/python3.12/site-packages/airflow/example_dags/example_dynamic_task_mapping_with_no_taskflow_operators.py
[2026-07-31T10:58:03.867+0000] {processor.py:840} INFO - DAG(s) 'example_dynamic_task_mapping_with_no_taskflow_operators' retrieved from /home/airflow/.local/lib/python3.12/site-packages/airflow/example_dags/example_dynamic_task_mapping_with_no_taskflow_operators.py
[2026-07-31T10:58:03.940+0000] {logging_mixin.py:188} INFO - [2026-07-31T10:58:03.939+0000] {dag.py:3089} INFO - Sync 1 DAGs
[2026-07-31T10:58:04.034+0000] {logging_mixin.py:188} INFO - [2026-07-31T10:58:04.034+0000] {dag.py:3947} INFO - Setting next_dagrun for example_dynamic_task_mapping_with_no_taskflow_operators to 2026-07-30 00:00:00+00:00, run_after=2026-07-31 00:00:00+00:00
[2026-07-31T10:58:04.102+0000] {processor.py:183} INFO - Processing /home/airflow/.local/lib/python3.12/site-packages/airflow/example_dags/example_dynamic_task_mapping_with_no_taskflow_operators.py took 0.342 seconds
[2026-07-31T10:58:34.693+0000] {processor.py:161} INFO - Started process (PID=595) to work on /home/airflow/.local/lib/python3.12/site-packages/airflow/example_dags/example_dynamic_task_mapping_with_no_taskflow_operators.py
[2026-07-31T10:58:34.695+0000] {processor.py:830} INFO - Processing file /home/airflow/.local/lib/python3.12/site-packages/airflow/example_dags/example_dynamic_task_mapping_with_no_taskflow_operators.py for tasks to queue
[2026-07-31T10:58:34.699+0000] {logging_mixin.py:188} INFO - [2026-07-31T10:58:34.698+0000] {dagbag.py:545} INFO - Filling up the DagBag from /home/airflow/.local/lib/python3.12/site-packages/airflow/example_dags/example_dynamic_task_mapping_with_no_taskflow_operators.py
[2026-07-31T10:58:34.713+0000] {processor.py:840} INFO - DAG(s) 'example_dynamic_task_mapping_with_no_taskflow_operators' retrieved from /home/airflow/.local/lib/python3.12/site-packages/airflow/example_dags/example_dynamic_task_mapping_with_no_taskflow_operators.py
[2026-07-31T10:58:34.749+0000] {logging_mixin.py:188} INFO - [2026-07-31T10:58:34.748+0000] {dag.py:3089} INFO - Sync 1 DAGs
[2026-07-31T10:58:34.818+0000] {logging_mixin.py:188} INFO - [2026-07-31T10:58:34.815+0000] {dag.py:3947} INFO - Setting next_dagrun for example_dynamic_task_mapping_with_no_taskflow_operators to 2026-07-30 00:00:00+00:00, run_after=2026-07-31 00:00:00+00:00
[2026-07-31T10:58:34.874+0000] {processor.py:183} INFO - Processing /home/airflow/.local/lib/python3.12/site-packages/airflow/example_dags/example_dynamic_task_mapping_with_no_taskflow_operators.py took 0.193 seconds
[2026-07-31T10:59:05.169+0000] {processor.py:161} INFO - Started process (PID=651) to work on /home/airflow/.local/lib/python3.12/site-packages/airflow/example_dags/example_dynamic_task_mapping_with_no_taskflow_operators.py
[2026-07-31T10:59:05.171+0000] {processor.py:830} INFO - Processing file /home/airflow/.local/lib/python3.12/site-packages/airflow/example_dags/example_dynamic_task_mapping_with_no_taskflow_operators.py for tasks to queue
[2026-07-31T10:59:05.179+0000] {logging_mixin.py:188} INFO - [2026-07-31T10:59:05.178+0000] {dagbag.py:545} INFO - Filling up the DagBag from /home/airflow/.local/lib/python3.12/site-packages/airflow/example_dags/example_dynamic_task_mapping_with_no_taskflow_operators.py
[2026-07-31T10:59:05.196+0000] {processor.py:840} INFO - DAG(s) 'example_dynamic_task_mapping_with_no_taskflow_operators' retrieved from /home/airflow/.local/lib/python3.12/site-packages/airflow/example_dags/example_dynamic_task_mapping_with_no_taskflow_operators.py
[2026-07-31T10:59:05.244+0000] {logging_mixin.py:188} INFO - [2026-07-31T10:59:05.244+0000] {dag.py:3089} INFO - Sync 1 DAGs
[2026-07-31T10:59:05.308+0000] {logging_mixin.py:188} INFO - [2026-07-31T10:59:05.307+0000] {dag.py:3947} INFO - Setting next_dagrun for example_dynamic_task_mapping_with_no_taskflow_operators to 2026-07-30 00:00:00+00:00, run_after=2026-07-31 00:00:00+00:00
[2026-07-31T10:59:05.358+0000] {processor.py:183} INFO - Processing /home/airflow/.local/lib/python3.12/site-packages/airflow/example_dags/example_dynamic_task_mapping_with_no_taskflow_operators.py took 0.203 seconds
[2026-07-31T10:59:35.679+0000] {processor.py:161} INFO - Started process (PID=715) to work on /home/airflow/.local/lib/python3.12/site-packages/airflow/example_dags/example_dynamic_task_mapping_with_no_taskflow_operators.py
[2026-07-31T10:59:35.681+0000] {processor.py:830} INFO - Processing file /home/airflow/.local/lib/python3.12/site-packages/airflow/example_dags/example_dynamic_task_mapping_with_no_taskflow_operators.py for tasks to queue
[2026-07-31T10:59:35.684+0000] {logging_mixin.py:188} INFO - [2026-07-31T10:59:35.684+0000] {dagbag.py:545} INFO - Filling up the DagBag from /home/airflow/.local/lib/python3.12/site-packages/airflow/example_dags/example_dynamic_task_mapping_with_no_taskflow_operators.py
[2026-07-31T10:59:35.695+0000] {processor.py:840} INFO - DAG(s) 'example_dynamic_task_mapping_with_no_taskflow_operators' retrieved from /home/airflow/.local/lib/python3.12/site-packages/airflow/example_dags/example_dynamic_task_mapping_with_no_taskflow_operators.py
[2026-07-31T10:59:35.739+0000] {logging_mixin.py:188} INFO - [2026-07-31T10:59:35.738+0000] {dag.py:3089} INFO - Sync 1 DAGs
[2026-07-31T10:59:35.773+0000] {logging_mixin.py:188} INFO - [2026-07-31T10:59:35.773+0000] {dag.py:3947} INFO - Setting next_dagrun for example_dynamic_task_mapping_with_no_taskflow_operators to 2026-07-30 00:00:00+00:00, run_after=2026-07-31 00:00:00+00:00
[2026-07-31T10:59:35.808+0000] {processor.py:183} INFO - Processing /home/airflow/.local/lib/python3.12/site-packages/airflow/example_dags/example_dynamic_task_mapping_with_no_taskflow_operators.py took 0.140 seconds
[2026-07-31T11:00:06.210+0000] {processor.py:161} INFO - Started process (PID=773) to work on /home/airflow/.local/lib/python3.12/site-packages/airflow/example_dags/example_dynamic_task_mapping_with_no_taskflow_operators.py
[2026-07-31T11:00:06.212+0000] {processor.py:830} INFO - Processing file /home/airflow/.local/lib/python3.12/site-packages/airflow/example_dags/example_dynamic_task_mapping_with_no_taskflow_operators.py for tasks to queue
[2026-07-31T11:00:06.215+0000] {logging_mixin.py:188} INFO - [2026-07-31T11:00:06.214+0000] {dagbag.py:545} INFO - Filling up the DagBag from /home/airflow/.local/lib/python3.12/site-packages/airflow/example_dags/example_dynamic_task_mapping_with_no_taskflow_operators.py
[2026-07-31T11:00:06.223+0000] {processor.py:840} INFO - DAG(s) 'example_dynamic_task_mapping_with_no_taskflow_operators' retrieved from /home/airflow/.local/lib/python3.12/site-packages/airflow/example_dags/example_dynamic_task_mapping_with_no_taskflow_operators.py
[2026-07-31T11:00:06.255+0000] {logging_mixin.py:188} INFO - [2026-07-31T11:00:06.255+0000] {dag.py:3089} INFO - Sync 1 DAGs
[2026-07-31T11:00:06.341+0000] {logging_mixin.py:188} INFO - [2026-07-31T11:00:06.340+0000] {dag.py:3947} INFO - Setting next_dagrun for example_dynamic_task_mapping_with_no_taskflow_operators to 2026-07-30 00:00:00+00:00, run_after=2026-07-31 00:00:00+00:00
[2026-07-31T11:00:06.429+0000] {processor.py:183} INFO - Processing /home/airflow/.local/lib/python3.12/site-packages/airflow/example_dags/example_dynamic_task_mapping_with_no_taskflow_operators.py took 0.227 seconds
[2026-07-31T11:00:37.300+0000] {processor.py:161} INFO - Started process (PID=831) to work on /home/airflow/.local/lib/python3.12/site-packages/airflow/example_dags/example_dynamic_task_mapping_with_no_taskflow_operators.py
[2026-07-31T11:00:37.309+0000] {processor.py:830} INFO - Processing file /home/airflow/.local/lib/python3.12/site-packages/airflow/example_dags/example_dynamic_task_mapping_with_no_taskflow_operators.py for tasks to queue
[2026-07-31T11:00:37.319+0000] {logging_mixin.py:188} INFO - [2026-07-31T11:00:37.318+0000] {dagbag.py:545} INFO - Filling up the DagBag from /home/airflow/.local/lib/python3.12/site-packages/airflow/example_dags/example_dynamic_task_mapping_with_no_taskflow_operators.py
[2026-07-31T11:00:37.378+0000] {processor.py:840} INFO - DAG(s) 'example_dynamic_task_mapping_with_no_taskflow_operators' retrieved from /home/airflow/.local/lib/python3.12/site-packages/airflow/example_dags/example_dynamic_task_mapping_with_no_taskflow_operators.py
[2026-07-31T11:00:37.457+0000] {logging_mixin.py:188} INFO - [2026-07-31T11:00:37.448+0000] {dag.py:3089} INFO - Sync 1 DAGs
[2026-07-31T11:00:37.545+0000] {logging_mixin.py:188} INFO - [2026-07-31T11:00:37.544+0000] {dag.py:3947} INFO - Setting next_dagrun for example_dynamic_task_mapping_with_no_taskflow_operators to 2026-07-30 00:00:00+00:00, run_after=2026-07-31 00:00:00+00:00
[2026-07-31T11:00:37.613+0000] {processor.py:183} INFO - Processing /home/airflow/.local/lib/python3.12/site-packages/airflow/example_dags/example_dynamic_task_mapping_with_no_taskflow_operators.py took 0.347 seconds
[2026-07-31T11:01:08.385+0000] {processor.py:161} INFO - Started process (PID=889) to work on /home/airflow/.local/lib/python3.12/site-packages/airflow/example_dags/example_dynamic_task_mapping_with_no_taskflow_operators.py
[2026-07-31T11:01:08.386+0000] {processor.py:830} INFO - Processing file /home/airflow/.local/lib/python3.12/site-packages/airflow/example_dags/example_dynamic_task_mapping_with_no_taskflow_operators.py for tasks to queue
[2026-07-31T11:01:08.389+0000] {logging_mixin.py:188} INFO - [2026-07-31T11:01:08.388+0000] {dagbag.py:545} INFO - Filling up the DagBag from /home/airflow/.local/lib/python3.12/site-packages/airflow/example_dags/example_dynamic_task_mapping_with_no_taskflow_operators.py
[2026-07-31T11:01:08.398+0000] {processor.py:840} INFO - DAG(s) 'example_dynamic_task_mapping_with_no_taskflow_operators' retrieved from /home/airflow/.local/lib/python3.12/site-packages/airflow/example_dags/example_dynamic_task_mapping_with_no_taskflow_operators.py
[2026-07-31T11:01:08.427+0000] {logging_mixin.py:188} INFO - [2026-07-31T11:01:08.427+0000] {dag.py:3089} INFO - Sync 1 DAGs
[2026-07-31T11:01:08.457+0000] {logging_mixin.py:188} INFO - [2026-07-31T11:01:08.457+0000] {dag.py:3947} INFO - Setting next_dagrun for example_dynamic_task_mapping_with_no_taskflow_operators to 2026-07-30 00:00:00+00:00, run_after=2026-07-31 00:00:00+00:00
[2026-07-31T11:01:08.486+0000] {processor.py:183} INFO - Processing /home/airflow/.local/lib/python3.12/site-packages/airflow/example_dags/example_dynamic_task_mapping_with_no_taskflow_operators.py took 0.110 seconds
[2026-07-31T11:01:39.009+0000] {processor.py:161} INFO - Started process (PID=947) to work on /home/airflow/.local/lib/python3.12/site-packages/airflow/example_dags/example_dynamic_task_mapping_with_no_taskflow_operators.py
[2026-07-31T11:01:39.014+0000] {processor.py:830} INFO - Processing file /home/airflow/.local/lib/python3.12/site-packages/airflow/example_dags/example_dynamic_task_mapping_with_no_taskflow_operators.py for tasks to queue
[2026-07-31T11:01:39.025+0000] {logging_mixin.py:188} INFO - [2026-07-31T11:01:39.024+0000] {dagbag.py:545} INFO - Filling up the DagBag from /home/airflow/.local/lib/python3.12/site-packages/airflow/example_dags/example_dynamic_task_mapping_with_no_taskflow_operators.py
[2026-07-31T11:01:39.050+0000] {processor.py:840} INFO - DAG(s) 'example_dynamic_task_mapping_with_no_taskflow_operators' retrieved from /home/airflow/.local/lib/python3.12/site-packages/airflow/example_dags/example_dynamic_task_mapping_with_no_taskflow_operators.py
[2026-07-31T11:01:39.090+0000] {logging_mixin.py:188} INFO - [2026-07-31T11:01:39.089+0000] {dag.py:3089} INFO - Sync 1 DAGs
[2026-07-31T11:01:39.134+0000] {logging_mixin.py:188} INFO - [2026-07-31T11:01:39.134+0000] {dag.py:3947} INFO - Setting next_dagrun for example_dynamic_task_mapping_with_no_taskflow_operators to 2026-07-30 00:00:00+00:00, run_after=2026-07-31 00:00:00+00:00
[2026-07-31T11:01:39.175+0000] {processor.py:183} INFO - Processing /home/airflow/.local/lib/python3.12/site-packages/airflow/example_dags/example_dynamic_task_mapping_with_no_taskflow_operators.py took 0.186 seconds
[2026-07-31T11:02:09.864+0000] {processor.py:161} INFO - Started process (PID=1005) to work on /home/airflow/.local/lib/python3.12/site-packages/airflow/example_dags/example_dynamic_task_mapping_with_no_taskflow_operators.py
[2026-07-31T11:02:09.866+0000] {processor.py:830} INFO - Processing file /home/airflow/.local/lib/python3.12/site-packages/airflow/example_dags/example_dynamic_task_mapping_with_no_taskflow_operators.py for tasks to queue
[2026-07-31T11:02:09.869+0000] {logging_mixin.py:188} INFO - [2026-07-31T11:02:09.868+0000] {dagbag.py:545} INFO - Filling up the DagBag from /home/airflow/.local/lib/python3.12/site-packages/airflow/example_dags/example_dynamic_task_mapping_with_no_taskflow_operators.py
[2026-07-31T11:02:09.879+0000] {processor.py:840} INFO - DAG(s) 'example_dynamic_task_mapping_with_no_taskflow_operators' retrieved from /home/airflow/.local/lib/python3.12/site-packages/airflow/example_dags/example_dynamic_task_mapping_with_no_taskflow_operators.py
[2026-07-31T11:02:09.909+0000] {logging_mixin.py:188} INFO - [2026-07-31T11:02:09.909+0000] {dag.py:3089} INFO - Sync 1 DAGs
[2026-07-31T11:02:09.950+0000] {logging_mixin.py:188} INFO - [2026-07-31T11:02:09.950+0000] {dag.py:3947} INFO - Setting next_dagrun for example_dynamic_task_mapping_with_no_taskflow_operators to 2026-07-30 00:00:00+00:00, run_after=2026-07-31 00:00:00+00:00
[2026-07-31T11:02:09.993+0000] {processor.py:183} INFO - Processing /home/airflow/.local/lib/python3.12/site-packages/airflow/example_dags/example_dynamic_task_mapping_with_no_taskflow_operators.py took 0.137 seconds
[2026-07-31T11:02:48.506+0000] {processor.py:161} INFO - Started process (PID=1063) to work on /home/airflow/.local/lib/python3.12/site-packages/airflow/example_dags/example_dynamic_task_mapping_with_no_taskflow_operators.py
[2026-07-31T11:02:48.512+0000] {processor.py:830} INFO - Processing file /home/airflow/.local/lib/python3.12/site-packages/airflow/example_dags/example_dynamic_task_mapping_with_no_taskflow_operators.py for tasks to queue
[2026-07-31T11:02:48.524+0000] {logging_mixin.py:188} INFO - [2026-07-31T11:02:48.523+0000] {dagbag.py:545} INFO - Filling up the DagBag from /home/airflow/.local/lib/python3.12/site-packages/airflow/example_dags/example_dynamic_task_mapping_with_no_taskflow_operators.py
[2026-07-31T11:02:48.566+0000] {processor.py:840} INFO - DAG(s) 'example_dynamic_task_mapping_with_no_taskflow_operators' retrieved from /home/airflow/.local/lib/python3.12/site-packages/airflow/example_dags/example_dynamic_task_mapping_with_no_taskflow_operators.py
[2026-07-31T11:02:48.693+0000] {logging_mixin.py:188} INFO - [2026-07-31T11:02:48.692+0000] {dag.py:3089} INFO - Sync 1 DAGs
[2026-07-31T11:02:48.940+0000] {logging_mixin.py:188} INFO - [2026-07-31T11:02:48.936+0000] {dag.py:3947} INFO - Setting next_dagrun for example_dynamic_task_mapping_with_no_taskflow_operators to 2026-07-30 00:00:00+00:00, run_after=2026-07-31 00:00:00+00:00
[2026-07-31T11:02:49.095+0000] {processor.py:183} INFO - Processing /home/airflow/.local/lib/python3.12/site-packages/airflow/example_dags/example_dynamic_task_mapping_with_no_taskflow_operators.py took 0.613 seconds
[2026-07-31T11:03:19.742+0000] {processor.py:161} INFO - Started process (PID=1120) to work on /home/airflow/.local/lib/python3.12/site-packages/airflow/example_dags/example_dynamic_task_mapping_with_no_taskflow_operators.py
[2026-07-31T11:03:19.746+0000] {processor.py:830} INFO - Processing file /home/airflow/.local/lib/python3.12/site-packages/airflow/example_dags/example_dynamic_task_mapping_with_no_taskflow_operators.py for tasks to queue
[2026-07-31T11:03:19.763+0000] {logging_mixin.py:188} INFO - [2026-07-31T11:03:19.762+0000] {dagbag.py:545} INFO - Filling up the DagBag from /home/airflow/.local/lib/python3.12/site-packages/airflow/example_dags/example_dynamic_task_mapping_with_no_taskflow_operators.py
[2026-07-31T11:03:19.787+0000] {processor.py:840} INFO - DAG(s) 'example_dynamic_task_mapping_with_no_taskflow_operators' retrieved from /home/airflow/.local/lib/python3.12/site-packages/airflow/example_dags/example_dynamic_task_mapping_with_no_taskflow_operators.py
[2026-07-31T11:03:19.867+0000] {logging_mixin.py:188} INFO - [2026-07-31T11:03:19.866+0000] {dag.py:3089} INFO - Sync 1 DAGs
[2026-07-31T11:03:19.961+0000] {logging_mixin.py:188} INFO - [2026-07-31T11:03:19.960+0000] {dag.py:3947} INFO - Setting next_dagrun for example_dynamic_task_mapping_with_no_taskflow_operators to 2026-07-30 00:00:00+00:00, run_after=2026-07-31 00:00:00+00:00
[2026-07-31T11:03:20.068+0000] {processor.py:183} INFO - Processing /home/airflow/.local/lib/python3.12/site-packages/airflow/example_dags/example_dynamic_task_mapping_with_no_taskflow_operators.py took 0.346 seconds
[2026-07-31T11:03:50.456+0000] {processor.py:161} INFO - Started process (PID=1178) to work on /home/airflow/.local/lib/python3.12/site-packages/airflow/example_dags/example_dynamic_task_mapping_with_no_taskflow_operators.py
[2026-07-31T11:03:50.460+0000] {processor.py:830} INFO - Processing file /home/airflow/.local/lib/python3.12/site-packages/airflow/example_dags/example_dynamic_task_mapping_with_no_taskflow_operators.py for tasks to queue
[2026-07-31T11:03:50.469+0000] {logging_mixin.py:188} INFO - [2026-07-31T11:03:50.467+0000] {dagbag.py:545} INFO - Filling up the DagBag from /home/airflow/.local/lib/python3.12/site-packages/airflow/example_dags/example_dynamic_task_mapping_with_no_taskflow_operators.py
[2026-07-31T11:03:50.503+0000] {processor.py:840} INFO - DAG(s) 'example_dynamic_task_mapping_with_no_taskflow_operators' retrieved from /home/airflow/.local/lib/python3.12/site-packages/airflow/example_dags/example_dynamic_task_mapping_with_no_taskflow_operators.py
[2026-07-31T11:03:50.595+0000] {logging_mixin.py:188} INFO - [2026-07-31T11:03:50.594+0000] {dag.py:3089} INFO - Sync 1 DAGs
[2026-07-31T11:03:50.669+0000] {logging_mixin.py:188} INFO - [2026-07-31T11:03:50.668+0000] {dag.py:3947} INFO - Setting next_dagrun for example_dynamic_task_mapping_with_no_taskflow_operators to 2026-07-30 00:00:00+00:00, run_after=2026-07-31 00:00:00+00:00
[2026-07-31T11:03:50.782+0000] {processor.py:183} INFO - Processing /home/airflow/.local/lib/python3.12/site-packages/airflow/example_dags/example_dynamic_task_mapping_with_no_taskflow_operators.py took 0.352 seconds
[2026-07-31T11:04:24.649+0000] {processor.py:161} INFO - Started process (PID=1233) to work on /home/airflow/.local/lib/python3.12/site-packages/airflow/example_dags/example_dynamic_task_mapping_with_no_taskflow_operators.py
[2026-07-31T11:04:24.653+0000] {processor.py:830} INFO - Processing file /home/airflow/.local/lib/python3.12/site-packages/airflow/example_dags/example_dynamic_task_mapping_with_no_taskflow_operators.py for tasks to queue
[2026-07-31T11:04:24.669+0000] {logging_mixin.py:188} INFO - [2026-07-31T11:04:24.668+0000] {dagbag.py:545} INFO - Filling up the DagBag from /home/airflow/.local/lib/python3.12/site-packages/airflow/example_dags/example_dynamic_task_mapping_with_no_taskflow_operators.py
[2026-07-31T11:04:24.709+0000] {processor.py:840} INFO - DAG(s) 'example_dynamic_task_mapping_with_no_taskflow_operators' retrieved from /home/airflow/.local/lib/python3.12/site-packages/airflow/example_dags/example_dynamic_task_mapping_with_no_taskflow_operators.py
[2026-07-31T11:04:24.791+0000] {logging_mixin.py:188} INFO - [2026-07-31T11:04:24.790+0000] {dag.py:3089} INFO - Sync 1 DAGs
[2026-07-31T11:04:24.959+0000] {logging_mixin.py:188} INFO - [2026-07-31T11:04:24.958+0000] {dag.py:3947} INFO - Setting next_dagrun for example_dynamic_task_mapping_with_no_taskflow_operators to 2026-07-30 00:00:00+00:00, run_after=2026-07-31 00:00:00+00:00
[2026-07-31T11:04:25.117+0000] {processor.py:183} INFO - Processing /home/airflow/.local/lib/python3.12/site-packages/airflow/example_dags/example_dynamic_task_mapping_with_no_taskflow_operators.py took 0.508 seconds
[2026-07-31T11:05:32.422+0000] {processor.py:161} INFO - Started process (PID=1297) to work on /home/airflow/.local/lib/python3.12/site-packages/airflow/example_dags/example_dynamic_task_mapping_with_no_taskflow_operators.py
[2026-07-31T11:05:32.431+0000] {processor.py:830} INFO - Processing file /home/airflow/.local/lib/python3.12/site-packages/airflow/example_dags/example_dynamic_task_mapping_with_no_taskflow_operators.py for tasks to queue
[2026-07-31T11:05:32.456+0000] {logging_mixin.py:188} INFO - [2026-07-31T11:05:32.452+0000] {dagbag.py:545} INFO - Filling up the DagBag from /home/airflow/.local/lib/python3.12/site-packages/airflow/example_dags/example_dynamic_task_mapping_with_no_taskflow_operators.py
[2026-07-31T11:05:32.530+0000] {processor.py:840} INFO - DAG(s) 'example_dynamic_task_mapping_with_no_taskflow_operators' retrieved from /home/airflow/.local/lib/python3.12/site-packages/airflow/example_dags/example_dynamic_task_mapping_with_no_taskflow_operators.py
[2026-07-31T11:05:32.670+0000] {logging_mixin.py:188} INFO - [2026-07-31T11:05:32.669+0000] {dag.py:3089} INFO - Sync 1 DAGs
[2026-07-31T11:05:32.834+0000] {logging_mixin.py:188} INFO - [2026-07-31T11:05:32.833+0000] {dag.py:3947} INFO - Setting next_dagrun for example_dynamic_task_mapping_with_no_taskflow_operators to 2026-07-30 00:00:00+00:00, run_after=2026-07-31 00:00:00+00:00
[2026-07-31T11:05:32.944+0000] {processor.py:183} INFO - Processing /home/airflow/.local/lib/python3.12/site-packages/airflow/example_dags/example_dynamic_task_mapping_with_no_taskflow_operators.py took 0.576 seconds
[2026-07-31T11:06:19.424+0000] {processor.py:161} INFO - Started process (PID=1370) to work on /home/airflow/.local/lib/python3.12/site-packages/airflow/example_dags/example_dynamic_task_mapping_with_no_taskflow_operators.py
[2026-07-31T11:06:19.438+0000] {processor.py:830} INFO - Processing file /home/airflow/.local/lib/python3.12/site-packages/airflow/example_dags/example_dynamic_task_mapping_with_no_taskflow_operators.py for tasks to queue
[2026-07-31T11:06:19.455+0000] {logging_mixin.py:188} INFO - [2026-07-31T11:06:19.454+0000] {dagbag.py:545} INFO - Filling up the DagBag from /home/airflow/.local/lib/python3.12/site-packages/airflow/example_dags/example_dynamic_task_mapping_with_no_taskflow_operators.py
[2026-07-31T11:06:19.565+0000] {processor.py:840} INFO - DAG(s) 'example_dynamic_task_mapping_with_no_taskflow_operators' retrieved from /home/airflow/.local/lib/python3.12/site-packages/airflow/example_dags/example_dynamic_task_mapping_with_no_taskflow_operators.py
[2026-07-31T11:06:19.765+0000] {logging_mixin.py:188} INFO - [2026-07-31T11:06:19.764+0000] {dag.py:3089} INFO - Sync 1 DAGs
[2026-07-31T11:06:19.958+0000] {logging_mixin.py:188} INFO - [2026-07-31T11:06:19.957+0000] {dag.py:3947} INFO - Setting next_dagrun for example_dynamic_task_mapping_with_no_taskflow_operators to 2026-07-30 00:00:00+00:00, run_after=2026-07-31 00:00:00+00:00
[2026-07-31T11:06:20.152+0000] {processor.py:183} INFO - Processing /home/airflow/.local/lib/python3.12/site-packages/airflow/example_dags/example_dynamic_task_mapping_with_no_taskflow_operators.py took 0.788 seconds
[2026-07-31T11:06:53.083+0000] {processor.py:161} INFO - Started process (PID=1435) to work on /home/airflow/.local/lib/python3.12/site-packages/airflow/example_dags/example_dynamic_task_mapping_with_no_taskflow_operators.py
[2026-07-31T11:06:53.086+0000] {processor.py:830} INFO - Processing file /home/airflow/.local/lib/python3.12/site-packages/airflow/example_dags/example_dynamic_task_mapping_with_no_taskflow_operators.py for tasks to queue
[2026-07-31T11:06:53.092+0000] {logging_mixin.py:188} INFO - [2026-07-31T11:06:53.091+0000] {dagbag.py:545} INFO - Filling up the DagBag from /home/airflow/.local/lib/python3.12/site-packages/airflow/example_dags/example_dynamic_task_mapping_with_no_taskflow_operators.py
[2026-07-31T11:06:53.119+0000] {processor.py:840} INFO - DAG(s) 'example_dynamic_task_mapping_with_no_taskflow_operators' retrieved from /home/airflow/.local/lib/python3.12/site-packages/airflow/example_dags/example_dynamic_task_mapping_with_no_taskflow_operators.py
[2026-07-31T11:06:53.187+0000] {logging_mixin.py:188} INFO - [2026-07-31T11:06:53.187+0000] {dag.py:3089} INFO - Sync 1 DAGs
[2026-07-31T11:06:53.271+0000] {logging_mixin.py:188} INFO - [2026-07-31T11:06:53.270+0000] {dag.py:3947} INFO - Setting next_dagrun for example_dynamic_task_mapping_with_no_taskflow_operators to 2026-07-30 00:00:00+00:00, run_after=2026-07-31 00:00:00+00:00
[2026-07-31T11:06:53.339+0000] {processor.py:183} INFO - Processing /home/airflow/.local/lib/python3.12/site-packages/airflow/example_dags/example_dynamic_task_mapping_with_no_taskflow_operators.py took 0.277 seconds
[2026-07-31T11:08:16.142+0000] {processor.py:161} INFO - Started process (PID=1507) to work on /home/airflow/.local/lib/python3.12/site-packages/airflow/example_dags/example_dynamic_task_mapping_with_no_taskflow_operators.py
[2026-07-31T11:08:16.152+0000] {processor.py:830} INFO - Processing file /home/airflow/.local/lib/python3.12/site-packages/airflow/example_dags/example_dynamic_task_mapping_with_no_taskflow_operators.py for tasks to queue
[2026-07-31T11:08:16.166+0000] {logging_mixin.py:188} INFO - [2026-07-31T11:08:16.165+0000] {dagbag.py:545} INFO - Filling up the DagBag from /home/airflow/.local/lib/python3.12/site-packages/airflow/example_dags/example_dynamic_task_mapping_with_no_taskflow_operators.py
[2026-07-31T11:08:16.197+0000] {processor.py:840} INFO - DAG(s) 'example_dynamic_task_mapping_with_no_taskflow_operators' retrieved from /home/airflow/.local/lib/python3.12/site-packages/airflow/example_dags/example_dynamic_task_mapping_with_no_taskflow_operators.py
[2026-07-31T11:08:16.311+0000] {logging_mixin.py:188} INFO - [2026-07-31T11:08:16.310+0000] {dag.py:3089} INFO - Sync 1 DAGs
[2026-07-31T11:08:16.471+0000] {logging_mixin.py:188} INFO - [2026-07-31T11:08:16.470+0000] {dag.py:3947} INFO - Setting next_dagrun for example_dynamic_task_mapping_with_no_taskflow_operators to 2026-07-30 00:00:00+00:00, run_after=2026-07-31 00:00:00+00:00
[2026-07-31T11:08:16.623+0000] {processor.py:183} INFO - Processing /home/airflow/.local/lib/python3.12/site-packages/airflow/example_dags/example_dynamic_task_mapping_with_no_taskflow_operators.py took 0.516 seconds
[2026-07-31T11:08:51.466+0000] {processor.py:161} INFO - Started process (PID=1567) to work on /home/airflow/.local/lib/python3.12/site-packages/airflow/example_dags/example_dynamic_task_mapping_with_no_taskflow_operators.py
[2026-07-31T11:08:51.529+0000] {processor.py:830} INFO - Processing file /home/airflow/.local/lib/python3.12/site-packages/airflow/example_dags/example_dynamic_task_mapping_with_no_taskflow_operators.py for tasks to queue
[2026-07-31T11:08:51.560+0000] {logging_mixin.py:188} INFO - [2026-07-31T11:08:51.558+0000] {dagbag.py:545} INFO - Filling up the DagBag from /home/airflow/.local/lib/python3.12/site-packages/airflow/example_dags/example_dynamic_task_mapping_with_no_taskflow_operators.py
[2026-07-31T11:08:51.632+0000] {processor.py:840} INFO - DAG(s) 'example_dynamic_task_mapping_with_no_taskflow_operators' retrieved from /home/airflow/.local/lib/python3.12/site-packages/airflow/example_dags/example_dynamic_task_mapping_with_no_taskflow_operators.py
[2026-07-31T11:08:51.937+0000] {logging_mixin.py:188} INFO - [2026-07-31T11:08:51.936+0000] {dag.py:3089} INFO - Sync 1 DAGs
[2026-07-31T11:08:52.162+0000] {logging_mixin.py:188} INFO - [2026-07-31T11:08:52.161+0000] {dag.py:3947} INFO - Setting next_dagrun for example_dynamic_task_mapping_with_no_taskflow_operators to 2026-07-30 00:00:00+00:00, run_after=2026-07-31 00:00:00+00:00
[2026-07-31T11:08:52.424+0000] {processor.py:183} INFO - Processing /home/airflow/.local/lib/python3.12/site-packages/airflow/example_dags/example_dynamic_task_mapping_with_no_taskflow_operators.py took 1.049 seconds
[2026-07-31T11:10:09.010+0000] {processor.py:161} INFO - Started process (PID=1634) to work on /home/airflow/.local/lib/python3.12/site-packages/airflow/example_dags/example_dynamic_task_mapping_with_no_taskflow_operators.py
[2026-07-31T11:10:09.029+0000] {processor.py:830} INFO - Processing file /home/airflow/.local/lib/python3.12/site-packages/airflow/example_dags/example_dynamic_task_mapping_with_no_taskflow_operators.py for tasks to queue
[2026-07-31T11:10:09.061+0000] {logging_mixin.py:188} INFO - [2026-07-31T11:10:09.059+0000] {dagbag.py:545} INFO - Filling up the DagBag from /home/airflow/.local/lib/python3.12/site-packages/airflow/example_dags/example_dynamic_task_mapping_with_no_taskflow_operators.py
[2026-07-31T11:10:09.121+0000] {processor.py:840} INFO - DAG(s) 'example_dynamic_task_mapping_with_no_taskflow_operators' retrieved from /home/airflow/.local/lib/python3.12/site-packages/airflow/example_dags/example_dynamic_task_mapping_with_no_taskflow_operators.py
[2026-07-31T11:10:09.285+0000] {logging_mixin.py:188} INFO - [2026-07-31T11:10:09.283+0000] {dag.py:3089} INFO - Sync 1 DAGs
[2026-07-31T11:10:09.518+0000] {logging_mixin.py:188} INFO - [2026-07-31T11:10:09.517+0000] {dag.py:3947} INFO - Setting next_dagrun for example_dynamic_task_mapping_with_no_taskflow_operators to 2026-07-30 00:00:00+00:00, run_after=2026-07-31 00:00:00+00:00
[2026-07-31T11:10:09.646+0000] {processor.py:183} INFO - Processing /home/airflow/.local/lib/python3.12/site-packages/airflow/example_dags/example_dynamic_task_mapping_with_no_taskflow_operators.py took 0.718 seconds
[2026-07-31T11:10:56.224+0000] {processor.py:161} INFO - Started process (PID=1691) to work on /home/airflow/.local/lib/python3.12/site-packages/airflow/example_dags/example_dynamic_task_mapping_with_no_taskflow_operators.py
[2026-07-31T11:10:56.236+0000] {processor.py:830} INFO - Processing file /home/airflow/.local/lib/python3.12/site-packages/airflow/example_dags/example_dynamic_task_mapping_with_no_taskflow_operators.py for tasks to queue
[2026-07-31T11:10:56.260+0000] {logging_mixin.py:188} INFO - [2026-07-31T11:10:56.258+0000] {dagbag.py:545} INFO - Filling up the DagBag from /home/airflow/.local/lib/python3.12/site-packages/airflow/example_dags/example_dynamic_task_mapping_with_no_taskflow_operators.py
[2026-07-31T11:10:56.244+0000] {processor.py:840} INFO - DAG(s) 'example_dynamic_task_mapping_with_no_taskflow_operators' retrieved from /home/airflow/.local/lib/python3.12/site-packages/airflow/example_dags/example_dynamic_task_mapping_with_no_taskflow_operators.py
[2026-07-31T11:10:56.410+0000] {logging_mixin.py:188} INFO - [2026-07-31T11:10:56.409+0000] {dag.py:3089} INFO - Sync 1 DAGs
[2026-07-31T11:10:56.641+0000] {logging_mixin.py:188} INFO - [2026-07-31T11:10:56.640+0000] {dag.py:3947} INFO - Setting next_dagrun for example_dynamic_task_mapping_with_no_taskflow_operators to 2026-07-30 00:00:00+00:00, run_after=2026-07-31 00:00:00+00:00
[2026-07-31T11:10:56.844+0000] {processor.py:183} INFO - Processing /home/airflow/.local/lib/python3.12/site-packages/airflow/example_dags/example_dynamic_task_mapping_with_no_taskflow_operators.py took 0.771 seconds
[2026-07-31T11:12:06.791+0000] {processor.py:161} INFO - Started process (PID=1757) to work on /home/airflow/.local/lib/python3.12/site-packages/airflow/example_dags/example_dynamic_task_mapping_with_no_taskflow_operators.py
[2026-07-31T11:12:06.803+0000] {processor.py:830} INFO - Processing file /home/airflow/.local/lib/python3.12/site-packages/airflow/example_dags/example_dynamic_task_mapping_with_no_taskflow_operators.py for tasks to queue
[2026-07-31T11:12:06.833+0000] {logging_mixin.py:188} INFO - [2026-07-31T11:12:06.820+0000] {dagbag.py:545} INFO - Filling up the DagBag from /home/airflow/.local/lib/python3.12/site-packages/airflow/example_dags/example_dynamic_task_mapping_with_no_taskflow_operators.py
[2026-07-31T11:12:06.875+0000] {processor.py:840} INFO - DAG(s) 'example_dynamic_task_mapping_with_no_taskflow_operators' retrieved from /home/airflow/.local/lib/python3.12/site-packages/airflow/example_dags/example_dynamic_task_mapping_with_no_taskflow_operators.py
[2026-07-31T11:12:07.568+0000] {logging_mixin.py:188} INFO - [2026-07-31T11:12:07.567+0000] {dag.py:3089} INFO - Sync 1 DAGs
[2026-07-31T11:12:07.675+0000] {logging_mixin.py:188} INFO - [2026-07-31T11:12:07.674+0000] {dag.py:3947} INFO - Setting next_dagrun for example_dynamic_task_mapping_with_no_taskflow_operators to 2026-07-30 00:00:00+00:00, run_after=2026-07-31 00:00:00+00:00
[2026-07-31T11:12:07.728+0000] {processor.py:183} INFO - Processing /home/airflow/.local/lib/python3.12/site-packages/airflow/example_dags/example_dynamic_task_mapping_with_no_taskflow_operators.py took 1.039 seconds
[2026-07-31T11:12:37.825+0000] {processor.py:161} INFO - Started process (PID=1814) to work on /home/airflow/.local/lib/python3.12/site-packages/airflow/example_dags/example_dynamic_task_mapping_with_no_taskflow_operators.py
[2026-07-31T11:12:37.828+0000] {processor.py:830} INFO - Processing file /home/airflow/.local/lib/python3.12/site-packages/airflow/example_dags/example_dynamic_task_mapping_with_no_taskflow_operators.py for tasks to queue
[2026-07-31T11:12:37.833+0000] {logging_mixin.py:188} INFO - [2026-07-31T11:12:37.832+0000] {dagbag.py:545} INFO - Filling up the DagBag from /home/airflow/.local/lib/python3.12/site-packages/airflow/example_dags/example_dynamic_task_mapping_with_no_taskflow_operators.py
[2026-07-31T11:12:37.850+0000] {processor.py:840} INFO - DAG(s) 'example_dynamic_task_mapping_with_no_taskflow_operators' retrieved from /home/airflow/.local/lib/python3.12/site-packages/airflow/example_dags/example_dynamic_task_mapping_with_no_taskflow_operators.py
[2026-07-31T11:12:37.902+0000] {logging_mixin.py:188} INFO - [2026-07-31T11:12:37.902+0000] {dag.py:3089} INFO - Sync 1 DAGs
[2026-07-31T11:12:37.975+0000] {logging_mixin.py:188} INFO - [2026-07-31T11:12:37.974+0000] {dag.py:3947} INFO - Setting next_dagrun for example_dynamic_task_mapping_with_no_taskflow_operators to 2026-07-30 00:00:00+00:00, run_after=2026-07-31 00:00:00+00:00
[2026-07-31T11:12:38.050+0000] {processor.py:183} INFO - Processing /home/airflow/.local/lib/python3.12/site-packages/airflow/example_dags/example_dynamic_task_mapping_with_no_taskflow_operators.py took 0.241 seconds
[2026-07-31T11:13:13.595+0000] {processor.py:161} INFO - Started process (PID=1873) to work on /home/airflow/.local/lib/python3.12/site-packages/airflow/example_dags/example_dynamic_task_mapping_with_no_taskflow_operators.py
[2026-07-31T11:13:13.599+0000] {processor.py:830} INFO - Processing file /home/airflow/.local/lib/python3.12/site-packages/airflow/example_dags/example_dynamic_task_mapping_with_no_taskflow_operators.py for tasks to queue
[2026-07-31T11:13:13.612+0000] {logging_mixin.py:188} INFO - [2026-07-31T11:13:13.610+0000] {dagbag.py:545} INFO - Filling up the DagBag from /home/airflow/.local/lib/python3.12/site-packages/airflow/example_dags/example_dynamic_task_mapping_with_no_taskflow_operators.py
[2026-07-31T11:13:13.648+0000] {processor.py:840} INFO - DAG(s) 'example_dynamic_task_mapping_with_no_taskflow_operators' retrieved from /home/airflow/.local/lib/python3.12/site-packages/airflow/example_dags/example_dynamic_task_mapping_with_no_taskflow_operators.py
[2026-07-31T11:13:13.733+0000] {logging_mixin.py:188} INFO - [2026-07-31T11:13:13.732+0000] {dag.py:3089} INFO - Sync 1 DAGs
[2026-07-31T11:13:13.896+0000] {logging_mixin.py:188} INFO - [2026-07-31T11:13:13.895+0000] {dag.py:3947} INFO - Setting next_dagrun for example_dynamic_task_mapping_with_no_taskflow_operators to 2026-07-30 00:00:00+00:00, run_after=2026-07-31 00:00:00+00:00
[2026-07-31T11:13:13.997+0000] {processor.py:183} INFO - Processing /home/airflow/.local/lib/python3.12/site-packages/airflow/example_dags/example_dynamic_task_mapping_with_no_taskflow_operators.py took 0.445 seconds
[2026-07-31T11:13:56.773+0000] {processor.py:161} INFO - Started process (PID=1932) to work on /home/airflow/.local/lib/python3.12/site-packages/airflow/example_dags/example_dynamic_task_mapping_with_no_taskflow_operators.py
[2026-07-31T11:13:56.784+0000] {processor.py:830} INFO - Processing file /home/airflow/.local/lib/python3.12/site-packages/airflow/example_dags/example_dynamic_task_mapping_with_no_taskflow_operators.py for tasks to queue
[2026-07-31T11:13:56.856+0000] {logging_mixin.py:188} INFO - [2026-07-31T11:13:56.845+0000] {dagbag.py:545} INFO - Filling up the DagBag from /home/airflow/.local/lib/python3.12/site-packages/airflow/example_dags/example_dynamic_task_mapping_with_no_taskflow_operators.py
[2026-07-31T11:13:56.995+0000] {processor.py:840} INFO - DAG(s) 'example_dynamic_task_mapping_with_no_taskflow_operators' retrieved from /home/airflow/.local/lib/python3.12/site-packages/airflow/example_dags/example_dynamic_task_mapping_with_no_taskflow_operators.py
[2026-07-31T11:13:57.312+0000] {logging_mixin.py:188} INFO - [2026-07-31T11:13:57.311+0000] {dag.py:3089} INFO - Sync 1 DAGs
[2026-07-31T11:13:57.804+0000] {logging_mixin.py:188} INFO - [2026-07-31T11:13:57.794+0000] {dag.py:3947} INFO - Setting next_dagrun for example_dynamic_task_mapping_with_no_taskflow_operators to 2026-07-30 00:00:00+00:00, run_after=2026-07-31 00:00:00+00:00
[2026-07-31T11:13:57.999+0000] {processor.py:183} INFO - Processing /home/airflow/.local/lib/python3.12/site-packages/airflow/example_dags/example_dynamic_task_mapping_with_no_taskflow_operators.py took 1.370 seconds
[2026-07-31T11:14:33.796+0000] {processor.py:161} INFO - Started process (PID=1988) to work on /home/airflow/.local/lib/python3.12/site-packages/airflow/example_dags/example_dynamic_task_mapping_with_no_taskflow_operators.py
[2026-07-31T11:14:33.808+0000] {processor.py:830} INFO - Processing file /home/airflow/.local/lib/python3.12/site-packages/airflow/example_dags/example_dynamic_task_mapping_with_no_taskflow_operators.py for tasks to queue
[2026-07-31T11:14:33.817+0000] {logging_mixin.py:188} INFO - [2026-07-31T11:14:33.815+0000] {dagbag.py:545} INFO - Filling up the DagBag from /home/airflow/.local/lib/python3.12/site-packages/airflow/example_dags/example_dynamic_task_mapping_with_no_taskflow_operators.py
[2026-07-31T11:14:33.871+0000] {processor.py:840} INFO - DAG(s) 'example_dynamic_task_mapping_with_no_taskflow_operators' retrieved from /home/airflow/.local/lib/python3.12/site-packages/airflow/example_dags/example_dynamic_task_mapping_with_no_taskflow_operators.py
[2026-07-31T11:14:33.945+0000] {logging_mixin.py:188} INFO - [2026-07-31T11:14:33.944+0000] {dag.py:3089} INFO - Sync 1 DAGs
[2026-07-31T11:14:34.033+0000] {logging_mixin.py:188} INFO - [2026-07-31T11:14:34.032+0000] {dag.py:3947} INFO - Setting next_dagrun for example_dynamic_task_mapping_with_no_taskflow_operators to 2026-07-30 00:00:00+00:00, run_after=2026-07-31 00:00:00+00:00
[2026-07-31T11:14:34.105+0000] {processor.py:183} INFO - Processing /home/airflow/.local/lib/python3.12/site-packages/airflow/example_dags/example_dynamic_task_mapping_with_no_taskflow_operators.py took 0.345 seconds
[2026-07-31T11:15:04.976+0000] {processor.py:161} INFO - Started process (PID=2047) to work on /home/airflow/.local/lib/python3.12/site-packages/airflow/example_dags/example_dynamic_task_mapping_with_no_taskflow_operators.py
[2026-07-31T11:15:04.986+0000] {processor.py:830} INFO - Processing file /home/airflow/.local/lib/python3.12/site-packages/airflow/example_dags/example_dynamic_task_mapping_with_no_taskflow_operators.py for tasks to queue
[2026-07-31T11:15:04.993+0000] {logging_mixin.py:188} INFO - [2026-07-31T11:15:04.992+0000] {dagbag.py:545} INFO - Filling up the DagBag from /home/airflow/.local/lib/python3.12/site-packages/airflow/example_dags/example_dynamic_task_mapping_with_no_taskflow_operators.py
[2026-07-31T11:15:05.017+0000] {processor.py:840} INFO - DAG(s) 'example_dynamic_task_mapping_with_no_taskflow_operators' retrieved from /home/airflow/.local/lib/python3.12/site-packages/airflow/example_dags/example_dynamic_task_mapping_with_no_taskflow_operators.py
[2026-07-31T11:15:05.093+0000] {logging_mixin.py:188} INFO - [2026-07-31T11:15:05.092+0000] {dag.py:3089} INFO - Sync 1 DAGs
[2026-07-31T11:15:05.228+0000] {logging_mixin.py:188} INFO - [2026-07-31T11:15:05.228+0000] {dag.py:3947} INFO - Setting next_dagrun for example_dynamic_task_mapping_with_no_taskflow_operators to 2026-07-30 00:00:00+00:00, run_after=2026-07-31 00:00:00+00:00
[2026-07-31T11:15:05.296+0000] {processor.py:183} INFO - Processing /home/airflow/.local/lib/python3.12/site-packages/airflow/example_dags/example_dynamic_task_mapping_with_no_taskflow_operators.py took 0.348 seconds
[2026-07-31T11:15:36.651+0000] {processor.py:161} INFO - Started process (PID=2103) to work on /home/airflow/.local/lib/python3.12/site-packages/airflow/example_dags/example_dynamic_task_mapping_with_no_taskflow_operators.py
[2026-07-31T11:15:36.656+0000] {processor.py:830} INFO - Processing file /home/airflow/.local/lib/python3.12/site-packages/airflow/example_dags/example_dynamic_task_mapping_with_no_taskflow_operators.py for tasks to queue
[2026-07-31T11:15:36.674+0000] {logging_mixin.py:188} INFO - [2026-07-31T11:15:36.672+0000] {dagbag.py:545} INFO - Filling up the DagBag from /home/airflow/.local/lib/python3.12/site-packages/airflow/example_dags/example_dynamic_task_mapping_with_no_taskflow_operators.py
[2026-07-31T11:15:36.742+0000] {processor.py:840} INFO - DAG(s) 'example_dynamic_task_mapping_with_no_taskflow_operators' retrieved from /home/airflow/.local/lib/python3.12/site-packages/airflow/example_dags/example_dynamic_task_mapping_with_no_taskflow_operators.py
[2026-07-31T11:15:36.871+0000] {logging_mixin.py:188} INFO - [2026-07-31T11:15:36.870+0000] {dag.py:3089} INFO - Sync 1 DAGs
[2026-07-31T11:15:37.067+0000] {logging_mixin.py:188} INFO - [2026-07-31T11:15:37.066+0000] {dag.py:3947} INFO - Setting next_dagrun for example_dynamic_task_mapping_with_no_taskflow_operators to 2026-07-30 00:00:00+00:00, run_after=2026-07-31 00:00:00+00:00
[2026-07-31T11:15:37.156+0000] {processor.py:183} INFO - Processing /home/airflow/.local/lib/python3.12/site-packages/airflow/example_dags/example_dynamic_task_mapping_with_no_taskflow_operators.py took 0.547 seconds
[2026-07-31T11:16:07.725+0000] {processor.py:161} INFO - Started process (PID=2162) to work on /home/airflow/.local/lib/python3.12/site-packages/airflow/example_dags/example_dynamic_task_mapping_with_no_taskflow_operators.py
[2026-07-31T11:16:07.728+0000] {processor.py:830} INFO - Processing file /home/airflow/.local/lib/python3.12/site-packages/airflow/example_dags/example_dynamic_task_mapping_with_no_taskflow_operators.py for tasks to queue
[2026-07-31T11:16:07.734+0000] {logging_mixin.py:188} INFO - [2026-07-31T11:16:07.733+0000] {dagbag.py:545} INFO - Filling up the DagBag from /home/airflow/.local/lib/python3.12/site-packages/airflow/example_dags/example_dynamic_task_mapping_with_no_taskflow_operators.py
[2026-07-31T11:16:07.750+0000] {processor.py:840} INFO - DAG(s) 'example_dynamic_task_mapping_with_no_taskflow_operators' retrieved from /home/airflow/.local/lib/python3.12/site-packages/airflow/example_dags/example_dynamic_task_mapping_with_no_taskflow_operators.py
[2026-07-31T11:16:07.794+0000] {logging_mixin.py:188} INFO - [2026-07-31T11:16:07.794+0000] {dag.py:3089} INFO - Sync 1 DAGs
[2026-07-31T11:16:07.850+0000] {logging_mixin.py:188} INFO - [2026-07-31T11:16:07.849+0000] {dag.py:3947} INFO - Setting next_dagrun for example_dynamic_task_mapping_with_no_taskflow_operators to 2026-07-30 00:00:00+00:00, run_after=2026-07-31 00:00:00+00:00
[2026-07-31T11:16:07.899+0000] {processor.py:183} INFO - Processing /home/airflow/.local/lib/python3.12/site-packages/airflow/example_dags/example_dynamic_task_mapping_with_no_taskflow_operators.py took 0.193 seconds
[2026-07-31T11:16:38.417+0000] {processor.py:161} INFO - Started process (PID=2220) to work on /home/airflow/.local/lib/python3.12/site-packages/airflow/example_dags/example_dynamic_task_mapping_with_no_taskflow_operators.py
[2026-07-31T11:16:38.419+0000] {processor.py:830} INFO - Processing file /home/airflow/.local/lib/python3.12/site-packages/airflow/example_dags/example_dynamic_task_mapping_with_no_taskflow_operators.py for tasks to queue
[2026-07-31T11:16:38.424+0000] {logging_mixin.py:188} INFO - [2026-07-31T11:16:38.423+0000] {dagbag.py:545} INFO - Filling up the DagBag from /home/airflow/.local/lib/python3.12/site-packages/airflow/example_dags/example_dynamic_task_mapping_with_no_taskflow_operators.py
[2026-07-31T11:16:38.441+0000] {processor.py:840} INFO - DAG(s) 'example_dynamic_task_mapping_with_no_taskflow_operators' retrieved from /home/airflow/.local/lib/python3.12/site-packages/airflow/example_dags/example_dynamic_task_mapping_with_no_taskflow_operators.py
[2026-07-31T11:16:38.494+0000] {logging_mixin.py:188} INFO - [2026-07-31T11:16:38.494+0000] {dag.py:3089} INFO - Sync 1 DAGs
[2026-07-31T11:16:38.646+0000] {logging_mixin.py:188} INFO - [2026-07-31T11:16:38.645+0000] {dag.py:3947} INFO - Setting next_dagrun for example_dynamic_task_mapping_with_no_taskflow_operators to 2026-07-30 00:00:00+00:00, run_after=2026-07-31 00:00:00+00:00
[2026-07-31T11:16:38.804+0000] {processor.py:183} INFO - Processing /home/airflow/.local/lib/python3.12/site-packages/airflow/example_dags/example_dynamic_task_mapping_with_no_taskflow_operators.py took 0.401 seconds
[2026-07-31T11:17:09.134+0000] {processor.py:161} INFO - Started process (PID=2280) to work on /home/airflow/.local/lib/python3.12/site-packages/airflow/example_dags/example_dynamic_task_mapping_with_no_taskflow_operators.py
[2026-07-31T11:17:09.138+0000] {processor.py:830} INFO - Processing file /home/airflow/.local/lib/python3.12/site-packages/airflow/example_dags/example_dynamic_task_mapping_with_no_taskflow_operators.py for tasks to queue
[2026-07-31T11:17:09.144+0000] {logging_mixin.py:188} INFO - [2026-07-31T11:17:09.143+0000] {dagbag.py:545} INFO - Filling up the DagBag from /home/airflow/.local/lib/python3.12/site-packages/airflow/example_dags/example_dynamic_task_mapping_with_no_taskflow_operators.py
[2026-07-31T11:17:09.168+0000] {processor.py:840} INFO - DAG(s) 'example_dynamic_task_mapping_with_no_taskflow_operators' retrieved from /home/airflow/.local/lib/python3.12/site-packages/airflow/example_dags/example_dynamic_task_mapping_with_no_taskflow_operators.py
[2026-07-31T11:17:09.219+0000] {logging_mixin.py:188} INFO - [2026-07-31T11:17:09.218+0000] {dag.py:3089} INFO - Sync 1 DAGs
[2026-07-31T11:17:09.276+0000] {logging_mixin.py:188} INFO - [2026-07-31T11:17:09.275+0000] {dag.py:3947} INFO - Setting next_dagrun for example_dynamic_task_mapping_with_no_taskflow_operators to 2026-07-30 00:00:00+00:00, run_after=2026-07-31 00:00:00+00:00
[2026-07-31T11:17:09.330+0000] {processor.py:183} INFO - Processing /home/airflow/.local/lib/python3.12/site-packages/airflow/example_dags/example_dynamic_task_mapping_with_no_taskflow_operators.py took 0.214 seconds
[2026-07-31T11:17:45.686+0000] {processor.py:161} INFO - Started process (PID=2335) to work on /home/airflow/.local/lib/python3.12/site-packages/airflow/example_dags/example_dynamic_task_mapping_with_no_taskflow_operators.py
[2026-07-31T11:17:45.698+0000] {processor.py:830} INFO - Processing file /home/airflow/.local/lib/python3.12/site-packages/airflow/example_dags/example_dynamic_task_mapping_with_no_taskflow_operators.py for tasks to queue
[2026-07-31T11:17:45.735+0000] {logging_mixin.py:188} INFO - [2026-07-31T11:17:45.734+0000] {dagbag.py:545} INFO - Filling up the DagBag from /home/airflow/.local/lib/python3.12/site-packages/airflow/example_dags/example_dynamic_task_mapping_with_no_taskflow_operators.py
[2026-07-31T11:17:45.834+0000] {processor.py:840} INFO - DAG(s) 'example_dynamic_task_mapping_with_no_taskflow_operators' retrieved from /home/airflow/.local/lib/python3.12/site-packages/airflow/example_dags/example_dynamic_task_mapping_with_no_taskflow_operators.py
[2026-07-31T11:17:46.145+0000] {logging_mixin.py:188} INFO - [2026-07-31T11:17:46.143+0000] {dag.py:3089} INFO - Sync 1 DAGs
[2026-07-31T11:17:46.444+0000] {logging_mixin.py:188} INFO - [2026-07-31T11:17:46.443+0000] {dag.py:3947} INFO - Setting next_dagrun for example_dynamic_task_mapping_with_no_taskflow_operators to 2026-07-30 00:00:00+00:00, run_after=2026-07-31 00:00:00+00:00
[2026-07-31T11:17:46.567+0000] {processor.py:183} INFO - Processing /home/airflow/.local/lib/python3.12/site-packages/airflow/example_dags/example_dynamic_task_mapping_with_no_taskflow_operators.py took 0.913 seconds
[2026-07-31T11:18:17.011+0000] {processor.py:161} INFO - Started process (PID=2392) to work on /home/airflow/.local/lib/python3.12/site-packages/airflow/example_dags/example_dynamic_task_mapping_with_no_taskflow_operators.py
[2026-07-31T11:18:17.016+0000] {processor.py:830} INFO - Processing file /home/airflow/.local/lib/python3.12/site-packages/airflow/example_dags/example_dynamic_task_mapping_with_no_taskflow_operators.py for tasks to queue
[2026-07-31T11:18:17.025+0000] {logging_mixin.py:188} INFO - [2026-07-31T11:18:17.024+0000] {dagbag.py:545} INFO - Filling up the DagBag from /home/airflow/.local/lib/python3.12/site-packages/airflow/example_dags/example_dynamic_task_mapping_with_no_taskflow_operators.py
[2026-07-31T11:18:17.053+0000] {processor.py:840} INFO - DAG(s) 'example_dynamic_task_mapping_with_no_taskflow_operators' retrieved from /home/airflow/.local/lib/python3.12/site-packages/airflow/example_dags/example_dynamic_task_mapping_with_no_taskflow_operators.py
[2026-07-31T11:18:17.121+0000] {logging_mixin.py:188} INFO - [2026-07-31T11:18:17.120+0000] {dag.py:3089} INFO - Sync 1 DAGs
[2026-07-31T11:18:17.222+0000] {logging_mixin.py:188} INFO - [2026-07-31T11:18:17.221+0000] {dag.py:3947} INFO - Setting next_dagrun for example_dynamic_task_mapping_with_no_taskflow_operators to 2026-07-30 00:00:00+00:00, run_after=2026-07-31 00:00:00+00:00
[2026-07-31T11:18:17.346+0000] {processor.py:183} INFO - Processing /home/airflow/.local/lib/python3.12/site-packages/airflow/example_dags/example_dynamic_task_mapping_with_no_taskflow_operators.py took 0.372 seconds
[2026-07-31T11:18:47.499+0000] {processor.py:161} INFO - Started process (PID=2448) to work on /home/airflow/.local/lib/python3.12/site-packages/airflow/example_dags/example_dynamic_task_mapping_with_no_taskflow_operators.py
[2026-07-31T11:18:47.502+0000] {processor.py:830} INFO - Processing file /home/airflow/.local/lib/python3.12/site-packages/airflow/example_dags/example_dynamic_task_mapping_with_no_taskflow_operators.py for tasks to queue
[2026-07-31T11:18:47.505+0000] {logging_mixin.py:188} INFO - [2026-07-31T11:18:47.505+0000] {dagbag.py:545} INFO - Filling up the DagBag from /home/airflow/.local/lib/python3.12/site-packages/airflow/example_dags/example_dynamic_task_mapping_with_no_taskflow_operators.py
[2026-07-31T11:18:47.518+0000] {processor.py:840} INFO - DAG(s) 'example_dynamic_task_mapping_with_no_taskflow_operators' retrieved from /home/airflow/.local/lib/python3.12/site-packages/airflow/example_dags/example_dynamic_task_mapping_with_no_taskflow_operators.py
[2026-07-31T11:18:47.570+0000] {logging_mixin.py:188} INFO - [2026-07-31T11:18:47.569+0000] {dag.py:3089} INFO - Sync 1 DAGs
[2026-07-31T11:18:47.706+0000] {logging_mixin.py:188} INFO - [2026-07-31T11:18:47.705+0000] {dag.py:3947} INFO - Setting next_dagrun for example_dynamic_task_mapping_with_no_taskflow_operators to 2026-07-30 00:00:00+00:00, run_after=2026-07-31 00:00:00+00:00
[2026-07-31T11:18:47.772+0000] {processor.py:183} INFO - Processing /home/airflow/.local/lib/python3.12/site-packages/airflow/example_dags/example_dynamic_task_mapping_with_no_taskflow_operators.py took 0.286 seconds
[2026-07-31T11:19:17.915+0000] {processor.py:161} INFO - Started process (PID=2506) to work on /home/airflow/.local/lib/python3.12/site-packages/airflow/example_dags/example_dynamic_task_mapping_with_no_taskflow_operators.py
[2026-07-31T11:19:17.917+0000] {processor.py:830} INFO - Processing file /home/airflow/.local/lib/python3.12/site-packages/airflow/example_dags/example_dynamic_task_mapping_with_no_taskflow_operators.py for tasks to queue
[2026-07-31T11:19:17.921+0000] {logging_mixin.py:188} INFO - [2026-07-31T11:19:17.920+0000] {dagbag.py:545} INFO - Filling up the DagBag from /home/airflow/.local/lib/python3.12/site-packages/airflow/example_dags/example_dynamic_task_mapping_with_no_taskflow_operators.py
[2026-07-31T11:19:17.935+0000] {processor.py:840} INFO - DAG(s) 'example_dynamic_task_mapping_with_no_taskflow_operators' retrieved from /home/airflow/.local/lib/python3.12/site-packages/airflow/example_dags/example_dynamic_task_mapping_with_no_taskflow_operators.py
[2026-07-31T11:19:17.983+0000] {logging_mixin.py:188} INFO - [2026-07-31T11:19:17.982+0000] {dag.py:3089} INFO - Sync 1 DAGs
[2026-07-31T11:19:18.051+0000] {logging_mixin.py:188} INFO - [2026-07-31T11:19:18.050+0000] {dag.py:3947} INFO - Setting next_dagrun for example_dynamic_task_mapping_with_no_taskflow_operators to 2026-07-30 00:00:00+00:00, run_after=2026-07-31 00:00:00+00:00
[2026-07-31T11:19:18.101+0000] {processor.py:183} INFO - Processing /home/airflow/.local/lib/python3.12/site-packages/airflow/example_dags/example_dynamic_task_mapping_with_no_taskflow_operators.py took 0.198 seconds
[2026-07-31T11:19:51.850+0000] {processor.py:161} INFO - Started process (PID=2564) to work on /home/airflow/.local/lib/python3.12/site-packages/airflow/example_dags/example_dynamic_task_mapping_with_no_taskflow_operators.py
[2026-07-31T11:19:51.859+0000] {processor.py:830} INFO - Processing file /home/airflow/.local/lib/python3.12/site-packages/airflow/example_dags/example_dynamic_task_mapping_with_no_taskflow_operators.py for tasks to queue
[2026-07-31T11:19:51.887+0000] {logging_mixin.py:188} INFO - [2026-07-31T11:19:51.885+0000] {dagbag.py:545} INFO - Filling up the DagBag from /home/airflow/.local/lib/python3.12/site-packages/airflow/example_dags/example_dynamic_task_mapping_with_no_taskflow_operators.py
[2026-07-31T11:19:51.952+0000] {processor.py:840} INFO - DAG(s) 'example_dynamic_task_mapping_with_no_taskflow_operators' retrieved from /home/airflow/.local/lib/python3.12/site-packages/airflow/example_dags/example_dynamic_task_mapping_with_no_taskflow_operators.py
[2026-07-31T11:19:52.126+0000] {logging_mixin.py:188} INFO - [2026-07-31T11:19:52.125+0000] {dag.py:3089} INFO - Sync 1 DAGs
[2026-07-31T11:19:52.376+0000] {logging_mixin.py:188} INFO - [2026-07-31T11:19:52.376+0000] {dag.py:3947} INFO - Setting next_dagrun for example_dynamic_task_mapping_with_no_taskflow_operators to 2026-07-30 00:00:00+00:00, run_after=2026-07-31 00:00:00+00:00
[2026-07-31T11:19:52.602+0000] {processor.py:183} INFO - Processing /home/airflow/.local/lib/python3.12/site-packages/airflow/example_dags/example_dynamic_task_mapping_with_no_taskflow_operators.py took 0.819 seconds
[2026-07-31T11:20:41.444+0000] {processor.py:161} INFO - Started process (PID=2634) to work on /home/airflow/.local/lib/python3.12/site-packages/airflow/example_dags/example_dynamic_task_mapping_with_no_taskflow_operators.py
[2026-07-31T11:20:41.448+0000] {processor.py:830} INFO - Processing file /home/airflow/.local/lib/python3.12/site-packages/airflow/example_dags/example_dynamic_task_mapping_with_no_taskflow_operators.py for tasks to queue
[2026-07-31T11:20:41.455+0000] {logging_mixin.py:188} INFO - [2026-07-31T11:20:41.454+0000] {dagbag.py:545} INFO - Filling up the DagBag from /home/airflow/.local/lib/python3.12/site-packages/airflow/example_dags/example_dynamic_task_mapping_with_no_taskflow_operators.py
[2026-07-31T11:20:41.481+0000] {processor.py:840} INFO - DAG(s) 'example_dynamic_task_mapping_with_no_taskflow_operators' retrieved from /home/airflow/.local/lib/python3.12/site-packages/airflow/example_dags/example_dynamic_task_mapping_with_no_taskflow_operators.py
[2026-07-31T11:20:41.541+0000] {logging_mixin.py:188} INFO - [2026-07-31T11:20:41.539+0000] {dag.py:3089} INFO - Sync 1 DAGs
[2026-07-31T11:20:41.644+0000] {logging_mixin.py:188} INFO - [2026-07-31T11:20:41.643+0000] {dag.py:3947} INFO - Setting next_dagrun for example_dynamic_task_mapping_with_no_taskflow_operators to 2026-07-30 00:00:00+00:00, run_after=2026-07-31 00:00:00+00:00
[2026-07-31T11:20:41.823+0000] {processor.py:183} INFO - Processing /home/airflow/.local/lib/python3.12/site-packages/airflow/example_dags/example_dynamic_task_mapping_with_no_taskflow_operators.py took 0.420 seconds
[2026-07-31T11:21:12.494+0000] {processor.py:161} INFO - Started process (PID=2692) to work on /home/airflow/.local/lib/python3.12/site-packages/airflow/example_dags/example_dynamic_task_mapping_with_no_taskflow_operators.py
[2026-07-31T11:21:12.497+0000] {processor.py:830} INFO - Processing file /home/airflow/.local/lib/python3.12/site-packages/airflow/example_dags/example_dynamic_task_mapping_with_no_taskflow_operators.py for tasks to queue
[2026-07-31T11:21:12.503+0000] {logging_mixin.py:188} INFO - [2026-07-31T11:21:12.502+0000] {dagbag.py:545} INFO - Filling up the DagBag from /home/airflow/.local/lib/python3.12/site-packages/airflow/example_dags/example_dynamic_task_mapping_with_no_taskflow_operators.py
[2026-07-31T11:21:12.530+0000] {processor.py:840} INFO - DAG(s) 'example_dynamic_task_mapping_with_no_taskflow_operators' retrieved from /home/airflow/.local/lib/python3.12/site-packages/airflow/example_dags/example_dynamic_task_mapping_with_no_taskflow_operators.py
[2026-07-31T11:21:12.581+0000] {logging_mixin.py:188} INFO - [2026-07-31T11:21:12.580+0000] {dag.py:3089} INFO - Sync 1 DAGs
[2026-07-31T11:21:12.630+0000] {logging_mixin.py:188} INFO - [2026-07-31T11:21:12.629+0000] {dag.py:3947} INFO - Setting next_dagrun for example_dynamic_task_mapping_with_no_taskflow_operators to 2026-07-30 00:00:00+00:00, run_after=2026-07-31 00:00:00+00:00
[2026-07-31T11:21:12.685+0000] {processor.py:183} INFO - Processing /home/airflow/.local/lib/python3.12/site-packages/airflow/example_dags/example_dynamic_task_mapping_with_no_taskflow_operators.py took 0.211 seconds
[2026-07-31T11:21:43.144+0000] {processor.py:161} INFO - Started process (PID=2751) to work on /home/airflow/.local/lib/python3.12/site-packages/airflow/example_dags/example_dynamic_task_mapping_with_no_taskflow_operators.py
[2026-07-31T11:21:43.147+0000] {processor.py:830} INFO - Processing file /home/airflow/.local/lib/python3.12/site-packages/airflow/example_dags/example_dynamic_task_mapping_with_no_taskflow_operators.py for tasks to queue
[2026-07-31T11:21:43.153+0000] {logging_mixin.py:188} INFO - [2026-07-31T11:21:43.152+0000] {dagbag.py:545} INFO - Filling up the DagBag from /home/airflow/.local/lib/python3.12/site-packages/airflow/example_dags/example_dynamic_task_mapping_with_no_taskflow_operators.py
[2026-07-31T11:21:43.169+0000] {processor.py:840} INFO - DAG(s) 'example_dynamic_task_mapping_with_no_taskflow_operators' retrieved from /home/airflow/.local/lib/python3.12/site-packages/airflow/example_dags/example_dynamic_task_mapping_with_no_taskflow_operators.py
[2026-07-31T11:21:43.213+0000] {logging_mixin.py:188} INFO - [2026-07-31T11:21:43.212+0000] {dag.py:3089} INFO - Sync 1 DAGs
[2026-07-31T11:21:43.283+0000] {logging_mixin.py:188} INFO - [2026-07-31T11:21:43.282+0000] {dag.py:3947} INFO - Setting next_dagrun for example_dynamic_task_mapping_with_no_taskflow_operators to 2026-07-30 00:00:00+00:00, run_after=2026-07-31 00:00:00+00:00
[2026-07-31T11:21:43.355+0000] {processor.py:183} INFO - Processing /home/airflow/.local/lib/python3.12/site-packages/airflow/example_dags/example_dynamic_task_mapping_with_no_taskflow_operators.py took 0.228 seconds
[2026-07-31T11:22:13.948+0000] {processor.py:161} INFO - Started process (PID=2809) to work on /home/airflow/.local/lib/python3.12/site-packages/airflow/example_dags/example_dynamic_task_mapping_with_no_taskflow_operators.py
[2026-07-31T11:22:13.952+0000] {processor.py:830} INFO - Processing file /home/airflow/.local/lib/python3.12/site-packages/airflow/example_dags/example_dynamic_task_mapping_with_no_taskflow_operators.py for tasks to queue
[2026-07-31T11:22:13.959+0000] {logging_mixin.py:188} INFO - [2026-07-31T11:22:13.958+0000] {dagbag.py:545} INFO - Filling up the DagBag from /home/airflow/.local/lib/python3.12/site-packages/airflow/example_dags/example_dynamic_task_mapping_with_no_taskflow_operators.py
[2026-07-31T11:22:13.979+0000] {processor.py:840} INFO - DAG(s) 'example_dynamic_task_mapping_with_no_taskflow_operators' retrieved from /home/airflow/.local/lib/python3.12/site-packages/airflow/example_dags/example_dynamic_task_mapping_with_no_taskflow_operators.py
[2026-07-31T11:22:14.065+0000] {logging_mixin.py:188} INFO - [2026-07-31T11:22:14.064+0000] {dag.py:3089} INFO - Sync 1 DAGs
[2026-07-31T11:22:14.206+0000] {logging_mixin.py:188} INFO - [2026-07-31T11:22:14.205+0000] {dag.py:3947} INFO - Setting next_dagrun for example_dynamic_task_mapping_with_no_taskflow_operators to 2026-07-30 00:00:00+00:00, run_after=2026-07-31 00:00:00+00:00
[2026-07-31T11:22:14.325+0000] {processor.py:183} INFO - Processing /home/airflow/.local/lib/python3.12/site-packages/airflow/example_dags/example_dynamic_task_mapping_with_no_taskflow_operators.py took 0.397 seconds
[2026-07-31T11:22:51.458+0000] {processor.py:161} INFO - Started process (PID=2869) to work on /home/airflow/.local/lib/python3.12/site-packages/airflow/example_dags/example_dynamic_task_mapping_with_no_taskflow_operators.py
[2026-07-31T11:22:51.496+0000] {processor.py:830} INFO - Processing file /home/airflow/.local/lib/python3.12/site-packages/airflow/example_dags/example_dynamic_task_mapping_with_no_taskflow_operators.py for tasks to queue
[2026-07-31T11:22:51.530+0000] {logging_mixin.py:188} INFO - [2026-07-31T11:22:51.518+0000] {dagbag.py:545} INFO - Filling up the DagBag from /home/airflow/.local/lib/python3.12/site-packages/airflow/example_dags/example_dynamic_task_mapping_with_no_taskflow_operators.py
[2026-07-31T11:22:51.796+0000] {processor.py:840} INFO - DAG(s) 'example_dynamic_task_mapping_with_no_taskflow_operators' retrieved from /home/airflow/.local/lib/python3.12/site-packages/airflow/example_dags/example_dynamic_task_mapping_with_no_taskflow_operators.py
[2026-07-31T11:22:52.645+0000] {logging_mixin.py:188} INFO - [2026-07-31T11:22:52.643+0000] {dag.py:3089} INFO - Sync 1 DAGs
[2026-07-31T11:22:53.755+0000] {logging_mixin.py:188} INFO - [2026-07-31T11:22:53.754+0000] {dag.py:3947} INFO - Setting next_dagrun for example_dynamic_task_mapping_with_no_taskflow_operators to 2026-07-30 00:00:00+00:00, run_after=2026-07-31 00:00:00+00:00
[2026-07-31T11:22:54.437+0000] {processor.py:183} INFO - Processing /home/airflow/.local/lib/python3.12/site-packages/airflow/example_dags/example_dynamic_task_mapping_with_no_taskflow_operators.py took 3.063 seconds
[2026-07-31T11:24:33.591+0000] {processor.py:161} INFO - Started process (PID=2931) to work on /home/airflow/.local/lib/python3.12/site-packages/airflow/example_dags/example_dynamic_task_mapping_with_no_taskflow_operators.py
[2026-07-31T11:24:33.672+0000] {processor.py:830} INFO - Processing file /home/airflow/.local/lib/python3.12/site-packages/airflow/example_dags/example_dynamic_task_mapping_with_no_taskflow_operators.py for tasks to queue
[2026-07-31T11:24:33.723+0000] {logging_mixin.py:188} INFO - [2026-07-31T11:24:33.721+0000] {dagbag.py:545} INFO - Filling up the DagBag from /home/airflow/.local/lib/python3.12/site-packages/airflow/example_dags/example_dynamic_task_mapping_with_no_taskflow_operators.py
[2026-07-31T11:24:34.072+0000] {processor.py:840} INFO - DAG(s) 'example_dynamic_task_mapping_with_no_taskflow_operators' retrieved from /home/airflow/.local/lib/python3.12/site-packages/airflow/example_dags/example_dynamic_task_mapping_with_no_taskflow_operators.py
[2026-07-31T11:24:34.739+0000] {logging_mixin.py:188} INFO - [2026-07-31T11:24:34.738+0000] {dag.py:3089} INFO - Sync 1 DAGs
[2026-07-31T11:24:35.048+0000] {logging_mixin.py:188} INFO - [2026-07-31T11:24:35.035+0000] {dag.py:3947} INFO - Setting next_dagrun for example_dynamic_task_mapping_with_no_taskflow_operators to 2026-07-30 00:00:00+00:00, run_after=2026-07-31 00:00:00+00:00
[2026-07-31T11:24:35.487+0000] {processor.py:183} INFO - Processing /home/airflow/.local/lib/python3.12/site-packages/airflow/example_dags/example_dynamic_task_mapping_with_no_taskflow_operators.py took 2.076 seconds
[2026-07-31T11:25:30.432+0000] {processor.py:161} INFO - Started process (PID=2989) to work on /home/airflow/.local/lib/python3.12/site-packages/airflow/example_dags/example_dynamic_task_mapping_with_no_taskflow_operators.py
[2026-07-31T11:25:30.483+0000] {processor.py:830} INFO - Processing file /home/airflow/.local/lib/python3.12/site-packages/airflow/example_dags/example_dynamic_task_mapping_with_no_taskflow_operators.py for tasks to queue
[2026-07-31T11:25:30.560+0000] {logging_mixin.py:188} INFO - [2026-07-31T11:25:30.559+0000] {dagbag.py:545} INFO - Filling up the DagBag from /home/airflow/.local/lib/python3.12/site-packages/airflow/example_dags/example_dynamic_task_mapping_with_no_taskflow_operators.py
[2026-07-31T11:25:32.140+0000] {processor.py:840} INFO - DAG(s) 'example_dynamic_task_mapping_with_no_taskflow_operators' retrieved from /home/airflow/.local/lib/python3.12/site-packages/airflow/example_dags/example_dynamic_task_mapping_with_no_taskflow_operators.py
[2026-07-31T11:25:33.490+0000] {logging_mixin.py:188} INFO - [2026-07-31T11:25:33.489+0000] {dag.py:3089} INFO - Sync 1 DAGs
[2026-07-31T11:25:34.183+0000] {logging_mixin.py:188} INFO - [2026-07-31T11:25:34.164+0000] {dag.py:3947} INFO - Setting next_dagrun for example_dynamic_task_mapping_with_no_taskflow_operators to 2026-07-30 00:00:00+00:00, run_after=2026-07-31 00:00:00+00:00
[2026-07-31T11:25:34.519+0000] {processor.py:183} INFO - Processing /home/airflow/.local/lib/python3.12/site-packages/airflow/example_dags/example_dynamic_task_mapping_with_no_taskflow_operators.py took 4.212 seconds
[2026-07-31T11:26:38.907+0000] {processor.py:161} INFO - Started process (PID=3040) to work on /home/airflow/.local/lib/python3.12/site-packages/airflow/example_dags/example_dynamic_task_mapping_with_no_taskflow_operators.py
[2026-07-31T11:26:38.912+0000] {processor.py:830} INFO - Processing file /home/airflow/.local/lib/python3.12/site-packages/airflow/example_dags/example_dynamic_task_mapping_with_no_taskflow_operators.py for tasks to queue
[2026-07-31T11:26:38.926+0000] {logging_mixin.py:188} INFO - [2026-07-31T11:26:38.923+0000] {dagbag.py:545} INFO - Filling up the DagBag from /home/airflow/.local/lib/python3.12/site-packages/airflow/example_dags/example_dynamic_task_mapping_with_no_taskflow_operators.py
[2026-07-31T11:26:39.031+0000] {processor.py:840} INFO - DAG(s) 'example_dynamic_task_mapping_with_no_taskflow_operators' retrieved from /home/airflow/.local/lib/python3.12/site-packages/airflow/example_dags/example_dynamic_task_mapping_with_no_taskflow_operators.py
[2026-07-31T11:26:39.301+0000] {logging_mixin.py:188} INFO - [2026-07-31T11:26:39.300+0000] {dag.py:3089} INFO - Sync 1 DAGs
[2026-07-31T11:26:39.638+0000] {logging_mixin.py:188} INFO - [2026-07-31T11:26:39.637+0000] {dag.py:3947} INFO - Setting next_dagrun for example_dynamic_task_mapping_with_no_taskflow_operators to 2026-07-30 00:00:00+00:00, run_after=2026-07-31 00:00:00+00:00
[2026-07-31T11:26:39.940+0000] {processor.py:183} INFO - Processing /home/airflow/.local/lib/python3.12/site-packages/airflow/example_dags/example_dynamic_task_mapping_with_no_taskflow_operators.py took 1.082 seconds
[2026-07-31T11:27:10.154+0000] {processor.py:161} INFO - Started process (PID=3097) to work on /home/airflow/.local/lib/python3.12/site-packages/airflow/example_dags/example_dynamic_task_mapping_with_no_taskflow_operators.py
[2026-07-31T11:27:10.157+0000] {processor.py:830} INFO - Processing file /home/airflow/.local/lib/python3.12/site-packages/airflow/example_dags/example_dynamic_task_mapping_with_no_taskflow_operators.py for tasks to queue
[2026-07-31T11:27:10.164+0000] {logging_mixin.py:188} INFO - [2026-07-31T11:27:10.162+0000] {dagbag.py:545} INFO - Filling up the DagBag from /home/airflow/.local/lib/python3.12/site-packages/airflow/example_dags/example_dynamic_task_mapping_with_no_taskflow_operators.py
[2026-07-31T11:27:10.188+0000] {processor.py:840} INFO - DAG(s) 'example_dynamic_task_mapping_with_no_taskflow_operators' retrieved from /home/airflow/.local/lib/python3.12/site-packages/airflow/example_dags/example_dynamic_task_mapping_with_no_taskflow_operators.py
[2026-07-31T11:27:10.255+0000] {logging_mixin.py:188} INFO - [2026-07-31T11:27:10.255+0000] {dag.py:3089} INFO - Sync 1 DAGs
[2026-07-31T11:27:10.342+0000] {logging_mixin.py:188} INFO - [2026-07-31T11:27:10.341+0000] {dag.py:3947} INFO - Setting next_dagrun for example_dynamic_task_mapping_with_no_taskflow_operators to 2026-07-30 00:00:00+00:00, run_after=2026-07-31 00:00:00+00:00
[2026-07-31T11:27:10.408+0000] {processor.py:183} INFO - Processing /home/airflow/.local/lib/python3.12/site-packages/airflow/example_dags/example_dynamic_task_mapping_with_no_taskflow_operators.py took 0.275 seconds
[2026-07-31T11:27:40.672+0000] {processor.py:161} INFO - Started process (PID=3156) to work on /home/airflow/.local/lib/python3.12/site-packages/airflow/example_dags/example_dynamic_task_mapping_with_no_taskflow_operators.py
[2026-07-31T11:27:40.678+0000] {processor.py:830} INFO - Processing file /home/airflow/.local/lib/python3.12/site-packages/airflow/example_dags/example_dynamic_task_mapping_with_no_taskflow_operators.py for tasks to queue
[2026-07-31T11:27:40.689+0000] {logging_mixin.py:188} INFO - [2026-07-31T11:27:40.687+0000] {dagbag.py:545} INFO - Filling up the DagBag from /home/airflow/.local/lib/python3.12/site-packages/airflow/example_dags/example_dynamic_task_mapping_with_no_taskflow_operators.py
[2026-07-31T11:27:40.725+0000] {processor.py:840} INFO - DAG(s) 'example_dynamic_task_mapping_with_no_taskflow_operators' retrieved from /home/airflow/.local/lib/python3.12/site-packages/airflow/example_dags/example_dynamic_task_mapping_with_no_taskflow_operators.py
[2026-07-31T11:27:40.801+0000] {logging_mixin.py:188} INFO - [2026-07-31T11:27:40.800+0000] {dag.py:3089} INFO - Sync 1 DAGs
[2026-07-31T11:27:40.913+0000] {logging_mixin.py:188} INFO - [2026-07-31T11:27:40.912+0000] {dag.py:3947} INFO - Setting next_dagrun for example_dynamic_task_mapping_with_no_taskflow_operators to 2026-07-30 00:00:00+00:00, run_after=2026-07-31 00:00:00+00:00
[2026-07-31T11:27:41.015+0000] {processor.py:183} INFO - Processing /home/airflow/.local/lib/python3.12/site-packages/airflow/example_dags/example_dynamic_task_mapping_with_no_taskflow_operators.py took 0.375 seconds
[2026-07-31T11:28:11.177+0000] {processor.py:161} INFO - Started process (PID=3212) to work on /home/airflow/.local/lib/python3.12/site-packages/airflow/example_dags/example_dynamic_task_mapping_with_no_taskflow_operators.py
[2026-07-31T11:28:11.180+0000] {processor.py:830} INFO - Processing file /home/airflow/.local/lib/python3.12/site-packages/airflow/example_dags/example_dynamic_task_mapping_with_no_taskflow_operators.py for tasks to queue
[2026-07-31T11:28:11.186+0000] {logging_mixin.py:188} INFO - [2026-07-31T11:28:11.185+0000] {dagbag.py:545} INFO - Filling up the DagBag from /home/airflow/.local/lib/python3.12/site-packages/airflow/example_dags/example_dynamic_task_mapping_with_no_taskflow_operators.py
[2026-07-31T11:28:11.208+0000] {processor.py:840} INFO - DAG(s) 'example_dynamic_task_mapping_with_no_taskflow_operators' retrieved from /home/airflow/.local/lib/python3.12/site-packages/airflow/example_dags/example_dynamic_task_mapping_with_no_taskflow_operators.py
[2026-07-31T11:28:11.289+0000] {logging_mixin.py:188} INFO - [2026-07-31T11:28:11.289+0000] {dag.py:3089} INFO - Sync 1 DAGs
[2026-07-31T11:28:11.364+0000] {logging_mixin.py:188} INFO - [2026-07-31T11:28:11.363+0000] {dag.py:3947} INFO - Setting next_dagrun for example_dynamic_task_mapping_with_no_taskflow_operators to 2026-07-30 00:00:00+00:00, run_after=2026-07-31 00:00:00+00:00
[2026-07-31T11:28:11.408+0000] {processor.py:183} INFO - Processing /home/airflow/.local/lib/python3.12/site-packages/airflow/example_dags/example_dynamic_task_mapping_with_no_taskflow_operators.py took 0.248 seconds
[2026-07-31T11:28:42.140+0000] {processor.py:161} INFO - Started process (PID=3270) to work on /home/airflow/.local/lib/python3.12/site-packages/airflow/example_dags/example_dynamic_task_mapping_with_no_taskflow_operators.py
[2026-07-31T11:28:42.143+0000] {processor.py:830} INFO - Processing file /home/airflow/.local/lib/python3.12/site-packages/airflow/example_dags/example_dynamic_task_mapping_with_no_taskflow_operators.py for tasks to queue
[2026-07-31T11:28:42.150+0000] {logging_mixin.py:188} INFO - [2026-07-31T11:28:42.149+0000] {dagbag.py:545} INFO - Filling up the DagBag from /home/airflow/.local/lib/python3.12/site-packages/airflow/example_dags/example_dynamic_task_mapping_with_no_taskflow_operators.py
[2026-07-31T11:28:42.193+0000] {processor.py:840} INFO - DAG(s) 'example_dynamic_task_mapping_with_no_taskflow_operators' retrieved from /home/airflow/.local/lib/python3.12/site-packages/airflow/example_dags/example_dynamic_task_mapping_with_no_taskflow_operators.py
[2026-07-31T11:28:42.339+0000] {logging_mixin.py:188} INFO - [2026-07-31T11:28:42.338+0000] {dag.py:3089} INFO - Sync 1 DAGs
[2026-07-31T11:28:42.646+0000] {logging_mixin.py:188} INFO - [2026-07-31T11:28:42.645+0000] {dag.py:3947} INFO - Setting next_dagrun for example_dynamic_task_mapping_with_no_taskflow_operators to 2026-07-30 00:00:00+00:00, run_after=2026-07-31 00:00:00+00:00
[2026-07-31T11:28:42.750+0000] {processor.py:183} INFO - Processing /home/airflow/.local/lib/python3.12/site-packages/airflow/example_dags/example_dynamic_task_mapping_with_no_taskflow_operators.py took 0.635 seconds
[2026-07-31T11:29:13.570+0000] {processor.py:161} INFO - Started process (PID=3327) to work on /home/airflow/.local/lib/python3.12/site-packages/airflow/example_dags/example_dynamic_task_mapping_with_no_taskflow_operators.py
[2026-07-31T11:29:13.582+0000] {processor.py:830} INFO - Processing file /home/airflow/.local/lib/python3.12/site-packages/airflow/example_dags/example_dynamic_task_mapping_with_no_taskflow_operators.py for tasks to queue
[2026-07-31T11:29:13.599+0000] {logging_mixin.py:188} INFO - [2026-07-31T11:29:13.591+0000] {dagbag.py:545} INFO - Filling up the DagBag from /home/airflow/.local/lib/python3.12/site-packages/airflow/example_dags/example_dynamic_task_mapping_with_no_taskflow_operators.py
[2026-07-31T11:29:13.663+0000] {processor.py:840} INFO - DAG(s) 'example_dynamic_task_mapping_with_no_taskflow_operators' retrieved from /home/airflow/.local/lib/python3.12/site-packages/airflow/example_dags/example_dynamic_task_mapping_with_no_taskflow_operators.py
[2026-07-31T11:29:13.880+0000] {logging_mixin.py:188} INFO - [2026-07-31T11:29:13.868+0000] {dag.py:3089} INFO - Sync 1 DAGs
[2026-07-31T11:29:14.331+0000] {logging_mixin.py:188} INFO - [2026-07-31T11:29:14.330+0000] {dag.py:3947} INFO - Setting next_dagrun for example_dynamic_task_mapping_with_no_taskflow_operators to 2026-07-30 00:00:00+00:00, run_after=2026-07-31 00:00:00+00:00
[2026-07-31T11:29:14.687+0000] {processor.py:183} INFO - Processing /home/airflow/.local/lib/python3.12/site-packages/airflow/example_dags/example_dynamic_task_mapping_with_no_taskflow_operators.py took 1.172 seconds
[2026-07-31T11:29:58.116+0000] {processor.py:161} INFO - Started process (PID=3374) to work on /home/airflow/.local/lib/python3.12/site-packages/airflow/example_dags/example_dynamic_task_mapping_with_no_taskflow_operators.py
[2026-07-31T11:29:58.137+0000] {processor.py:830} INFO - Processing file /home/airflow/.local/lib/python3.12/site-packages/airflow/example_dags/example_dynamic_task_mapping_with_no_taskflow_operators.py for tasks to queue
[2026-07-31T11:29:58.168+0000] {logging_mixin.py:188} INFO - [2026-07-31T11:29:58.167+0000] {dagbag.py:545} INFO - Filling up the DagBag from /home/airflow/.local/lib/python3.12/site-packages/airflow/example_dags/example_dynamic_task_mapping_with_no_taskflow_operators.py
[2026-07-31T11:29:58.307+0000] {processor.py:840} INFO - DAG(s) 'example_dynamic_task_mapping_with_no_taskflow_operators' retrieved from /home/airflow/.local/lib/python3.12/site-packages/airflow/example_dags/example_dynamic_task_mapping_with_no_taskflow_operators.py
[2026-07-31T11:29:58.450+0000] {logging_mixin.py:188} INFO - [2026-07-31T11:29:58.449+0000] {dag.py:3089} INFO - Sync 1 DAGs
[2026-07-31T11:29:59.070+0000] {logging_mixin.py:188} INFO - [2026-07-31T11:29:59.069+0000] {dag.py:3947} INFO - Setting next_dagrun for example_dynamic_task_mapping_with_no_taskflow_operators to 2026-07-30 00:00:00+00:00, run_after=2026-07-31 00:00:00+00:00
[2026-07-31T11:29:59.525+0000] {processor.py:183} INFO - Processing /home/airflow/.local/lib/python3.12/site-packages/airflow/example_dags/example_dynamic_task_mapping_with_no_taskflow_operators.py took 1.448 seconds
[2026-07-31T11:30:36.593+0000] {processor.py:161} INFO - Started process (PID=3430) to work on /home/airflow/.local/lib/python3.12/site-packages/airflow/example_dags/example_dynamic_task_mapping_with_no_taskflow_operators.py
[2026-07-31T11:30:36.602+0000] {processor.py:830} INFO - Processing file /home/airflow/.local/lib/python3.12/site-packages/airflow/example_dags/example_dynamic_task_mapping_with_no_taskflow_operators.py for tasks to queue
[2026-07-31T11:30:36.610+0000] {logging_mixin.py:188} INFO - [2026-07-31T11:30:36.609+0000] {dagbag.py:545} INFO - Filling up the DagBag from /home/airflow/.local/lib/python3.12/site-packages/airflow/example_dags/example_dynamic_task_mapping_with_no_taskflow_operators.py
[2026-07-31T11:30:36.648+0000] {processor.py:840} INFO - DAG(s) 'example_dynamic_task_mapping_with_no_taskflow_operators' retrieved from /home/airflow/.local/lib/python3.12/site-packages/airflow/example_dags/example_dynamic_task_mapping_with_no_taskflow_operators.py
[2026-07-31T11:30:36.756+0000] {logging_mixin.py:188} INFO - [2026-07-31T11:30:36.755+0000] {dag.py:3089} INFO - Sync 1 DAGs
[2026-07-31T11:30:36.940+0000] {logging_mixin.py:188} INFO - [2026-07-31T11:30:36.939+0000] {dag.py:3947} INFO - Setting next_dagrun for example_dynamic_task_mapping_with_no_taskflow_operators to 2026-07-30 00:00:00+00:00, run_after=2026-07-31 00:00:00+00:00
[2026-07-31T11:30:37.046+0000] {processor.py:183} INFO - Processing /home/airflow/.local/lib/python3.12/site-packages/airflow/example_dags/example_dynamic_task_mapping_with_no_taskflow_operators.py took 0.493 seconds
[2026-07-31T11:31:07.357+0000] {processor.py:161} INFO - Started process (PID=3488) to work on /home/airflow/.local/lib/python3.12/site-packages/airflow/example_dags/example_dynamic_task_mapping_with_no_taskflow_operators.py
[2026-07-31T11:31:07.363+0000] {processor.py:830} INFO - Processing file /home/airflow/.local/lib/python3.12/site-packages/airflow/example_dags/example_dynamic_task_mapping_with_no_taskflow_operators.py for tasks to queue
[2026-07-31T11:31:07.370+0000] {logging_mixin.py:188} INFO - [2026-07-31T11:31:07.368+0000] {dagbag.py:545} INFO - Filling up the DagBag from /home/airflow/.local/lib/python3.12/site-packages/airflow/example_dags/example_dynamic_task_mapping_with_no_taskflow_operators.py
[2026-07-31T11:31:07.409+0000] {processor.py:840} INFO - DAG(s) 'example_dynamic_task_mapping_with_no_taskflow_operators' retrieved from /home/airflow/.local/lib/python3.12/site-packages/airflow/example_dags/example_dynamic_task_mapping_with_no_taskflow_operators.py
[2026-07-31T11:31:07.517+0000] {logging_mixin.py:188} INFO - [2026-07-31T11:31:07.516+0000] {dag.py:3089} INFO - Sync 1 DAGs
[2026-07-31T11:31:07.571+0000] {logging_mixin.py:188} INFO - [2026-07-31T11:31:07.571+0000] {dag.py:3947} INFO - Setting next_dagrun for example_dynamic_task_mapping_with_no_taskflow_operators to 2026-07-30 00:00:00+00:00, run_after=2026-07-31 00:00:00+00:00
[2026-07-31T11:31:07.630+0000] {processor.py:183} INFO - Processing /home/airflow/.local/lib/python3.12/site-packages/airflow/example_dags/example_dynamic_task_mapping_with_no_taskflow_operators.py took 0.301 seconds
[2026-07-31T11:31:37.775+0000] {processor.py:161} INFO - Started process (PID=3546) to work on /home/airflow/.local/lib/python3.12/site-packages/airflow/example_dags/example_dynamic_task_mapping_with_no_taskflow_operators.py
[2026-07-31T11:31:37.778+0000] {processor.py:830} INFO - Processing file /home/airflow/.local/lib/python3.12/site-packages/airflow/example_dags/example_dynamic_task_mapping_with_no_taskflow_operators.py for tasks to queue
[2026-07-31T11:31:37.784+0000] {logging_mixin.py:188} INFO - [2026-07-31T11:31:37.783+0000] {dagbag.py:545} INFO - Filling up the DagBag from /home/airflow/.local/lib/python3.12/site-packages/airflow/example_dags/example_dynamic_task_mapping_with_no_taskflow_operators.py
[2026-07-31T11:31:37.807+0000] {processor.py:840} INFO - DAG(s) 'example_dynamic_task_mapping_with_no_taskflow_operators' retrieved from /home/airflow/.local/lib/python3.12/site-packages/airflow/example_dags/example_dynamic_task_mapping_with_no_taskflow_operators.py
[2026-07-31T11:31:37.871+0000] {logging_mixin.py:188} INFO - [2026-07-31T11:31:37.870+0000] {dag.py:3089} INFO - Sync 1 DAGs
[2026-07-31T11:31:37.971+0000] {logging_mixin.py:188} INFO - [2026-07-31T11:31:37.970+0000] {dag.py:3947} INFO - Setting next_dagrun for example_dynamic_task_mapping_with_no_taskflow_operators to 2026-07-30 00:00:00+00:00, run_after=2026-07-31 00:00:00+00:00
[2026-07-31T11:31:38.046+0000] {processor.py:183} INFO - Processing /home/airflow/.local/lib/python3.12/site-packages/airflow/example_dags/example_dynamic_task_mapping_with_no_taskflow_operators.py took 0.293 seconds
[2026-07-31T11:32:09.024+0000] {processor.py:161} INFO - Started process (PID=3604) to work on /home/airflow/.local/lib/python3.12/site-packages/airflow/example_dags/example_dynamic_task_mapping_with_no_taskflow_operators.py
[2026-07-31T11:32:09.027+0000] {processor.py:830} INFO - Processing file /home/airflow/.local/lib/python3.12/site-packages/airflow/example_dags/example_dynamic_task_mapping_with_no_taskflow_operators.py for tasks to queue
[2026-07-31T11:32:09.034+0000] {logging_mixin.py:188} INFO - [2026-07-31T11:32:09.033+0000] {dagbag.py:545} INFO - Filling up the DagBag from /home/airflow/.local/lib/python3.12/site-packages/airflow/example_dags/example_dynamic_task_mapping_with_no_taskflow_operators.py
[2026-07-31T11:32:09.067+0000] {processor.py:840} INFO - DAG(s) 'example_dynamic_task_mapping_with_no_taskflow_operators' retrieved from /home/airflow/.local/lib/python3.12/site-packages/airflow/example_dags/example_dynamic_task_mapping_with_no_taskflow_operators.py
[2026-07-31T11:32:09.133+0000] {logging_mixin.py:188} INFO - [2026-07-31T11:32:09.133+0000] {dag.py:3089} INFO - Sync 1 DAGs
[2026-07-31T11:32:09.206+0000] {logging_mixin.py:188} INFO - [2026-07-31T11:32:09.206+0000] {dag.py:3947} INFO - Setting next_dagrun for example_dynamic_task_mapping_with_no_taskflow_operators to 2026-07-30 00:00:00+00:00, run_after=2026-07-31 00:00:00+00:00
[2026-07-31T11:32:09.267+0000] {processor.py:183} INFO - Processing /home/airflow/.local/lib/python3.12/site-packages/airflow/example_dags/example_dynamic_task_mapping_with_no_taskflow_operators.py took 0.282 seconds
[2026-07-31T11:32:45.095+0000] {processor.py:161} INFO - Started process (PID=3669) to work on /home/airflow/.local/lib/python3.12/site-packages/airflow/example_dags/example_dynamic_task_mapping_with_no_taskflow_operators.py
[2026-07-31T11:32:45.154+0000] {processor.py:830} INFO - Processing file /home/airflow/.local/lib/python3.12/site-packages/airflow/example_dags/example_dynamic_task_mapping_with_no_taskflow_operators.py for tasks to queue
[2026-07-31T11:32:45.188+0000] {logging_mixin.py:188} INFO - [2026-07-31T11:32:45.187+0000] {dagbag.py:545} INFO - Filling up the DagBag from /home/airflow/.local/lib/python3.12/site-packages/airflow/example_dags/example_dynamic_task_mapping_with_no_taskflow_operators.py
[2026-07-31T11:32:45.349+0000] {processor.py:840} INFO - DAG(s) 'example_dynamic_task_mapping_with_no_taskflow_operators' retrieved from /home/airflow/.local/lib/python3.12/site-packages/airflow/example_dags/example_dynamic_task_mapping_with_no_taskflow_operators.py
[2026-07-31T11:32:45.637+0000] {logging_mixin.py:188} INFO - [2026-07-31T11:32:45.636+0000] {dag.py:3089} INFO - Sync 1 DAGs
[2026-07-31T11:32:45.977+0000] {logging_mixin.py:188} INFO - [2026-07-31T11:32:45.975+0000] {dag.py:3947} INFO - Setting next_dagrun for example_dynamic_task_mapping_with_no_taskflow_operators to 2026-07-30 00:00:00+00:00, run_after=2026-07-31 00:00:00+00:00
[2026-07-31T11:32:46.406+0000] {processor.py:183} INFO - Processing /home/airflow/.local/lib/python3.12/site-packages/airflow/example_dags/example_dynamic_task_mapping_with_no_taskflow_operators.py took 1.569 seconds
[2026-07-31T11:34:10.642+0000] {processor.py:161} INFO - Started process (PID=3728) to work on /home/airflow/.local/lib/python3.12/site-packages/airflow/example_dags/example_dynamic_task_mapping_with_no_taskflow_operators.py
[2026-07-31T11:34:10.667+0000] {processor.py:830} INFO - Processing file /home/airflow/.local/lib/python3.12/site-packages/airflow/example_dags/example_dynamic_task_mapping_with_no_taskflow_operators.py for tasks to queue
[2026-07-31T11:34:10.741+0000] {logging_mixin.py:188} INFO - [2026-07-31T11:34:10.719+0000] {dagbag.py:545} INFO - Filling up the DagBag from /home/airflow/.local/lib/python3.12/site-packages/airflow/example_dags/example_dynamic_task_mapping_with_no_taskflow_operators.py
[2026-07-31T11:34:11.153+0000] {processor.py:840} INFO - DAG(s) 'example_dynamic_task_mapping_with_no_taskflow_operators' retrieved from /home/airflow/.local/lib/python3.12/site-packages/airflow/example_dags/example_dynamic_task_mapping_with_no_taskflow_operators.py
[2026-07-31T11:34:11.476+0000] {logging_mixin.py:188} INFO - [2026-07-31T11:34:11.471+0000] {dag.py:3089} INFO - Sync 1 DAGs
[2026-07-31T11:34:11.920+0000] {logging_mixin.py:188} INFO - [2026-07-31T11:34:11.918+0000] {dag.py:3947} INFO - Setting next_dagrun for example_dynamic_task_mapping_with_no_taskflow_operators to 2026-07-30 00:00:00+00:00, run_after=2026-07-31 00:00:00+00:00
[2026-07-31T11:34:12.202+0000] {processor.py:183} INFO - Processing /home/airflow/.local/lib/python3.12/site-packages/airflow/example_dags/example_dynamic_task_mapping_with_no_taskflow_operators.py took 1.656 seconds
[2026-07-31T11:34:43.067+0000] {processor.py:161} INFO - Started process (PID=3787) to work on /home/airflow/.local/lib/python3.12/site-packages/airflow/example_dags/example_dynamic_task_mapping_with_no_taskflow_operators.py
[2026-07-31T11:34:43.070+0000] {processor.py:830} INFO - Processing file /home/airflow/.local/lib/python3.12/site-packages/airflow/example_dags/example_dynamic_task_mapping_with_no_taskflow_operators.py for tasks to queue
[2026-07-31T11:34:43.074+0000] {logging_mixin.py:188} INFO - [2026-07-31T11:34:43.074+0000] {dagbag.py:545} INFO - Filling up the DagBag from /home/airflow/.local/lib/python3.12/site-packages/airflow/example_dags/example_dynamic_task_mapping_with_no_taskflow_operators.py
[2026-07-31T11:34:43.101+0000] {processor.py:840} INFO - DAG(s) 'example_dynamic_task_mapping_with_no_taskflow_operators' retrieved from /home/airflow/.local/lib/python3.12/site-packages/airflow/example_dags/example_dynamic_task_mapping_with_no_taskflow_operators.py
[2026-07-31T11:34:43.158+0000] {logging_mixin.py:188} INFO - [2026-07-31T11:34:43.157+0000] {dag.py:3089} INFO - Sync 1 DAGs
[2026-07-31T11:34:43.237+0000] {logging_mixin.py:188} INFO - [2026-07-31T11:34:43.236+0000] {dag.py:3947} INFO - Setting next_dagrun for example_dynamic_task_mapping_with_no_taskflow_operators to 2026-07-30 00:00:00+00:00, run_after=2026-07-31 00:00:00+00:00
[2026-07-31T11:34:43.312+0000] {processor.py:183} INFO - Processing /home/airflow/.local/lib/python3.12/site-packages/airflow/example_dags/example_dynamic_task_mapping_with_no_taskflow_operators.py took 0.267 seconds
[2026-07-31T11:35:13.942+0000] {processor.py:161} INFO - Started process (PID=3845) to work on /home/airflow/.local/lib/python3.12/site-packages/airflow/example_dags/example_dynamic_task_mapping_with_no_taskflow_operators.py
[2026-07-31T11:35:13.944+0000] {processor.py:830} INFO - Processing file /home/airflow/.local/lib/python3.12/site-packages/airflow/example_dags/example_dynamic_task_mapping_with_no_taskflow_operators.py for tasks to queue
[2026-07-31T11:35:13.947+0000] {logging_mixin.py:188} INFO - [2026-07-31T11:35:13.947+0000] {dagbag.py:545} INFO - Filling up the DagBag from /home/airflow/.local/lib/python3.12/site-packages/airflow/example_dags/example_dynamic_task_mapping_with_no_taskflow_operators.py
[2026-07-31T11:35:13.961+0000] {processor.py:840} INFO - DAG(s) 'example_dynamic_task_mapping_with_no_taskflow_operators' retrieved from /home/airflow/.local/lib/python3.12/site-packages/airflow/example_dags/example_dynamic_task_mapping_with_no_taskflow_operators.py
[2026-07-31T11:35:14.006+0000] {logging_mixin.py:188} INFO - [2026-07-31T11:35:14.006+0000] {dag.py:3089} INFO - Sync 1 DAGs
[2026-07-31T11:35:14.054+0000] {logging_mixin.py:188} INFO - [2026-07-31T11:35:14.053+0000] {dag.py:3947} INFO - Setting next_dagrun for example_dynamic_task_mapping_with_no_taskflow_operators to 2026-07-30 00:00:00+00:00, run_after=2026-07-31 00:00:00+00:00
[2026-07-31T11:35:14.099+0000] {processor.py:183} INFO - Processing /home/airflow/.local/lib/python3.12/site-packages/airflow/example_dags/example_dynamic_task_mapping_with_no_taskflow_operators.py took 0.171 seconds
[2026-07-31T11:35:44.446+0000] {processor.py:161} INFO - Started process (PID=3904) to work on /home/airflow/.local/lib/python3.12/site-packages/airflow/example_dags/example_dynamic_task_mapping_with_no_taskflow_operators.py
[2026-07-31T11:35:44.448+0000] {processor.py:830} INFO - Processing file /home/airflow/.local/lib/python3.12/site-packages/airflow/example_dags/example_dynamic_task_mapping_with_no_taskflow_operators.py for tasks to queue
[2026-07-31T11:35:44.452+0000] {logging_mixin.py:188} INFO - [2026-07-31T11:35:44.452+0000] {dagbag.py:545} INFO - Filling up the DagBag from /home/airflow/.local/lib/python3.12/site-packages/airflow/example_dags/example_dynamic_task_mapping_with_no_taskflow_operators.py
[2026-07-31T11:35:44.466+0000] {processor.py:840} INFO - DAG(s) 'example_dynamic_task_mapping_with_no_taskflow_operators' retrieved from /home/airflow/.local/lib/python3.12/site-packages/airflow/example_dags/example_dynamic_task_mapping_with_no_taskflow_operators.py
[2026-07-31T11:35:44.514+0000] {logging_mixin.py:188} INFO - [2026-07-31T11:35:44.514+0000] {dag.py:3089} INFO - Sync 1 DAGs
[2026-07-31T11:35:44.569+0000] {logging_mixin.py:188} INFO - [2026-07-31T11:35:44.569+0000] {dag.py:3947} INFO - Setting next_dagrun for example_dynamic_task_mapping_with_no_taskflow_operators to 2026-07-30 00:00:00+00:00, run_after=2026-07-31 00:00:00+00:00
[2026-07-31T11:35:44.628+0000] {processor.py:183} INFO - Processing /home/airflow/.local/lib/python3.12/site-packages/airflow/example_dags/example_dynamic_task_mapping_with_no_taskflow_operators.py took 0.200 seconds
[2026-07-31T11:36:14.910+0000] {processor.py:161} INFO - Started process (PID=3962) to work on /home/airflow/.local/lib/python3.12/site-packages/airflow/example_dags/example_dynamic_task_mapping_with_no_taskflow_operators.py
[2026-07-31T11:36:14.914+0000] {processor.py:830} INFO - Processing file /home/airflow/.local/lib/python3.12/site-packages/airflow/example_dags/example_dynamic_task_mapping_with_no_taskflow_operators.py for tasks to queue
[2026-07-31T11:36:14.926+0000] {logging_mixin.py:188} INFO - [2026-07-31T11:36:14.925+0000] {dagbag.py:545} INFO - Filling up the DagBag from /home/airflow/.local/lib/python3.12/site-packages/airflow/example_dags/example_dynamic_task_mapping_with_no_taskflow_operators.py
[2026-07-31T11:36:14.962+0000] {processor.py:840} INFO - DAG(s) 'example_dynamic_task_mapping_with_no_taskflow_operators' retrieved from /home/airflow/.local/lib/python3.12/site-packages/airflow/example_dags/example_dynamic_task_mapping_with_no_taskflow_operators.py
[2026-07-31T11:36:15.060+0000] {logging_mixin.py:188} INFO - [2026-07-31T11:36:15.060+0000] {dag.py:3089} INFO - Sync 1 DAGs
[2026-07-31T11:36:15.117+0000] {logging_mixin.py:188} INFO - [2026-07-31T11:36:15.117+0000] {dag.py:3947} INFO - Setting next_dagrun for example_dynamic_task_mapping_with_no_taskflow_operators to 2026-07-30 00:00:00+00:00, run_after=2026-07-31 00:00:00+00:00
[2026-07-31T11:36:15.164+0000] {processor.py:183} INFO - Processing /home/airflow/.local/lib/python3.12/site-packages/airflow/example_dags/example_dynamic_task_mapping_with_no_taskflow_operators.py took 0.278 seconds
[2026-07-31T11:36:46.161+0000] {processor.py:161} INFO - Started process (PID=4021) to work on /home/airflow/.local/lib/python3.12/site-packages/airflow/example_dags/example_dynamic_task_mapping_with_no_taskflow_operators.py
[2026-07-31T11:36:46.163+0000] {processor.py:830} INFO - Processing file /home/airflow/.local/lib/python3.12/site-packages/airflow/example_dags/example_dynamic_task_mapping_with_no_taskflow_operators.py for tasks to queue
[2026-07-31T11:36:46.168+0000] {logging_mixin.py:188} INFO - [2026-07-31T11:36:46.167+0000] {dagbag.py:545} INFO - Filling up the DagBag from /home/airflow/.local/lib/python3.12/site-packages/airflow/example_dags/example_dynamic_task_mapping_with_no_taskflow_operators.py
[2026-07-31T11:36:46.184+0000] {processor.py:840} INFO - DAG(s) 'example_dynamic_task_mapping_with_no_taskflow_operators' retrieved from /home/airflow/.local/lib/python3.12/site-packages/airflow/example_dags/example_dynamic_task_mapping_with_no_taskflow_operators.py
[2026-07-31T11:36:46.220+0000] {logging_mixin.py:188} INFO - [2026-07-31T11:36:46.219+0000] {dag.py:3089} INFO - Sync 1 DAGs
[2026-07-31T11:36:46.273+0000] {logging_mixin.py:188} INFO - [2026-07-31T11:36:46.273+0000] {dag.py:3947} INFO - Setting next_dagrun for example_dynamic_task_mapping_with_no_taskflow_operators to 2026-07-30 00:00:00+00:00, run_after=2026-07-31 00:00:00+00:00
[2026-07-31T11:36:46.312+0000] {processor.py:183} INFO - Processing /home/airflow/.local/lib/python3.12/site-packages/airflow/example_dags/example_dynamic_task_mapping_with_no_taskflow_operators.py took 0.162 seconds
[2026-07-31T11:37:16.803+0000] {processor.py:161} INFO - Started process (PID=4079) to work on /home/airflow/.local/lib/python3.12/site-packages/airflow/example_dags/example_dynamic_task_mapping_with_no_taskflow_operators.py
[2026-07-31T11:37:16.805+0000] {processor.py:830} INFO - Processing file /home/airflow/.local/lib/python3.12/site-packages/airflow/example_dags/example_dynamic_task_mapping_with_no_taskflow_operators.py for tasks to queue
[2026-07-31T11:37:16.809+0000] {logging_mixin.py:188} INFO - [2026-07-31T11:37:16.809+0000] {dagbag.py:545} INFO - Filling up the DagBag from /home/airflow/.local/lib/python3.12/site-packages/airflow/example_dags/example_dynamic_task_mapping_with_no_taskflow_operators.py
[2026-07-31T11:37:16.813+0000] {processor.py:840} INFO - DAG(s) 'example_dynamic_task_mapping_with_no_taskflow_operators' retrieved from /home/airflow/.local/lib/python3.12/site-packages/airflow/example_dags/example_dynamic_task_mapping_with_no_taskflow_operators.py
[2026-07-31T11:37:16.851+0000] {logging_mixin.py:188} INFO - [2026-07-31T11:37:16.851+0000] {dag.py:3089} INFO - Sync 1 DAGs
[2026-07-31T11:37:16.904+0000] {logging_mixin.py:188} INFO - [2026-07-31T11:37:16.903+0000] {dag.py:3947} INFO - Setting next_dagrun for example_dynamic_task_mapping_with_no_taskflow_operators to 2026-07-30 00:00:00+00:00, run_after=2026-07-31 00:00:00+00:00
[2026-07-31T11:37:16.945+0000] {processor.py:183} INFO - Processing /home/airflow/.local/lib/python3.12/site-packages/airflow/example_dags/example_dynamic_task_mapping_with_no_taskflow_operators.py took 0.160 seconds
[2026-07-31T11:37:48.232+0000] {processor.py:161} INFO - Started process (PID=4137) to work on /home/airflow/.local/lib/python3.12/site-packages/airflow/example_dags/example_dynamic_task_mapping_with_no_taskflow_operators.py
[2026-07-31T11:37:48.235+0000] {processor.py:830} INFO - Processing file /home/airflow/.local/lib/python3.12/site-packages/airflow/example_dags/example_dynamic_task_mapping_with_no_taskflow_operators.py for tasks to queue
[2026-07-31T11:37:48.246+0000] {logging_mixin.py:188} INFO - [2026-07-31T11:37:48.244+0000] {dagbag.py:545} INFO - Filling up the DagBag from /home/airflow/.local/lib/python3.12/site-packages/airflow/example_dags/example_dynamic_task_mapping_with_no_taskflow_operators.py
[2026-07-31T11:37:48.269+0000] {processor.py:840} INFO - DAG(s) 'example_dynamic_task_mapping_with_no_taskflow_operators' retrieved from /home/airflow/.local/lib/python3.12/site-packages/airflow/example_dags/example_dynamic_task_mapping_with_no_taskflow_operators.py
[2026-07-31T11:37:48.312+0000] {logging_mixin.py:188} INFO - [2026-07-31T11:37:48.311+0000] {dag.py:3089} INFO - Sync 1 DAGs
[2026-07-31T11:37:48.383+0000] {logging_mixin.py:188} INFO - [2026-07-31T11:37:48.382+0000] {dag.py:3947} INFO - Setting next_dagrun for example_dynamic_task_mapping_with_no_taskflow_operators to 2026-07-30 00:00:00+00:00, run_after=2026-07-31 00:00:00+00:00
[2026-07-31T11:37:48.438+0000] {processor.py:183} INFO - Processing /home/airflow/.local/lib/python3.12/site-packages/airflow/example_dags/example_dynamic_task_mapping_with_no_taskflow_operators.py took 0.228 seconds
[2026-07-31T11:38:21.984+0000] {processor.py:161} INFO - Started process (PID=4195) to work on /home/airflow/.local/lib/python3.12/site-packages/airflow/example_dags/example_dynamic_task_mapping_with_no_taskflow_operators.py
[2026-07-31T11:38:21.988+0000] {processor.py:830} INFO - Processing file /home/airflow/.local/lib/python3.12/site-packages/airflow/example_dags/example_dynamic_task_mapping_with_no_taskflow_operators.py for tasks to queue
[2026-07-31T11:38:22.000+0000] {logging_mixin.py:188} INFO - [2026-07-31T11:38:21.998+0000] {dagbag.py:545} INFO - Filling up the DagBag from /home/airflow/.local/lib/python3.12/site-packages/airflow/example_dags/example_dynamic_task_mapping_with_no_taskflow_operators.py
[2026-07-31T11:38:22.039+0000] {processor.py:840} INFO - DAG(s) 'example_dynamic_task_mapping_with_no_taskflow_operators' retrieved from /home/airflow/.local/lib/python3.12/site-packages/airflow/example_dags/example_dynamic_task_mapping_with_no_taskflow_operators.py
[2026-07-31T11:38:22.116+0000] {logging_mixin.py:188} INFO - [2026-07-31T11:38:22.115+0000] {dag.py:3089} INFO - Sync 1 DAGs
[2026-07-31T11:38:22.213+0000] {logging_mixin.py:188} INFO - [2026-07-31T11:38:22.212+0000] {dag.py:3947} INFO - Setting next_dagrun for example_dynamic_task_mapping_with_no_taskflow_operators to 2026-07-30 00:00:00+00:00, run_after=2026-07-31 00:00:00+00:00
[2026-07-31T11:38:22.280+0000] {processor.py:183} INFO - Processing /home/airflow/.local/lib/python3.12/site-packages/airflow/example_dags/example_dynamic_task_mapping_with_no_taskflow_operators.py took 0.317 seconds
[2026-07-31T11:38:52.751+0000] {processor.py:161} INFO - Started process (PID=4251) to work on /home/airflow/.local/lib/python3.12/site-packages/airflow/example_dags/example_dynamic_task_mapping_with_no_taskflow_operators.py
[2026-07-31T11:38:52.754+0000] {processor.py:830} INFO - Processing file /home/airflow/.local/lib/python3.12/site-packages/airflow/example_dags/example_dynamic_task_mapping_with_no_taskflow_operators.py for tasks to queue
[2026-07-31T11:38:52.757+0000] {logging_mixin.py:188} INFO - [2026-07-31T11:38:52.756+0000] {dagbag.py:545} INFO - Filling up the DagBag from /home/airflow/.local/lib/python3.12/site-packages/airflow/example_dags/example_dynamic_task_mapping_with_no_taskflow_operators.py
[2026-07-31T11:38:52.770+0000] {processor.py:840} INFO - DAG(s) 'example_dynamic_task_mapping_with_no_taskflow_operators' retrieved from /home/airflow/.local/lib/python3.12/site-packages/airflow/example_dags/example_dynamic_task_mapping_with_no_taskflow_operators.py
[2026-07-31T11:38:52.842+0000] {logging_mixin.py:188} INFO - [2026-07-31T11:38:52.840+0000] {dag.py:3089} INFO - Sync 1 DAGs
[2026-07-31T11:38:52.917+0000] {logging_mixin.py:188} INFO - [2026-07-31T11:38:52.916+0000] {dag.py:3947} INFO - Setting next_dagrun for example_dynamic_task_mapping_with_no_taskflow_operators to 2026-07-30 00:00:00+00:00, run_after=2026-07-31 00:00:00+00:00
[2026-07-31T11:38:52.964+0000] {processor.py:183} INFO - Processing /home/airflow/.local/lib/python3.12/site-packages/airflow/example_dags/example_dynamic_task_mapping_with_no_taskflow_operators.py took 0.227 seconds
[2026-07-31T11:39:23.113+0000] {processor.py:161} INFO - Started process (PID=4307) to work on /home/airflow/.local/lib/python3.12/site-packages/airflow/example_dags/example_dynamic_task_mapping_with_no_taskflow_operators.py
[2026-07-31T11:39:23.117+0000] {processor.py:830} INFO - Processing file /home/airflow/.local/lib/python3.12/site-packages/airflow/example_dags/example_dynamic_task_mapping_with_no_taskflow_operators.py for tasks to queue
[2026-07-31T11:39:23.121+0000] {logging_mixin.py:188} INFO - [2026-07-31T11:39:23.120+0000] {dagbag.py:545} INFO - Filling up the DagBag from /home/airflow/.local/lib/python3.12/site-packages/airflow/example_dags/example_dynamic_task_mapping_with_no_taskflow_operators.py
[2026-07-31T11:39:23.134+0000] {processor.py:840} INFO - DAG(s) 'example_dynamic_task_mapping_with_no_taskflow_operators' retrieved from /home/airflow/.local/lib/python3.12/site-packages/airflow/example_dags/example_dynamic_task_mapping_with_no_taskflow_operators.py
[2026-07-31T11:39:23.166+0000] {logging_mixin.py:188} INFO - [2026-07-31T11:39:23.165+0000] {dag.py:3089} INFO - Sync 1 DAGs
[2026-07-31T11:39:23.212+0000] {logging_mixin.py:188} INFO - [2026-07-31T11:39:23.212+0000] {dag.py:3947} INFO - Setting next_dagrun for example_dynamic_task_mapping_with_no_taskflow_operators to 2026-07-30 00:00:00+00:00, run_after=2026-07-31 00:00:00+00:00
[2026-07-31T11:39:23.250+0000] {processor.py:183} INFO - Processing /home/airflow/.local/lib/python3.12/site-packages/airflow/example_dags/example_dynamic_task_mapping_with_no_taskflow_operators.py took 0.146 seconds
[2026-07-31T11:39:54.064+0000] {processor.py:161} INFO - Started process (PID=4364) to work on /home/airflow/.local/lib/python3.12/site-packages/airflow/example_dags/example_dynamic_task_mapping_with_no_taskflow_operators.py
[2026-07-31T11:39:54.071+0000] {processor.py:830} INFO - Processing file /home/airflow/.local/lib/python3.12/site-packages/airflow/example_dags/example_dynamic_task_mapping_with_no_taskflow_operators.py for tasks to queue
[2026-07-31T11:39:54.077+0000] {logging_mixin.py:188} INFO - [2026-07-31T11:39:54.075+0000] {dagbag.py:545} INFO - Filling up the DagBag from /home/airflow/.local/lib/python3.12/site-packages/airflow/example_dags/example_dynamic_task_mapping_with_no_taskflow_operators.py
[2026-07-31T11:39:54.107+0000] {processor.py:840} INFO - DAG(s) 'example_dynamic_task_mapping_with_no_taskflow_operators' retrieved from /home/airflow/.local/lib/python3.12/site-packages/airflow/example_dags/example_dynamic_task_mapping_with_no_taskflow_operators.py
[2026-07-31T11:39:54.172+0000] {logging_mixin.py:188} INFO - [2026-07-31T11:39:54.171+0000] {dag.py:3089} INFO - Sync 1 DAGs
[2026-07-31T11:39:54.244+0000] {logging_mixin.py:188} INFO - [2026-07-31T11:39:54.244+0000] {dag.py:3947} INFO - Setting next_dagrun for example_dynamic_task_mapping_with_no_taskflow_operators to 2026-07-30 00:00:00+00:00, run_after=2026-07-31 00:00:00+00:00
[2026-07-31T11:39:54.312+0000] {processor.py:183} INFO - Processing /home/airflow/.local/lib/python3.12/site-packages/airflow/example_dags/example_dynamic_task_mapping_with_no_taskflow_operators.py took 0.283 seconds
[2026-07-31T11:40:24.714+0000] {processor.py:161} INFO - Started process (PID=4422) to work on /home/airflow/.local/lib/python3.12/site-packages/airflow/example_dags/example_dynamic_task_mapping_with_no_taskflow_operators.py
[2026-07-31T11:40:24.716+0000] {processor.py:830} INFO - Processing file /home/airflow/.local/lib/python3.12/site-packages/airflow/example_dags/example_dynamic_task_mapping_with_no_taskflow_operators.py for tasks to queue
[2026-07-31T11:40:24.719+0000] {logging_mixin.py:188} INFO - [2026-07-31T11:40:24.718+0000] {dagbag.py:545} INFO - Filling up the DagBag from /home/airflow/.local/lib/python3.12/site-packages/airflow/example_dags/example_dynamic_task_mapping_with_no_taskflow_operators.py
[2026-07-31T11:40:24.731+0000] {processor.py:840} INFO - DAG(s) 'example_dynamic_task_mapping_with_no_taskflow_operators' retrieved from /home/airflow/.local/lib/python3.12/site-packages/airflow/example_dags/example_dynamic_task_mapping_with_no_taskflow_operators.py
[2026-07-31T11:40:24.764+0000] {logging_mixin.py:188} INFO - [2026-07-31T11:40:24.763+0000] {dag.py:3089} INFO - Sync 1 DAGs
[2026-07-31T11:40:24.823+0000] {logging_mixin.py:188} INFO - [2026-07-31T11:40:24.823+0000] {dag.py:3947} INFO - Setting next_dagrun for example_dynamic_task_mapping_with_no_taskflow_operators to 2026-07-30 00:00:00+00:00, run_after=2026-07-31 00:00:00+00:00
[2026-07-31T11:40:24.870+0000] {processor.py:183} INFO - Processing /home/airflow/.local/lib/python3.12/site-packages/airflow/example_dags/example_dynamic_task_mapping_with_no_taskflow_operators.py took 0.166 seconds
[2026-07-31T11:40:55.145+0000] {processor.py:161} INFO - Started process (PID=4480) to work on /home/airflow/.local/lib/python3.12/site-packages/airflow/example_dags/example_dynamic_task_mapping_with_no_taskflow_operators.py
[2026-07-31T11:40:55.147+0000] {processor.py:830} INFO - Processing file /home/airflow/.local/lib/python3.12/site-packages/airflow/example_dags/example_dynamic_task_mapping_with_no_taskflow_operators.py for tasks to queue
[2026-07-31T11:40:55.153+0000] {logging_mixin.py:188} INFO - [2026-07-31T11:40:55.152+0000] {dagbag.py:545} INFO - Filling up the DagBag from /home/airflow/.local/lib/python3.12/site-packages/airflow/example_dags/example_dynamic_task_mapping_with_no_taskflow_operators.py
[2026-07-31T11:40:55.170+0000] {processor.py:840} INFO - DAG(s) 'example_dynamic_task_mapping_with_no_taskflow_operators' retrieved from /home/airflow/.local/lib/python3.12/site-packages/airflow/example_dags/example_dynamic_task_mapping_with_no_taskflow_operators.py
[2026-07-31T11:40:55.206+0000] {logging_mixin.py:188} INFO - [2026-07-31T11:40:55.205+0000] {dag.py:3089} INFO - Sync 1 DAGs
[2026-07-31T11:40:55.248+0000] {logging_mixin.py:188} INFO - [2026-07-31T11:40:55.247+0000] {dag.py:3947} INFO - Setting next_dagrun for example_dynamic_task_mapping_with_no_taskflow_operators to 2026-07-30 00:00:00+00:00, run_after=2026-07-31 00:00:00+00:00
[2026-07-31T11:40:55.289+0000] {processor.py:183} INFO - Processing /home/airflow/.local/lib/python3.12/site-packages/airflow/example_dags/example_dynamic_task_mapping_with_no_taskflow_operators.py took 0.152 seconds
[2026-07-31T11:41:25.594+0000] {processor.py:161} INFO - Started process (PID=4538) to work on /home/airflow/.local/lib/python3.12/site-packages/airflow/example_dags/example_dynamic_task_mapping_with_no_taskflow_operators.py
[2026-07-31T11:41:25.596+0000] {processor.py:830} INFO - Processing file /home/airflow/.local/lib/python3.12/site-packages/airflow/example_dags/example_dynamic_task_mapping_with_no_taskflow_operators.py for tasks to queue
[2026-07-31T11:41:25.599+0000] {logging_mixin.py:188} INFO - [2026-07-31T11:41:25.598+0000] {dagbag.py:545} INFO - Filling up the DagBag from /home/airflow/.local/lib/python3.12/site-packages/airflow/example_dags/example_dynamic_task_mapping_with_no_taskflow_operators.py
[2026-07-31T11:41:25.611+0000] {processor.py:840} INFO - DAG(s) 'example_dynamic_task_mapping_with_no_taskflow_operators' retrieved from /home/airflow/.local/lib/python3.12/site-packages/airflow/example_dags/example_dynamic_task_mapping_with_no_taskflow_operators.py
[2026-07-31T11:41:25.647+0000] {logging_mixin.py:188} INFO - [2026-07-31T11:41:25.646+0000] {dag.py:3089} INFO - Sync 1 DAGs
[2026-07-31T11:41:25.698+0000] {logging_mixin.py:188} INFO - [2026-07-31T11:41:25.698+0000] {dag.py:3947} INFO - Setting next_dagrun for example_dynamic_task_mapping_with_no_taskflow_operators to 2026-07-30 00:00:00+00:00, run_after=2026-07-31 00:00:00+00:00
[2026-07-31T11:41:25.754+0000] {processor.py:183} INFO - Processing /home/airflow/.local/lib/python3.12/site-packages/airflow/example_dags/example_dynamic_task_mapping_with_no_taskflow_operators.py took 0.168 seconds
[2026-07-31T11:41:56.435+0000] {processor.py:161} INFO - Started process (PID=4596) to work on /home/airflow/.local/lib/python3.12/site-packages/airflow/example_dags/example_dynamic_task_mapping_with_no_taskflow_operators.py
[2026-07-31T11:41:56.438+0000] {processor.py:830} INFO - Processing file /home/airflow/.local/lib/python3.12/site-packages/airflow/example_dags/example_dynamic_task_mapping_with_no_taskflow_operators.py for tasks to queue
[2026-07-31T11:41:56.448+0000] {logging_mixin.py:188} INFO - [2026-07-31T11:41:56.447+0000] {dagbag.py:545} INFO - Filling up the DagBag from /home/airflow/.local/lib/python3.12/site-packages/airflow/example_dags/example_dynamic_task_mapping_with_no_taskflow_operators.py
[2026-07-31T11:41:56.469+0000] {processor.py:840} INFO - DAG(s) 'example_dynamic_task_mapping_with_no_taskflow_operators' retrieved from /home/airflow/.local/lib/python3.12/site-packages/airflow/example_dags/example_dynamic_task_mapping_with_no_taskflow_operators.py
[2026-07-31T11:41:56.522+0000] {logging_mixin.py:188} INFO - [2026-07-31T11:41:56.521+0000] {dag.py:3089} INFO - Sync 1 DAGs
[2026-07-31T11:41:56.562+0000] {logging_mixin.py:188} INFO - [2026-07-31T11:41:56.562+0000] {dag.py:3947} INFO - Setting next_dagrun for example_dynamic_task_mapping_with_no_taskflow_operators to 2026-07-30 00:00:00+00:00, run_after=2026-07-31 00:00:00+00:00
[2026-07-31T11:41:56.608+0000] {processor.py:183} INFO - Processing /home/airflow/.local/lib/python3.12/site-packages/airflow/example_dags/example_dynamic_task_mapping_with_no_taskflow_operators.py took 0.188 seconds
[2026-07-31T11:42:27.507+0000] {processor.py:161} INFO - Started process (PID=4654) to work on /home/airflow/.local/lib/python3.12/site-packages/airflow/example_dags/example_dynamic_task_mapping_with_no_taskflow_operators.py
[2026-07-31T11:42:27.509+0000] {processor.py:830} INFO - Processing file /home/airflow/.local/lib/python3.12/site-packages/airflow/example_dags/example_dynamic_task_mapping_with_no_taskflow_operators.py for tasks to queue
[2026-07-31T11:42:27.513+0000] {logging_mixin.py:188} INFO - [2026-07-31T11:42:27.512+0000] {dagbag.py:545} INFO - Filling up the DagBag from /home/airflow/.local/lib/python3.12/site-packages/airflow/example_dags/example_dynamic_task_mapping_with_no_taskflow_operators.py
[2026-07-31T11:42:27.527+0000] {processor.py:840} INFO - DAG(s) 'example_dynamic_task_mapping_with_no_taskflow_operators' retrieved from /home/airflow/.local/lib/python3.12/site-packages/airflow/example_dags/example_dynamic_task_mapping_with_no_taskflow_operators.py
[2026-07-31T11:42:27.559+0000] {logging_mixin.py:188} INFO - [2026-07-31T11:42:27.559+0000] {dag.py:3089} INFO - Sync 1 DAGs
[2026-07-31T11:42:27.617+0000] {logging_mixin.py:188} INFO - [2026-07-31T11:42:27.617+0000] {dag.py:3947} INFO - Setting next_dagrun for example_dynamic_task_mapping_with_no_taskflow_operators to 2026-07-30 00:00:00+00:00, run_after=2026-07-31 00:00:00+00:00
[2026-07-31T11:42:27.665+0000] {processor.py:183} INFO - Processing /home/airflow/.local/lib/python3.12/site-packages/airflow/example_dags/example_dynamic_task_mapping_with_no_taskflow_operators.py took 0.166 seconds
[2026-07-31T11:42:58.257+0000] {processor.py:161} INFO - Started process (PID=4712) to work on /home/airflow/.local/lib/python3.12/site-packages/airflow/example_dags/example_dynamic_task_mapping_with_no_taskflow_operators.py
[2026-07-31T11:42:58.258+0000] {processor.py:830} INFO - Processing file /home/airflow/.local/lib/python3.12/site-packages/airflow/example_dags/example_dynamic_task_mapping_with_no_taskflow_operators.py for tasks to queue
[2026-07-31T11:42:58.261+0000] {logging_mixin.py:188} INFO - [2026-07-31T11:42:58.261+0000] {dagbag.py:545} INFO - Filling up the DagBag from /home/airflow/.local/lib/python3.12/site-packages/airflow/example_dags/example_dynamic_task_mapping_with_no_taskflow_operators.py
[2026-07-31T11:42:58.271+0000] {processor.py:840} INFO - DAG(s) 'example_dynamic_task_mapping_with_no_taskflow_operators' retrieved from /home/airflow/.local/lib/python3.12/site-packages/airflow/example_dags/example_dynamic_task_mapping_with_no_taskflow_operators.py
[2026-07-31T11:42:58.305+0000] {logging_mixin.py:188} INFO - [2026-07-31T11:42:58.305+0000] {dag.py:3089} INFO - Sync 1 DAGs
[2026-07-31T11:42:58.336+0000] {logging_mixin.py:188} INFO - [2026-07-31T11:42:58.335+0000] {dag.py:3947} INFO - Setting next_dagrun for example_dynamic_task_mapping_with_no_taskflow_operators to 2026-07-30 00:00:00+00:00, run_after=2026-07-31 00:00:00+00:00
[2026-07-31T11:42:58.373+0000] {processor.py:183} INFO - Processing /home/airflow/.local/lib/python3.12/site-packages/airflow/example_dags/example_dynamic_task_mapping_with_no_taskflow_operators.py took 0.129 seconds
[2026-07-31T11:43:28.686+0000] {processor.py:161} INFO - Started process (PID=4770) to work on /home/airflow/.local/lib/python3.12/site-packages/airflow/example_dags/example_dynamic_task_mapping_with_no_taskflow_operators.py
[2026-07-31T11:43:28.687+0000] {processor.py:830} INFO - Processing file /home/airflow/.local/lib/python3.12/site-packages/airflow/example_dags/example_dynamic_task_mapping_with_no_taskflow_operators.py for tasks to queue
[2026-07-31T11:43:28.690+0000] {logging_mixin.py:188} INFO - [2026-07-31T11:43:28.690+0000] {dagbag.py:545} INFO - Filling up the DagBag from /home/airflow/.local/lib/python3.12/site-packages/airflow/example_dags/example_dynamic_task_mapping_with_no_taskflow_operators.py
[2026-07-31T11:43:28.700+0000] {processor.py:840} INFO - DAG(s) 'example_dynamic_task_mapping_with_no_taskflow_operators' retrieved from /home/airflow/.local/lib/python3.12/site-packages/airflow/example_dags/example_dynamic_task_mapping_with_no_taskflow_operators.py
[2026-07-31T11:43:28.728+0000] {logging_mixin.py:188} INFO - [2026-07-31T11:43:28.728+0000] {dag.py:3089} INFO - Sync 1 DAGs
[2026-07-31T11:43:28.763+0000] {logging_mixin.py:188} INFO - [2026-07-31T11:43:28.763+0000] {dag.py:3947} INFO - Setting next_dagrun for example_dynamic_task_mapping_with_no_taskflow_operators to 2026-07-30 00:00:00+00:00, run_after=2026-07-31 00:00:00+00:00
[2026-07-31T11:43:28.798+0000] {processor.py:183} INFO - Processing /home/airflow/.local/lib/python3.12/site-packages/airflow/example_dags/example_dynamic_task_mapping_with_no_taskflow_operators.py took 0.120 seconds
[2026-07-31T11:43:58.918+0000] {processor.py:161} INFO - Started process (PID=4828) to work on /home/airflow/.local/lib/python3.12/site-packages/airflow/example_dags/example_dynamic_task_mapping_with_no_taskflow_operators.py
[2026-07-31T11:43:58.919+0000] {processor.py:830} INFO - Processing file /home/airflow/.local/lib/python3.12/site-packages/airflow/example_dags/example_dynamic_task_mapping_with_no_taskflow_operators.py for tasks to queue
[2026-07-31T11:43:58.921+0000] {logging_mixin.py:188} INFO - [2026-07-31T11:43:58.921+0000] {dagbag.py:545} INFO - Filling up the DagBag from /home/airflow/.local/lib/python3.12/site-packages/airflow/example_dags/example_dynamic_task_mapping_with_no_taskflow_operators.py
[2026-07-31T11:43:58.930+0000] {processor.py:840} INFO - DAG(s) 'example_dynamic_task_mapping_with_no_taskflow_operators' retrieved from /home/airflow/.local/lib/python3.12/site-packages/airflow/example_dags/example_dynamic_task_mapping_with_no_taskflow_operators.py
[2026-07-31T11:43:58.955+0000] {logging_mixin.py:188} INFO - [2026-07-31T11:43:58.954+0000] {dag.py:3089} INFO - Sync 1 DAGs
[2026-07-31T11:43:58.983+0000] {logging_mixin.py:188} INFO - [2026-07-31T11:43:58.983+0000] {dag.py:3947} INFO - Setting next_dagrun for example_dynamic_task_mapping_with_no_taskflow_operators to 2026-07-30 00:00:00+00:00, run_after=2026-07-31 00:00:00+00:00
[2026-07-31T11:43:59.016+0000] {processor.py:183} INFO - Processing /home/airflow/.local/lib/python3.12/site-packages/airflow/example_dags/example_dynamic_task_mapping_with_no_taskflow_operators.py took 0.105 seconds
[2026-07-31T11:44:29.666+0000] {processor.py:161} INFO - Started process (PID=4886) to work on /home/airflow/.local/lib/python3.12/site-packages/airflow/example_dags/example_dynamic_task_mapping_with_no_taskflow_operators.py
[2026-07-31T11:44:29.668+0000] {processor.py:830} INFO - Processing file /home/airflow/.local/lib/python3.12/site-packages/airflow/example_dags/example_dynamic_task_mapping_with_no_taskflow_operators.py for tasks to queue
[2026-07-31T11:44:29.670+0000] {logging_mixin.py:188} INFO - [2026-07-31T11:44:29.670+0000] {dagbag.py:545} INFO - Filling up the DagBag from /home/airflow/.local/lib/python3.12/site-packages/airflow/example_dags/example_dynamic_task_mapping_with_no_taskflow_operators.py
[2026-07-31T11:44:29.679+0000] {processor.py:840} INFO - DAG(s) 'example_dynamic_task_mapping_with_no_taskflow_operators' retrieved from /home/airflow/.local/lib/python3.12/site-packages/airflow/example_dags/example_dynamic_task_mapping_with_no_taskflow_operators.py
[2026-07-31T11:44:29.705+0000] {logging_mixin.py:188} INFO - [2026-07-31T11:44:29.705+0000] {dag.py:3089} INFO - Sync 1 DAGs
[2026-07-31T11:44:29.734+0000] {logging_mixin.py:188} INFO - [2026-07-31T11:44:29.734+0000] {dag.py:3947} INFO - Setting next_dagrun for example_dynamic_task_mapping_with_no_taskflow_operators to 2026-07-30 00:00:00+00:00, run_after=2026-07-31 00:00:00+00:00
[2026-07-31T11:44:29.760+0000] {processor.py:183} INFO - Processing /home/airflow/.local/lib/python3.12/site-packages/airflow/example_dags/example_dynamic_task_mapping_with_no_taskflow_operators.py took 0.103 seconds
[2026-07-31T11:45:00.507+0000] {processor.py:161} INFO - Started process (PID=4944) to work on /home/airflow/.local/lib/python3.12/site-packages/airflow/example_dags/example_dynamic_task_mapping_with_no_taskflow_operators.py
[2026-07-31T11:45:00.508+0000] {processor.py:830} INFO - Processing file /home/airflow/.local/lib/python3.12/site-packages/airflow/example_dags/example_dynamic_task_mapping_with_no_taskflow_operators.py for tasks to queue
[2026-07-31T11:45:00.511+0000] {logging_mixin.py:188} INFO - [2026-07-31T11:45:00.510+0000] {dagbag.py:545} INFO - Filling up the DagBag from /home/airflow/.local/lib/python3.12/site-packages/airflow/example_dags/example_dynamic_task_mapping_with_no_taskflow_operators.py
[2026-07-31T11:45:00.519+0000] {processor.py:840} INFO - DAG(s) 'example_dynamic_task_mapping_with_no_taskflow_operators' retrieved from /home/airflow/.local/lib/python3.12/site-packages/airflow/example_dags/example_dynamic_task_mapping_with_no_taskflow_operators.py
[2026-07-31T11:45:00.571+0000] {logging_mixin.py:188} INFO - [2026-07-31T11:45:00.570+0000] {dag.py:3089} INFO - Sync 1 DAGs
[2026-07-31T11:45:00.606+0000] {logging_mixin.py:188} INFO - [2026-07-31T11:45:00.606+0000] {dag.py:3947} INFO - Setting next_dagrun for example_dynamic_task_mapping_with_no_taskflow_operators to 2026-07-30 00:00:00+00:00, run_after=2026-07-31 00:00:00+00:00
[2026-07-31T11:45:00.637+0000] {processor.py:183} INFO - Processing /home/airflow/.local/lib/python3.12/site-packages/airflow/example_dags/example_dynamic_task_mapping_with_no_taskflow_operators.py took 0.137 seconds
[2026-07-31T11:45:31.584+0000] {processor.py:161} INFO - Started process (PID=5001) to work on /home/airflow/.local/lib/python3.12/site-packages/airflow/example_dags/example_dynamic_task_mapping_with_no_taskflow_operators.py
[2026-07-31T11:45:31.586+0000] {processor.py:830} INFO - Processing file /home/airflow/.local/lib/python3.12/site-packages/airflow/example_dags/example_dynamic_task_mapping_with_no_taskflow_operators.py for tasks to queue
[2026-07-31T11:45:31.588+0000] {logging_mixin.py:188} INFO - [2026-07-31T11:45:31.588+0000] {dagbag.py:545} INFO - Filling up the DagBag from /home/airflow/.local/lib/python3.12/site-packages/airflow/example_dags/example_dynamic_task_mapping_with_no_taskflow_operators.py
[2026-07-31T11:45:31.597+0000] {processor.py:840} INFO - DAG(s) 'example_dynamic_task_mapping_with_no_taskflow_operators' retrieved from /home/airflow/.local/lib/python3.12/site-packages/airflow/example_dags/example_dynamic_task_mapping_with_no_taskflow_operators.py
[2026-07-31T11:45:31.621+0000] {logging_mixin.py:188} INFO - [2026-07-31T11:45:31.620+0000] {dag.py:3089} INFO - Sync 1 DAGs
[2026-07-31T11:45:31.648+0000] {logging_mixin.py:188} INFO - [2026-07-31T11:45:31.648+0000] {dag.py:3947} INFO - Setting next_dagrun for example_dynamic_task_mapping_with_no_taskflow_operators to 2026-07-30 00:00:00+00:00, run_after=2026-07-31 00:00:00+00:00
[2026-07-31T11:45:31.680+0000] {processor.py:183} INFO - Processing /home/airflow/.local/lib/python3.12/site-packages/airflow/example_dags/example_dynamic_task_mapping_with_no_taskflow_operators.py took 0.103 seconds
[2026-07-31T11:46:01.947+0000] {processor.py:161} INFO - Started process (PID=5059) to work on /home/airflow/.local/lib/python3.12/site-packages/airflow/example_dags/example_dynamic_task_mapping_with_no_taskflow_operators.py
[2026-07-31T11:46:01.951+0000] {processor.py:830} INFO - Processing file /home/airflow/.local/lib/python3.12/site-packages/airflow/example_dags/example_dynamic_task_mapping_with_no_taskflow_operators.py for tasks to queue
[2026-07-31T11:46:01.958+0000] {logging_mixin.py:188} INFO - [2026-07-31T11:46:01.957+0000] {dagbag.py:545} INFO - Filling up the DagBag from /home/airflow/.local/lib/python3.12/site-packages/airflow/example_dags/example_dynamic_task_mapping_with_no_taskflow_operators.py
[2026-07-31T11:46:01.970+0000] {processor.py:840} INFO - DAG(s) 'example_dynamic_task_mapping_with_no_taskflow_operators' retrieved from /home/airflow/.local/lib/python3.12/site-packages/airflow/example_dags/example_dynamic_task_mapping_with_no_taskflow_operators.py
[2026-07-31T11:46:01.998+0000] {logging_mixin.py:188} INFO - [2026-07-31T11:46:01.997+0000] {dag.py:3089} INFO - Sync 1 DAGs
[2026-07-31T11:46:02.028+0000] {logging_mixin.py:188} INFO - [2026-07-31T11:46:02.028+0000] {dag.py:3947} INFO - Setting next_dagrun for example_dynamic_task_mapping_with_no_taskflow_operators to 2026-07-30 00:00:00+00:00, run_after=2026-07-31 00:00:00+00:00
[2026-07-31T11:46:02.056+0000] {processor.py:183} INFO - Processing /home/airflow/.local/lib/python3.12/site-packages/airflow/example_dags/example_dynamic_task_mapping_with_no_taskflow_operators.py took 0.119 seconds
[2026-07-31T11:46:32.520+0000] {processor.py:161} INFO - Started process (PID=5117) to work on /home/airflow/.local/lib/python3.12/site-packages/airflow/example_dags/example_dynamic_task_mapping_with_no_taskflow_operators.py
[2026-07-31T11:46:32.522+0000] {processor.py:830} INFO - Processing file /home/airflow/.local/lib/python3.12/site-packages/airflow/example_dags/example_dynamic_task_mapping_with_no_taskflow_operators.py for tasks to queue
[2026-07-31T11:46:32.524+0000] {logging_mixin.py:188} INFO - [2026-07-31T11:46:32.524+0000] {dagbag.py:545} INFO - Filling up the DagBag from /home/airflow/.local/lib/python3.12/site-packages/airflow/example_dags/example_dynamic_task_mapping_with_no_taskflow_operators.py
[2026-07-31T11:46:32.536+0000] {processor.py:840} INFO - DAG(s) 'example_dynamic_task_mapping_with_no_taskflow_operators' retrieved from /home/airflow/.local/lib/python3.12/site-packages/airflow/example_dags/example_dynamic_task_mapping_with_no_taskflow_operators.py
[2026-07-31T11:46:32.563+0000] {logging_mixin.py:188} INFO - [2026-07-31T11:46:32.562+0000] {dag.py:3089} INFO - Sync 1 DAGs
[2026-07-31T11:46:32.591+0000] {logging_mixin.py:188} INFO - [2026-07-31T11:46:32.590+0000] {dag.py:3947} INFO - Setting next_dagrun for example_dynamic_task_mapping_with_no_taskflow_operators to 2026-07-30 00:00:00+00:00, run_after=2026-07-31 00:00:00+00:00
[2026-07-31T11:46:32.617+0000] {processor.py:183} INFO - Processing /home/airflow/.local/lib/python3.12/site-packages/airflow/example_dags/example_dynamic_task_mapping_with_no_taskflow_operators.py took 0.105 seconds
[2026-07-31T11:47:02.737+0000] {processor.py:161} INFO - Started process (PID=5175) to work on /home/airflow/.local/lib/python3.12/site-packages/airflow/example_dags/example_dynamic_task_mapping_with_no_taskflow_operators.py
[2026-07-31T11:47:02.738+0000] {processor.py:830} INFO - Processing file /home/airflow/.local/lib/python3.12/site-packages/airflow/example_dags/example_dynamic_task_mapping_with_no_taskflow_operators.py for tasks to queue
[2026-07-31T11:47:02.742+0000] {logging_mixin.py:188} INFO - [2026-07-31T11:47:02.742+0000] {dagbag.py:545} INFO - Filling up the DagBag from /home/airflow/.local/lib/python3.12/site-packages/airflow/example_dags/example_dynamic_task_mapping_with_no_taskflow_operators.py
[2026-07-31T11:47:02.753+0000] {processor.py:840} INFO - DAG(s) 'example_dynamic_task_mapping_with_no_taskflow_operators' retrieved from /home/airflow/.local/lib/python3.12/site-packages/airflow/example_dags/example_dynamic_task_mapping_with_no_taskflow_operators.py
[2026-07-31T11:47:02.788+0000] {logging_mixin.py:188} INFO - [2026-07-31T11:47:02.788+0000] {dag.py:3089} INFO - Sync 1 DAGs
[2026-07-31T11:47:02.826+0000] {logging_mixin.py:188} INFO - [2026-07-31T11:47:02.825+0000] {dag.py:3947} INFO - Setting next_dagrun for example_dynamic_task_mapping_with_no_taskflow_operators to 2026-07-30 00:00:00+00:00, run_after=2026-07-31 00:00:00+00:00
[2026-07-31T11:47:02.859+0000] {processor.py:183} INFO - Processing /home/airflow/.local/lib/python3.12/site-packages/airflow/example_dags/example_dynamic_task_mapping_with_no_taskflow_operators.py took 0.132 seconds
[2026-07-31T11:47:33.137+0000] {processor.py:161} INFO - Started process (PID=5233) to work on /home/airflow/.local/lib/python3.12/site-packages/airflow/example_dags/example_dynamic_task_mapping_with_no_taskflow_operators.py
[2026-07-31T11:47:33.138+0000] {processor.py:830} INFO - Processing file /home/airflow/.local/lib/python3.12/site-packages/airflow/example_dags/example_dynamic_task_mapping_with_no_taskflow_operators.py for tasks to queue
[2026-07-31T11:47:33.142+0000] {logging_mixin.py:188} INFO - [2026-07-31T11:47:33.141+0000] {dagbag.py:545} INFO - Filling up the DagBag from /home/airflow/.local/lib/python3.12/site-packages/airflow/example_dags/example_dynamic_task_mapping_with_no_taskflow_operators.py
[2026-07-31T11:47:33.153+0000] {processor.py:840} INFO - DAG(s) 'example_dynamic_task_mapping_with_no_taskflow_operators' retrieved from /home/airflow/.local/lib/python3.12/site-packages/airflow/example_dags/example_dynamic_task_mapping_with_no_taskflow_operators.py
[2026-07-31T11:47:33.184+0000] {logging_mixin.py:188} INFO - [2026-07-31T11:47:33.183+0000] {dag.py:3089} INFO - Sync 1 DAGs
[2026-07-31T11:47:33.260+0000] {logging_mixin.py:188} INFO - [2026-07-31T11:47:33.260+0000] {dag.py:3947} INFO - Setting next_dagrun for example_dynamic_task_mapping_with_no_taskflow_operators to 2026-07-30 00:00:00+00:00, run_after=2026-07-31 00:00:00+00:00
[2026-07-31T11:47:33.334+0000] {processor.py:183} INFO - Processing /home/airflow/.local/lib/python3.12/site-packages/airflow/example_dags/example_dynamic_task_mapping_with_no_taskflow_operators.py took 0.207 seconds
[2026-07-31T11:48:04.154+0000] {processor.py:161} INFO - Started process (PID=5291) to work on /home/airflow/.local/lib/python3.12/site-packages/airflow/example_dags/example_dynamic_task_mapping_with_no_taskflow_operators.py
[2026-07-31T11:48:04.155+0000] {processor.py:830} INFO - Processing file /home/airflow/.local/lib/python3.12/site-packages/airflow/example_dags/example_dynamic_task_mapping_with_no_taskflow_operators.py for tasks to queue
[2026-07-31T11:48:04.158+0000] {logging_mixin.py:188} INFO - [2026-07-31T11:48:04.158+0000] {dagbag.py:545} INFO - Filling up the DagBag from /home/airflow/.local/lib/python3.12/site-packages/airflow/example_dags/example_dynamic_task_mapping_with_no_taskflow_operators.py
[2026-07-31T11:48:04.167+0000] {processor.py:840} INFO - DAG(s) 'example_dynamic_task_mapping_with_no_taskflow_operators' retrieved from /home/airflow/.local/lib/python3.12/site-packages/airflow/example_dags/example_dynamic_task_mapping_with_no_taskflow_operators.py
[2026-07-31T11:48:04.190+0000] {logging_mixin.py:188} INFO - [2026-07-31T11:48:04.190+0000] {dag.py:3089} INFO - Sync 1 DAGs
[2026-07-31T11:48:04.218+0000] {logging_mixin.py:188} INFO - [2026-07-31T11:48:04.217+0000] {dag.py:3947} INFO - Setting next_dagrun for example_dynamic_task_mapping_with_no_taskflow_operators to 2026-07-30 00:00:00+00:00, run_after=2026-07-31 00:00:00+00:00
[2026-07-31T11:48:04.246+0000] {processor.py:183} INFO - Processing /home/airflow/.local/lib/python3.12/site-packages/airflow/example_dags/example_dynamic_task_mapping_with_no_taskflow_operators.py took 0.098 seconds
[2026-07-31T11:48:34.651+0000] {processor.py:161} INFO - Started process (PID=5349) to work on /home/airflow/.local/lib/python3.12/site-packages/airflow/example_dags/example_dynamic_task_mapping_with_no_taskflow_operators.py
[2026-07-31T11:48:34.652+0000] {processor.py:830} INFO - Processing file /home/airflow/.local/lib/python3.12/site-packages/airflow/example_dags/example_dynamic_task_mapping_with_no_taskflow_operators.py for tasks to queue
[2026-07-31T11:48:34.654+0000] {logging_mixin.py:188} INFO - [2026-07-31T11:48:34.654+0000] {dagbag.py:545} INFO - Filling up the DagBag from /home/airflow/.local/lib/python3.12/site-packages/airflow/example_dags/example_dynamic_task_mapping_with_no_taskflow_operators.py
[2026-07-31T11:48:34.662+0000] {processor.py:840} INFO - DAG(s) 'example_dynamic_task_mapping_with_no_taskflow_operators' retrieved from /home/airflow/.local/lib/python3.12/site-packages/airflow/example_dags/example_dynamic_task_mapping_with_no_taskflow_operators.py
[2026-07-31T11:48:34.684+0000] {logging_mixin.py:188} INFO - [2026-07-31T11:48:34.684+0000] {dag.py:3089} INFO - Sync 1 DAGs
[2026-07-31T11:48:34.711+0000] {logging_mixin.py:188} INFO - [2026-07-31T11:48:34.711+0000] {dag.py:3947} INFO - Setting next_dagrun for example_dynamic_task_mapping_with_no_taskflow_operators to 2026-07-30 00:00:00+00:00, run_after=2026-07-31 00:00:00+00:00
[2026-07-31T11:48:34.736+0000] {processor.py:183} INFO - Processing /home/airflow/.local/lib/python3.12/site-packages/airflow/example_dags/example_dynamic_task_mapping_with_no_taskflow_operators.py took 0.092 seconds
[2026-07-31T11:49:04.934+0000] {processor.py:161} INFO - Started process (PID=5407) to work on /home/airflow/.local/lib/python3.12/site-packages/airflow/example_dags/example_dynamic_task_mapping_with_no_taskflow_operators.py
[2026-07-31T11:49:04.937+0000] {processor.py:830} INFO - Processing file /home/airflow/.local/lib/python3.12/site-packages/airflow/example_dags/example_dynamic_task_mapping_with_no_taskflow_operators.py for tasks to queue
[2026-07-31T11:49:04.951+0000] {logging_mixin.py:188} INFO - [2026-07-31T11:49:04.950+0000] {dagbag.py:545} INFO - Filling up the DagBag from /home/airflow/.local/lib/python3.12/site-packages/airflow/example_dags/example_dynamic_task_mapping_with_no_taskflow_operators.py
[2026-07-31T11:49:04.975+0000] {processor.py:840} INFO - DAG(s) 'example_dynamic_task_mapping_with_no_taskflow_operators' retrieved from /home/airflow/.local/lib/python3.12/site-packages/airflow/example_dags/example_dynamic_task_mapping_with_no_taskflow_operators.py
[2026-07-31T11:49:05.050+0000] {logging_mixin.py:188} INFO - [2026-07-31T11:49:05.049+0000] {dag.py:3089} INFO - Sync 1 DAGs
[2026-07-31T11:49:05.121+0000] {logging_mixin.py:188} INFO - [2026-07-31T11:49:05.120+0000] {dag.py:3947} INFO - Setting next_dagrun for example_dynamic_task_mapping_with_no_taskflow_operators to 2026-07-30 00:00:00+00:00, run_after=2026-07-31 00:00:00+00:00
[2026-07-31T11:49:05.204+0000] {processor.py:183} INFO - Processing /home/airflow/.local/lib/python3.12/site-packages/airflow/example_dags/example_dynamic_task_mapping_with_no_taskflow_operators.py took 0.293 seconds
[2026-07-31T11:49:35.380+0000] {processor.py:161} INFO - Started process (PID=5463) to work on /home/airflow/.local/lib/python3.12/site-packages/airflow/example_dags/example_dynamic_task_mapping_with_no_taskflow_operators.py
[2026-07-31T11:49:35.381+0000] {processor.py:830} INFO - Processing file /home/airflow/.local/lib/python3.12/site-packages/airflow/example_dags/example_dynamic_task_mapping_with_no_taskflow_operators.py for tasks to queue
[2026-07-31T11:49:35.384+0000] {logging_mixin.py:188} INFO - [2026-07-31T11:49:35.383+0000] {dagbag.py:545} INFO - Filling up the DagBag from /home/airflow/.local/lib/python3.12/site-packages/airflow/example_dags/example_dynamic_task_mapping_with_no_taskflow_operators.py
[2026-07-31T11:49:35.393+0000] {processor.py:840} INFO - DAG(s) 'example_dynamic_task_mapping_with_no_taskflow_operators' retrieved from /home/airflow/.local/lib/python3.12/site-packages/airflow/example_dags/example_dynamic_task_mapping_with_no_taskflow_operators.py
[2026-07-31T11:49:35.418+0000] {logging_mixin.py:188} INFO - [2026-07-31T11:49:35.418+0000] {dag.py:3089} INFO - Sync 1 DAGs
[2026-07-31T11:49:35.448+0000] {logging_mixin.py:188} INFO - [2026-07-31T11:49:35.448+0000] {dag.py:3947} INFO - Setting next_dagrun for example_dynamic_task_mapping_with_no_taskflow_operators to 2026-07-30 00:00:00+00:00, run_after=2026-07-31 00:00:00+00:00
[2026-07-31T11:49:35.475+0000] {processor.py:183} INFO - Processing /home/airflow/.local/lib/python3.12/site-packages/airflow/example_dags/example_dynamic_task_mapping_with_no_taskflow_operators.py took 0.103 seconds
[2026-07-31T11:50:05.943+0000] {processor.py:161} INFO - Started process (PID=5521) to work on /home/airflow/.local/lib/python3.12/site-packages/airflow/example_dags/example_dynamic_task_mapping_with_no_taskflow_operators.py
[2026-07-31T11:50:05.944+0000] {processor.py:830} INFO - Processing file /home/airflow/.local/lib/python3.12/site-packages/airflow/example_dags/example_dynamic_task_mapping_with_no_taskflow_operators.py for tasks to queue
[2026-07-31T11:50:05.947+0000] {logging_mixin.py:188} INFO - [2026-07-31T11:50:05.946+0000] {dagbag.py:545} INFO - Filling up the DagBag from /home/airflow/.local/lib/python3.12/site-packages/airflow/example_dags/example_dynamic_task_mapping_with_no_taskflow_operators.py
[2026-07-31T11:50:05.955+0000] {processor.py:840} INFO - DAG(s) 'example_dynamic_task_mapping_with_no_taskflow_operators' retrieved from /home/airflow/.local/lib/python3.12/site-packages/airflow/example_dags/example_dynamic_task_mapping_with_no_taskflow_operators.py
[2026-07-31T11:50:05.978+0000] {logging_mixin.py:188} INFO - [2026-07-31T11:50:05.977+0000] {dag.py:3089} INFO - Sync 1 DAGs
[2026-07-31T11:50:06.004+0000] {logging_mixin.py:188} INFO - [2026-07-31T11:50:06.004+0000] {dag.py:3947} INFO - Setting next_dagrun for example_dynamic_task_mapping_with_no_taskflow_operators to 2026-07-30 00:00:00+00:00, run_after=2026-07-31 00:00:00+00:00
[2026-07-31T11:50:06.030+0000] {processor.py:183} INFO - Processing /home/airflow/.local/lib/python3.12/site-packages/airflow/example_dags/example_dynamic_task_mapping_with_no_taskflow_operators.py took 0.094 seconds
[2026-07-31T11:50:36.465+0000] {processor.py:161} INFO - Started process (PID=5579) to work on /home/airflow/.local/lib/python3.12/site-packages/airflow/example_dags/example_dynamic_task_mapping_with_no_taskflow_operators.py
[2026-07-31T11:50:36.466+0000] {processor.py:830} INFO - Processing file /home/airflow/.local/lib/python3.12/site-packages/airflow/example_dags/example_dynamic_task_mapping_with_no_taskflow_operators.py for tasks to queue
[2026-07-31T11:50:36.469+0000] {logging_mixin.py:188} INFO - [2026-07-31T11:50:36.469+0000] {dagbag.py:545} INFO - Filling up the DagBag from /home/airflow/.local/lib/python3.12/site-packages/airflow/example_dags/example_dynamic_task_mapping_with_no_taskflow_operators.py
[2026-07-31T11:50:36.478+0000] {processor.py:840} INFO - DAG(s) 'example_dynamic_task_mapping_with_no_taskflow_operators' retrieved from /home/airflow/.local/lib/python3.12/site-packages/airflow/example_dags/example_dynamic_task_mapping_with_no_taskflow_operators.py
[2026-07-31T11:50:36.501+0000] {logging_mixin.py:188} INFO - [2026-07-31T11:50:36.501+0000] {dag.py:3089} INFO - Sync 1 DAGs
[2026-07-31T11:50:36.529+0000] {logging_mixin.py:188} INFO - [2026-07-31T11:50:36.528+0000] {dag.py:3947} INFO - Setting next_dagrun for example_dynamic_task_mapping_with_no_taskflow_operators to 2026-07-30 00:00:00+00:00, run_after=2026-07-31 00:00:00+00:00
[2026-07-31T11:50:36.553+0000] {processor.py:183} INFO - Processing /home/airflow/.local/lib/python3.12/site-packages/airflow/example_dags/example_dynamic_task_mapping_with_no_taskflow_operators.py took 0.097 seconds
[2026-07-31T11:51:06.690+0000] {processor.py:161} INFO - Started process (PID=5637) to work on /home/airflow/.local/lib/python3.12/site-packages/airflow/example_dags/example_dynamic_task_mapping_with_no_taskflow_operators.py
[2026-07-31T11:51:06.692+0000] {processor.py:830} INFO - Processing file /home/airflow/.local/lib/python3.12/site-packages/airflow/example_dags/example_dynamic_task_mapping_with_no_taskflow_operators.py for tasks to queue
[2026-07-31T11:51:06.695+0000] {logging_mixin.py:188} INFO - [2026-07-31T11:51:06.694+0000] {dagbag.py:545} INFO - Filling up the DagBag from /home/airflow/.local/lib/python3.12/site-packages/airflow/example_dags/example_dynamic_task_mapping_with_no_taskflow_operators.py
[2026-07-31T11:51:06.706+0000] {processor.py:840} INFO - DAG(s) 'example_dynamic_task_mapping_with_no_taskflow_operators' retrieved from /home/airflow/.local/lib/python3.12/site-packages/airflow/example_dags/example_dynamic_task_mapping_with_no_taskflow_operators.py
[2026-07-31T11:51:06.736+0000] {logging_mixin.py:188} INFO - [2026-07-31T11:51:06.735+0000] {dag.py:3089} INFO - Sync 1 DAGs
[2026-07-31T11:51:06.772+0000] {logging_mixin.py:188} INFO - [2026-07-31T11:51:06.771+0000] {dag.py:3947} INFO - Setting next_dagrun for example_dynamic_task_mapping_with_no_taskflow_operators to 2026-07-30 00:00:00+00:00, run_after=2026-07-31 00:00:00+00:00
[2026-07-31T11:51:06.799+0000] {processor.py:183} INFO - Processing /home/airflow/.local/lib/python3.12/site-packages/airflow/example_dags/example_dynamic_task_mapping_with_no_taskflow_operators.py took 0.116 seconds
[2026-07-31T11:51:37.101+0000] {processor.py:161} INFO - Started process (PID=5695) to work on /home/airflow/.local/lib/python3.12/site-packages/airflow/example_dags/example_dynamic_task_mapping_with_no_taskflow_operators.py
[2026-07-31T11:51:37.103+0000] {processor.py:830} INFO - Processing file /home/airflow/.local/lib/python3.12/site-packages/airflow/example_dags/example_dynamic_task_mapping_with_no_taskflow_operators.py for tasks to queue
[2026-07-31T11:51:37.105+0000] {logging_mixin.py:188} INFO - [2026-07-31T11:51:37.105+0000] {dagbag.py:545} INFO - Filling up the DagBag from /home/airflow/.local/lib/python3.12/site-packages/airflow/example_dags/example_dynamic_task_mapping_with_no_taskflow_operators.py
[2026-07-31T11:51:37.114+0000] {processor.py:840} INFO - DAG(s) 'example_dynamic_task_mapping_with_no_taskflow_operators' retrieved from /home/airflow/.local/lib/python3.12/site-packages/airflow/example_dags/example_dynamic_task_mapping_with_no_taskflow_operators.py
[2026-07-31T11:51:37.138+0000] {logging_mixin.py:188} INFO - [2026-07-31T11:51:37.138+0000] {dag.py:3089} INFO - Sync 1 DAGs
[2026-07-31T11:51:37.166+0000] {logging_mixin.py:188} INFO - [2026-07-31T11:51:37.166+0000] {dag.py:3947} INFO - Setting next_dagrun for example_dynamic_task_mapping_with_no_taskflow_operators to 2026-07-30 00:00:00+00:00, run_after=2026-07-31 00:00:00+00:00
[2026-07-31T11:51:37.346+0000] {processor.py:183} INFO - Processing /home/airflow/.local/lib/python3.12/site-packages/airflow/example_dags/example_dynamic_task_mapping_with_no_taskflow_operators.py took 0.253 seconds
[2026-07-31T11:52:07.388+0000] {processor.py:161} INFO - Started process (PID=5752) to work on /home/airflow/.local/lib/python3.12/site-packages/airflow/example_dags/example_dynamic_task_mapping_with_no_taskflow_operators.py
[2026-07-31T11:52:07.390+0000] {processor.py:830} INFO - Processing file /home/airflow/.local/lib/python3.12/site-packages/airflow/example_dags/example_dynamic_task_mapping_with_no_taskflow_operators.py for tasks to queue
[2026-07-31T11:52:07.393+0000] {logging_mixin.py:188} INFO - [2026-07-31T11:52:07.392+0000] {dagbag.py:545} INFO - Filling up the DagBag from /home/airflow/.local/lib/python3.12/site-packages/airflow/example_dags/example_dynamic_task_mapping_with_no_taskflow_operators.py
[2026-07-31T11:52:07.400+0000] {processor.py:840} INFO - DAG(s) 'example_dynamic_task_mapping_with_no_taskflow_operators' retrieved from /home/airflow/.local/lib/python3.12/site-packages/airflow/example_dags/example_dynamic_task_mapping_with_no_taskflow_operators.py
[2026-07-31T11:52:07.425+0000] {logging_mixin.py:188} INFO - [2026-07-31T11:52:07.424+0000] {dag.py:3089} INFO - Sync 1 DAGs
[2026-07-31T11:52:07.452+0000] {logging_mixin.py:188} INFO - [2026-07-31T11:52:07.452+0000] {dag.py:3947} INFO - Setting next_dagrun for example_dynamic_task_mapping_with_no_taskflow_operators to 2026-07-30 00:00:00+00:00, run_after=2026-07-31 00:00:00+00:00
[2026-07-31T11:52:07.627+0000] {processor.py:183} INFO - Processing /home/airflow/.local/lib/python3.12/site-packages/airflow/example_dags/example_dynamic_task_mapping_with_no_taskflow_operators.py took 0.246 seconds
[2026-07-31T11:52:37.989+0000] {processor.py:161} INFO - Started process (PID=5810) to work on /home/airflow/.local/lib/python3.12/site-packages/airflow/example_dags/example_dynamic_task_mapping_with_no_taskflow_operators.py
[2026-07-31T11:52:37.991+0000] {processor.py:830} INFO - Processing file /home/airflow/.local/lib/python3.12/site-packages/airflow/example_dags/example_dynamic_task_mapping_with_no_taskflow_operators.py for tasks to queue
[2026-07-31T11:52:37.995+0000] {logging_mixin.py:188} INFO - [2026-07-31T11:52:37.994+0000] {dagbag.py:545} INFO - Filling up the DagBag from /home/airflow/.local/lib/python3.12/site-packages/airflow/example_dags/example_dynamic_task_mapping_with_no_taskflow_operators.py
[2026-07-31T11:52:38.006+0000] {processor.py:840} INFO - DAG(s) 'example_dynamic_task_mapping_with_no_taskflow_operators' retrieved from /home/airflow/.local/lib/python3.12/site-packages/airflow/example_dags/example_dynamic_task_mapping_with_no_taskflow_operators.py
[2026-07-31T11:52:38.035+0000] {logging_mixin.py:188} INFO - [2026-07-31T11:52:38.035+0000] {dag.py:3089} INFO - Sync 1 DAGs
[2026-07-31T11:52:38.067+0000] {logging_mixin.py:188} INFO - [2026-07-31T11:52:38.067+0000] {dag.py:3947} INFO - Setting next_dagrun for example_dynamic_task_mapping_with_no_taskflow_operators to 2026-07-30 00:00:00+00:00, run_after=2026-07-31 00:00:00+00:00
[2026-07-31T11:52:38.542+0000] {processor.py:183} INFO - Processing /home/airflow/.local/lib/python3.12/site-packages/airflow/example_dags/example_dynamic_task_mapping_with_no_taskflow_operators.py took 0.561 seconds
[2026-07-31T11:53:08.709+0000] {processor.py:161} INFO - Started process (PID=5868) to work on /home/airflow/.local/lib/python3.12/site-packages/airflow/example_dags/example_dynamic_task_mapping_with_no_taskflow_operators.py
[2026-07-31T11:53:08.711+0000] {processor.py:830} INFO - Processing file /home/airflow/.local/lib/python3.12/site-packages/airflow/example_dags/example_dynamic_task_mapping_with_no_taskflow_operators.py for tasks to queue
[2026-07-31T11:53:08.714+0000] {logging_mixin.py:188} INFO - [2026-07-31T11:53:08.713+0000] {dagbag.py:545} INFO - Filling up the DagBag from /home/airflow/.local/lib/python3.12/site-packages/airflow/example_dags/example_dynamic_task_mapping_with_no_taskflow_operators.py
[2026-07-31T11:53:08.724+0000] {processor.py:840} INFO - DAG(s) 'example_dynamic_task_mapping_with_no_taskflow_operators' retrieved from /home/airflow/.local/lib/python3.12/site-packages/airflow/example_dags/example_dynamic_task_mapping_with_no_taskflow_operators.py
[2026-07-31T11:53:08.760+0000] {logging_mixin.py:188} INFO - [2026-07-31T11:53:08.760+0000] {dag.py:3089} INFO - Sync 1 DAGs
[2026-07-31T11:53:08.796+0000] {logging_mixin.py:188} INFO - [2026-07-31T11:53:08.796+0000] {dag.py:3947} INFO - Setting next_dagrun for example_dynamic_task_mapping_with_no_taskflow_operators to 2026-07-30 00:00:00+00:00, run_after=2026-07-31 00:00:00+00:00
[2026-07-31T11:53:09.021+0000] {processor.py:183} INFO - Processing /home/airflow/.local/lib/python3.12/site-packages/airflow/example_dags/example_dynamic_task_mapping_with_no_taskflow_operators.py took 0.319 seconds
[2026-07-31T11:53:39.310+0000] {processor.py:161} INFO - Started process (PID=5926) to work on /home/airflow/.local/lib/python3.12/site-packages/airflow/example_dags/example_dynamic_task_mapping_with_no_taskflow_operators.py
[2026-07-31T11:53:39.313+0000] {processor.py:830} INFO - Processing file /home/airflow/.local/lib/python3.12/site-packages/airflow/example_dags/example_dynamic_task_mapping_with_no_taskflow_operators.py for tasks to queue
[2026-07-31T11:53:39.318+0000] {logging_mixin.py:188} INFO - [2026-07-31T11:53:39.317+0000] {dagbag.py:545} INFO - Filling up the DagBag from /home/airflow/.local/lib/python3.12/site-packages/airflow/example_dags/example_dynamic_task_mapping_with_no_taskflow_operators.py
[2026-07-31T11:53:39.326+0000] {processor.py:840} INFO - DAG(s) 'example_dynamic_task_mapping_with_no_taskflow_operators' retrieved from /home/airflow/.local/lib/python3.12/site-packages/airflow/example_dags/example_dynamic_task_mapping_with_no_taskflow_operators.py
[2026-07-31T11:53:39.352+0000] {logging_mixin.py:188} INFO - [2026-07-31T11:53:39.351+0000] {dag.py:3089} INFO - Sync 1 DAGs
[2026-07-31T11:53:39.379+0000] {logging_mixin.py:188} INFO - [2026-07-31T11:53:39.379+0000] {dag.py:3947} INFO - Setting next_dagrun for example_dynamic_task_mapping_with_no_taskflow_operators to 2026-07-30 00:00:00+00:00, run_after=2026-07-31 00:00:00+00:00
[2026-07-31T11:53:39.403+0000] {processor.py:183} INFO - Processing /home/airflow/.local/lib/python3.12/site-packages/airflow/example_dags/example_dynamic_task_mapping_with_no_taskflow_operators.py took 0.101 seconds
[2026-07-31T11:54:09.596+0000] {processor.py:161} INFO - Started process (PID=5984) to work on /home/airflow/.local/lib/python3.12/site-packages/airflow/example_dags/example_dynamic_task_mapping_with_no_taskflow_operators.py
[2026-07-31T11:54:09.597+0000] {processor.py:830} INFO - Processing file /home/airflow/.local/lib/python3.12/site-packages/airflow/example_dags/example_dynamic_task_mapping_with_no_taskflow_operators.py for tasks to queue
[2026-07-31T11:54:09.600+0000] {logging_mixin.py:188} INFO - [2026-07-31T11:54:09.600+0000] {dagbag.py:545} INFO - Filling up the DagBag from /home/airflow/.local/lib/python3.12/site-packages/airflow/example_dags/example_dynamic_task_mapping_with_no_taskflow_operators.py
[2026-07-31T11:54:09.608+0000] {processor.py:840} INFO - DAG(s) 'example_dynamic_task_mapping_with_no_taskflow_operators' retrieved from /home/airflow/.local/lib/python3.12/site-packages/airflow/example_dags/example_dynamic_task_mapping_with_no_taskflow_operators.py
[2026-07-31T11:54:09.633+0000] {logging_mixin.py:188} INFO - [2026-07-31T11:54:09.633+0000] {dag.py:3089} INFO - Sync 1 DAGs
[2026-07-31T11:54:09.661+0000] {logging_mixin.py:188} INFO - [2026-07-31T11:54:09.661+0000] {dag.py:3947} INFO - Setting next_dagrun for example_dynamic_task_mapping_with_no_taskflow_operators to 2026-07-30 00:00:00+00:00, run_after=2026-07-31 00:00:00+00:00
[2026-07-31T11:54:09.685+0000] {processor.py:183} INFO - Processing /home/airflow/.local/lib/python3.12/site-packages/airflow/example_dags/example_dynamic_task_mapping_with_no_taskflow_operators.py took 0.096 seconds
[2026-07-31T11:54:40.337+0000] {processor.py:161} INFO - Started process (PID=6043) to work on /home/airflow/.local/lib/python3.12/site-packages/airflow/example_dags/example_dynamic_task_mapping_with_no_taskflow_operators.py
[2026-07-31T11:54:40.338+0000] {processor.py:830} INFO - Processing file /home/airflow/.local/lib/python3.12/site-packages/airflow/example_dags/example_dynamic_task_mapping_with_no_taskflow_operators.py for tasks to queue
[2026-07-31T11:54:40.341+0000] {logging_mixin.py:188} INFO - [2026-07-31T11:54:40.340+0000] {dagbag.py:545} INFO - Filling up the DagBag from /home/airflow/.local/lib/python3.12/site-packages/airflow/example_dags/example_dynamic_task_mapping_with_no_taskflow_operators.py
[2026-07-31T11:54:40.349+0000] {processor.py:840} INFO - DAG(s) 'example_dynamic_task_mapping_with_no_taskflow_operators' retrieved from /home/airflow/.local/lib/python3.12/site-packages/airflow/example_dags/example_dynamic_task_mapping_with_no_taskflow_operators.py
[2026-07-31T11:54:40.373+0000] {logging_mixin.py:188} INFO - [2026-07-31T11:54:40.373+0000] {dag.py:3089} INFO - Sync 1 DAGs
[2026-07-31T11:54:40.400+0000] {logging_mixin.py:188} INFO - [2026-07-31T11:54:40.400+0000] {dag.py:3947} INFO - Setting next_dagrun for example_dynamic_task_mapping_with_no_taskflow_operators to 2026-07-30 00:00:00+00:00, run_after=2026-07-31 00:00:00+00:00
[2026-07-31T11:54:40.424+0000] {processor.py:183} INFO - Processing /home/airflow/.local/lib/python3.12/site-packages/airflow/example_dags/example_dynamic_task_mapping_with_no_taskflow_operators.py took 0.095 seconds
[2026-07-31T11:55:10.907+0000] {processor.py:161} INFO - Started process (PID=6101) to work on /home/airflow/.local/lib/python3.12/site-packages/airflow/example_dags/example_dynamic_task_mapping_with_no_taskflow_operators.py
[2026-07-31T11:55:10.909+0000] {processor.py:830} INFO - Processing file /home/airflow/.local/lib/python3.12/site-packages/airflow/example_dags/example_dynamic_task_mapping_with_no_taskflow_operators.py for tasks to queue
[2026-07-31T11:55:10.911+0000] {logging_mixin.py:188} INFO - [2026-07-31T11:55:10.911+0000] {dagbag.py:545} INFO - Filling up the DagBag from /home/airflow/.local/lib/python3.12/site-packages/airflow/example_dags/example_dynamic_task_mapping_with_no_taskflow_operators.py
[2026-07-31T11:55:10.919+0000] {processor.py:840} INFO - DAG(s) 'example_dynamic_task_mapping_with_no_taskflow_operators' retrieved from /home/airflow/.local/lib/python3.12/site-packages/airflow/example_dags/example_dynamic_task_mapping_with_no_taskflow_operators.py
[2026-07-31T11:55:10.946+0000] {logging_mixin.py:188} INFO - [2026-07-31T11:55:10.945+0000] {dag.py:3089} INFO - Sync 1 DAGs
[2026-07-31T11:55:10.973+0000] {logging_mixin.py:188} INFO - [2026-07-31T11:55:10.973+0000] {dag.py:3947} INFO - Setting next_dagrun for example_dynamic_task_mapping_with_no_taskflow_operators to 2026-07-30 00:00:00+00:00, run_after=2026-07-31 00:00:00+00:00
[2026-07-31T11:55:10.996+0000] {processor.py:183} INFO - Processing /home/airflow/.local/lib/python3.12/site-packages/airflow/example_dags/example_dynamic_task_mapping_with_no_taskflow_operators.py took 0.096 seconds
[2026-07-31T11:55:41.487+0000] {processor.py:161} INFO - Started process (PID=6159) to work on /home/airflow/.local/lib/python3.12/site-packages/airflow/example_dags/example_dynamic_task_mapping_with_no_taskflow_operators.py
[2026-07-31T11:55:41.489+0000] {processor.py:830} INFO - Processing file /home/airflow/.local/lib/python3.12/site-packages/airflow/example_dags/example_dynamic_task_mapping_with_no_taskflow_operators.py for tasks to queue
[2026-07-31T11:55:41.492+0000] {logging_mixin.py:188} INFO - [2026-07-31T11:55:41.492+0000] {dagbag.py:545} INFO - Filling up the DagBag from /home/airflow/.local/lib/python3.12/site-packages/airflow/example_dags/example_dynamic_task_mapping_with_no_taskflow_operators.py
[2026-07-31T11:55:41.500+0000] {processor.py:840} INFO - DAG(s) 'example_dynamic_task_mapping_with_no_taskflow_operators' retrieved from /home/airflow/.local/lib/python3.12/site-packages/airflow/example_dags/example_dynamic_task_mapping_with_no_taskflow_operators.py
[2026-07-31T11:55:41.525+0000] {logging_mixin.py:188} INFO - [2026-07-31T11:55:41.524+0000] {dag.py:3089} INFO - Sync 1 DAGs
[2026-07-31T11:55:41.552+0000] {logging_mixin.py:188} INFO - [2026-07-31T11:55:41.552+0000] {dag.py:3947} INFO - Setting next_dagrun for example_dynamic_task_mapping_with_no_taskflow_operators to 2026-07-30 00:00:00+00:00, run_after=2026-07-31 00:00:00+00:00
[2026-07-31T11:55:41.593+0000] {processor.py:183} INFO - Processing /home/airflow/.local/lib/python3.12/site-packages/airflow/example_dags/example_dynamic_task_mapping_with_no_taskflow_operators.py took 0.113 seconds
[2026-07-31T11:56:12.076+0000] {processor.py:161} INFO - Started process (PID=6218) to work on /home/airflow/.local/lib/python3.12/site-packages/airflow/example_dags/example_dynamic_task_mapping_with_no_taskflow_operators.py
[2026-07-31T11:56:12.078+0000] {processor.py:830} INFO - Processing file /home/airflow/.local/lib/python3.12/site-packages/airflow/example_dags/example_dynamic_task_mapping_with_no_taskflow_operators.py for tasks to queue
[2026-07-31T11:56:12.081+0000] {logging_mixin.py:188} INFO - [2026-07-31T11:56:12.080+0000] {dagbag.py:545} INFO - Filling up the DagBag from /home/airflow/.local/lib/python3.12/site-packages/airflow/example_dags/example_dynamic_task_mapping_with_no_taskflow_operators.py
[2026-07-31T11:56:12.088+0000] {processor.py:840} INFO - DAG(s) 'example_dynamic_task_mapping_with_no_taskflow_operators' retrieved from /home/airflow/.local/lib/python3.12/site-packages/airflow/example_dags/example_dynamic_task_mapping_with_no_taskflow_operators.py
[2026-07-31T11:56:12.112+0000] {logging_mixin.py:188} INFO - [2026-07-31T11:56:12.112+0000] {dag.py:3089} INFO - Sync 1 DAGs
[2026-07-31T11:56:12.141+0000] {logging_mixin.py:188} INFO - [2026-07-31T11:56:12.141+0000] {dag.py:3947} INFO - Setting next_dagrun for example_dynamic_task_mapping_with_no_taskflow_operators to 2026-07-30 00:00:00+00:00, run_after=2026-07-31 00:00:00+00:00
[2026-07-31T11:56:12.169+0000] {processor.py:183} INFO - Processing /home/airflow/.local/lib/python3.12/site-packages/airflow/example_dags/example_dynamic_task_mapping_with_no_taskflow_operators.py took 0.100 seconds
[2026-07-31T11:56:42.705+0000] {processor.py:161} INFO - Started process (PID=6276) to work on /home/airflow/.local/lib/python3.12/site-packages/airflow/example_dags/example_dynamic_task_mapping_with_no_taskflow_operators.py
[2026-07-31T11:56:42.706+0000] {processor.py:830} INFO - Processing file /home/airflow/.local/lib/python3.12/site-packages/airflow/example_dags/example_dynamic_task_mapping_with_no_taskflow_operators.py for tasks to queue
[2026-07-31T11:56:42.709+0000] {logging_mixin.py:188} INFO - [2026-07-31T11:56:42.708+0000] {dagbag.py:545} INFO - Filling up the DagBag from /home/airflow/.local/lib/python3.12/site-packages/airflow/example_dags/example_dynamic_task_mapping_with_no_taskflow_operators.py
[2026-07-31T11:56:42.718+0000] {processor.py:840} INFO - DAG(s) 'example_dynamic_task_mapping_with_no_taskflow_operators' retrieved from /home/airflow/.local/lib/python3.12/site-packages/airflow/example_dags/example_dynamic_task_mapping_with_no_taskflow_operators.py
[2026-07-31T11:56:42.753+0000] {logging_mixin.py:188} INFO - [2026-07-31T11:56:42.752+0000] {dag.py:3089} INFO - Sync 1 DAGs
[2026-07-31T11:56:42.789+0000] {logging_mixin.py:188} INFO - [2026-07-31T11:56:42.788+0000] {dag.py:3947} INFO - Setting next_dagrun for example_dynamic_task_mapping_with_no_taskflow_operators to 2026-07-30 00:00:00+00:00, run_after=2026-07-31 00:00:00+00:00
[2026-07-31T11:56:42.825+0000] {processor.py:183} INFO - Processing /home/airflow/.local/lib/python3.12/site-packages/airflow/example_dags/example_dynamic_task_mapping_with_no_taskflow_operators.py took 0.127 seconds
[2026-07-31T11:57:13.692+0000] {processor.py:161} INFO - Started process (PID=6329) to work on /home/airflow/.local/lib/python3.12/site-packages/airflow/example_dags/example_dynamic_task_mapping_with_no_taskflow_operators.py
[2026-07-31T11:57:13.702+0000] {processor.py:830} INFO - Processing file /home/airflow/.local/lib/python3.12/site-packages/airflow/example_dags/example_dynamic_task_mapping_with_no_taskflow_operators.py for tasks to queue
[2026-07-31T11:57:13.754+0000] {logging_mixin.py:188} INFO - [2026-07-31T11:57:13.753+0000] {dagbag.py:545} INFO - Filling up the DagBag from /home/airflow/.local/lib/python3.12/site-packages/airflow/example_dags/example_dynamic_task_mapping_with_no_taskflow_operators.py
[2026-07-31T11:57:13.810+0000] {processor.py:840} INFO - DAG(s) 'example_dynamic_task_mapping_with_no_taskflow_operators' retrieved from /home/airflow/.local/lib/python3.12/site-packages/airflow/example_dags/example_dynamic_task_mapping_with_no_taskflow_operators.py
[2026-07-31T11:57:14.017+0000] {logging_mixin.py:188} INFO - [2026-07-31T11:57:14.007+0000] {dag.py:3089} INFO - Sync 1 DAGs
[2026-07-31T11:57:14.255+0000] {logging_mixin.py:188} INFO - [2026-07-31T11:57:14.254+0000] {dag.py:3947} INFO - Setting next_dagrun for example_dynamic_task_mapping_with_no_taskflow_operators to 2026-07-30 00:00:00+00:00, run_after=2026-07-31 00:00:00+00:00
[2026-07-31T11:57:14.519+0000] {processor.py:183} INFO - Processing /home/airflow/.local/lib/python3.12/site-packages/airflow/example_dags/example_dynamic_task_mapping_with_no_taskflow_operators.py took 0.906 seconds
[2026-07-31T11:57:45.260+0000] {processor.py:161} INFO - Started process (PID=6387) to work on /home/airflow/.local/lib/python3.12/site-packages/airflow/example_dags/example_dynamic_task_mapping_with_no_taskflow_operators.py
[2026-07-31T11:57:45.262+0000] {processor.py:830} INFO - Processing file /home/airflow/.local/lib/python3.12/site-packages/airflow/example_dags/example_dynamic_task_mapping_with_no_taskflow_operators.py for tasks to queue
[2026-07-31T11:57:45.266+0000] {logging_mixin.py:188} INFO - [2026-07-31T11:57:45.264+0000] {dagbag.py:545} INFO - Filling up the DagBag from /home/airflow/.local/lib/python3.12/site-packages/airflow/example_dags/example_dynamic_task_mapping_with_no_taskflow_operators.py
[2026-07-31T11:57:45.275+0000] {processor.py:840} INFO - DAG(s) 'example_dynamic_task_mapping_with_no_taskflow_operators' retrieved from /home/airflow/.local/lib/python3.12/site-packages/airflow/example_dags/example_dynamic_task_mapping_with_no_taskflow_operators.py
[2026-07-31T11:57:45.302+0000] {logging_mixin.py:188} INFO - [2026-07-31T11:57:45.302+0000] {dag.py:3089} INFO - Sync 1 DAGs
[2026-07-31T11:57:45.346+0000] {logging_mixin.py:188} INFO - [2026-07-31T11:57:45.345+0000] {dag.py:3947} INFO - Setting next_dagrun for example_dynamic_task_mapping_with_no_taskflow_operators to 2026-07-30 00:00:00+00:00, run_after=2026-07-31 00:00:00+00:00
[2026-07-31T11:57:45.381+0000] {processor.py:183} INFO - Processing /home/airflow/.local/lib/python3.12/site-packages/airflow/example_dags/example_dynamic_task_mapping_with_no_taskflow_operators.py took 0.130 seconds
[2026-07-31T11:58:16.361+0000] {processor.py:161} INFO - Started process (PID=6446) to work on /home/airflow/.local/lib/python3.12/site-packages/airflow/example_dags/example_dynamic_task_mapping_with_no_taskflow_operators.py
[2026-07-31T11:58:16.363+0000] {processor.py:830} INFO - Processing file /home/airflow/.local/lib/python3.12/site-packages/airflow/example_dags/example_dynamic_task_mapping_with_no_taskflow_operators.py for tasks to queue
[2026-07-31T11:58:16.370+0000] {logging_mixin.py:188} INFO - [2026-07-31T11:58:16.368+0000] {dagbag.py:545} INFO - Filling up the DagBag from /home/airflow/.local/lib/python3.12/site-packages/airflow/example_dags/example_dynamic_task_mapping_with_no_taskflow_operators.py
[2026-07-31T11:58:16.384+0000] {processor.py:840} INFO - DAG(s) 'example_dynamic_task_mapping_with_no_taskflow_operators' retrieved from /home/airflow/.local/lib/python3.12/site-packages/airflow/example_dags/example_dynamic_task_mapping_with_no_taskflow_operators.py
[2026-07-31T11:58:16.433+0000] {logging_mixin.py:188} INFO - [2026-07-31T11:58:16.431+0000] {dag.py:3089} INFO - Sync 1 DAGs
[2026-07-31T11:58:16.474+0000] {logging_mixin.py:188} INFO - [2026-07-31T11:58:16.473+0000] {dag.py:3947} INFO - Setting next_dagrun for example_dynamic_task_mapping_with_no_taskflow_operators to 2026-07-30 00:00:00+00:00, run_after=2026-07-31 00:00:00+00:00
[2026-07-31T11:58:16.509+0000] {processor.py:183} INFO - Processing /home/airflow/.local/lib/python3.12/site-packages/airflow/example_dags/example_dynamic_task_mapping_with_no_taskflow_operators.py took 0.162 seconds
[2026-07-31T11:58:46.836+0000] {processor.py:161} INFO - Started process (PID=6504) to work on /home/airflow/.local/lib/python3.12/site-packages/airflow/example_dags/example_dynamic_task_mapping_with_no_taskflow_operators.py
[2026-07-31T11:58:46.838+0000] {processor.py:830} INFO - Processing file /home/airflow/.local/lib/python3.12/site-packages/airflow/example_dags/example_dynamic_task_mapping_with_no_taskflow_operators.py for tasks to queue
[2026-07-31T11:58:46.842+0000] {logging_mixin.py:188} INFO - [2026-07-31T11:58:46.841+0000] {dagbag.py:545} INFO - Filling up the DagBag from /home/airflow/.local/lib/python3.12/site-packages/airflow/example_dags/example_dynamic_task_mapping_with_no_taskflow_operators.py
[2026-07-31T11:58:46.854+0000] {processor.py:840} INFO - DAG(s) 'example_dynamic_task_mapping_with_no_taskflow_operators' retrieved from /home/airflow/.local/lib/python3.12/site-packages/airflow/example_dags/example_dynamic_task_mapping_with_no_taskflow_operators.py
[2026-07-31T11:58:46.883+0000] {logging_mixin.py:188} INFO - [2026-07-31T11:58:46.883+0000] {dag.py:3089} INFO - Sync 1 DAGs
[2026-07-31T11:58:46.912+0000] {logging_mixin.py:188} INFO - [2026-07-31T11:58:46.911+0000] {dag.py:3947} INFO - Setting next_dagrun for example_dynamic_task_mapping_with_no_taskflow_operators to 2026-07-30 00:00:00+00:00, run_after=2026-07-31 00:00:00+00:00
[2026-07-31T11:58:46.940+0000] {processor.py:183} INFO - Processing /home/airflow/.local/lib/python3.12/site-packages/airflow/example_dags/example_dynamic_task_mapping_with_no_taskflow_operators.py took 0.113 seconds
[2026-07-31T11:59:17.645+0000] {processor.py:161} INFO - Started process (PID=6562) to work on /home/airflow/.local/lib/python3.12/site-packages/airflow/example_dags/example_dynamic_task_mapping_with_no_taskflow_operators.py
[2026-07-31T11:59:17.646+0000] {processor.py:830} INFO - Processing file /home/airflow/.local/lib/python3.12/site-packages/airflow/example_dags/example_dynamic_task_mapping_with_no_taskflow_operators.py for tasks to queue
[2026-07-31T11:59:17.649+0000] {logging_mixin.py:188} INFO - [2026-07-31T11:59:17.648+0000] {dagbag.py:545} INFO - Filling up the DagBag from /home/airflow/.local/lib/python3.12/site-packages/airflow/example_dags/example_dynamic_task_mapping_with_no_taskflow_operators.py
[2026-07-31T11:59:17.658+0000] {processor.py:840} INFO - DAG(s) 'example_dynamic_task_mapping_with_no_taskflow_operators' retrieved from /home/airflow/.local/lib/python3.12/site-packages/airflow/example_dags/example_dynamic_task_mapping_with_no_taskflow_operators.py
[2026-07-31T11:59:17.683+0000] {logging_mixin.py:188} INFO - [2026-07-31T11:59:17.683+0000] {dag.py:3089} INFO - Sync 1 DAGs
[2026-07-31T11:59:17.715+0000] {logging_mixin.py:188} INFO - [2026-07-31T11:59:17.715+0000] {dag.py:3947} INFO - Setting next_dagrun for example_dynamic_task_mapping_with_no_taskflow_operators to 2026-07-30 00:00:00+00:00, run_after=2026-07-31 00:00:00+00:00
[2026-07-31T11:59:17.740+0000] {processor.py:183} INFO - Processing /home/airflow/.local/lib/python3.12/site-packages/airflow/example_dags/example_dynamic_task_mapping_with_no_taskflow_operators.py took 0.103 seconds
[2026-07-31T11:59:48.032+0000] {processor.py:161} INFO - Started process (PID=6620) to work on /home/airflow/.local/lib/python3.12/site-packages/airflow/example_dags/example_dynamic_task_mapping_with_no_taskflow_operators.py
[2026-07-31T11:59:48.034+0000] {processor.py:830} INFO - Processing file /home/airflow/.local/lib/python3.12/site-packages/airflow/example_dags/example_dynamic_task_mapping_with_no_taskflow_operators.py for tasks to queue
[2026-07-31T11:59:48.036+0000] {logging_mixin.py:188} INFO - [2026-07-31T11:59:48.036+0000] {dagbag.py:545} INFO - Filling up the DagBag from /home/airflow/.local/lib/python3.12/site-packages/airflow/example_dags/example_dynamic_task_mapping_with_no_taskflow_operators.py
[2026-07-31T11:59:48.045+0000] {processor.py:840} INFO - DAG(s) 'example_dynamic_task_mapping_with_no_taskflow_operators' retrieved from /home/airflow/.local/lib/python3.12/site-packages/airflow/example_dags/example_dynamic_task_mapping_with_no_taskflow_operators.py
[2026-07-31T11:59:48.077+0000] {logging_mixin.py:188} INFO - [2026-07-31T11:59:48.076+0000] {dag.py:3089} INFO - Sync 1 DAGs
[2026-07-31T11:59:48.107+0000] {logging_mixin.py:188} INFO - [2026-07-31T11:59:48.107+0000] {dag.py:3947} INFO - Setting next_dagrun for example_dynamic_task_mapping_with_no_taskflow_operators to 2026-07-30 00:00:00+00:00, run_after=2026-07-31 00:00:00+00:00
[2026-07-31T11:59:48.136+0000] {processor.py:183} INFO - Processing /home/airflow/.local/lib/python3.12/site-packages/airflow/example_dags/example_dynamic_task_mapping_with_no_taskflow_operators.py took 0.112 seconds
[2026-07-31T12:00:18.676+0000] {processor.py:161} INFO - Started process (PID=6678) to work on /home/airflow/.local/lib/python3.12/site-packages/airflow/example_dags/example_dynamic_task_mapping_with_no_taskflow_operators.py
[2026-07-31T12:00:18.678+0000] {processor.py:830} INFO - Processing file /home/airflow/.local/lib/python3.12/site-packages/airflow/example_dags/example_dynamic_task_mapping_with_no_taskflow_operators.py for tasks to queue
[2026-07-31T12:00:18.681+0000] {logging_mixin.py:188} INFO - [2026-07-31T12:00:18.681+0000] {dagbag.py:545} INFO - Filling up the DagBag from /home/airflow/.local/lib/python3.12/site-packages/airflow/example_dags/example_dynamic_task_mapping_with_no_taskflow_operators.py
[2026-07-31T12:00:18.692+0000] {processor.py:840} INFO - DAG(s) 'example_dynamic_task_mapping_with_no_taskflow_operators' retrieved from /home/airflow/.local/lib/python3.12/site-packages/airflow/example_dags/example_dynamic_task_mapping_with_no_taskflow_operators.py
[2026-07-31T12:00:18.716+0000] {logging_mixin.py:188} INFO - [2026-07-31T12:00:18.716+0000] {dag.py:3089} INFO - Sync 1 DAGs
[2026-07-31T12:00:18.748+0000] {logging_mixin.py:188} INFO - [2026-07-31T12:00:18.748+0000] {dag.py:3947} INFO - Setting next_dagrun for example_dynamic_task_mapping_with_no_taskflow_operators to 2026-07-30 00:00:00+00:00, run_after=2026-07-31 00:00:00+00:00
[2026-07-31T12:00:18.778+0000] {processor.py:183} INFO - Processing /home/airflow/.local/lib/python3.12/site-packages/airflow/example_dags/example_dynamic_task_mapping_with_no_taskflow_operators.py took 0.108 seconds
[2026-07-31T12:00:49.013+0000] {processor.py:161} INFO - Started process (PID=6736) to work on /home/airflow/.local/lib/python3.12/site-packages/airflow/example_dags/example_dynamic_task_mapping_with_no_taskflow_operators.py
[2026-07-31T12:00:49.014+0000] {processor.py:830} INFO - Processing file /home/airflow/.local/lib/python3.12/site-packages/airflow/example_dags/example_dynamic_task_mapping_with_no_taskflow_operators.py for tasks to queue
[2026-07-31T12:00:49.017+0000] {logging_mixin.py:188} INFO - [2026-07-31T12:00:49.016+0000] {dagbag.py:545} INFO - Filling up the DagBag from /home/airflow/.local/lib/python3.12/site-packages/airflow/example_dags/example_dynamic_task_mapping_with_no_taskflow_operators.py
[2026-07-31T12:00:49.026+0000] {processor.py:840} INFO - DAG(s) 'example_dynamic_task_mapping_with_no_taskflow_operators' retrieved from /home/airflow/.local/lib/python3.12/site-packages/airflow/example_dags/example_dynamic_task_mapping_with_no_taskflow_operators.py
[2026-07-31T12:00:49.054+0000] {logging_mixin.py:188} INFO - [2026-07-31T12:00:49.054+0000] {dag.py:3089} INFO - Sync 1 DAGs
[2026-07-31T12:00:49.083+0000] {logging_mixin.py:188} INFO - [2026-07-31T12:00:49.083+0000] {dag.py:3947} INFO - Setting next_dagrun for example_dynamic_task_mapping_with_no_taskflow_operators to 2026-07-30 00:00:00+00:00, run_after=2026-07-31 00:00:00+00:00
[2026-07-31T12:00:49.109+0000] {processor.py:183} INFO - Processing /home/airflow/.local/lib/python3.12/site-packages/airflow/example_dags/example_dynamic_task_mapping_with_no_taskflow_operators.py took 0.104 seconds
[2026-07-31T12:01:19.260+0000] {processor.py:161} INFO - Started process (PID=6794) to work on /home/airflow/.local/lib/python3.12/site-packages/airflow/example_dags/example_dynamic_task_mapping_with_no_taskflow_operators.py
[2026-07-31T12:01:19.262+0000] {processor.py:830} INFO - Processing file /home/airflow/.local/lib/python3.12/site-packages/airflow/example_dags/example_dynamic_task_mapping_with_no_taskflow_operators.py for tasks to queue
[2026-07-31T12:01:19.264+0000] {logging_mixin.py:188} INFO - [2026-07-31T12:01:19.263+0000] {dagbag.py:545} INFO - Filling up the DagBag from /home/airflow/.local/lib/python3.12/site-packages/airflow/example_dags/example_dynamic_task_mapping_with_no_taskflow_operators.py
[2026-07-31T12:01:19.272+0000] {processor.py:840} INFO - DAG(s) 'example_dynamic_task_mapping_with_no_taskflow_operators' retrieved from /home/airflow/.local/lib/python3.12/site-packages/airflow/example_dags/example_dynamic_task_mapping_with_no_taskflow_operators.py
[2026-07-31T12:01:19.296+0000] {logging_mixin.py:188} INFO - [2026-07-31T12:01:19.296+0000] {dag.py:3089} INFO - Sync 1 DAGs
[2026-07-31T12:01:19.326+0000] {logging_mixin.py:188} INFO - [2026-07-31T12:01:19.326+0000] {dag.py:3947} INFO - Setting next_dagrun for example_dynamic_task_mapping_with_no_taskflow_operators to 2026-07-30 00:00:00+00:00, run_after=2026-07-31 00:00:00+00:00
[2026-07-31T12:01:19.352+0000] {processor.py:183} INFO - Processing /home/airflow/.local/lib/python3.12/site-packages/airflow/example_dags/example_dynamic_task_mapping_with_no_taskflow_operators.py took 0.099 seconds
[2026-07-31T12:01:49.530+0000] {processor.py:161} INFO - Started process (PID=6852) to work on /home/airflow/.local/lib/python3.12/site-packages/airflow/example_dags/example_dynamic_task_mapping_with_no_taskflow_operators.py
[2026-07-31T12:01:49.532+0000] {processor.py:830} INFO - Processing file /home/airflow/.local/lib/python3.12/site-packages/airflow/example_dags/example_dynamic_task_mapping_with_no_taskflow_operators.py for tasks to queue
[2026-07-31T12:01:49.535+0000] {logging_mixin.py:188} INFO - [2026-07-31T12:01:49.534+0000] {dagbag.py:545} INFO - Filling up the DagBag from /home/airflow/.local/lib/python3.12/site-packages/airflow/example_dags/example_dynamic_task_mapping_with_no_taskflow_operators.py
[2026-07-31T12:01:49.546+0000] {processor.py:840} INFO - DAG(s) 'example_dynamic_task_mapping_with_no_taskflow_operators' retrieved from /home/airflow/.local/lib/python3.12/site-packages/airflow/example_dags/example_dynamic_task_mapping_with_no_taskflow_operators.py
[2026-07-31T12:01:49.580+0000] {logging_mixin.py:188} INFO - [2026-07-31T12:01:49.579+0000] {dag.py:3089} INFO - Sync 1 DAGs
[2026-07-31T12:01:49.623+0000] {logging_mixin.py:188} INFO - [2026-07-31T12:01:49.622+0000] {dag.py:3947} INFO - Setting next_dagrun for example_dynamic_task_mapping_with_no_taskflow_operators to 2026-07-30 00:00:00+00:00, run_after=2026-07-31 00:00:00+00:00
[2026-07-31T12:01:49.659+0000] {processor.py:183} INFO - Processing /home/airflow/.local/lib/python3.12/site-packages/airflow/example_dags/example_dynamic_task_mapping_with_no_taskflow_operators.py took 0.138 seconds
[2026-07-31T12:02:19.857+0000] {processor.py:161} INFO - Started process (PID=6913) to work on /home/airflow/.local/lib/python3.12/site-packages/airflow/example_dags/example_dynamic_task_mapping_with_no_taskflow_operators.py
[2026-07-31T12:02:19.858+0000] {processor.py:830} INFO - Processing file /home/airflow/.local/lib/python3.12/site-packages/airflow/example_dags/example_dynamic_task_mapping_with_no_taskflow_operators.py for tasks to queue
[2026-07-31T12:02:19.863+0000] {logging_mixin.py:188} INFO - [2026-07-31T12:02:19.862+0000] {dagbag.py:545} INFO - Filling up the DagBag from /home/airflow/.local/lib/python3.12/site-packages/airflow/example_dags/example_dynamic_task_mapping_with_no_taskflow_operators.py
[2026-07-31T12:02:19.873+0000] {processor.py:840} INFO - DAG(s) 'example_dynamic_task_mapping_with_no_taskflow_operators' retrieved from /home/airflow/.local/lib/python3.12/site-packages/airflow/example_dags/example_dynamic_task_mapping_with_no_taskflow_operators.py
[2026-07-31T12:02:19.907+0000] {logging_mixin.py:188} INFO - [2026-07-31T12:02:19.907+0000] {dag.py:3089} INFO - Sync 1 DAGs
[2026-07-31T12:02:19.941+0000] {logging_mixin.py:188} INFO - [2026-07-31T12:02:19.941+0000] {dag.py:3947} INFO - Setting next_dagrun for example_dynamic_task_mapping_with_no_taskflow_operators to 2026-07-30 00:00:00+00:00, run_after=2026-07-31 00:00:00+00:00
[2026-07-31T12:02:19.972+0000] {processor.py:183} INFO - Processing /home/airflow/.local/lib/python3.12/site-packages/airflow/example_dags/example_dynamic_task_mapping_with_no_taskflow_operators.py took 0.124 seconds
[2026-07-31T12:02:50.649+0000] {processor.py:161} INFO - Started process (PID=6970) to work on /home/airflow/.local/lib/python3.12/site-packages/airflow/example_dags/example_dynamic_task_mapping_with_no_taskflow_operators.py
[2026-07-31T12:02:50.651+0000] {processor.py:830} INFO - Processing file /home/airflow/.local/lib/python3.12/site-packages/airflow/example_dags/example_dynamic_task_mapping_with_no_taskflow_operators.py for tasks to queue
[2026-07-31T12:02:50.654+0000] {logging_mixin.py:188} INFO - [2026-07-31T12:02:50.653+0000] {dagbag.py:545} INFO - Filling up the DagBag from /home/airflow/.local/lib/python3.12/site-packages/airflow/example_dags/example_dynamic_task_mapping_with_no_taskflow_operators.py
[2026-07-31T12:02:50.664+0000] {processor.py:840} INFO - DAG(s) 'example_dynamic_task_mapping_with_no_taskflow_operators' retrieved from /home/airflow/.local/lib/python3.12/site-packages/airflow/example_dags/example_dynamic_task_mapping_with_no_taskflow_operators.py
[2026-07-31T12:02:50.688+0000] {logging_mixin.py:188} INFO - [2026-07-31T12:02:50.688+0000] {dag.py:3089} INFO - Sync 1 DAGs
[2026-07-31T12:02:50.718+0000] {logging_mixin.py:188} INFO - [2026-07-31T12:02:50.717+0000] {dag.py:3947} INFO - Setting next_dagrun for example_dynamic_task_mapping_with_no_taskflow_operators to 2026-07-30 00:00:00+00:00, run_after=2026-07-31 00:00:00+00:00
[2026-07-31T12:02:50.745+0000] {processor.py:183} INFO - Processing /home/airflow/.local/lib/python3.12/site-packages/airflow/example_dags/example_dynamic_task_mapping_with_no_taskflow_operators.py took 0.103 seconds
[2026-07-31T12:03:21.520+0000] {processor.py:161} INFO - Started process (PID=7028) to work on /home/airflow/.local/lib/python3.12/site-packages/airflow/example_dags/example_dynamic_task_mapping_with_no_taskflow_operators.py
[2026-07-31T12:03:21.521+0000] {processor.py:830} INFO - Processing file /home/airflow/.local/lib/python3.12/site-packages/airflow/example_dags/example_dynamic_task_mapping_with_no_taskflow_operators.py for tasks to queue
[2026-07-31T12:03:21.523+0000] {logging_mixin.py:188} INFO - [2026-07-31T12:03:21.523+0000] {dagbag.py:545} INFO - Filling up the DagBag from /home/airflow/.local/lib/python3.12/site-packages/airflow/example_dags/example_dynamic_task_mapping_with_no_taskflow_operators.py
[2026-07-31T12:03:21.533+0000] {processor.py:840} INFO - DAG(s) 'example_dynamic_task_mapping_with_no_taskflow_operators' retrieved from /home/airflow/.local/lib/python3.12/site-packages/airflow/example_dags/example_dynamic_task_mapping_with_no_taskflow_operators.py
[2026-07-31T12:03:21.562+0000] {logging_mixin.py:188} INFO - [2026-07-31T12:03:21.561+0000] {dag.py:3089} INFO - Sync 1 DAGs
[2026-07-31T12:03:21.591+0000] {logging_mixin.py:188} INFO - [2026-07-31T12:03:21.591+0000] {dag.py:3947} INFO - Setting next_dagrun for example_dynamic_task_mapping_with_no_taskflow_operators to 2026-07-30 00:00:00+00:00, run_after=2026-07-31 00:00:00+00:00
[2026-07-31T12:03:21.617+0000] {processor.py:183} INFO - Processing /home/airflow/.local/lib/python3.12/site-packages/airflow/example_dags/example_dynamic_task_mapping_with_no_taskflow_operators.py took 0.104 seconds
[2026-07-31T12:03:51.810+0000] {processor.py:161} INFO - Started process (PID=7086) to work on /home/airflow/.local/lib/python3.12/site-packages/airflow/example_dags/example_dynamic_task_mapping_with_no_taskflow_operators.py
[2026-07-31T12:03:51.812+0000] {processor.py:830} INFO - Processing file /home/airflow/.local/lib/python3.12/site-packages/airflow/example_dags/example_dynamic_task_mapping_with_no_taskflow_operators.py for tasks to queue
[2026-07-31T12:03:51.814+0000] {logging_mixin.py:188} INFO - [2026-07-31T12:03:51.814+0000] {dagbag.py:545} INFO - Filling up the DagBag from /home/airflow/.local/lib/python3.12/site-packages/airflow/example_dags/example_dynamic_task_mapping_with_no_taskflow_operators.py
[2026-07-31T12:03:51.823+0000] {processor.py:840} INFO - DAG(s) 'example_dynamic_task_mapping_with_no_taskflow_operators' retrieved from /home/airflow/.local/lib/python3.12/site-packages/airflow/example_dags/example_dynamic_task_mapping_with_no_taskflow_operators.py
[2026-07-31T12:03:51.853+0000] {logging_mixin.py:188} INFO - [2026-07-31T12:03:51.852+0000] {dag.py:3089} INFO - Sync 1 DAGs
[2026-07-31T12:03:51.888+0000] {logging_mixin.py:188} INFO - [2026-07-31T12:03:51.887+0000] {dag.py:3947} INFO - Setting next_dagrun for example_dynamic_task_mapping_with_no_taskflow_operators to 2026-07-30 00:00:00+00:00, run_after=2026-07-31 00:00:00+00:00
[2026-07-31T12:03:51.915+0000] {processor.py:183} INFO - Processing /home/airflow/.local/lib/python3.12/site-packages/airflow/example_dags/example_dynamic_task_mapping_with_no_taskflow_operators.py took 0.115 seconds
[2026-07-31T12:04:21.977+0000] {processor.py:161} INFO - Started process (PID=7143) to work on /home/airflow/.local/lib/python3.12/site-packages/airflow/example_dags/example_dynamic_task_mapping_with_no_taskflow_operators.py
[2026-07-31T12:04:21.978+0000] {processor.py:830} INFO - Processing file /home/airflow/.local/lib/python3.12/site-packages/airflow/example_dags/example_dynamic_task_mapping_with_no_taskflow_operators.py for tasks to queue
[2026-07-31T12:04:21.981+0000] {logging_mixin.py:188} INFO - [2026-07-31T12:04:21.981+0000] {dagbag.py:545} INFO - Filling up the DagBag from /home/airflow/.local/lib/python3.12/site-packages/airflow/example_dags/example_dynamic_task_mapping_with_no_taskflow_operators.py
[2026-07-31T12:04:21.991+0000] {processor.py:840} INFO - DAG(s) 'example_dynamic_task_mapping_with_no_taskflow_operators' retrieved from /home/airflow/.local/lib/python3.12/site-packages/airflow/example_dags/example_dynamic_task_mapping_with_no_taskflow_operators.py
[2026-07-31T12:04:22.024+0000] {logging_mixin.py:188} INFO - [2026-07-31T12:04:22.023+0000] {dag.py:3089} INFO - Sync 1 DAGs
[2026-07-31T12:04:22.059+0000] {logging_mixin.py:188} INFO - [2026-07-31T12:04:22.059+0000] {dag.py:3947} INFO - Setting next_dagrun for example_dynamic_task_mapping_with_no_taskflow_operators to 2026-07-30 00:00:00+00:00, run_after=2026-07-31 00:00:00+00:00
[2026-07-31T12:04:22.090+0000] {processor.py:183} INFO - Processing /home/airflow/.local/lib/python3.12/site-packages/airflow/example_dags/example_dynamic_task_mapping_with_no_taskflow_operators.py took 0.121 seconds
[2026-07-31T12:04:52.797+0000] {processor.py:161} INFO - Started process (PID=7202) to work on /home/airflow/.local/lib/python3.12/site-packages/airflow/example_dags/example_dynamic_task_mapping_with_no_taskflow_operators.py
[2026-07-31T12:04:52.798+0000] {processor.py:830} INFO - Processing file /home/airflow/.local/lib/python3.12/site-packages/airflow/example_dags/example_dynamic_task_mapping_with_no_taskflow_operators.py for tasks to queue
[2026-07-31T12:04:52.801+0000] {logging_mixin.py:188} INFO - [2026-07-31T12:04:52.801+0000] {dagbag.py:545} INFO - Filling up the DagBag from /home/airflow/.local/lib/python3.12/site-packages/airflow/example_dags/example_dynamic_task_mapping_with_no_taskflow_operators.py
[2026-07-31T12:04:52.814+0000] {processor.py:840} INFO - DAG(s) 'example_dynamic_task_mapping_with_no_taskflow_operators' retrieved from /home/airflow/.local/lib/python3.12/site-packages/airflow/example_dags/example_dynamic_task_mapping_with_no_taskflow_operators.py
[2026-07-31T12:04:52.843+0000] {logging_mixin.py:188} INFO - [2026-07-31T12:04:52.843+0000] {dag.py:3089} INFO - Sync 1 DAGs
[2026-07-31T12:04:52.876+0000] {logging_mixin.py:188} INFO - [2026-07-31T12:04:52.876+0000] {dag.py:3947} INFO - Setting next_dagrun for example_dynamic_task_mapping_with_no_taskflow_operators to 2026-07-30 00:00:00+00:00, run_after=2026-07-31 00:00:00+00:00
[2026-07-31T12:04:52.904+0000] {processor.py:183} INFO - Processing /home/airflow/.local/lib/python3.12/site-packages/airflow/example_dags/example_dynamic_task_mapping_with_no_taskflow_operators.py took 0.116 seconds
[2026-07-31T12:05:23.247+0000] {processor.py:161} INFO - Started process (PID=7261) to work on /home/airflow/.local/lib/python3.12/site-packages/airflow/example_dags/example_dynamic_task_mapping_with_no_taskflow_operators.py
[2026-07-31T12:05:23.248+0000] {processor.py:830} INFO - Processing file /home/airflow/.local/lib/python3.12/site-packages/airflow/example_dags/example_dynamic_task_mapping_with_no_taskflow_operators.py for tasks to queue
[2026-07-31T12:05:23.252+0000] {logging_mixin.py:188} INFO - [2026-07-31T12:05:23.251+0000] {dagbag.py:545} INFO - Filling up the DagBag from /home/airflow/.local/lib/python3.12/site-packages/airflow/example_dags/example_dynamic_task_mapping_with_no_taskflow_operators.py
[2026-07-31T12:05:23.263+0000] {processor.py:840} INFO - DAG(s) 'example_dynamic_task_mapping_with_no_taskflow_operators' retrieved from /home/airflow/.local/lib/python3.12/site-packages/airflow/example_dags/example_dynamic_task_mapping_with_no_taskflow_operators.py
[2026-07-31T12:05:23.293+0000] {logging_mixin.py:188} INFO - [2026-07-31T12:05:23.293+0000] {dag.py:3089} INFO - Sync 1 DAGs
[2026-07-31T12:05:23.329+0000] {logging_mixin.py:188} INFO - [2026-07-31T12:05:23.329+0000] {dag.py:3947} INFO - Setting next_dagrun for example_dynamic_task_mapping_with_no_taskflow_operators to 2026-07-30 00:00:00+00:00, run_after=2026-07-31 00:00:00+00:00
[2026-07-31T12:05:23.363+0000] {processor.py:183} INFO - Processing /home/airflow/.local/lib/python3.12/site-packages/airflow/example_dags/example_dynamic_task_mapping_with_no_taskflow_operators.py took 0.125 seconds
[2026-07-31T12:05:53.596+0000] {processor.py:161} INFO - Started process (PID=7319) to work on /home/airflow/.local/lib/python3.12/site-packages/airflow/example_dags/example_dynamic_task_mapping_with_no_taskflow_operators.py
[2026-07-31T12:05:53.598+0000] {processor.py:830} INFO - Processing file /home/airflow/.local/lib/python3.12/site-packages/airflow/example_dags/example_dynamic_task_mapping_with_no_taskflow_operators.py for tasks to queue
[2026-07-31T12:05:53.600+0000] {logging_mixin.py:188} INFO - [2026-07-31T12:05:53.600+0000] {dagbag.py:545} INFO - Filling up the DagBag from /home/airflow/.local/lib/python3.12/site-packages/airflow/example_dags/example_dynamic_task_mapping_with_no_taskflow_operators.py
[2026-07-31T12:05:53.608+0000] {processor.py:840} INFO - DAG(s) 'example_dynamic_task_mapping_with_no_taskflow_operators' retrieved from /home/airflow/.local/lib/python3.12/site-packages/airflow/example_dags/example_dynamic_task_mapping_with_no_taskflow_operators.py
[2026-07-31T12:05:53.632+0000] {logging_mixin.py:188} INFO - [2026-07-31T12:05:53.631+0000] {dag.py:3089} INFO - Sync 1 DAGs
[2026-07-31T12:05:53.659+0000] {logging_mixin.py:188} INFO - [2026-07-31T12:05:53.659+0000] {dag.py:3947} INFO - Setting next_dagrun for example_dynamic_task_mapping_with_no_taskflow_operators to 2026-07-30 00:00:00+00:00, run_after=2026-07-31 00:00:00+00:00
[2026-07-31T12:05:53.683+0000] {processor.py:183} INFO - Processing /home/airflow/.local/lib/python3.12/site-packages/airflow/example_dags/example_dynamic_task_mapping_with_no_taskflow_operators.py took 0.093 seconds
[2026-07-31T12:06:23.914+0000] {processor.py:161} INFO - Started process (PID=7377) to work on /home/airflow/.local/lib/python3.12/site-packages/airflow/example_dags/example_dynamic_task_mapping_with_no_taskflow_operators.py
[2026-07-31T12:06:23.916+0000] {processor.py:830} INFO - Processing file /home/airflow/.local/lib/python3.12/site-packages/airflow/example_dags/example_dynamic_task_mapping_with_no_taskflow_operators.py for tasks to queue
[2026-07-31T12:06:23.919+0000] {logging_mixin.py:188} INFO - [2026-07-31T12:06:23.919+0000] {dagbag.py:545} INFO - Filling up the DagBag from /home/airflow/.local/lib/python3.12/site-packages/airflow/example_dags/example_dynamic_task_mapping_with_no_taskflow_operators.py
[2026-07-31T12:06:23.929+0000] {processor.py:840} INFO - DAG(s) 'example_dynamic_task_mapping_with_no_taskflow_operators' retrieved from /home/airflow/.local/lib/python3.12/site-packages/airflow/example_dags/example_dynamic_task_mapping_with_no_taskflow_operators.py
[2026-07-31T12:06:23.958+0000] {logging_mixin.py:188} INFO - [2026-07-31T12:06:23.958+0000] {dag.py:3089} INFO - Sync 1 DAGs
[2026-07-31T12:06:23.989+0000] {logging_mixin.py:188} INFO - [2026-07-31T12:06:23.988+0000] {dag.py:3947} INFO - Setting next_dagrun for example_dynamic_task_mapping_with_no_taskflow_operators to 2026-07-30 00:00:00+00:00, run_after=2026-07-31 00:00:00+00:00
[2026-07-31T12:06:24.019+0000] {processor.py:183} INFO - Processing /home/airflow/.local/lib/python3.12/site-packages/airflow/example_dags/example_dynamic_task_mapping_with_no_taskflow_operators.py took 0.112 seconds
[2026-07-31T12:06:54.459+0000] {processor.py:161} INFO - Started process (PID=7435) to work on /home/airflow/.local/lib/python3.12/site-packages/airflow/example_dags/example_dynamic_task_mapping_with_no_taskflow_operators.py
[2026-07-31T12:06:54.460+0000] {processor.py:830} INFO - Processing file /home/airflow/.local/lib/python3.12/site-packages/airflow/example_dags/example_dynamic_task_mapping_with_no_taskflow_operators.py for tasks to queue
[2026-07-31T12:06:54.462+0000] {logging_mixin.py:188} INFO - [2026-07-31T12:06:54.462+0000] {dagbag.py:545} INFO - Filling up the DagBag from /home/airflow/.local/lib/python3.12/site-packages/airflow/example_dags/example_dynamic_task_mapping_with_no_taskflow_operators.py
[2026-07-31T12:06:54.471+0000] {processor.py:840} INFO - DAG(s) 'example_dynamic_task_mapping_with_no_taskflow_operators' retrieved from /home/airflow/.local/lib/python3.12/site-packages/airflow/example_dags/example_dynamic_task_mapping_with_no_taskflow_operators.py
[2026-07-31T12:06:54.496+0000] {logging_mixin.py:188} INFO - [2026-07-31T12:06:54.495+0000] {dag.py:3089} INFO - Sync 1 DAGs
[2026-07-31T12:06:54.526+0000] {logging_mixin.py:188} INFO - [2026-07-31T12:06:54.525+0000] {dag.py:3947} INFO - Setting next_dagrun for example_dynamic_task_mapping_with_no_taskflow_operators to 2026-07-30 00:00:00+00:00, run_after=2026-07-31 00:00:00+00:00
[2026-07-31T12:06:54.550+0000] {processor.py:183} INFO - Processing /home/airflow/.local/lib/python3.12/site-packages/airflow/example_dags/example_dynamic_task_mapping_with_no_taskflow_operators.py took 0.098 seconds
[2026-07-31T12:07:24.759+0000] {processor.py:161} INFO - Started process (PID=7493) to work on /home/airflow/.local/lib/python3.12/site-packages/airflow/example_dags/example_dynamic_task_mapping_with_no_taskflow_operators.py
[2026-07-31T12:07:24.761+0000] {processor.py:830} INFO - Processing file /home/airflow/.local/lib/python3.12/site-packages/airflow/example_dags/example_dynamic_task_mapping_with_no_taskflow_operators.py for tasks to queue
[2026-07-31T12:07:24.767+0000] {logging_mixin.py:188} INFO - [2026-07-31T12:07:24.765+0000] {dagbag.py:545} INFO - Filling up the DagBag from /home/airflow/.local/lib/python3.12/site-packages/airflow/example_dags/example_dynamic_task_mapping_with_no_taskflow_operators.py
[2026-07-31T12:07:24.777+0000] {processor.py:840} INFO - DAG(s) 'example_dynamic_task_mapping_with_no_taskflow_operators' retrieved from /home/airflow/.local/lib/python3.12/site-packages/airflow/example_dags/example_dynamic_task_mapping_with_no_taskflow_operators.py
[2026-07-31T12:07:24.814+0000] {logging_mixin.py:188} INFO - [2026-07-31T12:07:24.813+0000] {dag.py:3089} INFO - Sync 1 DAGs
[2026-07-31T12:07:24.858+0000] {logging_mixin.py:188} INFO - [2026-07-31T12:07:24.858+0000] {dag.py:3947} INFO - Setting next_dagrun for example_dynamic_task_mapping_with_no_taskflow_operators to 2026-07-30 00:00:00+00:00, run_after=2026-07-31 00:00:00+00:00
[2026-07-31T12:07:24.896+0000] {processor.py:183} INFO - Processing /home/airflow/.local/lib/python3.12/site-packages/airflow/example_dags/example_dynamic_task_mapping_with_no_taskflow_operators.py took 0.152 seconds
