[2026-07-31T10:53:43.569+0000] {processor.py:161} INFO - Started process (PID=151) to work on /home/airflow/.local/lib/python3.12/site-packages/airflow/example_dags/example_branch_day_of_week_operator.py
[2026-07-31T10:53:43.579+0000] {processor.py:830} INFO - Processing file /home/airflow/.local/lib/python3.12/site-packages/airflow/example_dags/example_branch_day_of_week_operator.py for tasks to queue
[2026-07-31T10:53:43.587+0000] {logging_mixin.py:188} INFO - [2026-07-31T10:53:43.586+0000] {dagbag.py:545} INFO - Filling up the DagBag from /home/airflow/.local/lib/python3.12/site-packages/airflow/example_dags/example_branch_day_of_week_operator.py
[2026-07-31T10:53:43.637+0000] {processor.py:840} INFO - DAG(s) 'example_weekday_branch_operator' retrieved from /home/airflow/.local/lib/python3.12/site-packages/airflow/example_dags/example_branch_day_of_week_operator.py
[2026-07-31T10:53:44.250+0000] {logging_mixin.py:188} INFO - [2026-07-31T10:53:44.249+0000] {dag.py:3089} INFO - Sync 1 DAGs
[2026-07-31T10:53:44.459+0000] {logging_mixin.py:188} INFO - [2026-07-31T10:53:44.458+0000] {dag.py:3947} INFO - Setting next_dagrun for example_weekday_branch_operator to 2026-07-30 00:00:00+00:00, run_after=2026-07-31 00:00:00+00:00
[2026-07-31T10:53:44.753+0000] {processor.py:183} INFO - Processing /home/airflow/.local/lib/python3.12/site-packages/airflow/example_dags/example_branch_day_of_week_operator.py took 1.212 seconds
[2026-07-31T10:55:07.367+0000] {processor.py:161} INFO - Started process (PID=220) to work on /home/airflow/.local/lib/python3.12/site-packages/airflow/example_dags/example_branch_day_of_week_operator.py
[2026-07-31T10:55:07.390+0000] {processor.py:830} INFO - Processing file /home/airflow/.local/lib/python3.12/site-packages/airflow/example_dags/example_branch_day_of_week_operator.py for tasks to queue
[2026-07-31T10:55:07.408+0000] {logging_mixin.py:188} INFO - [2026-07-31T10:55:07.406+0000] {dagbag.py:545} INFO - Filling up the DagBag from /home/airflow/.local/lib/python3.12/site-packages/airflow/example_dags/example_branch_day_of_week_operator.py
[2026-07-31T10:55:07.512+0000] {processor.py:840} INFO - DAG(s) 'example_weekday_branch_operator' retrieved from /home/airflow/.local/lib/python3.12/site-packages/airflow/example_dags/example_branch_day_of_week_operator.py
[2026-07-31T10:55:07.776+0000] {logging_mixin.py:188} INFO - [2026-07-31T10:55:07.773+0000] {dag.py:3089} INFO - Sync 1 DAGs
[2026-07-31T10:55:07.922+0000] {logging_mixin.py:188} INFO - [2026-07-31T10:55:07.922+0000] {dag.py:3947} INFO - Setting next_dagrun for example_weekday_branch_operator to 2026-07-30 00:00:00+00:00, run_after=2026-07-31 00:00:00+00:00
[2026-07-31T10:55:08.205+0000] {processor.py:183} INFO - Processing /home/airflow/.local/lib/python3.12/site-packages/airflow/example_dags/example_branch_day_of_week_operator.py took 0.907 seconds
[2026-07-31T10:55:38.440+0000] {processor.py:161} INFO - Started process (PID=278) to work on /home/airflow/.local/lib/python3.12/site-packages/airflow/example_dags/example_branch_day_of_week_operator.py
[2026-07-31T10:55:38.441+0000] {processor.py:830} INFO - Processing file /home/airflow/.local/lib/python3.12/site-packages/airflow/example_dags/example_branch_day_of_week_operator.py for tasks to queue
[2026-07-31T10:55:38.444+0000] {logging_mixin.py:188} INFO - [2026-07-31T10:55:38.444+0000] {dagbag.py:545} INFO - Filling up the DagBag from /home/airflow/.local/lib/python3.12/site-packages/airflow/example_dags/example_branch_day_of_week_operator.py
[2026-07-31T10:55:38.458+0000] {processor.py:840} INFO - DAG(s) 'example_weekday_branch_operator' retrieved from /home/airflow/.local/lib/python3.12/site-packages/airflow/example_dags/example_branch_day_of_week_operator.py
[2026-07-31T10:55:38.513+0000] {logging_mixin.py:188} INFO - [2026-07-31T10:55:38.512+0000] {dag.py:3089} INFO - Sync 1 DAGs
[2026-07-31T10:55:38.588+0000] {logging_mixin.py:188} INFO - [2026-07-31T10:55:38.588+0000] {dag.py:3947} INFO - Setting next_dagrun for example_weekday_branch_operator to 2026-07-30 00:00:00+00:00, run_after=2026-07-31 00:00:00+00:00
[2026-07-31T10:55:38.654+0000] {processor.py:183} INFO - Processing /home/airflow/.local/lib/python3.12/site-packages/airflow/example_dags/example_branch_day_of_week_operator.py took 0.224 seconds
[2026-07-31T10:56:15.986+0000] {processor.py:161} INFO - Started process (PID=339) to work on /home/airflow/.local/lib/python3.12/site-packages/airflow/example_dags/example_branch_day_of_week_operator.py
[2026-07-31T10:56:15.998+0000] {processor.py:830} INFO - Processing file /home/airflow/.local/lib/python3.12/site-packages/airflow/example_dags/example_branch_day_of_week_operator.py for tasks to queue
[2026-07-31T10:56:16.008+0000] {logging_mixin.py:188} INFO - [2026-07-31T10:56:16.007+0000] {dagbag.py:545} INFO - Filling up the DagBag from /home/airflow/.local/lib/python3.12/site-packages/airflow/example_dags/example_branch_day_of_week_operator.py
[2026-07-31T10:56:16.050+0000] {processor.py:840} INFO - DAG(s) 'example_weekday_branch_operator' retrieved from /home/airflow/.local/lib/python3.12/site-packages/airflow/example_dags/example_branch_day_of_week_operator.py
[2026-07-31T10:56:16.129+0000] {logging_mixin.py:188} INFO - [2026-07-31T10:56:16.128+0000] {dag.py:3089} INFO - Sync 1 DAGs
[2026-07-31T10:56:16.244+0000] {logging_mixin.py:188} INFO - [2026-07-31T10:56:16.244+0000] {dag.py:3947} INFO - Setting next_dagrun for example_weekday_branch_operator to 2026-07-30 00:00:00+00:00, run_after=2026-07-31 00:00:00+00:00
[2026-07-31T10:56:16.345+0000] {processor.py:183} INFO - Processing /home/airflow/.local/lib/python3.12/site-packages/airflow/example_dags/example_branch_day_of_week_operator.py took 0.406 seconds
[2026-07-31T10:56:50.589+0000] {processor.py:161} INFO - Started process (PID=403) to work on /home/airflow/.local/lib/python3.12/site-packages/airflow/example_dags/example_branch_day_of_week_operator.py
[2026-07-31T10:56:50.599+0000] {processor.py:830} INFO - Processing file /home/airflow/.local/lib/python3.12/site-packages/airflow/example_dags/example_branch_day_of_week_operator.py for tasks to queue
[2026-07-31T10:56:50.614+0000] {logging_mixin.py:188} INFO - [2026-07-31T10:56:50.613+0000] {dagbag.py:545} INFO - Filling up the DagBag from /home/airflow/.local/lib/python3.12/site-packages/airflow/example_dags/example_branch_day_of_week_operator.py
[2026-07-31T10:56:50.791+0000] {processor.py:840} INFO - DAG(s) 'example_weekday_branch_operator' retrieved from /home/airflow/.local/lib/python3.12/site-packages/airflow/example_dags/example_branch_day_of_week_operator.py
[2026-07-31T10:56:51.043+0000] {logging_mixin.py:188} INFO - [2026-07-31T10:56:51.043+0000] {dag.py:3089} INFO - Sync 1 DAGs
[2026-07-31T10:56:51.423+0000] {logging_mixin.py:188} INFO - [2026-07-31T10:56:51.423+0000] {dag.py:3947} INFO - Setting next_dagrun for example_weekday_branch_operator to 2026-07-30 00:00:00+00:00, run_after=2026-07-31 00:00:00+00:00
[2026-07-31T10:56:51.710+0000] {processor.py:183} INFO - Processing /home/airflow/.local/lib/python3.12/site-packages/airflow/example_dags/example_branch_day_of_week_operator.py took 1.172 seconds
[2026-07-31T10:57:22.253+0000] {processor.py:161} INFO - Started process (PID=459) to work on /home/airflow/.local/lib/python3.12/site-packages/airflow/example_dags/example_branch_day_of_week_operator.py
[2026-07-31T10:57:22.260+0000] {processor.py:830} INFO - Processing file /home/airflow/.local/lib/python3.12/site-packages/airflow/example_dags/example_branch_day_of_week_operator.py for tasks to queue
[2026-07-31T10:57:22.272+0000] {logging_mixin.py:188} INFO - [2026-07-31T10:57:22.271+0000] {dagbag.py:545} INFO - Filling up the DagBag from /home/airflow/.local/lib/python3.12/site-packages/airflow/example_dags/example_branch_day_of_week_operator.py
[2026-07-31T10:57:22.306+0000] {processor.py:840} INFO - DAG(s) 'example_weekday_branch_operator' retrieved from /home/airflow/.local/lib/python3.12/site-packages/airflow/example_dags/example_branch_day_of_week_operator.py
[2026-07-31T10:57:22.391+0000] {logging_mixin.py:188} INFO - [2026-07-31T10:57:22.387+0000] {dag.py:3089} INFO - Sync 1 DAGs
[2026-07-31T10:57:22.483+0000] {logging_mixin.py:188} INFO - [2026-07-31T10:57:22.482+0000] {dag.py:3947} INFO - Setting next_dagrun for example_weekday_branch_operator to 2026-07-30 00:00:00+00:00, run_after=2026-07-31 00:00:00+00:00
[2026-07-31T10:57:22.545+0000] {processor.py:183} INFO - Processing /home/airflow/.local/lib/python3.12/site-packages/airflow/example_dags/example_branch_day_of_week_operator.py took 0.316 seconds
[2026-07-31T10:57:53.389+0000] {processor.py:161} INFO - Started process (PID=517) to work on /home/airflow/.local/lib/python3.12/site-packages/airflow/example_dags/example_branch_day_of_week_operator.py
[2026-07-31T10:57:53.394+0000] {processor.py:830} INFO - Processing file /home/airflow/.local/lib/python3.12/site-packages/airflow/example_dags/example_branch_day_of_week_operator.py for tasks to queue
[2026-07-31T10:57:53.400+0000] {logging_mixin.py:188} INFO - [2026-07-31T10:57:53.399+0000] {dagbag.py:545} INFO - Filling up the DagBag from /home/airflow/.local/lib/python3.12/site-packages/airflow/example_dags/example_branch_day_of_week_operator.py
[2026-07-31T10:57:53.425+0000] {processor.py:840} INFO - DAG(s) 'example_weekday_branch_operator' retrieved from /home/airflow/.local/lib/python3.12/site-packages/airflow/example_dags/example_branch_day_of_week_operator.py
[2026-07-31T10:57:53.482+0000] {logging_mixin.py:188} INFO - [2026-07-31T10:57:53.481+0000] {dag.py:3089} INFO - Sync 1 DAGs
[2026-07-31T10:57:53.541+0000] {logging_mixin.py:188} INFO - [2026-07-31T10:57:53.539+0000] {dag.py:3947} INFO - Setting next_dagrun for example_weekday_branch_operator to 2026-07-30 00:00:00+00:00, run_after=2026-07-31 00:00:00+00:00
[2026-07-31T10:57:53.610+0000] {processor.py:183} INFO - Processing /home/airflow/.local/lib/python3.12/site-packages/airflow/example_dags/example_branch_day_of_week_operator.py took 0.249 seconds
[2026-07-31T10:58:23.902+0000] {processor.py:161} INFO - Started process (PID=575) to work on /home/airflow/.local/lib/python3.12/site-packages/airflow/example_dags/example_branch_day_of_week_operator.py
[2026-07-31T10:58:23.906+0000] {processor.py:830} INFO - Processing file /home/airflow/.local/lib/python3.12/site-packages/airflow/example_dags/example_branch_day_of_week_operator.py for tasks to queue
[2026-07-31T10:58:23.911+0000] {logging_mixin.py:188} INFO - [2026-07-31T10:58:23.911+0000] {dagbag.py:545} INFO - Filling up the DagBag from /home/airflow/.local/lib/python3.12/site-packages/airflow/example_dags/example_branch_day_of_week_operator.py
[2026-07-31T10:58:23.940+0000] {processor.py:840} INFO - DAG(s) 'example_weekday_branch_operator' retrieved from /home/airflow/.local/lib/python3.12/site-packages/airflow/example_dags/example_branch_day_of_week_operator.py
[2026-07-31T10:58:24.024+0000] {logging_mixin.py:188} INFO - [2026-07-31T10:58:24.024+0000] {dag.py:3089} INFO - Sync 1 DAGs
[2026-07-31T10:58:24.118+0000] {logging_mixin.py:188} INFO - [2026-07-31T10:58:24.118+0000] {dag.py:3947} INFO - Setting next_dagrun for example_weekday_branch_operator to 2026-07-30 00:00:00+00:00, run_after=2026-07-31 00:00:00+00:00
[2026-07-31T10:58:24.198+0000] {processor.py:183} INFO - Processing /home/airflow/.local/lib/python3.12/site-packages/airflow/example_dags/example_branch_day_of_week_operator.py took 0.314 seconds
[2026-07-31T10:58:54.416+0000] {processor.py:161} INFO - Started process (PID=633) to work on /home/airflow/.local/lib/python3.12/site-packages/airflow/example_dags/example_branch_day_of_week_operator.py
[2026-07-31T10:58:54.417+0000] {processor.py:830} INFO - Processing file /home/airflow/.local/lib/python3.12/site-packages/airflow/example_dags/example_branch_day_of_week_operator.py for tasks to queue
[2026-07-31T10:58:54.420+0000] {logging_mixin.py:188} INFO - [2026-07-31T10:58:54.419+0000] {dagbag.py:545} INFO - Filling up the DagBag from /home/airflow/.local/lib/python3.12/site-packages/airflow/example_dags/example_branch_day_of_week_operator.py
[2026-07-31T10:58:54.433+0000] {processor.py:840} INFO - DAG(s) 'example_weekday_branch_operator' retrieved from /home/airflow/.local/lib/python3.12/site-packages/airflow/example_dags/example_branch_day_of_week_operator.py
[2026-07-31T10:58:54.470+0000] {logging_mixin.py:188} INFO - [2026-07-31T10:58:54.469+0000] {dag.py:3089} INFO - Sync 1 DAGs
[2026-07-31T10:58:54.507+0000] {logging_mixin.py:188} INFO - [2026-07-31T10:58:54.507+0000] {dag.py:3947} INFO - Setting next_dagrun for example_weekday_branch_operator to 2026-07-30 00:00:00+00:00, run_after=2026-07-31 00:00:00+00:00
[2026-07-31T10:58:54.541+0000] {processor.py:183} INFO - Processing /home/airflow/.local/lib/python3.12/site-packages/airflow/example_dags/example_branch_day_of_week_operator.py took 0.132 seconds
[2026-07-31T10:59:25.487+0000] {processor.py:161} INFO - Started process (PID=691) to work on /home/airflow/.local/lib/python3.12/site-packages/airflow/example_dags/example_branch_day_of_week_operator.py
[2026-07-31T10:59:25.495+0000] {processor.py:830} INFO - Processing file /home/airflow/.local/lib/python3.12/site-packages/airflow/example_dags/example_branch_day_of_week_operator.py for tasks to queue
[2026-07-31T10:59:25.503+0000] {logging_mixin.py:188} INFO - [2026-07-31T10:59:25.502+0000] {dagbag.py:545} INFO - Filling up the DagBag from /home/airflow/.local/lib/python3.12/site-packages/airflow/example_dags/example_branch_day_of_week_operator.py
[2026-07-31T10:59:25.535+0000] {processor.py:840} INFO - DAG(s) 'example_weekday_branch_operator' retrieved from /home/airflow/.local/lib/python3.12/site-packages/airflow/example_dags/example_branch_day_of_week_operator.py
[2026-07-31T10:59:25.592+0000] {logging_mixin.py:188} INFO - [2026-07-31T10:59:25.591+0000] {dag.py:3089} INFO - Sync 1 DAGs
[2026-07-31T10:59:25.648+0000] {logging_mixin.py:188} INFO - [2026-07-31T10:59:25.648+0000] {dag.py:3947} INFO - Setting next_dagrun for example_weekday_branch_operator to 2026-07-30 00:00:00+00:00, run_after=2026-07-31 00:00:00+00:00
[2026-07-31T10:59:25.714+0000] {processor.py:183} INFO - Processing /home/airflow/.local/lib/python3.12/site-packages/airflow/example_dags/example_branch_day_of_week_operator.py took 0.248 seconds
[2026-07-31T10:59:56.121+0000] {processor.py:161} INFO - Started process (PID=749) to work on /home/airflow/.local/lib/python3.12/site-packages/airflow/example_dags/example_branch_day_of_week_operator.py
[2026-07-31T10:59:56.123+0000] {processor.py:830} INFO - Processing file /home/airflow/.local/lib/python3.12/site-packages/airflow/example_dags/example_branch_day_of_week_operator.py for tasks to queue
[2026-07-31T10:59:56.128+0000] {logging_mixin.py:188} INFO - [2026-07-31T10:59:56.127+0000] {dagbag.py:545} INFO - Filling up the DagBag from /home/airflow/.local/lib/python3.12/site-packages/airflow/example_dags/example_branch_day_of_week_operator.py
[2026-07-31T10:59:56.146+0000] {processor.py:840} INFO - DAG(s) 'example_weekday_branch_operator' retrieved from /home/airflow/.local/lib/python3.12/site-packages/airflow/example_dags/example_branch_day_of_week_operator.py
[2026-07-31T10:59:56.203+0000] {logging_mixin.py:188} INFO - [2026-07-31T10:59:56.203+0000] {dag.py:3089} INFO - Sync 1 DAGs
[2026-07-31T10:59:56.267+0000] {logging_mixin.py:188} INFO - [2026-07-31T10:59:56.266+0000] {dag.py:3947} INFO - Setting next_dagrun for example_weekday_branch_operator to 2026-07-30 00:00:00+00:00, run_after=2026-07-31 00:00:00+00:00
[2026-07-31T10:59:56.325+0000] {processor.py:183} INFO - Processing /home/airflow/.local/lib/python3.12/site-packages/airflow/example_dags/example_branch_day_of_week_operator.py took 0.215 seconds
[2026-07-31T11:00:26.751+0000] {processor.py:161} INFO - Started process (PID=807) to work on /home/airflow/.local/lib/python3.12/site-packages/airflow/example_dags/example_branch_day_of_week_operator.py
[2026-07-31T11:00:26.754+0000] {processor.py:830} INFO - Processing file /home/airflow/.local/lib/python3.12/site-packages/airflow/example_dags/example_branch_day_of_week_operator.py for tasks to queue
[2026-07-31T11:00:26.766+0000] {logging_mixin.py:188} INFO - [2026-07-31T11:00:26.764+0000] {dagbag.py:545} INFO - Filling up the DagBag from /home/airflow/.local/lib/python3.12/site-packages/airflow/example_dags/example_branch_day_of_week_operator.py
[2026-07-31T11:00:26.790+0000] {processor.py:840} INFO - DAG(s) 'example_weekday_branch_operator' retrieved from /home/airflow/.local/lib/python3.12/site-packages/airflow/example_dags/example_branch_day_of_week_operator.py
[2026-07-31T11:00:26.842+0000] {logging_mixin.py:188} INFO - [2026-07-31T11:00:26.841+0000] {dag.py:3089} INFO - Sync 1 DAGs
[2026-07-31T11:00:26.923+0000] {logging_mixin.py:188} INFO - [2026-07-31T11:00:26.922+0000] {dag.py:3947} INFO - Setting next_dagrun for example_weekday_branch_operator to 2026-07-30 00:00:00+00:00, run_after=2026-07-31 00:00:00+00:00
[2026-07-31T11:00:26.973+0000] {processor.py:183} INFO - Processing /home/airflow/.local/lib/python3.12/site-packages/airflow/example_dags/example_branch_day_of_week_operator.py took 0.238 seconds
[2026-07-31T11:00:57.100+0000] {processor.py:161} INFO - Started process (PID=866) to work on /home/airflow/.local/lib/python3.12/site-packages/airflow/example_dags/example_branch_day_of_week_operator.py
[2026-07-31T11:00:57.103+0000] {processor.py:830} INFO - Processing file /home/airflow/.local/lib/python3.12/site-packages/airflow/example_dags/example_branch_day_of_week_operator.py for tasks to queue
[2026-07-31T11:00:57.107+0000] {logging_mixin.py:188} INFO - [2026-07-31T11:00:57.106+0000] {dagbag.py:545} INFO - Filling up the DagBag from /home/airflow/.local/lib/python3.12/site-packages/airflow/example_dags/example_branch_day_of_week_operator.py
[2026-07-31T11:00:57.122+0000] {processor.py:840} INFO - DAG(s) 'example_weekday_branch_operator' retrieved from /home/airflow/.local/lib/python3.12/site-packages/airflow/example_dags/example_branch_day_of_week_operator.py
[2026-07-31T11:00:57.152+0000] {logging_mixin.py:188} INFO - [2026-07-31T11:00:57.152+0000] {dag.py:3089} INFO - Sync 1 DAGs
[2026-07-31T11:00:57.187+0000] {logging_mixin.py:188} INFO - [2026-07-31T11:00:57.187+0000] {dag.py:3947} INFO - Setting next_dagrun for example_weekday_branch_operator to 2026-07-30 00:00:00+00:00, run_after=2026-07-31 00:00:00+00:00
[2026-07-31T11:00:57.224+0000] {processor.py:183} INFO - Processing /home/airflow/.local/lib/python3.12/site-packages/airflow/example_dags/example_branch_day_of_week_operator.py took 0.134 seconds
[2026-07-31T11:01:27.650+0000] {processor.py:161} INFO - Started process (PID=923) to work on /home/airflow/.local/lib/python3.12/site-packages/airflow/example_dags/example_branch_day_of_week_operator.py
[2026-07-31T11:01:27.651+0000] {processor.py:830} INFO - Processing file /home/airflow/.local/lib/python3.12/site-packages/airflow/example_dags/example_branch_day_of_week_operator.py for tasks to queue
[2026-07-31T11:01:27.654+0000] {logging_mixin.py:188} INFO - [2026-07-31T11:01:27.654+0000] {dagbag.py:545} INFO - Filling up the DagBag from /home/airflow/.local/lib/python3.12/site-packages/airflow/example_dags/example_branch_day_of_week_operator.py
[2026-07-31T11:01:27.667+0000] {processor.py:840} INFO - DAG(s) 'example_weekday_branch_operator' retrieved from /home/airflow/.local/lib/python3.12/site-packages/airflow/example_dags/example_branch_day_of_week_operator.py
[2026-07-31T11:01:27.708+0000] {logging_mixin.py:188} INFO - [2026-07-31T11:01:27.708+0000] {dag.py:3089} INFO - Sync 1 DAGs
[2026-07-31T11:01:27.770+0000] {logging_mixin.py:188} INFO - [2026-07-31T11:01:27.769+0000] {dag.py:3947} INFO - Setting next_dagrun for example_weekday_branch_operator to 2026-07-30 00:00:00+00:00, run_after=2026-07-31 00:00:00+00:00
[2026-07-31T11:01:27.813+0000] {processor.py:183} INFO - Processing /home/airflow/.local/lib/python3.12/site-packages/airflow/example_dags/example_branch_day_of_week_operator.py took 0.177 seconds
[2026-07-31T11:02:01.067+0000] {processor.py:161} INFO - Started process (PID=982) to work on /home/airflow/.local/lib/python3.12/site-packages/airflow/example_dags/example_branch_day_of_week_operator.py
[2026-07-31T11:02:01.072+0000] {processor.py:830} INFO - Processing file /home/airflow/.local/lib/python3.12/site-packages/airflow/example_dags/example_branch_day_of_week_operator.py for tasks to queue
[2026-07-31T11:02:01.085+0000] {logging_mixin.py:188} INFO - [2026-07-31T11:02:01.084+0000] {dagbag.py:545} INFO - Filling up the DagBag from /home/airflow/.local/lib/python3.12/site-packages/airflow/example_dags/example_branch_day_of_week_operator.py
[2026-07-31T11:02:01.129+0000] {processor.py:840} INFO - DAG(s) 'example_weekday_branch_operator' retrieved from /home/airflow/.local/lib/python3.12/site-packages/airflow/example_dags/example_branch_day_of_week_operator.py
[2026-07-31T11:02:01.240+0000] {logging_mixin.py:188} INFO - [2026-07-31T11:02:01.239+0000] {dag.py:3089} INFO - Sync 1 DAGs
[2026-07-31T11:02:01.390+0000] {logging_mixin.py:188} INFO - [2026-07-31T11:02:01.390+0000] {dag.py:3947} INFO - Setting next_dagrun for example_weekday_branch_operator to 2026-07-30 00:00:00+00:00, run_after=2026-07-31 00:00:00+00:00
[2026-07-31T11:02:01.461+0000] {processor.py:183} INFO - Processing /home/airflow/.local/lib/python3.12/site-packages/airflow/example_dags/example_branch_day_of_week_operator.py took 0.422 seconds
[2026-07-31T11:02:42.892+0000] {processor.py:161} INFO - Started process (PID=1051) to work on /home/airflow/.local/lib/python3.12/site-packages/airflow/example_dags/example_branch_day_of_week_operator.py
[2026-07-31T11:02:42.904+0000] {processor.py:830} INFO - Processing file /home/airflow/.local/lib/python3.12/site-packages/airflow/example_dags/example_branch_day_of_week_operator.py for tasks to queue
[2026-07-31T11:02:42.912+0000] {logging_mixin.py:188} INFO - [2026-07-31T11:02:42.910+0000] {dagbag.py:545} INFO - Filling up the DagBag from /home/airflow/.local/lib/python3.12/site-packages/airflow/example_dags/example_branch_day_of_week_operator.py
[2026-07-31T11:02:42.964+0000] {processor.py:840} INFO - DAG(s) 'example_weekday_branch_operator' retrieved from /home/airflow/.local/lib/python3.12/site-packages/airflow/example_dags/example_branch_day_of_week_operator.py
[2026-07-31T11:02:43.073+0000] {logging_mixin.py:188} INFO - [2026-07-31T11:02:43.073+0000] {dag.py:3089} INFO - Sync 1 DAGs
[2026-07-31T11:02:43.228+0000] {logging_mixin.py:188} INFO - [2026-07-31T11:02:43.227+0000] {dag.py:3947} INFO - Setting next_dagrun for example_weekday_branch_operator to 2026-07-30 00:00:00+00:00, run_after=2026-07-31 00:00:00+00:00
[2026-07-31T11:02:43.344+0000] {processor.py:183} INFO - Processing /home/airflow/.local/lib/python3.12/site-packages/airflow/example_dags/example_branch_day_of_week_operator.py took 0.485 seconds
[2026-07-31T11:03:13.724+0000] {processor.py:161} INFO - Started process (PID=1108) to work on /home/airflow/.local/lib/python3.12/site-packages/airflow/example_dags/example_branch_day_of_week_operator.py
[2026-07-31T11:03:13.733+0000] {processor.py:830} INFO - Processing file /home/airflow/.local/lib/python3.12/site-packages/airflow/example_dags/example_branch_day_of_week_operator.py for tasks to queue
[2026-07-31T11:03:13.746+0000] {logging_mixin.py:188} INFO - [2026-07-31T11:03:13.745+0000] {dagbag.py:545} INFO - Filling up the DagBag from /home/airflow/.local/lib/python3.12/site-packages/airflow/example_dags/example_branch_day_of_week_operator.py
[2026-07-31T11:03:13.787+0000] {processor.py:840} INFO - DAG(s) 'example_weekday_branch_operator' retrieved from /home/airflow/.local/lib/python3.12/site-packages/airflow/example_dags/example_branch_day_of_week_operator.py
[2026-07-31T11:03:13.965+0000] {logging_mixin.py:188} INFO - [2026-07-31T11:03:13.963+0000] {dag.py:3089} INFO - Sync 1 DAGs
[2026-07-31T11:03:14.249+0000] {logging_mixin.py:188} INFO - [2026-07-31T11:03:14.248+0000] {dag.py:3947} INFO - Setting next_dagrun for example_weekday_branch_operator to 2026-07-30 00:00:00+00:00, run_after=2026-07-31 00:00:00+00:00
[2026-07-31T11:03:14.398+0000] {processor.py:183} INFO - Processing /home/airflow/.local/lib/python3.12/site-packages/airflow/example_dags/example_branch_day_of_week_operator.py took 0.709 seconds
[2026-07-31T11:03:45.132+0000] {processor.py:161} INFO - Started process (PID=1166) to work on /home/airflow/.local/lib/python3.12/site-packages/airflow/example_dags/example_branch_day_of_week_operator.py
[2026-07-31T11:03:45.139+0000] {processor.py:830} INFO - Processing file /home/airflow/.local/lib/python3.12/site-packages/airflow/example_dags/example_branch_day_of_week_operator.py for tasks to queue
[2026-07-31T11:03:45.148+0000] {logging_mixin.py:188} INFO - [2026-07-31T11:03:45.146+0000] {dagbag.py:545} INFO - Filling up the DagBag from /home/airflow/.local/lib/python3.12/site-packages/airflow/example_dags/example_branch_day_of_week_operator.py
[2026-07-31T11:03:45.184+0000] {processor.py:840} INFO - DAG(s) 'example_weekday_branch_operator' retrieved from /home/airflow/.local/lib/python3.12/site-packages/airflow/example_dags/example_branch_day_of_week_operator.py
[2026-07-31T11:03:45.291+0000] {logging_mixin.py:188} INFO - [2026-07-31T11:03:45.290+0000] {dag.py:3089} INFO - Sync 1 DAGs
[2026-07-31T11:03:45.355+0000] {logging_mixin.py:188} INFO - [2026-07-31T11:03:45.354+0000] {dag.py:3947} INFO - Setting next_dagrun for example_weekday_branch_operator to 2026-07-30 00:00:00+00:00, run_after=2026-07-31 00:00:00+00:00
[2026-07-31T11:03:45.406+0000] {processor.py:183} INFO - Processing /home/airflow/.local/lib/python3.12/site-packages/airflow/example_dags/example_branch_day_of_week_operator.py took 0.296 seconds
[2026-07-31T11:04:25.025+0000] {processor.py:161} INFO - Started process (PID=1234) to work on /home/airflow/.local/lib/python3.12/site-packages/airflow/example_dags/example_branch_day_of_week_operator.py
[2026-07-31T11:04:25.041+0000] {processor.py:830} INFO - Processing file /home/airflow/.local/lib/python3.12/site-packages/airflow/example_dags/example_branch_day_of_week_operator.py for tasks to queue
[2026-07-31T11:04:25.061+0000] {logging_mixin.py:188} INFO - [2026-07-31T11:04:25.059+0000] {dagbag.py:545} INFO - Filling up the DagBag from /home/airflow/.local/lib/python3.12/site-packages/airflow/example_dags/example_branch_day_of_week_operator.py
[2026-07-31T11:04:25.148+0000] {processor.py:840} INFO - DAG(s) 'example_weekday_branch_operator' retrieved from /home/airflow/.local/lib/python3.12/site-packages/airflow/example_dags/example_branch_day_of_week_operator.py
[2026-07-31T11:04:25.311+0000] {logging_mixin.py:188} INFO - [2026-07-31T11:04:25.310+0000] {dag.py:3089} INFO - Sync 1 DAGs
[2026-07-31T11:04:25.597+0000] {logging_mixin.py:188} INFO - [2026-07-31T11:04:25.596+0000] {dag.py:3947} INFO - Setting next_dagrun for example_weekday_branch_operator to 2026-07-30 00:00:00+00:00, run_after=2026-07-31 00:00:00+00:00
[2026-07-31T11:04:25.786+0000] {processor.py:183} INFO - Processing /home/airflow/.local/lib/python3.12/site-packages/airflow/example_dags/example_branch_day_of_week_operator.py took 0.803 seconds
[2026-07-31T11:05:33.297+0000] {processor.py:161} INFO - Started process (PID=1298) to work on /home/airflow/.local/lib/python3.12/site-packages/airflow/example_dags/example_branch_day_of_week_operator.py
[2026-07-31T11:05:33.311+0000] {processor.py:830} INFO - Processing file /home/airflow/.local/lib/python3.12/site-packages/airflow/example_dags/example_branch_day_of_week_operator.py for tasks to queue
[2026-07-31T11:05:33.322+0000] {logging_mixin.py:188} INFO - [2026-07-31T11:05:33.321+0000] {dagbag.py:545} INFO - Filling up the DagBag from /home/airflow/.local/lib/python3.12/site-packages/airflow/example_dags/example_branch_day_of_week_operator.py
[2026-07-31T11:05:33.415+0000] {processor.py:840} INFO - DAG(s) 'example_weekday_branch_operator' retrieved from /home/airflow/.local/lib/python3.12/site-packages/airflow/example_dags/example_branch_day_of_week_operator.py
[2026-07-31T11:05:33.664+0000] {logging_mixin.py:188} INFO - [2026-07-31T11:05:33.663+0000] {dag.py:3089} INFO - Sync 1 DAGs
[2026-07-31T11:05:33.935+0000] {logging_mixin.py:188} INFO - [2026-07-31T11:05:33.934+0000] {dag.py:3947} INFO - Setting next_dagrun for example_weekday_branch_operator to 2026-07-30 00:00:00+00:00, run_after=2026-07-31 00:00:00+00:00
[2026-07-31T11:05:34.264+0000] {processor.py:183} INFO - Processing /home/airflow/.local/lib/python3.12/site-packages/airflow/example_dags/example_branch_day_of_week_operator.py took 1.030 seconds
[2026-07-31T11:06:24.640+0000] {processor.py:161} INFO - Started process (PID=1385) to work on /home/airflow/.local/lib/python3.12/site-packages/airflow/example_dags/example_branch_day_of_week_operator.py
[2026-07-31T11:06:24.645+0000] {processor.py:830} INFO - Processing file /home/airflow/.local/lib/python3.12/site-packages/airflow/example_dags/example_branch_day_of_week_operator.py for tasks to queue
[2026-07-31T11:06:24.653+0000] {logging_mixin.py:188} INFO - [2026-07-31T11:06:24.652+0000] {dagbag.py:545} INFO - Filling up the DagBag from /home/airflow/.local/lib/python3.12/site-packages/airflow/example_dags/example_branch_day_of_week_operator.py
[2026-07-31T11:06:24.702+0000] {processor.py:840} INFO - DAG(s) 'example_weekday_branch_operator' retrieved from /home/airflow/.local/lib/python3.12/site-packages/airflow/example_dags/example_branch_day_of_week_operator.py
[2026-07-31T11:06:24.848+0000] {logging_mixin.py:188} INFO - [2026-07-31T11:06:24.847+0000] {dag.py:3089} INFO - Sync 1 DAGs
[2026-07-31T11:06:24.947+0000] {logging_mixin.py:188} INFO - [2026-07-31T11:06:24.946+0000] {dag.py:3947} INFO - Setting next_dagrun for example_weekday_branch_operator to 2026-07-30 00:00:00+00:00, run_after=2026-07-31 00:00:00+00:00
[2026-07-31T11:06:25.006+0000] {processor.py:183} INFO - Processing /home/airflow/.local/lib/python3.12/site-packages/airflow/example_dags/example_branch_day_of_week_operator.py took 0.407 seconds
[2026-07-31T11:06:55.320+0000] {processor.py:161} INFO - Started process (PID=1444) to work on /home/airflow/.local/lib/python3.12/site-packages/airflow/example_dags/example_branch_day_of_week_operator.py
[2026-07-31T11:06:55.323+0000] {processor.py:830} INFO - Processing file /home/airflow/.local/lib/python3.12/site-packages/airflow/example_dags/example_branch_day_of_week_operator.py for tasks to queue
[2026-07-31T11:06:55.329+0000] {logging_mixin.py:188} INFO - [2026-07-31T11:06:55.328+0000] {dagbag.py:545} INFO - Filling up the DagBag from /home/airflow/.local/lib/python3.12/site-packages/airflow/example_dags/example_branch_day_of_week_operator.py
[2026-07-31T11:06:55.354+0000] {processor.py:840} INFO - DAG(s) 'example_weekday_branch_operator' retrieved from /home/airflow/.local/lib/python3.12/site-packages/airflow/example_dags/example_branch_day_of_week_operator.py
[2026-07-31T11:06:55.415+0000] {logging_mixin.py:188} INFO - [2026-07-31T11:06:55.415+0000] {dag.py:3089} INFO - Sync 1 DAGs
[2026-07-31T11:06:55.488+0000] {logging_mixin.py:188} INFO - [2026-07-31T11:06:55.487+0000] {dag.py:3947} INFO - Setting next_dagrun for example_weekday_branch_operator to 2026-07-30 00:00:00+00:00, run_after=2026-07-31 00:00:00+00:00
[2026-07-31T11:06:55.535+0000] {processor.py:183} INFO - Processing /home/airflow/.local/lib/python3.12/site-packages/airflow/example_dags/example_branch_day_of_week_operator.py took 0.232 seconds
[2026-07-31T11:08:29.404+0000] {processor.py:161} INFO - Started process (PID=1527) to work on /home/airflow/.local/lib/python3.12/site-packages/airflow/example_dags/example_branch_day_of_week_operator.py
[2026-07-31T11:08:29.432+0000] {processor.py:830} INFO - Processing file /home/airflow/.local/lib/python3.12/site-packages/airflow/example_dags/example_branch_day_of_week_operator.py for tasks to queue
[2026-07-31T11:08:29.487+0000] {logging_mixin.py:188} INFO - [2026-07-31T11:08:29.486+0000] {dagbag.py:545} INFO - Filling up the DagBag from /home/airflow/.local/lib/python3.12/site-packages/airflow/example_dags/example_branch_day_of_week_operator.py
[2026-07-31T11:08:30.441+0000] {processor.py:840} INFO - DAG(s) 'example_weekday_branch_operator' retrieved from /home/airflow/.local/lib/python3.12/site-packages/airflow/example_dags/example_branch_day_of_week_operator.py
[2026-07-31T11:08:30.668+0000] {logging_mixin.py:188} INFO - [2026-07-31T11:08:30.660+0000] {dag.py:3089} INFO - Sync 1 DAGs
[2026-07-31T11:08:30.920+0000] {logging_mixin.py:188} INFO - [2026-07-31T11:08:30.919+0000] {dag.py:3947} INFO - Setting next_dagrun for example_weekday_branch_operator to 2026-07-30 00:00:00+00:00, run_after=2026-07-31 00:00:00+00:00
[2026-07-31T11:08:31.179+0000] {processor.py:183} INFO - Processing /home/airflow/.local/lib/python3.12/site-packages/airflow/example_dags/example_branch_day_of_week_operator.py took 1.982 seconds
[2026-07-31T11:10:01.578+0000] {processor.py:161} INFO - Started process (PID=1622) to work on /home/airflow/.local/lib/python3.12/site-packages/airflow/example_dags/example_branch_day_of_week_operator.py
[2026-07-31T11:10:01.590+0000] {processor.py:830} INFO - Processing file /home/airflow/.local/lib/python3.12/site-packages/airflow/example_dags/example_branch_day_of_week_operator.py for tasks to queue
[2026-07-31T11:10:01.604+0000] {logging_mixin.py:188} INFO - [2026-07-31T11:10:01.601+0000] {dagbag.py:545} INFO - Filling up the DagBag from /home/airflow/.local/lib/python3.12/site-packages/airflow/example_dags/example_branch_day_of_week_operator.py
[2026-07-31T11:10:01.662+0000] {processor.py:840} INFO - DAG(s) 'example_weekday_branch_operator' retrieved from /home/airflow/.local/lib/python3.12/site-packages/airflow/example_dags/example_branch_day_of_week_operator.py
[2026-07-31T11:10:01.836+0000] {logging_mixin.py:188} INFO - [2026-07-31T11:10:01.835+0000] {dag.py:3089} INFO - Sync 1 DAGs
[2026-07-31T11:10:02.044+0000] {logging_mixin.py:188} INFO - [2026-07-31T11:10:02.043+0000] {dag.py:3947} INFO - Setting next_dagrun for example_weekday_branch_operator to 2026-07-30 00:00:00+00:00, run_after=2026-07-31 00:00:00+00:00
[2026-07-31T11:10:02.183+0000] {processor.py:183} INFO - Processing /home/airflow/.local/lib/python3.12/site-packages/airflow/example_dags/example_branch_day_of_week_operator.py took 0.641 seconds
[2026-07-31T11:10:45.325+0000] {processor.py:161} INFO - Started process (PID=1679) to work on /home/airflow/.local/lib/python3.12/site-packages/airflow/example_dags/example_branch_day_of_week_operator.py
[2026-07-31T11:10:45.340+0000] {processor.py:830} INFO - Processing file /home/airflow/.local/lib/python3.12/site-packages/airflow/example_dags/example_branch_day_of_week_operator.py for tasks to queue
[2026-07-31T11:10:45.388+0000] {logging_mixin.py:188} INFO - [2026-07-31T11:10:45.376+0000] {dagbag.py:545} INFO - Filling up the DagBag from /home/airflow/.local/lib/python3.12/site-packages/airflow/example_dags/example_branch_day_of_week_operator.py
[2026-07-31T11:10:45.452+0000] {processor.py:840} INFO - DAG(s) 'example_weekday_branch_operator' retrieved from /home/airflow/.local/lib/python3.12/site-packages/airflow/example_dags/example_branch_day_of_week_operator.py
[2026-07-31T11:10:45.596+0000] {logging_mixin.py:188} INFO - [2026-07-31T11:10:45.593+0000] {dag.py:3089} INFO - Sync 1 DAGs
[2026-07-31T11:10:47.129+0000] {logging_mixin.py:188} INFO - [2026-07-31T11:10:47.120+0000] {dag.py:3947} INFO - Setting next_dagrun for example_weekday_branch_operator to 2026-07-30 00:00:00+00:00, run_after=2026-07-31 00:00:00+00:00
[2026-07-31T11:10:47.235+0000] {processor.py:183} INFO - Processing /home/airflow/.local/lib/python3.12/site-packages/airflow/example_dags/example_branch_day_of_week_operator.py took 1.983 seconds
[2026-07-31T11:12:16.342+0000] {processor.py:161} INFO - Started process (PID=1773) to work on /home/airflow/.local/lib/python3.12/site-packages/airflow/example_dags/example_branch_day_of_week_operator.py
[2026-07-31T11:12:16.345+0000] {processor.py:830} INFO - Processing file /home/airflow/.local/lib/python3.12/site-packages/airflow/example_dags/example_branch_day_of_week_operator.py for tasks to queue
[2026-07-31T11:12:16.351+0000] {logging_mixin.py:188} INFO - [2026-07-31T11:12:16.350+0000] {dagbag.py:545} INFO - Filling up the DagBag from /home/airflow/.local/lib/python3.12/site-packages/airflow/example_dags/example_branch_day_of_week_operator.py
[2026-07-31T11:12:16.402+0000] {processor.py:840} INFO - DAG(s) 'example_weekday_branch_operator' retrieved from /home/airflow/.local/lib/python3.12/site-packages/airflow/example_dags/example_branch_day_of_week_operator.py
[2026-07-31T11:12:16.488+0000] {logging_mixin.py:188} INFO - [2026-07-31T11:12:16.487+0000] {dag.py:3089} INFO - Sync 1 DAGs
[2026-07-31T11:12:16.809+0000] {logging_mixin.py:188} INFO - [2026-07-31T11:12:16.808+0000] {dag.py:3947} INFO - Setting next_dagrun for example_weekday_branch_operator to 2026-07-30 00:00:00+00:00, run_after=2026-07-31 00:00:00+00:00
[2026-07-31T11:12:16.934+0000] {processor.py:183} INFO - Processing /home/airflow/.local/lib/python3.12/site-packages/airflow/example_dags/example_branch_day_of_week_operator.py took 0.619 seconds
[2026-07-31T11:12:54.755+0000] {processor.py:161} INFO - Started process (PID=1835) to work on /home/airflow/.local/lib/python3.12/site-packages/airflow/example_dags/example_branch_day_of_week_operator.py
[2026-07-31T11:12:54.771+0000] {processor.py:830} INFO - Processing file /home/airflow/.local/lib/python3.12/site-packages/airflow/example_dags/example_branch_day_of_week_operator.py for tasks to queue
[2026-07-31T11:12:54.788+0000] {logging_mixin.py:188} INFO - [2026-07-31T11:12:54.787+0000] {dagbag.py:545} INFO - Filling up the DagBag from /home/airflow/.local/lib/python3.12/site-packages/airflow/example_dags/example_branch_day_of_week_operator.py
[2026-07-31T11:12:54.914+0000] {processor.py:840} INFO - DAG(s) 'example_weekday_branch_operator' retrieved from /home/airflow/.local/lib/python3.12/site-packages/airflow/example_dags/example_branch_day_of_week_operator.py
[2026-07-31T11:12:55.099+0000] {logging_mixin.py:188} INFO - [2026-07-31T11:12:55.099+0000] {dag.py:3089} INFO - Sync 1 DAGs
[2026-07-31T11:12:55.416+0000] {logging_mixin.py:188} INFO - [2026-07-31T11:12:55.415+0000] {dag.py:3947} INFO - Setting next_dagrun for example_weekday_branch_operator to 2026-07-30 00:00:00+00:00, run_after=2026-07-31 00:00:00+00:00
[2026-07-31T11:12:55.544+0000] {processor.py:183} INFO - Processing /home/airflow/.local/lib/python3.12/site-packages/airflow/example_dags/example_branch_day_of_week_operator.py took 0.830 seconds
[2026-07-31T11:13:26.095+0000] {processor.py:161} INFO - Started process (PID=1895) to work on /home/airflow/.local/lib/python3.12/site-packages/airflow/example_dags/example_branch_day_of_week_operator.py
[2026-07-31T11:13:26.113+0000] {processor.py:830} INFO - Processing file /home/airflow/.local/lib/python3.12/site-packages/airflow/example_dags/example_branch_day_of_week_operator.py for tasks to queue
[2026-07-31T11:13:26.131+0000] {logging_mixin.py:188} INFO - [2026-07-31T11:13:26.130+0000] {dagbag.py:545} INFO - Filling up the DagBag from /home/airflow/.local/lib/python3.12/site-packages/airflow/example_dags/example_branch_day_of_week_operator.py
[2026-07-31T11:13:26.206+0000] {processor.py:840} INFO - DAG(s) 'example_weekday_branch_operator' retrieved from /home/airflow/.local/lib/python3.12/site-packages/airflow/example_dags/example_branch_day_of_week_operator.py
[2026-07-31T11:13:26.473+0000] {logging_mixin.py:188} INFO - [2026-07-31T11:13:26.461+0000] {dag.py:3089} INFO - Sync 1 DAGs
[2026-07-31T11:13:27.245+0000] {logging_mixin.py:188} INFO - [2026-07-31T11:13:27.244+0000] {dag.py:3947} INFO - Setting next_dagrun for example_weekday_branch_operator to 2026-07-30 00:00:00+00:00, run_after=2026-07-31 00:00:00+00:00
[2026-07-31T11:13:27.573+0000] {processor.py:183} INFO - Processing /home/airflow/.local/lib/python3.12/site-packages/airflow/example_dags/example_branch_day_of_week_operator.py took 1.614 seconds
[2026-07-31T11:14:11.625+0000] {processor.py:161} INFO - Started process (PID=1963) to work on /home/airflow/.local/lib/python3.12/site-packages/airflow/example_dags/example_branch_day_of_week_operator.py
[2026-07-31T11:14:11.641+0000] {processor.py:830} INFO - Processing file /home/airflow/.local/lib/python3.12/site-packages/airflow/example_dags/example_branch_day_of_week_operator.py for tasks to queue
[2026-07-31T11:14:11.663+0000] {logging_mixin.py:188} INFO - [2026-07-31T11:14:11.662+0000] {dagbag.py:545} INFO - Filling up the DagBag from /home/airflow/.local/lib/python3.12/site-packages/airflow/example_dags/example_branch_day_of_week_operator.py
[2026-07-31T11:14:11.760+0000] {processor.py:840} INFO - DAG(s) 'example_weekday_branch_operator' retrieved from /home/airflow/.local/lib/python3.12/site-packages/airflow/example_dags/example_branch_day_of_week_operator.py
[2026-07-31T11:14:12.169+0000] {logging_mixin.py:188} INFO - [2026-07-31T11:14:12.162+0000] {dag.py:3089} INFO - Sync 1 DAGs
[2026-07-31T11:14:13.038+0000] {logging_mixin.py:188} INFO - [2026-07-31T11:14:13.033+0000] {dag.py:3947} INFO - Setting next_dagrun for example_weekday_branch_operator to 2026-07-30 00:00:00+00:00, run_after=2026-07-31 00:00:00+00:00
[2026-07-31T11:14:13.709+0000] {processor.py:183} INFO - Processing /home/airflow/.local/lib/python3.12/site-packages/airflow/example_dags/example_branch_day_of_week_operator.py took 2.166 seconds
[2026-07-31T11:14:44.386+0000] {processor.py:161} INFO - Started process (PID=2016) to work on /home/airflow/.local/lib/python3.12/site-packages/airflow/example_dags/example_branch_day_of_week_operator.py
[2026-07-31T11:14:44.390+0000] {processor.py:830} INFO - Processing file /home/airflow/.local/lib/python3.12/site-packages/airflow/example_dags/example_branch_day_of_week_operator.py for tasks to queue
[2026-07-31T11:14:44.397+0000] {logging_mixin.py:188} INFO - [2026-07-31T11:14:44.396+0000] {dagbag.py:545} INFO - Filling up the DagBag from /home/airflow/.local/lib/python3.12/site-packages/airflow/example_dags/example_branch_day_of_week_operator.py
[2026-07-31T11:14:44.424+0000] {processor.py:840} INFO - DAG(s) 'example_weekday_branch_operator' retrieved from /home/airflow/.local/lib/python3.12/site-packages/airflow/example_dags/example_branch_day_of_week_operator.py
[2026-07-31T11:14:44.497+0000] {logging_mixin.py:188} INFO - [2026-07-31T11:14:44.497+0000] {dag.py:3089} INFO - Sync 1 DAGs
[2026-07-31T11:14:44.589+0000] {logging_mixin.py:188} INFO - [2026-07-31T11:14:44.589+0000] {dag.py:3947} INFO - Setting next_dagrun for example_weekday_branch_operator to 2026-07-30 00:00:00+00:00, run_after=2026-07-31 00:00:00+00:00
[2026-07-31T11:14:44.651+0000] {processor.py:183} INFO - Processing /home/airflow/.local/lib/python3.12/site-packages/airflow/example_dags/example_branch_day_of_week_operator.py took 0.289 seconds
[2026-07-31T11:15:16.406+0000] {processor.py:161} INFO - Started process (PID=2074) to work on /home/airflow/.local/lib/python3.12/site-packages/airflow/example_dags/example_branch_day_of_week_operator.py
[2026-07-31T11:15:16.411+0000] {processor.py:830} INFO - Processing file /home/airflow/.local/lib/python3.12/site-packages/airflow/example_dags/example_branch_day_of_week_operator.py for tasks to queue
[2026-07-31T11:15:16.428+0000] {logging_mixin.py:188} INFO - [2026-07-31T11:15:16.427+0000] {dagbag.py:545} INFO - Filling up the DagBag from /home/airflow/.local/lib/python3.12/site-packages/airflow/example_dags/example_branch_day_of_week_operator.py
[2026-07-31T11:15:16.503+0000] {processor.py:840} INFO - DAG(s) 'example_weekday_branch_operator' retrieved from /home/airflow/.local/lib/python3.12/site-packages/airflow/example_dags/example_branch_day_of_week_operator.py
[2026-07-31T11:15:16.627+0000] {logging_mixin.py:188} INFO - [2026-07-31T11:15:16.626+0000] {dag.py:3089} INFO - Sync 1 DAGs
[2026-07-31T11:15:16.790+0000] {logging_mixin.py:188} INFO - [2026-07-31T11:15:16.789+0000] {dag.py:3947} INFO - Setting next_dagrun for example_weekday_branch_operator to 2026-07-30 00:00:00+00:00, run_after=2026-07-31 00:00:00+00:00
[2026-07-31T11:15:16.922+0000] {processor.py:183} INFO - Processing /home/airflow/.local/lib/python3.12/site-packages/airflow/example_dags/example_branch_day_of_week_operator.py took 0.562 seconds
[2026-07-31T11:15:47.040+0000] {processor.py:161} INFO - Started process (PID=2132) to work on /home/airflow/.local/lib/python3.12/site-packages/airflow/example_dags/example_branch_day_of_week_operator.py
[2026-07-31T11:15:47.042+0000] {processor.py:830} INFO - Processing file /home/airflow/.local/lib/python3.12/site-packages/airflow/example_dags/example_branch_day_of_week_operator.py for tasks to queue
[2026-07-31T11:15:47.047+0000] {logging_mixin.py:188} INFO - [2026-07-31T11:15:47.046+0000] {dagbag.py:545} INFO - Filling up the DagBag from /home/airflow/.local/lib/python3.12/site-packages/airflow/example_dags/example_branch_day_of_week_operator.py
[2026-07-31T11:15:47.065+0000] {processor.py:840} INFO - DAG(s) 'example_weekday_branch_operator' retrieved from /home/airflow/.local/lib/python3.12/site-packages/airflow/example_dags/example_branch_day_of_week_operator.py
[2026-07-31T11:15:47.118+0000] {logging_mixin.py:188} INFO - [2026-07-31T11:15:47.118+0000] {dag.py:3089} INFO - Sync 1 DAGs
[2026-07-31T11:15:47.180+0000] {logging_mixin.py:188} INFO - [2026-07-31T11:15:47.180+0000] {dag.py:3947} INFO - Setting next_dagrun for example_weekday_branch_operator to 2026-07-30 00:00:00+00:00, run_after=2026-07-31 00:00:00+00:00
[2026-07-31T11:15:47.226+0000] {processor.py:183} INFO - Processing /home/airflow/.local/lib/python3.12/site-packages/airflow/example_dags/example_branch_day_of_week_operator.py took 0.199 seconds
[2026-07-31T11:16:17.428+0000] {processor.py:161} INFO - Started process (PID=2190) to work on /home/airflow/.local/lib/python3.12/site-packages/airflow/example_dags/example_branch_day_of_week_operator.py
[2026-07-31T11:16:17.430+0000] {processor.py:830} INFO - Processing file /home/airflow/.local/lib/python3.12/site-packages/airflow/example_dags/example_branch_day_of_week_operator.py for tasks to queue
[2026-07-31T11:16:17.435+0000] {logging_mixin.py:188} INFO - [2026-07-31T11:16:17.435+0000] {dagbag.py:545} INFO - Filling up the DagBag from /home/airflow/.local/lib/python3.12/site-packages/airflow/example_dags/example_branch_day_of_week_operator.py
[2026-07-31T11:16:17.455+0000] {processor.py:840} INFO - DAG(s) 'example_weekday_branch_operator' retrieved from /home/airflow/.local/lib/python3.12/site-packages/airflow/example_dags/example_branch_day_of_week_operator.py
[2026-07-31T11:16:17.527+0000] {logging_mixin.py:188} INFO - [2026-07-31T11:16:17.526+0000] {dag.py:3089} INFO - Sync 1 DAGs
[2026-07-31T11:16:17.692+0000] {logging_mixin.py:188} INFO - [2026-07-31T11:16:17.691+0000] {dag.py:3947} INFO - Setting next_dagrun for example_weekday_branch_operator to 2026-07-30 00:00:00+00:00, run_after=2026-07-31 00:00:00+00:00
[2026-07-31T11:16:17.762+0000] {processor.py:183} INFO - Processing /home/airflow/.local/lib/python3.12/site-packages/airflow/example_dags/example_branch_day_of_week_operator.py took 0.351 seconds
[2026-07-31T11:16:48.394+0000] {processor.py:161} INFO - Started process (PID=2247) to work on /home/airflow/.local/lib/python3.12/site-packages/airflow/example_dags/example_branch_day_of_week_operator.py
[2026-07-31T11:16:48.397+0000] {processor.py:830} INFO - Processing file /home/airflow/.local/lib/python3.12/site-packages/airflow/example_dags/example_branch_day_of_week_operator.py for tasks to queue
[2026-07-31T11:16:48.403+0000] {logging_mixin.py:188} INFO - [2026-07-31T11:16:48.402+0000] {dagbag.py:545} INFO - Filling up the DagBag from /home/airflow/.local/lib/python3.12/site-packages/airflow/example_dags/example_branch_day_of_week_operator.py
[2026-07-31T11:16:48.424+0000] {processor.py:840} INFO - DAG(s) 'example_weekday_branch_operator' retrieved from /home/airflow/.local/lib/python3.12/site-packages/airflow/example_dags/example_branch_day_of_week_operator.py
[2026-07-31T11:16:48.471+0000] {logging_mixin.py:188} INFO - [2026-07-31T11:16:48.471+0000] {dag.py:3089} INFO - Sync 1 DAGs
[2026-07-31T11:16:48.539+0000] {logging_mixin.py:188} INFO - [2026-07-31T11:16:48.538+0000] {dag.py:3947} INFO - Setting next_dagrun for example_weekday_branch_operator to 2026-07-30 00:00:00+00:00, run_after=2026-07-31 00:00:00+00:00
[2026-07-31T11:16:48.579+0000] {processor.py:183} INFO - Processing /home/airflow/.local/lib/python3.12/site-packages/airflow/example_dags/example_branch_day_of_week_operator.py took 0.203 seconds
[2026-07-31T11:17:25.996+0000] {processor.py:161} INFO - Started process (PID=2313) to work on /home/airflow/.local/lib/python3.12/site-packages/airflow/example_dags/example_branch_day_of_week_operator.py
[2026-07-31T11:17:26.001+0000] {processor.py:830} INFO - Processing file /home/airflow/.local/lib/python3.12/site-packages/airflow/example_dags/example_branch_day_of_week_operator.py for tasks to queue
[2026-07-31T11:17:26.013+0000] {logging_mixin.py:188} INFO - [2026-07-31T11:17:26.011+0000] {dagbag.py:545} INFO - Filling up the DagBag from /home/airflow/.local/lib/python3.12/site-packages/airflow/example_dags/example_branch_day_of_week_operator.py
[2026-07-31T11:17:26.064+0000] {processor.py:840} INFO - DAG(s) 'example_weekday_branch_operator' retrieved from /home/airflow/.local/lib/python3.12/site-packages/airflow/example_dags/example_branch_day_of_week_operator.py
[2026-07-31T11:17:26.159+0000] {logging_mixin.py:188} INFO - [2026-07-31T11:17:26.157+0000] {dag.py:3089} INFO - Sync 1 DAGs
[2026-07-31T11:17:26.314+0000] {logging_mixin.py:188} INFO - [2026-07-31T11:17:26.313+0000] {dag.py:3947} INFO - Setting next_dagrun for example_weekday_branch_operator to 2026-07-30 00:00:00+00:00, run_after=2026-07-31 00:00:00+00:00
[2026-07-31T11:17:26.446+0000] {processor.py:183} INFO - Processing /home/airflow/.local/lib/python3.12/site-packages/airflow/example_dags/example_branch_day_of_week_operator.py took 0.500 seconds
[2026-07-31T11:18:08.665+0000] {processor.py:161} INFO - Started process (PID=2371) to work on /home/airflow/.local/lib/python3.12/site-packages/airflow/example_dags/example_branch_day_of_week_operator.py
[2026-07-31T11:18:08.669+0000] {processor.py:830} INFO - Processing file /home/airflow/.local/lib/python3.12/site-packages/airflow/example_dags/example_branch_day_of_week_operator.py for tasks to queue
[2026-07-31T11:18:08.675+0000] {logging_mixin.py:188} INFO - [2026-07-31T11:18:08.674+0000] {dagbag.py:545} INFO - Filling up the DagBag from /home/airflow/.local/lib/python3.12/site-packages/airflow/example_dags/example_branch_day_of_week_operator.py
[2026-07-31T11:18:08.716+0000] {processor.py:840} INFO - DAG(s) 'example_weekday_branch_operator' retrieved from /home/airflow/.local/lib/python3.12/site-packages/airflow/example_dags/example_branch_day_of_week_operator.py
[2026-07-31T11:18:08.838+0000] {logging_mixin.py:188} INFO - [2026-07-31T11:18:08.833+0000] {dag.py:3089} INFO - Sync 1 DAGs
[2026-07-31T11:18:08.968+0000] {logging_mixin.py:188} INFO - [2026-07-31T11:18:08.967+0000] {dag.py:3947} INFO - Setting next_dagrun for example_weekday_branch_operator to 2026-07-30 00:00:00+00:00, run_after=2026-07-31 00:00:00+00:00
[2026-07-31T11:18:09.043+0000] {processor.py:183} INFO - Processing /home/airflow/.local/lib/python3.12/site-packages/airflow/example_dags/example_branch_day_of_week_operator.py took 0.398 seconds
[2026-07-31T11:18:39.512+0000] {processor.py:161} INFO - Started process (PID=2429) to work on /home/airflow/.local/lib/python3.12/site-packages/airflow/example_dags/example_branch_day_of_week_operator.py
[2026-07-31T11:18:39.515+0000] {processor.py:830} INFO - Processing file /home/airflow/.local/lib/python3.12/site-packages/airflow/example_dags/example_branch_day_of_week_operator.py for tasks to queue
[2026-07-31T11:18:39.522+0000] {logging_mixin.py:188} INFO - [2026-07-31T11:18:39.521+0000] {dagbag.py:545} INFO - Filling up the DagBag from /home/airflow/.local/lib/python3.12/site-packages/airflow/example_dags/example_branch_day_of_week_operator.py
[2026-07-31T11:18:39.549+0000] {processor.py:840} INFO - DAG(s) 'example_weekday_branch_operator' retrieved from /home/airflow/.local/lib/python3.12/site-packages/airflow/example_dags/example_branch_day_of_week_operator.py
[2026-07-31T11:18:39.629+0000] {logging_mixin.py:188} INFO - [2026-07-31T11:18:39.628+0000] {dag.py:3089} INFO - Sync 1 DAGs
[2026-07-31T11:18:39.709+0000] {logging_mixin.py:188} INFO - [2026-07-31T11:18:39.708+0000] {dag.py:3947} INFO - Setting next_dagrun for example_weekday_branch_operator to 2026-07-30 00:00:00+00:00, run_after=2026-07-31 00:00:00+00:00
[2026-07-31T11:18:39.766+0000] {processor.py:183} INFO - Processing /home/airflow/.local/lib/python3.12/site-packages/airflow/example_dags/example_branch_day_of_week_operator.py took 0.274 seconds
[2026-07-31T11:19:10.338+0000] {processor.py:161} INFO - Started process (PID=2487) to work on /home/airflow/.local/lib/python3.12/site-packages/airflow/example_dags/example_branch_day_of_week_operator.py
[2026-07-31T11:19:10.341+0000] {processor.py:830} INFO - Processing file /home/airflow/.local/lib/python3.12/site-packages/airflow/example_dags/example_branch_day_of_week_operator.py for tasks to queue
[2026-07-31T11:19:10.345+0000] {logging_mixin.py:188} INFO - [2026-07-31T11:19:10.344+0000] {dagbag.py:545} INFO - Filling up the DagBag from /home/airflow/.local/lib/python3.12/site-packages/airflow/example_dags/example_branch_day_of_week_operator.py
[2026-07-31T11:19:10.361+0000] {processor.py:840} INFO - DAG(s) 'example_weekday_branch_operator' retrieved from /home/airflow/.local/lib/python3.12/site-packages/airflow/example_dags/example_branch_day_of_week_operator.py
[2026-07-31T11:19:10.411+0000] {logging_mixin.py:188} INFO - [2026-07-31T11:19:10.411+0000] {dag.py:3089} INFO - Sync 1 DAGs
[2026-07-31T11:19:10.503+0000] {logging_mixin.py:188} INFO - [2026-07-31T11:19:10.502+0000] {dag.py:3947} INFO - Setting next_dagrun for example_weekday_branch_operator to 2026-07-30 00:00:00+00:00, run_after=2026-07-31 00:00:00+00:00
[2026-07-31T11:19:10.558+0000] {processor.py:183} INFO - Processing /home/airflow/.local/lib/python3.12/site-packages/airflow/example_dags/example_branch_day_of_week_operator.py took 0.232 seconds
[2026-07-31T11:19:43.772+0000] {processor.py:161} INFO - Started process (PID=2545) to work on /home/airflow/.local/lib/python3.12/site-packages/airflow/example_dags/example_branch_day_of_week_operator.py
[2026-07-31T11:19:43.779+0000] {processor.py:830} INFO - Processing file /home/airflow/.local/lib/python3.12/site-packages/airflow/example_dags/example_branch_day_of_week_operator.py for tasks to queue
[2026-07-31T11:19:43.789+0000] {logging_mixin.py:188} INFO - [2026-07-31T11:19:43.788+0000] {dagbag.py:545} INFO - Filling up the DagBag from /home/airflow/.local/lib/python3.12/site-packages/airflow/example_dags/example_branch_day_of_week_operator.py
[2026-07-31T11:19:43.842+0000] {processor.py:840} INFO - DAG(s) 'example_weekday_branch_operator' retrieved from /home/airflow/.local/lib/python3.12/site-packages/airflow/example_dags/example_branch_day_of_week_operator.py
[2026-07-31T11:19:43.932+0000] {logging_mixin.py:188} INFO - [2026-07-31T11:19:43.931+0000] {dag.py:3089} INFO - Sync 1 DAGs
[2026-07-31T11:19:44.040+0000] {logging_mixin.py:188} INFO - [2026-07-31T11:19:44.039+0000] {dag.py:3947} INFO - Setting next_dagrun for example_weekday_branch_operator to 2026-07-30 00:00:00+00:00, run_after=2026-07-31 00:00:00+00:00
[2026-07-31T11:19:44.118+0000] {processor.py:183} INFO - Processing /home/airflow/.local/lib/python3.12/site-packages/airflow/example_dags/example_branch_day_of_week_operator.py took 0.372 seconds
[2026-07-31T11:20:33.244+0000] {processor.py:161} INFO - Started process (PID=2617) to work on /home/airflow/.local/lib/python3.12/site-packages/airflow/example_dags/example_branch_day_of_week_operator.py
[2026-07-31T11:20:33.258+0000] {processor.py:830} INFO - Processing file /home/airflow/.local/lib/python3.12/site-packages/airflow/example_dags/example_branch_day_of_week_operator.py for tasks to queue
[2026-07-31T11:20:33.302+0000] {logging_mixin.py:188} INFO - [2026-07-31T11:20:33.301+0000] {dagbag.py:545} INFO - Filling up the DagBag from /home/airflow/.local/lib/python3.12/site-packages/airflow/example_dags/example_branch_day_of_week_operator.py
[2026-07-31T11:20:33.465+0000] {processor.py:840} INFO - DAG(s) 'example_weekday_branch_operator' retrieved from /home/airflow/.local/lib/python3.12/site-packages/airflow/example_dags/example_branch_day_of_week_operator.py
[2026-07-31T11:20:33.901+0000] {logging_mixin.py:188} INFO - [2026-07-31T11:20:33.896+0000] {dag.py:3089} INFO - Sync 1 DAGs
[2026-07-31T11:20:34.469+0000] {logging_mixin.py:188} INFO - [2026-07-31T11:20:34.456+0000] {dag.py:3947} INFO - Setting next_dagrun for example_weekday_branch_operator to 2026-07-30 00:00:00+00:00, run_after=2026-07-31 00:00:00+00:00
[2026-07-31T11:20:34.881+0000] {processor.py:183} INFO - Processing /home/airflow/.local/lib/python3.12/site-packages/airflow/example_dags/example_branch_day_of_week_operator.py took 1.710 seconds
[2026-07-31T11:21:05.044+0000] {processor.py:161} INFO - Started process (PID=2669) to work on /home/airflow/.local/lib/python3.12/site-packages/airflow/example_dags/example_branch_day_of_week_operator.py
[2026-07-31T11:21:05.046+0000] {processor.py:830} INFO - Processing file /home/airflow/.local/lib/python3.12/site-packages/airflow/example_dags/example_branch_day_of_week_operator.py for tasks to queue
[2026-07-31T11:21:05.050+0000] {logging_mixin.py:188} INFO - [2026-07-31T11:21:05.050+0000] {dagbag.py:545} INFO - Filling up the DagBag from /home/airflow/.local/lib/python3.12/site-packages/airflow/example_dags/example_branch_day_of_week_operator.py
[2026-07-31T11:21:05.069+0000] {processor.py:840} INFO - DAG(s) 'example_weekday_branch_operator' retrieved from /home/airflow/.local/lib/python3.12/site-packages/airflow/example_dags/example_branch_day_of_week_operator.py
[2026-07-31T11:21:05.122+0000] {logging_mixin.py:188} INFO - [2026-07-31T11:21:05.121+0000] {dag.py:3089} INFO - Sync 1 DAGs
[2026-07-31T11:21:05.185+0000] {logging_mixin.py:188} INFO - [2026-07-31T11:21:05.184+0000] {dag.py:3947} INFO - Setting next_dagrun for example_weekday_branch_operator to 2026-07-30 00:00:00+00:00, run_after=2026-07-31 00:00:00+00:00
[2026-07-31T11:21:05.248+0000] {processor.py:183} INFO - Processing /home/airflow/.local/lib/python3.12/site-packages/airflow/example_dags/example_branch_day_of_week_operator.py took 0.221 seconds
[2026-07-31T11:21:35.816+0000] {processor.py:161} INFO - Started process (PID=2734) to work on /home/airflow/.local/lib/python3.12/site-packages/airflow/example_dags/example_branch_day_of_week_operator.py
[2026-07-31T11:21:35.819+0000] {processor.py:830} INFO - Processing file /home/airflow/.local/lib/python3.12/site-packages/airflow/example_dags/example_branch_day_of_week_operator.py for tasks to queue
[2026-07-31T11:21:35.825+0000] {logging_mixin.py:188} INFO - [2026-07-31T11:21:35.824+0000] {dagbag.py:545} INFO - Filling up the DagBag from /home/airflow/.local/lib/python3.12/site-packages/airflow/example_dags/example_branch_day_of_week_operator.py
[2026-07-31T11:21:35.847+0000] {processor.py:840} INFO - DAG(s) 'example_weekday_branch_operator' retrieved from /home/airflow/.local/lib/python3.12/site-packages/airflow/example_dags/example_branch_day_of_week_operator.py
[2026-07-31T11:21:35.929+0000] {logging_mixin.py:188} INFO - [2026-07-31T11:21:35.928+0000] {dag.py:3089} INFO - Sync 1 DAGs
[2026-07-31T11:21:35.994+0000] {logging_mixin.py:188} INFO - [2026-07-31T11:21:35.993+0000] {dag.py:3947} INFO - Setting next_dagrun for example_weekday_branch_operator to 2026-07-30 00:00:00+00:00, run_after=2026-07-31 00:00:00+00:00
[2026-07-31T11:21:36.047+0000] {processor.py:183} INFO - Processing /home/airflow/.local/lib/python3.12/site-packages/airflow/example_dags/example_branch_day_of_week_operator.py took 0.246 seconds
[2026-07-31T11:22:06.143+0000] {processor.py:161} INFO - Started process (PID=2792) to work on /home/airflow/.local/lib/python3.12/site-packages/airflow/example_dags/example_branch_day_of_week_operator.py
[2026-07-31T11:22:06.147+0000] {processor.py:830} INFO - Processing file /home/airflow/.local/lib/python3.12/site-packages/airflow/example_dags/example_branch_day_of_week_operator.py for tasks to queue
[2026-07-31T11:22:06.152+0000] {logging_mixin.py:188} INFO - [2026-07-31T11:22:06.151+0000] {dagbag.py:545} INFO - Filling up the DagBag from /home/airflow/.local/lib/python3.12/site-packages/airflow/example_dags/example_branch_day_of_week_operator.py
[2026-07-31T11:22:06.177+0000] {processor.py:840} INFO - DAG(s) 'example_weekday_branch_operator' retrieved from /home/airflow/.local/lib/python3.12/site-packages/airflow/example_dags/example_branch_day_of_week_operator.py
[2026-07-31T11:22:06.238+0000] {logging_mixin.py:188} INFO - [2026-07-31T11:22:06.237+0000] {dag.py:3089} INFO - Sync 1 DAGs
[2026-07-31T11:22:06.307+0000] {logging_mixin.py:188} INFO - [2026-07-31T11:22:06.306+0000] {dag.py:3947} INFO - Setting next_dagrun for example_weekday_branch_operator to 2026-07-30 00:00:00+00:00, run_after=2026-07-31 00:00:00+00:00
[2026-07-31T11:22:06.395+0000] {processor.py:183} INFO - Processing /home/airflow/.local/lib/python3.12/site-packages/airflow/example_dags/example_branch_day_of_week_operator.py took 0.266 seconds
[2026-07-31T11:22:37.709+0000] {processor.py:161} INFO - Started process (PID=2850) to work on /home/airflow/.local/lib/python3.12/site-packages/airflow/example_dags/example_branch_day_of_week_operator.py
[2026-07-31T11:22:37.749+0000] {processor.py:830} INFO - Processing file /home/airflow/.local/lib/python3.12/site-packages/airflow/example_dags/example_branch_day_of_week_operator.py for tasks to queue
[2026-07-31T11:22:37.773+0000] {logging_mixin.py:188} INFO - [2026-07-31T11:22:37.771+0000] {dagbag.py:545} INFO - Filling up the DagBag from /home/airflow/.local/lib/python3.12/site-packages/airflow/example_dags/example_branch_day_of_week_operator.py
[2026-07-31T11:22:37.856+0000] {processor.py:840} INFO - DAG(s) 'example_weekday_branch_operator' retrieved from /home/airflow/.local/lib/python3.12/site-packages/airflow/example_dags/example_branch_day_of_week_operator.py
[2026-07-31T11:22:38.098+0000] {logging_mixin.py:188} INFO - [2026-07-31T11:22:38.097+0000] {dag.py:3089} INFO - Sync 1 DAGs
[2026-07-31T11:22:38.434+0000] {logging_mixin.py:188} INFO - [2026-07-31T11:22:38.433+0000] {dag.py:3947} INFO - Setting next_dagrun for example_weekday_branch_operator to 2026-07-30 00:00:00+00:00, run_after=2026-07-31 00:00:00+00:00
[2026-07-31T11:22:38.618+0000] {processor.py:183} INFO - Processing /home/airflow/.local/lib/python3.12/site-packages/airflow/example_dags/example_branch_day_of_week_operator.py took 0.957 seconds
[2026-07-31T11:24:54.311+0000] {processor.py:161} INFO - Started process (PID=2941) to work on /home/airflow/.local/lib/python3.12/site-packages/airflow/example_dags/example_branch_day_of_week_operator.py
[2026-07-31T11:24:54.333+0000] {processor.py:830} INFO - Processing file /home/airflow/.local/lib/python3.12/site-packages/airflow/example_dags/example_branch_day_of_week_operator.py for tasks to queue
[2026-07-31T11:24:54.362+0000] {logging_mixin.py:188} INFO - [2026-07-31T11:24:54.361+0000] {dagbag.py:545} INFO - Filling up the DagBag from /home/airflow/.local/lib/python3.12/site-packages/airflow/example_dags/example_branch_day_of_week_operator.py
[2026-07-31T11:24:54.489+0000] {processor.py:840} INFO - DAG(s) 'example_weekday_branch_operator' retrieved from /home/airflow/.local/lib/python3.12/site-packages/airflow/example_dags/example_branch_day_of_week_operator.py
[2026-07-31T11:24:54.629+0000] {logging_mixin.py:188} INFO - [2026-07-31T11:24:54.626+0000] {dag.py:3089} INFO - Sync 1 DAGs
[2026-07-31T11:24:55.013+0000] {logging_mixin.py:188} INFO - [2026-07-31T11:24:55.012+0000] {dag.py:3947} INFO - Setting next_dagrun for example_weekday_branch_operator to 2026-07-30 00:00:00+00:00, run_after=2026-07-31 00:00:00+00:00
[2026-07-31T11:24:55.248+0000] {processor.py:183} INFO - Processing /home/airflow/.local/lib/python3.12/site-packages/airflow/example_dags/example_branch_day_of_week_operator.py took 1.004 seconds
[2026-07-31T11:26:03.685+0000] {processor.py:161} INFO - Started process (PID=3025) to work on /home/airflow/.local/lib/python3.12/site-packages/airflow/example_dags/example_branch_day_of_week_operator.py
[2026-07-31T11:26:03.702+0000] {processor.py:830} INFO - Processing file /home/airflow/.local/lib/python3.12/site-packages/airflow/example_dags/example_branch_day_of_week_operator.py for tasks to queue
[2026-07-31T11:26:03.740+0000] {logging_mixin.py:188} INFO - [2026-07-31T11:26:03.728+0000] {dagbag.py:545} INFO - Filling up the DagBag from /home/airflow/.local/lib/python3.12/site-packages/airflow/example_dags/example_branch_day_of_week_operator.py
[2026-07-31T11:26:03.827+0000] {processor.py:840} INFO - DAG(s) 'example_weekday_branch_operator' retrieved from /home/airflow/.local/lib/python3.12/site-packages/airflow/example_dags/example_branch_day_of_week_operator.py
[2026-07-31T11:26:04.032+0000] {logging_mixin.py:188} INFO - [2026-07-31T11:26:04.029+0000] {dag.py:3089} INFO - Sync 1 DAGs
[2026-07-31T11:26:04.183+0000] {logging_mixin.py:188} INFO - [2026-07-31T11:26:04.177+0000] {dag.py:3947} INFO - Setting next_dagrun for example_weekday_branch_operator to 2026-07-30 00:00:00+00:00, run_after=2026-07-31 00:00:00+00:00
[2026-07-31T11:26:04.496+0000] {processor.py:183} INFO - Processing /home/airflow/.local/lib/python3.12/site-packages/airflow/example_dags/example_branch_day_of_week_operator.py took 0.969 seconds
[2026-07-31T11:27:04.681+0000] {processor.py:161} INFO - Started process (PID=3081) to work on /home/airflow/.local/lib/python3.12/site-packages/airflow/example_dags/example_branch_day_of_week_operator.py
[2026-07-31T11:27:04.687+0000] {processor.py:830} INFO - Processing file /home/airflow/.local/lib/python3.12/site-packages/airflow/example_dags/example_branch_day_of_week_operator.py for tasks to queue
[2026-07-31T11:27:04.702+0000] {logging_mixin.py:188} INFO - [2026-07-31T11:27:04.701+0000] {dagbag.py:545} INFO - Filling up the DagBag from /home/airflow/.local/lib/python3.12/site-packages/airflow/example_dags/example_branch_day_of_week_operator.py
[2026-07-31T11:27:04.751+0000] {processor.py:840} INFO - DAG(s) 'example_weekday_branch_operator' retrieved from /home/airflow/.local/lib/python3.12/site-packages/airflow/example_dags/example_branch_day_of_week_operator.py
[2026-07-31T11:27:04.878+0000] {logging_mixin.py:188} INFO - [2026-07-31T11:27:04.877+0000] {dag.py:3089} INFO - Sync 1 DAGs
[2026-07-31T11:27:04.996+0000] {logging_mixin.py:188} INFO - [2026-07-31T11:27:04.995+0000] {dag.py:3947} INFO - Setting next_dagrun for example_weekday_branch_operator to 2026-07-30 00:00:00+00:00, run_after=2026-07-31 00:00:00+00:00
[2026-07-31T11:27:05.073+0000] {processor.py:183} INFO - Processing /home/airflow/.local/lib/python3.12/site-packages/airflow/example_dags/example_branch_day_of_week_operator.py took 0.424 seconds
[2026-07-31T11:27:35.233+0000] {processor.py:161} INFO - Started process (PID=3138) to work on /home/airflow/.local/lib/python3.12/site-packages/airflow/example_dags/example_branch_day_of_week_operator.py
[2026-07-31T11:27:35.237+0000] {processor.py:830} INFO - Processing file /home/airflow/.local/lib/python3.12/site-packages/airflow/example_dags/example_branch_day_of_week_operator.py for tasks to queue
[2026-07-31T11:27:35.246+0000] {logging_mixin.py:188} INFO - [2026-07-31T11:27:35.243+0000] {dagbag.py:545} INFO - Filling up the DagBag from /home/airflow/.local/lib/python3.12/site-packages/airflow/example_dags/example_branch_day_of_week_operator.py
[2026-07-31T11:27:35.289+0000] {processor.py:840} INFO - DAG(s) 'example_weekday_branch_operator' retrieved from /home/airflow/.local/lib/python3.12/site-packages/airflow/example_dags/example_branch_day_of_week_operator.py
[2026-07-31T11:27:35.345+0000] {logging_mixin.py:188} INFO - [2026-07-31T11:27:35.344+0000] {dag.py:3089} INFO - Sync 1 DAGs
[2026-07-31T11:27:35.460+0000] {logging_mixin.py:188} INFO - [2026-07-31T11:27:35.459+0000] {dag.py:3947} INFO - Setting next_dagrun for example_weekday_branch_operator to 2026-07-30 00:00:00+00:00, run_after=2026-07-31 00:00:00+00:00
[2026-07-31T11:27:35.534+0000] {processor.py:183} INFO - Processing /home/airflow/.local/lib/python3.12/site-packages/airflow/example_dags/example_branch_day_of_week_operator.py took 0.376 seconds
[2026-07-31T11:28:06.423+0000] {processor.py:161} INFO - Started process (PID=3197) to work on /home/airflow/.local/lib/python3.12/site-packages/airflow/example_dags/example_branch_day_of_week_operator.py
[2026-07-31T11:28:06.426+0000] {processor.py:830} INFO - Processing file /home/airflow/.local/lib/python3.12/site-packages/airflow/example_dags/example_branch_day_of_week_operator.py for tasks to queue
[2026-07-31T11:28:06.431+0000] {logging_mixin.py:188} INFO - [2026-07-31T11:28:06.430+0000] {dagbag.py:545} INFO - Filling up the DagBag from /home/airflow/.local/lib/python3.12/site-packages/airflow/example_dags/example_branch_day_of_week_operator.py
[2026-07-31T11:28:06.453+0000] {processor.py:840} INFO - DAG(s) 'example_weekday_branch_operator' retrieved from /home/airflow/.local/lib/python3.12/site-packages/airflow/example_dags/example_branch_day_of_week_operator.py
[2026-07-31T11:28:06.510+0000] {logging_mixin.py:188} INFO - [2026-07-31T11:28:06.509+0000] {dag.py:3089} INFO - Sync 1 DAGs
[2026-07-31T11:28:06.601+0000] {logging_mixin.py:188} INFO - [2026-07-31T11:28:06.600+0000] {dag.py:3947} INFO - Setting next_dagrun for example_weekday_branch_operator to 2026-07-30 00:00:00+00:00, run_after=2026-07-31 00:00:00+00:00
[2026-07-31T11:28:06.663+0000] {processor.py:183} INFO - Processing /home/airflow/.local/lib/python3.12/site-packages/airflow/example_dags/example_branch_day_of_week_operator.py took 0.258 seconds
[2026-07-31T11:28:37.081+0000] {processor.py:161} INFO - Started process (PID=3260) to work on /home/airflow/.local/lib/python3.12/site-packages/airflow/example_dags/example_branch_day_of_week_operator.py
[2026-07-31T11:28:37.084+0000] {processor.py:830} INFO - Processing file /home/airflow/.local/lib/python3.12/site-packages/airflow/example_dags/example_branch_day_of_week_operator.py for tasks to queue
[2026-07-31T11:28:37.092+0000] {logging_mixin.py:188} INFO - [2026-07-31T11:28:37.091+0000] {dagbag.py:545} INFO - Filling up the DagBag from /home/airflow/.local/lib/python3.12/site-packages/airflow/example_dags/example_branch_day_of_week_operator.py
[2026-07-31T11:28:37.124+0000] {processor.py:840} INFO - DAG(s) 'example_weekday_branch_operator' retrieved from /home/airflow/.local/lib/python3.12/site-packages/airflow/example_dags/example_branch_day_of_week_operator.py
[2026-07-31T11:28:37.205+0000] {logging_mixin.py:188} INFO - [2026-07-31T11:28:37.204+0000] {dag.py:3089} INFO - Sync 1 DAGs
[2026-07-31T11:28:37.291+0000] {logging_mixin.py:188} INFO - [2026-07-31T11:28:37.290+0000] {dag.py:3947} INFO - Setting next_dagrun for example_weekday_branch_operator to 2026-07-30 00:00:00+00:00, run_after=2026-07-31 00:00:00+00:00
[2026-07-31T11:28:37.362+0000] {processor.py:183} INFO - Processing /home/airflow/.local/lib/python3.12/site-packages/airflow/example_dags/example_branch_day_of_week_operator.py took 0.307 seconds
[2026-07-31T11:29:07.813+0000] {processor.py:161} INFO - Started process (PID=3319) to work on /home/airflow/.local/lib/python3.12/site-packages/airflow/example_dags/example_branch_day_of_week_operator.py
[2026-07-31T11:29:07.817+0000] {processor.py:830} INFO - Processing file /home/airflow/.local/lib/python3.12/site-packages/airflow/example_dags/example_branch_day_of_week_operator.py for tasks to queue
[2026-07-31T11:29:07.831+0000] {logging_mixin.py:188} INFO - [2026-07-31T11:29:07.830+0000] {dagbag.py:545} INFO - Filling up the DagBag from /home/airflow/.local/lib/python3.12/site-packages/airflow/example_dags/example_branch_day_of_week_operator.py
[2026-07-31T11:29:07.873+0000] {processor.py:840} INFO - DAG(s) 'example_weekday_branch_operator' retrieved from /home/airflow/.local/lib/python3.12/site-packages/airflow/example_dags/example_branch_day_of_week_operator.py
[2026-07-31T11:29:07.951+0000] {logging_mixin.py:188} INFO - [2026-07-31T11:29:07.950+0000] {dag.py:3089} INFO - Sync 1 DAGs
[2026-07-31T11:29:08.079+0000] {logging_mixin.py:188} INFO - [2026-07-31T11:29:08.068+0000] {dag.py:3947} INFO - Setting next_dagrun for example_weekday_branch_operator to 2026-07-30 00:00:00+00:00, run_after=2026-07-31 00:00:00+00:00
[2026-07-31T11:29:08.210+0000] {processor.py:183} INFO - Processing /home/airflow/.local/lib/python3.12/site-packages/airflow/example_dags/example_branch_day_of_week_operator.py took 0.423 seconds
[2026-07-31T11:30:13.867+0000] {processor.py:161} INFO - Started process (PID=3395) to work on /home/airflow/.local/lib/python3.12/site-packages/airflow/example_dags/example_branch_day_of_week_operator.py
[2026-07-31T11:30:13.893+0000] {processor.py:830} INFO - Processing file /home/airflow/.local/lib/python3.12/site-packages/airflow/example_dags/example_branch_day_of_week_operator.py for tasks to queue
[2026-07-31T11:30:13.925+0000] {logging_mixin.py:188} INFO - [2026-07-31T11:30:13.918+0000] {dagbag.py:545} INFO - Filling up the DagBag from /home/airflow/.local/lib/python3.12/site-packages/airflow/example_dags/example_branch_day_of_week_operator.py
[2026-07-31T11:30:13.998+0000] {processor.py:840} INFO - DAG(s) 'example_weekday_branch_operator' retrieved from /home/airflow/.local/lib/python3.12/site-packages/airflow/example_dags/example_branch_day_of_week_operator.py
[2026-07-31T11:30:14.329+0000] {logging_mixin.py:188} INFO - [2026-07-31T11:30:14.316+0000] {dag.py:3089} INFO - Sync 1 DAGs
[2026-07-31T11:30:14.615+0000] {logging_mixin.py:188} INFO - [2026-07-31T11:30:14.614+0000] {dag.py:3947} INFO - Setting next_dagrun for example_weekday_branch_operator to 2026-07-30 00:00:00+00:00, run_after=2026-07-31 00:00:00+00:00
[2026-07-31T11:30:14.812+0000] {processor.py:183} INFO - Processing /home/airflow/.local/lib/python3.12/site-packages/airflow/example_dags/example_branch_day_of_week_operator.py took 1.025 seconds
[2026-07-31T11:30:46.138+0000] {processor.py:161} INFO - Started process (PID=3453) to work on /home/airflow/.local/lib/python3.12/site-packages/airflow/example_dags/example_branch_day_of_week_operator.py
[2026-07-31T11:30:46.149+0000] {processor.py:830} INFO - Processing file /home/airflow/.local/lib/python3.12/site-packages/airflow/example_dags/example_branch_day_of_week_operator.py for tasks to queue
[2026-07-31T11:30:46.185+0000] {logging_mixin.py:188} INFO - [2026-07-31T11:30:46.184+0000] {dagbag.py:545} INFO - Filling up the DagBag from /home/airflow/.local/lib/python3.12/site-packages/airflow/example_dags/example_branch_day_of_week_operator.py
[2026-07-31T11:30:46.340+0000] {processor.py:840} INFO - DAG(s) 'example_weekday_branch_operator' retrieved from /home/airflow/.local/lib/python3.12/site-packages/airflow/example_dags/example_branch_day_of_week_operator.py
[2026-07-31T11:30:46.536+0000] {logging_mixin.py:188} INFO - [2026-07-31T11:30:46.533+0000] {dag.py:3089} INFO - Sync 1 DAGs
[2026-07-31T11:30:46.802+0000] {logging_mixin.py:188} INFO - [2026-07-31T11:30:46.801+0000] {dag.py:3947} INFO - Setting next_dagrun for example_weekday_branch_operator to 2026-07-30 00:00:00+00:00, run_after=2026-07-31 00:00:00+00:00
[2026-07-31T11:30:47.053+0000] {processor.py:183} INFO - Processing /home/airflow/.local/lib/python3.12/site-packages/airflow/example_dags/example_branch_day_of_week_operator.py took 0.967 seconds
[2026-07-31T11:31:17.231+0000] {processor.py:161} INFO - Started process (PID=3512) to work on /home/airflow/.local/lib/python3.12/site-packages/airflow/example_dags/example_branch_day_of_week_operator.py
[2026-07-31T11:31:17.235+0000] {processor.py:830} INFO - Processing file /home/airflow/.local/lib/python3.12/site-packages/airflow/example_dags/example_branch_day_of_week_operator.py for tasks to queue
[2026-07-31T11:31:17.241+0000] {logging_mixin.py:188} INFO - [2026-07-31T11:31:17.240+0000] {dagbag.py:545} INFO - Filling up the DagBag from /home/airflow/.local/lib/python3.12/site-packages/airflow/example_dags/example_branch_day_of_week_operator.py
[2026-07-31T11:31:17.263+0000] {processor.py:840} INFO - DAG(s) 'example_weekday_branch_operator' retrieved from /home/airflow/.local/lib/python3.12/site-packages/airflow/example_dags/example_branch_day_of_week_operator.py
[2026-07-31T11:31:17.318+0000] {logging_mixin.py:188} INFO - [2026-07-31T11:31:17.318+0000] {dag.py:3089} INFO - Sync 1 DAGs
[2026-07-31T11:31:17.383+0000] {logging_mixin.py:188} INFO - [2026-07-31T11:31:17.382+0000] {dag.py:3947} INFO - Setting next_dagrun for example_weekday_branch_operator to 2026-07-30 00:00:00+00:00, run_after=2026-07-31 00:00:00+00:00
[2026-07-31T11:31:17.433+0000] {processor.py:183} INFO - Processing /home/airflow/.local/lib/python3.12/site-packages/airflow/example_dags/example_branch_day_of_week_operator.py took 0.217 seconds
[2026-07-31T11:31:47.565+0000] {processor.py:161} INFO - Started process (PID=3569) to work on /home/airflow/.local/lib/python3.12/site-packages/airflow/example_dags/example_branch_day_of_week_operator.py
[2026-07-31T11:31:47.568+0000] {processor.py:830} INFO - Processing file /home/airflow/.local/lib/python3.12/site-packages/airflow/example_dags/example_branch_day_of_week_operator.py for tasks to queue
[2026-07-31T11:31:47.574+0000] {logging_mixin.py:188} INFO - [2026-07-31T11:31:47.573+0000] {dagbag.py:545} INFO - Filling up the DagBag from /home/airflow/.local/lib/python3.12/site-packages/airflow/example_dags/example_branch_day_of_week_operator.py
[2026-07-31T11:31:47.600+0000] {processor.py:840} INFO - DAG(s) 'example_weekday_branch_operator' retrieved from /home/airflow/.local/lib/python3.12/site-packages/airflow/example_dags/example_branch_day_of_week_operator.py
[2026-07-31T11:31:47.655+0000] {logging_mixin.py:188} INFO - [2026-07-31T11:31:47.654+0000] {dag.py:3089} INFO - Sync 1 DAGs
[2026-07-31T11:31:47.710+0000] {logging_mixin.py:188} INFO - [2026-07-31T11:31:47.710+0000] {dag.py:3947} INFO - Setting next_dagrun for example_weekday_branch_operator to 2026-07-30 00:00:00+00:00, run_after=2026-07-31 00:00:00+00:00
[2026-07-31T11:31:47.754+0000] {processor.py:183} INFO - Processing /home/airflow/.local/lib/python3.12/site-packages/airflow/example_dags/example_branch_day_of_week_operator.py took 0.216 seconds
[2026-07-31T11:32:18.026+0000] {processor.py:161} INFO - Started process (PID=3626) to work on /home/airflow/.local/lib/python3.12/site-packages/airflow/example_dags/example_branch_day_of_week_operator.py
[2026-07-31T11:32:18.030+0000] {processor.py:830} INFO - Processing file /home/airflow/.local/lib/python3.12/site-packages/airflow/example_dags/example_branch_day_of_week_operator.py for tasks to queue
[2026-07-31T11:32:18.036+0000] {logging_mixin.py:188} INFO - [2026-07-31T11:32:18.035+0000] {dagbag.py:545} INFO - Filling up the DagBag from /home/airflow/.local/lib/python3.12/site-packages/airflow/example_dags/example_branch_day_of_week_operator.py
[2026-07-31T11:32:18.067+0000] {processor.py:840} INFO - DAG(s) 'example_weekday_branch_operator' retrieved from /home/airflow/.local/lib/python3.12/site-packages/airflow/example_dags/example_branch_day_of_week_operator.py
[2026-07-31T11:32:18.137+0000] {logging_mixin.py:188} INFO - [2026-07-31T11:32:18.136+0000] {dag.py:3089} INFO - Sync 1 DAGs
[2026-07-31T11:32:18.197+0000] {logging_mixin.py:188} INFO - [2026-07-31T11:32:18.196+0000] {dag.py:3947} INFO - Setting next_dagrun for example_weekday_branch_operator to 2026-07-30 00:00:00+00:00, run_after=2026-07-31 00:00:00+00:00
[2026-07-31T11:32:18.252+0000] {processor.py:183} INFO - Processing /home/airflow/.local/lib/python3.12/site-packages/airflow/example_dags/example_branch_day_of_week_operator.py took 0.249 seconds
[2026-07-31T11:33:07.569+0000] {processor.py:161} INFO - Started process (PID=3690) to work on /home/airflow/.local/lib/python3.12/site-packages/airflow/example_dags/example_branch_day_of_week_operator.py
[2026-07-31T11:33:07.592+0000] {processor.py:830} INFO - Processing file /home/airflow/.local/lib/python3.12/site-packages/airflow/example_dags/example_branch_day_of_week_operator.py for tasks to queue
[2026-07-31T11:33:08.065+0000] {logging_mixin.py:188} INFO - [2026-07-31T11:33:08.063+0000] {dagbag.py:545} INFO - Filling up the DagBag from /home/airflow/.local/lib/python3.12/site-packages/airflow/example_dags/example_branch_day_of_week_operator.py
[2026-07-31T11:33:08.137+0000] {processor.py:840} INFO - DAG(s) 'example_weekday_branch_operator' retrieved from /home/airflow/.local/lib/python3.12/site-packages/airflow/example_dags/example_branch_day_of_week_operator.py
[2026-07-31T11:33:08.335+0000] {logging_mixin.py:188} INFO - [2026-07-31T11:33:08.334+0000] {dag.py:3089} INFO - Sync 1 DAGs
[2026-07-31T11:33:08.553+0000] {logging_mixin.py:188} INFO - [2026-07-31T11:33:08.553+0000] {dag.py:3947} INFO - Setting next_dagrun for example_weekday_branch_operator to 2026-07-30 00:00:00+00:00, run_after=2026-07-31 00:00:00+00:00
[2026-07-31T11:33:08.930+0000] {processor.py:183} INFO - Processing /home/airflow/.local/lib/python3.12/site-packages/airflow/example_dags/example_branch_day_of_week_operator.py took 1.038 seconds
[2026-07-31T11:34:38.049+0000] {processor.py:161} INFO - Started process (PID=3771) to work on /home/airflow/.local/lib/python3.12/site-packages/airflow/example_dags/example_branch_day_of_week_operator.py
[2026-07-31T11:34:38.051+0000] {processor.py:830} INFO - Processing file /home/airflow/.local/lib/python3.12/site-packages/airflow/example_dags/example_branch_day_of_week_operator.py for tasks to queue
[2026-07-31T11:34:38.055+0000] {logging_mixin.py:188} INFO - [2026-07-31T11:34:38.054+0000] {dagbag.py:545} INFO - Filling up the DagBag from /home/airflow/.local/lib/python3.12/site-packages/airflow/example_dags/example_branch_day_of_week_operator.py
[2026-07-31T11:34:38.071+0000] {processor.py:840} INFO - DAG(s) 'example_weekday_branch_operator' retrieved from /home/airflow/.local/lib/python3.12/site-packages/airflow/example_dags/example_branch_day_of_week_operator.py
[2026-07-31T11:34:38.122+0000] {logging_mixin.py:188} INFO - [2026-07-31T11:34:38.121+0000] {dag.py:3089} INFO - Sync 1 DAGs
[2026-07-31T11:34:38.200+0000] {logging_mixin.py:188} INFO - [2026-07-31T11:34:38.199+0000] {dag.py:3947} INFO - Setting next_dagrun for example_weekday_branch_operator to 2026-07-30 00:00:00+00:00, run_after=2026-07-31 00:00:00+00:00
[2026-07-31T11:34:38.251+0000] {processor.py:183} INFO - Processing /home/airflow/.local/lib/python3.12/site-packages/airflow/example_dags/example_branch_day_of_week_operator.py took 0.212 seconds
[2026-07-31T11:35:09.096+0000] {processor.py:161} INFO - Started process (PID=3830) to work on /home/airflow/.local/lib/python3.12/site-packages/airflow/example_dags/example_branch_day_of_week_operator.py
[2026-07-31T11:35:09.099+0000] {processor.py:830} INFO - Processing file /home/airflow/.local/lib/python3.12/site-packages/airflow/example_dags/example_branch_day_of_week_operator.py for tasks to queue
[2026-07-31T11:35:09.105+0000] {logging_mixin.py:188} INFO - [2026-07-31T11:35:09.104+0000] {dagbag.py:545} INFO - Filling up the DagBag from /home/airflow/.local/lib/python3.12/site-packages/airflow/example_dags/example_branch_day_of_week_operator.py
[2026-07-31T11:35:09.134+0000] {processor.py:840} INFO - DAG(s) 'example_weekday_branch_operator' retrieved from /home/airflow/.local/lib/python3.12/site-packages/airflow/example_dags/example_branch_day_of_week_operator.py
[2026-07-31T11:35:09.187+0000] {logging_mixin.py:188} INFO - [2026-07-31T11:35:09.186+0000] {dag.py:3089} INFO - Sync 1 DAGs
[2026-07-31T11:35:09.252+0000] {logging_mixin.py:188} INFO - [2026-07-31T11:35:09.251+0000] {dag.py:3947} INFO - Setting next_dagrun for example_weekday_branch_operator to 2026-07-30 00:00:00+00:00, run_after=2026-07-31 00:00:00+00:00
[2026-07-31T11:35:09.299+0000] {processor.py:183} INFO - Processing /home/airflow/.local/lib/python3.12/site-packages/airflow/example_dags/example_branch_day_of_week_operator.py took 0.217 seconds
[2026-07-31T11:35:40.601+0000] {processor.py:161} INFO - Started process (PID=3895) to work on /home/airflow/.local/lib/python3.12/site-packages/airflow/example_dags/example_branch_day_of_week_operator.py
[2026-07-31T11:35:40.605+0000] {processor.py:830} INFO - Processing file /home/airflow/.local/lib/python3.12/site-packages/airflow/example_dags/example_branch_day_of_week_operator.py for tasks to queue
[2026-07-31T11:35:40.611+0000] {logging_mixin.py:188} INFO - [2026-07-31T11:35:40.610+0000] {dagbag.py:545} INFO - Filling up the DagBag from /home/airflow/.local/lib/python3.12/site-packages/airflow/example_dags/example_branch_day_of_week_operator.py
[2026-07-31T11:35:40.631+0000] {processor.py:840} INFO - DAG(s) 'example_weekday_branch_operator' retrieved from /home/airflow/.local/lib/python3.12/site-packages/airflow/example_dags/example_branch_day_of_week_operator.py
[2026-07-31T11:35:40.684+0000] {logging_mixin.py:188} INFO - [2026-07-31T11:35:40.683+0000] {dag.py:3089} INFO - Sync 1 DAGs
[2026-07-31T11:35:40.734+0000] {logging_mixin.py:188} INFO - [2026-07-31T11:35:40.733+0000] {dag.py:3947} INFO - Setting next_dagrun for example_weekday_branch_operator to 2026-07-30 00:00:00+00:00, run_after=2026-07-31 00:00:00+00:00
[2026-07-31T11:35:40.771+0000] {processor.py:183} INFO - Processing /home/airflow/.local/lib/python3.12/site-packages/airflow/example_dags/example_branch_day_of_week_operator.py took 0.201 seconds
[2026-07-31T11:36:11.089+0000] {processor.py:161} INFO - Started process (PID=3953) to work on /home/airflow/.local/lib/python3.12/site-packages/airflow/example_dags/example_branch_day_of_week_operator.py
[2026-07-31T11:36:11.091+0000] {processor.py:830} INFO - Processing file /home/airflow/.local/lib/python3.12/site-packages/airflow/example_dags/example_branch_day_of_week_operator.py for tasks to queue
[2026-07-31T11:36:11.095+0000] {logging_mixin.py:188} INFO - [2026-07-31T11:36:11.094+0000] {dagbag.py:545} INFO - Filling up the DagBag from /home/airflow/.local/lib/python3.12/site-packages/airflow/example_dags/example_branch_day_of_week_operator.py
[2026-07-31T11:36:11.111+0000] {processor.py:840} INFO - DAG(s) 'example_weekday_branch_operator' retrieved from /home/airflow/.local/lib/python3.12/site-packages/airflow/example_dags/example_branch_day_of_week_operator.py
[2026-07-31T11:36:11.151+0000] {logging_mixin.py:188} INFO - [2026-07-31T11:36:11.150+0000] {dag.py:3089} INFO - Sync 1 DAGs
[2026-07-31T11:36:11.196+0000] {logging_mixin.py:188} INFO - [2026-07-31T11:36:11.196+0000] {dag.py:3947} INFO - Setting next_dagrun for example_weekday_branch_operator to 2026-07-30 00:00:00+00:00, run_after=2026-07-31 00:00:00+00:00
[2026-07-31T11:36:11.244+0000] {processor.py:183} INFO - Processing /home/airflow/.local/lib/python3.12/site-packages/airflow/example_dags/example_branch_day_of_week_operator.py took 0.168 seconds
[2026-07-31T11:36:45.185+0000] {processor.py:161} INFO - Started process (PID=4014) to work on /home/airflow/.local/lib/python3.12/site-packages/airflow/example_dags/example_branch_day_of_week_operator.py
[2026-07-31T11:36:45.188+0000] {processor.py:830} INFO - Processing file /home/airflow/.local/lib/python3.12/site-packages/airflow/example_dags/example_branch_day_of_week_operator.py for tasks to queue
[2026-07-31T11:36:45.193+0000] {logging_mixin.py:188} INFO - [2026-07-31T11:36:45.192+0000] {dagbag.py:545} INFO - Filling up the DagBag from /home/airflow/.local/lib/python3.12/site-packages/airflow/example_dags/example_branch_day_of_week_operator.py
[2026-07-31T11:36:45.237+0000] {processor.py:840} INFO - DAG(s) 'example_weekday_branch_operator' retrieved from /home/airflow/.local/lib/python3.12/site-packages/airflow/example_dags/example_branch_day_of_week_operator.py
[2026-07-31T11:36:45.294+0000] {logging_mixin.py:188} INFO - [2026-07-31T11:36:45.293+0000] {dag.py:3089} INFO - Sync 1 DAGs
[2026-07-31T11:36:45.361+0000] {logging_mixin.py:188} INFO - [2026-07-31T11:36:45.360+0000] {dag.py:3947} INFO - Setting next_dagrun for example_weekday_branch_operator to 2026-07-30 00:00:00+00:00, run_after=2026-07-31 00:00:00+00:00
[2026-07-31T11:36:45.444+0000] {processor.py:183} INFO - Processing /home/airflow/.local/lib/python3.12/site-packages/airflow/example_dags/example_branch_day_of_week_operator.py took 0.277 seconds
[2026-07-31T11:37:16.216+0000] {processor.py:161} INFO - Started process (PID=4072) to work on /home/airflow/.local/lib/python3.12/site-packages/airflow/example_dags/example_branch_day_of_week_operator.py
[2026-07-31T11:37:16.218+0000] {processor.py:830} INFO - Processing file /home/airflow/.local/lib/python3.12/site-packages/airflow/example_dags/example_branch_day_of_week_operator.py for tasks to queue
[2026-07-31T11:37:16.222+0000] {logging_mixin.py:188} INFO - [2026-07-31T11:37:16.221+0000] {dagbag.py:545} INFO - Filling up the DagBag from /home/airflow/.local/lib/python3.12/site-packages/airflow/example_dags/example_branch_day_of_week_operator.py
[2026-07-31T11:37:16.236+0000] {processor.py:840} INFO - DAG(s) 'example_weekday_branch_operator' retrieved from /home/airflow/.local/lib/python3.12/site-packages/airflow/example_dags/example_branch_day_of_week_operator.py
[2026-07-31T11:37:16.275+0000] {logging_mixin.py:188} INFO - [2026-07-31T11:37:16.275+0000] {dag.py:3089} INFO - Sync 1 DAGs
[2026-07-31T11:37:16.332+0000] {logging_mixin.py:188} INFO - [2026-07-31T11:37:16.332+0000] {dag.py:3947} INFO - Setting next_dagrun for example_weekday_branch_operator to 2026-07-30 00:00:00+00:00, run_after=2026-07-31 00:00:00+00:00
[2026-07-31T11:37:16.384+0000] {processor.py:183} INFO - Processing /home/airflow/.local/lib/python3.12/site-packages/airflow/example_dags/example_branch_day_of_week_operator.py took 0.182 seconds
[2026-07-31T11:37:47.760+0000] {processor.py:161} INFO - Started process (PID=4131) to work on /home/airflow/.local/lib/python3.12/site-packages/airflow/example_dags/example_branch_day_of_week_operator.py
[2026-07-31T11:37:47.763+0000] {processor.py:830} INFO - Processing file /home/airflow/.local/lib/python3.12/site-packages/airflow/example_dags/example_branch_day_of_week_operator.py for tasks to queue
[2026-07-31T11:37:47.768+0000] {logging_mixin.py:188} INFO - [2026-07-31T11:37:47.767+0000] {dagbag.py:545} INFO - Filling up the DagBag from /home/airflow/.local/lib/python3.12/site-packages/airflow/example_dags/example_branch_day_of_week_operator.py
[2026-07-31T11:37:47.784+0000] {processor.py:840} INFO - DAG(s) 'example_weekday_branch_operator' retrieved from /home/airflow/.local/lib/python3.12/site-packages/airflow/example_dags/example_branch_day_of_week_operator.py
[2026-07-31T11:37:47.826+0000] {logging_mixin.py:188} INFO - [2026-07-31T11:37:47.826+0000] {dag.py:3089} INFO - Sync 1 DAGs
[2026-07-31T11:37:47.888+0000] {logging_mixin.py:188} INFO - [2026-07-31T11:37:47.887+0000] {dag.py:3947} INFO - Setting next_dagrun for example_weekday_branch_operator to 2026-07-30 00:00:00+00:00, run_after=2026-07-31 00:00:00+00:00
[2026-07-31T11:37:47.936+0000] {processor.py:183} INFO - Processing /home/airflow/.local/lib/python3.12/site-packages/airflow/example_dags/example_branch_day_of_week_operator.py took 0.187 seconds
[2026-07-31T11:38:21.088+0000] {processor.py:161} INFO - Started process (PID=4189) to work on /home/airflow/.local/lib/python3.12/site-packages/airflow/example_dags/example_branch_day_of_week_operator.py
[2026-07-31T11:38:21.091+0000] {processor.py:830} INFO - Processing file /home/airflow/.local/lib/python3.12/site-packages/airflow/example_dags/example_branch_day_of_week_operator.py for tasks to queue
[2026-07-31T11:38:21.098+0000] {logging_mixin.py:188} INFO - [2026-07-31T11:38:21.097+0000] {dagbag.py:545} INFO - Filling up the DagBag from /home/airflow/.local/lib/python3.12/site-packages/airflow/example_dags/example_branch_day_of_week_operator.py
[2026-07-31T11:38:21.126+0000] {processor.py:840} INFO - DAG(s) 'example_weekday_branch_operator' retrieved from /home/airflow/.local/lib/python3.12/site-packages/airflow/example_dags/example_branch_day_of_week_operator.py
[2026-07-31T11:38:21.182+0000] {logging_mixin.py:188} INFO - [2026-07-31T11:38:21.181+0000] {dag.py:3089} INFO - Sync 1 DAGs
[2026-07-31T11:38:21.289+0000] {logging_mixin.py:188} INFO - [2026-07-31T11:38:21.287+0000] {dag.py:3947} INFO - Setting next_dagrun for example_weekday_branch_operator to 2026-07-30 00:00:00+00:00, run_after=2026-07-31 00:00:00+00:00
[2026-07-31T11:38:21.362+0000] {processor.py:183} INFO - Processing /home/airflow/.local/lib/python3.12/site-packages/airflow/example_dags/example_branch_day_of_week_operator.py took 0.295 seconds
[2026-07-31T11:38:51.761+0000] {processor.py:161} INFO - Started process (PID=4247) to work on /home/airflow/.local/lib/python3.12/site-packages/airflow/example_dags/example_branch_day_of_week_operator.py
[2026-07-31T11:38:51.765+0000] {processor.py:830} INFO - Processing file /home/airflow/.local/lib/python3.12/site-packages/airflow/example_dags/example_branch_day_of_week_operator.py for tasks to queue
[2026-07-31T11:38:51.771+0000] {logging_mixin.py:188} INFO - [2026-07-31T11:38:51.770+0000] {dagbag.py:545} INFO - Filling up the DagBag from /home/airflow/.local/lib/python3.12/site-packages/airflow/example_dags/example_branch_day_of_week_operator.py
[2026-07-31T11:38:51.797+0000] {processor.py:840} INFO - DAG(s) 'example_weekday_branch_operator' retrieved from /home/airflow/.local/lib/python3.12/site-packages/airflow/example_dags/example_branch_day_of_week_operator.py
[2026-07-31T11:38:51.867+0000] {logging_mixin.py:188} INFO - [2026-07-31T11:38:51.866+0000] {dag.py:3089} INFO - Sync 1 DAGs
[2026-07-31T11:38:51.933+0000] {logging_mixin.py:188} INFO - [2026-07-31T11:38:51.933+0000] {dag.py:3947} INFO - Setting next_dagrun for example_weekday_branch_operator to 2026-07-30 00:00:00+00:00, run_after=2026-07-31 00:00:00+00:00
[2026-07-31T11:38:51.979+0000] {processor.py:183} INFO - Processing /home/airflow/.local/lib/python3.12/site-packages/airflow/example_dags/example_branch_day_of_week_operator.py took 0.242 seconds
[2026-07-31T11:39:22.444+0000] {processor.py:161} INFO - Started process (PID=4303) to work on /home/airflow/.local/lib/python3.12/site-packages/airflow/example_dags/example_branch_day_of_week_operator.py
[2026-07-31T11:39:22.448+0000] {processor.py:830} INFO - Processing file /home/airflow/.local/lib/python3.12/site-packages/airflow/example_dags/example_branch_day_of_week_operator.py for tasks to queue
[2026-07-31T11:39:22.452+0000] {logging_mixin.py:188} INFO - [2026-07-31T11:39:22.451+0000] {dagbag.py:545} INFO - Filling up the DagBag from /home/airflow/.local/lib/python3.12/site-packages/airflow/example_dags/example_branch_day_of_week_operator.py
[2026-07-31T11:39:22.465+0000] {processor.py:840} INFO - DAG(s) 'example_weekday_branch_operator' retrieved from /home/airflow/.local/lib/python3.12/site-packages/airflow/example_dags/example_branch_day_of_week_operator.py
[2026-07-31T11:39:22.508+0000] {logging_mixin.py:188} INFO - [2026-07-31T11:39:22.507+0000] {dag.py:3089} INFO - Sync 1 DAGs
[2026-07-31T11:39:22.579+0000] {logging_mixin.py:188} INFO - [2026-07-31T11:39:22.578+0000] {dag.py:3947} INFO - Setting next_dagrun for example_weekday_branch_operator to 2026-07-30 00:00:00+00:00, run_after=2026-07-31 00:00:00+00:00
[2026-07-31T11:39:22.624+0000] {processor.py:183} INFO - Processing /home/airflow/.local/lib/python3.12/site-packages/airflow/example_dags/example_branch_day_of_week_operator.py took 0.190 seconds
[2026-07-31T11:39:52.774+0000] {processor.py:161} INFO - Started process (PID=4360) to work on /home/airflow/.local/lib/python3.12/site-packages/airflow/example_dags/example_branch_day_of_week_operator.py
[2026-07-31T11:39:52.776+0000] {processor.py:830} INFO - Processing file /home/airflow/.local/lib/python3.12/site-packages/airflow/example_dags/example_branch_day_of_week_operator.py for tasks to queue
[2026-07-31T11:39:52.778+0000] {logging_mixin.py:188} INFO - [2026-07-31T11:39:52.778+0000] {dagbag.py:545} INFO - Filling up the DagBag from /home/airflow/.local/lib/python3.12/site-packages/airflow/example_dags/example_branch_day_of_week_operator.py
[2026-07-31T11:39:52.787+0000] {processor.py:840} INFO - DAG(s) 'example_weekday_branch_operator' retrieved from /home/airflow/.local/lib/python3.12/site-packages/airflow/example_dags/example_branch_day_of_week_operator.py
[2026-07-31T11:39:52.817+0000] {logging_mixin.py:188} INFO - [2026-07-31T11:39:52.817+0000] {dag.py:3089} INFO - Sync 1 DAGs
[2026-07-31T11:39:52.854+0000] {logging_mixin.py:188} INFO - [2026-07-31T11:39:52.854+0000] {dag.py:3947} INFO - Setting next_dagrun for example_weekday_branch_operator to 2026-07-30 00:00:00+00:00, run_after=2026-07-31 00:00:00+00:00
[2026-07-31T11:39:52.888+0000] {processor.py:183} INFO - Processing /home/airflow/.local/lib/python3.12/site-packages/airflow/example_dags/example_branch_day_of_week_operator.py took 0.122 seconds
[2026-07-31T11:40:23.404+0000] {processor.py:161} INFO - Started process (PID=4418) to work on /home/airflow/.local/lib/python3.12/site-packages/airflow/example_dags/example_branch_day_of_week_operator.py
[2026-07-31T11:40:23.408+0000] {processor.py:830} INFO - Processing file /home/airflow/.local/lib/python3.12/site-packages/airflow/example_dags/example_branch_day_of_week_operator.py for tasks to queue
[2026-07-31T11:40:23.415+0000] {logging_mixin.py:188} INFO - [2026-07-31T11:40:23.413+0000] {dagbag.py:545} INFO - Filling up the DagBag from /home/airflow/.local/lib/python3.12/site-packages/airflow/example_dags/example_branch_day_of_week_operator.py
[2026-07-31T11:40:23.448+0000] {processor.py:840} INFO - DAG(s) 'example_weekday_branch_operator' retrieved from /home/airflow/.local/lib/python3.12/site-packages/airflow/example_dags/example_branch_day_of_week_operator.py
[2026-07-31T11:40:23.515+0000] {logging_mixin.py:188} INFO - [2026-07-31T11:40:23.514+0000] {dag.py:3089} INFO - Sync 1 DAGs
[2026-07-31T11:40:23.595+0000] {logging_mixin.py:188} INFO - [2026-07-31T11:40:23.595+0000] {dag.py:3947} INFO - Setting next_dagrun for example_weekday_branch_operator to 2026-07-30 00:00:00+00:00, run_after=2026-07-31 00:00:00+00:00
[2026-07-31T11:40:23.652+0000] {processor.py:183} INFO - Processing /home/airflow/.local/lib/python3.12/site-packages/airflow/example_dags/example_branch_day_of_week_operator.py took 0.264 seconds
[2026-07-31T11:40:53.913+0000] {processor.py:161} INFO - Started process (PID=4476) to work on /home/airflow/.local/lib/python3.12/site-packages/airflow/example_dags/example_branch_day_of_week_operator.py
[2026-07-31T11:40:53.923+0000] {processor.py:830} INFO - Processing file /home/airflow/.local/lib/python3.12/site-packages/airflow/example_dags/example_branch_day_of_week_operator.py for tasks to queue
[2026-07-31T11:40:53.927+0000] {logging_mixin.py:188} INFO - [2026-07-31T11:40:53.927+0000] {dagbag.py:545} INFO - Filling up the DagBag from /home/airflow/.local/lib/python3.12/site-packages/airflow/example_dags/example_branch_day_of_week_operator.py
[2026-07-31T11:40:53.947+0000] {processor.py:840} INFO - DAG(s) 'example_weekday_branch_operator' retrieved from /home/airflow/.local/lib/python3.12/site-packages/airflow/example_dags/example_branch_day_of_week_operator.py
[2026-07-31T11:40:54.012+0000] {logging_mixin.py:188} INFO - [2026-07-31T11:40:54.012+0000] {dag.py:3089} INFO - Sync 1 DAGs
[2026-07-31T11:40:54.060+0000] {logging_mixin.py:188} INFO - [2026-07-31T11:40:54.060+0000] {dag.py:3947} INFO - Setting next_dagrun for example_weekday_branch_operator to 2026-07-30 00:00:00+00:00, run_after=2026-07-31 00:00:00+00:00
[2026-07-31T11:40:54.097+0000] {processor.py:183} INFO - Processing /home/airflow/.local/lib/python3.12/site-packages/airflow/example_dags/example_branch_day_of_week_operator.py took 0.196 seconds
