[2026-07-31T10:53:16.734+0000] {processor.py:161} INFO - Started process (PID=123) to work on /home/airflow/.local/lib/python3.12/site-packages/airflow/example_dags/example_nested_branch_dag.py
[2026-07-31T10:53:16.738+0000] {processor.py:830} INFO - Processing file /home/airflow/.local/lib/python3.12/site-packages/airflow/example_dags/example_nested_branch_dag.py for tasks to queue
[2026-07-31T10:53:16.745+0000] {logging_mixin.py:188} INFO - [2026-07-31T10:53:16.743+0000] {dagbag.py:545} INFO - Filling up the DagBag from /home/airflow/.local/lib/python3.12/site-packages/airflow/example_dags/example_nested_branch_dag.py
[2026-07-31T10:53:16.804+0000] {processor.py:840} INFO - DAG(s) 'example_nested_branch_dag' retrieved from /home/airflow/.local/lib/python3.12/site-packages/airflow/example_dags/example_nested_branch_dag.py
[2026-07-31T10:53:17.375+0000] {logging_mixin.py:188} INFO - [2026-07-31T10:53:17.374+0000] {dag.py:3089} INFO - Sync 1 DAGs
[2026-07-31T10:53:17.575+0000] {logging_mixin.py:188} INFO - [2026-07-31T10:53:17.574+0000] {dag.py:3947} INFO - Setting next_dagrun for example_nested_branch_dag to 2026-07-30 00:00:00+00:00, run_after=2026-07-31 00:00:00+00:00
[2026-07-31T10:53:17.831+0000] {processor.py:183} INFO - Processing /home/airflow/.local/lib/python3.12/site-packages/airflow/example_dags/example_nested_branch_dag.py took 1.118 seconds
[2026-07-31T10:54:26.174+0000] {processor.py:161} INFO - Started process (PID=192) to work on /home/airflow/.local/lib/python3.12/site-packages/airflow/example_dags/example_nested_branch_dag.py
[2026-07-31T10:54:26.178+0000] {processor.py:830} INFO - Processing file /home/airflow/.local/lib/python3.12/site-packages/airflow/example_dags/example_nested_branch_dag.py for tasks to queue
[2026-07-31T10:54:26.218+0000] {logging_mixin.py:188} INFO - [2026-07-31T10:54:26.212+0000] {dagbag.py:545} INFO - Filling up the DagBag from /home/airflow/.local/lib/python3.12/site-packages/airflow/example_dags/example_nested_branch_dag.py
[2026-07-31T10:54:26.392+0000] {processor.py:840} INFO - DAG(s) 'example_nested_branch_dag' retrieved from /home/airflow/.local/lib/python3.12/site-packages/airflow/example_dags/example_nested_branch_dag.py
[2026-07-31T10:54:26.649+0000] {logging_mixin.py:188} INFO - [2026-07-31T10:54:26.649+0000] {dag.py:3089} INFO - Sync 1 DAGs
[2026-07-31T10:54:27.374+0000] {logging_mixin.py:188} INFO - [2026-07-31T10:54:27.373+0000] {dag.py:3947} INFO - Setting next_dagrun for example_nested_branch_dag to 2026-07-30 00:00:00+00:00, run_after=2026-07-31 00:00:00+00:00
[2026-07-31T10:54:28.171+0000] {processor.py:183} INFO - Processing /home/airflow/.local/lib/python3.12/site-packages/airflow/example_dags/example_nested_branch_dag.py took 2.083 seconds
[2026-07-31T10:55:19.200+0000] {processor.py:161} INFO - Started process (PID=246) to work on /home/airflow/.local/lib/python3.12/site-packages/airflow/example_dags/example_nested_branch_dag.py
[2026-07-31T10:55:19.206+0000] {processor.py:830} INFO - Processing file /home/airflow/.local/lib/python3.12/site-packages/airflow/example_dags/example_nested_branch_dag.py for tasks to queue
[2026-07-31T10:55:19.213+0000] {logging_mixin.py:188} INFO - [2026-07-31T10:55:19.212+0000] {dagbag.py:545} INFO - Filling up the DagBag from /home/airflow/.local/lib/python3.12/site-packages/airflow/example_dags/example_nested_branch_dag.py
[2026-07-31T10:55:19.243+0000] {processor.py:840} INFO - DAG(s) 'example_nested_branch_dag' retrieved from /home/airflow/.local/lib/python3.12/site-packages/airflow/example_dags/example_nested_branch_dag.py
[2026-07-31T10:55:19.297+0000] {logging_mixin.py:188} INFO - [2026-07-31T10:55:19.297+0000] {dag.py:3089} INFO - Sync 1 DAGs
[2026-07-31T10:55:19.399+0000] {logging_mixin.py:188} INFO - [2026-07-31T10:55:19.398+0000] {dag.py:3947} INFO - Setting next_dagrun for example_nested_branch_dag to 2026-07-30 00:00:00+00:00, run_after=2026-07-31 00:00:00+00:00
[2026-07-31T10:55:19.514+0000] {processor.py:183} INFO - Processing /home/airflow/.local/lib/python3.12/site-packages/airflow/example_dags/example_nested_branch_dag.py took 0.326 seconds
[2026-07-31T10:55:50.138+0000] {processor.py:161} INFO - Started process (PID=304) to work on /home/airflow/.local/lib/python3.12/site-packages/airflow/example_dags/example_nested_branch_dag.py
[2026-07-31T10:55:50.141+0000] {processor.py:830} INFO - Processing file /home/airflow/.local/lib/python3.12/site-packages/airflow/example_dags/example_nested_branch_dag.py for tasks to queue
[2026-07-31T10:55:50.152+0000] {logging_mixin.py:188} INFO - [2026-07-31T10:55:50.150+0000] {dagbag.py:545} INFO - Filling up the DagBag from /home/airflow/.local/lib/python3.12/site-packages/airflow/example_dags/example_nested_branch_dag.py
[2026-07-31T10:55:50.183+0000] {processor.py:840} INFO - DAG(s) 'example_nested_branch_dag' retrieved from /home/airflow/.local/lib/python3.12/site-packages/airflow/example_dags/example_nested_branch_dag.py
[2026-07-31T10:55:50.238+0000] {logging_mixin.py:188} INFO - [2026-07-31T10:55:50.238+0000] {dag.py:3089} INFO - Sync 1 DAGs
[2026-07-31T10:55:50.303+0000] {logging_mixin.py:188} INFO - [2026-07-31T10:55:50.302+0000] {dag.py:3947} INFO - Setting next_dagrun for example_nested_branch_dag to 2026-07-30 00:00:00+00:00, run_after=2026-07-31 00:00:00+00:00
[2026-07-31T10:55:50.351+0000] {processor.py:183} INFO - Processing /home/airflow/.local/lib/python3.12/site-packages/airflow/example_dags/example_nested_branch_dag.py took 0.230 seconds
[2026-07-31T10:56:20.769+0000] {processor.py:161} INFO - Started process (PID=362) to work on /home/airflow/.local/lib/python3.12/site-packages/airflow/example_dags/example_nested_branch_dag.py
[2026-07-31T10:56:20.773+0000] {processor.py:830} INFO - Processing file /home/airflow/.local/lib/python3.12/site-packages/airflow/example_dags/example_nested_branch_dag.py for tasks to queue
[2026-07-31T10:56:20.779+0000] {logging_mixin.py:188} INFO - [2026-07-31T10:56:20.778+0000] {dagbag.py:545} INFO - Filling up the DagBag from /home/airflow/.local/lib/python3.12/site-packages/airflow/example_dags/example_nested_branch_dag.py
[2026-07-31T10:56:20.839+0000] {processor.py:840} INFO - DAG(s) 'example_nested_branch_dag' retrieved from /home/airflow/.local/lib/python3.12/site-packages/airflow/example_dags/example_nested_branch_dag.py
[2026-07-31T10:56:20.930+0000] {logging_mixin.py:188} INFO - [2026-07-31T10:56:20.930+0000] {dag.py:3089} INFO - Sync 1 DAGs
[2026-07-31T10:56:21.066+0000] {logging_mixin.py:188} INFO - [2026-07-31T10:56:21.064+0000] {dag.py:3947} INFO - Setting next_dagrun for example_nested_branch_dag to 2026-07-30 00:00:00+00:00, run_after=2026-07-31 00:00:00+00:00
[2026-07-31T10:56:21.143+0000] {processor.py:183} INFO - Processing /home/airflow/.local/lib/python3.12/site-packages/airflow/example_dags/example_nested_branch_dag.py took 0.413 seconds
[2026-07-31T10:56:57.901+0000] {processor.py:161} INFO - Started process (PID=420) to work on /home/airflow/.local/lib/python3.12/site-packages/airflow/example_dags/example_nested_branch_dag.py
[2026-07-31T10:56:57.904+0000] {processor.py:830} INFO - Processing file /home/airflow/.local/lib/python3.12/site-packages/airflow/example_dags/example_nested_branch_dag.py for tasks to queue
[2026-07-31T10:56:57.909+0000] {logging_mixin.py:188} INFO - [2026-07-31T10:56:57.908+0000] {dagbag.py:545} INFO - Filling up the DagBag from /home/airflow/.local/lib/python3.12/site-packages/airflow/example_dags/example_nested_branch_dag.py
[2026-07-31T10:56:57.942+0000] {processor.py:840} INFO - DAG(s) 'example_nested_branch_dag' retrieved from /home/airflow/.local/lib/python3.12/site-packages/airflow/example_dags/example_nested_branch_dag.py
[2026-07-31T10:56:58.019+0000] {logging_mixin.py:188} INFO - [2026-07-31T10:56:58.018+0000] {dag.py:3089} INFO - Sync 1 DAGs
[2026-07-31T10:56:58.096+0000] {logging_mixin.py:188} INFO - [2026-07-31T10:56:58.095+0000] {dag.py:3947} INFO - Setting next_dagrun for example_nested_branch_dag to 2026-07-30 00:00:00+00:00, run_after=2026-07-31 00:00:00+00:00
[2026-07-31T10:56:58.159+0000] {processor.py:183} INFO - Processing /home/airflow/.local/lib/python3.12/site-packages/airflow/example_dags/example_nested_branch_dag.py took 0.276 seconds
[2026-07-31T10:57:31.861+0000] {processor.py:161} INFO - Started process (PID=478) to work on /home/airflow/.local/lib/python3.12/site-packages/airflow/example_dags/example_nested_branch_dag.py
[2026-07-31T10:57:31.865+0000] {processor.py:830} INFO - Processing file /home/airflow/.local/lib/python3.12/site-packages/airflow/example_dags/example_nested_branch_dag.py for tasks to queue
[2026-07-31T10:57:31.871+0000] {logging_mixin.py:188} INFO - [2026-07-31T10:57:31.870+0000] {dagbag.py:545} INFO - Filling up the DagBag from /home/airflow/.local/lib/python3.12/site-packages/airflow/example_dags/example_nested_branch_dag.py
[2026-07-31T10:57:31.903+0000] {processor.py:840} INFO - DAG(s) 'example_nested_branch_dag' retrieved from /home/airflow/.local/lib/python3.12/site-packages/airflow/example_dags/example_nested_branch_dag.py
[2026-07-31T10:57:32.032+0000] {logging_mixin.py:188} INFO - [2026-07-31T10:57:32.031+0000] {dag.py:3089} INFO - Sync 1 DAGs
[2026-07-31T10:57:32.134+0000] {logging_mixin.py:188} INFO - [2026-07-31T10:57:32.134+0000] {dag.py:3947} INFO - Setting next_dagrun for example_nested_branch_dag to 2026-07-30 00:00:00+00:00, run_after=2026-07-31 00:00:00+00:00
[2026-07-31T10:57:32.214+0000] {processor.py:183} INFO - Processing /home/airflow/.local/lib/python3.12/site-packages/airflow/example_dags/example_nested_branch_dag.py took 0.368 seconds
[2026-07-31T10:58:03.300+0000] {processor.py:161} INFO - Started process (PID=536) to work on /home/airflow/.local/lib/python3.12/site-packages/airflow/example_dags/example_nested_branch_dag.py
[2026-07-31T10:58:03.303+0000] {processor.py:830} INFO - Processing file /home/airflow/.local/lib/python3.12/site-packages/airflow/example_dags/example_nested_branch_dag.py for tasks to queue
[2026-07-31T10:58:03.316+0000] {logging_mixin.py:188} INFO - [2026-07-31T10:58:03.315+0000] {dagbag.py:545} INFO - Filling up the DagBag from /home/airflow/.local/lib/python3.12/site-packages/airflow/example_dags/example_nested_branch_dag.py
[2026-07-31T10:58:03.351+0000] {processor.py:840} INFO - DAG(s) 'example_nested_branch_dag' retrieved from /home/airflow/.local/lib/python3.12/site-packages/airflow/example_dags/example_nested_branch_dag.py
[2026-07-31T10:58:03.415+0000] {logging_mixin.py:188} INFO - [2026-07-31T10:58:03.414+0000] {dag.py:3089} INFO - Sync 1 DAGs
[2026-07-31T10:58:03.488+0000] {logging_mixin.py:188} INFO - [2026-07-31T10:58:03.487+0000] {dag.py:3947} INFO - Setting next_dagrun for example_nested_branch_dag to 2026-07-30 00:00:00+00:00, run_after=2026-07-31 00:00:00+00:00
[2026-07-31T10:58:03.554+0000] {processor.py:183} INFO - Processing /home/airflow/.local/lib/python3.12/site-packages/airflow/example_dags/example_nested_branch_dag.py took 0.281 seconds
[2026-07-31T10:58:33.662+0000] {processor.py:161} INFO - Started process (PID=593) to work on /home/airflow/.local/lib/python3.12/site-packages/airflow/example_dags/example_nested_branch_dag.py
[2026-07-31T10:58:33.664+0000] {processor.py:830} INFO - Processing file /home/airflow/.local/lib/python3.12/site-packages/airflow/example_dags/example_nested_branch_dag.py for tasks to queue
[2026-07-31T10:58:33.667+0000] {logging_mixin.py:188} INFO - [2026-07-31T10:58:33.667+0000] {dagbag.py:545} INFO - Filling up the DagBag from /home/airflow/.local/lib/python3.12/site-packages/airflow/example_dags/example_nested_branch_dag.py
[2026-07-31T10:58:33.684+0000] {processor.py:840} INFO - DAG(s) 'example_nested_branch_dag' retrieved from /home/airflow/.local/lib/python3.12/site-packages/airflow/example_dags/example_nested_branch_dag.py
[2026-07-31T10:58:33.757+0000] {logging_mixin.py:188} INFO - [2026-07-31T10:58:33.756+0000] {dag.py:3089} INFO - Sync 1 DAGs
[2026-07-31T10:58:33.848+0000] {logging_mixin.py:188} INFO - [2026-07-31T10:58:33.848+0000] {dag.py:3947} INFO - Setting next_dagrun for example_nested_branch_dag to 2026-07-30 00:00:00+00:00, run_after=2026-07-31 00:00:00+00:00
[2026-07-31T10:58:33.882+0000] {processor.py:183} INFO - Processing /home/airflow/.local/lib/python3.12/site-packages/airflow/example_dags/example_nested_branch_dag.py took 0.230 seconds
[2026-07-31T10:59:04.036+0000] {processor.py:161} INFO - Started process (PID=650) to work on /home/airflow/.local/lib/python3.12/site-packages/airflow/example_dags/example_nested_branch_dag.py
[2026-07-31T10:59:04.038+0000] {processor.py:830} INFO - Processing file /home/airflow/.local/lib/python3.12/site-packages/airflow/example_dags/example_nested_branch_dag.py for tasks to queue
[2026-07-31T10:59:04.043+0000] {logging_mixin.py:188} INFO - [2026-07-31T10:59:04.042+0000] {dagbag.py:545} INFO - Filling up the DagBag from /home/airflow/.local/lib/python3.12/site-packages/airflow/example_dags/example_nested_branch_dag.py
[2026-07-31T10:59:04.078+0000] {processor.py:840} INFO - DAG(s) 'example_nested_branch_dag' retrieved from /home/airflow/.local/lib/python3.12/site-packages/airflow/example_dags/example_nested_branch_dag.py
[2026-07-31T10:59:04.141+0000] {logging_mixin.py:188} INFO - [2026-07-31T10:59:04.140+0000] {dag.py:3089} INFO - Sync 1 DAGs
[2026-07-31T10:59:04.231+0000] {logging_mixin.py:188} INFO - [2026-07-31T10:59:04.230+0000] {dag.py:3947} INFO - Setting next_dagrun for example_nested_branch_dag to 2026-07-30 00:00:00+00:00, run_after=2026-07-31 00:00:00+00:00
[2026-07-31T10:59:04.281+0000] {processor.py:183} INFO - Processing /home/airflow/.local/lib/python3.12/site-packages/airflow/example_dags/example_nested_branch_dag.py took 0.267 seconds
[2026-07-31T10:59:34.428+0000] {processor.py:161} INFO - Started process (PID=708) to work on /home/airflow/.local/lib/python3.12/site-packages/airflow/example_dags/example_nested_branch_dag.py
[2026-07-31T10:59:34.430+0000] {processor.py:830} INFO - Processing file /home/airflow/.local/lib/python3.12/site-packages/airflow/example_dags/example_nested_branch_dag.py for tasks to queue
[2026-07-31T10:59:34.433+0000] {logging_mixin.py:188} INFO - [2026-07-31T10:59:34.432+0000] {dagbag.py:545} INFO - Filling up the DagBag from /home/airflow/.local/lib/python3.12/site-packages/airflow/example_dags/example_nested_branch_dag.py
[2026-07-31T10:59:34.462+0000] {processor.py:840} INFO - DAG(s) 'example_nested_branch_dag' retrieved from /home/airflow/.local/lib/python3.12/site-packages/airflow/example_dags/example_nested_branch_dag.py
[2026-07-31T10:59:34.504+0000] {logging_mixin.py:188} INFO - [2026-07-31T10:59:34.504+0000] {dag.py:3089} INFO - Sync 1 DAGs
[2026-07-31T10:59:34.558+0000] {logging_mixin.py:188} INFO - [2026-07-31T10:59:34.558+0000] {dag.py:3947} INFO - Setting next_dagrun for example_nested_branch_dag to 2026-07-30 00:00:00+00:00, run_after=2026-07-31 00:00:00+00:00
[2026-07-31T10:59:34.604+0000] {processor.py:183} INFO - Processing /home/airflow/.local/lib/python3.12/site-packages/airflow/example_dags/example_nested_branch_dag.py took 0.185 seconds
[2026-07-31T11:00:05.185+0000] {processor.py:161} INFO - Started process (PID=766) to work on /home/airflow/.local/lib/python3.12/site-packages/airflow/example_dags/example_nested_branch_dag.py
[2026-07-31T11:00:05.187+0000] {processor.py:830} INFO - Processing file /home/airflow/.local/lib/python3.12/site-packages/airflow/example_dags/example_nested_branch_dag.py for tasks to queue
[2026-07-31T11:00:05.190+0000] {logging_mixin.py:188} INFO - [2026-07-31T11:00:05.189+0000] {dagbag.py:545} INFO - Filling up the DagBag from /home/airflow/.local/lib/python3.12/site-packages/airflow/example_dags/example_nested_branch_dag.py
[2026-07-31T11:00:05.206+0000] {processor.py:840} INFO - DAG(s) 'example_nested_branch_dag' retrieved from /home/airflow/.local/lib/python3.12/site-packages/airflow/example_dags/example_nested_branch_dag.py
[2026-07-31T11:00:05.247+0000] {logging_mixin.py:188} INFO - [2026-07-31T11:00:05.247+0000] {dag.py:3089} INFO - Sync 1 DAGs
[2026-07-31T11:00:05.286+0000] {logging_mixin.py:188} INFO - [2026-07-31T11:00:05.286+0000] {dag.py:3947} INFO - Setting next_dagrun for example_nested_branch_dag to 2026-07-30 00:00:00+00:00, run_after=2026-07-31 00:00:00+00:00
[2026-07-31T11:00:05.321+0000] {processor.py:183} INFO - Processing /home/airflow/.local/lib/python3.12/site-packages/airflow/example_dags/example_nested_branch_dag.py took 0.147 seconds
[2026-07-31T11:00:36.187+0000] {processor.py:161} INFO - Started process (PID=830) to work on /home/airflow/.local/lib/python3.12/site-packages/airflow/example_dags/example_nested_branch_dag.py
[2026-07-31T11:00:36.190+0000] {processor.py:830} INFO - Processing file /home/airflow/.local/lib/python3.12/site-packages/airflow/example_dags/example_nested_branch_dag.py for tasks to queue
[2026-07-31T11:00:36.198+0000] {logging_mixin.py:188} INFO - [2026-07-31T11:00:36.196+0000] {dagbag.py:545} INFO - Filling up the DagBag from /home/airflow/.local/lib/python3.12/site-packages/airflow/example_dags/example_nested_branch_dag.py
[2026-07-31T11:00:36.223+0000] {processor.py:840} INFO - DAG(s) 'example_nested_branch_dag' retrieved from /home/airflow/.local/lib/python3.12/site-packages/airflow/example_dags/example_nested_branch_dag.py
[2026-07-31T11:00:36.279+0000] {logging_mixin.py:188} INFO - [2026-07-31T11:00:36.278+0000] {dag.py:3089} INFO - Sync 1 DAGs
[2026-07-31T11:00:36.350+0000] {logging_mixin.py:188} INFO - [2026-07-31T11:00:36.350+0000] {dag.py:3947} INFO - Setting next_dagrun for example_nested_branch_dag to 2026-07-30 00:00:00+00:00, run_after=2026-07-31 00:00:00+00:00
[2026-07-31T11:00:36.409+0000] {processor.py:183} INFO - Processing /home/airflow/.local/lib/python3.12/site-packages/airflow/example_dags/example_nested_branch_dag.py took 0.238 seconds
[2026-07-31T11:01:07.192+0000] {processor.py:161} INFO - Started process (PID=888) to work on /home/airflow/.local/lib/python3.12/site-packages/airflow/example_dags/example_nested_branch_dag.py
[2026-07-31T11:01:07.193+0000] {processor.py:830} INFO - Processing file /home/airflow/.local/lib/python3.12/site-packages/airflow/example_dags/example_nested_branch_dag.py for tasks to queue
[2026-07-31T11:01:07.196+0000] {logging_mixin.py:188} INFO - [2026-07-31T11:01:07.195+0000] {dagbag.py:545} INFO - Filling up the DagBag from /home/airflow/.local/lib/python3.12/site-packages/airflow/example_dags/example_nested_branch_dag.py
[2026-07-31T11:01:07.209+0000] {processor.py:840} INFO - DAG(s) 'example_nested_branch_dag' retrieved from /home/airflow/.local/lib/python3.12/site-packages/airflow/example_dags/example_nested_branch_dag.py
[2026-07-31T11:01:07.242+0000] {logging_mixin.py:188} INFO - [2026-07-31T11:01:07.242+0000] {dag.py:3089} INFO - Sync 1 DAGs
[2026-07-31T11:01:07.276+0000] {logging_mixin.py:188} INFO - [2026-07-31T11:01:07.276+0000] {dag.py:3947} INFO - Setting next_dagrun for example_nested_branch_dag to 2026-07-30 00:00:00+00:00, run_after=2026-07-31 00:00:00+00:00
[2026-07-31T11:01:07.308+0000] {processor.py:183} INFO - Processing /home/airflow/.local/lib/python3.12/site-packages/airflow/example_dags/example_nested_branch_dag.py took 0.128 seconds
[2026-07-31T11:01:37.619+0000] {processor.py:161} INFO - Started process (PID=946) to work on /home/airflow/.local/lib/python3.12/site-packages/airflow/example_dags/example_nested_branch_dag.py
[2026-07-31T11:01:37.623+0000] {processor.py:830} INFO - Processing file /home/airflow/.local/lib/python3.12/site-packages/airflow/example_dags/example_nested_branch_dag.py for tasks to queue
[2026-07-31T11:01:37.627+0000] {logging_mixin.py:188} INFO - [2026-07-31T11:01:37.627+0000] {dagbag.py:545} INFO - Filling up the DagBag from /home/airflow/.local/lib/python3.12/site-packages/airflow/example_dags/example_nested_branch_dag.py
[2026-07-31T11:01:37.648+0000] {processor.py:840} INFO - DAG(s) 'example_nested_branch_dag' retrieved from /home/airflow/.local/lib/python3.12/site-packages/airflow/example_dags/example_nested_branch_dag.py
[2026-07-31T11:01:37.696+0000] {logging_mixin.py:188} INFO - [2026-07-31T11:01:37.695+0000] {dag.py:3089} INFO - Sync 1 DAGs
[2026-07-31T11:01:37.808+0000] {logging_mixin.py:188} INFO - [2026-07-31T11:01:37.807+0000] {dag.py:3947} INFO - Setting next_dagrun for example_nested_branch_dag to 2026-07-30 00:00:00+00:00, run_after=2026-07-31 00:00:00+00:00
[2026-07-31T11:01:37.898+0000] {processor.py:183} INFO - Processing /home/airflow/.local/lib/python3.12/site-packages/airflow/example_dags/example_nested_branch_dag.py took 0.289 seconds
[2026-07-31T11:02:08.631+0000] {processor.py:161} INFO - Started process (PID=1004) to work on /home/airflow/.local/lib/python3.12/site-packages/airflow/example_dags/example_nested_branch_dag.py
[2026-07-31T11:02:08.634+0000] {processor.py:830} INFO - Processing file /home/airflow/.local/lib/python3.12/site-packages/airflow/example_dags/example_nested_branch_dag.py for tasks to queue
[2026-07-31T11:02:08.638+0000] {logging_mixin.py:188} INFO - [2026-07-31T11:02:08.637+0000] {dagbag.py:545} INFO - Filling up the DagBag from /home/airflow/.local/lib/python3.12/site-packages/airflow/example_dags/example_nested_branch_dag.py
[2026-07-31T11:02:08.666+0000] {processor.py:840} INFO - DAG(s) 'example_nested_branch_dag' retrieved from /home/airflow/.local/lib/python3.12/site-packages/airflow/example_dags/example_nested_branch_dag.py
[2026-07-31T11:02:08.716+0000] {logging_mixin.py:188} INFO - [2026-07-31T11:02:08.715+0000] {dag.py:3089} INFO - Sync 1 DAGs
[2026-07-31T11:02:08.763+0000] {logging_mixin.py:188} INFO - [2026-07-31T11:02:08.763+0000] {dag.py:3947} INFO - Setting next_dagrun for example_nested_branch_dag to 2026-07-30 00:00:00+00:00, run_after=2026-07-31 00:00:00+00:00
[2026-07-31T11:02:08.809+0000] {processor.py:183} INFO - Processing /home/airflow/.local/lib/python3.12/site-packages/airflow/example_dags/example_nested_branch_dag.py took 0.195 seconds
[2026-07-31T11:02:48.377+0000] {processor.py:161} INFO - Started process (PID=1062) to work on /home/airflow/.local/lib/python3.12/site-packages/airflow/example_dags/example_nested_branch_dag.py
[2026-07-31T11:02:48.381+0000] {processor.py:830} INFO - Processing file /home/airflow/.local/lib/python3.12/site-packages/airflow/example_dags/example_nested_branch_dag.py for tasks to queue
[2026-07-31T11:02:48.405+0000] {logging_mixin.py:188} INFO - [2026-07-31T11:02:48.403+0000] {dagbag.py:545} INFO - Filling up the DagBag from /home/airflow/.local/lib/python3.12/site-packages/airflow/example_dags/example_nested_branch_dag.py
[2026-07-31T11:02:48.480+0000] {processor.py:840} INFO - DAG(s) 'example_nested_branch_dag' retrieved from /home/airflow/.local/lib/python3.12/site-packages/airflow/example_dags/example_nested_branch_dag.py
[2026-07-31T11:02:48.615+0000] {logging_mixin.py:188} INFO - [2026-07-31T11:02:48.613+0000] {dag.py:3089} INFO - Sync 1 DAGs
[2026-07-31T11:02:48.822+0000] {logging_mixin.py:188} INFO - [2026-07-31T11:02:48.822+0000] {dag.py:3947} INFO - Setting next_dagrun for example_nested_branch_dag to 2026-07-30 00:00:00+00:00, run_after=2026-07-31 00:00:00+00:00
[2026-07-31T11:02:48.991+0000] {processor.py:183} INFO - Processing /home/airflow/.local/lib/python3.12/site-packages/airflow/example_dags/example_nested_branch_dag.py took 0.679 seconds
[2026-07-31T11:03:19.279+0000] {processor.py:161} INFO - Started process (PID=1119) to work on /home/airflow/.local/lib/python3.12/site-packages/airflow/example_dags/example_nested_branch_dag.py
[2026-07-31T11:03:19.284+0000] {processor.py:830} INFO - Processing file /home/airflow/.local/lib/python3.12/site-packages/airflow/example_dags/example_nested_branch_dag.py for tasks to queue
[2026-07-31T11:03:19.290+0000] {logging_mixin.py:188} INFO - [2026-07-31T11:03:19.289+0000] {dagbag.py:545} INFO - Filling up the DagBag from /home/airflow/.local/lib/python3.12/site-packages/airflow/example_dags/example_nested_branch_dag.py
[2026-07-31T11:03:19.334+0000] {processor.py:840} INFO - DAG(s) 'example_nested_branch_dag' retrieved from /home/airflow/.local/lib/python3.12/site-packages/airflow/example_dags/example_nested_branch_dag.py
[2026-07-31T11:03:19.424+0000] {logging_mixin.py:188} INFO - [2026-07-31T11:03:19.422+0000] {dag.py:3089} INFO - Sync 1 DAGs
[2026-07-31T11:03:19.570+0000] {logging_mixin.py:188} INFO - [2026-07-31T11:03:19.565+0000] {dag.py:3947} INFO - Setting next_dagrun for example_nested_branch_dag to 2026-07-30 00:00:00+00:00, run_after=2026-07-31 00:00:00+00:00
[2026-07-31T11:03:19.671+0000] {processor.py:183} INFO - Processing /home/airflow/.local/lib/python3.12/site-packages/airflow/example_dags/example_nested_branch_dag.py took 0.410 seconds
[2026-07-31T11:03:49.951+0000] {processor.py:161} INFO - Started process (PID=1177) to work on /home/airflow/.local/lib/python3.12/site-packages/airflow/example_dags/example_nested_branch_dag.py
[2026-07-31T11:03:49.955+0000] {processor.py:830} INFO - Processing file /home/airflow/.local/lib/python3.12/site-packages/airflow/example_dags/example_nested_branch_dag.py for tasks to queue
[2026-07-31T11:03:49.961+0000] {logging_mixin.py:188} INFO - [2026-07-31T11:03:49.960+0000] {dagbag.py:545} INFO - Filling up the DagBag from /home/airflow/.local/lib/python3.12/site-packages/airflow/example_dags/example_nested_branch_dag.py
[2026-07-31T11:03:49.999+0000] {processor.py:840} INFO - DAG(s) 'example_nested_branch_dag' retrieved from /home/airflow/.local/lib/python3.12/site-packages/airflow/example_dags/example_nested_branch_dag.py
[2026-07-31T11:03:50.084+0000] {logging_mixin.py:188} INFO - [2026-07-31T11:03:50.083+0000] {dag.py:3089} INFO - Sync 1 DAGs
[2026-07-31T11:03:50.200+0000] {logging_mixin.py:188} INFO - [2026-07-31T11:03:50.199+0000] {dag.py:3947} INFO - Setting next_dagrun for example_nested_branch_dag to 2026-07-30 00:00:00+00:00, run_after=2026-07-31 00:00:00+00:00
[2026-07-31T11:03:50.308+0000] {processor.py:183} INFO - Processing /home/airflow/.local/lib/python3.12/site-packages/airflow/example_dags/example_nested_branch_dag.py took 0.382 seconds
[2026-07-31T11:04:24.367+0000] {processor.py:161} INFO - Started process (PID=1232) to work on /home/airflow/.local/lib/python3.12/site-packages/airflow/example_dags/example_nested_branch_dag.py
[2026-07-31T11:04:24.371+0000] {processor.py:830} INFO - Processing file /home/airflow/.local/lib/python3.12/site-packages/airflow/example_dags/example_nested_branch_dag.py for tasks to queue
[2026-07-31T11:04:24.378+0000] {logging_mixin.py:188} INFO - [2026-07-31T11:04:24.377+0000] {dagbag.py:545} INFO - Filling up the DagBag from /home/airflow/.local/lib/python3.12/site-packages/airflow/example_dags/example_nested_branch_dag.py
[2026-07-31T11:04:24.420+0000] {processor.py:840} INFO - DAG(s) 'example_nested_branch_dag' retrieved from /home/airflow/.local/lib/python3.12/site-packages/airflow/example_dags/example_nested_branch_dag.py
[2026-07-31T11:04:24.572+0000] {logging_mixin.py:188} INFO - [2026-07-31T11:04:24.571+0000] {dag.py:3089} INFO - Sync 1 DAGs
[2026-07-31T11:04:24.741+0000] {logging_mixin.py:188} INFO - [2026-07-31T11:04:24.740+0000] {dag.py:3947} INFO - Setting next_dagrun for example_nested_branch_dag to 2026-07-30 00:00:00+00:00, run_after=2026-07-31 00:00:00+00:00
[2026-07-31T11:04:24.842+0000] {processor.py:183} INFO - Processing /home/airflow/.local/lib/python3.12/site-packages/airflow/example_dags/example_nested_branch_dag.py took 0.506 seconds
[2026-07-31T11:05:32.396+0000] {processor.py:161} INFO - Started process (PID=1296) to work on /home/airflow/.local/lib/python3.12/site-packages/airflow/example_dags/example_nested_branch_dag.py
[2026-07-31T11:05:32.400+0000] {processor.py:830} INFO - Processing file /home/airflow/.local/lib/python3.12/site-packages/airflow/example_dags/example_nested_branch_dag.py for tasks to queue
[2026-07-31T11:05:32.416+0000] {logging_mixin.py:188} INFO - [2026-07-31T11:05:32.414+0000] {dagbag.py:545} INFO - Filling up the DagBag from /home/airflow/.local/lib/python3.12/site-packages/airflow/example_dags/example_nested_branch_dag.py
[2026-07-31T11:05:32.480+0000] {processor.py:840} INFO - DAG(s) 'example_nested_branch_dag' retrieved from /home/airflow/.local/lib/python3.12/site-packages/airflow/example_dags/example_nested_branch_dag.py
[2026-07-31T11:05:32.607+0000] {logging_mixin.py:188} INFO - [2026-07-31T11:05:32.606+0000] {dag.py:3089} INFO - Sync 1 DAGs
[2026-07-31T11:05:32.774+0000] {logging_mixin.py:188} INFO - [2026-07-31T11:05:32.773+0000] {dag.py:3947} INFO - Setting next_dagrun for example_nested_branch_dag to 2026-07-30 00:00:00+00:00, run_after=2026-07-31 00:00:00+00:00
[2026-07-31T11:05:32.931+0000] {processor.py:183} INFO - Processing /home/airflow/.local/lib/python3.12/site-packages/airflow/example_dags/example_nested_branch_dag.py took 0.566 seconds
[2026-07-31T11:06:18.920+0000] {processor.py:161} INFO - Started process (PID=1369) to work on /home/airflow/.local/lib/python3.12/site-packages/airflow/example_dags/example_nested_branch_dag.py
[2026-07-31T11:06:18.938+0000] {processor.py:830} INFO - Processing file /home/airflow/.local/lib/python3.12/site-packages/airflow/example_dags/example_nested_branch_dag.py for tasks to queue
[2026-07-31T11:06:18.962+0000] {logging_mixin.py:188} INFO - [2026-07-31T11:06:18.958+0000] {dagbag.py:545} INFO - Filling up the DagBag from /home/airflow/.local/lib/python3.12/site-packages/airflow/example_dags/example_nested_branch_dag.py
[2026-07-31T11:06:19.063+0000] {processor.py:840} INFO - DAG(s) 'example_nested_branch_dag' retrieved from /home/airflow/.local/lib/python3.12/site-packages/airflow/example_dags/example_nested_branch_dag.py
[2026-07-31T11:06:19.340+0000] {logging_mixin.py:188} INFO - [2026-07-31T11:06:19.337+0000] {dag.py:3089} INFO - Sync 1 DAGs
[2026-07-31T11:06:19.550+0000] {logging_mixin.py:188} INFO - [2026-07-31T11:06:19.539+0000] {dag.py:3947} INFO - Setting next_dagrun for example_nested_branch_dag to 2026-07-30 00:00:00+00:00, run_after=2026-07-31 00:00:00+00:00
[2026-07-31T11:06:19.717+0000] {processor.py:183} INFO - Processing /home/airflow/.local/lib/python3.12/site-packages/airflow/example_dags/example_nested_branch_dag.py took 0.847 seconds
[2026-07-31T11:06:53.080+0000] {processor.py:161} INFO - Started process (PID=1434) to work on /home/airflow/.local/lib/python3.12/site-packages/airflow/example_dags/example_nested_branch_dag.py
[2026-07-31T11:06:53.085+0000] {processor.py:830} INFO - Processing file /home/airflow/.local/lib/python3.12/site-packages/airflow/example_dags/example_nested_branch_dag.py for tasks to queue
[2026-07-31T11:06:53.093+0000] {logging_mixin.py:188} INFO - [2026-07-31T11:06:53.092+0000] {dagbag.py:545} INFO - Filling up the DagBag from /home/airflow/.local/lib/python3.12/site-packages/airflow/example_dags/example_nested_branch_dag.py
[2026-07-31T11:06:53.136+0000] {processor.py:840} INFO - DAG(s) 'example_nested_branch_dag' retrieved from /home/airflow/.local/lib/python3.12/site-packages/airflow/example_dags/example_nested_branch_dag.py
[2026-07-31T11:06:53.210+0000] {logging_mixin.py:188} INFO - [2026-07-31T11:06:53.209+0000] {dag.py:3089} INFO - Sync 1 DAGs
[2026-07-31T11:06:53.304+0000] {logging_mixin.py:188} INFO - [2026-07-31T11:06:53.303+0000] {dag.py:3947} INFO - Setting next_dagrun for example_nested_branch_dag to 2026-07-30 00:00:00+00:00, run_after=2026-07-31 00:00:00+00:00
[2026-07-31T11:06:53.375+0000] {processor.py:183} INFO - Processing /home/airflow/.local/lib/python3.12/site-packages/airflow/example_dags/example_nested_branch_dag.py took 0.314 seconds
[2026-07-31T11:08:15.723+0000] {processor.py:161} INFO - Started process (PID=1506) to work on /home/airflow/.local/lib/python3.12/site-packages/airflow/example_dags/example_nested_branch_dag.py
[2026-07-31T11:08:15.729+0000] {processor.py:830} INFO - Processing file /home/airflow/.local/lib/python3.12/site-packages/airflow/example_dags/example_nested_branch_dag.py for tasks to queue
[2026-07-31T11:08:15.761+0000] {logging_mixin.py:188} INFO - [2026-07-31T11:08:15.751+0000] {dagbag.py:545} INFO - Filling up the DagBag from /home/airflow/.local/lib/python3.12/site-packages/airflow/example_dags/example_nested_branch_dag.py
[2026-07-31T11:08:15.898+0000] {processor.py:840} INFO - DAG(s) 'example_nested_branch_dag' retrieved from /home/airflow/.local/lib/python3.12/site-packages/airflow/example_dags/example_nested_branch_dag.py
[2026-07-31T11:08:16.063+0000] {logging_mixin.py:188} INFO - [2026-07-31T11:08:16.060+0000] {dag.py:3089} INFO - Sync 1 DAGs
[2026-07-31T11:08:16.220+0000] {logging_mixin.py:188} INFO - [2026-07-31T11:08:16.219+0000] {dag.py:3947} INFO - Setting next_dagrun for example_nested_branch_dag to 2026-07-30 00:00:00+00:00, run_after=2026-07-31 00:00:00+00:00
[2026-07-31T11:08:16.335+0000] {processor.py:183} INFO - Processing /home/airflow/.local/lib/python3.12/site-packages/airflow/example_dags/example_nested_branch_dag.py took 0.654 seconds
[2026-07-31T11:08:51.635+0000] {processor.py:161} INFO - Started process (PID=1566) to work on /home/airflow/.local/lib/python3.12/site-packages/airflow/example_dags/example_nested_branch_dag.py
[2026-07-31T11:08:51.658+0000] {processor.py:830} INFO - Processing file /home/airflow/.local/lib/python3.12/site-packages/airflow/example_dags/example_nested_branch_dag.py for tasks to queue
[2026-07-31T11:08:51.692+0000] {logging_mixin.py:188} INFO - [2026-07-31T11:08:51.681+0000] {dagbag.py:545} INFO - Filling up the DagBag from /home/airflow/.local/lib/python3.12/site-packages/airflow/example_dags/example_nested_branch_dag.py
[2026-07-31T11:08:51.901+0000] {processor.py:840} INFO - DAG(s) 'example_nested_branch_dag' retrieved from /home/airflow/.local/lib/python3.12/site-packages/airflow/example_dags/example_nested_branch_dag.py
[2026-07-31T11:08:52.083+0000] {logging_mixin.py:188} INFO - [2026-07-31T11:08:52.082+0000] {dag.py:3089} INFO - Sync 1 DAGs
[2026-07-31T11:08:52.308+0000] {logging_mixin.py:188} INFO - [2026-07-31T11:08:52.307+0000] {dag.py:3947} INFO - Setting next_dagrun for example_nested_branch_dag to 2026-07-30 00:00:00+00:00, run_after=2026-07-31 00:00:00+00:00
[2026-07-31T11:08:52.466+0000] {processor.py:183} INFO - Processing /home/airflow/.local/lib/python3.12/site-packages/airflow/example_dags/example_nested_branch_dag.py took 0.869 seconds
[2026-07-31T11:10:07.859+0000] {processor.py:161} INFO - Started process (PID=1633) to work on /home/airflow/.local/lib/python3.12/site-packages/airflow/example_dags/example_nested_branch_dag.py
[2026-07-31T11:10:07.886+0000] {processor.py:830} INFO - Processing file /home/airflow/.local/lib/python3.12/site-packages/airflow/example_dags/example_nested_branch_dag.py for tasks to queue
[2026-07-31T11:10:07.934+0000] {logging_mixin.py:188} INFO - [2026-07-31T11:10:07.933+0000] {dagbag.py:545} INFO - Filling up the DagBag from /home/airflow/.local/lib/python3.12/site-packages/airflow/example_dags/example_nested_branch_dag.py
[2026-07-31T11:10:08.071+0000] {processor.py:840} INFO - DAG(s) 'example_nested_branch_dag' retrieved from /home/airflow/.local/lib/python3.12/site-packages/airflow/example_dags/example_nested_branch_dag.py
[2026-07-31T11:10:08.384+0000] {logging_mixin.py:188} INFO - [2026-07-31T11:10:08.382+0000] {dag.py:3089} INFO - Sync 1 DAGs
[2026-07-31T11:10:08.624+0000] {logging_mixin.py:188} INFO - [2026-07-31T11:10:08.624+0000] {dag.py:3947} INFO - Setting next_dagrun for example_nested_branch_dag to 2026-07-30 00:00:00+00:00, run_after=2026-07-31 00:00:00+00:00
[2026-07-31T11:10:08.828+0000] {processor.py:183} INFO - Processing /home/airflow/.local/lib/python3.12/site-packages/airflow/example_dags/example_nested_branch_dag.py took 1.094 seconds
[2026-07-31T11:10:56.195+0000] {processor.py:161} INFO - Started process (PID=1690) to work on /home/airflow/.local/lib/python3.12/site-packages/airflow/example_dags/example_nested_branch_dag.py
[2026-07-31T11:10:56.209+0000] {processor.py:830} INFO - Processing file /home/airflow/.local/lib/python3.12/site-packages/airflow/example_dags/example_nested_branch_dag.py for tasks to queue
[2026-07-31T11:10:56.233+0000] {logging_mixin.py:188} INFO - [2026-07-31T11:10:56.231+0000] {dagbag.py:545} INFO - Filling up the DagBag from /home/airflow/.local/lib/python3.12/site-packages/airflow/example_dags/example_nested_branch_dag.py
[2026-07-31T11:10:56.249+0000] {processor.py:840} INFO - DAG(s) 'example_nested_branch_dag' retrieved from /home/airflow/.local/lib/python3.12/site-packages/airflow/example_dags/example_nested_branch_dag.py
[2026-07-31T11:10:56.444+0000] {logging_mixin.py:188} INFO - [2026-07-31T11:10:56.433+0000] {dag.py:3089} INFO - Sync 1 DAGs
[2026-07-31T11:10:56.803+0000] {logging_mixin.py:188} INFO - [2026-07-31T11:10:56.802+0000] {dag.py:3947} INFO - Setting next_dagrun for example_nested_branch_dag to 2026-07-30 00:00:00+00:00, run_after=2026-07-31 00:00:00+00:00
[2026-07-31T11:10:56.989+0000] {processor.py:183} INFO - Processing /home/airflow/.local/lib/python3.12/site-packages/airflow/example_dags/example_nested_branch_dag.py took 0.941 seconds
[2026-07-31T11:12:06.187+0000] {processor.py:161} INFO - Started process (PID=1756) to work on /home/airflow/.local/lib/python3.12/site-packages/airflow/example_dags/example_nested_branch_dag.py
[2026-07-31T11:12:06.195+0000] {processor.py:830} INFO - Processing file /home/airflow/.local/lib/python3.12/site-packages/airflow/example_dags/example_nested_branch_dag.py for tasks to queue
[2026-07-31T11:12:06.221+0000] {logging_mixin.py:188} INFO - [2026-07-31T11:12:06.208+0000] {dagbag.py:545} INFO - Filling up the DagBag from /home/airflow/.local/lib/python3.12/site-packages/airflow/example_dags/example_nested_branch_dag.py
[2026-07-31T11:12:06.304+0000] {processor.py:840} INFO - DAG(s) 'example_nested_branch_dag' retrieved from /home/airflow/.local/lib/python3.12/site-packages/airflow/example_dags/example_nested_branch_dag.py
[2026-07-31T11:12:07.371+0000] {logging_mixin.py:188} INFO - [2026-07-31T11:12:07.371+0000] {dag.py:3089} INFO - Sync 1 DAGs
[2026-07-31T11:12:07.482+0000] {logging_mixin.py:188} INFO - [2026-07-31T11:12:07.481+0000] {dag.py:3947} INFO - Setting next_dagrun for example_nested_branch_dag to 2026-07-30 00:00:00+00:00, run_after=2026-07-31 00:00:00+00:00
[2026-07-31T11:12:07.555+0000] {processor.py:183} INFO - Processing /home/airflow/.local/lib/python3.12/site-packages/airflow/example_dags/example_nested_branch_dag.py took 1.459 seconds
[2026-07-31T11:12:37.824+0000] {processor.py:161} INFO - Started process (PID=1813) to work on /home/airflow/.local/lib/python3.12/site-packages/airflow/example_dags/example_nested_branch_dag.py
[2026-07-31T11:12:37.827+0000] {processor.py:830} INFO - Processing file /home/airflow/.local/lib/python3.12/site-packages/airflow/example_dags/example_nested_branch_dag.py for tasks to queue
[2026-07-31T11:12:37.833+0000] {logging_mixin.py:188} INFO - [2026-07-31T11:12:37.832+0000] {dagbag.py:545} INFO - Filling up the DagBag from /home/airflow/.local/lib/python3.12/site-packages/airflow/example_dags/example_nested_branch_dag.py
[2026-07-31T11:12:37.858+0000] {processor.py:840} INFO - DAG(s) 'example_nested_branch_dag' retrieved from /home/airflow/.local/lib/python3.12/site-packages/airflow/example_dags/example_nested_branch_dag.py
[2026-07-31T11:12:37.917+0000] {logging_mixin.py:188} INFO - [2026-07-31T11:12:37.917+0000] {dag.py:3089} INFO - Sync 1 DAGs
[2026-07-31T11:12:37.998+0000] {logging_mixin.py:188} INFO - [2026-07-31T11:12:37.997+0000] {dag.py:3947} INFO - Setting next_dagrun for example_nested_branch_dag to 2026-07-30 00:00:00+00:00, run_after=2026-07-31 00:00:00+00:00
[2026-07-31T11:12:38.077+0000] {processor.py:183} INFO - Processing /home/airflow/.local/lib/python3.12/site-packages/airflow/example_dags/example_nested_branch_dag.py took 0.268 seconds
[2026-07-31T11:13:13.385+0000] {processor.py:161} INFO - Started process (PID=1872) to work on /home/airflow/.local/lib/python3.12/site-packages/airflow/example_dags/example_nested_branch_dag.py
[2026-07-31T11:13:13.389+0000] {processor.py:830} INFO - Processing file /home/airflow/.local/lib/python3.12/site-packages/airflow/example_dags/example_nested_branch_dag.py for tasks to queue
[2026-07-31T11:13:13.398+0000] {logging_mixin.py:188} INFO - [2026-07-31T11:13:13.396+0000] {dagbag.py:545} INFO - Filling up the DagBag from /home/airflow/.local/lib/python3.12/site-packages/airflow/example_dags/example_nested_branch_dag.py
[2026-07-31T11:13:13.454+0000] {processor.py:840} INFO - DAG(s) 'example_nested_branch_dag' retrieved from /home/airflow/.local/lib/python3.12/site-packages/airflow/example_dags/example_nested_branch_dag.py
[2026-07-31T11:13:13.603+0000] {logging_mixin.py:188} INFO - [2026-07-31T11:13:13.601+0000] {dag.py:3089} INFO - Sync 1 DAGs
[2026-07-31T11:13:13.716+0000] {logging_mixin.py:188} INFO - [2026-07-31T11:13:13.716+0000] {dag.py:3947} INFO - Setting next_dagrun for example_nested_branch_dag to 2026-07-30 00:00:00+00:00, run_after=2026-07-31 00:00:00+00:00
[2026-07-31T11:13:13.800+0000] {processor.py:183} INFO - Processing /home/airflow/.local/lib/python3.12/site-packages/airflow/example_dags/example_nested_branch_dag.py took 0.441 seconds
[2026-07-31T11:13:54.126+0000] {processor.py:161} INFO - Started process (PID=1931) to work on /home/airflow/.local/lib/python3.12/site-packages/airflow/example_dags/example_nested_branch_dag.py
[2026-07-31T11:13:54.172+0000] {processor.py:830} INFO - Processing file /home/airflow/.local/lib/python3.12/site-packages/airflow/example_dags/example_nested_branch_dag.py for tasks to queue
[2026-07-31T11:13:54.558+0000] {logging_mixin.py:188} INFO - [2026-07-31T11:13:54.557+0000] {dagbag.py:545} INFO - Filling up the DagBag from /home/airflow/.local/lib/python3.12/site-packages/airflow/example_dags/example_nested_branch_dag.py
[2026-07-31T11:13:55.291+0000] {processor.py:840} INFO - DAG(s) 'example_nested_branch_dag' retrieved from /home/airflow/.local/lib/python3.12/site-packages/airflow/example_dags/example_nested_branch_dag.py
[2026-07-31T11:13:55.770+0000] {logging_mixin.py:188} INFO - [2026-07-31T11:13:55.769+0000] {dag.py:3089} INFO - Sync 1 DAGs
[2026-07-31T11:13:56.122+0000] {logging_mixin.py:188} INFO - [2026-07-31T11:13:56.121+0000] {dag.py:3947} INFO - Setting next_dagrun for example_nested_branch_dag to 2026-07-30 00:00:00+00:00, run_after=2026-07-31 00:00:00+00:00
[2026-07-31T11:13:56.263+0000] {processor.py:183} INFO - Processing /home/airflow/.local/lib/python3.12/site-packages/airflow/example_dags/example_nested_branch_dag.py took 2.206 seconds
[2026-07-31T11:14:33.321+0000] {processor.py:161} INFO - Started process (PID=1987) to work on /home/airflow/.local/lib/python3.12/site-packages/airflow/example_dags/example_nested_branch_dag.py
[2026-07-31T11:14:33.327+0000] {processor.py:830} INFO - Processing file /home/airflow/.local/lib/python3.12/site-packages/airflow/example_dags/example_nested_branch_dag.py for tasks to queue
[2026-07-31T11:14:33.334+0000] {logging_mixin.py:188} INFO - [2026-07-31T11:14:33.333+0000] {dagbag.py:545} INFO - Filling up the DagBag from /home/airflow/.local/lib/python3.12/site-packages/airflow/example_dags/example_nested_branch_dag.py
[2026-07-31T11:14:33.417+0000] {processor.py:840} INFO - DAG(s) 'example_nested_branch_dag' retrieved from /home/airflow/.local/lib/python3.12/site-packages/airflow/example_dags/example_nested_branch_dag.py
[2026-07-31T11:14:33.487+0000] {logging_mixin.py:188} INFO - [2026-07-31T11:14:33.486+0000] {dag.py:3089} INFO - Sync 1 DAGs
[2026-07-31T11:14:33.577+0000] {logging_mixin.py:188} INFO - [2026-07-31T11:14:33.576+0000] {dag.py:3947} INFO - Setting next_dagrun for example_nested_branch_dag to 2026-07-30 00:00:00+00:00, run_after=2026-07-31 00:00:00+00:00
[2026-07-31T11:14:33.658+0000] {processor.py:183} INFO - Processing /home/airflow/.local/lib/python3.12/site-packages/airflow/example_dags/example_nested_branch_dag.py took 0.380 seconds
[2026-07-31T11:15:04.244+0000] {processor.py:161} INFO - Started process (PID=2046) to work on /home/airflow/.local/lib/python3.12/site-packages/airflow/example_dags/example_nested_branch_dag.py
[2026-07-31T11:15:04.255+0000] {processor.py:830} INFO - Processing file /home/airflow/.local/lib/python3.12/site-packages/airflow/example_dags/example_nested_branch_dag.py for tasks to queue
[2026-07-31T11:15:04.268+0000] {logging_mixin.py:188} INFO - [2026-07-31T11:15:04.267+0000] {dagbag.py:545} INFO - Filling up the DagBag from /home/airflow/.local/lib/python3.12/site-packages/airflow/example_dags/example_nested_branch_dag.py
[2026-07-31T11:15:04.361+0000] {processor.py:840} INFO - DAG(s) 'example_nested_branch_dag' retrieved from /home/airflow/.local/lib/python3.12/site-packages/airflow/example_dags/example_nested_branch_dag.py
[2026-07-31T11:15:04.536+0000] {logging_mixin.py:188} INFO - [2026-07-31T11:15:04.536+0000] {dag.py:3089} INFO - Sync 1 DAGs
[2026-07-31T11:15:04.706+0000] {logging_mixin.py:188} INFO - [2026-07-31T11:15:04.706+0000] {dag.py:3947} INFO - Setting next_dagrun for example_nested_branch_dag to 2026-07-30 00:00:00+00:00, run_after=2026-07-31 00:00:00+00:00
[2026-07-31T11:15:04.845+0000] {processor.py:183} INFO - Processing /home/airflow/.local/lib/python3.12/site-packages/airflow/example_dags/example_nested_branch_dag.py took 0.641 seconds
[2026-07-31T11:15:36.275+0000] {processor.py:161} INFO - Started process (PID=2102) to work on /home/airflow/.local/lib/python3.12/site-packages/airflow/example_dags/example_nested_branch_dag.py
[2026-07-31T11:15:36.279+0000] {processor.py:830} INFO - Processing file /home/airflow/.local/lib/python3.12/site-packages/airflow/example_dags/example_nested_branch_dag.py for tasks to queue
[2026-07-31T11:15:36.297+0000] {logging_mixin.py:188} INFO - [2026-07-31T11:15:36.295+0000] {dagbag.py:545} INFO - Filling up the DagBag from /home/airflow/.local/lib/python3.12/site-packages/airflow/example_dags/example_nested_branch_dag.py
[2026-07-31T11:15:36.381+0000] {processor.py:840} INFO - DAG(s) 'example_nested_branch_dag' retrieved from /home/airflow/.local/lib/python3.12/site-packages/airflow/example_dags/example_nested_branch_dag.py
[2026-07-31T11:15:36.549+0000] {logging_mixin.py:188} INFO - [2026-07-31T11:15:36.548+0000] {dag.py:3089} INFO - Sync 1 DAGs
[2026-07-31T11:15:36.761+0000] {logging_mixin.py:188} INFO - [2026-07-31T11:15:36.760+0000] {dag.py:3947} INFO - Setting next_dagrun for example_nested_branch_dag to 2026-07-30 00:00:00+00:00, run_after=2026-07-31 00:00:00+00:00
[2026-07-31T11:15:36.893+0000] {processor.py:183} INFO - Processing /home/airflow/.local/lib/python3.12/site-packages/airflow/example_dags/example_nested_branch_dag.py took 0.653 seconds
[2026-07-31T11:16:07.723+0000] {processor.py:161} INFO - Started process (PID=2161) to work on /home/airflow/.local/lib/python3.12/site-packages/airflow/example_dags/example_nested_branch_dag.py
[2026-07-31T11:16:07.726+0000] {processor.py:830} INFO - Processing file /home/airflow/.local/lib/python3.12/site-packages/airflow/example_dags/example_nested_branch_dag.py for tasks to queue
[2026-07-31T11:16:07.733+0000] {logging_mixin.py:188} INFO - [2026-07-31T11:16:07.732+0000] {dagbag.py:545} INFO - Filling up the DagBag from /home/airflow/.local/lib/python3.12/site-packages/airflow/example_dags/example_nested_branch_dag.py
[2026-07-31T11:16:07.757+0000] {processor.py:840} INFO - DAG(s) 'example_nested_branch_dag' retrieved from /home/airflow/.local/lib/python3.12/site-packages/airflow/example_dags/example_nested_branch_dag.py
[2026-07-31T11:16:07.803+0000] {logging_mixin.py:188} INFO - [2026-07-31T11:16:07.803+0000] {dag.py:3089} INFO - Sync 1 DAGs
[2026-07-31T11:16:07.860+0000] {logging_mixin.py:188} INFO - [2026-07-31T11:16:07.859+0000] {dag.py:3947} INFO - Setting next_dagrun for example_nested_branch_dag to 2026-07-30 00:00:00+00:00, run_after=2026-07-31 00:00:00+00:00
[2026-07-31T11:16:07.908+0000] {processor.py:183} INFO - Processing /home/airflow/.local/lib/python3.12/site-packages/airflow/example_dags/example_nested_branch_dag.py took 0.205 seconds
[2026-07-31T11:16:38.417+0000] {processor.py:161} INFO - Started process (PID=2219) to work on /home/airflow/.local/lib/python3.12/site-packages/airflow/example_dags/example_nested_branch_dag.py
[2026-07-31T11:16:38.419+0000] {processor.py:830} INFO - Processing file /home/airflow/.local/lib/python3.12/site-packages/airflow/example_dags/example_nested_branch_dag.py for tasks to queue
[2026-07-31T11:16:38.424+0000] {logging_mixin.py:188} INFO - [2026-07-31T11:16:38.423+0000] {dagbag.py:545} INFO - Filling up the DagBag from /home/airflow/.local/lib/python3.12/site-packages/airflow/example_dags/example_nested_branch_dag.py
[2026-07-31T11:16:38.450+0000] {processor.py:840} INFO - DAG(s) 'example_nested_branch_dag' retrieved from /home/airflow/.local/lib/python3.12/site-packages/airflow/example_dags/example_nested_branch_dag.py
[2026-07-31T11:16:38.504+0000] {logging_mixin.py:188} INFO - [2026-07-31T11:16:38.504+0000] {dag.py:3089} INFO - Sync 1 DAGs
[2026-07-31T11:16:38.678+0000] {logging_mixin.py:188} INFO - [2026-07-31T11:16:38.677+0000] {dag.py:3947} INFO - Setting next_dagrun for example_nested_branch_dag to 2026-07-30 00:00:00+00:00, run_after=2026-07-31 00:00:00+00:00
[2026-07-31T11:16:38.899+0000] {processor.py:183} INFO - Processing /home/airflow/.local/lib/python3.12/site-packages/airflow/example_dags/example_nested_branch_dag.py took 0.496 seconds
[2026-07-31T11:17:09.134+0000] {processor.py:161} INFO - Started process (PID=2279) to work on /home/airflow/.local/lib/python3.12/site-packages/airflow/example_dags/example_nested_branch_dag.py
[2026-07-31T11:17:09.138+0000] {processor.py:830} INFO - Processing file /home/airflow/.local/lib/python3.12/site-packages/airflow/example_dags/example_nested_branch_dag.py for tasks to queue
[2026-07-31T11:17:09.144+0000] {logging_mixin.py:188} INFO - [2026-07-31T11:17:09.143+0000] {dagbag.py:545} INFO - Filling up the DagBag from /home/airflow/.local/lib/python3.12/site-packages/airflow/example_dags/example_nested_branch_dag.py
[2026-07-31T11:17:09.179+0000] {processor.py:840} INFO - DAG(s) 'example_nested_branch_dag' retrieved from /home/airflow/.local/lib/python3.12/site-packages/airflow/example_dags/example_nested_branch_dag.py
[2026-07-31T11:17:09.231+0000] {logging_mixin.py:188} INFO - [2026-07-31T11:17:09.230+0000] {dag.py:3089} INFO - Sync 1 DAGs
[2026-07-31T11:17:09.291+0000] {logging_mixin.py:188} INFO - [2026-07-31T11:17:09.290+0000] {dag.py:3947} INFO - Setting next_dagrun for example_nested_branch_dag to 2026-07-30 00:00:00+00:00, run_after=2026-07-31 00:00:00+00:00
[2026-07-31T11:17:09.344+0000] {processor.py:183} INFO - Processing /home/airflow/.local/lib/python3.12/site-packages/airflow/example_dags/example_nested_branch_dag.py took 0.228 seconds
[2026-07-31T11:17:45.000+0000] {processor.py:161} INFO - Started process (PID=2334) to work on /home/airflow/.local/lib/python3.12/site-packages/airflow/example_dags/example_nested_branch_dag.py
[2026-07-31T11:17:45.014+0000] {processor.py:830} INFO - Processing file /home/airflow/.local/lib/python3.12/site-packages/airflow/example_dags/example_nested_branch_dag.py for tasks to queue
[2026-07-31T11:17:45.027+0000] {logging_mixin.py:188} INFO - [2026-07-31T11:17:45.022+0000] {dagbag.py:545} INFO - Filling up the DagBag from /home/airflow/.local/lib/python3.12/site-packages/airflow/example_dags/example_nested_branch_dag.py
[2026-07-31T11:17:45.133+0000] {processor.py:840} INFO - DAG(s) 'example_nested_branch_dag' retrieved from /home/airflow/.local/lib/python3.12/site-packages/airflow/example_dags/example_nested_branch_dag.py
[2026-07-31T11:17:45.338+0000] {logging_mixin.py:188} INFO - [2026-07-31T11:17:45.337+0000] {dag.py:3089} INFO - Sync 1 DAGs
[2026-07-31T11:17:45.622+0000] {logging_mixin.py:188} INFO - [2026-07-31T11:17:45.621+0000] {dag.py:3947} INFO - Setting next_dagrun for example_nested_branch_dag to 2026-07-30 00:00:00+00:00, run_after=2026-07-31 00:00:00+00:00
[2026-07-31T11:17:45.764+0000] {processor.py:183} INFO - Processing /home/airflow/.local/lib/python3.12/site-packages/airflow/example_dags/example_nested_branch_dag.py took 0.804 seconds
[2026-07-31T11:18:16.364+0000] {processor.py:161} INFO - Started process (PID=2391) to work on /home/airflow/.local/lib/python3.12/site-packages/airflow/example_dags/example_nested_branch_dag.py
[2026-07-31T11:18:16.380+0000] {processor.py:830} INFO - Processing file /home/airflow/.local/lib/python3.12/site-packages/airflow/example_dags/example_nested_branch_dag.py for tasks to queue
[2026-07-31T11:18:16.397+0000] {logging_mixin.py:188} INFO - [2026-07-31T11:18:16.393+0000] {dagbag.py:545} INFO - Filling up the DagBag from /home/airflow/.local/lib/python3.12/site-packages/airflow/example_dags/example_nested_branch_dag.py
[2026-07-31T11:18:16.502+0000] {processor.py:840} INFO - DAG(s) 'example_nested_branch_dag' retrieved from /home/airflow/.local/lib/python3.12/site-packages/airflow/example_dags/example_nested_branch_dag.py
[2026-07-31T11:18:16.674+0000] {logging_mixin.py:188} INFO - [2026-07-31T11:18:16.674+0000] {dag.py:3089} INFO - Sync 1 DAGs
[2026-07-31T11:18:16.768+0000] {logging_mixin.py:188} INFO - [2026-07-31T11:18:16.767+0000] {dag.py:3947} INFO - Setting next_dagrun for example_nested_branch_dag to 2026-07-30 00:00:00+00:00, run_after=2026-07-31 00:00:00+00:00
[2026-07-31T11:18:16.839+0000] {processor.py:183} INFO - Processing /home/airflow/.local/lib/python3.12/site-packages/airflow/example_dags/example_nested_branch_dag.py took 0.498 seconds
[2026-07-31T11:18:47.160+0000] {processor.py:161} INFO - Started process (PID=2447) to work on /home/airflow/.local/lib/python3.12/site-packages/airflow/example_dags/example_nested_branch_dag.py
[2026-07-31T11:18:47.165+0000] {processor.py:830} INFO - Processing file /home/airflow/.local/lib/python3.12/site-packages/airflow/example_dags/example_nested_branch_dag.py for tasks to queue
[2026-07-31T11:18:47.170+0000] {logging_mixin.py:188} INFO - [2026-07-31T11:18:47.169+0000] {dagbag.py:545} INFO - Filling up the DagBag from /home/airflow/.local/lib/python3.12/site-packages/airflow/example_dags/example_nested_branch_dag.py
[2026-07-31T11:18:47.203+0000] {processor.py:840} INFO - DAG(s) 'example_nested_branch_dag' retrieved from /home/airflow/.local/lib/python3.12/site-packages/airflow/example_dags/example_nested_branch_dag.py
[2026-07-31T11:18:47.271+0000] {logging_mixin.py:188} INFO - [2026-07-31T11:18:47.270+0000] {dag.py:3089} INFO - Sync 1 DAGs
[2026-07-31T11:18:47.354+0000] {logging_mixin.py:188} INFO - [2026-07-31T11:18:47.353+0000] {dag.py:3947} INFO - Setting next_dagrun for example_nested_branch_dag to 2026-07-30 00:00:00+00:00, run_after=2026-07-31 00:00:00+00:00
[2026-07-31T11:18:47.415+0000] {processor.py:183} INFO - Processing /home/airflow/.local/lib/python3.12/site-packages/airflow/example_dags/example_nested_branch_dag.py took 0.268 seconds
[2026-07-31T11:19:17.617+0000] {processor.py:161} INFO - Started process (PID=2505) to work on /home/airflow/.local/lib/python3.12/site-packages/airflow/example_dags/example_nested_branch_dag.py
[2026-07-31T11:19:17.621+0000] {processor.py:830} INFO - Processing file /home/airflow/.local/lib/python3.12/site-packages/airflow/example_dags/example_nested_branch_dag.py for tasks to queue
[2026-07-31T11:19:17.629+0000] {logging_mixin.py:188} INFO - [2026-07-31T11:19:17.626+0000] {dagbag.py:545} INFO - Filling up the DagBag from /home/airflow/.local/lib/python3.12/site-packages/airflow/example_dags/example_nested_branch_dag.py
[2026-07-31T11:19:17.677+0000] {processor.py:840} INFO - DAG(s) 'example_nested_branch_dag' retrieved from /home/airflow/.local/lib/python3.12/site-packages/airflow/example_dags/example_nested_branch_dag.py
[2026-07-31T11:19:17.767+0000] {logging_mixin.py:188} INFO - [2026-07-31T11:19:17.767+0000] {dag.py:3089} INFO - Sync 1 DAGs
[2026-07-31T11:19:17.840+0000] {logging_mixin.py:188} INFO - [2026-07-31T11:19:17.840+0000] {dag.py:3947} INFO - Setting next_dagrun for example_nested_branch_dag to 2026-07-30 00:00:00+00:00, run_after=2026-07-31 00:00:00+00:00
[2026-07-31T11:19:17.886+0000] {processor.py:183} INFO - Processing /home/airflow/.local/lib/python3.12/site-packages/airflow/example_dags/example_nested_branch_dag.py took 0.288 seconds
[2026-07-31T11:19:51.203+0000] {processor.py:161} INFO - Started process (PID=2563) to work on /home/airflow/.local/lib/python3.12/site-packages/airflow/example_dags/example_nested_branch_dag.py
[2026-07-31T11:19:51.216+0000] {processor.py:830} INFO - Processing file /home/airflow/.local/lib/python3.12/site-packages/airflow/example_dags/example_nested_branch_dag.py for tasks to queue
[2026-07-31T11:19:51.234+0000] {logging_mixin.py:188} INFO - [2026-07-31T11:19:51.225+0000] {dagbag.py:545} INFO - Filling up the DagBag from /home/airflow/.local/lib/python3.12/site-packages/airflow/example_dags/example_nested_branch_dag.py
[2026-07-31T11:19:51.338+0000] {processor.py:840} INFO - DAG(s) 'example_nested_branch_dag' retrieved from /home/airflow/.local/lib/python3.12/site-packages/airflow/example_dags/example_nested_branch_dag.py
[2026-07-31T11:19:51.508+0000] {logging_mixin.py:188} INFO - [2026-07-31T11:19:51.507+0000] {dag.py:3089} INFO - Sync 1 DAGs
[2026-07-31T11:19:51.723+0000] {logging_mixin.py:188} INFO - [2026-07-31T11:19:51.722+0000] {dag.py:3947} INFO - Setting next_dagrun for example_nested_branch_dag to 2026-07-30 00:00:00+00:00, run_after=2026-07-31 00:00:00+00:00
[2026-07-31T11:19:51.886+0000] {processor.py:183} INFO - Processing /home/airflow/.local/lib/python3.12/site-packages/airflow/example_dags/example_nested_branch_dag.py took 0.738 seconds
[2026-07-31T11:20:41.044+0000] {processor.py:161} INFO - Started process (PID=2633) to work on /home/airflow/.local/lib/python3.12/site-packages/airflow/example_dags/example_nested_branch_dag.py
[2026-07-31T11:20:41.049+0000] {processor.py:830} INFO - Processing file /home/airflow/.local/lib/python3.12/site-packages/airflow/example_dags/example_nested_branch_dag.py for tasks to queue
[2026-07-31T11:20:41.061+0000] {logging_mixin.py:188} INFO - [2026-07-31T11:20:41.059+0000] {dagbag.py:545} INFO - Filling up the DagBag from /home/airflow/.local/lib/python3.12/site-packages/airflow/example_dags/example_nested_branch_dag.py
[2026-07-31T11:20:41.118+0000] {processor.py:840} INFO - DAG(s) 'example_nested_branch_dag' retrieved from /home/airflow/.local/lib/python3.12/site-packages/airflow/example_dags/example_nested_branch_dag.py
[2026-07-31T11:20:41.207+0000] {logging_mixin.py:188} INFO - [2026-07-31T11:20:41.205+0000] {dag.py:3089} INFO - Sync 1 DAGs
[2026-07-31T11:20:41.302+0000] {logging_mixin.py:188} INFO - [2026-07-31T11:20:41.302+0000] {dag.py:3947} INFO - Setting next_dagrun for example_nested_branch_dag to 2026-07-30 00:00:00+00:00, run_after=2026-07-31 00:00:00+00:00
[2026-07-31T11:20:41.384+0000] {processor.py:183} INFO - Processing /home/airflow/.local/lib/python3.12/site-packages/airflow/example_dags/example_nested_branch_dag.py took 0.365 seconds
[2026-07-31T11:21:12.223+0000] {processor.py:161} INFO - Started process (PID=2691) to work on /home/airflow/.local/lib/python3.12/site-packages/airflow/example_dags/example_nested_branch_dag.py
[2026-07-31T11:21:12.226+0000] {processor.py:830} INFO - Processing file /home/airflow/.local/lib/python3.12/site-packages/airflow/example_dags/example_nested_branch_dag.py for tasks to queue
[2026-07-31T11:21:12.232+0000] {logging_mixin.py:188} INFO - [2026-07-31T11:21:12.232+0000] {dagbag.py:545} INFO - Filling up the DagBag from /home/airflow/.local/lib/python3.12/site-packages/airflow/example_dags/example_nested_branch_dag.py
[2026-07-31T11:21:12.287+0000] {processor.py:840} INFO - DAG(s) 'example_nested_branch_dag' retrieved from /home/airflow/.local/lib/python3.12/site-packages/airflow/example_dags/example_nested_branch_dag.py
[2026-07-31T11:21:12.362+0000] {logging_mixin.py:188} INFO - [2026-07-31T11:21:12.361+0000] {dag.py:3089} INFO - Sync 1 DAGs
[2026-07-31T11:21:12.434+0000] {logging_mixin.py:188} INFO - [2026-07-31T11:21:12.434+0000] {dag.py:3947} INFO - Setting next_dagrun for example_nested_branch_dag to 2026-07-30 00:00:00+00:00, run_after=2026-07-31 00:00:00+00:00
[2026-07-31T11:21:12.494+0000] {processor.py:183} INFO - Processing /home/airflow/.local/lib/python3.12/site-packages/airflow/example_dags/example_nested_branch_dag.py took 0.292 seconds
[2026-07-31T11:21:42.888+0000] {processor.py:161} INFO - Started process (PID=2750) to work on /home/airflow/.local/lib/python3.12/site-packages/airflow/example_dags/example_nested_branch_dag.py
[2026-07-31T11:21:42.891+0000] {processor.py:830} INFO - Processing file /home/airflow/.local/lib/python3.12/site-packages/airflow/example_dags/example_nested_branch_dag.py for tasks to queue
[2026-07-31T11:21:42.897+0000] {logging_mixin.py:188} INFO - [2026-07-31T11:21:42.896+0000] {dagbag.py:545} INFO - Filling up the DagBag from /home/airflow/.local/lib/python3.12/site-packages/airflow/example_dags/example_nested_branch_dag.py
[2026-07-31T11:21:42.928+0000] {processor.py:840} INFO - DAG(s) 'example_nested_branch_dag' retrieved from /home/airflow/.local/lib/python3.12/site-packages/airflow/example_dags/example_nested_branch_dag.py
[2026-07-31T11:21:42.999+0000] {logging_mixin.py:188} INFO - [2026-07-31T11:21:42.998+0000] {dag.py:3089} INFO - Sync 1 DAGs
[2026-07-31T11:21:43.085+0000] {logging_mixin.py:188} INFO - [2026-07-31T11:21:43.085+0000] {dag.py:3947} INFO - Setting next_dagrun for example_nested_branch_dag to 2026-07-30 00:00:00+00:00, run_after=2026-07-31 00:00:00+00:00
[2026-07-31T11:21:43.142+0000] {processor.py:183} INFO - Processing /home/airflow/.local/lib/python3.12/site-packages/airflow/example_dags/example_nested_branch_dag.py took 0.267 seconds
[2026-07-31T11:22:13.607+0000] {processor.py:161} INFO - Started process (PID=2808) to work on /home/airflow/.local/lib/python3.12/site-packages/airflow/example_dags/example_nested_branch_dag.py
[2026-07-31T11:22:13.611+0000] {processor.py:830} INFO - Processing file /home/airflow/.local/lib/python3.12/site-packages/airflow/example_dags/example_nested_branch_dag.py for tasks to queue
[2026-07-31T11:22:13.621+0000] {logging_mixin.py:188} INFO - [2026-07-31T11:22:13.620+0000] {dagbag.py:545} INFO - Filling up the DagBag from /home/airflow/.local/lib/python3.12/site-packages/airflow/example_dags/example_nested_branch_dag.py
[2026-07-31T11:22:13.657+0000] {processor.py:840} INFO - DAG(s) 'example_nested_branch_dag' retrieved from /home/airflow/.local/lib/python3.12/site-packages/airflow/example_dags/example_nested_branch_dag.py
[2026-07-31T11:22:13.732+0000] {logging_mixin.py:188} INFO - [2026-07-31T11:22:13.732+0000] {dag.py:3089} INFO - Sync 1 DAGs
[2026-07-31T11:22:13.838+0000] {logging_mixin.py:188} INFO - [2026-07-31T11:22:13.837+0000] {dag.py:3947} INFO - Setting next_dagrun for example_nested_branch_dag to 2026-07-30 00:00:00+00:00, run_after=2026-07-31 00:00:00+00:00
[2026-07-31T11:22:13.920+0000] {processor.py:183} INFO - Processing /home/airflow/.local/lib/python3.12/site-packages/airflow/example_dags/example_nested_branch_dag.py took 0.336 seconds
[2026-07-31T11:22:51.100+0000] {processor.py:161} INFO - Started process (PID=2868) to work on /home/airflow/.local/lib/python3.12/site-packages/airflow/example_dags/example_nested_branch_dag.py
[2026-07-31T11:22:51.128+0000] {processor.py:830} INFO - Processing file /home/airflow/.local/lib/python3.12/site-packages/airflow/example_dags/example_nested_branch_dag.py for tasks to queue
[2026-07-31T11:22:51.147+0000] {logging_mixin.py:188} INFO - [2026-07-31T11:22:51.145+0000] {dagbag.py:545} INFO - Filling up the DagBag from /home/airflow/.local/lib/python3.12/site-packages/airflow/example_dags/example_nested_branch_dag.py
[2026-07-31T11:22:51.268+0000] {processor.py:840} INFO - DAG(s) 'example_nested_branch_dag' retrieved from /home/airflow/.local/lib/python3.12/site-packages/airflow/example_dags/example_nested_branch_dag.py
[2026-07-31T11:22:51.641+0000] {logging_mixin.py:188} INFO - [2026-07-31T11:22:51.637+0000] {dag.py:3089} INFO - Sync 1 DAGs
[2026-07-31T11:22:53.318+0000] {logging_mixin.py:188} INFO - [2026-07-31T11:22:53.317+0000] {dag.py:3947} INFO - Setting next_dagrun for example_nested_branch_dag to 2026-07-30 00:00:00+00:00, run_after=2026-07-31 00:00:00+00:00
[2026-07-31T11:22:54.234+0000] {processor.py:183} INFO - Processing /home/airflow/.local/lib/python3.12/site-packages/airflow/example_dags/example_nested_branch_dag.py took 3.185 seconds
[2026-07-31T11:24:31.669+0000] {processor.py:161} INFO - Started process (PID=2930) to work on /home/airflow/.local/lib/python3.12/site-packages/airflow/example_dags/example_nested_branch_dag.py
[2026-07-31T11:24:31.724+0000] {processor.py:830} INFO - Processing file /home/airflow/.local/lib/python3.12/site-packages/airflow/example_dags/example_nested_branch_dag.py for tasks to queue
[2026-07-31T11:24:31.787+0000] {logging_mixin.py:188} INFO - [2026-07-31T11:24:31.786+0000] {dagbag.py:545} INFO - Filling up the DagBag from /home/airflow/.local/lib/python3.12/site-packages/airflow/example_dags/example_nested_branch_dag.py
[2026-07-31T11:24:32.191+0000] {processor.py:840} INFO - DAG(s) 'example_nested_branch_dag' retrieved from /home/airflow/.local/lib/python3.12/site-packages/airflow/example_dags/example_nested_branch_dag.py
[2026-07-31T11:24:32.741+0000] {logging_mixin.py:188} INFO - [2026-07-31T11:24:32.740+0000] {dag.py:3089} INFO - Sync 1 DAGs
[2026-07-31T11:24:33.159+0000] {logging_mixin.py:188} INFO - [2026-07-31T11:24:33.151+0000] {dag.py:3947} INFO - Setting next_dagrun for example_nested_branch_dag to 2026-07-30 00:00:00+00:00, run_after=2026-07-31 00:00:00+00:00
[2026-07-31T11:24:33.875+0000] {processor.py:183} INFO - Processing /home/airflow/.local/lib/python3.12/site-packages/airflow/example_dags/example_nested_branch_dag.py took 2.484 seconds
[2026-07-31T11:25:27.730+0000] {processor.py:161} INFO - Started process (PID=2988) to work on /home/airflow/.local/lib/python3.12/site-packages/airflow/example_dags/example_nested_branch_dag.py
[2026-07-31T11:25:27.766+0000] {processor.py:830} INFO - Processing file /home/airflow/.local/lib/python3.12/site-packages/airflow/example_dags/example_nested_branch_dag.py for tasks to queue
[2026-07-31T11:25:27.789+0000] {logging_mixin.py:188} INFO - [2026-07-31T11:25:27.788+0000] {dagbag.py:545} INFO - Filling up the DagBag from /home/airflow/.local/lib/python3.12/site-packages/airflow/example_dags/example_nested_branch_dag.py
[2026-07-31T11:25:28.076+0000] {processor.py:840} INFO - DAG(s) 'example_nested_branch_dag' retrieved from /home/airflow/.local/lib/python3.12/site-packages/airflow/example_dags/example_nested_branch_dag.py
[2026-07-31T11:25:28.459+0000] {logging_mixin.py:188} INFO - [2026-07-31T11:25:28.458+0000] {dag.py:3089} INFO - Sync 1 DAGs
[2026-07-31T11:25:28.896+0000] {logging_mixin.py:188} INFO - [2026-07-31T11:25:28.868+0000] {dag.py:3947} INFO - Setting next_dagrun for example_nested_branch_dag to 2026-07-30 00:00:00+00:00, run_after=2026-07-31 00:00:00+00:00
[2026-07-31T11:25:29.446+0000] {processor.py:183} INFO - Processing /home/airflow/.local/lib/python3.12/site-packages/airflow/example_dags/example_nested_branch_dag.py took 1.864 seconds
[2026-07-31T11:26:37.182+0000] {processor.py:161} INFO - Started process (PID=3039) to work on /home/airflow/.local/lib/python3.12/site-packages/airflow/example_dags/example_nested_branch_dag.py
[2026-07-31T11:26:37.202+0000] {processor.py:830} INFO - Processing file /home/airflow/.local/lib/python3.12/site-packages/airflow/example_dags/example_nested_branch_dag.py for tasks to queue
[2026-07-31T11:26:37.251+0000] {logging_mixin.py:188} INFO - [2026-07-31T11:26:37.245+0000] {dagbag.py:545} INFO - Filling up the DagBag from /home/airflow/.local/lib/python3.12/site-packages/airflow/example_dags/example_nested_branch_dag.py
[2026-07-31T11:26:37.511+0000] {processor.py:840} INFO - DAG(s) 'example_nested_branch_dag' retrieved from /home/airflow/.local/lib/python3.12/site-packages/airflow/example_dags/example_nested_branch_dag.py
[2026-07-31T11:26:37.774+0000] {logging_mixin.py:188} INFO - [2026-07-31T11:26:37.772+0000] {dag.py:3089} INFO - Sync 1 DAGs
[2026-07-31T11:26:37.972+0000] {logging_mixin.py:188} INFO - [2026-07-31T11:26:37.971+0000] {dag.py:3947} INFO - Setting next_dagrun for example_nested_branch_dag to 2026-07-30 00:00:00+00:00, run_after=2026-07-31 00:00:00+00:00
[2026-07-31T11:26:38.266+0000] {processor.py:183} INFO - Processing /home/airflow/.local/lib/python3.12/site-packages/airflow/example_dags/example_nested_branch_dag.py took 1.258 seconds
[2026-07-31T11:27:08.453+0000] {processor.py:161} INFO - Started process (PID=3095) to work on /home/airflow/.local/lib/python3.12/site-packages/airflow/example_dags/example_nested_branch_dag.py
[2026-07-31T11:27:08.458+0000] {processor.py:830} INFO - Processing file /home/airflow/.local/lib/python3.12/site-packages/airflow/example_dags/example_nested_branch_dag.py for tasks to queue
[2026-07-31T11:27:08.465+0000] {logging_mixin.py:188} INFO - [2026-07-31T11:27:08.464+0000] {dagbag.py:545} INFO - Filling up the DagBag from /home/airflow/.local/lib/python3.12/site-packages/airflow/example_dags/example_nested_branch_dag.py
[2026-07-31T11:27:08.500+0000] {processor.py:840} INFO - DAG(s) 'example_nested_branch_dag' retrieved from /home/airflow/.local/lib/python3.12/site-packages/airflow/example_dags/example_nested_branch_dag.py
[2026-07-31T11:27:08.581+0000] {logging_mixin.py:188} INFO - [2026-07-31T11:27:08.580+0000] {dag.py:3089} INFO - Sync 1 DAGs
[2026-07-31T11:27:08.681+0000] {logging_mixin.py:188} INFO - [2026-07-31T11:27:08.680+0000] {dag.py:3947} INFO - Setting next_dagrun for example_nested_branch_dag to 2026-07-30 00:00:00+00:00, run_after=2026-07-31 00:00:00+00:00
[2026-07-31T11:27:08.748+0000] {processor.py:183} INFO - Processing /home/airflow/.local/lib/python3.12/site-packages/airflow/example_dags/example_nested_branch_dag.py took 0.330 seconds
[2026-07-31T11:27:39.012+0000] {processor.py:161} INFO - Started process (PID=3152) to work on /home/airflow/.local/lib/python3.12/site-packages/airflow/example_dags/example_nested_branch_dag.py
[2026-07-31T11:27:39.014+0000] {processor.py:830} INFO - Processing file /home/airflow/.local/lib/python3.12/site-packages/airflow/example_dags/example_nested_branch_dag.py for tasks to queue
[2026-07-31T11:27:39.019+0000] {logging_mixin.py:188} INFO - [2026-07-31T11:27:39.018+0000] {dagbag.py:545} INFO - Filling up the DagBag from /home/airflow/.local/lib/python3.12/site-packages/airflow/example_dags/example_nested_branch_dag.py
[2026-07-31T11:27:39.052+0000] {processor.py:840} INFO - DAG(s) 'example_nested_branch_dag' retrieved from /home/airflow/.local/lib/python3.12/site-packages/airflow/example_dags/example_nested_branch_dag.py
[2026-07-31T11:27:39.115+0000] {logging_mixin.py:188} INFO - [2026-07-31T11:27:39.114+0000] {dag.py:3089} INFO - Sync 1 DAGs
[2026-07-31T11:27:39.169+0000] {logging_mixin.py:188} INFO - [2026-07-31T11:27:39.168+0000] {dag.py:3947} INFO - Setting next_dagrun for example_nested_branch_dag to 2026-07-30 00:00:00+00:00, run_after=2026-07-31 00:00:00+00:00
[2026-07-31T11:27:39.226+0000] {processor.py:183} INFO - Processing /home/airflow/.local/lib/python3.12/site-packages/airflow/example_dags/example_nested_branch_dag.py took 0.230 seconds
[2026-07-31T11:28:09.559+0000] {processor.py:161} INFO - Started process (PID=3210) to work on /home/airflow/.local/lib/python3.12/site-packages/airflow/example_dags/example_nested_branch_dag.py
[2026-07-31T11:28:09.563+0000] {processor.py:830} INFO - Processing file /home/airflow/.local/lib/python3.12/site-packages/airflow/example_dags/example_nested_branch_dag.py for tasks to queue
[2026-07-31T11:28:09.568+0000] {logging_mixin.py:188} INFO - [2026-07-31T11:28:09.567+0000] {dagbag.py:545} INFO - Filling up the DagBag from /home/airflow/.local/lib/python3.12/site-packages/airflow/example_dags/example_nested_branch_dag.py
[2026-07-31T11:28:09.596+0000] {processor.py:840} INFO - DAG(s) 'example_nested_branch_dag' retrieved from /home/airflow/.local/lib/python3.12/site-packages/airflow/example_dags/example_nested_branch_dag.py
[2026-07-31T11:28:09.665+0000] {logging_mixin.py:188} INFO - [2026-07-31T11:28:09.664+0000] {dag.py:3089} INFO - Sync 1 DAGs
[2026-07-31T11:28:09.741+0000] {logging_mixin.py:188} INFO - [2026-07-31T11:28:09.740+0000] {dag.py:3947} INFO - Setting next_dagrun for example_nested_branch_dag to 2026-07-30 00:00:00+00:00, run_after=2026-07-31 00:00:00+00:00
[2026-07-31T11:28:09.792+0000] {processor.py:183} INFO - Processing /home/airflow/.local/lib/python3.12/site-packages/airflow/example_dags/example_nested_branch_dag.py took 0.248 seconds
[2026-07-31T11:28:40.287+0000] {processor.py:161} INFO - Started process (PID=3268) to work on /home/airflow/.local/lib/python3.12/site-packages/airflow/example_dags/example_nested_branch_dag.py
[2026-07-31T11:28:40.293+0000] {processor.py:830} INFO - Processing file /home/airflow/.local/lib/python3.12/site-packages/airflow/example_dags/example_nested_branch_dag.py for tasks to queue
[2026-07-31T11:28:40.314+0000] {logging_mixin.py:188} INFO - [2026-07-31T11:28:40.312+0000] {dagbag.py:545} INFO - Filling up the DagBag from /home/airflow/.local/lib/python3.12/site-packages/airflow/example_dags/example_nested_branch_dag.py
[2026-07-31T11:28:40.419+0000] {processor.py:840} INFO - DAG(s) 'example_nested_branch_dag' retrieved from /home/airflow/.local/lib/python3.12/site-packages/airflow/example_dags/example_nested_branch_dag.py
[2026-07-31T11:28:40.580+0000] {logging_mixin.py:188} INFO - [2026-07-31T11:28:40.578+0000] {dag.py:3089} INFO - Sync 1 DAGs
[2026-07-31T11:28:40.753+0000] {logging_mixin.py:188} INFO - [2026-07-31T11:28:40.752+0000] {dag.py:3947} INFO - Setting next_dagrun for example_nested_branch_dag to 2026-07-30 00:00:00+00:00, run_after=2026-07-31 00:00:00+00:00
[2026-07-31T11:28:40.901+0000] {processor.py:183} INFO - Processing /home/airflow/.local/lib/python3.12/site-packages/airflow/example_dags/example_nested_branch_dag.py took 0.685 seconds
[2026-07-31T11:29:13.560+0000] {processor.py:161} INFO - Started process (PID=3326) to work on /home/airflow/.local/lib/python3.12/site-packages/airflow/example_dags/example_nested_branch_dag.py
[2026-07-31T11:29:13.572+0000] {processor.py:830} INFO - Processing file /home/airflow/.local/lib/python3.12/site-packages/airflow/example_dags/example_nested_branch_dag.py for tasks to queue
[2026-07-31T11:29:13.584+0000] {logging_mixin.py:188} INFO - [2026-07-31T11:29:13.583+0000] {dagbag.py:545} INFO - Filling up the DagBag from /home/airflow/.local/lib/python3.12/site-packages/airflow/example_dags/example_nested_branch_dag.py
[2026-07-31T11:29:13.697+0000] {processor.py:840} INFO - DAG(s) 'example_nested_branch_dag' retrieved from /home/airflow/.local/lib/python3.12/site-packages/airflow/example_dags/example_nested_branch_dag.py
[2026-07-31T11:29:13.937+0000] {logging_mixin.py:188} INFO - [2026-07-31T11:29:13.935+0000] {dag.py:3089} INFO - Sync 1 DAGs
[2026-07-31T11:29:14.310+0000] {logging_mixin.py:188} INFO - [2026-07-31T11:29:14.309+0000] {dag.py:3947} INFO - Setting next_dagrun for example_nested_branch_dag to 2026-07-30 00:00:00+00:00, run_after=2026-07-31 00:00:00+00:00
[2026-07-31T11:29:14.635+0000] {processor.py:183} INFO - Processing /home/airflow/.local/lib/python3.12/site-packages/airflow/example_dags/example_nested_branch_dag.py took 1.134 seconds
[2026-07-31T11:29:57.585+0000] {processor.py:161} INFO - Started process (PID=3373) to work on /home/airflow/.local/lib/python3.12/site-packages/airflow/example_dags/example_nested_branch_dag.py
[2026-07-31T11:29:57.598+0000] {processor.py:830} INFO - Processing file /home/airflow/.local/lib/python3.12/site-packages/airflow/example_dags/example_nested_branch_dag.py for tasks to queue
[2026-07-31T11:29:57.607+0000] {logging_mixin.py:188} INFO - [2026-07-31T11:29:57.605+0000] {dagbag.py:545} INFO - Filling up the DagBag from /home/airflow/.local/lib/python3.12/site-packages/airflow/example_dags/example_nested_branch_dag.py
[2026-07-31T11:29:57.685+0000] {processor.py:840} INFO - DAG(s) 'example_nested_branch_dag' retrieved from /home/airflow/.local/lib/python3.12/site-packages/airflow/example_dags/example_nested_branch_dag.py
[2026-07-31T11:29:57.864+0000] {logging_mixin.py:188} INFO - [2026-07-31T11:29:57.863+0000] {dag.py:3089} INFO - Sync 1 DAGs
[2026-07-31T11:29:58.098+0000] {logging_mixin.py:188} INFO - [2026-07-31T11:29:58.090+0000] {dag.py:3947} INFO - Setting next_dagrun for example_nested_branch_dag to 2026-07-30 00:00:00+00:00, run_after=2026-07-31 00:00:00+00:00
[2026-07-31T11:29:58.236+0000] {processor.py:183} INFO - Processing /home/airflow/.local/lib/python3.12/site-packages/airflow/example_dags/example_nested_branch_dag.py took 0.687 seconds
[2026-07-31T11:30:36.436+0000] {processor.py:161} INFO - Started process (PID=3429) to work on /home/airflow/.local/lib/python3.12/site-packages/airflow/example_dags/example_nested_branch_dag.py
[2026-07-31T11:30:36.445+0000] {processor.py:830} INFO - Processing file /home/airflow/.local/lib/python3.12/site-packages/airflow/example_dags/example_nested_branch_dag.py for tasks to queue
[2026-07-31T11:30:36.454+0000] {logging_mixin.py:188} INFO - [2026-07-31T11:30:36.453+0000] {dagbag.py:545} INFO - Filling up the DagBag from /home/airflow/.local/lib/python3.12/site-packages/airflow/example_dags/example_nested_branch_dag.py
[2026-07-31T11:30:36.496+0000] {processor.py:840} INFO - DAG(s) 'example_nested_branch_dag' retrieved from /home/airflow/.local/lib/python3.12/site-packages/airflow/example_dags/example_nested_branch_dag.py
[2026-07-31T11:30:36.602+0000] {logging_mixin.py:188} INFO - [2026-07-31T11:30:36.601+0000] {dag.py:3089} INFO - Sync 1 DAGs
[2026-07-31T11:30:36.748+0000] {logging_mixin.py:188} INFO - [2026-07-31T11:30:36.747+0000] {dag.py:3947} INFO - Setting next_dagrun for example_nested_branch_dag to 2026-07-30 00:00:00+00:00, run_after=2026-07-31 00:00:00+00:00
[2026-07-31T11:30:36.852+0000] {processor.py:183} INFO - Processing /home/airflow/.local/lib/python3.12/site-packages/airflow/example_dags/example_nested_branch_dag.py took 0.439 seconds
[2026-07-31T11:31:06.989+0000] {processor.py:161} INFO - Started process (PID=3487) to work on /home/airflow/.local/lib/python3.12/site-packages/airflow/example_dags/example_nested_branch_dag.py
[2026-07-31T11:31:06.992+0000] {processor.py:830} INFO - Processing file /home/airflow/.local/lib/python3.12/site-packages/airflow/example_dags/example_nested_branch_dag.py for tasks to queue
[2026-07-31T11:31:06.997+0000] {logging_mixin.py:188} INFO - [2026-07-31T11:31:06.996+0000] {dagbag.py:545} INFO - Filling up the DagBag from /home/airflow/.local/lib/python3.12/site-packages/airflow/example_dags/example_nested_branch_dag.py
[2026-07-31T11:31:07.033+0000] {processor.py:840} INFO - DAG(s) 'example_nested_branch_dag' retrieved from /home/airflow/.local/lib/python3.12/site-packages/airflow/example_dags/example_nested_branch_dag.py
[2026-07-31T11:31:07.163+0000] {logging_mixin.py:188} INFO - [2026-07-31T11:31:07.162+0000] {dag.py:3089} INFO - Sync 1 DAGs
[2026-07-31T11:31:07.290+0000] {logging_mixin.py:188} INFO - [2026-07-31T11:31:07.288+0000] {dag.py:3947} INFO - Setting next_dagrun for example_nested_branch_dag to 2026-07-30 00:00:00+00:00, run_after=2026-07-31 00:00:00+00:00
[2026-07-31T11:31:07.384+0000] {processor.py:183} INFO - Processing /home/airflow/.local/lib/python3.12/site-packages/airflow/example_dags/example_nested_branch_dag.py took 0.411 seconds
[2026-07-31T11:31:37.774+0000] {processor.py:161} INFO - Started process (PID=3545) to work on /home/airflow/.local/lib/python3.12/site-packages/airflow/example_dags/example_nested_branch_dag.py
[2026-07-31T11:31:37.778+0000] {processor.py:830} INFO - Processing file /home/airflow/.local/lib/python3.12/site-packages/airflow/example_dags/example_nested_branch_dag.py for tasks to queue
[2026-07-31T11:31:37.784+0000] {logging_mixin.py:188} INFO - [2026-07-31T11:31:37.783+0000] {dagbag.py:545} INFO - Filling up the DagBag from /home/airflow/.local/lib/python3.12/site-packages/airflow/example_dags/example_nested_branch_dag.py
[2026-07-31T11:31:37.817+0000] {processor.py:840} INFO - DAG(s) 'example_nested_branch_dag' retrieved from /home/airflow/.local/lib/python3.12/site-packages/airflow/example_dags/example_nested_branch_dag.py
[2026-07-31T11:31:37.895+0000] {logging_mixin.py:188} INFO - [2026-07-31T11:31:37.895+0000] {dag.py:3089} INFO - Sync 1 DAGs
[2026-07-31T11:31:38.002+0000] {logging_mixin.py:188} INFO - [2026-07-31T11:31:38.001+0000] {dag.py:3947} INFO - Setting next_dagrun for example_nested_branch_dag to 2026-07-30 00:00:00+00:00, run_after=2026-07-31 00:00:00+00:00
[2026-07-31T11:31:38.077+0000] {processor.py:183} INFO - Processing /home/airflow/.local/lib/python3.12/site-packages/airflow/example_dags/example_nested_branch_dag.py took 0.323 seconds
[2026-07-31T11:32:09.003+0000] {processor.py:161} INFO - Started process (PID=3603) to work on /home/airflow/.local/lib/python3.12/site-packages/airflow/example_dags/example_nested_branch_dag.py
[2026-07-31T11:32:09.009+0000] {processor.py:830} INFO - Processing file /home/airflow/.local/lib/python3.12/site-packages/airflow/example_dags/example_nested_branch_dag.py for tasks to queue
[2026-07-31T11:32:09.023+0000] {logging_mixin.py:188} INFO - [2026-07-31T11:32:09.021+0000] {dagbag.py:545} INFO - Filling up the DagBag from /home/airflow/.local/lib/python3.12/site-packages/airflow/example_dags/example_nested_branch_dag.py
[2026-07-31T11:32:09.070+0000] {processor.py:840} INFO - DAG(s) 'example_nested_branch_dag' retrieved from /home/airflow/.local/lib/python3.12/site-packages/airflow/example_dags/example_nested_branch_dag.py
[2026-07-31T11:32:09.137+0000] {logging_mixin.py:188} INFO - [2026-07-31T11:32:09.136+0000] {dag.py:3089} INFO - Sync 1 DAGs
[2026-07-31T11:32:09.208+0000] {logging_mixin.py:188} INFO - [2026-07-31T11:32:09.208+0000] {dag.py:3947} INFO - Setting next_dagrun for example_nested_branch_dag to 2026-07-30 00:00:00+00:00, run_after=2026-07-31 00:00:00+00:00
[2026-07-31T11:32:09.273+0000] {processor.py:183} INFO - Processing /home/airflow/.local/lib/python3.12/site-packages/airflow/example_dags/example_nested_branch_dag.py took 0.296 seconds
[2026-07-31T11:32:43.796+0000] {processor.py:161} INFO - Started process (PID=3667) to work on /home/airflow/.local/lib/python3.12/site-packages/airflow/example_dags/example_nested_branch_dag.py
[2026-07-31T11:32:43.811+0000] {processor.py:830} INFO - Processing file /home/airflow/.local/lib/python3.12/site-packages/airflow/example_dags/example_nested_branch_dag.py for tasks to queue
[2026-07-31T11:32:43.829+0000] {logging_mixin.py:188} INFO - [2026-07-31T11:32:43.818+0000] {dagbag.py:545} INFO - Filling up the DagBag from /home/airflow/.local/lib/python3.12/site-packages/airflow/example_dags/example_nested_branch_dag.py
[2026-07-31T11:32:43.945+0000] {processor.py:840} INFO - DAG(s) 'example_nested_branch_dag' retrieved from /home/airflow/.local/lib/python3.12/site-packages/airflow/example_dags/example_nested_branch_dag.py
[2026-07-31T11:32:44.205+0000] {logging_mixin.py:188} INFO - [2026-07-31T11:32:44.195+0000] {dag.py:3089} INFO - Sync 1 DAGs
[2026-07-31T11:32:44.518+0000] {logging_mixin.py:188} INFO - [2026-07-31T11:32:44.517+0000] {dag.py:3947} INFO - Setting next_dagrun for example_nested_branch_dag to 2026-07-30 00:00:00+00:00, run_after=2026-07-31 00:00:00+00:00
[2026-07-31T11:32:44.867+0000] {processor.py:183} INFO - Processing /home/airflow/.local/lib/python3.12/site-packages/airflow/example_dags/example_nested_branch_dag.py took 1.126 seconds
[2026-07-31T11:34:04.460+0000] {processor.py:161} INFO - Started process (PID=3727) to work on /home/airflow/.local/lib/python3.12/site-packages/airflow/example_dags/example_nested_branch_dag.py
[2026-07-31T11:34:04.693+0000] {processor.py:830} INFO - Processing file /home/airflow/.local/lib/python3.12/site-packages/airflow/example_dags/example_nested_branch_dag.py for tasks to queue
[2026-07-31T11:34:05.858+0000] {logging_mixin.py:188} INFO - [2026-07-31T11:34:05.822+0000] {dagbag.py:545} INFO - Filling up the DagBag from /home/airflow/.local/lib/python3.12/site-packages/airflow/example_dags/example_nested_branch_dag.py
[2026-07-31T11:34:07.550+0000] {processor.py:840} INFO - DAG(s) 'example_nested_branch_dag' retrieved from /home/airflow/.local/lib/python3.12/site-packages/airflow/example_dags/example_nested_branch_dag.py
[2026-07-31T11:34:08.472+0000] {logging_mixin.py:188} INFO - [2026-07-31T11:34:08.471+0000] {dag.py:3089} INFO - Sync 1 DAGs
[2026-07-31T11:34:09.510+0000] {logging_mixin.py:188} INFO - [2026-07-31T11:34:09.507+0000] {dag.py:3947} INFO - Setting next_dagrun for example_nested_branch_dag to 2026-07-30 00:00:00+00:00, run_after=2026-07-31 00:00:00+00:00
[2026-07-31T11:34:10.044+0000] {processor.py:183} INFO - Processing /home/airflow/.local/lib/python3.12/site-packages/airflow/example_dags/example_nested_branch_dag.py took 6.325 seconds
[2026-07-31T11:34:40.755+0000] {processor.py:161} INFO - Started process (PID=3786) to work on /home/airflow/.local/lib/python3.12/site-packages/airflow/example_dags/example_nested_branch_dag.py
[2026-07-31T11:34:40.758+0000] {processor.py:830} INFO - Processing file /home/airflow/.local/lib/python3.12/site-packages/airflow/example_dags/example_nested_branch_dag.py for tasks to queue
[2026-07-31T11:34:40.763+0000] {logging_mixin.py:188} INFO - [2026-07-31T11:34:40.762+0000] {dagbag.py:545} INFO - Filling up the DagBag from /home/airflow/.local/lib/python3.12/site-packages/airflow/example_dags/example_nested_branch_dag.py
[2026-07-31T11:34:40.788+0000] {processor.py:840} INFO - DAG(s) 'example_nested_branch_dag' retrieved from /home/airflow/.local/lib/python3.12/site-packages/airflow/example_dags/example_nested_branch_dag.py
[2026-07-31T11:34:40.853+0000] {logging_mixin.py:188} INFO - [2026-07-31T11:34:40.852+0000] {dag.py:3089} INFO - Sync 1 DAGs
[2026-07-31T11:34:40.919+0000] {logging_mixin.py:188} INFO - [2026-07-31T11:34:40.918+0000] {dag.py:3947} INFO - Setting next_dagrun for example_nested_branch_dag to 2026-07-30 00:00:00+00:00, run_after=2026-07-31 00:00:00+00:00
[2026-07-31T11:34:40.984+0000] {processor.py:183} INFO - Processing /home/airflow/.local/lib/python3.12/site-packages/airflow/example_dags/example_nested_branch_dag.py took 0.244 seconds
[2026-07-31T11:35:11.729+0000] {processor.py:161} INFO - Started process (PID=3844) to work on /home/airflow/.local/lib/python3.12/site-packages/airflow/example_dags/example_nested_branch_dag.py
[2026-07-31T11:35:11.731+0000] {processor.py:830} INFO - Processing file /home/airflow/.local/lib/python3.12/site-packages/airflow/example_dags/example_nested_branch_dag.py for tasks to queue
[2026-07-31T11:35:11.734+0000] {logging_mixin.py:188} INFO - [2026-07-31T11:35:11.734+0000] {dagbag.py:545} INFO - Filling up the DagBag from /home/airflow/.local/lib/python3.12/site-packages/airflow/example_dags/example_nested_branch_dag.py
[2026-07-31T11:35:11.751+0000] {processor.py:840} INFO - DAG(s) 'example_nested_branch_dag' retrieved from /home/airflow/.local/lib/python3.12/site-packages/airflow/example_dags/example_nested_branch_dag.py
[2026-07-31T11:35:11.787+0000] {logging_mixin.py:188} INFO - [2026-07-31T11:35:11.787+0000] {dag.py:3089} INFO - Sync 1 DAGs
[2026-07-31T11:35:11.826+0000] {logging_mixin.py:188} INFO - [2026-07-31T11:35:11.826+0000] {dag.py:3947} INFO - Setting next_dagrun for example_nested_branch_dag to 2026-07-30 00:00:00+00:00, run_after=2026-07-31 00:00:00+00:00
[2026-07-31T11:35:11.865+0000] {processor.py:183} INFO - Processing /home/airflow/.local/lib/python3.12/site-packages/airflow/example_dags/example_nested_branch_dag.py took 0.146 seconds
[2026-07-31T11:35:42.229+0000] {processor.py:161} INFO - Started process (PID=3903) to work on /home/airflow/.local/lib/python3.12/site-packages/airflow/example_dags/example_nested_branch_dag.py
[2026-07-31T11:35:42.233+0000] {processor.py:830} INFO - Processing file /home/airflow/.local/lib/python3.12/site-packages/airflow/example_dags/example_nested_branch_dag.py for tasks to queue
[2026-07-31T11:35:42.237+0000] {logging_mixin.py:188} INFO - [2026-07-31T11:35:42.236+0000] {dagbag.py:545} INFO - Filling up the DagBag from /home/airflow/.local/lib/python3.12/site-packages/airflow/example_dags/example_nested_branch_dag.py
[2026-07-31T11:35:42.257+0000] {processor.py:840} INFO - DAG(s) 'example_nested_branch_dag' retrieved from /home/airflow/.local/lib/python3.12/site-packages/airflow/example_dags/example_nested_branch_dag.py
[2026-07-31T11:35:42.290+0000] {logging_mixin.py:188} INFO - [2026-07-31T11:35:42.289+0000] {dag.py:3089} INFO - Sync 1 DAGs
[2026-07-31T11:35:42.327+0000] {logging_mixin.py:188} INFO - [2026-07-31T11:35:42.326+0000] {dag.py:3947} INFO - Setting next_dagrun for example_nested_branch_dag to 2026-07-30 00:00:00+00:00, run_after=2026-07-31 00:00:00+00:00
[2026-07-31T11:35:42.362+0000] {processor.py:183} INFO - Processing /home/airflow/.local/lib/python3.12/site-packages/airflow/example_dags/example_nested_branch_dag.py took 0.145 seconds
[2026-07-31T11:36:12.827+0000] {processor.py:161} INFO - Started process (PID=3961) to work on /home/airflow/.local/lib/python3.12/site-packages/airflow/example_dags/example_nested_branch_dag.py
[2026-07-31T11:36:12.829+0000] {processor.py:830} INFO - Processing file /home/airflow/.local/lib/python3.12/site-packages/airflow/example_dags/example_nested_branch_dag.py for tasks to queue
[2026-07-31T11:36:12.833+0000] {logging_mixin.py:188} INFO - [2026-07-31T11:36:12.833+0000] {dagbag.py:545} INFO - Filling up the DagBag from /home/airflow/.local/lib/python3.12/site-packages/airflow/example_dags/example_nested_branch_dag.py
[2026-07-31T11:36:12.859+0000] {processor.py:840} INFO - DAG(s) 'example_nested_branch_dag' retrieved from /home/airflow/.local/lib/python3.12/site-packages/airflow/example_dags/example_nested_branch_dag.py
[2026-07-31T11:36:12.901+0000] {logging_mixin.py:188} INFO - [2026-07-31T11:36:12.901+0000] {dag.py:3089} INFO - Sync 1 DAGs
[2026-07-31T11:36:12.946+0000] {logging_mixin.py:188} INFO - [2026-07-31T11:36:12.946+0000] {dag.py:3947} INFO - Setting next_dagrun for example_nested_branch_dag to 2026-07-30 00:00:00+00:00, run_after=2026-07-31 00:00:00+00:00
[2026-07-31T11:36:12.978+0000] {processor.py:183} INFO - Processing /home/airflow/.local/lib/python3.12/site-packages/airflow/example_dags/example_nested_branch_dag.py took 0.163 seconds
[2026-07-31T11:36:45.923+0000] {processor.py:161} INFO - Started process (PID=4020) to work on /home/airflow/.local/lib/python3.12/site-packages/airflow/example_dags/example_nested_branch_dag.py
[2026-07-31T11:36:45.926+0000] {processor.py:830} INFO - Processing file /home/airflow/.local/lib/python3.12/site-packages/airflow/example_dags/example_nested_branch_dag.py for tasks to queue
[2026-07-31T11:36:45.932+0000] {logging_mixin.py:188} INFO - [2026-07-31T11:36:45.931+0000] {dagbag.py:545} INFO - Filling up the DagBag from /home/airflow/.local/lib/python3.12/site-packages/airflow/example_dags/example_nested_branch_dag.py
[2026-07-31T11:36:45.960+0000] {processor.py:840} INFO - DAG(s) 'example_nested_branch_dag' retrieved from /home/airflow/.local/lib/python3.12/site-packages/airflow/example_dags/example_nested_branch_dag.py
[2026-07-31T11:36:46.036+0000] {logging_mixin.py:188} INFO - [2026-07-31T11:36:46.035+0000] {dag.py:3089} INFO - Sync 1 DAGs
[2026-07-31T11:36:46.133+0000] {logging_mixin.py:188} INFO - [2026-07-31T11:36:46.132+0000] {dag.py:3947} INFO - Setting next_dagrun for example_nested_branch_dag to 2026-07-30 00:00:00+00:00, run_after=2026-07-31 00:00:00+00:00
[2026-07-31T11:36:46.172+0000] {processor.py:183} INFO - Processing /home/airflow/.local/lib/python3.12/site-packages/airflow/example_dags/example_nested_branch_dag.py took 0.280 seconds
[2026-07-31T11:37:16.584+0000] {processor.py:161} INFO - Started process (PID=4078) to work on /home/airflow/.local/lib/python3.12/site-packages/airflow/example_dags/example_nested_branch_dag.py
[2026-07-31T11:37:16.586+0000] {processor.py:830} INFO - Processing file /home/airflow/.local/lib/python3.12/site-packages/airflow/example_dags/example_nested_branch_dag.py for tasks to queue
[2026-07-31T11:37:16.590+0000] {logging_mixin.py:188} INFO - [2026-07-31T11:37:16.590+0000] {dagbag.py:545} INFO - Filling up the DagBag from /home/airflow/.local/lib/python3.12/site-packages/airflow/example_dags/example_nested_branch_dag.py
[2026-07-31T11:37:16.614+0000] {processor.py:840} INFO - DAG(s) 'example_nested_branch_dag' retrieved from /home/airflow/.local/lib/python3.12/site-packages/airflow/example_dags/example_nested_branch_dag.py
[2026-07-31T11:37:16.659+0000] {logging_mixin.py:188} INFO - [2026-07-31T11:37:16.658+0000] {dag.py:3089} INFO - Sync 1 DAGs
[2026-07-31T11:37:16.709+0000] {logging_mixin.py:188} INFO - [2026-07-31T11:37:16.709+0000] {dag.py:3947} INFO - Setting next_dagrun for example_nested_branch_dag to 2026-07-30 00:00:00+00:00, run_after=2026-07-31 00:00:00+00:00
[2026-07-31T11:37:16.750+0000] {processor.py:183} INFO - Processing /home/airflow/.local/lib/python3.12/site-packages/airflow/example_dags/example_nested_branch_dag.py took 0.181 seconds
[2026-07-31T11:37:48.115+0000] {processor.py:161} INFO - Started process (PID=4136) to work on /home/airflow/.local/lib/python3.12/site-packages/airflow/example_dags/example_nested_branch_dag.py
[2026-07-31T11:37:48.118+0000] {processor.py:830} INFO - Processing file /home/airflow/.local/lib/python3.12/site-packages/airflow/example_dags/example_nested_branch_dag.py for tasks to queue
[2026-07-31T11:37:48.125+0000] {logging_mixin.py:188} INFO - [2026-07-31T11:37:48.124+0000] {dagbag.py:545} INFO - Filling up the DagBag from /home/airflow/.local/lib/python3.12/site-packages/airflow/example_dags/example_nested_branch_dag.py
[2026-07-31T11:37:48.167+0000] {processor.py:840} INFO - DAG(s) 'example_nested_branch_dag' retrieved from /home/airflow/.local/lib/python3.12/site-packages/airflow/example_dags/example_nested_branch_dag.py
[2026-07-31T11:37:48.258+0000] {logging_mixin.py:188} INFO - [2026-07-31T11:37:48.257+0000] {dag.py:3089} INFO - Sync 1 DAGs
[2026-07-31T11:37:48.319+0000] {logging_mixin.py:188} INFO - [2026-07-31T11:37:48.318+0000] {dag.py:3947} INFO - Setting next_dagrun for example_nested_branch_dag to 2026-07-30 00:00:00+00:00, run_after=2026-07-31 00:00:00+00:00
[2026-07-31T11:37:48.377+0000] {processor.py:183} INFO - Processing /home/airflow/.local/lib/python3.12/site-packages/airflow/example_dags/example_nested_branch_dag.py took 0.281 seconds
[2026-07-31T11:38:21.812+0000] {processor.py:161} INFO - Started process (PID=4194) to work on /home/airflow/.local/lib/python3.12/site-packages/airflow/example_dags/example_nested_branch_dag.py
[2026-07-31T11:38:21.815+0000] {processor.py:830} INFO - Processing file /home/airflow/.local/lib/python3.12/site-packages/airflow/example_dags/example_nested_branch_dag.py for tasks to queue
[2026-07-31T11:38:21.821+0000] {logging_mixin.py:188} INFO - [2026-07-31T11:38:21.820+0000] {dagbag.py:545} INFO - Filling up the DagBag from /home/airflow/.local/lib/python3.12/site-packages/airflow/example_dags/example_nested_branch_dag.py
[2026-07-31T11:38:21.890+0000] {processor.py:840} INFO - DAG(s) 'example_nested_branch_dag' retrieved from /home/airflow/.local/lib/python3.12/site-packages/airflow/example_dags/example_nested_branch_dag.py
[2026-07-31T11:38:21.976+0000] {logging_mixin.py:188} INFO - [2026-07-31T11:38:21.975+0000] {dag.py:3089} INFO - Sync 1 DAGs
[2026-07-31T11:38:22.089+0000] {logging_mixin.py:188} INFO - [2026-07-31T11:38:22.088+0000] {dag.py:3947} INFO - Setting next_dagrun for example_nested_branch_dag to 2026-07-30 00:00:00+00:00, run_after=2026-07-31 00:00:00+00:00
[2026-07-31T11:38:22.174+0000] {processor.py:183} INFO - Processing /home/airflow/.local/lib/python3.12/site-packages/airflow/example_dags/example_nested_branch_dag.py took 0.382 seconds
[2026-07-31T11:38:52.391+0000] {processor.py:161} INFO - Started process (PID=4250) to work on /home/airflow/.local/lib/python3.12/site-packages/airflow/example_dags/example_nested_branch_dag.py
[2026-07-31T11:38:52.395+0000] {processor.py:830} INFO - Processing file /home/airflow/.local/lib/python3.12/site-packages/airflow/example_dags/example_nested_branch_dag.py for tasks to queue
[2026-07-31T11:38:52.401+0000] {logging_mixin.py:188} INFO - [2026-07-31T11:38:52.401+0000] {dagbag.py:545} INFO - Filling up the DagBag from /home/airflow/.local/lib/python3.12/site-packages/airflow/example_dags/example_nested_branch_dag.py
[2026-07-31T11:38:52.441+0000] {processor.py:840} INFO - DAG(s) 'example_nested_branch_dag' retrieved from /home/airflow/.local/lib/python3.12/site-packages/airflow/example_dags/example_nested_branch_dag.py
[2026-07-31T11:38:52.510+0000] {logging_mixin.py:188} INFO - [2026-07-31T11:38:52.509+0000] {dag.py:3089} INFO - Sync 1 DAGs
[2026-07-31T11:38:52.578+0000] {logging_mixin.py:188} INFO - [2026-07-31T11:38:52.578+0000] {dag.py:3947} INFO - Setting next_dagrun for example_nested_branch_dag to 2026-07-30 00:00:00+00:00, run_after=2026-07-31 00:00:00+00:00
[2026-07-31T11:38:52.666+0000] {processor.py:183} INFO - Processing /home/airflow/.local/lib/python3.12/site-packages/airflow/example_dags/example_nested_branch_dag.py took 0.296 seconds
[2026-07-31T11:39:22.899+0000] {processor.py:161} INFO - Started process (PID=4306) to work on /home/airflow/.local/lib/python3.12/site-packages/airflow/example_dags/example_nested_branch_dag.py
[2026-07-31T11:39:22.902+0000] {processor.py:830} INFO - Processing file /home/airflow/.local/lib/python3.12/site-packages/airflow/example_dags/example_nested_branch_dag.py for tasks to queue
[2026-07-31T11:39:22.908+0000] {logging_mixin.py:188} INFO - [2026-07-31T11:39:22.907+0000] {dagbag.py:545} INFO - Filling up the DagBag from /home/airflow/.local/lib/python3.12/site-packages/airflow/example_dags/example_nested_branch_dag.py
[2026-07-31T11:39:22.937+0000] {processor.py:840} INFO - DAG(s) 'example_nested_branch_dag' retrieved from /home/airflow/.local/lib/python3.12/site-packages/airflow/example_dags/example_nested_branch_dag.py
[2026-07-31T11:39:23.013+0000] {logging_mixin.py:188} INFO - [2026-07-31T11:39:23.012+0000] {dag.py:3089} INFO - Sync 1 DAGs
[2026-07-31T11:39:23.074+0000] {logging_mixin.py:188} INFO - [2026-07-31T11:39:23.073+0000] {dag.py:3947} INFO - Setting next_dagrun for example_nested_branch_dag to 2026-07-30 00:00:00+00:00, run_after=2026-07-31 00:00:00+00:00
[2026-07-31T11:39:23.105+0000] {processor.py:183} INFO - Processing /home/airflow/.local/lib/python3.12/site-packages/airflow/example_dags/example_nested_branch_dag.py took 0.217 seconds
[2026-07-31T11:39:54.043+0000] {processor.py:161} INFO - Started process (PID=4363) to work on /home/airflow/.local/lib/python3.12/site-packages/airflow/example_dags/example_nested_branch_dag.py
[2026-07-31T11:39:54.057+0000] {processor.py:830} INFO - Processing file /home/airflow/.local/lib/python3.12/site-packages/airflow/example_dags/example_nested_branch_dag.py for tasks to queue
[2026-07-31T11:39:54.073+0000] {logging_mixin.py:188} INFO - [2026-07-31T11:39:54.072+0000] {dagbag.py:545} INFO - Filling up the DagBag from /home/airflow/.local/lib/python3.12/site-packages/airflow/example_dags/example_nested_branch_dag.py
[2026-07-31T11:39:54.111+0000] {processor.py:840} INFO - DAG(s) 'example_nested_branch_dag' retrieved from /home/airflow/.local/lib/python3.12/site-packages/airflow/example_dags/example_nested_branch_dag.py
[2026-07-31T11:39:54.175+0000] {logging_mixin.py:188} INFO - [2026-07-31T11:39:54.174+0000] {dag.py:3089} INFO - Sync 1 DAGs
[2026-07-31T11:39:54.241+0000] {logging_mixin.py:188} INFO - [2026-07-31T11:39:54.240+0000] {dag.py:3947} INFO - Setting next_dagrun for example_nested_branch_dag to 2026-07-30 00:00:00+00:00, run_after=2026-07-31 00:00:00+00:00
[2026-07-31T11:39:54.312+0000] {processor.py:183} INFO - Processing /home/airflow/.local/lib/python3.12/site-packages/airflow/example_dags/example_nested_branch_dag.py took 0.315 seconds
[2026-07-31T11:40:24.709+0000] {processor.py:161} INFO - Started process (PID=4421) to work on /home/airflow/.local/lib/python3.12/site-packages/airflow/example_dags/example_nested_branch_dag.py
[2026-07-31T11:40:24.711+0000] {processor.py:830} INFO - Processing file /home/airflow/.local/lib/python3.12/site-packages/airflow/example_dags/example_nested_branch_dag.py for tasks to queue
[2026-07-31T11:40:24.715+0000] {logging_mixin.py:188} INFO - [2026-07-31T11:40:24.714+0000] {dagbag.py:545} INFO - Filling up the DagBag from /home/airflow/.local/lib/python3.12/site-packages/airflow/example_dags/example_nested_branch_dag.py
[2026-07-31T11:40:24.734+0000] {processor.py:840} INFO - DAG(s) 'example_nested_branch_dag' retrieved from /home/airflow/.local/lib/python3.12/site-packages/airflow/example_dags/example_nested_branch_dag.py
[2026-07-31T11:40:24.774+0000] {logging_mixin.py:188} INFO - [2026-07-31T11:40:24.774+0000] {dag.py:3089} INFO - Sync 1 DAGs
[2026-07-31T11:40:24.835+0000] {logging_mixin.py:188} INFO - [2026-07-31T11:40:24.835+0000] {dag.py:3947} INFO - Setting next_dagrun for example_nested_branch_dag to 2026-07-30 00:00:00+00:00, run_after=2026-07-31 00:00:00+00:00
[2026-07-31T11:40:24.885+0000] {processor.py:183} INFO - Processing /home/airflow/.local/lib/python3.12/site-packages/airflow/example_dags/example_nested_branch_dag.py took 0.185 seconds
