[2026-07-31T10:53:24.925+0000] {processor.py:161} INFO - Started process (PID=135) to work on /home/airflow/.local/lib/python3.12/site-packages/airflow/example_dags/tutorial_objectstorage.py
[2026-07-31T10:53:24.956+0000] {processor.py:830} INFO - Processing file /home/airflow/.local/lib/python3.12/site-packages/airflow/example_dags/tutorial_objectstorage.py for tasks to queue
[2026-07-31T10:53:24.977+0000] {logging_mixin.py:188} INFO - [2026-07-31T10:53:24.976+0000] {dagbag.py:545} INFO - Filling up the DagBag from /home/airflow/.local/lib/python3.12/site-packages/airflow/example_dags/tutorial_objectstorage.py
[2026-07-31T10:53:25.301+0000] {processor.py:840} INFO - DAG(s) 'tutorial_objectstorage' retrieved from /home/airflow/.local/lib/python3.12/site-packages/airflow/example_dags/tutorial_objectstorage.py
[2026-07-31T10:53:26.171+0000] {logging_mixin.py:188} INFO - [2026-07-31T10:53:26.170+0000] {dag.py:3089} INFO - Sync 1 DAGs
[2026-07-31T10:53:26.313+0000] {logging_mixin.py:188} INFO - [2026-07-31T10:53:26.312+0000] {dag.py:3947} INFO - Setting next_dagrun for tutorial_objectstorage to None, run_after=None
[2026-07-31T10:53:26.568+0000] {processor.py:183} INFO - Processing /home/airflow/.local/lib/python3.12/site-packages/airflow/example_dags/tutorial_objectstorage.py took 1.778 seconds
[2026-07-31T10:54:39.661+0000] {processor.py:161} INFO - Started process (PID=198) to work on /home/airflow/.local/lib/python3.12/site-packages/airflow/example_dags/tutorial_objectstorage.py
[2026-07-31T10:54:39.664+0000] {processor.py:830} INFO - Processing file /home/airflow/.local/lib/python3.12/site-packages/airflow/example_dags/tutorial_objectstorage.py for tasks to queue
[2026-07-31T10:54:39.673+0000] {logging_mixin.py:188} INFO - [2026-07-31T10:54:39.672+0000] {dagbag.py:545} INFO - Filling up the DagBag from /home/airflow/.local/lib/python3.12/site-packages/airflow/example_dags/tutorial_objectstorage.py
[2026-07-31T10:54:39.762+0000] {processor.py:840} INFO - DAG(s) 'tutorial_objectstorage' retrieved from /home/airflow/.local/lib/python3.12/site-packages/airflow/example_dags/tutorial_objectstorage.py
[2026-07-31T10:54:39.926+0000] {logging_mixin.py:188} INFO - [2026-07-31T10:54:39.925+0000] {dag.py:3089} INFO - Sync 1 DAGs
[2026-07-31T10:54:40.026+0000] {logging_mixin.py:188} INFO - [2026-07-31T10:54:40.025+0000] {dag.py:3947} INFO - Setting next_dagrun for tutorial_objectstorage to None, run_after=None
[2026-07-31T10:54:40.425+0000] {processor.py:183} INFO - Processing /home/airflow/.local/lib/python3.12/site-packages/airflow/example_dags/tutorial_objectstorage.py took 0.807 seconds
[2026-07-31T10:55:23.532+0000] {processor.py:161} INFO - Started process (PID=256) to work on /home/airflow/.local/lib/python3.12/site-packages/airflow/example_dags/tutorial_objectstorage.py
[2026-07-31T10:55:23.539+0000] {processor.py:830} INFO - Processing file /home/airflow/.local/lib/python3.12/site-packages/airflow/example_dags/tutorial_objectstorage.py for tasks to queue
[2026-07-31T10:55:23.558+0000] {logging_mixin.py:188} INFO - [2026-07-31T10:55:23.558+0000] {dagbag.py:545} INFO - Filling up the DagBag from /home/airflow/.local/lib/python3.12/site-packages/airflow/example_dags/tutorial_objectstorage.py
[2026-07-31T10:55:23.691+0000] {processor.py:840} INFO - DAG(s) 'tutorial_objectstorage' retrieved from /home/airflow/.local/lib/python3.12/site-packages/airflow/example_dags/tutorial_objectstorage.py
[2026-07-31T10:55:23.820+0000] {logging_mixin.py:188} INFO - [2026-07-31T10:55:23.819+0000] {dag.py:3089} INFO - Sync 1 DAGs
[2026-07-31T10:55:23.887+0000] {logging_mixin.py:188} INFO - [2026-07-31T10:55:23.886+0000] {dag.py:3947} INFO - Setting next_dagrun for tutorial_objectstorage to None, run_after=None
[2026-07-31T10:55:24.010+0000] {processor.py:183} INFO - Processing /home/airflow/.local/lib/python3.12/site-packages/airflow/example_dags/tutorial_objectstorage.py took 0.523 seconds
[2026-07-31T10:55:54.603+0000] {processor.py:161} INFO - Started process (PID=312) to work on /home/airflow/.local/lib/python3.12/site-packages/airflow/example_dags/tutorial_objectstorage.py
[2026-07-31T10:55:54.605+0000] {processor.py:830} INFO - Processing file /home/airflow/.local/lib/python3.12/site-packages/airflow/example_dags/tutorial_objectstorage.py for tasks to queue
[2026-07-31T10:55:54.608+0000] {logging_mixin.py:188} INFO - [2026-07-31T10:55:54.607+0000] {dagbag.py:545} INFO - Filling up the DagBag from /home/airflow/.local/lib/python3.12/site-packages/airflow/example_dags/tutorial_objectstorage.py
[2026-07-31T10:55:54.620+0000] {processor.py:840} INFO - DAG(s) 'tutorial_objectstorage' retrieved from /home/airflow/.local/lib/python3.12/site-packages/airflow/example_dags/tutorial_objectstorage.py
[2026-07-31T10:55:54.668+0000] {logging_mixin.py:188} INFO - [2026-07-31T10:55:54.667+0000] {dag.py:3089} INFO - Sync 1 DAGs
[2026-07-31T10:55:54.702+0000] {logging_mixin.py:188} INFO - [2026-07-31T10:55:54.701+0000] {dag.py:3947} INFO - Setting next_dagrun for tutorial_objectstorage to None, run_after=None
[2026-07-31T10:55:54.752+0000] {processor.py:183} INFO - Processing /home/airflow/.local/lib/python3.12/site-packages/airflow/example_dags/tutorial_objectstorage.py took 0.160 seconds
[2026-07-31T10:56:25.500+0000] {processor.py:161} INFO - Started process (PID=370) to work on /home/airflow/.local/lib/python3.12/site-packages/airflow/example_dags/tutorial_objectstorage.py
[2026-07-31T10:56:25.502+0000] {processor.py:830} INFO - Processing file /home/airflow/.local/lib/python3.12/site-packages/airflow/example_dags/tutorial_objectstorage.py for tasks to queue
[2026-07-31T10:56:25.504+0000] {logging_mixin.py:188} INFO - [2026-07-31T10:56:25.504+0000] {dagbag.py:545} INFO - Filling up the DagBag from /home/airflow/.local/lib/python3.12/site-packages/airflow/example_dags/tutorial_objectstorage.py
[2026-07-31T10:56:25.516+0000] {processor.py:840} INFO - DAG(s) 'tutorial_objectstorage' retrieved from /home/airflow/.local/lib/python3.12/site-packages/airflow/example_dags/tutorial_objectstorage.py
[2026-07-31T10:56:25.561+0000] {logging_mixin.py:188} INFO - [2026-07-31T10:56:25.560+0000] {dag.py:3089} INFO - Sync 1 DAGs
[2026-07-31T10:56:25.614+0000] {logging_mixin.py:188} INFO - [2026-07-31T10:56:25.613+0000] {dag.py:3947} INFO - Setting next_dagrun for tutorial_objectstorage to None, run_after=None
[2026-07-31T10:56:25.665+0000] {processor.py:183} INFO - Processing /home/airflow/.local/lib/python3.12/site-packages/airflow/example_dags/tutorial_objectstorage.py took 0.174 seconds
[2026-07-31T10:56:58.980+0000] {processor.py:161} INFO - Started process (PID=428) to work on /home/airflow/.local/lib/python3.12/site-packages/airflow/example_dags/tutorial_objectstorage.py
[2026-07-31T10:56:58.983+0000] {processor.py:830} INFO - Processing file /home/airflow/.local/lib/python3.12/site-packages/airflow/example_dags/tutorial_objectstorage.py for tasks to queue
[2026-07-31T10:56:58.987+0000] {logging_mixin.py:188} INFO - [2026-07-31T10:56:58.986+0000] {dagbag.py:545} INFO - Filling up the DagBag from /home/airflow/.local/lib/python3.12/site-packages/airflow/example_dags/tutorial_objectstorage.py
[2026-07-31T10:56:59.015+0000] {processor.py:840} INFO - DAG(s) 'tutorial_objectstorage' retrieved from /home/airflow/.local/lib/python3.12/site-packages/airflow/example_dags/tutorial_objectstorage.py
[2026-07-31T10:56:59.060+0000] {logging_mixin.py:188} INFO - [2026-07-31T10:56:59.060+0000] {dag.py:3089} INFO - Sync 1 DAGs
[2026-07-31T10:56:59.087+0000] {logging_mixin.py:188} INFO - [2026-07-31T10:56:59.087+0000] {dag.py:3947} INFO - Setting next_dagrun for tutorial_objectstorage to None, run_after=None
[2026-07-31T10:56:59.128+0000] {processor.py:183} INFO - Processing /home/airflow/.local/lib/python3.12/site-packages/airflow/example_dags/tutorial_objectstorage.py took 0.160 seconds
[2026-07-31T10:57:33.392+0000] {processor.py:161} INFO - Started process (PID=484) to work on /home/airflow/.local/lib/python3.12/site-packages/airflow/example_dags/tutorial_objectstorage.py
[2026-07-31T10:57:33.397+0000] {processor.py:830} INFO - Processing file /home/airflow/.local/lib/python3.12/site-packages/airflow/example_dags/tutorial_objectstorage.py for tasks to queue
[2026-07-31T10:57:33.408+0000] {logging_mixin.py:188} INFO - [2026-07-31T10:57:33.407+0000] {dagbag.py:545} INFO - Filling up the DagBag from /home/airflow/.local/lib/python3.12/site-packages/airflow/example_dags/tutorial_objectstorage.py
[2026-07-31T10:57:33.455+0000] {processor.py:840} INFO - DAG(s) 'tutorial_objectstorage' retrieved from /home/airflow/.local/lib/python3.12/site-packages/airflow/example_dags/tutorial_objectstorage.py
[2026-07-31T10:57:33.585+0000] {logging_mixin.py:188} INFO - [2026-07-31T10:57:33.584+0000] {dag.py:3089} INFO - Sync 1 DAGs
[2026-07-31T10:57:33.643+0000] {logging_mixin.py:188} INFO - [2026-07-31T10:57:33.642+0000] {dag.py:3947} INFO - Setting next_dagrun for tutorial_objectstorage to None, run_after=None
[2026-07-31T10:57:33.700+0000] {processor.py:183} INFO - Processing /home/airflow/.local/lib/python3.12/site-packages/airflow/example_dags/tutorial_objectstorage.py took 0.339 seconds
[2026-07-31T10:58:05.342+0000] {processor.py:161} INFO - Started process (PID=548) to work on /home/airflow/.local/lib/python3.12/site-packages/airflow/example_dags/tutorial_objectstorage.py
[2026-07-31T10:58:05.346+0000] {processor.py:830} INFO - Processing file /home/airflow/.local/lib/python3.12/site-packages/airflow/example_dags/tutorial_objectstorage.py for tasks to queue
[2026-07-31T10:58:05.351+0000] {logging_mixin.py:188} INFO - [2026-07-31T10:58:05.350+0000] {dagbag.py:545} INFO - Filling up the DagBag from /home/airflow/.local/lib/python3.12/site-packages/airflow/example_dags/tutorial_objectstorage.py
[2026-07-31T10:58:05.370+0000] {processor.py:840} INFO - DAG(s) 'tutorial_objectstorage' retrieved from /home/airflow/.local/lib/python3.12/site-packages/airflow/example_dags/tutorial_objectstorage.py
[2026-07-31T10:58:05.429+0000] {logging_mixin.py:188} INFO - [2026-07-31T10:58:05.428+0000] {dag.py:3089} INFO - Sync 1 DAGs
[2026-07-31T10:58:05.476+0000] {logging_mixin.py:188} INFO - [2026-07-31T10:58:05.476+0000] {dag.py:3947} INFO - Setting next_dagrun for tutorial_objectstorage to None, run_after=None
[2026-07-31T10:58:05.552+0000] {processor.py:183} INFO - Processing /home/airflow/.local/lib/python3.12/site-packages/airflow/example_dags/tutorial_objectstorage.py took 0.227 seconds
[2026-07-31T10:58:36.074+0000] {processor.py:161} INFO - Started process (PID=606) to work on /home/airflow/.local/lib/python3.12/site-packages/airflow/example_dags/tutorial_objectstorage.py
[2026-07-31T10:58:36.078+0000] {processor.py:830} INFO - Processing file /home/airflow/.local/lib/python3.12/site-packages/airflow/example_dags/tutorial_objectstorage.py for tasks to queue
[2026-07-31T10:58:36.083+0000] {logging_mixin.py:188} INFO - [2026-07-31T10:58:36.083+0000] {dagbag.py:545} INFO - Filling up the DagBag from /home/airflow/.local/lib/python3.12/site-packages/airflow/example_dags/tutorial_objectstorage.py
[2026-07-31T10:58:36.106+0000] {processor.py:840} INFO - DAG(s) 'tutorial_objectstorage' retrieved from /home/airflow/.local/lib/python3.12/site-packages/airflow/example_dags/tutorial_objectstorage.py
[2026-07-31T10:58:36.153+0000] {logging_mixin.py:188} INFO - [2026-07-31T10:58:36.153+0000] {dag.py:3089} INFO - Sync 1 DAGs
[2026-07-31T10:58:36.211+0000] {logging_mixin.py:188} INFO - [2026-07-31T10:58:36.210+0000] {dag.py:3947} INFO - Setting next_dagrun for tutorial_objectstorage to None, run_after=None
[2026-07-31T10:58:36.290+0000] {processor.py:183} INFO - Processing /home/airflow/.local/lib/python3.12/site-packages/airflow/example_dags/tutorial_objectstorage.py took 0.230 seconds
[2026-07-31T10:59:06.367+0000] {processor.py:161} INFO - Started process (PID=662) to work on /home/airflow/.local/lib/python3.12/site-packages/airflow/example_dags/tutorial_objectstorage.py
[2026-07-31T10:59:06.370+0000] {processor.py:830} INFO - Processing file /home/airflow/.local/lib/python3.12/site-packages/airflow/example_dags/tutorial_objectstorage.py for tasks to queue
[2026-07-31T10:59:06.373+0000] {logging_mixin.py:188} INFO - [2026-07-31T10:59:06.373+0000] {dagbag.py:545} INFO - Filling up the DagBag from /home/airflow/.local/lib/python3.12/site-packages/airflow/example_dags/tutorial_objectstorage.py
[2026-07-31T10:59:06.388+0000] {processor.py:840} INFO - DAG(s) 'tutorial_objectstorage' retrieved from /home/airflow/.local/lib/python3.12/site-packages/airflow/example_dags/tutorial_objectstorage.py
[2026-07-31T10:59:06.432+0000] {logging_mixin.py:188} INFO - [2026-07-31T10:59:06.432+0000] {dag.py:3089} INFO - Sync 1 DAGs
[2026-07-31T10:59:06.455+0000] {logging_mixin.py:188} INFO - [2026-07-31T10:59:06.454+0000] {dag.py:3947} INFO - Setting next_dagrun for tutorial_objectstorage to None, run_after=None
[2026-07-31T10:59:06.505+0000] {processor.py:183} INFO - Processing /home/airflow/.local/lib/python3.12/site-packages/airflow/example_dags/tutorial_objectstorage.py took 0.148 seconds
[2026-07-31T10:59:37.066+0000] {processor.py:161} INFO - Started process (PID=720) to work on /home/airflow/.local/lib/python3.12/site-packages/airflow/example_dags/tutorial_objectstorage.py
[2026-07-31T10:59:37.067+0000] {processor.py:830} INFO - Processing file /home/airflow/.local/lib/python3.12/site-packages/airflow/example_dags/tutorial_objectstorage.py for tasks to queue
[2026-07-31T10:59:37.070+0000] {logging_mixin.py:188} INFO - [2026-07-31T10:59:37.069+0000] {dagbag.py:545} INFO - Filling up the DagBag from /home/airflow/.local/lib/python3.12/site-packages/airflow/example_dags/tutorial_objectstorage.py
[2026-07-31T10:59:37.081+0000] {processor.py:840} INFO - DAG(s) 'tutorial_objectstorage' retrieved from /home/airflow/.local/lib/python3.12/site-packages/airflow/example_dags/tutorial_objectstorage.py
[2026-07-31T10:59:37.110+0000] {logging_mixin.py:188} INFO - [2026-07-31T10:59:37.110+0000] {dag.py:3089} INFO - Sync 1 DAGs
[2026-07-31T10:59:37.130+0000] {logging_mixin.py:188} INFO - [2026-07-31T10:59:37.130+0000] {dag.py:3947} INFO - Setting next_dagrun for tutorial_objectstorage to None, run_after=None
[2026-07-31T10:59:37.170+0000] {processor.py:183} INFO - Processing /home/airflow/.local/lib/python3.12/site-packages/airflow/example_dags/tutorial_objectstorage.py took 0.112 seconds
[2026-07-31T11:00:07.634+0000] {processor.py:161} INFO - Started process (PID=778) to work on /home/airflow/.local/lib/python3.12/site-packages/airflow/example_dags/tutorial_objectstorage.py
[2026-07-31T11:00:07.635+0000] {processor.py:830} INFO - Processing file /home/airflow/.local/lib/python3.12/site-packages/airflow/example_dags/tutorial_objectstorage.py for tasks to queue
[2026-07-31T11:00:07.637+0000] {logging_mixin.py:188} INFO - [2026-07-31T11:00:07.637+0000] {dagbag.py:545} INFO - Filling up the DagBag from /home/airflow/.local/lib/python3.12/site-packages/airflow/example_dags/tutorial_objectstorage.py
[2026-07-31T11:00:07.646+0000] {processor.py:840} INFO - DAG(s) 'tutorial_objectstorage' retrieved from /home/airflow/.local/lib/python3.12/site-packages/airflow/example_dags/tutorial_objectstorage.py
[2026-07-31T11:00:07.670+0000] {logging_mixin.py:188} INFO - [2026-07-31T11:00:07.670+0000] {dag.py:3089} INFO - Sync 1 DAGs
[2026-07-31T11:00:07.687+0000] {logging_mixin.py:188} INFO - [2026-07-31T11:00:07.687+0000] {dag.py:3947} INFO - Setting next_dagrun for tutorial_objectstorage to None, run_after=None
[2026-07-31T11:00:07.714+0000] {processor.py:183} INFO - Processing /home/airflow/.local/lib/python3.12/site-packages/airflow/example_dags/tutorial_objectstorage.py took 0.089 seconds
[2026-07-31T11:00:38.039+0000] {processor.py:161} INFO - Started process (PID=836) to work on /home/airflow/.local/lib/python3.12/site-packages/airflow/example_dags/tutorial_objectstorage.py
[2026-07-31T11:00:38.041+0000] {processor.py:830} INFO - Processing file /home/airflow/.local/lib/python3.12/site-packages/airflow/example_dags/tutorial_objectstorage.py for tasks to queue
[2026-07-31T11:00:38.049+0000] {logging_mixin.py:188} INFO - [2026-07-31T11:00:38.047+0000] {dagbag.py:545} INFO - Filling up the DagBag from /home/airflow/.local/lib/python3.12/site-packages/airflow/example_dags/tutorial_objectstorage.py
[2026-07-31T11:00:38.070+0000] {processor.py:840} INFO - DAG(s) 'tutorial_objectstorage' retrieved from /home/airflow/.local/lib/python3.12/site-packages/airflow/example_dags/tutorial_objectstorage.py
[2026-07-31T11:00:38.123+0000] {logging_mixin.py:188} INFO - [2026-07-31T11:00:38.123+0000] {dag.py:3089} INFO - Sync 1 DAGs
[2026-07-31T11:00:38.169+0000] {logging_mixin.py:188} INFO - [2026-07-31T11:00:38.168+0000] {dag.py:3947} INFO - Setting next_dagrun for tutorial_objectstorage to None, run_after=None
[2026-07-31T11:00:38.225+0000] {processor.py:183} INFO - Processing /home/airflow/.local/lib/python3.12/site-packages/airflow/example_dags/tutorial_objectstorage.py took 0.199 seconds
[2026-07-31T11:01:08.746+0000] {processor.py:161} INFO - Started process (PID=894) to work on /home/airflow/.local/lib/python3.12/site-packages/airflow/example_dags/tutorial_objectstorage.py
[2026-07-31T11:01:08.747+0000] {processor.py:830} INFO - Processing file /home/airflow/.local/lib/python3.12/site-packages/airflow/example_dags/tutorial_objectstorage.py for tasks to queue
[2026-07-31T11:01:08.751+0000] {logging_mixin.py:188} INFO - [2026-07-31T11:01:08.750+0000] {dagbag.py:545} INFO - Filling up the DagBag from /home/airflow/.local/lib/python3.12/site-packages/airflow/example_dags/tutorial_objectstorage.py
[2026-07-31T11:01:08.760+0000] {processor.py:840} INFO - DAG(s) 'tutorial_objectstorage' retrieved from /home/airflow/.local/lib/python3.12/site-packages/airflow/example_dags/tutorial_objectstorage.py
[2026-07-31T11:01:08.790+0000] {logging_mixin.py:188} INFO - [2026-07-31T11:01:08.790+0000] {dag.py:3089} INFO - Sync 1 DAGs
[2026-07-31T11:01:08.809+0000] {logging_mixin.py:188} INFO - [2026-07-31T11:01:08.809+0000] {dag.py:3947} INFO - Setting next_dagrun for tutorial_objectstorage to None, run_after=None
[2026-07-31T11:01:08.843+0000] {processor.py:183} INFO - Processing /home/airflow/.local/lib/python3.12/site-packages/airflow/example_dags/tutorial_objectstorage.py took 0.105 seconds
[2026-07-31T11:01:39.561+0000] {processor.py:161} INFO - Started process (PID=952) to work on /home/airflow/.local/lib/python3.12/site-packages/airflow/example_dags/tutorial_objectstorage.py
[2026-07-31T11:01:39.564+0000] {processor.py:830} INFO - Processing file /home/airflow/.local/lib/python3.12/site-packages/airflow/example_dags/tutorial_objectstorage.py for tasks to queue
[2026-07-31T11:01:39.568+0000] {logging_mixin.py:188} INFO - [2026-07-31T11:01:39.568+0000] {dagbag.py:545} INFO - Filling up the DagBag from /home/airflow/.local/lib/python3.12/site-packages/airflow/example_dags/tutorial_objectstorage.py
[2026-07-31T11:01:39.583+0000] {processor.py:840} INFO - DAG(s) 'tutorial_objectstorage' retrieved from /home/airflow/.local/lib/python3.12/site-packages/airflow/example_dags/tutorial_objectstorage.py
[2026-07-31T11:01:39.618+0000] {logging_mixin.py:188} INFO - [2026-07-31T11:01:39.617+0000] {dag.py:3089} INFO - Sync 1 DAGs
[2026-07-31T11:01:39.642+0000] {logging_mixin.py:188} INFO - [2026-07-31T11:01:39.641+0000] {dag.py:3947} INFO - Setting next_dagrun for tutorial_objectstorage to None, run_after=None
[2026-07-31T11:01:39.682+0000] {processor.py:183} INFO - Processing /home/airflow/.local/lib/python3.12/site-packages/airflow/example_dags/tutorial_objectstorage.py took 0.134 seconds
[2026-07-31T11:02:10.266+0000] {processor.py:161} INFO - Started process (PID=1010) to work on /home/airflow/.local/lib/python3.12/site-packages/airflow/example_dags/tutorial_objectstorage.py
[2026-07-31T11:02:10.271+0000] {processor.py:830} INFO - Processing file /home/airflow/.local/lib/python3.12/site-packages/airflow/example_dags/tutorial_objectstorage.py for tasks to queue
[2026-07-31T11:02:10.275+0000] {logging_mixin.py:188} INFO - [2026-07-31T11:02:10.275+0000] {dagbag.py:545} INFO - Filling up the DagBag from /home/airflow/.local/lib/python3.12/site-packages/airflow/example_dags/tutorial_objectstorage.py
[2026-07-31T11:02:10.292+0000] {processor.py:840} INFO - DAG(s) 'tutorial_objectstorage' retrieved from /home/airflow/.local/lib/python3.12/site-packages/airflow/example_dags/tutorial_objectstorage.py
[2026-07-31T11:02:10.329+0000] {logging_mixin.py:188} INFO - [2026-07-31T11:02:10.328+0000] {dag.py:3089} INFO - Sync 1 DAGs
[2026-07-31T11:02:10.352+0000] {logging_mixin.py:188} INFO - [2026-07-31T11:02:10.352+0000] {dag.py:3947} INFO - Setting next_dagrun for tutorial_objectstorage to None, run_after=None
[2026-07-31T11:02:10.397+0000] {processor.py:183} INFO - Processing /home/airflow/.local/lib/python3.12/site-packages/airflow/example_dags/tutorial_objectstorage.py took 0.142 seconds
[2026-07-31T11:02:51.377+0000] {processor.py:161} INFO - Started process (PID=1068) to work on /home/airflow/.local/lib/python3.12/site-packages/airflow/example_dags/tutorial_objectstorage.py
[2026-07-31T11:02:51.383+0000] {processor.py:830} INFO - Processing file /home/airflow/.local/lib/python3.12/site-packages/airflow/example_dags/tutorial_objectstorage.py for tasks to queue
[2026-07-31T11:02:51.390+0000] {logging_mixin.py:188} INFO - [2026-07-31T11:02:51.388+0000] {dagbag.py:545} INFO - Filling up the DagBag from /home/airflow/.local/lib/python3.12/site-packages/airflow/example_dags/tutorial_objectstorage.py
[2026-07-31T11:02:51.426+0000] {processor.py:840} INFO - DAG(s) 'tutorial_objectstorage' retrieved from /home/airflow/.local/lib/python3.12/site-packages/airflow/example_dags/tutorial_objectstorage.py
[2026-07-31T11:02:51.531+0000] {logging_mixin.py:188} INFO - [2026-07-31T11:02:51.526+0000] {dag.py:3089} INFO - Sync 1 DAGs
[2026-07-31T11:02:51.687+0000] {logging_mixin.py:188} INFO - [2026-07-31T11:02:51.686+0000] {dag.py:3947} INFO - Setting next_dagrun for tutorial_objectstorage to None, run_after=None
[2026-07-31T11:02:51.845+0000] {processor.py:183} INFO - Processing /home/airflow/.local/lib/python3.12/site-packages/airflow/example_dags/tutorial_objectstorage.py took 0.497 seconds
[2026-07-31T11:03:22.300+0000] {processor.py:161} INFO - Started process (PID=1125) to work on /home/airflow/.local/lib/python3.12/site-packages/airflow/example_dags/tutorial_objectstorage.py
[2026-07-31T11:03:22.303+0000] {processor.py:830} INFO - Processing file /home/airflow/.local/lib/python3.12/site-packages/airflow/example_dags/tutorial_objectstorage.py for tasks to queue
[2026-07-31T11:03:22.308+0000] {logging_mixin.py:188} INFO - [2026-07-31T11:03:22.307+0000] {dagbag.py:545} INFO - Filling up the DagBag from /home/airflow/.local/lib/python3.12/site-packages/airflow/example_dags/tutorial_objectstorage.py
[2026-07-31T11:03:22.327+0000] {processor.py:840} INFO - DAG(s) 'tutorial_objectstorage' retrieved from /home/airflow/.local/lib/python3.12/site-packages/airflow/example_dags/tutorial_objectstorage.py
[2026-07-31T11:03:22.386+0000] {logging_mixin.py:188} INFO - [2026-07-31T11:03:22.386+0000] {dag.py:3089} INFO - Sync 1 DAGs
[2026-07-31T11:03:22.435+0000] {logging_mixin.py:188} INFO - [2026-07-31T11:03:22.435+0000] {dag.py:3947} INFO - Setting next_dagrun for tutorial_objectstorage to None, run_after=None
[2026-07-31T11:03:22.551+0000] {processor.py:183} INFO - Processing /home/airflow/.local/lib/python3.12/site-packages/airflow/example_dags/tutorial_objectstorage.py took 0.266 seconds
[2026-07-31T11:03:52.977+0000] {processor.py:161} INFO - Started process (PID=1183) to work on /home/airflow/.local/lib/python3.12/site-packages/airflow/example_dags/tutorial_objectstorage.py
[2026-07-31T11:03:52.982+0000] {processor.py:830} INFO - Processing file /home/airflow/.local/lib/python3.12/site-packages/airflow/example_dags/tutorial_objectstorage.py for tasks to queue
[2026-07-31T11:03:52.991+0000] {logging_mixin.py:188} INFO - [2026-07-31T11:03:52.989+0000] {dagbag.py:545} INFO - Filling up the DagBag from /home/airflow/.local/lib/python3.12/site-packages/airflow/example_dags/tutorial_objectstorage.py
[2026-07-31T11:03:53.028+0000] {processor.py:840} INFO - DAG(s) 'tutorial_objectstorage' retrieved from /home/airflow/.local/lib/python3.12/site-packages/airflow/example_dags/tutorial_objectstorage.py
[2026-07-31T11:03:53.154+0000] {logging_mixin.py:188} INFO - [2026-07-31T11:03:53.153+0000] {dag.py:3089} INFO - Sync 1 DAGs
[2026-07-31T11:03:53.230+0000] {logging_mixin.py:188} INFO - [2026-07-31T11:03:53.230+0000] {dag.py:3947} INFO - Setting next_dagrun for tutorial_objectstorage to None, run_after=None
[2026-07-31T11:03:53.287+0000] {processor.py:183} INFO - Processing /home/airflow/.local/lib/python3.12/site-packages/airflow/example_dags/tutorial_objectstorage.py took 0.333 seconds
[2026-07-31T11:04:28.297+0000] {processor.py:161} INFO - Started process (PID=1241) to work on /home/airflow/.local/lib/python3.12/site-packages/airflow/example_dags/tutorial_objectstorage.py
[2026-07-31T11:04:28.302+0000] {processor.py:830} INFO - Processing file /home/airflow/.local/lib/python3.12/site-packages/airflow/example_dags/tutorial_objectstorage.py for tasks to queue
[2026-07-31T11:04:28.312+0000] {logging_mixin.py:188} INFO - [2026-07-31T11:04:28.309+0000] {dagbag.py:545} INFO - Filling up the DagBag from /home/airflow/.local/lib/python3.12/site-packages/airflow/example_dags/tutorial_objectstorage.py
[2026-07-31T11:04:28.378+0000] {processor.py:840} INFO - DAG(s) 'tutorial_objectstorage' retrieved from /home/airflow/.local/lib/python3.12/site-packages/airflow/example_dags/tutorial_objectstorage.py
[2026-07-31T11:04:28.621+0000] {logging_mixin.py:188} INFO - [2026-07-31T11:04:28.620+0000] {dag.py:3089} INFO - Sync 1 DAGs
[2026-07-31T11:04:28.747+0000] {logging_mixin.py:188} INFO - [2026-07-31T11:04:28.746+0000] {dag.py:3947} INFO - Setting next_dagrun for tutorial_objectstorage to None, run_after=None
[2026-07-31T11:04:28.946+0000] {processor.py:183} INFO - Processing /home/airflow/.local/lib/python3.12/site-packages/airflow/example_dags/tutorial_objectstorage.py took 0.687 seconds
[2026-07-31T11:05:40.607+0000] {processor.py:161} INFO - Started process (PID=1319) to work on /home/airflow/.local/lib/python3.12/site-packages/airflow/example_dags/tutorial_objectstorage.py
[2026-07-31T11:05:40.612+0000] {processor.py:830} INFO - Processing file /home/airflow/.local/lib/python3.12/site-packages/airflow/example_dags/tutorial_objectstorage.py for tasks to queue
[2026-07-31T11:05:40.624+0000] {logging_mixin.py:188} INFO - [2026-07-31T11:05:40.623+0000] {dagbag.py:545} INFO - Filling up the DagBag from /home/airflow/.local/lib/python3.12/site-packages/airflow/example_dags/tutorial_objectstorage.py
[2026-07-31T11:05:40.648+0000] {processor.py:840} INFO - DAG(s) 'tutorial_objectstorage' retrieved from /home/airflow/.local/lib/python3.12/site-packages/airflow/example_dags/tutorial_objectstorage.py
[2026-07-31T11:05:40.725+0000] {logging_mixin.py:188} INFO - [2026-07-31T11:05:40.724+0000] {dag.py:3089} INFO - Sync 1 DAGs
[2026-07-31T11:05:40.787+0000] {logging_mixin.py:188} INFO - [2026-07-31T11:05:40.785+0000] {dag.py:3947} INFO - Setting next_dagrun for tutorial_objectstorage to None, run_after=None
[2026-07-31T11:05:40.882+0000] {processor.py:183} INFO - Processing /home/airflow/.local/lib/python3.12/site-packages/airflow/example_dags/tutorial_objectstorage.py took 0.301 seconds
[2026-07-31T11:06:22.112+0000] {processor.py:161} INFO - Started process (PID=1381) to work on /home/airflow/.local/lib/python3.12/site-packages/airflow/example_dags/tutorial_objectstorage.py
[2026-07-31T11:06:22.133+0000] {processor.py:830} INFO - Processing file /home/airflow/.local/lib/python3.12/site-packages/airflow/example_dags/tutorial_objectstorage.py for tasks to queue
[2026-07-31T11:06:22.167+0000] {logging_mixin.py:188} INFO - [2026-07-31T11:06:22.163+0000] {dagbag.py:545} INFO - Filling up the DagBag from /home/airflow/.local/lib/python3.12/site-packages/airflow/example_dags/tutorial_objectstorage.py
[2026-07-31T11:06:22.254+0000] {processor.py:840} INFO - DAG(s) 'tutorial_objectstorage' retrieved from /home/airflow/.local/lib/python3.12/site-packages/airflow/example_dags/tutorial_objectstorage.py
[2026-07-31T11:06:22.413+0000] {logging_mixin.py:188} INFO - [2026-07-31T11:06:22.403+0000] {dag.py:3089} INFO - Sync 1 DAGs
[2026-07-31T11:06:22.541+0000] {logging_mixin.py:188} INFO - [2026-07-31T11:06:22.540+0000] {dag.py:3947} INFO - Setting next_dagrun for tutorial_objectstorage to None, run_after=None
[2026-07-31T11:06:22.693+0000] {processor.py:183} INFO - Processing /home/airflow/.local/lib/python3.12/site-packages/airflow/example_dags/tutorial_objectstorage.py took 0.638 seconds
[2026-07-31T11:06:54.235+0000] {processor.py:161} INFO - Started process (PID=1440) to work on /home/airflow/.local/lib/python3.12/site-packages/airflow/example_dags/tutorial_objectstorage.py
[2026-07-31T11:06:54.241+0000] {processor.py:830} INFO - Processing file /home/airflow/.local/lib/python3.12/site-packages/airflow/example_dags/tutorial_objectstorage.py for tasks to queue
[2026-07-31T11:06:54.254+0000] {logging_mixin.py:188} INFO - [2026-07-31T11:06:54.252+0000] {dagbag.py:545} INFO - Filling up the DagBag from /home/airflow/.local/lib/python3.12/site-packages/airflow/example_dags/tutorial_objectstorage.py
[2026-07-31T11:06:54.297+0000] {processor.py:840} INFO - DAG(s) 'tutorial_objectstorage' retrieved from /home/airflow/.local/lib/python3.12/site-packages/airflow/example_dags/tutorial_objectstorage.py
[2026-07-31T11:06:54.410+0000] {logging_mixin.py:188} INFO - [2026-07-31T11:06:54.408+0000] {dag.py:3089} INFO - Sync 1 DAGs
[2026-07-31T11:06:54.485+0000] {logging_mixin.py:188} INFO - [2026-07-31T11:06:54.485+0000] {dag.py:3947} INFO - Setting next_dagrun for tutorial_objectstorage to None, run_after=None
[2026-07-31T11:06:54.599+0000] {processor.py:183} INFO - Processing /home/airflow/.local/lib/python3.12/site-packages/airflow/example_dags/tutorial_objectstorage.py took 0.395 seconds
[2026-07-31T11:08:18.631+0000] {processor.py:161} INFO - Started process (PID=1512) to work on /home/airflow/.local/lib/python3.12/site-packages/airflow/example_dags/tutorial_objectstorage.py
[2026-07-31T11:08:18.639+0000] {processor.py:830} INFO - Processing file /home/airflow/.local/lib/python3.12/site-packages/airflow/example_dags/tutorial_objectstorage.py for tasks to queue
[2026-07-31T11:08:18.654+0000] {logging_mixin.py:188} INFO - [2026-07-31T11:08:18.653+0000] {dagbag.py:545} INFO - Filling up the DagBag from /home/airflow/.local/lib/python3.12/site-packages/airflow/example_dags/tutorial_objectstorage.py
[2026-07-31T11:08:18.710+0000] {processor.py:840} INFO - DAG(s) 'tutorial_objectstorage' retrieved from /home/airflow/.local/lib/python3.12/site-packages/airflow/example_dags/tutorial_objectstorage.py
[2026-07-31T11:08:18.863+0000] {logging_mixin.py:188} INFO - [2026-07-31T11:08:18.862+0000] {dag.py:3089} INFO - Sync 1 DAGs
[2026-07-31T11:08:18.939+0000] {logging_mixin.py:188} INFO - [2026-07-31T11:08:18.938+0000] {dag.py:3947} INFO - Setting next_dagrun for tutorial_objectstorage to None, run_after=None
[2026-07-31T11:08:19.093+0000] {processor.py:183} INFO - Processing /home/airflow/.local/lib/python3.12/site-packages/airflow/example_dags/tutorial_objectstorage.py took 0.492 seconds
[2026-07-31T11:09:17.190+0000] {processor.py:161} INFO - Started process (PID=1581) to work on /home/airflow/.local/lib/python3.12/site-packages/airflow/example_dags/tutorial_objectstorage.py
[2026-07-31T11:09:17.203+0000] {processor.py:830} INFO - Processing file /home/airflow/.local/lib/python3.12/site-packages/airflow/example_dags/tutorial_objectstorage.py for tasks to queue
[2026-07-31T11:09:17.255+0000] {logging_mixin.py:188} INFO - [2026-07-31T11:09:17.226+0000] {dagbag.py:545} INFO - Filling up the DagBag from /home/airflow/.local/lib/python3.12/site-packages/airflow/example_dags/tutorial_objectstorage.py
[2026-07-31T11:09:17.355+0000] {processor.py:840} INFO - DAG(s) 'tutorial_objectstorage' retrieved from /home/airflow/.local/lib/python3.12/site-packages/airflow/example_dags/tutorial_objectstorage.py
[2026-07-31T11:09:17.636+0000] {logging_mixin.py:188} INFO - [2026-07-31T11:09:17.635+0000] {dag.py:3089} INFO - Sync 1 DAGs
[2026-07-31T11:09:17.832+0000] {logging_mixin.py:188} INFO - [2026-07-31T11:09:17.800+0000] {dag.py:3947} INFO - Setting next_dagrun for tutorial_objectstorage to None, run_after=None
[2026-07-31T11:09:18.108+0000] {processor.py:183} INFO - Processing /home/airflow/.local/lib/python3.12/site-packages/airflow/example_dags/tutorial_objectstorage.py took 0.973 seconds
[2026-07-31T11:10:11.576+0000] {processor.py:161} INFO - Started process (PID=1639) to work on /home/airflow/.local/lib/python3.12/site-packages/airflow/example_dags/tutorial_objectstorage.py
[2026-07-31T11:10:11.589+0000] {processor.py:830} INFO - Processing file /home/airflow/.local/lib/python3.12/site-packages/airflow/example_dags/tutorial_objectstorage.py for tasks to queue
[2026-07-31T11:10:11.596+0000] {logging_mixin.py:188} INFO - [2026-07-31T11:10:11.594+0000] {dagbag.py:545} INFO - Filling up the DagBag from /home/airflow/.local/lib/python3.12/site-packages/airflow/example_dags/tutorial_objectstorage.py
[2026-07-31T11:10:11.704+0000] {processor.py:840} INFO - DAG(s) 'tutorial_objectstorage' retrieved from /home/airflow/.local/lib/python3.12/site-packages/airflow/example_dags/tutorial_objectstorage.py
[2026-07-31T11:10:11.952+0000] {logging_mixin.py:188} INFO - [2026-07-31T11:10:11.951+0000] {dag.py:3089} INFO - Sync 1 DAGs
[2026-07-31T11:10:12.055+0000] {logging_mixin.py:188} INFO - [2026-07-31T11:10:12.054+0000] {dag.py:3947} INFO - Setting next_dagrun for tutorial_objectstorage to None, run_after=None
[2026-07-31T11:10:12.222+0000] {processor.py:183} INFO - Processing /home/airflow/.local/lib/python3.12/site-packages/airflow/example_dags/tutorial_objectstorage.py took 0.688 seconds
[2026-07-31T11:10:58.639+0000] {processor.py:161} INFO - Started process (PID=1696) to work on /home/airflow/.local/lib/python3.12/site-packages/airflow/example_dags/tutorial_objectstorage.py
[2026-07-31T11:10:58.646+0000] {processor.py:830} INFO - Processing file /home/airflow/.local/lib/python3.12/site-packages/airflow/example_dags/tutorial_objectstorage.py for tasks to queue
[2026-07-31T11:10:58.667+0000] {logging_mixin.py:188} INFO - [2026-07-31T11:10:58.665+0000] {dagbag.py:545} INFO - Filling up the DagBag from /home/airflow/.local/lib/python3.12/site-packages/airflow/example_dags/tutorial_objectstorage.py
[2026-07-31T11:10:58.744+0000] {processor.py:840} INFO - DAG(s) 'tutorial_objectstorage' retrieved from /home/airflow/.local/lib/python3.12/site-packages/airflow/example_dags/tutorial_objectstorage.py
[2026-07-31T11:10:59.178+0000] {logging_mixin.py:188} INFO - [2026-07-31T11:10:59.165+0000] {dag.py:3089} INFO - Sync 1 DAGs
[2026-07-31T11:10:59.425+0000] {logging_mixin.py:188} INFO - [2026-07-31T11:10:59.424+0000] {dag.py:3947} INFO - Setting next_dagrun for tutorial_objectstorage to None, run_after=None
[2026-07-31T11:10:59.622+0000] {processor.py:183} INFO - Processing /home/airflow/.local/lib/python3.12/site-packages/airflow/example_dags/tutorial_objectstorage.py took 1.026 seconds
[2026-07-31T11:12:10.294+0000] {processor.py:161} INFO - Started process (PID=1762) to work on /home/airflow/.local/lib/python3.12/site-packages/airflow/example_dags/tutorial_objectstorage.py
[2026-07-31T11:12:10.308+0000] {processor.py:830} INFO - Processing file /home/airflow/.local/lib/python3.12/site-packages/airflow/example_dags/tutorial_objectstorage.py for tasks to queue
[2026-07-31T11:12:10.325+0000] {logging_mixin.py:188} INFO - [2026-07-31T11:12:10.324+0000] {dagbag.py:545} INFO - Filling up the DagBag from /home/airflow/.local/lib/python3.12/site-packages/airflow/example_dags/tutorial_objectstorage.py
[2026-07-31T11:12:10.380+0000] {processor.py:840} INFO - DAG(s) 'tutorial_objectstorage' retrieved from /home/airflow/.local/lib/python3.12/site-packages/airflow/example_dags/tutorial_objectstorage.py
[2026-07-31T11:12:11.059+0000] {logging_mixin.py:188} INFO - [2026-07-31T11:12:11.058+0000] {dag.py:3089} INFO - Sync 1 DAGs
[2026-07-31T11:12:11.109+0000] {logging_mixin.py:188} INFO - [2026-07-31T11:12:11.108+0000] {dag.py:3947} INFO - Setting next_dagrun for tutorial_objectstorage to None, run_after=None
[2026-07-31T11:12:11.324+0000] {processor.py:183} INFO - Processing /home/airflow/.local/lib/python3.12/site-packages/airflow/example_dags/tutorial_objectstorage.py took 1.070 seconds
[2026-07-31T11:12:42.032+0000] {processor.py:161} INFO - Started process (PID=1819) to work on /home/airflow/.local/lib/python3.12/site-packages/airflow/example_dags/tutorial_objectstorage.py
[2026-07-31T11:12:42.046+0000] {processor.py:830} INFO - Processing file /home/airflow/.local/lib/python3.12/site-packages/airflow/example_dags/tutorial_objectstorage.py for tasks to queue
[2026-07-31T11:12:42.062+0000] {logging_mixin.py:188} INFO - [2026-07-31T11:12:42.061+0000] {dagbag.py:545} INFO - Filling up the DagBag from /home/airflow/.local/lib/python3.12/site-packages/airflow/example_dags/tutorial_objectstorage.py
[2026-07-31T11:12:42.128+0000] {processor.py:840} INFO - DAG(s) 'tutorial_objectstorage' retrieved from /home/airflow/.local/lib/python3.12/site-packages/airflow/example_dags/tutorial_objectstorage.py
[2026-07-31T11:12:42.273+0000] {logging_mixin.py:188} INFO - [2026-07-31T11:12:42.271+0000] {dag.py:3089} INFO - Sync 1 DAGs
[2026-07-31T11:12:42.367+0000] {logging_mixin.py:188} INFO - [2026-07-31T11:12:42.366+0000] {dag.py:3947} INFO - Setting next_dagrun for tutorial_objectstorage to None, run_after=None
[2026-07-31T11:12:42.471+0000] {processor.py:183} INFO - Processing /home/airflow/.local/lib/python3.12/site-packages/airflow/example_dags/tutorial_objectstorage.py took 0.488 seconds
[2026-07-31T11:13:14.960+0000] {processor.py:161} INFO - Started process (PID=1878) to work on /home/airflow/.local/lib/python3.12/site-packages/airflow/example_dags/tutorial_objectstorage.py
[2026-07-31T11:13:14.967+0000] {processor.py:830} INFO - Processing file /home/airflow/.local/lib/python3.12/site-packages/airflow/example_dags/tutorial_objectstorage.py for tasks to queue
[2026-07-31T11:13:14.980+0000] {logging_mixin.py:188} INFO - [2026-07-31T11:13:14.979+0000] {dagbag.py:545} INFO - Filling up the DagBag from /home/airflow/.local/lib/python3.12/site-packages/airflow/example_dags/tutorial_objectstorage.py
[2026-07-31T11:13:15.051+0000] {processor.py:840} INFO - DAG(s) 'tutorial_objectstorage' retrieved from /home/airflow/.local/lib/python3.12/site-packages/airflow/example_dags/tutorial_objectstorage.py
[2026-07-31T11:13:15.149+0000] {logging_mixin.py:188} INFO - [2026-07-31T11:13:15.146+0000] {dag.py:3089} INFO - Sync 1 DAGs
[2026-07-31T11:13:15.243+0000] {logging_mixin.py:188} INFO - [2026-07-31T11:13:15.243+0000] {dag.py:3947} INFO - Setting next_dagrun for tutorial_objectstorage to None, run_after=None
[2026-07-31T11:13:15.389+0000] {processor.py:183} INFO - Processing /home/airflow/.local/lib/python3.12/site-packages/airflow/example_dags/tutorial_objectstorage.py took 0.478 seconds
[2026-07-31T11:14:02.125+0000] {processor.py:161} INFO - Started process (PID=1937) to work on /home/airflow/.local/lib/python3.12/site-packages/airflow/example_dags/tutorial_objectstorage.py
[2026-07-31T11:14:02.140+0000] {processor.py:830} INFO - Processing file /home/airflow/.local/lib/python3.12/site-packages/airflow/example_dags/tutorial_objectstorage.py for tasks to queue
[2026-07-31T11:14:02.155+0000] {logging_mixin.py:188} INFO - [2026-07-31T11:14:02.154+0000] {dagbag.py:545} INFO - Filling up the DagBag from /home/airflow/.local/lib/python3.12/site-packages/airflow/example_dags/tutorial_objectstorage.py
[2026-07-31T11:14:02.232+0000] {processor.py:840} INFO - DAG(s) 'tutorial_objectstorage' retrieved from /home/airflow/.local/lib/python3.12/site-packages/airflow/example_dags/tutorial_objectstorage.py
[2026-07-31T11:14:02.373+0000] {logging_mixin.py:188} INFO - [2026-07-31T11:14:02.370+0000] {dag.py:3089} INFO - Sync 1 DAGs
[2026-07-31T11:14:02.427+0000] {logging_mixin.py:188} INFO - [2026-07-31T11:14:02.426+0000] {dag.py:3947} INFO - Setting next_dagrun for tutorial_objectstorage to None, run_after=None
[2026-07-31T11:14:02.492+0000] {processor.py:183} INFO - Processing /home/airflow/.local/lib/python3.12/site-packages/airflow/example_dags/tutorial_objectstorage.py took 0.402 seconds
[2026-07-31T11:14:34.694+0000] {processor.py:161} INFO - Started process (PID=1993) to work on /home/airflow/.local/lib/python3.12/site-packages/airflow/example_dags/tutorial_objectstorage.py
[2026-07-31T11:14:34.698+0000] {processor.py:830} INFO - Processing file /home/airflow/.local/lib/python3.12/site-packages/airflow/example_dags/tutorial_objectstorage.py for tasks to queue
[2026-07-31T11:14:34.705+0000] {logging_mixin.py:188} INFO - [2026-07-31T11:14:34.703+0000] {dagbag.py:545} INFO - Filling up the DagBag from /home/airflow/.local/lib/python3.12/site-packages/airflow/example_dags/tutorial_objectstorage.py
[2026-07-31T11:14:34.741+0000] {processor.py:840} INFO - DAG(s) 'tutorial_objectstorage' retrieved from /home/airflow/.local/lib/python3.12/site-packages/airflow/example_dags/tutorial_objectstorage.py
[2026-07-31T11:14:34.810+0000] {logging_mixin.py:188} INFO - [2026-07-31T11:14:34.809+0000] {dag.py:3089} INFO - Sync 1 DAGs
[2026-07-31T11:14:34.860+0000] {logging_mixin.py:188} INFO - [2026-07-31T11:14:34.859+0000] {dag.py:3947} INFO - Setting next_dagrun for tutorial_objectstorage to None, run_after=None
[2026-07-31T11:14:34.920+0000] {processor.py:183} INFO - Processing /home/airflow/.local/lib/python3.12/site-packages/airflow/example_dags/tutorial_objectstorage.py took 0.246 seconds
[2026-07-31T11:15:06.624+0000] {processor.py:161} INFO - Started process (PID=2052) to work on /home/airflow/.local/lib/python3.12/site-packages/airflow/example_dags/tutorial_objectstorage.py
[2026-07-31T11:15:06.627+0000] {processor.py:830} INFO - Processing file /home/airflow/.local/lib/python3.12/site-packages/airflow/example_dags/tutorial_objectstorage.py for tasks to queue
[2026-07-31T11:15:06.638+0000] {logging_mixin.py:188} INFO - [2026-07-31T11:15:06.636+0000] {dagbag.py:545} INFO - Filling up the DagBag from /home/airflow/.local/lib/python3.12/site-packages/airflow/example_dags/tutorial_objectstorage.py
[2026-07-31T11:15:06.671+0000] {processor.py:840} INFO - DAG(s) 'tutorial_objectstorage' retrieved from /home/airflow/.local/lib/python3.12/site-packages/airflow/example_dags/tutorial_objectstorage.py
[2026-07-31T11:15:06.766+0000] {logging_mixin.py:188} INFO - [2026-07-31T11:15:06.758+0000] {dag.py:3089} INFO - Sync 1 DAGs
[2026-07-31T11:15:06.826+0000] {logging_mixin.py:188} INFO - [2026-07-31T11:15:06.824+0000] {dag.py:3947} INFO - Setting next_dagrun for tutorial_objectstorage to None, run_after=None
[2026-07-31T11:15:06.901+0000] {processor.py:183} INFO - Processing /home/airflow/.local/lib/python3.12/site-packages/airflow/example_dags/tutorial_objectstorage.py took 0.302 seconds
[2026-07-31T11:15:39.099+0000] {processor.py:161} INFO - Started process (PID=2109) to work on /home/airflow/.local/lib/python3.12/site-packages/airflow/example_dags/tutorial_objectstorage.py
[2026-07-31T11:15:39.103+0000] {processor.py:830} INFO - Processing file /home/airflow/.local/lib/python3.12/site-packages/airflow/example_dags/tutorial_objectstorage.py for tasks to queue
[2026-07-31T11:15:39.110+0000] {logging_mixin.py:188} INFO - [2026-07-31T11:15:39.109+0000] {dagbag.py:545} INFO - Filling up the DagBag from /home/airflow/.local/lib/python3.12/site-packages/airflow/example_dags/tutorial_objectstorage.py
[2026-07-31T11:15:39.176+0000] {processor.py:840} INFO - DAG(s) 'tutorial_objectstorage' retrieved from /home/airflow/.local/lib/python3.12/site-packages/airflow/example_dags/tutorial_objectstorage.py
[2026-07-31T11:15:39.260+0000] {logging_mixin.py:188} INFO - [2026-07-31T11:15:39.259+0000] {dag.py:3089} INFO - Sync 1 DAGs
[2026-07-31T11:15:39.361+0000] {logging_mixin.py:188} INFO - [2026-07-31T11:15:39.360+0000] {dag.py:3947} INFO - Setting next_dagrun for tutorial_objectstorage to None, run_after=None
[2026-07-31T11:15:39.494+0000] {processor.py:183} INFO - Processing /home/airflow/.local/lib/python3.12/site-packages/airflow/example_dags/tutorial_objectstorage.py took 0.420 seconds
[2026-07-31T11:16:10.536+0000] {processor.py:161} INFO - Started process (PID=2168) to work on /home/airflow/.local/lib/python3.12/site-packages/airflow/example_dags/tutorial_objectstorage.py
[2026-07-31T11:16:10.540+0000] {processor.py:830} INFO - Processing file /home/airflow/.local/lib/python3.12/site-packages/airflow/example_dags/tutorial_objectstorage.py for tasks to queue
[2026-07-31T11:16:10.548+0000] {logging_mixin.py:188} INFO - [2026-07-31T11:16:10.547+0000] {dagbag.py:545} INFO - Filling up the DagBag from /home/airflow/.local/lib/python3.12/site-packages/airflow/example_dags/tutorial_objectstorage.py
[2026-07-31T11:16:10.567+0000] {processor.py:840} INFO - DAG(s) 'tutorial_objectstorage' retrieved from /home/airflow/.local/lib/python3.12/site-packages/airflow/example_dags/tutorial_objectstorage.py
[2026-07-31T11:16:10.620+0000] {logging_mixin.py:188} INFO - [2026-07-31T11:16:10.619+0000] {dag.py:3089} INFO - Sync 1 DAGs
[2026-07-31T11:16:10.656+0000] {logging_mixin.py:188} INFO - [2026-07-31T11:16:10.656+0000] {dag.py:3947} INFO - Setting next_dagrun for tutorial_objectstorage to None, run_after=None
[2026-07-31T11:16:10.715+0000] {processor.py:183} INFO - Processing /home/airflow/.local/lib/python3.12/site-packages/airflow/example_dags/tutorial_objectstorage.py took 0.193 seconds
[2026-07-31T11:16:41.127+0000] {processor.py:161} INFO - Started process (PID=2226) to work on /home/airflow/.local/lib/python3.12/site-packages/airflow/example_dags/tutorial_objectstorage.py
[2026-07-31T11:16:41.139+0000] {processor.py:830} INFO - Processing file /home/airflow/.local/lib/python3.12/site-packages/airflow/example_dags/tutorial_objectstorage.py for tasks to queue
[2026-07-31T11:16:41.148+0000] {logging_mixin.py:188} INFO - [2026-07-31T11:16:41.147+0000] {dagbag.py:545} INFO - Filling up the DagBag from /home/airflow/.local/lib/python3.12/site-packages/airflow/example_dags/tutorial_objectstorage.py
[2026-07-31T11:16:41.209+0000] {processor.py:840} INFO - DAG(s) 'tutorial_objectstorage' retrieved from /home/airflow/.local/lib/python3.12/site-packages/airflow/example_dags/tutorial_objectstorage.py
[2026-07-31T11:16:41.424+0000] {logging_mixin.py:188} INFO - [2026-07-31T11:16:41.423+0000] {dag.py:3089} INFO - Sync 1 DAGs
[2026-07-31T11:16:41.571+0000] {logging_mixin.py:188} INFO - [2026-07-31T11:16:41.570+0000] {dag.py:3947} INFO - Setting next_dagrun for tutorial_objectstorage to None, run_after=None
[2026-07-31T11:16:41.698+0000] {processor.py:183} INFO - Processing /home/airflow/.local/lib/python3.12/site-packages/airflow/example_dags/tutorial_objectstorage.py took 0.596 seconds
[2026-07-31T11:17:12.005+0000] {processor.py:161} INFO - Started process (PID=2286) to work on /home/airflow/.local/lib/python3.12/site-packages/airflow/example_dags/tutorial_objectstorage.py
[2026-07-31T11:17:12.015+0000] {processor.py:830} INFO - Processing file /home/airflow/.local/lib/python3.12/site-packages/airflow/example_dags/tutorial_objectstorage.py for tasks to queue
[2026-07-31T11:17:12.025+0000] {logging_mixin.py:188} INFO - [2026-07-31T11:17:12.024+0000] {dagbag.py:545} INFO - Filling up the DagBag from /home/airflow/.local/lib/python3.12/site-packages/airflow/example_dags/tutorial_objectstorage.py
[2026-07-31T11:17:12.065+0000] {processor.py:840} INFO - DAG(s) 'tutorial_objectstorage' retrieved from /home/airflow/.local/lib/python3.12/site-packages/airflow/example_dags/tutorial_objectstorage.py
[2026-07-31T11:17:12.172+0000] {logging_mixin.py:188} INFO - [2026-07-31T11:17:12.170+0000] {dag.py:3089} INFO - Sync 1 DAGs
[2026-07-31T11:17:12.247+0000] {logging_mixin.py:188} INFO - [2026-07-31T11:17:12.246+0000] {dag.py:3947} INFO - Setting next_dagrun for tutorial_objectstorage to None, run_after=None
[2026-07-31T11:17:12.364+0000] {processor.py:183} INFO - Processing /home/airflow/.local/lib/python3.12/site-packages/airflow/example_dags/tutorial_objectstorage.py took 0.381 seconds
[2026-07-31T11:17:59.181+0000] {processor.py:161} INFO - Started process (PID=2353) to work on /home/airflow/.local/lib/python3.12/site-packages/airflow/example_dags/tutorial_objectstorage.py
[2026-07-31T11:17:59.184+0000] {processor.py:830} INFO - Processing file /home/airflow/.local/lib/python3.12/site-packages/airflow/example_dags/tutorial_objectstorage.py for tasks to queue
[2026-07-31T11:17:59.190+0000] {logging_mixin.py:188} INFO - [2026-07-31T11:17:59.189+0000] {dagbag.py:545} INFO - Filling up the DagBag from /home/airflow/.local/lib/python3.12/site-packages/airflow/example_dags/tutorial_objectstorage.py
[2026-07-31T11:17:59.233+0000] {processor.py:840} INFO - DAG(s) 'tutorial_objectstorage' retrieved from /home/airflow/.local/lib/python3.12/site-packages/airflow/example_dags/tutorial_objectstorage.py
[2026-07-31T11:17:59.309+0000] {logging_mixin.py:188} INFO - [2026-07-31T11:17:59.309+0000] {dag.py:3089} INFO - Sync 1 DAGs
[2026-07-31T11:17:59.370+0000] {logging_mixin.py:188} INFO - [2026-07-31T11:17:59.368+0000] {dag.py:3947} INFO - Setting next_dagrun for tutorial_objectstorage to None, run_after=None
[2026-07-31T11:17:59.451+0000] {processor.py:183} INFO - Processing /home/airflow/.local/lib/python3.12/site-packages/airflow/example_dags/tutorial_objectstorage.py took 0.300 seconds
[2026-07-31T11:18:29.975+0000] {processor.py:161} INFO - Started process (PID=2411) to work on /home/airflow/.local/lib/python3.12/site-packages/airflow/example_dags/tutorial_objectstorage.py
[2026-07-31T11:18:29.978+0000] {processor.py:830} INFO - Processing file /home/airflow/.local/lib/python3.12/site-packages/airflow/example_dags/tutorial_objectstorage.py for tasks to queue
[2026-07-31T11:18:29.984+0000] {logging_mixin.py:188} INFO - [2026-07-31T11:18:29.983+0000] {dagbag.py:545} INFO - Filling up the DagBag from /home/airflow/.local/lib/python3.12/site-packages/airflow/example_dags/tutorial_objectstorage.py
[2026-07-31T11:18:30.010+0000] {processor.py:840} INFO - DAG(s) 'tutorial_objectstorage' retrieved from /home/airflow/.local/lib/python3.12/site-packages/airflow/example_dags/tutorial_objectstorage.py
[2026-07-31T11:18:30.067+0000] {logging_mixin.py:188} INFO - [2026-07-31T11:18:30.067+0000] {dag.py:3089} INFO - Sync 1 DAGs
[2026-07-31T11:18:30.110+0000] {logging_mixin.py:188} INFO - [2026-07-31T11:18:30.110+0000] {dag.py:3947} INFO - Setting next_dagrun for tutorial_objectstorage to None, run_after=None
[2026-07-31T11:18:30.182+0000] {processor.py:183} INFO - Processing /home/airflow/.local/lib/python3.12/site-packages/airflow/example_dags/tutorial_objectstorage.py took 0.227 seconds
[2026-07-31T11:19:01.552+0000] {processor.py:161} INFO - Started process (PID=2469) to work on /home/airflow/.local/lib/python3.12/site-packages/airflow/example_dags/tutorial_objectstorage.py
[2026-07-31T11:19:01.556+0000] {processor.py:830} INFO - Processing file /home/airflow/.local/lib/python3.12/site-packages/airflow/example_dags/tutorial_objectstorage.py for tasks to queue
[2026-07-31T11:19:01.567+0000] {logging_mixin.py:188} INFO - [2026-07-31T11:19:01.562+0000] {dagbag.py:545} INFO - Filling up the DagBag from /home/airflow/.local/lib/python3.12/site-packages/airflow/example_dags/tutorial_objectstorage.py
[2026-07-31T11:19:01.606+0000] {processor.py:840} INFO - DAG(s) 'tutorial_objectstorage' retrieved from /home/airflow/.local/lib/python3.12/site-packages/airflow/example_dags/tutorial_objectstorage.py
[2026-07-31T11:19:01.697+0000] {logging_mixin.py:188} INFO - [2026-07-31T11:19:01.696+0000] {dag.py:3089} INFO - Sync 1 DAGs
[2026-07-31T11:19:01.744+0000] {logging_mixin.py:188} INFO - [2026-07-31T11:19:01.743+0000] {dag.py:3947} INFO - Setting next_dagrun for tutorial_objectstorage to None, run_after=None
[2026-07-31T11:19:01.817+0000] {processor.py:183} INFO - Processing /home/airflow/.local/lib/python3.12/site-packages/airflow/example_dags/tutorial_objectstorage.py took 0.297 seconds
[2026-07-31T11:19:32.397+0000] {processor.py:161} INFO - Started process (PID=2527) to work on /home/airflow/.local/lib/python3.12/site-packages/airflow/example_dags/tutorial_objectstorage.py
[2026-07-31T11:19:32.409+0000] {processor.py:830} INFO - Processing file /home/airflow/.local/lib/python3.12/site-packages/airflow/example_dags/tutorial_objectstorage.py for tasks to queue
[2026-07-31T11:19:32.419+0000] {logging_mixin.py:188} INFO - [2026-07-31T11:19:32.418+0000] {dagbag.py:545} INFO - Filling up the DagBag from /home/airflow/.local/lib/python3.12/site-packages/airflow/example_dags/tutorial_objectstorage.py
[2026-07-31T11:19:32.471+0000] {processor.py:840} INFO - DAG(s) 'tutorial_objectstorage' retrieved from /home/airflow/.local/lib/python3.12/site-packages/airflow/example_dags/tutorial_objectstorage.py
[2026-07-31T11:19:32.561+0000] {logging_mixin.py:188} INFO - [2026-07-31T11:19:32.560+0000] {dag.py:3089} INFO - Sync 1 DAGs
[2026-07-31T11:19:32.633+0000] {logging_mixin.py:188} INFO - [2026-07-31T11:19:32.630+0000] {dag.py:3947} INFO - Setting next_dagrun for tutorial_objectstorage to None, run_after=None
[2026-07-31T11:19:32.778+0000] {processor.py:183} INFO - Processing /home/airflow/.local/lib/python3.12/site-packages/airflow/example_dags/tutorial_objectstorage.py took 0.410 seconds
[2026-07-31T11:20:10.456+0000] {processor.py:161} INFO - Started process (PID=2589) to work on /home/airflow/.local/lib/python3.12/site-packages/airflow/example_dags/tutorial_objectstorage.py
[2026-07-31T11:20:10.471+0000] {processor.py:830} INFO - Processing file /home/airflow/.local/lib/python3.12/site-packages/airflow/example_dags/tutorial_objectstorage.py for tasks to queue
[2026-07-31T11:20:10.484+0000] {logging_mixin.py:188} INFO - [2026-07-31T11:20:10.482+0000] {dagbag.py:545} INFO - Filling up the DagBag from /home/airflow/.local/lib/python3.12/site-packages/airflow/example_dags/tutorial_objectstorage.py
[2026-07-31T11:20:10.580+0000] {processor.py:840} INFO - DAG(s) 'tutorial_objectstorage' retrieved from /home/airflow/.local/lib/python3.12/site-packages/airflow/example_dags/tutorial_objectstorage.py
[2026-07-31T11:20:10.753+0000] {logging_mixin.py:188} INFO - [2026-07-31T11:20:10.751+0000] {dag.py:3089} INFO - Sync 1 DAGs
[2026-07-31T11:20:10.874+0000] {logging_mixin.py:188} INFO - [2026-07-31T11:20:10.874+0000] {dag.py:3947} INFO - Setting next_dagrun for tutorial_objectstorage to None, run_after=None
[2026-07-31T11:20:11.092+0000] {processor.py:183} INFO - Processing /home/airflow/.local/lib/python3.12/site-packages/airflow/example_dags/tutorial_objectstorage.py took 0.712 seconds
[2026-07-31T11:20:48.944+0000] {processor.py:161} INFO - Started process (PID=2648) to work on /home/airflow/.local/lib/python3.12/site-packages/airflow/example_dags/tutorial_objectstorage.py
[2026-07-31T11:20:48.949+0000] {processor.py:830} INFO - Processing file /home/airflow/.local/lib/python3.12/site-packages/airflow/example_dags/tutorial_objectstorage.py for tasks to queue
[2026-07-31T11:20:48.962+0000] {logging_mixin.py:188} INFO - [2026-07-31T11:20:48.961+0000] {dagbag.py:545} INFO - Filling up the DagBag from /home/airflow/.local/lib/python3.12/site-packages/airflow/example_dags/tutorial_objectstorage.py
[2026-07-31T11:20:49.002+0000] {processor.py:840} INFO - DAG(s) 'tutorial_objectstorage' retrieved from /home/airflow/.local/lib/python3.12/site-packages/airflow/example_dags/tutorial_objectstorage.py
[2026-07-31T11:20:49.103+0000] {logging_mixin.py:188} INFO - [2026-07-31T11:20:49.102+0000] {dag.py:3089} INFO - Sync 1 DAGs
[2026-07-31T11:20:49.168+0000] {logging_mixin.py:188} INFO - [2026-07-31T11:20:49.167+0000] {dag.py:3947} INFO - Setting next_dagrun for tutorial_objectstorage to None, run_after=None
[2026-07-31T11:20:49.259+0000] {processor.py:183} INFO - Processing /home/airflow/.local/lib/python3.12/site-packages/airflow/example_dags/tutorial_objectstorage.py took 0.350 seconds
[2026-07-31T11:21:19.799+0000] {processor.py:161} INFO - Started process (PID=2704) to work on /home/airflow/.local/lib/python3.12/site-packages/airflow/example_dags/tutorial_objectstorage.py
[2026-07-31T11:21:19.803+0000] {processor.py:830} INFO - Processing file /home/airflow/.local/lib/python3.12/site-packages/airflow/example_dags/tutorial_objectstorage.py for tasks to queue
[2026-07-31T11:21:19.811+0000] {logging_mixin.py:188} INFO - [2026-07-31T11:21:19.810+0000] {dagbag.py:545} INFO - Filling up the DagBag from /home/airflow/.local/lib/python3.12/site-packages/airflow/example_dags/tutorial_objectstorage.py
[2026-07-31T11:21:19.837+0000] {processor.py:840} INFO - DAG(s) 'tutorial_objectstorage' retrieved from /home/airflow/.local/lib/python3.12/site-packages/airflow/example_dags/tutorial_objectstorage.py
[2026-07-31T11:21:19.903+0000] {logging_mixin.py:188} INFO - [2026-07-31T11:21:19.902+0000] {dag.py:3089} INFO - Sync 1 DAGs
[2026-07-31T11:21:19.949+0000] {logging_mixin.py:188} INFO - [2026-07-31T11:21:19.949+0000] {dag.py:3947} INFO - Setting next_dagrun for tutorial_objectstorage to None, run_after=None
[2026-07-31T11:21:20.021+0000] {processor.py:183} INFO - Processing /home/airflow/.local/lib/python3.12/site-packages/airflow/example_dags/tutorial_objectstorage.py took 0.239 seconds
[2026-07-31T11:21:50.206+0000] {processor.py:161} INFO - Started process (PID=2763) to work on /home/airflow/.local/lib/python3.12/site-packages/airflow/example_dags/tutorial_objectstorage.py
[2026-07-31T11:21:50.209+0000] {processor.py:830} INFO - Processing file /home/airflow/.local/lib/python3.12/site-packages/airflow/example_dags/tutorial_objectstorage.py for tasks to queue
[2026-07-31T11:21:50.216+0000] {logging_mixin.py:188} INFO - [2026-07-31T11:21:50.214+0000] {dagbag.py:545} INFO - Filling up the DagBag from /home/airflow/.local/lib/python3.12/site-packages/airflow/example_dags/tutorial_objectstorage.py
[2026-07-31T11:21:50.232+0000] {processor.py:840} INFO - DAG(s) 'tutorial_objectstorage' retrieved from /home/airflow/.local/lib/python3.12/site-packages/airflow/example_dags/tutorial_objectstorage.py
[2026-07-31T11:21:50.278+0000] {logging_mixin.py:188} INFO - [2026-07-31T11:21:50.277+0000] {dag.py:3089} INFO - Sync 1 DAGs
[2026-07-31T11:21:50.308+0000] {logging_mixin.py:188} INFO - [2026-07-31T11:21:50.307+0000] {dag.py:3947} INFO - Setting next_dagrun for tutorial_objectstorage to None, run_after=None
[2026-07-31T11:21:50.364+0000] {processor.py:183} INFO - Processing /home/airflow/.local/lib/python3.12/site-packages/airflow/example_dags/tutorial_objectstorage.py took 0.175 seconds
[2026-07-31T11:22:20.602+0000] {processor.py:161} INFO - Started process (PID=2821) to work on /home/airflow/.local/lib/python3.12/site-packages/airflow/example_dags/tutorial_objectstorage.py
[2026-07-31T11:22:20.605+0000] {processor.py:830} INFO - Processing file /home/airflow/.local/lib/python3.12/site-packages/airflow/example_dags/tutorial_objectstorage.py for tasks to queue
[2026-07-31T11:22:20.610+0000] {logging_mixin.py:188} INFO - [2026-07-31T11:22:20.609+0000] {dagbag.py:545} INFO - Filling up the DagBag from /home/airflow/.local/lib/python3.12/site-packages/airflow/example_dags/tutorial_objectstorage.py
[2026-07-31T11:22:20.634+0000] {processor.py:840} INFO - DAG(s) 'tutorial_objectstorage' retrieved from /home/airflow/.local/lib/python3.12/site-packages/airflow/example_dags/tutorial_objectstorage.py
[2026-07-31T11:22:20.740+0000] {logging_mixin.py:188} INFO - [2026-07-31T11:22:20.739+0000] {dag.py:3089} INFO - Sync 1 DAGs
[2026-07-31T11:22:20.814+0000] {logging_mixin.py:188} INFO - [2026-07-31T11:22:20.813+0000] {dag.py:3947} INFO - Setting next_dagrun for tutorial_objectstorage to None, run_after=None
[2026-07-31T11:22:20.880+0000] {processor.py:183} INFO - Processing /home/airflow/.local/lib/python3.12/site-packages/airflow/example_dags/tutorial_objectstorage.py took 0.298 seconds
[2026-07-31T11:23:18.406+0000] {processor.py:161} INFO - Started process (PID=2894) to work on /home/airflow/.local/lib/python3.12/site-packages/airflow/example_dags/tutorial_objectstorage.py
[2026-07-31T11:23:18.420+0000] {processor.py:830} INFO - Processing file /home/airflow/.local/lib/python3.12/site-packages/airflow/example_dags/tutorial_objectstorage.py for tasks to queue
[2026-07-31T11:23:18.447+0000] {logging_mixin.py:188} INFO - [2026-07-31T11:23:18.445+0000] {dagbag.py:545} INFO - Filling up the DagBag from /home/airflow/.local/lib/python3.12/site-packages/airflow/example_dags/tutorial_objectstorage.py
[2026-07-31T11:23:18.966+0000] {processor.py:840} INFO - DAG(s) 'tutorial_objectstorage' retrieved from /home/airflow/.local/lib/python3.12/site-packages/airflow/example_dags/tutorial_objectstorage.py
[2026-07-31T11:23:19.610+0000] {logging_mixin.py:188} INFO - [2026-07-31T11:23:19.609+0000] {dag.py:3089} INFO - Sync 1 DAGs
[2026-07-31T11:23:20.014+0000] {logging_mixin.py:188} INFO - [2026-07-31T11:23:20.013+0000] {dag.py:3947} INFO - Setting next_dagrun for tutorial_objectstorage to None, run_after=None
[2026-07-31T11:23:20.444+0000] {processor.py:183} INFO - Processing /home/airflow/.local/lib/python3.12/site-packages/airflow/example_dags/tutorial_objectstorage.py took 2.183 seconds
[2026-07-31T11:25:16.127+0000] {processor.py:161} INFO - Started process (PID=2976) to work on /home/airflow/.local/lib/python3.12/site-packages/airflow/example_dags/tutorial_objectstorage.py
[2026-07-31T11:25:16.130+0000] {processor.py:830} INFO - Processing file /home/airflow/.local/lib/python3.12/site-packages/airflow/example_dags/tutorial_objectstorage.py for tasks to queue
[2026-07-31T11:25:16.142+0000] {logging_mixin.py:188} INFO - [2026-07-31T11:25:16.140+0000] {dagbag.py:545} INFO - Filling up the DagBag from /home/airflow/.local/lib/python3.12/site-packages/airflow/example_dags/tutorial_objectstorage.py
[2026-07-31T11:25:16.262+0000] {processor.py:840} INFO - DAG(s) 'tutorial_objectstorage' retrieved from /home/airflow/.local/lib/python3.12/site-packages/airflow/example_dags/tutorial_objectstorage.py
[2026-07-31T11:25:16.351+0000] {logging_mixin.py:188} INFO - [2026-07-31T11:25:16.350+0000] {dag.py:3089} INFO - Sync 1 DAGs
[2026-07-31T11:25:16.492+0000] {logging_mixin.py:188} INFO - [2026-07-31T11:25:16.491+0000] {dag.py:3947} INFO - Setting next_dagrun for tutorial_objectstorage to None, run_after=None
[2026-07-31T11:25:16.634+0000] {processor.py:183} INFO - Processing /home/airflow/.local/lib/python3.12/site-packages/airflow/example_dags/tutorial_objectstorage.py took 0.541 seconds
[2026-07-31T11:26:42.126+0000] {processor.py:161} INFO - Started process (PID=3045) to work on /home/airflow/.local/lib/python3.12/site-packages/airflow/example_dags/tutorial_objectstorage.py
[2026-07-31T11:26:42.131+0000] {processor.py:830} INFO - Processing file /home/airflow/.local/lib/python3.12/site-packages/airflow/example_dags/tutorial_objectstorage.py for tasks to queue
[2026-07-31T11:26:42.143+0000] {logging_mixin.py:188} INFO - [2026-07-31T11:26:42.142+0000] {dagbag.py:545} INFO - Filling up the DagBag from /home/airflow/.local/lib/python3.12/site-packages/airflow/example_dags/tutorial_objectstorage.py
[2026-07-31T11:26:42.203+0000] {processor.py:840} INFO - DAG(s) 'tutorial_objectstorage' retrieved from /home/airflow/.local/lib/python3.12/site-packages/airflow/example_dags/tutorial_objectstorage.py
[2026-07-31T11:26:42.302+0000] {logging_mixin.py:188} INFO - [2026-07-31T11:26:42.301+0000] {dag.py:3089} INFO - Sync 1 DAGs
[2026-07-31T11:26:42.366+0000] {logging_mixin.py:188} INFO - [2026-07-31T11:26:42.365+0000] {dag.py:3947} INFO - Setting next_dagrun for tutorial_objectstorage to None, run_after=None
[2026-07-31T11:26:42.476+0000] {processor.py:183} INFO - Processing /home/airflow/.local/lib/python3.12/site-packages/airflow/example_dags/tutorial_objectstorage.py took 0.392 seconds
[2026-07-31T11:27:12.994+0000] {processor.py:161} INFO - Started process (PID=3102) to work on /home/airflow/.local/lib/python3.12/site-packages/airflow/example_dags/tutorial_objectstorage.py
[2026-07-31T11:27:12.998+0000] {processor.py:830} INFO - Processing file /home/airflow/.local/lib/python3.12/site-packages/airflow/example_dags/tutorial_objectstorage.py for tasks to queue
[2026-07-31T11:27:13.005+0000] {logging_mixin.py:188} INFO - [2026-07-31T11:27:13.004+0000] {dagbag.py:545} INFO - Filling up the DagBag from /home/airflow/.local/lib/python3.12/site-packages/airflow/example_dags/tutorial_objectstorage.py
[2026-07-31T11:27:13.038+0000] {processor.py:840} INFO - DAG(s) 'tutorial_objectstorage' retrieved from /home/airflow/.local/lib/python3.12/site-packages/airflow/example_dags/tutorial_objectstorage.py
[2026-07-31T11:27:13.132+0000] {logging_mixin.py:188} INFO - [2026-07-31T11:27:13.131+0000] {dag.py:3089} INFO - Sync 1 DAGs
[2026-07-31T11:27:13.197+0000] {logging_mixin.py:188} INFO - [2026-07-31T11:27:13.197+0000] {dag.py:3947} INFO - Setting next_dagrun for tutorial_objectstorage to None, run_after=None
[2026-07-31T11:27:13.290+0000] {processor.py:183} INFO - Processing /home/airflow/.local/lib/python3.12/site-packages/airflow/example_dags/tutorial_objectstorage.py took 0.321 seconds
[2026-07-31T11:27:43.952+0000] {processor.py:161} INFO - Started process (PID=3161) to work on /home/airflow/.local/lib/python3.12/site-packages/airflow/example_dags/tutorial_objectstorage.py
[2026-07-31T11:27:43.956+0000] {processor.py:830} INFO - Processing file /home/airflow/.local/lib/python3.12/site-packages/airflow/example_dags/tutorial_objectstorage.py for tasks to queue
[2026-07-31T11:27:43.962+0000] {logging_mixin.py:188} INFO - [2026-07-31T11:27:43.961+0000] {dagbag.py:545} INFO - Filling up the DagBag from /home/airflow/.local/lib/python3.12/site-packages/airflow/example_dags/tutorial_objectstorage.py
[2026-07-31T11:27:43.994+0000] {processor.py:840} INFO - DAG(s) 'tutorial_objectstorage' retrieved from /home/airflow/.local/lib/python3.12/site-packages/airflow/example_dags/tutorial_objectstorage.py
[2026-07-31T11:27:44.075+0000] {logging_mixin.py:188} INFO - [2026-07-31T11:27:44.074+0000] {dag.py:3089} INFO - Sync 1 DAGs
[2026-07-31T11:27:44.117+0000] {logging_mixin.py:188} INFO - [2026-07-31T11:27:44.117+0000] {dag.py:3947} INFO - Setting next_dagrun for tutorial_objectstorage to None, run_after=None
[2026-07-31T11:27:44.169+0000] {processor.py:183} INFO - Processing /home/airflow/.local/lib/python3.12/site-packages/airflow/example_dags/tutorial_objectstorage.py took 0.237 seconds
[2026-07-31T11:28:14.727+0000] {processor.py:161} INFO - Started process (PID=3219) to work on /home/airflow/.local/lib/python3.12/site-packages/airflow/example_dags/tutorial_objectstorage.py
[2026-07-31T11:28:14.730+0000] {processor.py:830} INFO - Processing file /home/airflow/.local/lib/python3.12/site-packages/airflow/example_dags/tutorial_objectstorage.py for tasks to queue
[2026-07-31T11:28:14.736+0000] {logging_mixin.py:188} INFO - [2026-07-31T11:28:14.735+0000] {dagbag.py:545} INFO - Filling up the DagBag from /home/airflow/.local/lib/python3.12/site-packages/airflow/example_dags/tutorial_objectstorage.py
[2026-07-31T11:28:14.758+0000] {processor.py:840} INFO - DAG(s) 'tutorial_objectstorage' retrieved from /home/airflow/.local/lib/python3.12/site-packages/airflow/example_dags/tutorial_objectstorage.py
[2026-07-31T11:28:14.813+0000] {logging_mixin.py:188} INFO - [2026-07-31T11:28:14.812+0000] {dag.py:3089} INFO - Sync 1 DAGs
[2026-07-31T11:28:14.850+0000] {logging_mixin.py:188} INFO - [2026-07-31T11:28:14.850+0000] {dag.py:3947} INFO - Setting next_dagrun for tutorial_objectstorage to None, run_after=None
[2026-07-31T11:28:14.897+0000] {processor.py:183} INFO - Processing /home/airflow/.local/lib/python3.12/site-packages/airflow/example_dags/tutorial_objectstorage.py took 0.188 seconds
[2026-07-31T11:28:45.870+0000] {processor.py:161} INFO - Started process (PID=3277) to work on /home/airflow/.local/lib/python3.12/site-packages/airflow/example_dags/tutorial_objectstorage.py
[2026-07-31T11:28:45.875+0000] {processor.py:830} INFO - Processing file /home/airflow/.local/lib/python3.12/site-packages/airflow/example_dags/tutorial_objectstorage.py for tasks to queue
[2026-07-31T11:28:45.882+0000] {logging_mixin.py:188} INFO - [2026-07-31T11:28:45.881+0000] {dagbag.py:545} INFO - Filling up the DagBag from /home/airflow/.local/lib/python3.12/site-packages/airflow/example_dags/tutorial_objectstorage.py
[2026-07-31T11:28:45.905+0000] {processor.py:840} INFO - DAG(s) 'tutorial_objectstorage' retrieved from /home/airflow/.local/lib/python3.12/site-packages/airflow/example_dags/tutorial_objectstorage.py
[2026-07-31T11:28:46.014+0000] {logging_mixin.py:188} INFO - [2026-07-31T11:28:46.013+0000] {dag.py:3089} INFO - Sync 1 DAGs
[2026-07-31T11:28:46.156+0000] {logging_mixin.py:188} INFO - [2026-07-31T11:28:46.155+0000] {dag.py:3947} INFO - Setting next_dagrun for tutorial_objectstorage to None, run_after=None
[2026-07-31T11:28:46.271+0000] {processor.py:183} INFO - Processing /home/airflow/.local/lib/python3.12/site-packages/airflow/example_dags/tutorial_objectstorage.py took 0.422 seconds
[2026-07-31T11:29:19.805+0000] {processor.py:161} INFO - Started process (PID=3334) to work on /home/airflow/.local/lib/python3.12/site-packages/airflow/example_dags/tutorial_objectstorage.py
[2026-07-31T11:29:19.830+0000] {processor.py:830} INFO - Processing file /home/airflow/.local/lib/python3.12/site-packages/airflow/example_dags/tutorial_objectstorage.py for tasks to queue
[2026-07-31T11:29:19.852+0000] {logging_mixin.py:188} INFO - [2026-07-31T11:29:19.851+0000] {dagbag.py:545} INFO - Filling up the DagBag from /home/airflow/.local/lib/python3.12/site-packages/airflow/example_dags/tutorial_objectstorage.py
[2026-07-31T11:29:20.021+0000] {processor.py:840} INFO - DAG(s) 'tutorial_objectstorage' retrieved from /home/airflow/.local/lib/python3.12/site-packages/airflow/example_dags/tutorial_objectstorage.py
[2026-07-31T11:29:20.423+0000] {logging_mixin.py:188} INFO - [2026-07-31T11:29:20.415+0000] {dag.py:3089} INFO - Sync 1 DAGs
[2026-07-31T11:29:20.883+0000] {logging_mixin.py:188} INFO - [2026-07-31T11:29:20.882+0000] {dag.py:3947} INFO - Setting next_dagrun for tutorial_objectstorage to None, run_after=None
[2026-07-31T11:29:21.223+0000] {processor.py:183} INFO - Processing /home/airflow/.local/lib/python3.12/site-packages/airflow/example_dags/tutorial_objectstorage.py took 1.474 seconds
[2026-07-31T11:30:02.340+0000] {processor.py:161} INFO - Started process (PID=3379) to work on /home/airflow/.local/lib/python3.12/site-packages/airflow/example_dags/tutorial_objectstorage.py
[2026-07-31T11:30:02.355+0000] {processor.py:830} INFO - Processing file /home/airflow/.local/lib/python3.12/site-packages/airflow/example_dags/tutorial_objectstorage.py for tasks to queue
[2026-07-31T11:30:02.401+0000] {logging_mixin.py:188} INFO - [2026-07-31T11:30:02.399+0000] {dagbag.py:545} INFO - Filling up the DagBag from /home/airflow/.local/lib/python3.12/site-packages/airflow/example_dags/tutorial_objectstorage.py
[2026-07-31T11:30:02.573+0000] {processor.py:840} INFO - DAG(s) 'tutorial_objectstorage' retrieved from /home/airflow/.local/lib/python3.12/site-packages/airflow/example_dags/tutorial_objectstorage.py
[2026-07-31T11:30:02.734+0000] {logging_mixin.py:188} INFO - [2026-07-31T11:30:02.732+0000] {dag.py:3089} INFO - Sync 1 DAGs
[2026-07-31T11:30:02.942+0000] {logging_mixin.py:188} INFO - [2026-07-31T11:30:02.940+0000] {dag.py:3947} INFO - Setting next_dagrun for tutorial_objectstorage to None, run_after=None
[2026-07-31T11:30:03.316+0000] {processor.py:183} INFO - Processing /home/airflow/.local/lib/python3.12/site-packages/airflow/example_dags/tutorial_objectstorage.py took 1.041 seconds
[2026-07-31T11:30:39.325+0000] {processor.py:161} INFO - Started process (PID=3438) to work on /home/airflow/.local/lib/python3.12/site-packages/airflow/example_dags/tutorial_objectstorage.py
[2026-07-31T11:30:39.345+0000] {processor.py:830} INFO - Processing file /home/airflow/.local/lib/python3.12/site-packages/airflow/example_dags/tutorial_objectstorage.py for tasks to queue
[2026-07-31T11:30:39.362+0000] {logging_mixin.py:188} INFO - [2026-07-31T11:30:39.360+0000] {dagbag.py:545} INFO - Filling up the DagBag from /home/airflow/.local/lib/python3.12/site-packages/airflow/example_dags/tutorial_objectstorage.py
[2026-07-31T11:30:39.423+0000] {processor.py:840} INFO - DAG(s) 'tutorial_objectstorage' retrieved from /home/airflow/.local/lib/python3.12/site-packages/airflow/example_dags/tutorial_objectstorage.py
[2026-07-31T11:30:39.533+0000] {logging_mixin.py:188} INFO - [2026-07-31T11:30:39.531+0000] {dag.py:3089} INFO - Sync 1 DAGs
[2026-07-31T11:30:39.598+0000] {logging_mixin.py:188} INFO - [2026-07-31T11:30:39.597+0000] {dag.py:3947} INFO - Setting next_dagrun for tutorial_objectstorage to None, run_after=None
[2026-07-31T11:30:39.696+0000] {processor.py:183} INFO - Processing /home/airflow/.local/lib/python3.12/site-packages/airflow/example_dags/tutorial_objectstorage.py took 0.406 seconds
[2026-07-31T11:31:09.880+0000] {processor.py:161} INFO - Started process (PID=3494) to work on /home/airflow/.local/lib/python3.12/site-packages/airflow/example_dags/tutorial_objectstorage.py
[2026-07-31T11:31:09.884+0000] {processor.py:830} INFO - Processing file /home/airflow/.local/lib/python3.12/site-packages/airflow/example_dags/tutorial_objectstorage.py for tasks to queue
[2026-07-31T11:31:09.892+0000] {logging_mixin.py:188} INFO - [2026-07-31T11:31:09.891+0000] {dagbag.py:545} INFO - Filling up the DagBag from /home/airflow/.local/lib/python3.12/site-packages/airflow/example_dags/tutorial_objectstorage.py
[2026-07-31T11:31:09.918+0000] {processor.py:840} INFO - DAG(s) 'tutorial_objectstorage' retrieved from /home/airflow/.local/lib/python3.12/site-packages/airflow/example_dags/tutorial_objectstorage.py
[2026-07-31T11:31:09.980+0000] {logging_mixin.py:188} INFO - [2026-07-31T11:31:09.979+0000] {dag.py:3089} INFO - Sync 1 DAGs
[2026-07-31T11:31:10.022+0000] {logging_mixin.py:188} INFO - [2026-07-31T11:31:10.021+0000] {dag.py:3947} INFO - Setting next_dagrun for tutorial_objectstorage to None, run_after=None
[2026-07-31T11:31:10.087+0000] {processor.py:183} INFO - Processing /home/airflow/.local/lib/python3.12/site-packages/airflow/example_dags/tutorial_objectstorage.py took 0.226 seconds
[2026-07-31T11:31:40.401+0000] {processor.py:161} INFO - Started process (PID=3552) to work on /home/airflow/.local/lib/python3.12/site-packages/airflow/example_dags/tutorial_objectstorage.py
[2026-07-31T11:31:40.408+0000] {processor.py:830} INFO - Processing file /home/airflow/.local/lib/python3.12/site-packages/airflow/example_dags/tutorial_objectstorage.py for tasks to queue
[2026-07-31T11:31:40.418+0000] {logging_mixin.py:188} INFO - [2026-07-31T11:31:40.417+0000] {dagbag.py:545} INFO - Filling up the DagBag from /home/airflow/.local/lib/python3.12/site-packages/airflow/example_dags/tutorial_objectstorage.py
[2026-07-31T11:31:40.463+0000] {processor.py:840} INFO - DAG(s) 'tutorial_objectstorage' retrieved from /home/airflow/.local/lib/python3.12/site-packages/airflow/example_dags/tutorial_objectstorage.py
[2026-07-31T11:31:40.541+0000] {logging_mixin.py:188} INFO - [2026-07-31T11:31:40.541+0000] {dag.py:3089} INFO - Sync 1 DAGs
[2026-07-31T11:31:40.576+0000] {logging_mixin.py:188} INFO - [2026-07-31T11:31:40.575+0000] {dag.py:3947} INFO - Setting next_dagrun for tutorial_objectstorage to None, run_after=None
[2026-07-31T11:31:40.619+0000] {processor.py:183} INFO - Processing /home/airflow/.local/lib/python3.12/site-packages/airflow/example_dags/tutorial_objectstorage.py took 0.245 seconds
[2026-07-31T11:32:10.843+0000] {processor.py:161} INFO - Started process (PID=3610) to work on /home/airflow/.local/lib/python3.12/site-packages/airflow/example_dags/tutorial_objectstorage.py
[2026-07-31T11:32:10.846+0000] {processor.py:830} INFO - Processing file /home/airflow/.local/lib/python3.12/site-packages/airflow/example_dags/tutorial_objectstorage.py for tasks to queue
[2026-07-31T11:32:10.853+0000] {logging_mixin.py:188} INFO - [2026-07-31T11:32:10.852+0000] {dagbag.py:545} INFO - Filling up the DagBag from /home/airflow/.local/lib/python3.12/site-packages/airflow/example_dags/tutorial_objectstorage.py
[2026-07-31T11:32:10.876+0000] {processor.py:840} INFO - DAG(s) 'tutorial_objectstorage' retrieved from /home/airflow/.local/lib/python3.12/site-packages/airflow/example_dags/tutorial_objectstorage.py
[2026-07-31T11:32:10.935+0000] {logging_mixin.py:188} INFO - [2026-07-31T11:32:10.934+0000] {dag.py:3089} INFO - Sync 1 DAGs
[2026-07-31T11:32:10.981+0000] {logging_mixin.py:188} INFO - [2026-07-31T11:32:10.981+0000] {dag.py:3947} INFO - Setting next_dagrun for tutorial_objectstorage to None, run_after=None
[2026-07-31T11:32:11.060+0000] {processor.py:183} INFO - Processing /home/airflow/.local/lib/python3.12/site-packages/airflow/example_dags/tutorial_objectstorage.py took 0.236 seconds
[2026-07-31T11:32:51.743+0000] {processor.py:161} INFO - Started process (PID=3674) to work on /home/airflow/.local/lib/python3.12/site-packages/airflow/example_dags/tutorial_objectstorage.py
[2026-07-31T11:32:51.761+0000] {processor.py:830} INFO - Processing file /home/airflow/.local/lib/python3.12/site-packages/airflow/example_dags/tutorial_objectstorage.py for tasks to queue
[2026-07-31T11:32:51.853+0000] {logging_mixin.py:188} INFO - [2026-07-31T11:32:51.787+0000] {dagbag.py:545} INFO - Filling up the DagBag from /home/airflow/.local/lib/python3.12/site-packages/airflow/example_dags/tutorial_objectstorage.py
[2026-07-31T11:32:52.100+0000] {processor.py:840} INFO - DAG(s) 'tutorial_objectstorage' retrieved from /home/airflow/.local/lib/python3.12/site-packages/airflow/example_dags/tutorial_objectstorage.py
[2026-07-31T11:32:52.336+0000] {logging_mixin.py:188} INFO - [2026-07-31T11:32:52.324+0000] {dag.py:3089} INFO - Sync 1 DAGs
[2026-07-31T11:32:52.524+0000] {logging_mixin.py:188} INFO - [2026-07-31T11:32:52.523+0000] {dag.py:3947} INFO - Setting next_dagrun for tutorial_objectstorage to None, run_after=None
[2026-07-31T11:32:52.761+0000] {processor.py:183} INFO - Processing /home/airflow/.local/lib/python3.12/site-packages/airflow/example_dags/tutorial_objectstorage.py took 1.154 seconds
[2026-07-31T11:34:14.349+0000] {processor.py:161} INFO - Started process (PID=3733) to work on /home/airflow/.local/lib/python3.12/site-packages/airflow/example_dags/tutorial_objectstorage.py
[2026-07-31T11:34:14.356+0000] {processor.py:830} INFO - Processing file /home/airflow/.local/lib/python3.12/site-packages/airflow/example_dags/tutorial_objectstorage.py for tasks to queue
[2026-07-31T11:34:14.379+0000] {logging_mixin.py:188} INFO - [2026-07-31T11:34:14.372+0000] {dagbag.py:545} INFO - Filling up the DagBag from /home/airflow/.local/lib/python3.12/site-packages/airflow/example_dags/tutorial_objectstorage.py
[2026-07-31T11:34:14.459+0000] {processor.py:840} INFO - DAG(s) 'tutorial_objectstorage' retrieved from /home/airflow/.local/lib/python3.12/site-packages/airflow/example_dags/tutorial_objectstorage.py
[2026-07-31T11:34:14.621+0000] {logging_mixin.py:188} INFO - [2026-07-31T11:34:14.621+0000] {dag.py:3089} INFO - Sync 1 DAGs
[2026-07-31T11:34:14.713+0000] {logging_mixin.py:188} INFO - [2026-07-31T11:34:14.712+0000] {dag.py:3947} INFO - Setting next_dagrun for tutorial_objectstorage to None, run_after=None
[2026-07-31T11:34:14.834+0000] {processor.py:183} INFO - Processing /home/airflow/.local/lib/python3.12/site-packages/airflow/example_dags/tutorial_objectstorage.py took 0.531 seconds
[2026-07-31T11:34:45.090+0000] {processor.py:161} INFO - Started process (PID=3791) to work on /home/airflow/.local/lib/python3.12/site-packages/airflow/example_dags/tutorial_objectstorage.py
[2026-07-31T11:34:45.098+0000] {processor.py:830} INFO - Processing file /home/airflow/.local/lib/python3.12/site-packages/airflow/example_dags/tutorial_objectstorage.py for tasks to queue
[2026-07-31T11:34:45.105+0000] {logging_mixin.py:188} INFO - [2026-07-31T11:34:45.104+0000] {dagbag.py:545} INFO - Filling up the DagBag from /home/airflow/.local/lib/python3.12/site-packages/airflow/example_dags/tutorial_objectstorage.py
[2026-07-31T11:34:45.168+0000] {processor.py:840} INFO - DAG(s) 'tutorial_objectstorage' retrieved from /home/airflow/.local/lib/python3.12/site-packages/airflow/example_dags/tutorial_objectstorage.py
[2026-07-31T11:34:45.249+0000] {logging_mixin.py:188} INFO - [2026-07-31T11:34:45.248+0000] {dag.py:3089} INFO - Sync 1 DAGs
[2026-07-31T11:34:45.299+0000] {logging_mixin.py:188} INFO - [2026-07-31T11:34:45.298+0000] {dag.py:3947} INFO - Setting next_dagrun for tutorial_objectstorage to None, run_after=None
[2026-07-31T11:34:45.434+0000] {processor.py:183} INFO - Processing /home/airflow/.local/lib/python3.12/site-packages/airflow/example_dags/tutorial_objectstorage.py took 0.370 seconds
[2026-07-31T11:35:16.450+0000] {processor.py:161} INFO - Started process (PID=3850) to work on /home/airflow/.local/lib/python3.12/site-packages/airflow/example_dags/tutorial_objectstorage.py
[2026-07-31T11:35:16.452+0000] {processor.py:830} INFO - Processing file /home/airflow/.local/lib/python3.12/site-packages/airflow/example_dags/tutorial_objectstorage.py for tasks to queue
[2026-07-31T11:35:16.456+0000] {logging_mixin.py:188} INFO - [2026-07-31T11:35:16.456+0000] {dagbag.py:545} INFO - Filling up the DagBag from /home/airflow/.local/lib/python3.12/site-packages/airflow/example_dags/tutorial_objectstorage.py
[2026-07-31T11:35:16.470+0000] {processor.py:840} INFO - DAG(s) 'tutorial_objectstorage' retrieved from /home/airflow/.local/lib/python3.12/site-packages/airflow/example_dags/tutorial_objectstorage.py
[2026-07-31T11:35:16.511+0000] {logging_mixin.py:188} INFO - [2026-07-31T11:35:16.511+0000] {dag.py:3089} INFO - Sync 1 DAGs
[2026-07-31T11:35:16.535+0000] {logging_mixin.py:188} INFO - [2026-07-31T11:35:16.535+0000] {dag.py:3947} INFO - Setting next_dagrun for tutorial_objectstorage to None, run_after=None
[2026-07-31T11:35:16.586+0000] {processor.py:183} INFO - Processing /home/airflow/.local/lib/python3.12/site-packages/airflow/example_dags/tutorial_objectstorage.py took 0.144 seconds
[2026-07-31T11:35:46.968+0000] {processor.py:161} INFO - Started process (PID=3909) to work on /home/airflow/.local/lib/python3.12/site-packages/airflow/example_dags/tutorial_objectstorage.py
[2026-07-31T11:35:46.971+0000] {processor.py:830} INFO - Processing file /home/airflow/.local/lib/python3.12/site-packages/airflow/example_dags/tutorial_objectstorage.py for tasks to queue
[2026-07-31T11:35:46.975+0000] {logging_mixin.py:188} INFO - [2026-07-31T11:35:46.975+0000] {dagbag.py:545} INFO - Filling up the DagBag from /home/airflow/.local/lib/python3.12/site-packages/airflow/example_dags/tutorial_objectstorage.py
[2026-07-31T11:35:46.995+0000] {processor.py:840} INFO - DAG(s) 'tutorial_objectstorage' retrieved from /home/airflow/.local/lib/python3.12/site-packages/airflow/example_dags/tutorial_objectstorage.py
[2026-07-31T11:35:47.109+0000] {logging_mixin.py:188} INFO - [2026-07-31T11:35:47.100+0000] {dag.py:3089} INFO - Sync 1 DAGs
[2026-07-31T11:35:47.184+0000] {logging_mixin.py:188} INFO - [2026-07-31T11:35:47.184+0000] {dag.py:3947} INFO - Setting next_dagrun for tutorial_objectstorage to None, run_after=None
[2026-07-31T11:35:47.253+0000] {processor.py:183} INFO - Processing /home/airflow/.local/lib/python3.12/site-packages/airflow/example_dags/tutorial_objectstorage.py took 0.298 seconds
[2026-07-31T11:36:17.418+0000] {processor.py:161} INFO - Started process (PID=3967) to work on /home/airflow/.local/lib/python3.12/site-packages/airflow/example_dags/tutorial_objectstorage.py
[2026-07-31T11:36:17.419+0000] {processor.py:830} INFO - Processing file /home/airflow/.local/lib/python3.12/site-packages/airflow/example_dags/tutorial_objectstorage.py for tasks to queue
[2026-07-31T11:36:17.422+0000] {logging_mixin.py:188} INFO - [2026-07-31T11:36:17.421+0000] {dagbag.py:545} INFO - Filling up the DagBag from /home/airflow/.local/lib/python3.12/site-packages/airflow/example_dags/tutorial_objectstorage.py
[2026-07-31T11:36:17.434+0000] {processor.py:840} INFO - DAG(s) 'tutorial_objectstorage' retrieved from /home/airflow/.local/lib/python3.12/site-packages/airflow/example_dags/tutorial_objectstorage.py
[2026-07-31T11:36:17.475+0000] {logging_mixin.py:188} INFO - [2026-07-31T11:36:17.475+0000] {dag.py:3089} INFO - Sync 1 DAGs
[2026-07-31T11:36:17.500+0000] {logging_mixin.py:188} INFO - [2026-07-31T11:36:17.499+0000] {dag.py:3947} INFO - Setting next_dagrun for tutorial_objectstorage to None, run_after=None
[2026-07-31T11:36:17.531+0000] {processor.py:183} INFO - Processing /home/airflow/.local/lib/python3.12/site-packages/airflow/example_dags/tutorial_objectstorage.py took 0.121 seconds
[2026-07-31T11:36:47.995+0000] {processor.py:161} INFO - Started process (PID=4026) to work on /home/airflow/.local/lib/python3.12/site-packages/airflow/example_dags/tutorial_objectstorage.py
[2026-07-31T11:36:47.997+0000] {processor.py:830} INFO - Processing file /home/airflow/.local/lib/python3.12/site-packages/airflow/example_dags/tutorial_objectstorage.py for tasks to queue
[2026-07-31T11:36:48.001+0000] {logging_mixin.py:188} INFO - [2026-07-31T11:36:48.001+0000] {dagbag.py:545} INFO - Filling up the DagBag from /home/airflow/.local/lib/python3.12/site-packages/airflow/example_dags/tutorial_objectstorage.py
[2026-07-31T11:36:48.017+0000] {processor.py:840} INFO - DAG(s) 'tutorial_objectstorage' retrieved from /home/airflow/.local/lib/python3.12/site-packages/airflow/example_dags/tutorial_objectstorage.py
[2026-07-31T11:36:48.059+0000] {logging_mixin.py:188} INFO - [2026-07-31T11:36:48.058+0000] {dag.py:3089} INFO - Sync 1 DAGs
[2026-07-31T11:36:48.088+0000] {logging_mixin.py:188} INFO - [2026-07-31T11:36:48.087+0000] {dag.py:3947} INFO - Setting next_dagrun for tutorial_objectstorage to None, run_after=None
[2026-07-31T11:36:48.126+0000] {processor.py:183} INFO - Processing /home/airflow/.local/lib/python3.12/site-packages/airflow/example_dags/tutorial_objectstorage.py took 0.142 seconds
[2026-07-31T11:37:18.642+0000] {processor.py:161} INFO - Started process (PID=4084) to work on /home/airflow/.local/lib/python3.12/site-packages/airflow/example_dags/tutorial_objectstorage.py
[2026-07-31T11:37:18.651+0000] {processor.py:830} INFO - Processing file /home/airflow/.local/lib/python3.12/site-packages/airflow/example_dags/tutorial_objectstorage.py for tasks to queue
[2026-07-31T11:37:18.656+0000] {logging_mixin.py:188} INFO - [2026-07-31T11:37:18.655+0000] {dagbag.py:545} INFO - Filling up the DagBag from /home/airflow/.local/lib/python3.12/site-packages/airflow/example_dags/tutorial_objectstorage.py
[2026-07-31T11:37:18.681+0000] {processor.py:840} INFO - DAG(s) 'tutorial_objectstorage' retrieved from /home/airflow/.local/lib/python3.12/site-packages/airflow/example_dags/tutorial_objectstorage.py
[2026-07-31T11:37:18.771+0000] {logging_mixin.py:188} INFO - [2026-07-31T11:37:18.771+0000] {dag.py:3089} INFO - Sync 1 DAGs
[2026-07-31T11:37:18.897+0000] {logging_mixin.py:188} INFO - [2026-07-31T11:37:18.896+0000] {dag.py:3947} INFO - Setting next_dagrun for tutorial_objectstorage to None, run_after=None
[2026-07-31T11:37:18.981+0000] {processor.py:183} INFO - Processing /home/airflow/.local/lib/python3.12/site-packages/airflow/example_dags/tutorial_objectstorage.py took 0.364 seconds
[2026-07-31T11:37:49.740+0000] {processor.py:161} INFO - Started process (PID=4142) to work on /home/airflow/.local/lib/python3.12/site-packages/airflow/example_dags/tutorial_objectstorage.py
[2026-07-31T11:37:49.742+0000] {processor.py:830} INFO - Processing file /home/airflow/.local/lib/python3.12/site-packages/airflow/example_dags/tutorial_objectstorage.py for tasks to queue
[2026-07-31T11:37:49.745+0000] {logging_mixin.py:188} INFO - [2026-07-31T11:37:49.745+0000] {dagbag.py:545} INFO - Filling up the DagBag from /home/airflow/.local/lib/python3.12/site-packages/airflow/example_dags/tutorial_objectstorage.py
[2026-07-31T11:37:49.762+0000] {processor.py:840} INFO - DAG(s) 'tutorial_objectstorage' retrieved from /home/airflow/.local/lib/python3.12/site-packages/airflow/example_dags/tutorial_objectstorage.py
[2026-07-31T11:37:49.811+0000] {logging_mixin.py:188} INFO - [2026-07-31T11:37:49.810+0000] {dag.py:3089} INFO - Sync 1 DAGs
[2026-07-31T11:37:49.840+0000] {logging_mixin.py:188} INFO - [2026-07-31T11:37:49.840+0000] {dag.py:3947} INFO - Setting next_dagrun for tutorial_objectstorage to None, run_after=None
[2026-07-31T11:37:49.881+0000] {processor.py:183} INFO - Processing /home/airflow/.local/lib/python3.12/site-packages/airflow/example_dags/tutorial_objectstorage.py took 0.151 seconds
[2026-07-31T11:38:23.322+0000] {processor.py:161} INFO - Started process (PID=4200) to work on /home/airflow/.local/lib/python3.12/site-packages/airflow/example_dags/tutorial_objectstorage.py
[2026-07-31T11:38:23.332+0000] {processor.py:830} INFO - Processing file /home/airflow/.local/lib/python3.12/site-packages/airflow/example_dags/tutorial_objectstorage.py for tasks to queue
[2026-07-31T11:38:23.351+0000] {logging_mixin.py:188} INFO - [2026-07-31T11:38:23.345+0000] {dagbag.py:545} INFO - Filling up the DagBag from /home/airflow/.local/lib/python3.12/site-packages/airflow/example_dags/tutorial_objectstorage.py
[2026-07-31T11:38:23.405+0000] {processor.py:840} INFO - DAG(s) 'tutorial_objectstorage' retrieved from /home/airflow/.local/lib/python3.12/site-packages/airflow/example_dags/tutorial_objectstorage.py
[2026-07-31T11:38:23.520+0000] {logging_mixin.py:188} INFO - [2026-07-31T11:38:23.518+0000] {dag.py:3089} INFO - Sync 1 DAGs
[2026-07-31T11:38:23.627+0000] {logging_mixin.py:188} INFO - [2026-07-31T11:38:23.626+0000] {dag.py:3947} INFO - Setting next_dagrun for tutorial_objectstorage to None, run_after=None
[2026-07-31T11:38:23.760+0000] {processor.py:183} INFO - Processing /home/airflow/.local/lib/python3.12/site-packages/airflow/example_dags/tutorial_objectstorage.py took 0.467 seconds
[2026-07-31T11:38:54.572+0000] {processor.py:161} INFO - Started process (PID=4258) to work on /home/airflow/.local/lib/python3.12/site-packages/airflow/example_dags/tutorial_objectstorage.py
[2026-07-31T11:38:54.573+0000] {processor.py:830} INFO - Processing file /home/airflow/.local/lib/python3.12/site-packages/airflow/example_dags/tutorial_objectstorage.py for tasks to queue
[2026-07-31T11:38:54.576+0000] {logging_mixin.py:188} INFO - [2026-07-31T11:38:54.576+0000] {dagbag.py:545} INFO - Filling up the DagBag from /home/airflow/.local/lib/python3.12/site-packages/airflow/example_dags/tutorial_objectstorage.py
[2026-07-31T11:38:54.585+0000] {processor.py:840} INFO - DAG(s) 'tutorial_objectstorage' retrieved from /home/airflow/.local/lib/python3.12/site-packages/airflow/example_dags/tutorial_objectstorage.py
[2026-07-31T11:38:54.609+0000] {logging_mixin.py:188} INFO - [2026-07-31T11:38:54.609+0000] {dag.py:3089} INFO - Sync 1 DAGs
[2026-07-31T11:38:54.627+0000] {logging_mixin.py:188} INFO - [2026-07-31T11:38:54.627+0000] {dag.py:3947} INFO - Setting next_dagrun for tutorial_objectstorage to None, run_after=None
[2026-07-31T11:38:54.653+0000] {processor.py:183} INFO - Processing /home/airflow/.local/lib/python3.12/site-packages/airflow/example_dags/tutorial_objectstorage.py took 0.092 seconds
[2026-07-31T11:39:25.076+0000] {processor.py:161} INFO - Started process (PID=4316) to work on /home/airflow/.local/lib/python3.12/site-packages/airflow/example_dags/tutorial_objectstorage.py
[2026-07-31T11:39:25.078+0000] {processor.py:830} INFO - Processing file /home/airflow/.local/lib/python3.12/site-packages/airflow/example_dags/tutorial_objectstorage.py for tasks to queue
[2026-07-31T11:39:25.082+0000] {logging_mixin.py:188} INFO - [2026-07-31T11:39:25.081+0000] {dagbag.py:545} INFO - Filling up the DagBag from /home/airflow/.local/lib/python3.12/site-packages/airflow/example_dags/tutorial_objectstorage.py
[2026-07-31T11:39:25.093+0000] {processor.py:840} INFO - DAG(s) 'tutorial_objectstorage' retrieved from /home/airflow/.local/lib/python3.12/site-packages/airflow/example_dags/tutorial_objectstorage.py
[2026-07-31T11:39:25.123+0000] {logging_mixin.py:188} INFO - [2026-07-31T11:39:25.122+0000] {dag.py:3089} INFO - Sync 1 DAGs
[2026-07-31T11:39:25.151+0000] {logging_mixin.py:188} INFO - [2026-07-31T11:39:25.151+0000] {dag.py:3947} INFO - Setting next_dagrun for tutorial_objectstorage to None, run_after=None
[2026-07-31T11:39:25.202+0000] {processor.py:183} INFO - Processing /home/airflow/.local/lib/python3.12/site-packages/airflow/example_dags/tutorial_objectstorage.py took 0.135 seconds
[2026-07-31T11:39:56.061+0000] {processor.py:161} INFO - Started process (PID=4374) to work on /home/airflow/.local/lib/python3.12/site-packages/airflow/example_dags/tutorial_objectstorage.py
[2026-07-31T11:39:56.064+0000] {processor.py:830} INFO - Processing file /home/airflow/.local/lib/python3.12/site-packages/airflow/example_dags/tutorial_objectstorage.py for tasks to queue
[2026-07-31T11:39:56.068+0000] {logging_mixin.py:188} INFO - [2026-07-31T11:39:56.067+0000] {dagbag.py:545} INFO - Filling up the DagBag from /home/airflow/.local/lib/python3.12/site-packages/airflow/example_dags/tutorial_objectstorage.py
[2026-07-31T11:39:56.081+0000] {processor.py:840} INFO - DAG(s) 'tutorial_objectstorage' retrieved from /home/airflow/.local/lib/python3.12/site-packages/airflow/example_dags/tutorial_objectstorage.py
[2026-07-31T11:39:56.115+0000] {logging_mixin.py:188} INFO - [2026-07-31T11:39:56.114+0000] {dag.py:3089} INFO - Sync 1 DAGs
[2026-07-31T11:39:56.142+0000] {logging_mixin.py:188} INFO - [2026-07-31T11:39:56.141+0000] {dag.py:3947} INFO - Setting next_dagrun for tutorial_objectstorage to None, run_after=None
[2026-07-31T11:39:56.204+0000] {processor.py:183} INFO - Processing /home/airflow/.local/lib/python3.12/site-packages/airflow/example_dags/tutorial_objectstorage.py took 0.155 seconds
[2026-07-31T11:40:27.631+0000] {processor.py:161} INFO - Started process (PID=4430) to work on /home/airflow/.local/lib/python3.12/site-packages/airflow/example_dags/tutorial_objectstorage.py
[2026-07-31T11:40:27.639+0000] {processor.py:830} INFO - Processing file /home/airflow/.local/lib/python3.12/site-packages/airflow/example_dags/tutorial_objectstorage.py for tasks to queue
[2026-07-31T11:40:27.644+0000] {logging_mixin.py:188} INFO - [2026-07-31T11:40:27.643+0000] {dagbag.py:545} INFO - Filling up the DagBag from /home/airflow/.local/lib/python3.12/site-packages/airflow/example_dags/tutorial_objectstorage.py
[2026-07-31T11:40:27.713+0000] {processor.py:840} INFO - DAG(s) 'tutorial_objectstorage' retrieved from /home/airflow/.local/lib/python3.12/site-packages/airflow/example_dags/tutorial_objectstorage.py
[2026-07-31T11:40:27.782+0000] {logging_mixin.py:188} INFO - [2026-07-31T11:40:27.781+0000] {dag.py:3089} INFO - Sync 1 DAGs
[2026-07-31T11:40:27.835+0000] {logging_mixin.py:188} INFO - [2026-07-31T11:40:27.833+0000] {dag.py:3947} INFO - Setting next_dagrun for tutorial_objectstorage to None, run_after=None
[2026-07-31T11:40:27.941+0000] {processor.py:183} INFO - Processing /home/airflow/.local/lib/python3.12/site-packages/airflow/example_dags/tutorial_objectstorage.py took 0.331 seconds
[2026-07-31T11:40:58.818+0000] {processor.py:161} INFO - Started process (PID=4488) to work on /home/airflow/.local/lib/python3.12/site-packages/airflow/example_dags/tutorial_objectstorage.py
[2026-07-31T11:40:58.827+0000] {processor.py:830} INFO - Processing file /home/airflow/.local/lib/python3.12/site-packages/airflow/example_dags/tutorial_objectstorage.py for tasks to queue
[2026-07-31T11:40:58.835+0000] {logging_mixin.py:188} INFO - [2026-07-31T11:40:58.833+0000] {dagbag.py:545} INFO - Filling up the DagBag from /home/airflow/.local/lib/python3.12/site-packages/airflow/example_dags/tutorial_objectstorage.py
[2026-07-31T11:40:58.882+0000] {processor.py:840} INFO - DAG(s) 'tutorial_objectstorage' retrieved from /home/airflow/.local/lib/python3.12/site-packages/airflow/example_dags/tutorial_objectstorage.py
[2026-07-31T11:40:58.983+0000] {logging_mixin.py:188} INFO - [2026-07-31T11:40:58.982+0000] {dag.py:3089} INFO - Sync 1 DAGs
[2026-07-31T11:40:59.048+0000] {logging_mixin.py:188} INFO - [2026-07-31T11:40:59.047+0000] {dag.py:3947} INFO - Setting next_dagrun for tutorial_objectstorage to None, run_after=None
[2026-07-31T11:40:59.265+0000] {processor.py:183} INFO - Processing /home/airflow/.local/lib/python3.12/site-packages/airflow/example_dags/tutorial_objectstorage.py took 0.483 seconds
[2026-07-31T11:41:29.834+0000] {processor.py:161} INFO - Started process (PID=4546) to work on /home/airflow/.local/lib/python3.12/site-packages/airflow/example_dags/tutorial_objectstorage.py
[2026-07-31T11:41:29.837+0000] {processor.py:830} INFO - Processing file /home/airflow/.local/lib/python3.12/site-packages/airflow/example_dags/tutorial_objectstorage.py for tasks to queue
[2026-07-31T11:41:29.843+0000] {logging_mixin.py:188} INFO - [2026-07-31T11:41:29.842+0000] {dagbag.py:545} INFO - Filling up the DagBag from /home/airflow/.local/lib/python3.12/site-packages/airflow/example_dags/tutorial_objectstorage.py
[2026-07-31T11:41:29.880+0000] {processor.py:840} INFO - DAG(s) 'tutorial_objectstorage' retrieved from /home/airflow/.local/lib/python3.12/site-packages/airflow/example_dags/tutorial_objectstorage.py
[2026-07-31T11:41:29.947+0000] {logging_mixin.py:188} INFO - [2026-07-31T11:41:29.947+0000] {dag.py:3089} INFO - Sync 1 DAGs
[2026-07-31T11:41:29.978+0000] {logging_mixin.py:188} INFO - [2026-07-31T11:41:29.977+0000] {dag.py:3947} INFO - Setting next_dagrun for tutorial_objectstorage to None, run_after=None
[2026-07-31T11:41:30.060+0000] {processor.py:183} INFO - Processing /home/airflow/.local/lib/python3.12/site-packages/airflow/example_dags/tutorial_objectstorage.py took 0.240 seconds
[2026-07-31T11:42:00.206+0000] {processor.py:161} INFO - Started process (PID=4603) to work on /home/airflow/.local/lib/python3.12/site-packages/airflow/example_dags/tutorial_objectstorage.py
[2026-07-31T11:42:00.208+0000] {processor.py:830} INFO - Processing file /home/airflow/.local/lib/python3.12/site-packages/airflow/example_dags/tutorial_objectstorage.py for tasks to queue
[2026-07-31T11:42:00.213+0000] {logging_mixin.py:188} INFO - [2026-07-31T11:42:00.212+0000] {dagbag.py:545} INFO - Filling up the DagBag from /home/airflow/.local/lib/python3.12/site-packages/airflow/example_dags/tutorial_objectstorage.py
[2026-07-31T11:42:00.225+0000] {processor.py:840} INFO - DAG(s) 'tutorial_objectstorage' retrieved from /home/airflow/.local/lib/python3.12/site-packages/airflow/example_dags/tutorial_objectstorage.py
[2026-07-31T11:42:00.265+0000] {logging_mixin.py:188} INFO - [2026-07-31T11:42:00.264+0000] {dag.py:3089} INFO - Sync 1 DAGs
[2026-07-31T11:42:00.286+0000] {logging_mixin.py:188} INFO - [2026-07-31T11:42:00.286+0000] {dag.py:3947} INFO - Setting next_dagrun for tutorial_objectstorage to None, run_after=None
[2026-07-31T11:42:00.318+0000] {processor.py:183} INFO - Processing /home/airflow/.local/lib/python3.12/site-packages/airflow/example_dags/tutorial_objectstorage.py took 0.125 seconds
[2026-07-31T11:42:31.113+0000] {processor.py:161} INFO - Started process (PID=4661) to work on /home/airflow/.local/lib/python3.12/site-packages/airflow/example_dags/tutorial_objectstorage.py
[2026-07-31T11:42:31.117+0000] {processor.py:830} INFO - Processing file /home/airflow/.local/lib/python3.12/site-packages/airflow/example_dags/tutorial_objectstorage.py for tasks to queue
[2026-07-31T11:42:31.134+0000] {logging_mixin.py:188} INFO - [2026-07-31T11:42:31.132+0000] {dagbag.py:545} INFO - Filling up the DagBag from /home/airflow/.local/lib/python3.12/site-packages/airflow/example_dags/tutorial_objectstorage.py
[2026-07-31T11:42:31.171+0000] {processor.py:840} INFO - DAG(s) 'tutorial_objectstorage' retrieved from /home/airflow/.local/lib/python3.12/site-packages/airflow/example_dags/tutorial_objectstorage.py
[2026-07-31T11:42:31.245+0000] {logging_mixin.py:188} INFO - [2026-07-31T11:42:31.244+0000] {dag.py:3089} INFO - Sync 1 DAGs
[2026-07-31T11:42:31.301+0000] {logging_mixin.py:188} INFO - [2026-07-31T11:42:31.298+0000] {dag.py:3947} INFO - Setting next_dagrun for tutorial_objectstorage to None, run_after=None
[2026-07-31T11:42:31.447+0000] {processor.py:183} INFO - Processing /home/airflow/.local/lib/python3.12/site-packages/airflow/example_dags/tutorial_objectstorage.py took 0.361 seconds
[2026-07-31T11:43:02.023+0000] {processor.py:161} INFO - Started process (PID=4719) to work on /home/airflow/.local/lib/python3.12/site-packages/airflow/example_dags/tutorial_objectstorage.py
[2026-07-31T11:43:02.030+0000] {processor.py:830} INFO - Processing file /home/airflow/.local/lib/python3.12/site-packages/airflow/example_dags/tutorial_objectstorage.py for tasks to queue
[2026-07-31T11:43:02.075+0000] {logging_mixin.py:188} INFO - [2026-07-31T11:43:02.073+0000] {dagbag.py:545} INFO - Filling up the DagBag from /home/airflow/.local/lib/python3.12/site-packages/airflow/example_dags/tutorial_objectstorage.py
[2026-07-31T11:43:02.097+0000] {processor.py:840} INFO - DAG(s) 'tutorial_objectstorage' retrieved from /home/airflow/.local/lib/python3.12/site-packages/airflow/example_dags/tutorial_objectstorage.py
[2026-07-31T11:43:02.146+0000] {logging_mixin.py:188} INFO - [2026-07-31T11:43:02.145+0000] {dag.py:3089} INFO - Sync 1 DAGs
[2026-07-31T11:43:02.171+0000] {logging_mixin.py:188} INFO - [2026-07-31T11:43:02.171+0000] {dag.py:3947} INFO - Setting next_dagrun for tutorial_objectstorage to None, run_after=None
[2026-07-31T11:43:02.203+0000] {processor.py:183} INFO - Processing /home/airflow/.local/lib/python3.12/site-packages/airflow/example_dags/tutorial_objectstorage.py took 0.208 seconds
[2026-07-31T11:43:33.242+0000] {processor.py:161} INFO - Started process (PID=4777) to work on /home/airflow/.local/lib/python3.12/site-packages/airflow/example_dags/tutorial_objectstorage.py
[2026-07-31T11:43:33.244+0000] {processor.py:830} INFO - Processing file /home/airflow/.local/lib/python3.12/site-packages/airflow/example_dags/tutorial_objectstorage.py for tasks to queue
[2026-07-31T11:43:33.246+0000] {logging_mixin.py:188} INFO - [2026-07-31T11:43:33.246+0000] {dagbag.py:545} INFO - Filling up the DagBag from /home/airflow/.local/lib/python3.12/site-packages/airflow/example_dags/tutorial_objectstorage.py
[2026-07-31T11:43:33.255+0000] {processor.py:840} INFO - DAG(s) 'tutorial_objectstorage' retrieved from /home/airflow/.local/lib/python3.12/site-packages/airflow/example_dags/tutorial_objectstorage.py
[2026-07-31T11:43:33.279+0000] {logging_mixin.py:188} INFO - [2026-07-31T11:43:33.279+0000] {dag.py:3089} INFO - Sync 1 DAGs
[2026-07-31T11:43:33.296+0000] {logging_mixin.py:188} INFO - [2026-07-31T11:43:33.296+0000] {dag.py:3947} INFO - Setting next_dagrun for tutorial_objectstorage to None, run_after=None
[2026-07-31T11:43:33.322+0000] {processor.py:183} INFO - Processing /home/airflow/.local/lib/python3.12/site-packages/airflow/example_dags/tutorial_objectstorage.py took 0.087 seconds
[2026-07-31T11:44:03.588+0000] {processor.py:161} INFO - Started process (PID=4835) to work on /home/airflow/.local/lib/python3.12/site-packages/airflow/example_dags/tutorial_objectstorage.py
[2026-07-31T11:44:03.589+0000] {processor.py:830} INFO - Processing file /home/airflow/.local/lib/python3.12/site-packages/airflow/example_dags/tutorial_objectstorage.py for tasks to queue
[2026-07-31T11:44:03.592+0000] {logging_mixin.py:188} INFO - [2026-07-31T11:44:03.591+0000] {dagbag.py:545} INFO - Filling up the DagBag from /home/airflow/.local/lib/python3.12/site-packages/airflow/example_dags/tutorial_objectstorage.py
[2026-07-31T11:44:03.600+0000] {processor.py:840} INFO - DAG(s) 'tutorial_objectstorage' retrieved from /home/airflow/.local/lib/python3.12/site-packages/airflow/example_dags/tutorial_objectstorage.py
[2026-07-31T11:44:03.623+0000] {logging_mixin.py:188} INFO - [2026-07-31T11:44:03.623+0000] {dag.py:3089} INFO - Sync 1 DAGs
[2026-07-31T11:44:03.639+0000] {logging_mixin.py:188} INFO - [2026-07-31T11:44:03.639+0000] {dag.py:3947} INFO - Setting next_dagrun for tutorial_objectstorage to None, run_after=None
[2026-07-31T11:44:03.666+0000] {processor.py:183} INFO - Processing /home/airflow/.local/lib/python3.12/site-packages/airflow/example_dags/tutorial_objectstorage.py took 0.085 seconds
[2026-07-31T11:44:34.160+0000] {processor.py:161} INFO - Started process (PID=4893) to work on /home/airflow/.local/lib/python3.12/site-packages/airflow/example_dags/tutorial_objectstorage.py
[2026-07-31T11:44:34.161+0000] {processor.py:830} INFO - Processing file /home/airflow/.local/lib/python3.12/site-packages/airflow/example_dags/tutorial_objectstorage.py for tasks to queue
[2026-07-31T11:44:34.164+0000] {logging_mixin.py:188} INFO - [2026-07-31T11:44:34.163+0000] {dagbag.py:545} INFO - Filling up the DagBag from /home/airflow/.local/lib/python3.12/site-packages/airflow/example_dags/tutorial_objectstorage.py
[2026-07-31T11:44:34.176+0000] {processor.py:840} INFO - DAG(s) 'tutorial_objectstorage' retrieved from /home/airflow/.local/lib/python3.12/site-packages/airflow/example_dags/tutorial_objectstorage.py
[2026-07-31T11:44:34.203+0000] {logging_mixin.py:188} INFO - [2026-07-31T11:44:34.203+0000] {dag.py:3089} INFO - Sync 1 DAGs
[2026-07-31T11:44:34.222+0000] {logging_mixin.py:188} INFO - [2026-07-31T11:44:34.221+0000] {dag.py:3947} INFO - Setting next_dagrun for tutorial_objectstorage to None, run_after=None
[2026-07-31T11:44:34.253+0000] {processor.py:183} INFO - Processing /home/airflow/.local/lib/python3.12/site-packages/airflow/example_dags/tutorial_objectstorage.py took 0.100 seconds
[2026-07-31T11:45:05.380+0000] {processor.py:161} INFO - Started process (PID=4951) to work on /home/airflow/.local/lib/python3.12/site-packages/airflow/example_dags/tutorial_objectstorage.py
[2026-07-31T11:45:05.384+0000] {processor.py:830} INFO - Processing file /home/airflow/.local/lib/python3.12/site-packages/airflow/example_dags/tutorial_objectstorage.py for tasks to queue
[2026-07-31T11:45:05.396+0000] {logging_mixin.py:188} INFO - [2026-07-31T11:45:05.394+0000] {dagbag.py:545} INFO - Filling up the DagBag from /home/airflow/.local/lib/python3.12/site-packages/airflow/example_dags/tutorial_objectstorage.py
[2026-07-31T11:45:05.424+0000] {processor.py:840} INFO - DAG(s) 'tutorial_objectstorage' retrieved from /home/airflow/.local/lib/python3.12/site-packages/airflow/example_dags/tutorial_objectstorage.py
[2026-07-31T11:45:05.466+0000] {logging_mixin.py:188} INFO - [2026-07-31T11:45:05.465+0000] {dag.py:3089} INFO - Sync 1 DAGs
[2026-07-31T11:45:05.491+0000] {logging_mixin.py:188} INFO - [2026-07-31T11:45:05.491+0000] {dag.py:3947} INFO - Setting next_dagrun for tutorial_objectstorage to None, run_after=None
[2026-07-31T11:45:05.534+0000] {processor.py:183} INFO - Processing /home/airflow/.local/lib/python3.12/site-packages/airflow/example_dags/tutorial_objectstorage.py took 0.180 seconds
[2026-07-31T11:45:36.115+0000] {processor.py:161} INFO - Started process (PID=5008) to work on /home/airflow/.local/lib/python3.12/site-packages/airflow/example_dags/tutorial_objectstorage.py
[2026-07-31T11:45:36.117+0000] {processor.py:830} INFO - Processing file /home/airflow/.local/lib/python3.12/site-packages/airflow/example_dags/tutorial_objectstorage.py for tasks to queue
[2026-07-31T11:45:36.120+0000] {logging_mixin.py:188} INFO - [2026-07-31T11:45:36.119+0000] {dagbag.py:545} INFO - Filling up the DagBag from /home/airflow/.local/lib/python3.12/site-packages/airflow/example_dags/tutorial_objectstorage.py
[2026-07-31T11:45:36.130+0000] {processor.py:840} INFO - DAG(s) 'tutorial_objectstorage' retrieved from /home/airflow/.local/lib/python3.12/site-packages/airflow/example_dags/tutorial_objectstorage.py
[2026-07-31T11:45:36.155+0000] {logging_mixin.py:188} INFO - [2026-07-31T11:45:36.155+0000] {dag.py:3089} INFO - Sync 1 DAGs
[2026-07-31T11:45:36.171+0000] {logging_mixin.py:188} INFO - [2026-07-31T11:45:36.171+0000] {dag.py:3947} INFO - Setting next_dagrun for tutorial_objectstorage to None, run_after=None
[2026-07-31T11:45:36.198+0000] {processor.py:183} INFO - Processing /home/airflow/.local/lib/python3.12/site-packages/airflow/example_dags/tutorial_objectstorage.py took 0.090 seconds
[2026-07-31T11:46:06.788+0000] {processor.py:161} INFO - Started process (PID=5066) to work on /home/airflow/.local/lib/python3.12/site-packages/airflow/example_dags/tutorial_objectstorage.py
[2026-07-31T11:46:06.789+0000] {processor.py:830} INFO - Processing file /home/airflow/.local/lib/python3.12/site-packages/airflow/example_dags/tutorial_objectstorage.py for tasks to queue
[2026-07-31T11:46:06.792+0000] {logging_mixin.py:188} INFO - [2026-07-31T11:46:06.791+0000] {dagbag.py:545} INFO - Filling up the DagBag from /home/airflow/.local/lib/python3.12/site-packages/airflow/example_dags/tutorial_objectstorage.py
[2026-07-31T11:46:06.801+0000] {processor.py:840} INFO - DAG(s) 'tutorial_objectstorage' retrieved from /home/airflow/.local/lib/python3.12/site-packages/airflow/example_dags/tutorial_objectstorage.py
[2026-07-31T11:46:06.825+0000] {logging_mixin.py:188} INFO - [2026-07-31T11:46:06.825+0000] {dag.py:3089} INFO - Sync 1 DAGs
[2026-07-31T11:46:06.849+0000] {logging_mixin.py:188} INFO - [2026-07-31T11:46:06.848+0000] {dag.py:3947} INFO - Setting next_dagrun for tutorial_objectstorage to None, run_after=None
[2026-07-31T11:46:06.874+0000] {processor.py:183} INFO - Processing /home/airflow/.local/lib/python3.12/site-packages/airflow/example_dags/tutorial_objectstorage.py took 0.093 seconds
[2026-07-31T11:46:37.126+0000] {processor.py:161} INFO - Started process (PID=5124) to work on /home/airflow/.local/lib/python3.12/site-packages/airflow/example_dags/tutorial_objectstorage.py
[2026-07-31T11:46:37.128+0000] {processor.py:830} INFO - Processing file /home/airflow/.local/lib/python3.12/site-packages/airflow/example_dags/tutorial_objectstorage.py for tasks to queue
[2026-07-31T11:46:37.130+0000] {logging_mixin.py:188} INFO - [2026-07-31T11:46:37.130+0000] {dagbag.py:545} INFO - Filling up the DagBag from /home/airflow/.local/lib/python3.12/site-packages/airflow/example_dags/tutorial_objectstorage.py
[2026-07-31T11:46:37.139+0000] {processor.py:840} INFO - DAG(s) 'tutorial_objectstorage' retrieved from /home/airflow/.local/lib/python3.12/site-packages/airflow/example_dags/tutorial_objectstorage.py
[2026-07-31T11:46:37.168+0000] {logging_mixin.py:188} INFO - [2026-07-31T11:46:37.168+0000] {dag.py:3089} INFO - Sync 1 DAGs
[2026-07-31T11:46:37.187+0000] {logging_mixin.py:188} INFO - [2026-07-31T11:46:37.187+0000] {dag.py:3947} INFO - Setting next_dagrun for tutorial_objectstorage to None, run_after=None
[2026-07-31T11:46:37.217+0000] {processor.py:183} INFO - Processing /home/airflow/.local/lib/python3.12/site-packages/airflow/example_dags/tutorial_objectstorage.py took 0.098 seconds
[2026-07-31T11:47:07.388+0000] {processor.py:161} INFO - Started process (PID=5182) to work on /home/airflow/.local/lib/python3.12/site-packages/airflow/example_dags/tutorial_objectstorage.py
[2026-07-31T11:47:07.390+0000] {processor.py:830} INFO - Processing file /home/airflow/.local/lib/python3.12/site-packages/airflow/example_dags/tutorial_objectstorage.py for tasks to queue
[2026-07-31T11:47:07.392+0000] {logging_mixin.py:188} INFO - [2026-07-31T11:47:07.392+0000] {dagbag.py:545} INFO - Filling up the DagBag from /home/airflow/.local/lib/python3.12/site-packages/airflow/example_dags/tutorial_objectstorage.py
[2026-07-31T11:47:07.400+0000] {processor.py:840} INFO - DAG(s) 'tutorial_objectstorage' retrieved from /home/airflow/.local/lib/python3.12/site-packages/airflow/example_dags/tutorial_objectstorage.py
[2026-07-31T11:47:07.424+0000] {logging_mixin.py:188} INFO - [2026-07-31T11:47:07.423+0000] {dag.py:3089} INFO - Sync 1 DAGs
[2026-07-31T11:47:07.439+0000] {logging_mixin.py:188} INFO - [2026-07-31T11:47:07.438+0000] {dag.py:3947} INFO - Setting next_dagrun for tutorial_objectstorage to None, run_after=None
[2026-07-31T11:47:07.465+0000] {processor.py:183} INFO - Processing /home/airflow/.local/lib/python3.12/site-packages/airflow/example_dags/tutorial_objectstorage.py took 0.084 seconds
[2026-07-31T11:47:37.568+0000] {processor.py:161} INFO - Started process (PID=5240) to work on /home/airflow/.local/lib/python3.12/site-packages/airflow/example_dags/tutorial_objectstorage.py
[2026-07-31T11:47:37.569+0000] {processor.py:830} INFO - Processing file /home/airflow/.local/lib/python3.12/site-packages/airflow/example_dags/tutorial_objectstorage.py for tasks to queue
[2026-07-31T11:47:37.571+0000] {logging_mixin.py:188} INFO - [2026-07-31T11:47:37.571+0000] {dagbag.py:545} INFO - Filling up the DagBag from /home/airflow/.local/lib/python3.12/site-packages/airflow/example_dags/tutorial_objectstorage.py
[2026-07-31T11:47:37.581+0000] {processor.py:840} INFO - DAG(s) 'tutorial_objectstorage' retrieved from /home/airflow/.local/lib/python3.12/site-packages/airflow/example_dags/tutorial_objectstorage.py
[2026-07-31T11:47:37.604+0000] {logging_mixin.py:188} INFO - [2026-07-31T11:47:37.604+0000] {dag.py:3089} INFO - Sync 1 DAGs
[2026-07-31T11:47:37.621+0000] {logging_mixin.py:188} INFO - [2026-07-31T11:47:37.620+0000] {dag.py:3947} INFO - Setting next_dagrun for tutorial_objectstorage to None, run_after=None
[2026-07-31T11:47:37.646+0000] {processor.py:183} INFO - Processing /home/airflow/.local/lib/python3.12/site-packages/airflow/example_dags/tutorial_objectstorage.py took 0.086 seconds
[2026-07-31T11:48:07.693+0000] {processor.py:161} INFO - Started process (PID=5298) to work on /home/airflow/.local/lib/python3.12/site-packages/airflow/example_dags/tutorial_objectstorage.py
[2026-07-31T11:48:07.694+0000] {processor.py:830} INFO - Processing file /home/airflow/.local/lib/python3.12/site-packages/airflow/example_dags/tutorial_objectstorage.py for tasks to queue
[2026-07-31T11:48:07.696+0000] {logging_mixin.py:188} INFO - [2026-07-31T11:48:07.696+0000] {dagbag.py:545} INFO - Filling up the DagBag from /home/airflow/.local/lib/python3.12/site-packages/airflow/example_dags/tutorial_objectstorage.py
[2026-07-31T11:48:07.705+0000] {processor.py:840} INFO - DAG(s) 'tutorial_objectstorage' retrieved from /home/airflow/.local/lib/python3.12/site-packages/airflow/example_dags/tutorial_objectstorage.py
[2026-07-31T11:48:07.729+0000] {logging_mixin.py:188} INFO - [2026-07-31T11:48:07.729+0000] {dag.py:3089} INFO - Sync 1 DAGs
[2026-07-31T11:48:07.744+0000] {logging_mixin.py:188} INFO - [2026-07-31T11:48:07.743+0000] {dag.py:3947} INFO - Setting next_dagrun for tutorial_objectstorage to None, run_after=None
[2026-07-31T11:48:07.769+0000] {processor.py:183} INFO - Processing /home/airflow/.local/lib/python3.12/site-packages/airflow/example_dags/tutorial_objectstorage.py took 0.082 seconds
[2026-07-31T11:48:38.226+0000] {processor.py:161} INFO - Started process (PID=5356) to work on /home/airflow/.local/lib/python3.12/site-packages/airflow/example_dags/tutorial_objectstorage.py
[2026-07-31T11:48:38.232+0000] {processor.py:830} INFO - Processing file /home/airflow/.local/lib/python3.12/site-packages/airflow/example_dags/tutorial_objectstorage.py for tasks to queue
[2026-07-31T11:48:38.243+0000] {logging_mixin.py:188} INFO - [2026-07-31T11:48:38.242+0000] {dagbag.py:545} INFO - Filling up the DagBag from /home/airflow/.local/lib/python3.12/site-packages/airflow/example_dags/tutorial_objectstorage.py
[2026-07-31T11:48:38.267+0000] {processor.py:840} INFO - DAG(s) 'tutorial_objectstorage' retrieved from /home/airflow/.local/lib/python3.12/site-packages/airflow/example_dags/tutorial_objectstorage.py
[2026-07-31T11:48:38.414+0000] {logging_mixin.py:188} INFO - [2026-07-31T11:48:38.413+0000] {dag.py:3089} INFO - Sync 1 DAGs
[2026-07-31T11:48:38.519+0000] {logging_mixin.py:188} INFO - [2026-07-31T11:48:38.518+0000] {dag.py:3947} INFO - Setting next_dagrun for tutorial_objectstorage to None, run_after=None
[2026-07-31T11:48:38.653+0000] {processor.py:183} INFO - Processing /home/airflow/.local/lib/python3.12/site-packages/airflow/example_dags/tutorial_objectstorage.py took 0.437 seconds
[2026-07-31T11:49:08.813+0000] {processor.py:161} INFO - Started process (PID=5414) to work on /home/airflow/.local/lib/python3.12/site-packages/airflow/example_dags/tutorial_objectstorage.py
[2026-07-31T11:49:08.817+0000] {processor.py:830} INFO - Processing file /home/airflow/.local/lib/python3.12/site-packages/airflow/example_dags/tutorial_objectstorage.py for tasks to queue
[2026-07-31T11:49:08.829+0000] {logging_mixin.py:188} INFO - [2026-07-31T11:49:08.828+0000] {dagbag.py:545} INFO - Filling up the DagBag from /home/airflow/.local/lib/python3.12/site-packages/airflow/example_dags/tutorial_objectstorage.py
[2026-07-31T11:49:08.860+0000] {processor.py:840} INFO - DAG(s) 'tutorial_objectstorage' retrieved from /home/airflow/.local/lib/python3.12/site-packages/airflow/example_dags/tutorial_objectstorage.py
[2026-07-31T11:49:08.936+0000] {logging_mixin.py:188} INFO - [2026-07-31T11:49:08.935+0000] {dag.py:3089} INFO - Sync 1 DAGs
[2026-07-31T11:49:09.033+0000] {logging_mixin.py:188} INFO - [2026-07-31T11:49:09.032+0000] {dag.py:3947} INFO - Setting next_dagrun for tutorial_objectstorage to None, run_after=None
[2026-07-31T11:49:09.162+0000] {processor.py:183} INFO - Processing /home/airflow/.local/lib/python3.12/site-packages/airflow/example_dags/tutorial_objectstorage.py took 0.372 seconds
[2026-07-31T11:49:39.823+0000] {processor.py:161} INFO - Started process (PID=5472) to work on /home/airflow/.local/lib/python3.12/site-packages/airflow/example_dags/tutorial_objectstorage.py
[2026-07-31T11:49:39.825+0000] {processor.py:830} INFO - Processing file /home/airflow/.local/lib/python3.12/site-packages/airflow/example_dags/tutorial_objectstorage.py for tasks to queue
[2026-07-31T11:49:39.828+0000] {logging_mixin.py:188} INFO - [2026-07-31T11:49:39.828+0000] {dagbag.py:545} INFO - Filling up the DagBag from /home/airflow/.local/lib/python3.12/site-packages/airflow/example_dags/tutorial_objectstorage.py
[2026-07-31T11:49:39.837+0000] {processor.py:840} INFO - DAG(s) 'tutorial_objectstorage' retrieved from /home/airflow/.local/lib/python3.12/site-packages/airflow/example_dags/tutorial_objectstorage.py
[2026-07-31T11:49:39.861+0000] {logging_mixin.py:188} INFO - [2026-07-31T11:49:39.861+0000] {dag.py:3089} INFO - Sync 1 DAGs
[2026-07-31T11:49:39.879+0000] {logging_mixin.py:188} INFO - [2026-07-31T11:49:39.878+0000] {dag.py:3947} INFO - Setting next_dagrun for tutorial_objectstorage to None, run_after=None
[2026-07-31T11:49:39.909+0000] {processor.py:183} INFO - Processing /home/airflow/.local/lib/python3.12/site-packages/airflow/example_dags/tutorial_objectstorage.py took 0.094 seconds
[2026-07-31T11:50:10.008+0000] {processor.py:161} INFO - Started process (PID=5530) to work on /home/airflow/.local/lib/python3.12/site-packages/airflow/example_dags/tutorial_objectstorage.py
[2026-07-31T11:50:10.010+0000] {processor.py:830} INFO - Processing file /home/airflow/.local/lib/python3.12/site-packages/airflow/example_dags/tutorial_objectstorage.py for tasks to queue
[2026-07-31T11:50:10.013+0000] {logging_mixin.py:188} INFO - [2026-07-31T11:50:10.013+0000] {dagbag.py:545} INFO - Filling up the DagBag from /home/airflow/.local/lib/python3.12/site-packages/airflow/example_dags/tutorial_objectstorage.py
[2026-07-31T11:50:10.024+0000] {processor.py:840} INFO - DAG(s) 'tutorial_objectstorage' retrieved from /home/airflow/.local/lib/python3.12/site-packages/airflow/example_dags/tutorial_objectstorage.py
[2026-07-31T11:50:10.047+0000] {logging_mixin.py:188} INFO - [2026-07-31T11:50:10.047+0000] {dag.py:3089} INFO - Sync 1 DAGs
[2026-07-31T11:50:10.063+0000] {logging_mixin.py:188} INFO - [2026-07-31T11:50:10.063+0000] {dag.py:3947} INFO - Setting next_dagrun for tutorial_objectstorage to None, run_after=None
[2026-07-31T11:50:10.090+0000] {processor.py:183} INFO - Processing /home/airflow/.local/lib/python3.12/site-packages/airflow/example_dags/tutorial_objectstorage.py took 0.090 seconds
[2026-07-31T11:50:40.649+0000] {processor.py:161} INFO - Started process (PID=5588) to work on /home/airflow/.local/lib/python3.12/site-packages/airflow/example_dags/tutorial_objectstorage.py
[2026-07-31T11:50:40.651+0000] {processor.py:830} INFO - Processing file /home/airflow/.local/lib/python3.12/site-packages/airflow/example_dags/tutorial_objectstorage.py for tasks to queue
[2026-07-31T11:50:40.655+0000] {logging_mixin.py:188} INFO - [2026-07-31T11:50:40.654+0000] {dagbag.py:545} INFO - Filling up the DagBag from /home/airflow/.local/lib/python3.12/site-packages/airflow/example_dags/tutorial_objectstorage.py
[2026-07-31T11:50:40.665+0000] {processor.py:840} INFO - DAG(s) 'tutorial_objectstorage' retrieved from /home/airflow/.local/lib/python3.12/site-packages/airflow/example_dags/tutorial_objectstorage.py
[2026-07-31T11:50:40.697+0000] {logging_mixin.py:188} INFO - [2026-07-31T11:50:40.697+0000] {dag.py:3089} INFO - Sync 1 DAGs
[2026-07-31T11:50:40.716+0000] {logging_mixin.py:188} INFO - [2026-07-31T11:50:40.715+0000] {dag.py:3947} INFO - Setting next_dagrun for tutorial_objectstorage to None, run_after=None
[2026-07-31T11:50:40.746+0000] {processor.py:183} INFO - Processing /home/airflow/.local/lib/python3.12/site-packages/airflow/example_dags/tutorial_objectstorage.py took 0.105 seconds
[2026-07-31T11:51:10.844+0000] {processor.py:161} INFO - Started process (PID=5646) to work on /home/airflow/.local/lib/python3.12/site-packages/airflow/example_dags/tutorial_objectstorage.py
[2026-07-31T11:51:10.845+0000] {processor.py:830} INFO - Processing file /home/airflow/.local/lib/python3.12/site-packages/airflow/example_dags/tutorial_objectstorage.py for tasks to queue
[2026-07-31T11:51:10.848+0000] {logging_mixin.py:188} INFO - [2026-07-31T11:51:10.847+0000] {dagbag.py:545} INFO - Filling up the DagBag from /home/airflow/.local/lib/python3.12/site-packages/airflow/example_dags/tutorial_objectstorage.py
[2026-07-31T11:51:10.856+0000] {processor.py:840} INFO - DAG(s) 'tutorial_objectstorage' retrieved from /home/airflow/.local/lib/python3.12/site-packages/airflow/example_dags/tutorial_objectstorage.py
[2026-07-31T11:51:10.879+0000] {logging_mixin.py:188} INFO - [2026-07-31T11:51:10.879+0000] {dag.py:3089} INFO - Sync 1 DAGs
[2026-07-31T11:51:10.895+0000] {logging_mixin.py:188} INFO - [2026-07-31T11:51:10.894+0000] {dag.py:3947} INFO - Setting next_dagrun for tutorial_objectstorage to None, run_after=None
[2026-07-31T11:51:10.920+0000] {processor.py:183} INFO - Processing /home/airflow/.local/lib/python3.12/site-packages/airflow/example_dags/tutorial_objectstorage.py took 0.083 seconds
[2026-07-31T11:51:41.423+0000] {processor.py:161} INFO - Started process (PID=5704) to work on /home/airflow/.local/lib/python3.12/site-packages/airflow/example_dags/tutorial_objectstorage.py
[2026-07-31T11:51:41.424+0000] {processor.py:830} INFO - Processing file /home/airflow/.local/lib/python3.12/site-packages/airflow/example_dags/tutorial_objectstorage.py for tasks to queue
[2026-07-31T11:51:41.427+0000] {logging_mixin.py:188} INFO - [2026-07-31T11:51:41.426+0000] {dagbag.py:545} INFO - Filling up the DagBag from /home/airflow/.local/lib/python3.12/site-packages/airflow/example_dags/tutorial_objectstorage.py
[2026-07-31T11:51:41.436+0000] {processor.py:840} INFO - DAG(s) 'tutorial_objectstorage' retrieved from /home/airflow/.local/lib/python3.12/site-packages/airflow/example_dags/tutorial_objectstorage.py
[2026-07-31T11:51:41.459+0000] {logging_mixin.py:188} INFO - [2026-07-31T11:51:41.459+0000] {dag.py:3089} INFO - Sync 1 DAGs
[2026-07-31T11:51:41.476+0000] {logging_mixin.py:188} INFO - [2026-07-31T11:51:41.475+0000] {dag.py:3947} INFO - Setting next_dagrun for tutorial_objectstorage to None, run_after=None
[2026-07-31T11:51:41.500+0000] {processor.py:183} INFO - Processing /home/airflow/.local/lib/python3.12/site-packages/airflow/example_dags/tutorial_objectstorage.py took 0.083 seconds
[2026-07-31T11:52:12.159+0000] {processor.py:161} INFO - Started process (PID=5759) to work on /home/airflow/.local/lib/python3.12/site-packages/airflow/example_dags/tutorial_objectstorage.py
[2026-07-31T11:52:12.160+0000] {processor.py:830} INFO - Processing file /home/airflow/.local/lib/python3.12/site-packages/airflow/example_dags/tutorial_objectstorage.py for tasks to queue
[2026-07-31T11:52:12.163+0000] {logging_mixin.py:188} INFO - [2026-07-31T11:52:12.162+0000] {dagbag.py:545} INFO - Filling up the DagBag from /home/airflow/.local/lib/python3.12/site-packages/airflow/example_dags/tutorial_objectstorage.py
[2026-07-31T11:52:12.171+0000] {processor.py:840} INFO - DAG(s) 'tutorial_objectstorage' retrieved from /home/airflow/.local/lib/python3.12/site-packages/airflow/example_dags/tutorial_objectstorage.py
[2026-07-31T11:52:12.195+0000] {logging_mixin.py:188} INFO - [2026-07-31T11:52:12.195+0000] {dag.py:3089} INFO - Sync 1 DAGs
[2026-07-31T11:52:12.211+0000] {logging_mixin.py:188} INFO - [2026-07-31T11:52:12.211+0000] {dag.py:3947} INFO - Setting next_dagrun for tutorial_objectstorage to None, run_after=None
[2026-07-31T11:52:12.236+0000] {processor.py:183} INFO - Processing /home/airflow/.local/lib/python3.12/site-packages/airflow/example_dags/tutorial_objectstorage.py took 0.085 seconds
[2026-07-31T11:52:42.679+0000] {processor.py:161} INFO - Started process (PID=5817) to work on /home/airflow/.local/lib/python3.12/site-packages/airflow/example_dags/tutorial_objectstorage.py
[2026-07-31T11:52:42.680+0000] {processor.py:830} INFO - Processing file /home/airflow/.local/lib/python3.12/site-packages/airflow/example_dags/tutorial_objectstorage.py for tasks to queue
[2026-07-31T11:52:42.683+0000] {logging_mixin.py:188} INFO - [2026-07-31T11:52:42.683+0000] {dagbag.py:545} INFO - Filling up the DagBag from /home/airflow/.local/lib/python3.12/site-packages/airflow/example_dags/tutorial_objectstorage.py
[2026-07-31T11:52:42.692+0000] {processor.py:840} INFO - DAG(s) 'tutorial_objectstorage' retrieved from /home/airflow/.local/lib/python3.12/site-packages/airflow/example_dags/tutorial_objectstorage.py
[2026-07-31T11:52:42.717+0000] {logging_mixin.py:188} INFO - [2026-07-31T11:52:42.716+0000] {dag.py:3089} INFO - Sync 1 DAGs
[2026-07-31T11:52:42.734+0000] {logging_mixin.py:188} INFO - [2026-07-31T11:52:42.734+0000] {dag.py:3947} INFO - Setting next_dagrun for tutorial_objectstorage to None, run_after=None
[2026-07-31T11:52:42.763+0000] {processor.py:183} INFO - Processing /home/airflow/.local/lib/python3.12/site-packages/airflow/example_dags/tutorial_objectstorage.py took 0.092 seconds
[2026-07-31T11:53:13.259+0000] {processor.py:161} INFO - Started process (PID=5875) to work on /home/airflow/.local/lib/python3.12/site-packages/airflow/example_dags/tutorial_objectstorage.py
[2026-07-31T11:53:13.260+0000] {processor.py:830} INFO - Processing file /home/airflow/.local/lib/python3.12/site-packages/airflow/example_dags/tutorial_objectstorage.py for tasks to queue
[2026-07-31T11:53:13.262+0000] {logging_mixin.py:188} INFO - [2026-07-31T11:53:13.262+0000] {dagbag.py:545} INFO - Filling up the DagBag from /home/airflow/.local/lib/python3.12/site-packages/airflow/example_dags/tutorial_objectstorage.py
[2026-07-31T11:53:13.271+0000] {processor.py:840} INFO - DAG(s) 'tutorial_objectstorage' retrieved from /home/airflow/.local/lib/python3.12/site-packages/airflow/example_dags/tutorial_objectstorage.py
[2026-07-31T11:53:13.295+0000] {logging_mixin.py:188} INFO - [2026-07-31T11:53:13.294+0000] {dag.py:3089} INFO - Sync 1 DAGs
[2026-07-31T11:53:13.312+0000] {logging_mixin.py:188} INFO - [2026-07-31T11:53:13.312+0000] {dag.py:3947} INFO - Setting next_dagrun for tutorial_objectstorage to None, run_after=None
[2026-07-31T11:53:13.340+0000] {processor.py:183} INFO - Processing /home/airflow/.local/lib/python3.12/site-packages/airflow/example_dags/tutorial_objectstorage.py took 0.088 seconds
[2026-07-31T11:53:43.887+0000] {processor.py:161} INFO - Started process (PID=5933) to work on /home/airflow/.local/lib/python3.12/site-packages/airflow/example_dags/tutorial_objectstorage.py
[2026-07-31T11:53:43.889+0000] {processor.py:830} INFO - Processing file /home/airflow/.local/lib/python3.12/site-packages/airflow/example_dags/tutorial_objectstorage.py for tasks to queue
[2026-07-31T11:53:43.893+0000] {logging_mixin.py:188} INFO - [2026-07-31T11:53:43.892+0000] {dagbag.py:545} INFO - Filling up the DagBag from /home/airflow/.local/lib/python3.12/site-packages/airflow/example_dags/tutorial_objectstorage.py
[2026-07-31T11:53:43.910+0000] {processor.py:840} INFO - DAG(s) 'tutorial_objectstorage' retrieved from /home/airflow/.local/lib/python3.12/site-packages/airflow/example_dags/tutorial_objectstorage.py
[2026-07-31T11:53:43.959+0000] {logging_mixin.py:188} INFO - [2026-07-31T11:53:43.958+0000] {dag.py:3089} INFO - Sync 1 DAGs
[2026-07-31T11:53:43.980+0000] {logging_mixin.py:188} INFO - [2026-07-31T11:53:43.980+0000] {dag.py:3947} INFO - Setting next_dagrun for tutorial_objectstorage to None, run_after=None
[2026-07-31T11:53:44.008+0000] {processor.py:183} INFO - Processing /home/airflow/.local/lib/python3.12/site-packages/airflow/example_dags/tutorial_objectstorage.py took 0.131 seconds
[2026-07-31T11:54:14.095+0000] {processor.py:161} INFO - Started process (PID=5991) to work on /home/airflow/.local/lib/python3.12/site-packages/airflow/example_dags/tutorial_objectstorage.py
[2026-07-31T11:54:14.097+0000] {processor.py:830} INFO - Processing file /home/airflow/.local/lib/python3.12/site-packages/airflow/example_dags/tutorial_objectstorage.py for tasks to queue
[2026-07-31T11:54:14.099+0000] {logging_mixin.py:188} INFO - [2026-07-31T11:54:14.099+0000] {dagbag.py:545} INFO - Filling up the DagBag from /home/airflow/.local/lib/python3.12/site-packages/airflow/example_dags/tutorial_objectstorage.py
[2026-07-31T11:54:14.108+0000] {processor.py:840} INFO - DAG(s) 'tutorial_objectstorage' retrieved from /home/airflow/.local/lib/python3.12/site-packages/airflow/example_dags/tutorial_objectstorage.py
[2026-07-31T11:54:14.136+0000] {logging_mixin.py:188} INFO - [2026-07-31T11:54:14.136+0000] {dag.py:3089} INFO - Sync 1 DAGs
[2026-07-31T11:54:14.152+0000] {logging_mixin.py:188} INFO - [2026-07-31T11:54:14.152+0000] {dag.py:3947} INFO - Setting next_dagrun for tutorial_objectstorage to None, run_after=None
[2026-07-31T11:54:14.179+0000] {processor.py:183} INFO - Processing /home/airflow/.local/lib/python3.12/site-packages/airflow/example_dags/tutorial_objectstorage.py took 0.091 seconds
[2026-07-31T11:54:44.840+0000] {processor.py:161} INFO - Started process (PID=6050) to work on /home/airflow/.local/lib/python3.12/site-packages/airflow/example_dags/tutorial_objectstorage.py
[2026-07-31T11:54:44.841+0000] {processor.py:830} INFO - Processing file /home/airflow/.local/lib/python3.12/site-packages/airflow/example_dags/tutorial_objectstorage.py for tasks to queue
[2026-07-31T11:54:44.843+0000] {logging_mixin.py:188} INFO - [2026-07-31T11:54:44.843+0000] {dagbag.py:545} INFO - Filling up the DagBag from /home/airflow/.local/lib/python3.12/site-packages/airflow/example_dags/tutorial_objectstorage.py
[2026-07-31T11:54:44.852+0000] {processor.py:840} INFO - DAG(s) 'tutorial_objectstorage' retrieved from /home/airflow/.local/lib/python3.12/site-packages/airflow/example_dags/tutorial_objectstorage.py
[2026-07-31T11:54:44.878+0000] {logging_mixin.py:188} INFO - [2026-07-31T11:54:44.877+0000] {dag.py:3089} INFO - Sync 1 DAGs
[2026-07-31T11:54:44.893+0000] {logging_mixin.py:188} INFO - [2026-07-31T11:54:44.893+0000] {dag.py:3947} INFO - Setting next_dagrun for tutorial_objectstorage to None, run_after=None
[2026-07-31T11:54:44.918+0000] {processor.py:183} INFO - Processing /home/airflow/.local/lib/python3.12/site-packages/airflow/example_dags/tutorial_objectstorage.py took 0.085 seconds
[2026-07-31T11:55:15.439+0000] {processor.py:161} INFO - Started process (PID=6108) to work on /home/airflow/.local/lib/python3.12/site-packages/airflow/example_dags/tutorial_objectstorage.py
[2026-07-31T11:55:15.440+0000] {processor.py:830} INFO - Processing file /home/airflow/.local/lib/python3.12/site-packages/airflow/example_dags/tutorial_objectstorage.py for tasks to queue
[2026-07-31T11:55:15.443+0000] {logging_mixin.py:188} INFO - [2026-07-31T11:55:15.442+0000] {dagbag.py:545} INFO - Filling up the DagBag from /home/airflow/.local/lib/python3.12/site-packages/airflow/example_dags/tutorial_objectstorage.py
[2026-07-31T11:55:15.451+0000] {processor.py:840} INFO - DAG(s) 'tutorial_objectstorage' retrieved from /home/airflow/.local/lib/python3.12/site-packages/airflow/example_dags/tutorial_objectstorage.py
[2026-07-31T11:55:15.474+0000] {logging_mixin.py:188} INFO - [2026-07-31T11:55:15.474+0000] {dag.py:3089} INFO - Sync 1 DAGs
[2026-07-31T11:55:15.490+0000] {logging_mixin.py:188} INFO - [2026-07-31T11:55:15.489+0000] {dag.py:3947} INFO - Setting next_dagrun for tutorial_objectstorage to None, run_after=None
[2026-07-31T11:55:15.516+0000] {processor.py:183} INFO - Processing /home/airflow/.local/lib/python3.12/site-packages/airflow/example_dags/tutorial_objectstorage.py took 0.084 seconds
[2026-07-31T11:55:46.003+0000] {processor.py:161} INFO - Started process (PID=6166) to work on /home/airflow/.local/lib/python3.12/site-packages/airflow/example_dags/tutorial_objectstorage.py
[2026-07-31T11:55:46.005+0000] {processor.py:830} INFO - Processing file /home/airflow/.local/lib/python3.12/site-packages/airflow/example_dags/tutorial_objectstorage.py for tasks to queue
[2026-07-31T11:55:46.008+0000] {logging_mixin.py:188} INFO - [2026-07-31T11:55:46.008+0000] {dagbag.py:545} INFO - Filling up the DagBag from /home/airflow/.local/lib/python3.12/site-packages/airflow/example_dags/tutorial_objectstorage.py
[2026-07-31T11:55:46.017+0000] {processor.py:840} INFO - DAG(s) 'tutorial_objectstorage' retrieved from /home/airflow/.local/lib/python3.12/site-packages/airflow/example_dags/tutorial_objectstorage.py
[2026-07-31T11:55:46.042+0000] {logging_mixin.py:188} INFO - [2026-07-31T11:55:46.041+0000] {dag.py:3089} INFO - Sync 1 DAGs
[2026-07-31T11:55:46.060+0000] {logging_mixin.py:188} INFO - [2026-07-31T11:55:46.060+0000] {dag.py:3947} INFO - Setting next_dagrun for tutorial_objectstorage to None, run_after=None
[2026-07-31T11:55:46.094+0000] {processor.py:183} INFO - Processing /home/airflow/.local/lib/python3.12/site-packages/airflow/example_dags/tutorial_objectstorage.py took 0.098 seconds
[2026-07-31T11:56:16.531+0000] {processor.py:161} INFO - Started process (PID=6225) to work on /home/airflow/.local/lib/python3.12/site-packages/airflow/example_dags/tutorial_objectstorage.py
[2026-07-31T11:56:16.532+0000] {processor.py:830} INFO - Processing file /home/airflow/.local/lib/python3.12/site-packages/airflow/example_dags/tutorial_objectstorage.py for tasks to queue
[2026-07-31T11:56:16.534+0000] {logging_mixin.py:188} INFO - [2026-07-31T11:56:16.534+0000] {dagbag.py:545} INFO - Filling up the DagBag from /home/airflow/.local/lib/python3.12/site-packages/airflow/example_dags/tutorial_objectstorage.py
[2026-07-31T11:56:16.543+0000] {processor.py:840} INFO - DAG(s) 'tutorial_objectstorage' retrieved from /home/airflow/.local/lib/python3.12/site-packages/airflow/example_dags/tutorial_objectstorage.py
[2026-07-31T11:56:16.568+0000] {logging_mixin.py:188} INFO - [2026-07-31T11:56:16.567+0000] {dag.py:3089} INFO - Sync 1 DAGs
[2026-07-31T11:56:16.584+0000] {logging_mixin.py:188} INFO - [2026-07-31T11:56:16.584+0000] {dag.py:3947} INFO - Setting next_dagrun for tutorial_objectstorage to None, run_after=None
[2026-07-31T11:56:16.611+0000] {processor.py:183} INFO - Processing /home/airflow/.local/lib/python3.12/site-packages/airflow/example_dags/tutorial_objectstorage.py took 0.087 seconds
[2026-07-31T11:56:47.192+0000] {processor.py:161} INFO - Started process (PID=6283) to work on /home/airflow/.local/lib/python3.12/site-packages/airflow/example_dags/tutorial_objectstorage.py
[2026-07-31T11:56:47.194+0000] {processor.py:830} INFO - Processing file /home/airflow/.local/lib/python3.12/site-packages/airflow/example_dags/tutorial_objectstorage.py for tasks to queue
[2026-07-31T11:56:47.198+0000] {logging_mixin.py:188} INFO - [2026-07-31T11:56:47.197+0000] {dagbag.py:545} INFO - Filling up the DagBag from /home/airflow/.local/lib/python3.12/site-packages/airflow/example_dags/tutorial_objectstorage.py
[2026-07-31T11:56:47.208+0000] {processor.py:840} INFO - DAG(s) 'tutorial_objectstorage' retrieved from /home/airflow/.local/lib/python3.12/site-packages/airflow/example_dags/tutorial_objectstorage.py
[2026-07-31T11:56:47.239+0000] {logging_mixin.py:188} INFO - [2026-07-31T11:56:47.238+0000] {dag.py:3089} INFO - Sync 1 DAGs
[2026-07-31T11:56:47.257+0000] {logging_mixin.py:188} INFO - [2026-07-31T11:56:47.257+0000] {dag.py:3947} INFO - Setting next_dagrun for tutorial_objectstorage to None, run_after=None
[2026-07-31T11:56:47.283+0000] {processor.py:183} INFO - Processing /home/airflow/.local/lib/python3.12/site-packages/airflow/example_dags/tutorial_objectstorage.py took 0.099 seconds
[2026-07-31T11:57:19.096+0000] {processor.py:161} INFO - Started process (PID=6345) to work on /home/airflow/.local/lib/python3.12/site-packages/airflow/example_dags/tutorial_objectstorage.py
[2026-07-31T11:57:19.100+0000] {processor.py:830} INFO - Processing file /home/airflow/.local/lib/python3.12/site-packages/airflow/example_dags/tutorial_objectstorage.py for tasks to queue
[2026-07-31T11:57:19.111+0000] {logging_mixin.py:188} INFO - [2026-07-31T11:57:19.110+0000] {dagbag.py:545} INFO - Filling up the DagBag from /home/airflow/.local/lib/python3.12/site-packages/airflow/example_dags/tutorial_objectstorage.py
[2026-07-31T11:57:19.150+0000] {processor.py:840} INFO - DAG(s) 'tutorial_objectstorage' retrieved from /home/airflow/.local/lib/python3.12/site-packages/airflow/example_dags/tutorial_objectstorage.py
[2026-07-31T11:57:19.262+0000] {logging_mixin.py:188} INFO - [2026-07-31T11:57:19.261+0000] {dag.py:3089} INFO - Sync 1 DAGs
[2026-07-31T11:57:19.353+0000] {logging_mixin.py:188} INFO - [2026-07-31T11:57:19.352+0000] {dag.py:3947} INFO - Setting next_dagrun for tutorial_objectstorage to None, run_after=None
[2026-07-31T11:57:19.450+0000] {processor.py:183} INFO - Processing /home/airflow/.local/lib/python3.12/site-packages/airflow/example_dags/tutorial_objectstorage.py took 0.371 seconds
[2026-07-31T11:57:50.045+0000] {processor.py:161} INFO - Started process (PID=6404) to work on /home/airflow/.local/lib/python3.12/site-packages/airflow/example_dags/tutorial_objectstorage.py
[2026-07-31T11:57:50.047+0000] {processor.py:830} INFO - Processing file /home/airflow/.local/lib/python3.12/site-packages/airflow/example_dags/tutorial_objectstorage.py for tasks to queue
[2026-07-31T11:57:50.050+0000] {logging_mixin.py:188} INFO - [2026-07-31T11:57:50.050+0000] {dagbag.py:545} INFO - Filling up the DagBag from /home/airflow/.local/lib/python3.12/site-packages/airflow/example_dags/tutorial_objectstorage.py
[2026-07-31T11:57:50.060+0000] {processor.py:840} INFO - DAG(s) 'tutorial_objectstorage' retrieved from /home/airflow/.local/lib/python3.12/site-packages/airflow/example_dags/tutorial_objectstorage.py
[2026-07-31T11:57:50.085+0000] {logging_mixin.py:188} INFO - [2026-07-31T11:57:50.085+0000] {dag.py:3089} INFO - Sync 1 DAGs
[2026-07-31T11:57:50.102+0000] {logging_mixin.py:188} INFO - [2026-07-31T11:57:50.102+0000] {dag.py:3947} INFO - Setting next_dagrun for tutorial_objectstorage to None, run_after=None
[2026-07-31T11:57:50.129+0000] {processor.py:183} INFO - Processing /home/airflow/.local/lib/python3.12/site-packages/airflow/example_dags/tutorial_objectstorage.py took 0.092 seconds
[2026-07-31T11:58:20.415+0000] {processor.py:161} INFO - Started process (PID=6462) to work on /home/airflow/.local/lib/python3.12/site-packages/airflow/example_dags/tutorial_objectstorage.py
[2026-07-31T11:58:20.416+0000] {processor.py:830} INFO - Processing file /home/airflow/.local/lib/python3.12/site-packages/airflow/example_dags/tutorial_objectstorage.py for tasks to queue
[2026-07-31T11:58:20.419+0000] {logging_mixin.py:188} INFO - [2026-07-31T11:58:20.419+0000] {dagbag.py:545} INFO - Filling up the DagBag from /home/airflow/.local/lib/python3.12/site-packages/airflow/example_dags/tutorial_objectstorage.py
[2026-07-31T11:58:20.430+0000] {processor.py:840} INFO - DAG(s) 'tutorial_objectstorage' retrieved from /home/airflow/.local/lib/python3.12/site-packages/airflow/example_dags/tutorial_objectstorage.py
[2026-07-31T11:58:20.457+0000] {logging_mixin.py:188} INFO - [2026-07-31T11:58:20.456+0000] {dag.py:3089} INFO - Sync 1 DAGs
[2026-07-31T11:58:20.475+0000] {logging_mixin.py:188} INFO - [2026-07-31T11:58:20.474+0000] {dag.py:3947} INFO - Setting next_dagrun for tutorial_objectstorage to None, run_after=None
[2026-07-31T11:58:20.508+0000] {processor.py:183} INFO - Processing /home/airflow/.local/lib/python3.12/site-packages/airflow/example_dags/tutorial_objectstorage.py took 0.102 seconds
[2026-07-31T11:58:52.168+0000] {processor.py:161} INFO - Started process (PID=6520) to work on /home/airflow/.local/lib/python3.12/site-packages/airflow/example_dags/tutorial_objectstorage.py
[2026-07-31T11:58:52.190+0000] {processor.py:830} INFO - Processing file /home/airflow/.local/lib/python3.12/site-packages/airflow/example_dags/tutorial_objectstorage.py for tasks to queue
[2026-07-31T11:58:52.229+0000] {logging_mixin.py:188} INFO - [2026-07-31T11:58:52.228+0000] {dagbag.py:545} INFO - Filling up the DagBag from /home/airflow/.local/lib/python3.12/site-packages/airflow/example_dags/tutorial_objectstorage.py
[2026-07-31T11:58:52.283+0000] {processor.py:840} INFO - DAG(s) 'tutorial_objectstorage' retrieved from /home/airflow/.local/lib/python3.12/site-packages/airflow/example_dags/tutorial_objectstorage.py
[2026-07-31T11:58:52.510+0000] {logging_mixin.py:188} INFO - [2026-07-31T11:58:52.507+0000] {dag.py:3089} INFO - Sync 1 DAGs
[2026-07-31T11:58:52.594+0000] {logging_mixin.py:188} INFO - [2026-07-31T11:58:52.584+0000] {dag.py:3947} INFO - Setting next_dagrun for tutorial_objectstorage to None, run_after=None
[2026-07-31T11:58:52.770+0000] {processor.py:183} INFO - Processing /home/airflow/.local/lib/python3.12/site-packages/airflow/example_dags/tutorial_objectstorage.py took 0.636 seconds
[2026-07-31T11:59:23.402+0000] {processor.py:161} INFO - Started process (PID=6578) to work on /home/airflow/.local/lib/python3.12/site-packages/airflow/example_dags/tutorial_objectstorage.py
[2026-07-31T11:59:23.404+0000] {processor.py:830} INFO - Processing file /home/airflow/.local/lib/python3.12/site-packages/airflow/example_dags/tutorial_objectstorage.py for tasks to queue
[2026-07-31T11:59:23.408+0000] {logging_mixin.py:188} INFO - [2026-07-31T11:59:23.408+0000] {dagbag.py:545} INFO - Filling up the DagBag from /home/airflow/.local/lib/python3.12/site-packages/airflow/example_dags/tutorial_objectstorage.py
[2026-07-31T11:59:23.424+0000] {processor.py:840} INFO - DAG(s) 'tutorial_objectstorage' retrieved from /home/airflow/.local/lib/python3.12/site-packages/airflow/example_dags/tutorial_objectstorage.py
[2026-07-31T11:59:23.463+0000] {logging_mixin.py:188} INFO - [2026-07-31T11:59:23.463+0000] {dag.py:3089} INFO - Sync 1 DAGs
[2026-07-31T11:59:23.487+0000] {logging_mixin.py:188} INFO - [2026-07-31T11:59:23.487+0000] {dag.py:3947} INFO - Setting next_dagrun for tutorial_objectstorage to None, run_after=None
[2026-07-31T11:59:23.517+0000] {processor.py:183} INFO - Processing /home/airflow/.local/lib/python3.12/site-packages/airflow/example_dags/tutorial_objectstorage.py took 0.126 seconds
[2026-07-31T11:59:53.632+0000] {processor.py:161} INFO - Started process (PID=6636) to work on /home/airflow/.local/lib/python3.12/site-packages/airflow/example_dags/tutorial_objectstorage.py
[2026-07-31T11:59:53.633+0000] {processor.py:830} INFO - Processing file /home/airflow/.local/lib/python3.12/site-packages/airflow/example_dags/tutorial_objectstorage.py for tasks to queue
[2026-07-31T11:59:53.636+0000] {logging_mixin.py:188} INFO - [2026-07-31T11:59:53.635+0000] {dagbag.py:545} INFO - Filling up the DagBag from /home/airflow/.local/lib/python3.12/site-packages/airflow/example_dags/tutorial_objectstorage.py
[2026-07-31T11:59:53.645+0000] {processor.py:840} INFO - DAG(s) 'tutorial_objectstorage' retrieved from /home/airflow/.local/lib/python3.12/site-packages/airflow/example_dags/tutorial_objectstorage.py
[2026-07-31T11:59:53.668+0000] {logging_mixin.py:188} INFO - [2026-07-31T11:59:53.667+0000] {dag.py:3089} INFO - Sync 1 DAGs
[2026-07-31T11:59:53.687+0000] {logging_mixin.py:188} INFO - [2026-07-31T11:59:53.687+0000] {dag.py:3947} INFO - Setting next_dagrun for tutorial_objectstorage to None, run_after=None
[2026-07-31T11:59:53.712+0000] {processor.py:183} INFO - Processing /home/airflow/.local/lib/python3.12/site-packages/airflow/example_dags/tutorial_objectstorage.py took 0.087 seconds
[2026-07-31T12:00:24.320+0000] {processor.py:161} INFO - Started process (PID=6694) to work on /home/airflow/.local/lib/python3.12/site-packages/airflow/example_dags/tutorial_objectstorage.py
[2026-07-31T12:00:24.321+0000] {processor.py:830} INFO - Processing file /home/airflow/.local/lib/python3.12/site-packages/airflow/example_dags/tutorial_objectstorage.py for tasks to queue
[2026-07-31T12:00:24.324+0000] {logging_mixin.py:188} INFO - [2026-07-31T12:00:24.323+0000] {dagbag.py:545} INFO - Filling up the DagBag from /home/airflow/.local/lib/python3.12/site-packages/airflow/example_dags/tutorial_objectstorage.py
[2026-07-31T12:00:24.332+0000] {processor.py:840} INFO - DAG(s) 'tutorial_objectstorage' retrieved from /home/airflow/.local/lib/python3.12/site-packages/airflow/example_dags/tutorial_objectstorage.py
[2026-07-31T12:00:24.356+0000] {logging_mixin.py:188} INFO - [2026-07-31T12:00:24.356+0000] {dag.py:3089} INFO - Sync 1 DAGs
[2026-07-31T12:00:24.372+0000] {logging_mixin.py:188} INFO - [2026-07-31T12:00:24.372+0000] {dag.py:3947} INFO - Setting next_dagrun for tutorial_objectstorage to None, run_after=None
[2026-07-31T12:00:24.397+0000] {processor.py:183} INFO - Processing /home/airflow/.local/lib/python3.12/site-packages/airflow/example_dags/tutorial_objectstorage.py took 0.084 seconds
[2026-07-31T12:00:54.620+0000] {processor.py:161} INFO - Started process (PID=6752) to work on /home/airflow/.local/lib/python3.12/site-packages/airflow/example_dags/tutorial_objectstorage.py
[2026-07-31T12:00:54.621+0000] {processor.py:830} INFO - Processing file /home/airflow/.local/lib/python3.12/site-packages/airflow/example_dags/tutorial_objectstorage.py for tasks to queue
[2026-07-31T12:00:54.624+0000] {logging_mixin.py:188} INFO - [2026-07-31T12:00:54.623+0000] {dagbag.py:545} INFO - Filling up the DagBag from /home/airflow/.local/lib/python3.12/site-packages/airflow/example_dags/tutorial_objectstorage.py
[2026-07-31T12:00:54.635+0000] {processor.py:840} INFO - DAG(s) 'tutorial_objectstorage' retrieved from /home/airflow/.local/lib/python3.12/site-packages/airflow/example_dags/tutorial_objectstorage.py
[2026-07-31T12:00:54.658+0000] {logging_mixin.py:188} INFO - [2026-07-31T12:00:54.658+0000] {dag.py:3089} INFO - Sync 1 DAGs
[2026-07-31T12:00:54.674+0000] {logging_mixin.py:188} INFO - [2026-07-31T12:00:54.674+0000] {dag.py:3947} INFO - Setting next_dagrun for tutorial_objectstorage to None, run_after=None
[2026-07-31T12:00:54.696+0000] {processor.py:183} INFO - Processing /home/airflow/.local/lib/python3.12/site-packages/airflow/example_dags/tutorial_objectstorage.py took 0.086 seconds
[2026-07-31T12:01:24.925+0000] {processor.py:161} INFO - Started process (PID=6810) to work on /home/airflow/.local/lib/python3.12/site-packages/airflow/example_dags/tutorial_objectstorage.py
[2026-07-31T12:01:24.926+0000] {processor.py:830} INFO - Processing file /home/airflow/.local/lib/python3.12/site-packages/airflow/example_dags/tutorial_objectstorage.py for tasks to queue
[2026-07-31T12:01:24.929+0000] {logging_mixin.py:188} INFO - [2026-07-31T12:01:24.928+0000] {dagbag.py:545} INFO - Filling up the DagBag from /home/airflow/.local/lib/python3.12/site-packages/airflow/example_dags/tutorial_objectstorage.py
[2026-07-31T12:01:24.937+0000] {processor.py:840} INFO - DAG(s) 'tutorial_objectstorage' retrieved from /home/airflow/.local/lib/python3.12/site-packages/airflow/example_dags/tutorial_objectstorage.py
[2026-07-31T12:01:24.965+0000] {logging_mixin.py:188} INFO - [2026-07-31T12:01:24.965+0000] {dag.py:3089} INFO - Sync 1 DAGs
[2026-07-31T12:01:24.981+0000] {logging_mixin.py:188} INFO - [2026-07-31T12:01:24.981+0000] {dag.py:3947} INFO - Setting next_dagrun for tutorial_objectstorage to None, run_after=None
[2026-07-31T12:01:25.010+0000] {processor.py:183} INFO - Processing /home/airflow/.local/lib/python3.12/site-packages/airflow/example_dags/tutorial_objectstorage.py took 0.093 seconds
[2026-07-31T12:01:55.195+0000] {processor.py:161} INFO - Started process (PID=6868) to work on /home/airflow/.local/lib/python3.12/site-packages/airflow/example_dags/tutorial_objectstorage.py
[2026-07-31T12:01:55.196+0000] {processor.py:830} INFO - Processing file /home/airflow/.local/lib/python3.12/site-packages/airflow/example_dags/tutorial_objectstorage.py for tasks to queue
[2026-07-31T12:01:55.199+0000] {logging_mixin.py:188} INFO - [2026-07-31T12:01:55.198+0000] {dagbag.py:545} INFO - Filling up the DagBag from /home/airflow/.local/lib/python3.12/site-packages/airflow/example_dags/tutorial_objectstorage.py
[2026-07-31T12:01:55.207+0000] {processor.py:840} INFO - DAG(s) 'tutorial_objectstorage' retrieved from /home/airflow/.local/lib/python3.12/site-packages/airflow/example_dags/tutorial_objectstorage.py
[2026-07-31T12:01:55.232+0000] {logging_mixin.py:188} INFO - [2026-07-31T12:01:55.232+0000] {dag.py:3089} INFO - Sync 1 DAGs
[2026-07-31T12:01:55.248+0000] {logging_mixin.py:188} INFO - [2026-07-31T12:01:55.247+0000] {dag.py:3947} INFO - Setting next_dagrun for tutorial_objectstorage to None, run_after=None
[2026-07-31T12:01:55.273+0000] {processor.py:183} INFO - Processing /home/airflow/.local/lib/python3.12/site-packages/airflow/example_dags/tutorial_objectstorage.py took 0.087 seconds
[2026-07-31T12:02:25.630+0000] {processor.py:161} INFO - Started process (PID=6925) to work on /home/airflow/.local/lib/python3.12/site-packages/airflow/example_dags/tutorial_objectstorage.py
[2026-07-31T12:02:25.633+0000] {processor.py:830} INFO - Processing file /home/airflow/.local/lib/python3.12/site-packages/airflow/example_dags/tutorial_objectstorage.py for tasks to queue
[2026-07-31T12:02:25.636+0000] {logging_mixin.py:188} INFO - [2026-07-31T12:02:25.635+0000] {dagbag.py:545} INFO - Filling up the DagBag from /home/airflow/.local/lib/python3.12/site-packages/airflow/example_dags/tutorial_objectstorage.py
[2026-07-31T12:02:25.648+0000] {processor.py:840} INFO - DAG(s) 'tutorial_objectstorage' retrieved from /home/airflow/.local/lib/python3.12/site-packages/airflow/example_dags/tutorial_objectstorage.py
[2026-07-31T12:02:25.676+0000] {logging_mixin.py:188} INFO - [2026-07-31T12:02:25.676+0000] {dag.py:3089} INFO - Sync 1 DAGs
[2026-07-31T12:02:25.694+0000] {logging_mixin.py:188} INFO - [2026-07-31T12:02:25.693+0000] {dag.py:3947} INFO - Setting next_dagrun for tutorial_objectstorage to None, run_after=None
[2026-07-31T12:02:25.721+0000] {processor.py:183} INFO - Processing /home/airflow/.local/lib/python3.12/site-packages/airflow/example_dags/tutorial_objectstorage.py took 0.105 seconds
[2026-07-31T12:02:56.786+0000] {processor.py:161} INFO - Started process (PID=6982) to work on /home/airflow/.local/lib/python3.12/site-packages/airflow/example_dags/tutorial_objectstorage.py
[2026-07-31T12:02:56.787+0000] {processor.py:830} INFO - Processing file /home/airflow/.local/lib/python3.12/site-packages/airflow/example_dags/tutorial_objectstorage.py for tasks to queue
[2026-07-31T12:02:56.790+0000] {logging_mixin.py:188} INFO - [2026-07-31T12:02:56.790+0000] {dagbag.py:545} INFO - Filling up the DagBag from /home/airflow/.local/lib/python3.12/site-packages/airflow/example_dags/tutorial_objectstorage.py
[2026-07-31T12:02:56.800+0000] {processor.py:840} INFO - DAG(s) 'tutorial_objectstorage' retrieved from /home/airflow/.local/lib/python3.12/site-packages/airflow/example_dags/tutorial_objectstorage.py
[2026-07-31T12:02:56.825+0000] {logging_mixin.py:188} INFO - [2026-07-31T12:02:56.825+0000] {dag.py:3089} INFO - Sync 1 DAGs
[2026-07-31T12:02:56.841+0000] {logging_mixin.py:188} INFO - [2026-07-31T12:02:56.840+0000] {dag.py:3947} INFO - Setting next_dagrun for tutorial_objectstorage to None, run_after=None
[2026-07-31T12:02:56.873+0000] {processor.py:183} INFO - Processing /home/airflow/.local/lib/python3.12/site-packages/airflow/example_dags/tutorial_objectstorage.py took 0.094 seconds
[2026-07-31T12:03:27.468+0000] {processor.py:161} INFO - Started process (PID=7041) to work on /home/airflow/.local/lib/python3.12/site-packages/airflow/example_dags/tutorial_objectstorage.py
[2026-07-31T12:03:27.469+0000] {processor.py:830} INFO - Processing file /home/airflow/.local/lib/python3.12/site-packages/airflow/example_dags/tutorial_objectstorage.py for tasks to queue
[2026-07-31T12:03:27.472+0000] {logging_mixin.py:188} INFO - [2026-07-31T12:03:27.471+0000] {dagbag.py:545} INFO - Filling up the DagBag from /home/airflow/.local/lib/python3.12/site-packages/airflow/example_dags/tutorial_objectstorage.py
[2026-07-31T12:03:27.481+0000] {processor.py:840} INFO - DAG(s) 'tutorial_objectstorage' retrieved from /home/airflow/.local/lib/python3.12/site-packages/airflow/example_dags/tutorial_objectstorage.py
[2026-07-31T12:03:27.504+0000] {logging_mixin.py:188} INFO - [2026-07-31T12:03:27.503+0000] {dag.py:3089} INFO - Sync 1 DAGs
[2026-07-31T12:03:27.519+0000] {logging_mixin.py:188} INFO - [2026-07-31T12:03:27.518+0000] {dag.py:3947} INFO - Setting next_dagrun for tutorial_objectstorage to None, run_after=None
[2026-07-31T12:03:27.545+0000] {processor.py:183} INFO - Processing /home/airflow/.local/lib/python3.12/site-packages/airflow/example_dags/tutorial_objectstorage.py took 0.084 seconds
[2026-07-31T12:03:57.920+0000] {processor.py:161} INFO - Started process (PID=7099) to work on /home/airflow/.local/lib/python3.12/site-packages/airflow/example_dags/tutorial_objectstorage.py
[2026-07-31T12:03:57.921+0000] {processor.py:830} INFO - Processing file /home/airflow/.local/lib/python3.12/site-packages/airflow/example_dags/tutorial_objectstorage.py for tasks to queue
[2026-07-31T12:03:57.924+0000] {logging_mixin.py:188} INFO - [2026-07-31T12:03:57.923+0000] {dagbag.py:545} INFO - Filling up the DagBag from /home/airflow/.local/lib/python3.12/site-packages/airflow/example_dags/tutorial_objectstorage.py
[2026-07-31T12:03:57.933+0000] {processor.py:840} INFO - DAG(s) 'tutorial_objectstorage' retrieved from /home/airflow/.local/lib/python3.12/site-packages/airflow/example_dags/tutorial_objectstorage.py
[2026-07-31T12:03:57.958+0000] {logging_mixin.py:188} INFO - [2026-07-31T12:03:57.958+0000] {dag.py:3089} INFO - Sync 1 DAGs
[2026-07-31T12:03:57.974+0000] {logging_mixin.py:188} INFO - [2026-07-31T12:03:57.974+0000] {dag.py:3947} INFO - Setting next_dagrun for tutorial_objectstorage to None, run_after=None
[2026-07-31T12:03:58.003+0000] {processor.py:183} INFO - Processing /home/airflow/.local/lib/python3.12/site-packages/airflow/example_dags/tutorial_objectstorage.py took 0.090 seconds
[2026-07-31T12:04:29.064+0000] {processor.py:161} INFO - Started process (PID=7157) to work on /home/airflow/.local/lib/python3.12/site-packages/airflow/example_dags/tutorial_objectstorage.py
[2026-07-31T12:04:29.066+0000] {processor.py:830} INFO - Processing file /home/airflow/.local/lib/python3.12/site-packages/airflow/example_dags/tutorial_objectstorage.py for tasks to queue
[2026-07-31T12:04:29.069+0000] {logging_mixin.py:188} INFO - [2026-07-31T12:04:29.069+0000] {dagbag.py:545} INFO - Filling up the DagBag from /home/airflow/.local/lib/python3.12/site-packages/airflow/example_dags/tutorial_objectstorage.py
[2026-07-31T12:04:29.082+0000] {processor.py:840} INFO - DAG(s) 'tutorial_objectstorage' retrieved from /home/airflow/.local/lib/python3.12/site-packages/airflow/example_dags/tutorial_objectstorage.py
[2026-07-31T12:04:29.104+0000] {logging_mixin.py:188} INFO - [2026-07-31T12:04:29.104+0000] {dag.py:3089} INFO - Sync 1 DAGs
[2026-07-31T12:04:29.120+0000] {logging_mixin.py:188} INFO - [2026-07-31T12:04:29.120+0000] {dag.py:3947} INFO - Setting next_dagrun for tutorial_objectstorage to None, run_after=None
[2026-07-31T12:04:29.146+0000] {processor.py:183} INFO - Processing /home/airflow/.local/lib/python3.12/site-packages/airflow/example_dags/tutorial_objectstorage.py took 0.089 seconds
[2026-07-31T12:04:59.850+0000] {processor.py:161} INFO - Started process (PID=7215) to work on /home/airflow/.local/lib/python3.12/site-packages/airflow/example_dags/tutorial_objectstorage.py
[2026-07-31T12:04:59.852+0000] {processor.py:830} INFO - Processing file /home/airflow/.local/lib/python3.12/site-packages/airflow/example_dags/tutorial_objectstorage.py for tasks to queue
[2026-07-31T12:04:59.859+0000] {logging_mixin.py:188} INFO - [2026-07-31T12:04:59.858+0000] {dagbag.py:545} INFO - Filling up the DagBag from /home/airflow/.local/lib/python3.12/site-packages/airflow/example_dags/tutorial_objectstorage.py
[2026-07-31T12:04:59.877+0000] {processor.py:840} INFO - DAG(s) 'tutorial_objectstorage' retrieved from /home/airflow/.local/lib/python3.12/site-packages/airflow/example_dags/tutorial_objectstorage.py
[2026-07-31T12:04:59.917+0000] {logging_mixin.py:188} INFO - [2026-07-31T12:04:59.916+0000] {dag.py:3089} INFO - Sync 1 DAGs
[2026-07-31T12:04:59.934+0000] {logging_mixin.py:188} INFO - [2026-07-31T12:04:59.934+0000] {dag.py:3947} INFO - Setting next_dagrun for tutorial_objectstorage to None, run_after=None
[2026-07-31T12:04:59.960+0000] {processor.py:183} INFO - Processing /home/airflow/.local/lib/python3.12/site-packages/airflow/example_dags/tutorial_objectstorage.py took 0.122 seconds
[2026-07-31T12:05:30.200+0000] {processor.py:161} INFO - Started process (PID=7274) to work on /home/airflow/.local/lib/python3.12/site-packages/airflow/example_dags/tutorial_objectstorage.py
[2026-07-31T12:05:30.202+0000] {processor.py:830} INFO - Processing file /home/airflow/.local/lib/python3.12/site-packages/airflow/example_dags/tutorial_objectstorage.py for tasks to queue
[2026-07-31T12:05:30.205+0000] {logging_mixin.py:188} INFO - [2026-07-31T12:05:30.204+0000] {dagbag.py:545} INFO - Filling up the DagBag from /home/airflow/.local/lib/python3.12/site-packages/airflow/example_dags/tutorial_objectstorage.py
[2026-07-31T12:05:30.217+0000] {processor.py:840} INFO - DAG(s) 'tutorial_objectstorage' retrieved from /home/airflow/.local/lib/python3.12/site-packages/airflow/example_dags/tutorial_objectstorage.py
[2026-07-31T12:05:30.250+0000] {logging_mixin.py:188} INFO - [2026-07-31T12:05:30.249+0000] {dag.py:3089} INFO - Sync 1 DAGs
[2026-07-31T12:05:30.268+0000] {logging_mixin.py:188} INFO - [2026-07-31T12:05:30.267+0000] {dag.py:3947} INFO - Setting next_dagrun for tutorial_objectstorage to None, run_after=None
[2026-07-31T12:05:30.295+0000] {processor.py:183} INFO - Processing /home/airflow/.local/lib/python3.12/site-packages/airflow/example_dags/tutorial_objectstorage.py took 0.104 seconds
[2026-07-31T12:06:00.662+0000] {processor.py:161} INFO - Started process (PID=7332) to work on /home/airflow/.local/lib/python3.12/site-packages/airflow/example_dags/tutorial_objectstorage.py
[2026-07-31T12:06:00.664+0000] {processor.py:830} INFO - Processing file /home/airflow/.local/lib/python3.12/site-packages/airflow/example_dags/tutorial_objectstorage.py for tasks to queue
[2026-07-31T12:06:00.666+0000] {logging_mixin.py:188} INFO - [2026-07-31T12:06:00.666+0000] {dagbag.py:545} INFO - Filling up the DagBag from /home/airflow/.local/lib/python3.12/site-packages/airflow/example_dags/tutorial_objectstorage.py
[2026-07-31T12:06:00.675+0000] {processor.py:840} INFO - DAG(s) 'tutorial_objectstorage' retrieved from /home/airflow/.local/lib/python3.12/site-packages/airflow/example_dags/tutorial_objectstorage.py
[2026-07-31T12:06:00.699+0000] {logging_mixin.py:188} INFO - [2026-07-31T12:06:00.698+0000] {dag.py:3089} INFO - Sync 1 DAGs
[2026-07-31T12:06:00.715+0000] {logging_mixin.py:188} INFO - [2026-07-31T12:06:00.715+0000] {dag.py:3947} INFO - Setting next_dagrun for tutorial_objectstorage to None, run_after=None
[2026-07-31T12:06:00.739+0000] {processor.py:183} INFO - Processing /home/airflow/.local/lib/python3.12/site-packages/airflow/example_dags/tutorial_objectstorage.py took 0.083 seconds
[2026-07-31T12:06:30.876+0000] {processor.py:161} INFO - Started process (PID=7390) to work on /home/airflow/.local/lib/python3.12/site-packages/airflow/example_dags/tutorial_objectstorage.py
[2026-07-31T12:06:30.878+0000] {processor.py:830} INFO - Processing file /home/airflow/.local/lib/python3.12/site-packages/airflow/example_dags/tutorial_objectstorage.py for tasks to queue
[2026-07-31T12:06:30.881+0000] {logging_mixin.py:188} INFO - [2026-07-31T12:06:30.881+0000] {dagbag.py:545} INFO - Filling up the DagBag from /home/airflow/.local/lib/python3.12/site-packages/airflow/example_dags/tutorial_objectstorage.py
[2026-07-31T12:06:30.891+0000] {processor.py:840} INFO - DAG(s) 'tutorial_objectstorage' retrieved from /home/airflow/.local/lib/python3.12/site-packages/airflow/example_dags/tutorial_objectstorage.py
[2026-07-31T12:06:30.921+0000] {logging_mixin.py:188} INFO - [2026-07-31T12:06:30.921+0000] {dag.py:3089} INFO - Sync 1 DAGs
[2026-07-31T12:06:30.942+0000] {logging_mixin.py:188} INFO - [2026-07-31T12:06:30.941+0000] {dag.py:3947} INFO - Setting next_dagrun for tutorial_objectstorage to None, run_after=None
[2026-07-31T12:06:30.968+0000] {processor.py:183} INFO - Processing /home/airflow/.local/lib/python3.12/site-packages/airflow/example_dags/tutorial_objectstorage.py took 0.098 seconds
[2026-07-31T12:07:01.564+0000] {processor.py:161} INFO - Started process (PID=7448) to work on /home/airflow/.local/lib/python3.12/site-packages/airflow/example_dags/tutorial_objectstorage.py
[2026-07-31T12:07:01.566+0000] {processor.py:830} INFO - Processing file /home/airflow/.local/lib/python3.12/site-packages/airflow/example_dags/tutorial_objectstorage.py for tasks to queue
[2026-07-31T12:07:01.570+0000] {logging_mixin.py:188} INFO - [2026-07-31T12:07:01.570+0000] {dagbag.py:545} INFO - Filling up the DagBag from /home/airflow/.local/lib/python3.12/site-packages/airflow/example_dags/tutorial_objectstorage.py
[2026-07-31T12:07:01.590+0000] {processor.py:840} INFO - DAG(s) 'tutorial_objectstorage' retrieved from /home/airflow/.local/lib/python3.12/site-packages/airflow/example_dags/tutorial_objectstorage.py
[2026-07-31T12:07:01.648+0000] {logging_mixin.py:188} INFO - [2026-07-31T12:07:01.647+0000] {dag.py:3089} INFO - Sync 1 DAGs
[2026-07-31T12:07:01.685+0000] {logging_mixin.py:188} INFO - [2026-07-31T12:07:01.684+0000] {dag.py:3947} INFO - Setting next_dagrun for tutorial_objectstorage to None, run_after=None
[2026-07-31T12:07:01.752+0000] {processor.py:183} INFO - Processing /home/airflow/.local/lib/python3.12/site-packages/airflow/example_dags/tutorial_objectstorage.py took 0.206 seconds
[2026-07-31T12:07:32.323+0000] {processor.py:161} INFO - Started process (PID=7506) to work on /home/airflow/.local/lib/python3.12/site-packages/airflow/example_dags/tutorial_objectstorage.py
[2026-07-31T12:07:32.325+0000] {processor.py:830} INFO - Processing file /home/airflow/.local/lib/python3.12/site-packages/airflow/example_dags/tutorial_objectstorage.py for tasks to queue
[2026-07-31T12:07:32.328+0000] {logging_mixin.py:188} INFO - [2026-07-31T12:07:32.328+0000] {dagbag.py:545} INFO - Filling up the DagBag from /home/airflow/.local/lib/python3.12/site-packages/airflow/example_dags/tutorial_objectstorage.py
[2026-07-31T12:07:32.343+0000] {processor.py:840} INFO - DAG(s) 'tutorial_objectstorage' retrieved from /home/airflow/.local/lib/python3.12/site-packages/airflow/example_dags/tutorial_objectstorage.py
[2026-07-31T12:07:32.384+0000] {logging_mixin.py:188} INFO - [2026-07-31T12:07:32.383+0000] {dag.py:3089} INFO - Sync 1 DAGs
[2026-07-31T12:07:32.409+0000] {logging_mixin.py:188} INFO - [2026-07-31T12:07:32.408+0000] {dag.py:3947} INFO - Setting next_dagrun for tutorial_objectstorage to None, run_after=None
[2026-07-31T12:07:32.443+0000] {processor.py:183} INFO - Processing /home/airflow/.local/lib/python3.12/site-packages/airflow/example_dags/tutorial_objectstorage.py took 0.132 seconds
[2026-07-31T12:08:02.845+0000] {processor.py:161} INFO - Started process (PID=7564) to work on /home/airflow/.local/lib/python3.12/site-packages/airflow/example_dags/tutorial_objectstorage.py
[2026-07-31T12:08:02.847+0000] {processor.py:830} INFO - Processing file /home/airflow/.local/lib/python3.12/site-packages/airflow/example_dags/tutorial_objectstorage.py for tasks to queue
[2026-07-31T12:08:02.851+0000] {logging_mixin.py:188} INFO - [2026-07-31T12:08:02.851+0000] {dagbag.py:545} INFO - Filling up the DagBag from /home/airflow/.local/lib/python3.12/site-packages/airflow/example_dags/tutorial_objectstorage.py
[2026-07-31T12:08:02.861+0000] {processor.py:840} INFO - DAG(s) 'tutorial_objectstorage' retrieved from /home/airflow/.local/lib/python3.12/site-packages/airflow/example_dags/tutorial_objectstorage.py
[2026-07-31T12:08:02.886+0000] {logging_mixin.py:188} INFO - [2026-07-31T12:08:02.885+0000] {dag.py:3089} INFO - Sync 1 DAGs
[2026-07-31T12:08:02.902+0000] {logging_mixin.py:188} INFO - [2026-07-31T12:08:02.902+0000] {dag.py:3947} INFO - Setting next_dagrun for tutorial_objectstorage to None, run_after=None
[2026-07-31T12:08:02.926+0000] {processor.py:183} INFO - Processing /home/airflow/.local/lib/python3.12/site-packages/airflow/example_dags/tutorial_objectstorage.py took 0.088 seconds
[2026-07-31T12:08:33.312+0000] {processor.py:161} INFO - Started process (PID=7622) to work on /home/airflow/.local/lib/python3.12/site-packages/airflow/example_dags/tutorial_objectstorage.py
[2026-07-31T12:08:33.313+0000] {processor.py:830} INFO - Processing file /home/airflow/.local/lib/python3.12/site-packages/airflow/example_dags/tutorial_objectstorage.py for tasks to queue
[2026-07-31T12:08:33.316+0000] {logging_mixin.py:188} INFO - [2026-07-31T12:08:33.315+0000] {dagbag.py:545} INFO - Filling up the DagBag from /home/airflow/.local/lib/python3.12/site-packages/airflow/example_dags/tutorial_objectstorage.py
[2026-07-31T12:08:33.324+0000] {processor.py:840} INFO - DAG(s) 'tutorial_objectstorage' retrieved from /home/airflow/.local/lib/python3.12/site-packages/airflow/example_dags/tutorial_objectstorage.py
[2026-07-31T12:08:33.351+0000] {logging_mixin.py:188} INFO - [2026-07-31T12:08:33.351+0000] {dag.py:3089} INFO - Sync 1 DAGs
[2026-07-31T12:08:33.368+0000] {logging_mixin.py:188} INFO - [2026-07-31T12:08:33.368+0000] {dag.py:3947} INFO - Setting next_dagrun for tutorial_objectstorage to None, run_after=None
[2026-07-31T12:08:33.396+0000] {processor.py:183} INFO - Processing /home/airflow/.local/lib/python3.12/site-packages/airflow/example_dags/tutorial_objectstorage.py took 0.092 seconds
[2026-07-31T12:09:03.802+0000] {processor.py:161} INFO - Started process (PID=7679) to work on /home/airflow/.local/lib/python3.12/site-packages/airflow/example_dags/tutorial_objectstorage.py
[2026-07-31T12:09:03.806+0000] {processor.py:830} INFO - Processing file /home/airflow/.local/lib/python3.12/site-packages/airflow/example_dags/tutorial_objectstorage.py for tasks to queue
[2026-07-31T12:09:03.816+0000] {logging_mixin.py:188} INFO - [2026-07-31T12:09:03.815+0000] {dagbag.py:545} INFO - Filling up the DagBag from /home/airflow/.local/lib/python3.12/site-packages/airflow/example_dags/tutorial_objectstorage.py
[2026-07-31T12:09:03.853+0000] {processor.py:840} INFO - DAG(s) 'tutorial_objectstorage' retrieved from /home/airflow/.local/lib/python3.12/site-packages/airflow/example_dags/tutorial_objectstorage.py
[2026-07-31T12:09:03.967+0000] {logging_mixin.py:188} INFO - [2026-07-31T12:09:03.966+0000] {dag.py:3089} INFO - Sync 1 DAGs
[2026-07-31T12:09:04.068+0000] {logging_mixin.py:188} INFO - [2026-07-31T12:09:04.067+0000] {dag.py:3947} INFO - Setting next_dagrun for tutorial_objectstorage to None, run_after=None
[2026-07-31T12:09:04.168+0000] {processor.py:183} INFO - Processing /home/airflow/.local/lib/python3.12/site-packages/airflow/example_dags/tutorial_objectstorage.py took 0.383 seconds
[2026-07-31T12:09:35.068+0000] {processor.py:161} INFO - Started process (PID=7738) to work on /home/airflow/.local/lib/python3.12/site-packages/airflow/example_dags/tutorial_objectstorage.py
[2026-07-31T12:09:35.069+0000] {processor.py:830} INFO - Processing file /home/airflow/.local/lib/python3.12/site-packages/airflow/example_dags/tutorial_objectstorage.py for tasks to queue
[2026-07-31T12:09:35.072+0000] {logging_mixin.py:188} INFO - [2026-07-31T12:09:35.071+0000] {dagbag.py:545} INFO - Filling up the DagBag from /home/airflow/.local/lib/python3.12/site-packages/airflow/example_dags/tutorial_objectstorage.py
[2026-07-31T12:09:35.083+0000] {processor.py:840} INFO - DAG(s) 'tutorial_objectstorage' retrieved from /home/airflow/.local/lib/python3.12/site-packages/airflow/example_dags/tutorial_objectstorage.py
[2026-07-31T12:09:35.107+0000] {logging_mixin.py:188} INFO - [2026-07-31T12:09:35.107+0000] {dag.py:3089} INFO - Sync 1 DAGs
[2026-07-31T12:09:35.126+0000] {logging_mixin.py:188} INFO - [2026-07-31T12:09:35.125+0000] {dag.py:3947} INFO - Setting next_dagrun for tutorial_objectstorage to None, run_after=None
[2026-07-31T12:09:35.153+0000] {processor.py:183} INFO - Processing /home/airflow/.local/lib/python3.12/site-packages/airflow/example_dags/tutorial_objectstorage.py took 0.092 seconds
[2026-07-31T12:10:05.494+0000] {processor.py:161} INFO - Started process (PID=7797) to work on /home/airflow/.local/lib/python3.12/site-packages/airflow/example_dags/tutorial_objectstorage.py
[2026-07-31T12:10:05.496+0000] {processor.py:830} INFO - Processing file /home/airflow/.local/lib/python3.12/site-packages/airflow/example_dags/tutorial_objectstorage.py for tasks to queue
[2026-07-31T12:10:05.499+0000] {logging_mixin.py:188} INFO - [2026-07-31T12:10:05.499+0000] {dagbag.py:545} INFO - Filling up the DagBag from /home/airflow/.local/lib/python3.12/site-packages/airflow/example_dags/tutorial_objectstorage.py
[2026-07-31T12:10:05.515+0000] {processor.py:840} INFO - DAG(s) 'tutorial_objectstorage' retrieved from /home/airflow/.local/lib/python3.12/site-packages/airflow/example_dags/tutorial_objectstorage.py
[2026-07-31T12:10:05.541+0000] {logging_mixin.py:188} INFO - [2026-07-31T12:10:05.540+0000] {dag.py:3089} INFO - Sync 1 DAGs
[2026-07-31T12:10:05.558+0000] {logging_mixin.py:188} INFO - [2026-07-31T12:10:05.558+0000] {dag.py:3947} INFO - Setting next_dagrun for tutorial_objectstorage to None, run_after=None
[2026-07-31T12:10:05.583+0000] {processor.py:183} INFO - Processing /home/airflow/.local/lib/python3.12/site-packages/airflow/example_dags/tutorial_objectstorage.py took 0.098 seconds
[2026-07-31T12:10:36.673+0000] {processor.py:161} INFO - Started process (PID=7855) to work on /home/airflow/.local/lib/python3.12/site-packages/airflow/example_dags/tutorial_objectstorage.py
[2026-07-31T12:10:36.674+0000] {processor.py:830} INFO - Processing file /home/airflow/.local/lib/python3.12/site-packages/airflow/example_dags/tutorial_objectstorage.py for tasks to queue
[2026-07-31T12:10:36.677+0000] {logging_mixin.py:188} INFO - [2026-07-31T12:10:36.677+0000] {dagbag.py:545} INFO - Filling up the DagBag from /home/airflow/.local/lib/python3.12/site-packages/airflow/example_dags/tutorial_objectstorage.py
[2026-07-31T12:10:36.688+0000] {processor.py:840} INFO - DAG(s) 'tutorial_objectstorage' retrieved from /home/airflow/.local/lib/python3.12/site-packages/airflow/example_dags/tutorial_objectstorage.py
[2026-07-31T12:10:36.713+0000] {logging_mixin.py:188} INFO - [2026-07-31T12:10:36.713+0000] {dag.py:3089} INFO - Sync 1 DAGs
[2026-07-31T12:10:36.730+0000] {logging_mixin.py:188} INFO - [2026-07-31T12:10:36.730+0000] {dag.py:3947} INFO - Setting next_dagrun for tutorial_objectstorage to None, run_after=None
[2026-07-31T12:10:36.754+0000] {processor.py:183} INFO - Processing /home/airflow/.local/lib/python3.12/site-packages/airflow/example_dags/tutorial_objectstorage.py took 0.090 seconds
[2026-07-31T12:11:06.927+0000] {processor.py:161} INFO - Started process (PID=7913) to work on /home/airflow/.local/lib/python3.12/site-packages/airflow/example_dags/tutorial_objectstorage.py
[2026-07-31T12:11:06.929+0000] {processor.py:830} INFO - Processing file /home/airflow/.local/lib/python3.12/site-packages/airflow/example_dags/tutorial_objectstorage.py for tasks to queue
[2026-07-31T12:11:06.935+0000] {logging_mixin.py:188} INFO - [2026-07-31T12:11:06.934+0000] {dagbag.py:545} INFO - Filling up the DagBag from /home/airflow/.local/lib/python3.12/site-packages/airflow/example_dags/tutorial_objectstorage.py
[2026-07-31T12:11:06.954+0000] {processor.py:840} INFO - DAG(s) 'tutorial_objectstorage' retrieved from /home/airflow/.local/lib/python3.12/site-packages/airflow/example_dags/tutorial_objectstorage.py
[2026-07-31T12:11:07.019+0000] {logging_mixin.py:188} INFO - [2026-07-31T12:11:07.018+0000] {dag.py:3089} INFO - Sync 1 DAGs
[2026-07-31T12:11:07.075+0000] {logging_mixin.py:188} INFO - [2026-07-31T12:11:07.075+0000] {dag.py:3947} INFO - Setting next_dagrun for tutorial_objectstorage to None, run_after=None
[2026-07-31T12:11:07.134+0000] {processor.py:183} INFO - Processing /home/airflow/.local/lib/python3.12/site-packages/airflow/example_dags/tutorial_objectstorage.py took 0.221 seconds
[2026-07-31T12:11:37.273+0000] {processor.py:161} INFO - Started process (PID=7970) to work on /home/airflow/.local/lib/python3.12/site-packages/airflow/example_dags/tutorial_objectstorage.py
[2026-07-31T12:11:37.275+0000] {processor.py:830} INFO - Processing file /home/airflow/.local/lib/python3.12/site-packages/airflow/example_dags/tutorial_objectstorage.py for tasks to queue
[2026-07-31T12:11:37.278+0000] {logging_mixin.py:188} INFO - [2026-07-31T12:11:37.277+0000] {dagbag.py:545} INFO - Filling up the DagBag from /home/airflow/.local/lib/python3.12/site-packages/airflow/example_dags/tutorial_objectstorage.py
[2026-07-31T12:11:37.288+0000] {processor.py:840} INFO - DAG(s) 'tutorial_objectstorage' retrieved from /home/airflow/.local/lib/python3.12/site-packages/airflow/example_dags/tutorial_objectstorage.py
[2026-07-31T12:11:37.313+0000] {logging_mixin.py:188} INFO - [2026-07-31T12:11:37.313+0000] {dag.py:3089} INFO - Sync 1 DAGs
[2026-07-31T12:11:37.330+0000] {logging_mixin.py:188} INFO - [2026-07-31T12:11:37.330+0000] {dag.py:3947} INFO - Setting next_dagrun for tutorial_objectstorage to None, run_after=None
[2026-07-31T12:11:37.357+0000] {processor.py:183} INFO - Processing /home/airflow/.local/lib/python3.12/site-packages/airflow/example_dags/tutorial_objectstorage.py took 0.092 seconds
[2026-07-31T12:12:07.983+0000] {processor.py:161} INFO - Started process (PID=8029) to work on /home/airflow/.local/lib/python3.12/site-packages/airflow/example_dags/tutorial_objectstorage.py
[2026-07-31T12:12:07.985+0000] {processor.py:830} INFO - Processing file /home/airflow/.local/lib/python3.12/site-packages/airflow/example_dags/tutorial_objectstorage.py for tasks to queue
[2026-07-31T12:12:07.987+0000] {logging_mixin.py:188} INFO - [2026-07-31T12:12:07.987+0000] {dagbag.py:545} INFO - Filling up the DagBag from /home/airflow/.local/lib/python3.12/site-packages/airflow/example_dags/tutorial_objectstorage.py
[2026-07-31T12:12:07.998+0000] {processor.py:840} INFO - DAG(s) 'tutorial_objectstorage' retrieved from /home/airflow/.local/lib/python3.12/site-packages/airflow/example_dags/tutorial_objectstorage.py
[2026-07-31T12:12:08.031+0000] {logging_mixin.py:188} INFO - [2026-07-31T12:12:08.031+0000] {dag.py:3089} INFO - Sync 1 DAGs
[2026-07-31T12:12:08.050+0000] {logging_mixin.py:188} INFO - [2026-07-31T12:12:08.050+0000] {dag.py:3947} INFO - Setting next_dagrun for tutorial_objectstorage to None, run_after=None
[2026-07-31T12:12:08.079+0000] {processor.py:183} INFO - Processing /home/airflow/.local/lib/python3.12/site-packages/airflow/example_dags/tutorial_objectstorage.py took 0.102 seconds
[2026-07-31T12:12:38.636+0000] {processor.py:161} INFO - Started process (PID=8087) to work on /home/airflow/.local/lib/python3.12/site-packages/airflow/example_dags/tutorial_objectstorage.py
[2026-07-31T12:12:38.637+0000] {processor.py:830} INFO - Processing file /home/airflow/.local/lib/python3.12/site-packages/airflow/example_dags/tutorial_objectstorage.py for tasks to queue
[2026-07-31T12:12:38.639+0000] {logging_mixin.py:188} INFO - [2026-07-31T12:12:38.639+0000] {dagbag.py:545} INFO - Filling up the DagBag from /home/airflow/.local/lib/python3.12/site-packages/airflow/example_dags/tutorial_objectstorage.py
[2026-07-31T12:12:38.649+0000] {processor.py:840} INFO - DAG(s) 'tutorial_objectstorage' retrieved from /home/airflow/.local/lib/python3.12/site-packages/airflow/example_dags/tutorial_objectstorage.py
[2026-07-31T12:12:38.673+0000] {logging_mixin.py:188} INFO - [2026-07-31T12:12:38.672+0000] {dag.py:3089} INFO - Sync 1 DAGs
[2026-07-31T12:12:38.689+0000] {logging_mixin.py:188} INFO - [2026-07-31T12:12:38.689+0000] {dag.py:3947} INFO - Setting next_dagrun for tutorial_objectstorage to None, run_after=None
[2026-07-31T12:12:38.712+0000] {processor.py:183} INFO - Processing /home/airflow/.local/lib/python3.12/site-packages/airflow/example_dags/tutorial_objectstorage.py took 0.084 seconds
[2026-07-31T12:13:09.381+0000] {processor.py:161} INFO - Started process (PID=8146) to work on /home/airflow/.local/lib/python3.12/site-packages/airflow/example_dags/tutorial_objectstorage.py
[2026-07-31T12:13:09.383+0000] {processor.py:830} INFO - Processing file /home/airflow/.local/lib/python3.12/site-packages/airflow/example_dags/tutorial_objectstorage.py for tasks to queue
[2026-07-31T12:13:09.386+0000] {logging_mixin.py:188} INFO - [2026-07-31T12:13:09.385+0000] {dagbag.py:545} INFO - Filling up the DagBag from /home/airflow/.local/lib/python3.12/site-packages/airflow/example_dags/tutorial_objectstorage.py
[2026-07-31T12:13:09.398+0000] {processor.py:840} INFO - DAG(s) 'tutorial_objectstorage' retrieved from /home/airflow/.local/lib/python3.12/site-packages/airflow/example_dags/tutorial_objectstorage.py
[2026-07-31T12:13:09.429+0000] {logging_mixin.py:188} INFO - [2026-07-31T12:13:09.429+0000] {dag.py:3089} INFO - Sync 1 DAGs
[2026-07-31T12:13:09.458+0000] {logging_mixin.py:188} INFO - [2026-07-31T12:13:09.457+0000] {dag.py:3947} INFO - Setting next_dagrun for tutorial_objectstorage to None, run_after=None
[2026-07-31T12:13:09.498+0000] {processor.py:183} INFO - Processing /home/airflow/.local/lib/python3.12/site-packages/airflow/example_dags/tutorial_objectstorage.py took 0.128 seconds
[2026-07-31T12:13:39.988+0000] {processor.py:161} INFO - Started process (PID=8204) to work on /home/airflow/.local/lib/python3.12/site-packages/airflow/example_dags/tutorial_objectstorage.py
[2026-07-31T12:13:39.989+0000] {processor.py:830} INFO - Processing file /home/airflow/.local/lib/python3.12/site-packages/airflow/example_dags/tutorial_objectstorage.py for tasks to queue
[2026-07-31T12:13:39.992+0000] {logging_mixin.py:188} INFO - [2026-07-31T12:13:39.992+0000] {dagbag.py:545} INFO - Filling up the DagBag from /home/airflow/.local/lib/python3.12/site-packages/airflow/example_dags/tutorial_objectstorage.py
[2026-07-31T12:13:40.003+0000] {processor.py:840} INFO - DAG(s) 'tutorial_objectstorage' retrieved from /home/airflow/.local/lib/python3.12/site-packages/airflow/example_dags/tutorial_objectstorage.py
[2026-07-31T12:13:40.037+0000] {logging_mixin.py:188} INFO - [2026-07-31T12:13:40.037+0000] {dag.py:3089} INFO - Sync 1 DAGs
[2026-07-31T12:13:40.070+0000] {logging_mixin.py:188} INFO - [2026-07-31T12:13:40.069+0000] {dag.py:3947} INFO - Setting next_dagrun for tutorial_objectstorage to None, run_after=None
[2026-07-31T12:13:40.105+0000] {processor.py:183} INFO - Processing /home/airflow/.local/lib/python3.12/site-packages/airflow/example_dags/tutorial_objectstorage.py took 0.126 seconds
[2026-07-31T12:14:10.399+0000] {processor.py:161} INFO - Started process (PID=8262) to work on /home/airflow/.local/lib/python3.12/site-packages/airflow/example_dags/tutorial_objectstorage.py
[2026-07-31T12:14:10.400+0000] {processor.py:830} INFO - Processing file /home/airflow/.local/lib/python3.12/site-packages/airflow/example_dags/tutorial_objectstorage.py for tasks to queue
[2026-07-31T12:14:10.404+0000] {logging_mixin.py:188} INFO - [2026-07-31T12:14:10.403+0000] {dagbag.py:545} INFO - Filling up the DagBag from /home/airflow/.local/lib/python3.12/site-packages/airflow/example_dags/tutorial_objectstorage.py
[2026-07-31T12:14:10.413+0000] {processor.py:840} INFO - DAG(s) 'tutorial_objectstorage' retrieved from /home/airflow/.local/lib/python3.12/site-packages/airflow/example_dags/tutorial_objectstorage.py
[2026-07-31T12:14:10.435+0000] {logging_mixin.py:188} INFO - [2026-07-31T12:14:10.435+0000] {dag.py:3089} INFO - Sync 1 DAGs
[2026-07-31T12:14:10.451+0000] {logging_mixin.py:188} INFO - [2026-07-31T12:14:10.451+0000] {dag.py:3947} INFO - Setting next_dagrun for tutorial_objectstorage to None, run_after=None
[2026-07-31T12:14:10.475+0000] {processor.py:183} INFO - Processing /home/airflow/.local/lib/python3.12/site-packages/airflow/example_dags/tutorial_objectstorage.py took 0.084 seconds
[2026-07-31T12:14:40.800+0000] {processor.py:161} INFO - Started process (PID=8320) to work on /home/airflow/.local/lib/python3.12/site-packages/airflow/example_dags/tutorial_objectstorage.py
[2026-07-31T12:14:40.801+0000] {processor.py:830} INFO - Processing file /home/airflow/.local/lib/python3.12/site-packages/airflow/example_dags/tutorial_objectstorage.py for tasks to queue
[2026-07-31T12:14:40.807+0000] {logging_mixin.py:188} INFO - [2026-07-31T12:14:40.807+0000] {dagbag.py:545} INFO - Filling up the DagBag from /home/airflow/.local/lib/python3.12/site-packages/airflow/example_dags/tutorial_objectstorage.py
[2026-07-31T12:14:40.822+0000] {processor.py:840} INFO - DAG(s) 'tutorial_objectstorage' retrieved from /home/airflow/.local/lib/python3.12/site-packages/airflow/example_dags/tutorial_objectstorage.py
[2026-07-31T12:14:40.851+0000] {logging_mixin.py:188} INFO - [2026-07-31T12:14:40.851+0000] {dag.py:3089} INFO - Sync 1 DAGs
[2026-07-31T12:14:40.867+0000] {logging_mixin.py:188} INFO - [2026-07-31T12:14:40.867+0000] {dag.py:3947} INFO - Setting next_dagrun for tutorial_objectstorage to None, run_after=None
[2026-07-31T12:14:40.891+0000] {processor.py:183} INFO - Processing /home/airflow/.local/lib/python3.12/site-packages/airflow/example_dags/tutorial_objectstorage.py took 0.099 seconds
[2026-07-31T12:15:11.261+0000] {processor.py:161} INFO - Started process (PID=8377) to work on /home/airflow/.local/lib/python3.12/site-packages/airflow/example_dags/tutorial_objectstorage.py
[2026-07-31T12:15:11.262+0000] {processor.py:830} INFO - Processing file /home/airflow/.local/lib/python3.12/site-packages/airflow/example_dags/tutorial_objectstorage.py for tasks to queue
[2026-07-31T12:15:11.264+0000] {logging_mixin.py:188} INFO - [2026-07-31T12:15:11.264+0000] {dagbag.py:545} INFO - Filling up the DagBag from /home/airflow/.local/lib/python3.12/site-packages/airflow/example_dags/tutorial_objectstorage.py
[2026-07-31T12:15:11.275+0000] {processor.py:840} INFO - DAG(s) 'tutorial_objectstorage' retrieved from /home/airflow/.local/lib/python3.12/site-packages/airflow/example_dags/tutorial_objectstorage.py
[2026-07-31T12:15:11.299+0000] {logging_mixin.py:188} INFO - [2026-07-31T12:15:11.299+0000] {dag.py:3089} INFO - Sync 1 DAGs
[2026-07-31T12:15:11.319+0000] {logging_mixin.py:188} INFO - [2026-07-31T12:15:11.319+0000] {dag.py:3947} INFO - Setting next_dagrun for tutorial_objectstorage to None, run_after=None
[2026-07-31T12:15:11.343+0000] {processor.py:183} INFO - Processing /home/airflow/.local/lib/python3.12/site-packages/airflow/example_dags/tutorial_objectstorage.py took 0.089 seconds
[2026-07-31T12:15:41.779+0000] {processor.py:161} INFO - Started process (PID=8436) to work on /home/airflow/.local/lib/python3.12/site-packages/airflow/example_dags/tutorial_objectstorage.py
[2026-07-31T12:15:41.780+0000] {processor.py:830} INFO - Processing file /home/airflow/.local/lib/python3.12/site-packages/airflow/example_dags/tutorial_objectstorage.py for tasks to queue
[2026-07-31T12:15:41.783+0000] {logging_mixin.py:188} INFO - [2026-07-31T12:15:41.783+0000] {dagbag.py:545} INFO - Filling up the DagBag from /home/airflow/.local/lib/python3.12/site-packages/airflow/example_dags/tutorial_objectstorage.py
[2026-07-31T12:15:41.793+0000] {processor.py:840} INFO - DAG(s) 'tutorial_objectstorage' retrieved from /home/airflow/.local/lib/python3.12/site-packages/airflow/example_dags/tutorial_objectstorage.py
[2026-07-31T12:15:41.819+0000] {logging_mixin.py:188} INFO - [2026-07-31T12:15:41.819+0000] {dag.py:3089} INFO - Sync 1 DAGs
[2026-07-31T12:15:41.839+0000] {logging_mixin.py:188} INFO - [2026-07-31T12:15:41.839+0000] {dag.py:3947} INFO - Setting next_dagrun for tutorial_objectstorage to None, run_after=None
[2026-07-31T12:15:41.868+0000] {processor.py:183} INFO - Processing /home/airflow/.local/lib/python3.12/site-packages/airflow/example_dags/tutorial_objectstorage.py took 0.098 seconds
[2026-07-31T12:16:12.200+0000] {processor.py:161} INFO - Started process (PID=8494) to work on /home/airflow/.local/lib/python3.12/site-packages/airflow/example_dags/tutorial_objectstorage.py
[2026-07-31T12:16:12.202+0000] {processor.py:830} INFO - Processing file /home/airflow/.local/lib/python3.12/site-packages/airflow/example_dags/tutorial_objectstorage.py for tasks to queue
[2026-07-31T12:16:12.204+0000] {logging_mixin.py:188} INFO - [2026-07-31T12:16:12.204+0000] {dagbag.py:545} INFO - Filling up the DagBag from /home/airflow/.local/lib/python3.12/site-packages/airflow/example_dags/tutorial_objectstorage.py
[2026-07-31T12:16:12.214+0000] {processor.py:840} INFO - DAG(s) 'tutorial_objectstorage' retrieved from /home/airflow/.local/lib/python3.12/site-packages/airflow/example_dags/tutorial_objectstorage.py
[2026-07-31T12:16:12.236+0000] {logging_mixin.py:188} INFO - [2026-07-31T12:16:12.236+0000] {dag.py:3089} INFO - Sync 1 DAGs
[2026-07-31T12:16:12.251+0000] {logging_mixin.py:188} INFO - [2026-07-31T12:16:12.251+0000] {dag.py:3947} INFO - Setting next_dagrun for tutorial_objectstorage to None, run_after=None
[2026-07-31T12:16:12.275+0000] {processor.py:183} INFO - Processing /home/airflow/.local/lib/python3.12/site-packages/airflow/example_dags/tutorial_objectstorage.py took 0.082 seconds
[2026-07-31T12:16:42.673+0000] {processor.py:161} INFO - Started process (PID=8551) to work on /home/airflow/.local/lib/python3.12/site-packages/airflow/example_dags/tutorial_objectstorage.py
[2026-07-31T12:16:42.675+0000] {processor.py:830} INFO - Processing file /home/airflow/.local/lib/python3.12/site-packages/airflow/example_dags/tutorial_objectstorage.py for tasks to queue
[2026-07-31T12:16:42.681+0000] {logging_mixin.py:188} INFO - [2026-07-31T12:16:42.680+0000] {dagbag.py:545} INFO - Filling up the DagBag from /home/airflow/.local/lib/python3.12/site-packages/airflow/example_dags/tutorial_objectstorage.py
[2026-07-31T12:16:42.705+0000] {processor.py:840} INFO - DAG(s) 'tutorial_objectstorage' retrieved from /home/airflow/.local/lib/python3.12/site-packages/airflow/example_dags/tutorial_objectstorage.py
[2026-07-31T12:16:42.749+0000] {logging_mixin.py:188} INFO - [2026-07-31T12:16:42.748+0000] {dag.py:3089} INFO - Sync 1 DAGs
[2026-07-31T12:16:42.783+0000] {logging_mixin.py:188} INFO - [2026-07-31T12:16:42.782+0000] {dag.py:3947} INFO - Setting next_dagrun for tutorial_objectstorage to None, run_after=None
[2026-07-31T12:16:42.830+0000] {processor.py:183} INFO - Processing /home/airflow/.local/lib/python3.12/site-packages/airflow/example_dags/tutorial_objectstorage.py took 0.171 seconds
[2026-07-31T12:17:13.408+0000] {processor.py:161} INFO - Started process (PID=8609) to work on /home/airflow/.local/lib/python3.12/site-packages/airflow/example_dags/tutorial_objectstorage.py
[2026-07-31T12:17:13.409+0000] {processor.py:830} INFO - Processing file /home/airflow/.local/lib/python3.12/site-packages/airflow/example_dags/tutorial_objectstorage.py for tasks to queue
[2026-07-31T12:17:13.412+0000] {logging_mixin.py:188} INFO - [2026-07-31T12:17:13.411+0000] {dagbag.py:545} INFO - Filling up the DagBag from /home/airflow/.local/lib/python3.12/site-packages/airflow/example_dags/tutorial_objectstorage.py
[2026-07-31T12:17:13.422+0000] {processor.py:840} INFO - DAG(s) 'tutorial_objectstorage' retrieved from /home/airflow/.local/lib/python3.12/site-packages/airflow/example_dags/tutorial_objectstorage.py
[2026-07-31T12:17:13.447+0000] {logging_mixin.py:188} INFO - [2026-07-31T12:17:13.447+0000] {dag.py:3089} INFO - Sync 1 DAGs
[2026-07-31T12:17:13.466+0000] {logging_mixin.py:188} INFO - [2026-07-31T12:17:13.465+0000] {dag.py:3947} INFO - Setting next_dagrun for tutorial_objectstorage to None, run_after=None
[2026-07-31T12:17:13.493+0000] {processor.py:183} INFO - Processing /home/airflow/.local/lib/python3.12/site-packages/airflow/example_dags/tutorial_objectstorage.py took 0.095 seconds
[2026-07-31T12:17:43.677+0000] {processor.py:161} INFO - Started process (PID=8667) to work on /home/airflow/.local/lib/python3.12/site-packages/airflow/example_dags/tutorial_objectstorage.py
[2026-07-31T12:17:43.679+0000] {processor.py:830} INFO - Processing file /home/airflow/.local/lib/python3.12/site-packages/airflow/example_dags/tutorial_objectstorage.py for tasks to queue
[2026-07-31T12:17:43.681+0000] {logging_mixin.py:188} INFO - [2026-07-31T12:17:43.680+0000] {dagbag.py:545} INFO - Filling up the DagBag from /home/airflow/.local/lib/python3.12/site-packages/airflow/example_dags/tutorial_objectstorage.py
[2026-07-31T12:17:43.690+0000] {processor.py:840} INFO - DAG(s) 'tutorial_objectstorage' retrieved from /home/airflow/.local/lib/python3.12/site-packages/airflow/example_dags/tutorial_objectstorage.py
[2026-07-31T12:17:43.713+0000] {logging_mixin.py:188} INFO - [2026-07-31T12:17:43.713+0000] {dag.py:3089} INFO - Sync 1 DAGs
[2026-07-31T12:17:43.729+0000] {logging_mixin.py:188} INFO - [2026-07-31T12:17:43.729+0000] {dag.py:3947} INFO - Setting next_dagrun for tutorial_objectstorage to None, run_after=None
[2026-07-31T12:17:43.753+0000] {processor.py:183} INFO - Processing /home/airflow/.local/lib/python3.12/site-packages/airflow/example_dags/tutorial_objectstorage.py took 0.082 seconds
[2026-07-31T12:18:14.313+0000] {processor.py:161} INFO - Started process (PID=8725) to work on /home/airflow/.local/lib/python3.12/site-packages/airflow/example_dags/tutorial_objectstorage.py
[2026-07-31T12:18:14.315+0000] {processor.py:830} INFO - Processing file /home/airflow/.local/lib/python3.12/site-packages/airflow/example_dags/tutorial_objectstorage.py for tasks to queue
[2026-07-31T12:18:14.317+0000] {logging_mixin.py:188} INFO - [2026-07-31T12:18:14.317+0000] {dagbag.py:545} INFO - Filling up the DagBag from /home/airflow/.local/lib/python3.12/site-packages/airflow/example_dags/tutorial_objectstorage.py
[2026-07-31T12:18:14.326+0000] {processor.py:840} INFO - DAG(s) 'tutorial_objectstorage' retrieved from /home/airflow/.local/lib/python3.12/site-packages/airflow/example_dags/tutorial_objectstorage.py
[2026-07-31T12:18:14.348+0000] {logging_mixin.py:188} INFO - [2026-07-31T12:18:14.348+0000] {dag.py:3089} INFO - Sync 1 DAGs
[2026-07-31T12:18:14.363+0000] {logging_mixin.py:188} INFO - [2026-07-31T12:18:14.363+0000] {dag.py:3947} INFO - Setting next_dagrun for tutorial_objectstorage to None, run_after=None
[2026-07-31T12:18:14.387+0000] {processor.py:183} INFO - Processing /home/airflow/.local/lib/python3.12/site-packages/airflow/example_dags/tutorial_objectstorage.py took 0.080 seconds
[2026-07-31T12:18:44.874+0000] {processor.py:161} INFO - Started process (PID=8783) to work on /home/airflow/.local/lib/python3.12/site-packages/airflow/example_dags/tutorial_objectstorage.py
[2026-07-31T12:18:44.879+0000] {processor.py:830} INFO - Processing file /home/airflow/.local/lib/python3.12/site-packages/airflow/example_dags/tutorial_objectstorage.py for tasks to queue
[2026-07-31T12:18:44.885+0000] {logging_mixin.py:188} INFO - [2026-07-31T12:18:44.884+0000] {dagbag.py:545} INFO - Filling up the DagBag from /home/airflow/.local/lib/python3.12/site-packages/airflow/example_dags/tutorial_objectstorage.py
[2026-07-31T12:18:44.897+0000] {processor.py:840} INFO - DAG(s) 'tutorial_objectstorage' retrieved from /home/airflow/.local/lib/python3.12/site-packages/airflow/example_dags/tutorial_objectstorage.py
[2026-07-31T12:18:44.923+0000] {logging_mixin.py:188} INFO - [2026-07-31T12:18:44.923+0000] {dag.py:3089} INFO - Sync 1 DAGs
[2026-07-31T12:18:44.950+0000] {logging_mixin.py:188} INFO - [2026-07-31T12:18:44.949+0000] {dag.py:3947} INFO - Setting next_dagrun for tutorial_objectstorage to None, run_after=None
[2026-07-31T12:18:45.003+0000] {processor.py:183} INFO - Processing /home/airflow/.local/lib/python3.12/site-packages/airflow/example_dags/tutorial_objectstorage.py took 0.141 seconds
[2026-07-31T12:19:16.127+0000] {processor.py:161} INFO - Started process (PID=8841) to work on /home/airflow/.local/lib/python3.12/site-packages/airflow/example_dags/tutorial_objectstorage.py
[2026-07-31T12:19:16.129+0000] {processor.py:830} INFO - Processing file /home/airflow/.local/lib/python3.12/site-packages/airflow/example_dags/tutorial_objectstorage.py for tasks to queue
[2026-07-31T12:19:16.134+0000] {logging_mixin.py:188} INFO - [2026-07-31T12:19:16.133+0000] {dagbag.py:545} INFO - Filling up the DagBag from /home/airflow/.local/lib/python3.12/site-packages/airflow/example_dags/tutorial_objectstorage.py
[2026-07-31T12:19:16.152+0000] {processor.py:840} INFO - DAG(s) 'tutorial_objectstorage' retrieved from /home/airflow/.local/lib/python3.12/site-packages/airflow/example_dags/tutorial_objectstorage.py
[2026-07-31T12:19:16.208+0000] {logging_mixin.py:188} INFO - [2026-07-31T12:19:16.207+0000] {dag.py:3089} INFO - Sync 1 DAGs
[2026-07-31T12:19:16.247+0000] {logging_mixin.py:188} INFO - [2026-07-31T12:19:16.247+0000] {dag.py:3947} INFO - Setting next_dagrun for tutorial_objectstorage to None, run_after=None
[2026-07-31T12:19:16.289+0000] {processor.py:183} INFO - Processing /home/airflow/.local/lib/python3.12/site-packages/airflow/example_dags/tutorial_objectstorage.py took 0.175 seconds
[2026-07-31T12:19:47.166+0000] {processor.py:161} INFO - Started process (PID=8900) to work on /home/airflow/.local/lib/python3.12/site-packages/airflow/example_dags/tutorial_objectstorage.py
[2026-07-31T12:19:47.168+0000] {processor.py:830} INFO - Processing file /home/airflow/.local/lib/python3.12/site-packages/airflow/example_dags/tutorial_objectstorage.py for tasks to queue
[2026-07-31T12:19:47.172+0000] {logging_mixin.py:188} INFO - [2026-07-31T12:19:47.171+0000] {dagbag.py:545} INFO - Filling up the DagBag from /home/airflow/.local/lib/python3.12/site-packages/airflow/example_dags/tutorial_objectstorage.py
[2026-07-31T12:19:47.186+0000] {processor.py:840} INFO - DAG(s) 'tutorial_objectstorage' retrieved from /home/airflow/.local/lib/python3.12/site-packages/airflow/example_dags/tutorial_objectstorage.py
[2026-07-31T12:19:47.232+0000] {logging_mixin.py:188} INFO - [2026-07-31T12:19:47.232+0000] {dag.py:3089} INFO - Sync 1 DAGs
[2026-07-31T12:19:47.253+0000] {logging_mixin.py:188} INFO - [2026-07-31T12:19:47.252+0000] {dag.py:3947} INFO - Setting next_dagrun for tutorial_objectstorage to None, run_after=None
[2026-07-31T12:19:47.284+0000] {processor.py:183} INFO - Processing /home/airflow/.local/lib/python3.12/site-packages/airflow/example_dags/tutorial_objectstorage.py took 0.129 seconds
[2026-07-31T12:20:18.057+0000] {processor.py:161} INFO - Started process (PID=8958) to work on /home/airflow/.local/lib/python3.12/site-packages/airflow/example_dags/tutorial_objectstorage.py
[2026-07-31T12:20:18.062+0000] {processor.py:830} INFO - Processing file /home/airflow/.local/lib/python3.12/site-packages/airflow/example_dags/tutorial_objectstorage.py for tasks to queue
[2026-07-31T12:20:18.081+0000] {logging_mixin.py:188} INFO - [2026-07-31T12:20:18.079+0000] {dagbag.py:545} INFO - Filling up the DagBag from /home/airflow/.local/lib/python3.12/site-packages/airflow/example_dags/tutorial_objectstorage.py
[2026-07-31T12:20:18.112+0000] {processor.py:840} INFO - DAG(s) 'tutorial_objectstorage' retrieved from /home/airflow/.local/lib/python3.12/site-packages/airflow/example_dags/tutorial_objectstorage.py
[2026-07-31T12:20:18.166+0000] {logging_mixin.py:188} INFO - [2026-07-31T12:20:18.166+0000] {dag.py:3089} INFO - Sync 1 DAGs
[2026-07-31T12:20:18.210+0000] {logging_mixin.py:188} INFO - [2026-07-31T12:20:18.210+0000] {dag.py:3947} INFO - Setting next_dagrun for tutorial_objectstorage to None, run_after=None
[2026-07-31T12:20:18.291+0000] {processor.py:183} INFO - Processing /home/airflow/.local/lib/python3.12/site-packages/airflow/example_dags/tutorial_objectstorage.py took 0.254 seconds
