[2026-07-31T10:53:14.708+0000] {processor.py:161} INFO - Started process (PID=119) to work on /home/airflow/.local/lib/python3.12/site-packages/airflow/example_dags/tutorial_dag.py
[2026-07-31T10:53:14.724+0000] {processor.py:830} INFO - Processing file /home/airflow/.local/lib/python3.12/site-packages/airflow/example_dags/tutorial_dag.py for tasks to queue
[2026-07-31T10:53:14.730+0000] {logging_mixin.py:188} INFO - [2026-07-31T10:53:14.729+0000] {dagbag.py:545} INFO - Filling up the DagBag from /home/airflow/.local/lib/python3.12/site-packages/airflow/example_dags/tutorial_dag.py
[2026-07-31T10:53:14.769+0000] {processor.py:840} INFO - DAG(s) 'tutorial_dag' retrieved from /home/airflow/.local/lib/python3.12/site-packages/airflow/example_dags/tutorial_dag.py
[2026-07-31T10:53:15.298+0000] {logging_mixin.py:188} INFO - [2026-07-31T10:53:15.297+0000] {dag.py:3089} INFO - Sync 1 DAGs
[2026-07-31T10:53:15.344+0000] {logging_mixin.py:188} INFO - [2026-07-31T10:53:15.343+0000] {dag.py:3947} INFO - Setting next_dagrun for tutorial_dag to None, run_after=None
[2026-07-31T10:53:15.431+0000] {processor.py:183} INFO - Processing /home/airflow/.local/lib/python3.12/site-packages/airflow/example_dags/tutorial_dag.py took 0.749 seconds
[2026-07-31T10:54:12.605+0000] {processor.py:161} INFO - Started process (PID=183) to work on /home/airflow/.local/lib/python3.12/site-packages/airflow/example_dags/tutorial_dag.py
[2026-07-31T10:54:12.634+0000] {processor.py:830} INFO - Processing file /home/airflow/.local/lib/python3.12/site-packages/airflow/example_dags/tutorial_dag.py for tasks to queue
[2026-07-31T10:54:12.685+0000] {logging_mixin.py:188} INFO - [2026-07-31T10:54:12.684+0000] {dagbag.py:545} INFO - Filling up the DagBag from /home/airflow/.local/lib/python3.12/site-packages/airflow/example_dags/tutorial_dag.py
[2026-07-31T10:54:12.877+0000] {processor.py:840} INFO - DAG(s) 'tutorial_dag' retrieved from /home/airflow/.local/lib/python3.12/site-packages/airflow/example_dags/tutorial_dag.py
[2026-07-31T10:54:13.385+0000] {logging_mixin.py:188} INFO - [2026-07-31T10:54:13.375+0000] {dag.py:3089} INFO - Sync 1 DAGs
[2026-07-31T10:54:13.633+0000] {logging_mixin.py:188} INFO - [2026-07-31T10:54:13.632+0000] {dag.py:3947} INFO - Setting next_dagrun for tutorial_dag to None, run_after=None
[2026-07-31T10:54:13.955+0000] {processor.py:183} INFO - Processing /home/airflow/.local/lib/python3.12/site-packages/airflow/example_dags/tutorial_dag.py took 1.454 seconds
[2026-07-31T10:55:18.304+0000] {processor.py:161} INFO - Started process (PID=242) to work on /home/airflow/.local/lib/python3.12/site-packages/airflow/example_dags/tutorial_dag.py
[2026-07-31T10:55:18.308+0000] {processor.py:830} INFO - Processing file /home/airflow/.local/lib/python3.12/site-packages/airflow/example_dags/tutorial_dag.py for tasks to queue
[2026-07-31T10:55:18.314+0000] {logging_mixin.py:188} INFO - [2026-07-31T10:55:18.313+0000] {dagbag.py:545} INFO - Filling up the DagBag from /home/airflow/.local/lib/python3.12/site-packages/airflow/example_dags/tutorial_dag.py
[2026-07-31T10:55:18.334+0000] {processor.py:840} INFO - DAG(s) 'tutorial_dag' retrieved from /home/airflow/.local/lib/python3.12/site-packages/airflow/example_dags/tutorial_dag.py
[2026-07-31T10:55:18.423+0000] {logging_mixin.py:188} INFO - [2026-07-31T10:55:18.423+0000] {dag.py:3089} INFO - Sync 1 DAGs
[2026-07-31T10:55:18.499+0000] {logging_mixin.py:188} INFO - [2026-07-31T10:55:18.498+0000] {dag.py:3947} INFO - Setting next_dagrun for tutorial_dag to None, run_after=None
[2026-07-31T10:55:18.611+0000] {processor.py:183} INFO - Processing /home/airflow/.local/lib/python3.12/site-packages/airflow/example_dags/tutorial_dag.py took 0.327 seconds
[2026-07-31T10:55:48.793+0000] {processor.py:161} INFO - Started process (PID=300) to work on /home/airflow/.local/lib/python3.12/site-packages/airflow/example_dags/tutorial_dag.py
[2026-07-31T10:55:48.795+0000] {processor.py:830} INFO - Processing file /home/airflow/.local/lib/python3.12/site-packages/airflow/example_dags/tutorial_dag.py for tasks to queue
[2026-07-31T10:55:48.798+0000] {logging_mixin.py:188} INFO - [2026-07-31T10:55:48.797+0000] {dagbag.py:545} INFO - Filling up the DagBag from /home/airflow/.local/lib/python3.12/site-packages/airflow/example_dags/tutorial_dag.py
[2026-07-31T10:55:48.807+0000] {processor.py:840} INFO - DAG(s) 'tutorial_dag' retrieved from /home/airflow/.local/lib/python3.12/site-packages/airflow/example_dags/tutorial_dag.py
[2026-07-31T10:55:48.841+0000] {logging_mixin.py:188} INFO - [2026-07-31T10:55:48.841+0000] {dag.py:3089} INFO - Sync 1 DAGs
[2026-07-31T10:55:48.872+0000] {logging_mixin.py:188} INFO - [2026-07-31T10:55:48.872+0000] {dag.py:3947} INFO - Setting next_dagrun for tutorial_dag to None, run_after=None
[2026-07-31T10:55:48.918+0000] {processor.py:183} INFO - Processing /home/airflow/.local/lib/python3.12/site-packages/airflow/example_dags/tutorial_dag.py took 0.135 seconds
[2026-07-31T10:56:19.305+0000] {processor.py:161} INFO - Started process (PID=358) to work on /home/airflow/.local/lib/python3.12/site-packages/airflow/example_dags/tutorial_dag.py
[2026-07-31T10:56:19.307+0000] {processor.py:830} INFO - Processing file /home/airflow/.local/lib/python3.12/site-packages/airflow/example_dags/tutorial_dag.py for tasks to queue
[2026-07-31T10:56:19.311+0000] {logging_mixin.py:188} INFO - [2026-07-31T10:56:19.310+0000] {dagbag.py:545} INFO - Filling up the DagBag from /home/airflow/.local/lib/python3.12/site-packages/airflow/example_dags/tutorial_dag.py
[2026-07-31T10:56:19.320+0000] {processor.py:840} INFO - DAG(s) 'tutorial_dag' retrieved from /home/airflow/.local/lib/python3.12/site-packages/airflow/example_dags/tutorial_dag.py
[2026-07-31T10:56:19.360+0000] {logging_mixin.py:188} INFO - [2026-07-31T10:56:19.360+0000] {dag.py:3089} INFO - Sync 1 DAGs
[2026-07-31T10:56:19.387+0000] {logging_mixin.py:188} INFO - [2026-07-31T10:56:19.387+0000] {dag.py:3947} INFO - Setting next_dagrun for tutorial_dag to None, run_after=None
[2026-07-31T10:56:19.422+0000] {processor.py:183} INFO - Processing /home/airflow/.local/lib/python3.12/site-packages/airflow/example_dags/tutorial_dag.py took 0.132 seconds
[2026-07-31T10:56:57.272+0000] {processor.py:161} INFO - Started process (PID=416) to work on /home/airflow/.local/lib/python3.12/site-packages/airflow/example_dags/tutorial_dag.py
[2026-07-31T10:56:57.277+0000] {processor.py:830} INFO - Processing file /home/airflow/.local/lib/python3.12/site-packages/airflow/example_dags/tutorial_dag.py for tasks to queue
[2026-07-31T10:56:57.282+0000] {logging_mixin.py:188} INFO - [2026-07-31T10:56:57.281+0000] {dagbag.py:545} INFO - Filling up the DagBag from /home/airflow/.local/lib/python3.12/site-packages/airflow/example_dags/tutorial_dag.py
[2026-07-31T10:56:57.297+0000] {processor.py:840} INFO - DAG(s) 'tutorial_dag' retrieved from /home/airflow/.local/lib/python3.12/site-packages/airflow/example_dags/tutorial_dag.py
[2026-07-31T10:56:57.351+0000] {logging_mixin.py:188} INFO - [2026-07-31T10:56:57.350+0000] {dag.py:3089} INFO - Sync 1 DAGs
[2026-07-31T10:56:57.386+0000] {logging_mixin.py:188} INFO - [2026-07-31T10:56:57.386+0000] {dag.py:3947} INFO - Setting next_dagrun for tutorial_dag to None, run_after=None
[2026-07-31T10:56:57.435+0000] {processor.py:183} INFO - Processing /home/airflow/.local/lib/python3.12/site-packages/airflow/example_dags/tutorial_dag.py took 0.190 seconds
[2026-07-31T10:57:30.652+0000] {processor.py:161} INFO - Started process (PID=474) to work on /home/airflow/.local/lib/python3.12/site-packages/airflow/example_dags/tutorial_dag.py
[2026-07-31T10:57:30.654+0000] {processor.py:830} INFO - Processing file /home/airflow/.local/lib/python3.12/site-packages/airflow/example_dags/tutorial_dag.py for tasks to queue
[2026-07-31T10:57:30.663+0000] {logging_mixin.py:188} INFO - [2026-07-31T10:57:30.662+0000] {dagbag.py:545} INFO - Filling up the DagBag from /home/airflow/.local/lib/python3.12/site-packages/airflow/example_dags/tutorial_dag.py
[2026-07-31T10:57:30.677+0000] {processor.py:840} INFO - DAG(s) 'tutorial_dag' retrieved from /home/airflow/.local/lib/python3.12/site-packages/airflow/example_dags/tutorial_dag.py
[2026-07-31T10:57:30.787+0000] {logging_mixin.py:188} INFO - [2026-07-31T10:57:30.786+0000] {dag.py:3089} INFO - Sync 1 DAGs
[2026-07-31T10:57:30.852+0000] {logging_mixin.py:188} INFO - [2026-07-31T10:57:30.852+0000] {dag.py:3947} INFO - Setting next_dagrun for tutorial_dag to None, run_after=None
[2026-07-31T10:57:30.946+0000] {processor.py:183} INFO - Processing /home/airflow/.local/lib/python3.12/site-packages/airflow/example_dags/tutorial_dag.py took 0.307 seconds
[2026-07-31T10:58:01.430+0000] {processor.py:161} INFO - Started process (PID=530) to work on /home/airflow/.local/lib/python3.12/site-packages/airflow/example_dags/tutorial_dag.py
[2026-07-31T10:58:01.432+0000] {processor.py:830} INFO - Processing file /home/airflow/.local/lib/python3.12/site-packages/airflow/example_dags/tutorial_dag.py for tasks to queue
[2026-07-31T10:58:01.437+0000] {logging_mixin.py:188} INFO - [2026-07-31T10:58:01.436+0000] {dagbag.py:545} INFO - Filling up the DagBag from /home/airflow/.local/lib/python3.12/site-packages/airflow/example_dags/tutorial_dag.py
[2026-07-31T10:58:01.446+0000] {processor.py:840} INFO - DAG(s) 'tutorial_dag' retrieved from /home/airflow/.local/lib/python3.12/site-packages/airflow/example_dags/tutorial_dag.py
[2026-07-31T10:58:01.489+0000] {logging_mixin.py:188} INFO - [2026-07-31T10:58:01.488+0000] {dag.py:3089} INFO - Sync 1 DAGs
[2026-07-31T10:58:01.520+0000] {logging_mixin.py:188} INFO - [2026-07-31T10:58:01.520+0000] {dag.py:3947} INFO - Setting next_dagrun for tutorial_dag to None, run_after=None
[2026-07-31T10:58:01.564+0000] {processor.py:183} INFO - Processing /home/airflow/.local/lib/python3.12/site-packages/airflow/example_dags/tutorial_dag.py took 0.144 seconds
[2026-07-31T10:58:31.932+0000] {processor.py:161} INFO - Started process (PID=588) to work on /home/airflow/.local/lib/python3.12/site-packages/airflow/example_dags/tutorial_dag.py
[2026-07-31T10:58:31.935+0000] {processor.py:830} INFO - Processing file /home/airflow/.local/lib/python3.12/site-packages/airflow/example_dags/tutorial_dag.py for tasks to queue
[2026-07-31T10:58:31.942+0000] {logging_mixin.py:188} INFO - [2026-07-31T10:58:31.940+0000] {dagbag.py:545} INFO - Filling up the DagBag from /home/airflow/.local/lib/python3.12/site-packages/airflow/example_dags/tutorial_dag.py
[2026-07-31T10:58:31.957+0000] {processor.py:840} INFO - DAG(s) 'tutorial_dag' retrieved from /home/airflow/.local/lib/python3.12/site-packages/airflow/example_dags/tutorial_dag.py
[2026-07-31T10:58:32.028+0000] {logging_mixin.py:188} INFO - [2026-07-31T10:58:32.027+0000] {dag.py:3089} INFO - Sync 1 DAGs
[2026-07-31T10:58:32.074+0000] {logging_mixin.py:188} INFO - [2026-07-31T10:58:32.074+0000] {dag.py:3947} INFO - Setting next_dagrun for tutorial_dag to None, run_after=None
[2026-07-31T10:58:32.127+0000] {processor.py:183} INFO - Processing /home/airflow/.local/lib/python3.12/site-packages/airflow/example_dags/tutorial_dag.py took 0.205 seconds
[2026-07-31T10:59:02.455+0000] {processor.py:161} INFO - Started process (PID=646) to work on /home/airflow/.local/lib/python3.12/site-packages/airflow/example_dags/tutorial_dag.py
[2026-07-31T10:59:02.457+0000] {processor.py:830} INFO - Processing file /home/airflow/.local/lib/python3.12/site-packages/airflow/example_dags/tutorial_dag.py for tasks to queue
[2026-07-31T10:59:02.461+0000] {logging_mixin.py:188} INFO - [2026-07-31T10:59:02.460+0000] {dagbag.py:545} INFO - Filling up the DagBag from /home/airflow/.local/lib/python3.12/site-packages/airflow/example_dags/tutorial_dag.py
[2026-07-31T10:59:02.473+0000] {processor.py:840} INFO - DAG(s) 'tutorial_dag' retrieved from /home/airflow/.local/lib/python3.12/site-packages/airflow/example_dags/tutorial_dag.py
[2026-07-31T10:59:02.531+0000] {logging_mixin.py:188} INFO - [2026-07-31T10:59:02.530+0000] {dag.py:3089} INFO - Sync 1 DAGs
[2026-07-31T10:59:02.595+0000] {logging_mixin.py:188} INFO - [2026-07-31T10:59:02.594+0000] {dag.py:3947} INFO - Setting next_dagrun for tutorial_dag to None, run_after=None
[2026-07-31T10:59:02.650+0000] {processor.py:183} INFO - Processing /home/airflow/.local/lib/python3.12/site-packages/airflow/example_dags/tutorial_dag.py took 0.205 seconds
[2026-07-31T10:59:33.045+0000] {processor.py:161} INFO - Started process (PID=704) to work on /home/airflow/.local/lib/python3.12/site-packages/airflow/example_dags/tutorial_dag.py
[2026-07-31T10:59:33.047+0000] {processor.py:830} INFO - Processing file /home/airflow/.local/lib/python3.12/site-packages/airflow/example_dags/tutorial_dag.py for tasks to queue
[2026-07-31T10:59:33.050+0000] {logging_mixin.py:188} INFO - [2026-07-31T10:59:33.049+0000] {dagbag.py:545} INFO - Filling up the DagBag from /home/airflow/.local/lib/python3.12/site-packages/airflow/example_dags/tutorial_dag.py
[2026-07-31T10:59:33.062+0000] {processor.py:840} INFO - DAG(s) 'tutorial_dag' retrieved from /home/airflow/.local/lib/python3.12/site-packages/airflow/example_dags/tutorial_dag.py
[2026-07-31T10:59:33.102+0000] {logging_mixin.py:188} INFO - [2026-07-31T10:59:33.102+0000] {dag.py:3089} INFO - Sync 1 DAGs
[2026-07-31T10:59:33.122+0000] {logging_mixin.py:188} INFO - [2026-07-31T10:59:33.122+0000] {dag.py:3947} INFO - Setting next_dagrun for tutorial_dag to None, run_after=None
[2026-07-31T10:59:33.153+0000] {processor.py:183} INFO - Processing /home/airflow/.local/lib/python3.12/site-packages/airflow/example_dags/tutorial_dag.py took 0.118 seconds
[2026-07-31T11:00:03.730+0000] {processor.py:161} INFO - Started process (PID=762) to work on /home/airflow/.local/lib/python3.12/site-packages/airflow/example_dags/tutorial_dag.py
[2026-07-31T11:00:03.732+0000] {processor.py:830} INFO - Processing file /home/airflow/.local/lib/python3.12/site-packages/airflow/example_dags/tutorial_dag.py for tasks to queue
[2026-07-31T11:00:03.736+0000] {logging_mixin.py:188} INFO - [2026-07-31T11:00:03.736+0000] {dagbag.py:545} INFO - Filling up the DagBag from /home/airflow/.local/lib/python3.12/site-packages/airflow/example_dags/tutorial_dag.py
[2026-07-31T11:00:03.747+0000] {processor.py:840} INFO - DAG(s) 'tutorial_dag' retrieved from /home/airflow/.local/lib/python3.12/site-packages/airflow/example_dags/tutorial_dag.py
[2026-07-31T11:00:03.782+0000] {logging_mixin.py:188} INFO - [2026-07-31T11:00:03.781+0000] {dag.py:3089} INFO - Sync 1 DAGs
[2026-07-31T11:00:03.811+0000] {logging_mixin.py:188} INFO - [2026-07-31T11:00:03.811+0000] {dag.py:3947} INFO - Setting next_dagrun for tutorial_dag to None, run_after=None
[2026-07-31T11:00:03.852+0000] {processor.py:183} INFO - Processing /home/airflow/.local/lib/python3.12/site-packages/airflow/example_dags/tutorial_dag.py took 0.135 seconds
[2026-07-31T11:00:34.487+0000] {processor.py:161} INFO - Started process (PID=820) to work on /home/airflow/.local/lib/python3.12/site-packages/airflow/example_dags/tutorial_dag.py
[2026-07-31T11:00:34.490+0000] {processor.py:830} INFO - Processing file /home/airflow/.local/lib/python3.12/site-packages/airflow/example_dags/tutorial_dag.py for tasks to queue
[2026-07-31T11:00:34.495+0000] {logging_mixin.py:188} INFO - [2026-07-31T11:00:34.494+0000] {dagbag.py:545} INFO - Filling up the DagBag from /home/airflow/.local/lib/python3.12/site-packages/airflow/example_dags/tutorial_dag.py
[2026-07-31T11:00:34.507+0000] {processor.py:840} INFO - DAG(s) 'tutorial_dag' retrieved from /home/airflow/.local/lib/python3.12/site-packages/airflow/example_dags/tutorial_dag.py
[2026-07-31T11:00:34.551+0000] {logging_mixin.py:188} INFO - [2026-07-31T11:00:34.550+0000] {dag.py:3089} INFO - Sync 1 DAGs
[2026-07-31T11:00:34.586+0000] {logging_mixin.py:188} INFO - [2026-07-31T11:00:34.586+0000] {dag.py:3947} INFO - Setting next_dagrun for tutorial_dag to None, run_after=None
[2026-07-31T11:00:34.664+0000] {processor.py:183} INFO - Processing /home/airflow/.local/lib/python3.12/site-packages/airflow/example_dags/tutorial_dag.py took 0.192 seconds
[2026-07-31T11:01:04.948+0000] {processor.py:161} INFO - Started process (PID=878) to work on /home/airflow/.local/lib/python3.12/site-packages/airflow/example_dags/tutorial_dag.py
[2026-07-31T11:01:04.950+0000] {processor.py:830} INFO - Processing file /home/airflow/.local/lib/python3.12/site-packages/airflow/example_dags/tutorial_dag.py for tasks to queue
[2026-07-31T11:01:04.952+0000] {logging_mixin.py:188} INFO - [2026-07-31T11:01:04.952+0000] {dagbag.py:545} INFO - Filling up the DagBag from /home/airflow/.local/lib/python3.12/site-packages/airflow/example_dags/tutorial_dag.py
[2026-07-31T11:01:04.958+0000] {processor.py:840} INFO - DAG(s) 'tutorial_dag' retrieved from /home/airflow/.local/lib/python3.12/site-packages/airflow/example_dags/tutorial_dag.py
[2026-07-31T11:01:04.982+0000] {logging_mixin.py:188} INFO - [2026-07-31T11:01:04.982+0000] {dag.py:3089} INFO - Sync 1 DAGs
[2026-07-31T11:01:04.996+0000] {logging_mixin.py:188} INFO - [2026-07-31T11:01:04.996+0000] {dag.py:3947} INFO - Setting next_dagrun for tutorial_dag to None, run_after=None
[2026-07-31T11:01:05.033+0000] {processor.py:183} INFO - Processing /home/airflow/.local/lib/python3.12/site-packages/airflow/example_dags/tutorial_dag.py took 0.092 seconds
[2026-07-31T11:01:35.974+0000] {processor.py:161} INFO - Started process (PID=936) to work on /home/airflow/.local/lib/python3.12/site-packages/airflow/example_dags/tutorial_dag.py
[2026-07-31T11:01:35.977+0000] {processor.py:830} INFO - Processing file /home/airflow/.local/lib/python3.12/site-packages/airflow/example_dags/tutorial_dag.py for tasks to queue
[2026-07-31T11:01:35.982+0000] {logging_mixin.py:188} INFO - [2026-07-31T11:01:35.981+0000] {dagbag.py:545} INFO - Filling up the DagBag from /home/airflow/.local/lib/python3.12/site-packages/airflow/example_dags/tutorial_dag.py
[2026-07-31T11:01:35.996+0000] {processor.py:840} INFO - DAG(s) 'tutorial_dag' retrieved from /home/airflow/.local/lib/python3.12/site-packages/airflow/example_dags/tutorial_dag.py
[2026-07-31T11:01:36.059+0000] {logging_mixin.py:188} INFO - [2026-07-31T11:01:36.058+0000] {dag.py:3089} INFO - Sync 1 DAGs
[2026-07-31T11:01:36.090+0000] {logging_mixin.py:188} INFO - [2026-07-31T11:01:36.090+0000] {dag.py:3947} INFO - Setting next_dagrun for tutorial_dag to None, run_after=None
[2026-07-31T11:01:36.141+0000] {processor.py:183} INFO - Processing /home/airflow/.local/lib/python3.12/site-packages/airflow/example_dags/tutorial_dag.py took 0.179 seconds
[2026-07-31T11:02:07.147+0000] {processor.py:161} INFO - Started process (PID=1000) to work on /home/airflow/.local/lib/python3.12/site-packages/airflow/example_dags/tutorial_dag.py
[2026-07-31T11:02:07.149+0000] {processor.py:830} INFO - Processing file /home/airflow/.local/lib/python3.12/site-packages/airflow/example_dags/tutorial_dag.py for tasks to queue
[2026-07-31T11:02:07.153+0000] {logging_mixin.py:188} INFO - [2026-07-31T11:02:07.152+0000] {dagbag.py:545} INFO - Filling up the DagBag from /home/airflow/.local/lib/python3.12/site-packages/airflow/example_dags/tutorial_dag.py
[2026-07-31T11:02:07.166+0000] {processor.py:840} INFO - DAG(s) 'tutorial_dag' retrieved from /home/airflow/.local/lib/python3.12/site-packages/airflow/example_dags/tutorial_dag.py
[2026-07-31T11:02:07.207+0000] {logging_mixin.py:188} INFO - [2026-07-31T11:02:07.206+0000] {dag.py:3089} INFO - Sync 1 DAGs
[2026-07-31T11:02:07.232+0000] {logging_mixin.py:188} INFO - [2026-07-31T11:02:07.231+0000] {dag.py:3947} INFO - Setting next_dagrun for tutorial_dag to None, run_after=None
[2026-07-31T11:02:07.276+0000] {processor.py:183} INFO - Processing /home/airflow/.local/lib/python3.12/site-packages/airflow/example_dags/tutorial_dag.py took 0.142 seconds
[2026-07-31T11:02:46.858+0000] {processor.py:161} INFO - Started process (PID=1058) to work on /home/airflow/.local/lib/python3.12/site-packages/airflow/example_dags/tutorial_dag.py
[2026-07-31T11:02:46.878+0000] {processor.py:830} INFO - Processing file /home/airflow/.local/lib/python3.12/site-packages/airflow/example_dags/tutorial_dag.py for tasks to queue
[2026-07-31T11:02:46.927+0000] {logging_mixin.py:188} INFO - [2026-07-31T11:02:46.925+0000] {dagbag.py:545} INFO - Filling up the DagBag from /home/airflow/.local/lib/python3.12/site-packages/airflow/example_dags/tutorial_dag.py
[2026-07-31T11:02:47.024+0000] {processor.py:840} INFO - DAG(s) 'tutorial_dag' retrieved from /home/airflow/.local/lib/python3.12/site-packages/airflow/example_dags/tutorial_dag.py
[2026-07-31T11:02:47.195+0000] {logging_mixin.py:188} INFO - [2026-07-31T11:02:47.194+0000] {dag.py:3089} INFO - Sync 1 DAGs
[2026-07-31T11:02:47.260+0000] {logging_mixin.py:188} INFO - [2026-07-31T11:02:47.259+0000] {dag.py:3947} INFO - Setting next_dagrun for tutorial_dag to None, run_after=None
[2026-07-31T11:02:47.350+0000] {processor.py:183} INFO - Processing /home/airflow/.local/lib/python3.12/site-packages/airflow/example_dags/tutorial_dag.py took 0.569 seconds
[2026-07-31T11:03:18.065+0000] {processor.py:161} INFO - Started process (PID=1115) to work on /home/airflow/.local/lib/python3.12/site-packages/airflow/example_dags/tutorial_dag.py
[2026-07-31T11:03:18.077+0000] {processor.py:830} INFO - Processing file /home/airflow/.local/lib/python3.12/site-packages/airflow/example_dags/tutorial_dag.py for tasks to queue
[2026-07-31T11:03:18.094+0000] {logging_mixin.py:188} INFO - [2026-07-31T11:03:18.091+0000] {dagbag.py:545} INFO - Filling up the DagBag from /home/airflow/.local/lib/python3.12/site-packages/airflow/example_dags/tutorial_dag.py
[2026-07-31T11:03:18.143+0000] {processor.py:840} INFO - DAG(s) 'tutorial_dag' retrieved from /home/airflow/.local/lib/python3.12/site-packages/airflow/example_dags/tutorial_dag.py
[2026-07-31T11:03:18.414+0000] {logging_mixin.py:188} INFO - [2026-07-31T11:03:18.412+0000] {dag.py:3089} INFO - Sync 1 DAGs
[2026-07-31T11:03:18.597+0000] {logging_mixin.py:188} INFO - [2026-07-31T11:03:18.596+0000] {dag.py:3947} INFO - Setting next_dagrun for tutorial_dag to None, run_after=None
[2026-07-31T11:03:18.669+0000] {processor.py:183} INFO - Processing /home/airflow/.local/lib/python3.12/site-packages/airflow/example_dags/tutorial_dag.py took 0.639 seconds
[2026-07-31T11:03:49.153+0000] {processor.py:161} INFO - Started process (PID=1173) to work on /home/airflow/.local/lib/python3.12/site-packages/airflow/example_dags/tutorial_dag.py
[2026-07-31T11:03:49.156+0000] {processor.py:830} INFO - Processing file /home/airflow/.local/lib/python3.12/site-packages/airflow/example_dags/tutorial_dag.py for tasks to queue
[2026-07-31T11:03:49.161+0000] {logging_mixin.py:188} INFO - [2026-07-31T11:03:49.160+0000] {dagbag.py:545} INFO - Filling up the DagBag from /home/airflow/.local/lib/python3.12/site-packages/airflow/example_dags/tutorial_dag.py
[2026-07-31T11:03:49.175+0000] {processor.py:840} INFO - DAG(s) 'tutorial_dag' retrieved from /home/airflow/.local/lib/python3.12/site-packages/airflow/example_dags/tutorial_dag.py
[2026-07-31T11:03:49.231+0000] {logging_mixin.py:188} INFO - [2026-07-31T11:03:49.231+0000] {dag.py:3089} INFO - Sync 1 DAGs
[2026-07-31T11:03:49.283+0000] {logging_mixin.py:188} INFO - [2026-07-31T11:03:49.279+0000] {dag.py:3947} INFO - Setting next_dagrun for tutorial_dag to None, run_after=None
[2026-07-31T11:03:49.387+0000] {processor.py:183} INFO - Processing /home/airflow/.local/lib/python3.12/site-packages/airflow/example_dags/tutorial_dag.py took 0.251 seconds
[2026-07-31T11:04:22.707+0000] {processor.py:161} INFO - Started process (PID=1228) to work on /home/airflow/.local/lib/python3.12/site-packages/airflow/example_dags/tutorial_dag.py
[2026-07-31T11:04:22.710+0000] {processor.py:830} INFO - Processing file /home/airflow/.local/lib/python3.12/site-packages/airflow/example_dags/tutorial_dag.py for tasks to queue
[2026-07-31T11:04:22.719+0000] {logging_mixin.py:188} INFO - [2026-07-31T11:04:22.718+0000] {dagbag.py:545} INFO - Filling up the DagBag from /home/airflow/.local/lib/python3.12/site-packages/airflow/example_dags/tutorial_dag.py
[2026-07-31T11:04:22.741+0000] {processor.py:840} INFO - DAG(s) 'tutorial_dag' retrieved from /home/airflow/.local/lib/python3.12/site-packages/airflow/example_dags/tutorial_dag.py
[2026-07-31T11:04:22.833+0000] {logging_mixin.py:188} INFO - [2026-07-31T11:04:22.831+0000] {dag.py:3089} INFO - Sync 1 DAGs
[2026-07-31T11:04:22.901+0000] {logging_mixin.py:188} INFO - [2026-07-31T11:04:22.900+0000] {dag.py:3947} INFO - Setting next_dagrun for tutorial_dag to None, run_after=None
[2026-07-31T11:04:22.994+0000] {processor.py:183} INFO - Processing /home/airflow/.local/lib/python3.12/site-packages/airflow/example_dags/tutorial_dag.py took 0.310 seconds
[2026-07-31T11:05:28.578+0000] {processor.py:161} INFO - Started process (PID=1292) to work on /home/airflow/.local/lib/python3.12/site-packages/airflow/example_dags/tutorial_dag.py
[2026-07-31T11:05:28.593+0000] {processor.py:830} INFO - Processing file /home/airflow/.local/lib/python3.12/site-packages/airflow/example_dags/tutorial_dag.py for tasks to queue
[2026-07-31T11:05:28.623+0000] {logging_mixin.py:188} INFO - [2026-07-31T11:05:28.617+0000] {dagbag.py:545} INFO - Filling up the DagBag from /home/airflow/.local/lib/python3.12/site-packages/airflow/example_dags/tutorial_dag.py
[2026-07-31T11:05:28.743+0000] {processor.py:840} INFO - DAG(s) 'tutorial_dag' retrieved from /home/airflow/.local/lib/python3.12/site-packages/airflow/example_dags/tutorial_dag.py
[2026-07-31T11:05:29.024+0000] {logging_mixin.py:188} INFO - [2026-07-31T11:05:29.019+0000] {dag.py:3089} INFO - Sync 1 DAGs
[2026-07-31T11:05:29.310+0000] {logging_mixin.py:188} INFO - [2026-07-31T11:05:29.309+0000] {dag.py:3947} INFO - Setting next_dagrun for tutorial_dag to None, run_after=None
[2026-07-31T11:05:29.483+0000] {processor.py:183} INFO - Processing /home/airflow/.local/lib/python3.12/site-packages/airflow/example_dags/tutorial_dag.py took 0.948 seconds
[2026-07-31T11:06:11.410+0000] {processor.py:161} INFO - Started process (PID=1350) to work on /home/airflow/.local/lib/python3.12/site-packages/airflow/example_dags/tutorial_dag.py
[2026-07-31T11:06:11.422+0000] {processor.py:830} INFO - Processing file /home/airflow/.local/lib/python3.12/site-packages/airflow/example_dags/tutorial_dag.py for tasks to queue
[2026-07-31T11:06:11.441+0000] {logging_mixin.py:188} INFO - [2026-07-31T11:06:11.440+0000] {dagbag.py:545} INFO - Filling up the DagBag from /home/airflow/.local/lib/python3.12/site-packages/airflow/example_dags/tutorial_dag.py
[2026-07-31T11:06:11.468+0000] {processor.py:840} INFO - DAG(s) 'tutorial_dag' retrieved from /home/airflow/.local/lib/python3.12/site-packages/airflow/example_dags/tutorial_dag.py
[2026-07-31T11:06:11.533+0000] {logging_mixin.py:188} INFO - [2026-07-31T11:06:11.532+0000] {dag.py:3089} INFO - Sync 1 DAGs
[2026-07-31T11:06:11.586+0000] {logging_mixin.py:188} INFO - [2026-07-31T11:06:11.585+0000] {dag.py:3947} INFO - Setting next_dagrun for tutorial_dag to None, run_after=None
[2026-07-31T11:06:11.675+0000] {processor.py:183} INFO - Processing /home/airflow/.local/lib/python3.12/site-packages/airflow/example_dags/tutorial_dag.py took 0.367 seconds
[2026-07-31T11:06:44.851+0000] {processor.py:161} INFO - Started process (PID=1408) to work on /home/airflow/.local/lib/python3.12/site-packages/airflow/example_dags/tutorial_dag.py
[2026-07-31T11:06:44.864+0000] {processor.py:830} INFO - Processing file /home/airflow/.local/lib/python3.12/site-packages/airflow/example_dags/tutorial_dag.py for tasks to queue
[2026-07-31T11:06:44.872+0000] {logging_mixin.py:188} INFO - [2026-07-31T11:06:44.871+0000] {dagbag.py:545} INFO - Filling up the DagBag from /home/airflow/.local/lib/python3.12/site-packages/airflow/example_dags/tutorial_dag.py
[2026-07-31T11:06:44.916+0000] {processor.py:840} INFO - DAG(s) 'tutorial_dag' retrieved from /home/airflow/.local/lib/python3.12/site-packages/airflow/example_dags/tutorial_dag.py
[2026-07-31T11:06:45.053+0000] {logging_mixin.py:188} INFO - [2026-07-31T11:06:45.052+0000] {dag.py:3089} INFO - Sync 1 DAGs
[2026-07-31T11:06:45.140+0000] {logging_mixin.py:188} INFO - [2026-07-31T11:06:45.139+0000] {dag.py:3947} INFO - Setting next_dagrun for tutorial_dag to None, run_after=None
[2026-07-31T11:06:45.245+0000] {processor.py:183} INFO - Processing /home/airflow/.local/lib/python3.12/site-packages/airflow/example_dags/tutorial_dag.py took 0.419 seconds
[2026-07-31T11:07:23.301+0000] {processor.py:161} INFO - Started process (PID=1473) to work on /home/airflow/.local/lib/python3.12/site-packages/airflow/example_dags/tutorial_dag.py
[2026-07-31T11:07:23.418+0000] {processor.py:830} INFO - Processing file /home/airflow/.local/lib/python3.12/site-packages/airflow/example_dags/tutorial_dag.py for tasks to queue
[2026-07-31T11:07:23.447+0000] {logging_mixin.py:188} INFO - [2026-07-31T11:07:23.446+0000] {dagbag.py:545} INFO - Filling up the DagBag from /home/airflow/.local/lib/python3.12/site-packages/airflow/example_dags/tutorial_dag.py
[2026-07-31T11:07:24.096+0000] {processor.py:840} INFO - DAG(s) 'tutorial_dag' retrieved from /home/airflow/.local/lib/python3.12/site-packages/airflow/example_dags/tutorial_dag.py
[2026-07-31T11:07:26.251+0000] {logging_mixin.py:188} INFO - [2026-07-31T11:07:26.250+0000] {dag.py:3089} INFO - Sync 1 DAGs
[2026-07-31T11:07:26.775+0000] {logging_mixin.py:188} INFO - [2026-07-31T11:07:26.774+0000] {dag.py:3947} INFO - Setting next_dagrun for tutorial_dag to None, run_after=None
[2026-07-31T11:07:27.718+0000] {processor.py:183} INFO - Processing /home/airflow/.local/lib/python3.12/site-packages/airflow/example_dags/tutorial_dag.py took 4.888 seconds
[2026-07-31T11:08:15.474+0000] {processor.py:161} INFO - Started process (PID=1505) to work on /home/airflow/.local/lib/python3.12/site-packages/airflow/example_dags/tutorial_dag.py
[2026-07-31T11:08:15.478+0000] {processor.py:830} INFO - Processing file /home/airflow/.local/lib/python3.12/site-packages/airflow/example_dags/tutorial_dag.py for tasks to queue
[2026-07-31T11:08:15.487+0000] {logging_mixin.py:188} INFO - [2026-07-31T11:08:15.485+0000] {dagbag.py:545} INFO - Filling up the DagBag from /home/airflow/.local/lib/python3.12/site-packages/airflow/example_dags/tutorial_dag.py
[2026-07-31T11:08:15.511+0000] {processor.py:840} INFO - DAG(s) 'tutorial_dag' retrieved from /home/airflow/.local/lib/python3.12/site-packages/airflow/example_dags/tutorial_dag.py
[2026-07-31T11:08:15.609+0000] {logging_mixin.py:188} INFO - [2026-07-31T11:08:15.608+0000] {dag.py:3089} INFO - Sync 1 DAGs
[2026-07-31T11:08:15.726+0000] {logging_mixin.py:188} INFO - [2026-07-31T11:08:15.726+0000] {dag.py:3947} INFO - Setting next_dagrun for tutorial_dag to None, run_after=None
[2026-07-31T11:08:15.960+0000] {processor.py:183} INFO - Processing /home/airflow/.local/lib/python3.12/site-packages/airflow/example_dags/tutorial_dag.py took 0.509 seconds
[2026-07-31T11:08:50.574+0000] {processor.py:161} INFO - Started process (PID=1565) to work on /home/airflow/.local/lib/python3.12/site-packages/airflow/example_dags/tutorial_dag.py
[2026-07-31T11:08:50.587+0000] {processor.py:830} INFO - Processing file /home/airflow/.local/lib/python3.12/site-packages/airflow/example_dags/tutorial_dag.py for tasks to queue
[2026-07-31T11:08:50.620+0000] {logging_mixin.py:188} INFO - [2026-07-31T11:08:50.619+0000] {dagbag.py:545} INFO - Filling up the DagBag from /home/airflow/.local/lib/python3.12/site-packages/airflow/example_dags/tutorial_dag.py
[2026-07-31T11:08:50.673+0000] {processor.py:840} INFO - DAG(s) 'tutorial_dag' retrieved from /home/airflow/.local/lib/python3.12/site-packages/airflow/example_dags/tutorial_dag.py
[2026-07-31T11:08:50.839+0000] {logging_mixin.py:188} INFO - [2026-07-31T11:08:50.838+0000] {dag.py:3089} INFO - Sync 1 DAGs
[2026-07-31T11:08:50.968+0000] {logging_mixin.py:188} INFO - [2026-07-31T11:08:50.956+0000] {dag.py:3947} INFO - Setting next_dagrun for tutorial_dag to None, run_after=None
[2026-07-31T11:08:51.124+0000] {processor.py:183} INFO - Processing /home/airflow/.local/lib/python3.12/site-packages/airflow/example_dags/tutorial_dag.py took 0.593 seconds
[2026-07-31T11:10:07.839+0000] {processor.py:161} INFO - Started process (PID=1632) to work on /home/airflow/.local/lib/python3.12/site-packages/airflow/example_dags/tutorial_dag.py
[2026-07-31T11:10:07.855+0000] {processor.py:830} INFO - Processing file /home/airflow/.local/lib/python3.12/site-packages/airflow/example_dags/tutorial_dag.py for tasks to queue
[2026-07-31T11:10:07.873+0000] {logging_mixin.py:188} INFO - [2026-07-31T11:10:07.872+0000] {dagbag.py:545} INFO - Filling up the DagBag from /home/airflow/.local/lib/python3.12/site-packages/airflow/example_dags/tutorial_dag.py
[2026-07-31T11:10:07.960+0000] {processor.py:840} INFO - DAG(s) 'tutorial_dag' retrieved from /home/airflow/.local/lib/python3.12/site-packages/airflow/example_dags/tutorial_dag.py
[2026-07-31T11:10:08.239+0000] {logging_mixin.py:188} INFO - [2026-07-31T11:10:08.238+0000] {dag.py:3089} INFO - Sync 1 DAGs
[2026-07-31T11:10:08.410+0000] {logging_mixin.py:188} INFO - [2026-07-31T11:10:08.409+0000] {dag.py:3947} INFO - Setting next_dagrun for tutorial_dag to None, run_after=None
[2026-07-31T11:10:08.592+0000] {processor.py:183} INFO - Processing /home/airflow/.local/lib/python3.12/site-packages/airflow/example_dags/tutorial_dag.py took 0.878 seconds
[2026-07-31T11:10:54.437+0000] {processor.py:161} INFO - Started process (PID=1689) to work on /home/airflow/.local/lib/python3.12/site-packages/airflow/example_dags/tutorial_dag.py
[2026-07-31T11:10:54.455+0000] {processor.py:830} INFO - Processing file /home/airflow/.local/lib/python3.12/site-packages/airflow/example_dags/tutorial_dag.py for tasks to queue
[2026-07-31T11:10:54.479+0000] {logging_mixin.py:188} INFO - [2026-07-31T11:10:54.478+0000] {dagbag.py:545} INFO - Filling up the DagBag from /home/airflow/.local/lib/python3.12/site-packages/airflow/example_dags/tutorial_dag.py
[2026-07-31T11:10:54.651+0000] {processor.py:840} INFO - DAG(s) 'tutorial_dag' retrieved from /home/airflow/.local/lib/python3.12/site-packages/airflow/example_dags/tutorial_dag.py
[2026-07-31T11:10:54.972+0000] {logging_mixin.py:188} INFO - [2026-07-31T11:10:54.971+0000] {dag.py:3089} INFO - Sync 1 DAGs
[2026-07-31T11:10:55.122+0000] {logging_mixin.py:188} INFO - [2026-07-31T11:10:55.121+0000] {dag.py:3947} INFO - Setting next_dagrun for tutorial_dag to None, run_after=None
[2026-07-31T11:10:55.401+0000] {processor.py:183} INFO - Processing /home/airflow/.local/lib/python3.12/site-packages/airflow/example_dags/tutorial_dag.py took 1.014 seconds
[2026-07-31T11:12:04.989+0000] {processor.py:161} INFO - Started process (PID=1755) to work on /home/airflow/.local/lib/python3.12/site-packages/airflow/example_dags/tutorial_dag.py
[2026-07-31T11:12:05.030+0000] {processor.py:830} INFO - Processing file /home/airflow/.local/lib/python3.12/site-packages/airflow/example_dags/tutorial_dag.py for tasks to queue
[2026-07-31T11:12:05.059+0000] {logging_mixin.py:188} INFO - [2026-07-31T11:12:05.058+0000] {dagbag.py:545} INFO - Filling up the DagBag from /home/airflow/.local/lib/python3.12/site-packages/airflow/example_dags/tutorial_dag.py
[2026-07-31T11:12:05.128+0000] {processor.py:840} INFO - DAG(s) 'tutorial_dag' retrieved from /home/airflow/.local/lib/python3.12/site-packages/airflow/example_dags/tutorial_dag.py
[2026-07-31T11:12:05.380+0000] {logging_mixin.py:188} INFO - [2026-07-31T11:12:05.379+0000] {dag.py:3089} INFO - Sync 1 DAGs
[2026-07-31T11:12:06.183+0000] {logging_mixin.py:188} INFO - [2026-07-31T11:12:06.182+0000] {dag.py:3947} INFO - Setting next_dagrun for tutorial_dag to None, run_after=None
[2026-07-31T11:12:06.313+0000] {processor.py:183} INFO - Processing /home/airflow/.local/lib/python3.12/site-packages/airflow/example_dags/tutorial_dag.py took 1.436 seconds
[2026-07-31T11:12:36.526+0000] {processor.py:161} INFO - Started process (PID=1812) to work on /home/airflow/.local/lib/python3.12/site-packages/airflow/example_dags/tutorial_dag.py
[2026-07-31T11:12:36.535+0000] {processor.py:830} INFO - Processing file /home/airflow/.local/lib/python3.12/site-packages/airflow/example_dags/tutorial_dag.py for tasks to queue
[2026-07-31T11:12:36.548+0000] {logging_mixin.py:188} INFO - [2026-07-31T11:12:36.547+0000] {dagbag.py:545} INFO - Filling up the DagBag from /home/airflow/.local/lib/python3.12/site-packages/airflow/example_dags/tutorial_dag.py
[2026-07-31T11:12:36.574+0000] {processor.py:840} INFO - DAG(s) 'tutorial_dag' retrieved from /home/airflow/.local/lib/python3.12/site-packages/airflow/example_dags/tutorial_dag.py
[2026-07-31T11:12:36.627+0000] {logging_mixin.py:188} INFO - [2026-07-31T11:12:36.627+0000] {dag.py:3089} INFO - Sync 1 DAGs
[2026-07-31T11:12:36.664+0000] {logging_mixin.py:188} INFO - [2026-07-31T11:12:36.664+0000] {dag.py:3947} INFO - Setting next_dagrun for tutorial_dag to None, run_after=None
[2026-07-31T11:12:36.724+0000] {processor.py:183} INFO - Processing /home/airflow/.local/lib/python3.12/site-packages/airflow/example_dags/tutorial_dag.py took 0.235 seconds
[2026-07-31T11:13:13.147+0000] {processor.py:161} INFO - Started process (PID=1871) to work on /home/airflow/.local/lib/python3.12/site-packages/airflow/example_dags/tutorial_dag.py
[2026-07-31T11:13:13.152+0000] {processor.py:830} INFO - Processing file /home/airflow/.local/lib/python3.12/site-packages/airflow/example_dags/tutorial_dag.py for tasks to queue
[2026-07-31T11:13:13.165+0000] {logging_mixin.py:188} INFO - [2026-07-31T11:13:13.163+0000] {dagbag.py:545} INFO - Filling up the DagBag from /home/airflow/.local/lib/python3.12/site-packages/airflow/example_dags/tutorial_dag.py
[2026-07-31T11:13:13.194+0000] {processor.py:840} INFO - DAG(s) 'tutorial_dag' retrieved from /home/airflow/.local/lib/python3.12/site-packages/airflow/example_dags/tutorial_dag.py
[2026-07-31T11:13:13.268+0000] {logging_mixin.py:188} INFO - [2026-07-31T11:13:13.267+0000] {dag.py:3089} INFO - Sync 1 DAGs
[2026-07-31T11:13:13.331+0000] {logging_mixin.py:188} INFO - [2026-07-31T11:13:13.330+0000] {dag.py:3947} INFO - Setting next_dagrun for tutorial_dag to None, run_after=None
[2026-07-31T11:13:13.412+0000] {processor.py:183} INFO - Processing /home/airflow/.local/lib/python3.12/site-packages/airflow/example_dags/tutorial_dag.py took 0.301 seconds
[2026-07-31T11:13:51.827+0000] {processor.py:161} INFO - Started process (PID=1929) to work on /home/airflow/.local/lib/python3.12/site-packages/airflow/example_dags/tutorial_dag.py
[2026-07-31T11:13:51.847+0000] {processor.py:830} INFO - Processing file /home/airflow/.local/lib/python3.12/site-packages/airflow/example_dags/tutorial_dag.py for tasks to queue
[2026-07-31T11:13:51.861+0000] {logging_mixin.py:188} INFO - [2026-07-31T11:13:51.860+0000] {dagbag.py:545} INFO - Filling up the DagBag from /home/airflow/.local/lib/python3.12/site-packages/airflow/example_dags/tutorial_dag.py
[2026-07-31T11:13:52.060+0000] {processor.py:840} INFO - DAG(s) 'tutorial_dag' retrieved from /home/airflow/.local/lib/python3.12/site-packages/airflow/example_dags/tutorial_dag.py
[2026-07-31T11:13:52.503+0000] {logging_mixin.py:188} INFO - [2026-07-31T11:13:52.502+0000] {dag.py:3089} INFO - Sync 1 DAGs
[2026-07-31T11:13:52.781+0000] {logging_mixin.py:188} INFO - [2026-07-31T11:13:52.780+0000] {dag.py:3947} INFO - Setting next_dagrun for tutorial_dag to None, run_after=None
[2026-07-31T11:13:53.200+0000] {processor.py:183} INFO - Processing /home/airflow/.local/lib/python3.12/site-packages/airflow/example_dags/tutorial_dag.py took 1.454 seconds
[2026-07-31T11:14:32.944+0000] {processor.py:161} INFO - Started process (PID=1986) to work on /home/airflow/.local/lib/python3.12/site-packages/airflow/example_dags/tutorial_dag.py
[2026-07-31T11:14:32.948+0000] {processor.py:830} INFO - Processing file /home/airflow/.local/lib/python3.12/site-packages/airflow/example_dags/tutorial_dag.py for tasks to queue
[2026-07-31T11:14:32.957+0000] {logging_mixin.py:188} INFO - [2026-07-31T11:14:32.956+0000] {dagbag.py:545} INFO - Filling up the DagBag from /home/airflow/.local/lib/python3.12/site-packages/airflow/example_dags/tutorial_dag.py
[2026-07-31T11:14:32.978+0000] {processor.py:840} INFO - DAG(s) 'tutorial_dag' retrieved from /home/airflow/.local/lib/python3.12/site-packages/airflow/example_dags/tutorial_dag.py
[2026-07-31T11:14:33.057+0000] {logging_mixin.py:188} INFO - [2026-07-31T11:14:33.056+0000] {dag.py:3089} INFO - Sync 1 DAGs
[2026-07-31T11:14:33.113+0000] {logging_mixin.py:188} INFO - [2026-07-31T11:14:33.112+0000] {dag.py:3947} INFO - Setting next_dagrun for tutorial_dag to None, run_after=None
[2026-07-31T11:14:33.187+0000] {processor.py:183} INFO - Processing /home/airflow/.local/lib/python3.12/site-packages/airflow/example_dags/tutorial_dag.py took 0.279 seconds
[2026-07-31T11:15:03.381+0000] {processor.py:161} INFO - Started process (PID=2044) to work on /home/airflow/.local/lib/python3.12/site-packages/airflow/example_dags/tutorial_dag.py
[2026-07-31T11:15:03.385+0000] {processor.py:830} INFO - Processing file /home/airflow/.local/lib/python3.12/site-packages/airflow/example_dags/tutorial_dag.py for tasks to queue
[2026-07-31T11:15:03.392+0000] {logging_mixin.py:188} INFO - [2026-07-31T11:15:03.391+0000] {dagbag.py:545} INFO - Filling up the DagBag from /home/airflow/.local/lib/python3.12/site-packages/airflow/example_dags/tutorial_dag.py
[2026-07-31T11:15:03.414+0000] {processor.py:840} INFO - DAG(s) 'tutorial_dag' retrieved from /home/airflow/.local/lib/python3.12/site-packages/airflow/example_dags/tutorial_dag.py
[2026-07-31T11:15:03.537+0000] {logging_mixin.py:188} INFO - [2026-07-31T11:15:03.536+0000] {dag.py:3089} INFO - Sync 1 DAGs
[2026-07-31T11:15:03.624+0000] {logging_mixin.py:188} INFO - [2026-07-31T11:15:03.623+0000] {dag.py:3947} INFO - Setting next_dagrun for tutorial_dag to None, run_after=None
[2026-07-31T11:15:03.746+0000] {processor.py:183} INFO - Processing /home/airflow/.local/lib/python3.12/site-packages/airflow/example_dags/tutorial_dag.py took 0.390 seconds
[2026-07-31T11:15:35.909+0000] {processor.py:161} INFO - Started process (PID=2101) to work on /home/airflow/.local/lib/python3.12/site-packages/airflow/example_dags/tutorial_dag.py
[2026-07-31T11:15:35.924+0000] {processor.py:830} INFO - Processing file /home/airflow/.local/lib/python3.12/site-packages/airflow/example_dags/tutorial_dag.py for tasks to queue
[2026-07-31T11:15:35.942+0000] {logging_mixin.py:188} INFO - [2026-07-31T11:15:35.940+0000] {dagbag.py:545} INFO - Filling up the DagBag from /home/airflow/.local/lib/python3.12/site-packages/airflow/example_dags/tutorial_dag.py
[2026-07-31T11:15:36.005+0000] {processor.py:840} INFO - DAG(s) 'tutorial_dag' retrieved from /home/airflow/.local/lib/python3.12/site-packages/airflow/example_dags/tutorial_dag.py
[2026-07-31T11:15:36.197+0000] {logging_mixin.py:188} INFO - [2026-07-31T11:15:36.196+0000] {dag.py:3089} INFO - Sync 1 DAGs
[2026-07-31T11:15:36.316+0000] {logging_mixin.py:188} INFO - [2026-07-31T11:15:36.315+0000] {dag.py:3947} INFO - Setting next_dagrun for tutorial_dag to None, run_after=None
[2026-07-31T11:15:36.469+0000] {processor.py:183} INFO - Processing /home/airflow/.local/lib/python3.12/site-packages/airflow/example_dags/tutorial_dag.py took 0.605 seconds
[2026-07-31T11:16:06.696+0000] {processor.py:161} INFO - Started process (PID=2160) to work on /home/airflow/.local/lib/python3.12/site-packages/airflow/example_dags/tutorial_dag.py
[2026-07-31T11:16:06.699+0000] {processor.py:830} INFO - Processing file /home/airflow/.local/lib/python3.12/site-packages/airflow/example_dags/tutorial_dag.py for tasks to queue
[2026-07-31T11:16:06.704+0000] {logging_mixin.py:188} INFO - [2026-07-31T11:16:06.703+0000] {dagbag.py:545} INFO - Filling up the DagBag from /home/airflow/.local/lib/python3.12/site-packages/airflow/example_dags/tutorial_dag.py
[2026-07-31T11:16:06.719+0000] {processor.py:840} INFO - DAG(s) 'tutorial_dag' retrieved from /home/airflow/.local/lib/python3.12/site-packages/airflow/example_dags/tutorial_dag.py
[2026-07-31T11:16:06.786+0000] {logging_mixin.py:188} INFO - [2026-07-31T11:16:06.786+0000] {dag.py:3089} INFO - Sync 1 DAGs
[2026-07-31T11:16:06.821+0000] {logging_mixin.py:188} INFO - [2026-07-31T11:16:06.820+0000] {dag.py:3947} INFO - Setting next_dagrun for tutorial_dag to None, run_after=None
[2026-07-31T11:16:06.876+0000] {processor.py:183} INFO - Processing /home/airflow/.local/lib/python3.12/site-packages/airflow/example_dags/tutorial_dag.py took 0.196 seconds
[2026-07-31T11:16:37.198+0000] {processor.py:161} INFO - Started process (PID=2218) to work on /home/airflow/.local/lib/python3.12/site-packages/airflow/example_dags/tutorial_dag.py
[2026-07-31T11:16:37.201+0000] {processor.py:830} INFO - Processing file /home/airflow/.local/lib/python3.12/site-packages/airflow/example_dags/tutorial_dag.py for tasks to queue
[2026-07-31T11:16:37.206+0000] {logging_mixin.py:188} INFO - [2026-07-31T11:16:37.205+0000] {dagbag.py:545} INFO - Filling up the DagBag from /home/airflow/.local/lib/python3.12/site-packages/airflow/example_dags/tutorial_dag.py
[2026-07-31T11:16:37.219+0000] {processor.py:840} INFO - DAG(s) 'tutorial_dag' retrieved from /home/airflow/.local/lib/python3.12/site-packages/airflow/example_dags/tutorial_dag.py
[2026-07-31T11:16:37.273+0000] {logging_mixin.py:188} INFO - [2026-07-31T11:16:37.272+0000] {dag.py:3089} INFO - Sync 1 DAGs
[2026-07-31T11:16:37.314+0000] {logging_mixin.py:188} INFO - [2026-07-31T11:16:37.313+0000] {dag.py:3947} INFO - Setting next_dagrun for tutorial_dag to None, run_after=None
[2026-07-31T11:16:37.406+0000] {processor.py:183} INFO - Processing /home/airflow/.local/lib/python3.12/site-packages/airflow/example_dags/tutorial_dag.py took 0.227 seconds
[2026-07-31T11:17:07.849+0000] {processor.py:161} INFO - Started process (PID=2278) to work on /home/airflow/.local/lib/python3.12/site-packages/airflow/example_dags/tutorial_dag.py
[2026-07-31T11:17:07.853+0000] {processor.py:830} INFO - Processing file /home/airflow/.local/lib/python3.12/site-packages/airflow/example_dags/tutorial_dag.py for tasks to queue
[2026-07-31T11:17:07.859+0000] {logging_mixin.py:188} INFO - [2026-07-31T11:17:07.858+0000] {dagbag.py:545} INFO - Filling up the DagBag from /home/airflow/.local/lib/python3.12/site-packages/airflow/example_dags/tutorial_dag.py
[2026-07-31T11:17:07.873+0000] {processor.py:840} INFO - DAG(s) 'tutorial_dag' retrieved from /home/airflow/.local/lib/python3.12/site-packages/airflow/example_dags/tutorial_dag.py
[2026-07-31T11:17:07.922+0000] {logging_mixin.py:188} INFO - [2026-07-31T11:17:07.921+0000] {dag.py:3089} INFO - Sync 1 DAGs
[2026-07-31T11:17:07.963+0000] {logging_mixin.py:188} INFO - [2026-07-31T11:17:07.963+0000] {dag.py:3947} INFO - Setting next_dagrun for tutorial_dag to None, run_after=None
[2026-07-31T11:17:08.019+0000] {processor.py:183} INFO - Processing /home/airflow/.local/lib/python3.12/site-packages/airflow/example_dags/tutorial_dag.py took 0.187 seconds
[2026-07-31T11:17:44.674+0000] {processor.py:161} INFO - Started process (PID=2333) to work on /home/airflow/.local/lib/python3.12/site-packages/airflow/example_dags/tutorial_dag.py
[2026-07-31T11:17:44.705+0000] {processor.py:830} INFO - Processing file /home/airflow/.local/lib/python3.12/site-packages/airflow/example_dags/tutorial_dag.py for tasks to queue
[2026-07-31T11:17:44.792+0000] {logging_mixin.py:188} INFO - [2026-07-31T11:17:44.791+0000] {dagbag.py:545} INFO - Filling up the DagBag from /home/airflow/.local/lib/python3.12/site-packages/airflow/example_dags/tutorial_dag.py
[2026-07-31T11:17:44.855+0000] {processor.py:840} INFO - DAG(s) 'tutorial_dag' retrieved from /home/airflow/.local/lib/python3.12/site-packages/airflow/example_dags/tutorial_dag.py
[2026-07-31T11:17:45.069+0000] {logging_mixin.py:188} INFO - [2026-07-31T11:17:45.068+0000] {dag.py:3089} INFO - Sync 1 DAGs
[2026-07-31T11:17:45.201+0000] {logging_mixin.py:188} INFO - [2026-07-31T11:17:45.200+0000] {dag.py:3947} INFO - Setting next_dagrun for tutorial_dag to None, run_after=None
[2026-07-31T11:17:45.379+0000] {processor.py:183} INFO - Processing /home/airflow/.local/lib/python3.12/site-packages/airflow/example_dags/tutorial_dag.py took 0.925 seconds
[2026-07-31T11:18:15.924+0000] {processor.py:161} INFO - Started process (PID=2390) to work on /home/airflow/.local/lib/python3.12/site-packages/airflow/example_dags/tutorial_dag.py
[2026-07-31T11:18:15.936+0000] {processor.py:830} INFO - Processing file /home/airflow/.local/lib/python3.12/site-packages/airflow/example_dags/tutorial_dag.py for tasks to queue
[2026-07-31T11:18:15.944+0000] {logging_mixin.py:188} INFO - [2026-07-31T11:18:15.943+0000] {dagbag.py:545} INFO - Filling up the DagBag from /home/airflow/.local/lib/python3.12/site-packages/airflow/example_dags/tutorial_dag.py
[2026-07-31T11:18:15.966+0000] {processor.py:840} INFO - DAG(s) 'tutorial_dag' retrieved from /home/airflow/.local/lib/python3.12/site-packages/airflow/example_dags/tutorial_dag.py
[2026-07-31T11:18:16.045+0000] {logging_mixin.py:188} INFO - [2026-07-31T11:18:16.044+0000] {dag.py:3089} INFO - Sync 1 DAGs
[2026-07-31T11:18:16.114+0000] {logging_mixin.py:188} INFO - [2026-07-31T11:18:16.113+0000] {dag.py:3947} INFO - Setting next_dagrun for tutorial_dag to None, run_after=None
[2026-07-31T11:18:16.230+0000] {processor.py:183} INFO - Processing /home/airflow/.local/lib/python3.12/site-packages/airflow/example_dags/tutorial_dag.py took 0.331 seconds
[2026-07-31T11:18:47.160+0000] {processor.py:161} INFO - Started process (PID=2446) to work on /home/airflow/.local/lib/python3.12/site-packages/airflow/example_dags/tutorial_dag.py
[2026-07-31T11:18:47.165+0000] {processor.py:830} INFO - Processing file /home/airflow/.local/lib/python3.12/site-packages/airflow/example_dags/tutorial_dag.py for tasks to queue
[2026-07-31T11:18:47.170+0000] {logging_mixin.py:188} INFO - [2026-07-31T11:18:47.169+0000] {dagbag.py:545} INFO - Filling up the DagBag from /home/airflow/.local/lib/python3.12/site-packages/airflow/example_dags/tutorial_dag.py
[2026-07-31T11:18:47.183+0000] {processor.py:840} INFO - DAG(s) 'tutorial_dag' retrieved from /home/airflow/.local/lib/python3.12/site-packages/airflow/example_dags/tutorial_dag.py
[2026-07-31T11:18:47.248+0000] {logging_mixin.py:188} INFO - [2026-07-31T11:18:47.247+0000] {dag.py:3089} INFO - Sync 1 DAGs
[2026-07-31T11:18:47.288+0000] {logging_mixin.py:188} INFO - [2026-07-31T11:18:47.287+0000] {dag.py:3947} INFO - Setting next_dagrun for tutorial_dag to None, run_after=None
[2026-07-31T11:18:47.356+0000] {processor.py:183} INFO - Processing /home/airflow/.local/lib/python3.12/site-packages/airflow/example_dags/tutorial_dag.py took 0.210 seconds
[2026-07-31T11:19:17.615+0000] {processor.py:161} INFO - Started process (PID=2504) to work on /home/airflow/.local/lib/python3.12/site-packages/airflow/example_dags/tutorial_dag.py
[2026-07-31T11:19:17.620+0000] {processor.py:830} INFO - Processing file /home/airflow/.local/lib/python3.12/site-packages/airflow/example_dags/tutorial_dag.py for tasks to queue
[2026-07-31T11:19:17.626+0000] {logging_mixin.py:188} INFO - [2026-07-31T11:19:17.625+0000] {dagbag.py:545} INFO - Filling up the DagBag from /home/airflow/.local/lib/python3.12/site-packages/airflow/example_dags/tutorial_dag.py
[2026-07-31T11:19:17.655+0000] {processor.py:840} INFO - DAG(s) 'tutorial_dag' retrieved from /home/airflow/.local/lib/python3.12/site-packages/airflow/example_dags/tutorial_dag.py
[2026-07-31T11:19:17.748+0000] {logging_mixin.py:188} INFO - [2026-07-31T11:19:17.748+0000] {dag.py:3089} INFO - Sync 1 DAGs
[2026-07-31T11:19:17.795+0000] {logging_mixin.py:188} INFO - [2026-07-31T11:19:17.795+0000] {dag.py:3947} INFO - Setting next_dagrun for tutorial_dag to None, run_after=None
[2026-07-31T11:19:17.848+0000] {processor.py:183} INFO - Processing /home/airflow/.local/lib/python3.12/site-packages/airflow/example_dags/tutorial_dag.py took 0.253 seconds
[2026-07-31T11:19:51.090+0000] {processor.py:161} INFO - Started process (PID=2562) to work on /home/airflow/.local/lib/python3.12/site-packages/airflow/example_dags/tutorial_dag.py
[2026-07-31T11:19:51.095+0000] {processor.py:830} INFO - Processing file /home/airflow/.local/lib/python3.12/site-packages/airflow/example_dags/tutorial_dag.py for tasks to queue
[2026-07-31T11:19:51.124+0000] {logging_mixin.py:188} INFO - [2026-07-31T11:19:51.123+0000] {dagbag.py:545} INFO - Filling up the DagBag from /home/airflow/.local/lib/python3.12/site-packages/airflow/example_dags/tutorial_dag.py
[2026-07-31T11:19:51.163+0000] {processor.py:840} INFO - DAG(s) 'tutorial_dag' retrieved from /home/airflow/.local/lib/python3.12/site-packages/airflow/example_dags/tutorial_dag.py
[2026-07-31T11:19:51.315+0000] {logging_mixin.py:188} INFO - [2026-07-31T11:19:51.314+0000] {dag.py:3089} INFO - Sync 1 DAGs
[2026-07-31T11:19:51.426+0000] {logging_mixin.py:188} INFO - [2026-07-31T11:19:51.425+0000] {dag.py:3947} INFO - Setting next_dagrun for tutorial_dag to None, run_after=None
[2026-07-31T11:19:51.592+0000] {processor.py:183} INFO - Processing /home/airflow/.local/lib/python3.12/site-packages/airflow/example_dags/tutorial_dag.py took 0.544 seconds
[2026-07-31T11:20:38.538+0000] {processor.py:161} INFO - Started process (PID=2629) to work on /home/airflow/.local/lib/python3.12/site-packages/airflow/example_dags/tutorial_dag.py
[2026-07-31T11:20:38.550+0000] {processor.py:830} INFO - Processing file /home/airflow/.local/lib/python3.12/site-packages/airflow/example_dags/tutorial_dag.py for tasks to queue
[2026-07-31T11:20:38.580+0000] {logging_mixin.py:188} INFO - [2026-07-31T11:20:38.579+0000] {dagbag.py:545} INFO - Filling up the DagBag from /home/airflow/.local/lib/python3.12/site-packages/airflow/example_dags/tutorial_dag.py
[2026-07-31T11:20:38.728+0000] {processor.py:840} INFO - DAG(s) 'tutorial_dag' retrieved from /home/airflow/.local/lib/python3.12/site-packages/airflow/example_dags/tutorial_dag.py
[2026-07-31T11:20:39.527+0000] {logging_mixin.py:188} INFO - [2026-07-31T11:20:39.474+0000] {dag.py:3089} INFO - Sync 1 DAGs
[2026-07-31T11:20:39.813+0000] {logging_mixin.py:188} INFO - [2026-07-31T11:20:39.812+0000] {dag.py:3947} INFO - Setting next_dagrun for tutorial_dag to None, run_after=None
[2026-07-31T11:20:39.996+0000] {processor.py:183} INFO - Processing /home/airflow/.local/lib/python3.12/site-packages/airflow/example_dags/tutorial_dag.py took 1.566 seconds
[2026-07-31T11:21:10.243+0000] {processor.py:161} INFO - Started process (PID=2687) to work on /home/airflow/.local/lib/python3.12/site-packages/airflow/example_dags/tutorial_dag.py
[2026-07-31T11:21:10.248+0000] {processor.py:830} INFO - Processing file /home/airflow/.local/lib/python3.12/site-packages/airflow/example_dags/tutorial_dag.py for tasks to queue
[2026-07-31T11:21:10.259+0000] {logging_mixin.py:188} INFO - [2026-07-31T11:21:10.258+0000] {dagbag.py:545} INFO - Filling up the DagBag from /home/airflow/.local/lib/python3.12/site-packages/airflow/example_dags/tutorial_dag.py
[2026-07-31T11:21:10.283+0000] {processor.py:840} INFO - DAG(s) 'tutorial_dag' retrieved from /home/airflow/.local/lib/python3.12/site-packages/airflow/example_dags/tutorial_dag.py
[2026-07-31T11:21:10.383+0000] {logging_mixin.py:188} INFO - [2026-07-31T11:21:10.382+0000] {dag.py:3089} INFO - Sync 1 DAGs
[2026-07-31T11:21:10.460+0000] {logging_mixin.py:188} INFO - [2026-07-31T11:21:10.459+0000] {dag.py:3947} INFO - Setting next_dagrun for tutorial_dag to None, run_after=None
[2026-07-31T11:21:10.568+0000] {processor.py:183} INFO - Processing /home/airflow/.local/lib/python3.12/site-packages/airflow/example_dags/tutorial_dag.py took 0.352 seconds
[2026-07-31T11:21:40.943+0000] {processor.py:161} INFO - Started process (PID=2746) to work on /home/airflow/.local/lib/python3.12/site-packages/airflow/example_dags/tutorial_dag.py
[2026-07-31T11:21:40.947+0000] {processor.py:830} INFO - Processing file /home/airflow/.local/lib/python3.12/site-packages/airflow/example_dags/tutorial_dag.py for tasks to queue
[2026-07-31T11:21:40.959+0000] {logging_mixin.py:188} INFO - [2026-07-31T11:21:40.958+0000] {dagbag.py:545} INFO - Filling up the DagBag from /home/airflow/.local/lib/python3.12/site-packages/airflow/example_dags/tutorial_dag.py
[2026-07-31T11:21:40.981+0000] {processor.py:840} INFO - DAG(s) 'tutorial_dag' retrieved from /home/airflow/.local/lib/python3.12/site-packages/airflow/example_dags/tutorial_dag.py
[2026-07-31T11:21:41.054+0000] {logging_mixin.py:188} INFO - [2026-07-31T11:21:41.054+0000] {dag.py:3089} INFO - Sync 1 DAGs
[2026-07-31T11:21:41.095+0000] {logging_mixin.py:188} INFO - [2026-07-31T11:21:41.094+0000] {dag.py:3947} INFO - Setting next_dagrun for tutorial_dag to None, run_after=None
[2026-07-31T11:21:41.147+0000] {processor.py:183} INFO - Processing /home/airflow/.local/lib/python3.12/site-packages/airflow/example_dags/tutorial_dag.py took 0.225 seconds
[2026-07-31T11:22:11.493+0000] {processor.py:161} INFO - Started process (PID=2804) to work on /home/airflow/.local/lib/python3.12/site-packages/airflow/example_dags/tutorial_dag.py
[2026-07-31T11:22:11.497+0000] {processor.py:830} INFO - Processing file /home/airflow/.local/lib/python3.12/site-packages/airflow/example_dags/tutorial_dag.py for tasks to queue
[2026-07-31T11:22:11.505+0000] {logging_mixin.py:188} INFO - [2026-07-31T11:22:11.504+0000] {dagbag.py:545} INFO - Filling up the DagBag from /home/airflow/.local/lib/python3.12/site-packages/airflow/example_dags/tutorial_dag.py
[2026-07-31T11:22:11.520+0000] {processor.py:840} INFO - DAG(s) 'tutorial_dag' retrieved from /home/airflow/.local/lib/python3.12/site-packages/airflow/example_dags/tutorial_dag.py
[2026-07-31T11:22:11.589+0000] {logging_mixin.py:188} INFO - [2026-07-31T11:22:11.588+0000] {dag.py:3089} INFO - Sync 1 DAGs
[2026-07-31T11:22:11.657+0000] {logging_mixin.py:188} INFO - [2026-07-31T11:22:11.656+0000] {dag.py:3947} INFO - Setting next_dagrun for tutorial_dag to None, run_after=None
[2026-07-31T11:22:11.741+0000] {processor.py:183} INFO - Processing /home/airflow/.local/lib/python3.12/site-packages/airflow/example_dags/tutorial_dag.py took 0.267 seconds
[2026-07-31T11:22:44.935+0000] {processor.py:161} INFO - Started process (PID=2862) to work on /home/airflow/.local/lib/python3.12/site-packages/airflow/example_dags/tutorial_dag.py
[2026-07-31T11:22:44.940+0000] {processor.py:830} INFO - Processing file /home/airflow/.local/lib/python3.12/site-packages/airflow/example_dags/tutorial_dag.py for tasks to queue
[2026-07-31T11:22:44.958+0000] {logging_mixin.py:188} INFO - [2026-07-31T11:22:44.957+0000] {dagbag.py:545} INFO - Filling up the DagBag from /home/airflow/.local/lib/python3.12/site-packages/airflow/example_dags/tutorial_dag.py
[2026-07-31T11:22:44.996+0000] {processor.py:840} INFO - DAG(s) 'tutorial_dag' retrieved from /home/airflow/.local/lib/python3.12/site-packages/airflow/example_dags/tutorial_dag.py
[2026-07-31T11:22:45.322+0000] {logging_mixin.py:188} INFO - [2026-07-31T11:22:45.321+0000] {dag.py:3089} INFO - Sync 1 DAGs
[2026-07-31T11:22:45.533+0000] {logging_mixin.py:188} INFO - [2026-07-31T11:22:45.533+0000] {dag.py:3947} INFO - Setting next_dagrun for tutorial_dag to None, run_after=None
[2026-07-31T11:22:45.633+0000] {processor.py:183} INFO - Processing /home/airflow/.local/lib/python3.12/site-packages/airflow/example_dags/tutorial_dag.py took 0.752 seconds
[2026-07-31T11:24:25.102+0000] {processor.py:161} INFO - Started process (PID=2920) to work on /home/airflow/.local/lib/python3.12/site-packages/airflow/example_dags/tutorial_dag.py
[2026-07-31T11:24:25.115+0000] {processor.py:830} INFO - Processing file /home/airflow/.local/lib/python3.12/site-packages/airflow/example_dags/tutorial_dag.py for tasks to queue
[2026-07-31T11:24:25.127+0000] {logging_mixin.py:188} INFO - [2026-07-31T11:24:25.125+0000] {dagbag.py:545} INFO - Filling up the DagBag from /home/airflow/.local/lib/python3.12/site-packages/airflow/example_dags/tutorial_dag.py
[2026-07-31T11:24:25.183+0000] {processor.py:840} INFO - DAG(s) 'tutorial_dag' retrieved from /home/airflow/.local/lib/python3.12/site-packages/airflow/example_dags/tutorial_dag.py
[2026-07-31T11:24:25.598+0000] {logging_mixin.py:188} INFO - [2026-07-31T11:24:25.597+0000] {dag.py:3089} INFO - Sync 1 DAGs
[2026-07-31T11:24:25.861+0000] {logging_mixin.py:188} INFO - [2026-07-31T11:24:25.860+0000] {dag.py:3947} INFO - Setting next_dagrun for tutorial_dag to None, run_after=None
[2026-07-31T11:24:26.284+0000] {processor.py:183} INFO - Processing /home/airflow/.local/lib/python3.12/site-packages/airflow/example_dags/tutorial_dag.py took 1.199 seconds
[2026-07-31T11:25:13.902+0000] {processor.py:161} INFO - Started process (PID=2971) to work on /home/airflow/.local/lib/python3.12/site-packages/airflow/example_dags/tutorial_dag.py
[2026-07-31T11:25:13.928+0000] {processor.py:830} INFO - Processing file /home/airflow/.local/lib/python3.12/site-packages/airflow/example_dags/tutorial_dag.py for tasks to queue
[2026-07-31T11:25:13.935+0000] {logging_mixin.py:188} INFO - [2026-07-31T11:25:13.934+0000] {dagbag.py:545} INFO - Filling up the DagBag from /home/airflow/.local/lib/python3.12/site-packages/airflow/example_dags/tutorial_dag.py
[2026-07-31T11:25:14.005+0000] {processor.py:840} INFO - DAG(s) 'tutorial_dag' retrieved from /home/airflow/.local/lib/python3.12/site-packages/airflow/example_dags/tutorial_dag.py
[2026-07-31T11:25:14.218+0000] {logging_mixin.py:188} INFO - [2026-07-31T11:25:14.217+0000] {dag.py:3089} INFO - Sync 1 DAGs
[2026-07-31T11:25:14.377+0000] {logging_mixin.py:188} INFO - [2026-07-31T11:25:14.376+0000] {dag.py:3947} INFO - Setting next_dagrun for tutorial_dag to None, run_after=None
[2026-07-31T11:25:14.531+0000] {processor.py:183} INFO - Processing /home/airflow/.local/lib/python3.12/site-packages/airflow/example_dags/tutorial_dag.py took 0.688 seconds
[2026-07-31T11:26:00.450+0000] {processor.py:161} INFO - Started process (PID=3021) to work on /home/airflow/.local/lib/python3.12/site-packages/airflow/example_dags/tutorial_dag.py
[2026-07-31T11:26:00.466+0000] {processor.py:830} INFO - Processing file /home/airflow/.local/lib/python3.12/site-packages/airflow/example_dags/tutorial_dag.py for tasks to queue
[2026-07-31T11:26:00.497+0000] {logging_mixin.py:188} INFO - [2026-07-31T11:26:00.496+0000] {dagbag.py:545} INFO - Filling up the DagBag from /home/airflow/.local/lib/python3.12/site-packages/airflow/example_dags/tutorial_dag.py
[2026-07-31T11:26:00.640+0000] {processor.py:840} INFO - DAG(s) 'tutorial_dag' retrieved from /home/airflow/.local/lib/python3.12/site-packages/airflow/example_dags/tutorial_dag.py
[2026-07-31T11:26:00.909+0000] {logging_mixin.py:188} INFO - [2026-07-31T11:26:00.908+0000] {dag.py:3089} INFO - Sync 1 DAGs
[2026-07-31T11:26:01.115+0000] {logging_mixin.py:188} INFO - [2026-07-31T11:26:01.115+0000] {dag.py:3947} INFO - Setting next_dagrun for tutorial_dag to None, run_after=None
[2026-07-31T11:26:01.306+0000] {processor.py:183} INFO - Processing /home/airflow/.local/lib/python3.12/site-packages/airflow/example_dags/tutorial_dag.py took 0.922 seconds
[2026-07-31T11:26:57.816+0000] {processor.py:161} INFO - Started process (PID=3071) to work on /home/airflow/.local/lib/python3.12/site-packages/airflow/example_dags/tutorial_dag.py
[2026-07-31T11:26:57.825+0000] {processor.py:830} INFO - Processing file /home/airflow/.local/lib/python3.12/site-packages/airflow/example_dags/tutorial_dag.py for tasks to queue
[2026-07-31T11:26:57.838+0000] {logging_mixin.py:188} INFO - [2026-07-31T11:26:57.837+0000] {dagbag.py:545} INFO - Filling up the DagBag from /home/airflow/.local/lib/python3.12/site-packages/airflow/example_dags/tutorial_dag.py
[2026-07-31T11:26:57.921+0000] {processor.py:840} INFO - DAG(s) 'tutorial_dag' retrieved from /home/airflow/.local/lib/python3.12/site-packages/airflow/example_dags/tutorial_dag.py
[2026-07-31T11:26:58.125+0000] {logging_mixin.py:188} INFO - [2026-07-31T11:26:58.120+0000] {dag.py:3089} INFO - Sync 1 DAGs
[2026-07-31T11:26:58.256+0000] {logging_mixin.py:188} INFO - [2026-07-31T11:26:58.255+0000] {dag.py:3947} INFO - Setting next_dagrun for tutorial_dag to None, run_after=None
[2026-07-31T11:26:58.378+0000] {processor.py:183} INFO - Processing /home/airflow/.local/lib/python3.12/site-packages/airflow/example_dags/tutorial_dag.py took 0.602 seconds
[2026-07-31T11:27:29.139+0000] {processor.py:161} INFO - Started process (PID=3128) to work on /home/airflow/.local/lib/python3.12/site-packages/airflow/example_dags/tutorial_dag.py
[2026-07-31T11:27:29.143+0000] {processor.py:830} INFO - Processing file /home/airflow/.local/lib/python3.12/site-packages/airflow/example_dags/tutorial_dag.py for tasks to queue
[2026-07-31T11:27:29.156+0000] {logging_mixin.py:188} INFO - [2026-07-31T11:27:29.155+0000] {dagbag.py:545} INFO - Filling up the DagBag from /home/airflow/.local/lib/python3.12/site-packages/airflow/example_dags/tutorial_dag.py
[2026-07-31T11:27:29.180+0000] {processor.py:840} INFO - DAG(s) 'tutorial_dag' retrieved from /home/airflow/.local/lib/python3.12/site-packages/airflow/example_dags/tutorial_dag.py
[2026-07-31T11:27:29.353+0000] {logging_mixin.py:188} INFO - [2026-07-31T11:27:29.352+0000] {dag.py:3089} INFO - Sync 1 DAGs
[2026-07-31T11:27:29.639+0000] {logging_mixin.py:188} INFO - [2026-07-31T11:27:29.638+0000] {dag.py:3947} INFO - Setting next_dagrun for tutorial_dag to None, run_after=None
[2026-07-31T11:27:29.744+0000] {processor.py:183} INFO - Processing /home/airflow/.local/lib/python3.12/site-packages/airflow/example_dags/tutorial_dag.py took 0.638 seconds
[2026-07-31T11:27:59.915+0000] {processor.py:161} INFO - Started process (PID=3186) to work on /home/airflow/.local/lib/python3.12/site-packages/airflow/example_dags/tutorial_dag.py
[2026-07-31T11:27:59.920+0000] {processor.py:830} INFO - Processing file /home/airflow/.local/lib/python3.12/site-packages/airflow/example_dags/tutorial_dag.py for tasks to queue
[2026-07-31T11:27:59.925+0000] {logging_mixin.py:188} INFO - [2026-07-31T11:27:59.924+0000] {dagbag.py:545} INFO - Filling up the DagBag from /home/airflow/.local/lib/python3.12/site-packages/airflow/example_dags/tutorial_dag.py
[2026-07-31T11:27:59.937+0000] {processor.py:840} INFO - DAG(s) 'tutorial_dag' retrieved from /home/airflow/.local/lib/python3.12/site-packages/airflow/example_dags/tutorial_dag.py
[2026-07-31T11:27:59.981+0000] {logging_mixin.py:188} INFO - [2026-07-31T11:27:59.980+0000] {dag.py:3089} INFO - Sync 1 DAGs
[2026-07-31T11:28:00.014+0000] {logging_mixin.py:188} INFO - [2026-07-31T11:28:00.013+0000] {dag.py:3947} INFO - Setting next_dagrun for tutorial_dag to None, run_after=None
[2026-07-31T11:28:00.072+0000] {processor.py:183} INFO - Processing /home/airflow/.local/lib/python3.12/site-packages/airflow/example_dags/tutorial_dag.py took 0.177 seconds
[2026-07-31T11:28:30.255+0000] {processor.py:161} INFO - Started process (PID=3244) to work on /home/airflow/.local/lib/python3.12/site-packages/airflow/example_dags/tutorial_dag.py
[2026-07-31T11:28:30.258+0000] {processor.py:830} INFO - Processing file /home/airflow/.local/lib/python3.12/site-packages/airflow/example_dags/tutorial_dag.py for tasks to queue
[2026-07-31T11:28:30.264+0000] {logging_mixin.py:188} INFO - [2026-07-31T11:28:30.263+0000] {dagbag.py:545} INFO - Filling up the DagBag from /home/airflow/.local/lib/python3.12/site-packages/airflow/example_dags/tutorial_dag.py
[2026-07-31T11:28:30.279+0000] {processor.py:840} INFO - DAG(s) 'tutorial_dag' retrieved from /home/airflow/.local/lib/python3.12/site-packages/airflow/example_dags/tutorial_dag.py
[2026-07-31T11:28:30.340+0000] {logging_mixin.py:188} INFO - [2026-07-31T11:28:30.339+0000] {dag.py:3089} INFO - Sync 1 DAGs
[2026-07-31T11:28:30.386+0000] {logging_mixin.py:188} INFO - [2026-07-31T11:28:30.385+0000] {dag.py:3947} INFO - Setting next_dagrun for tutorial_dag to None, run_after=None
[2026-07-31T11:28:30.451+0000] {processor.py:183} INFO - Processing /home/airflow/.local/lib/python3.12/site-packages/airflow/example_dags/tutorial_dag.py took 0.212 seconds
[2026-07-31T11:29:01.589+0000] {processor.py:161} INFO - Started process (PID=3303) to work on /home/airflow/.local/lib/python3.12/site-packages/airflow/example_dags/tutorial_dag.py
[2026-07-31T11:29:01.593+0000] {processor.py:830} INFO - Processing file /home/airflow/.local/lib/python3.12/site-packages/airflow/example_dags/tutorial_dag.py for tasks to queue
[2026-07-31T11:29:01.601+0000] {logging_mixin.py:188} INFO - [2026-07-31T11:29:01.600+0000] {dagbag.py:545} INFO - Filling up the DagBag from /home/airflow/.local/lib/python3.12/site-packages/airflow/example_dags/tutorial_dag.py
[2026-07-31T11:29:01.619+0000] {processor.py:840} INFO - DAG(s) 'tutorial_dag' retrieved from /home/airflow/.local/lib/python3.12/site-packages/airflow/example_dags/tutorial_dag.py
[2026-07-31T11:29:01.681+0000] {logging_mixin.py:188} INFO - [2026-07-31T11:29:01.680+0000] {dag.py:3089} INFO - Sync 1 DAGs
[2026-07-31T11:29:01.753+0000] {logging_mixin.py:188} INFO - [2026-07-31T11:29:01.752+0000] {dag.py:3947} INFO - Setting next_dagrun for tutorial_dag to None, run_after=None
[2026-07-31T11:29:01.805+0000] {processor.py:183} INFO - Processing /home/airflow/.local/lib/python3.12/site-packages/airflow/example_dags/tutorial_dag.py took 0.235 seconds
[2026-07-31T11:29:50.605+0000] {processor.py:161} INFO - Started process (PID=3366) to work on /home/airflow/.local/lib/python3.12/site-packages/airflow/example_dags/tutorial_dag.py
[2026-07-31T11:29:50.623+0000] {processor.py:830} INFO - Processing file /home/airflow/.local/lib/python3.12/site-packages/airflow/example_dags/tutorial_dag.py for tasks to queue
[2026-07-31T11:29:50.648+0000] {logging_mixin.py:188} INFO - [2026-07-31T11:29:50.641+0000] {dagbag.py:545} INFO - Filling up the DagBag from /home/airflow/.local/lib/python3.12/site-packages/airflow/example_dags/tutorial_dag.py
[2026-07-31T11:29:50.727+0000] {processor.py:840} INFO - DAG(s) 'tutorial_dag' retrieved from /home/airflow/.local/lib/python3.12/site-packages/airflow/example_dags/tutorial_dag.py
[2026-07-31T11:29:51.402+0000] {logging_mixin.py:188} INFO - [2026-07-31T11:29:51.396+0000] {dag.py:3089} INFO - Sync 1 DAGs
[2026-07-31T11:29:51.621+0000] {logging_mixin.py:188} INFO - [2026-07-31T11:29:51.621+0000] {dag.py:3947} INFO - Setting next_dagrun for tutorial_dag to None, run_after=None
[2026-07-31T11:29:51.791+0000] {processor.py:183} INFO - Processing /home/airflow/.local/lib/python3.12/site-packages/airflow/example_dags/tutorial_dag.py took 1.262 seconds
[2026-07-31T11:30:33.791+0000] {processor.py:161} INFO - Started process (PID=3425) to work on /home/airflow/.local/lib/python3.12/site-packages/airflow/example_dags/tutorial_dag.py
[2026-07-31T11:30:33.798+0000] {processor.py:830} INFO - Processing file /home/airflow/.local/lib/python3.12/site-packages/airflow/example_dags/tutorial_dag.py for tasks to queue
[2026-07-31T11:30:33.810+0000] {logging_mixin.py:188} INFO - [2026-07-31T11:30:33.806+0000] {dagbag.py:545} INFO - Filling up the DagBag from /home/airflow/.local/lib/python3.12/site-packages/airflow/example_dags/tutorial_dag.py
[2026-07-31T11:30:33.856+0000] {processor.py:840} INFO - DAG(s) 'tutorial_dag' retrieved from /home/airflow/.local/lib/python3.12/site-packages/airflow/example_dags/tutorial_dag.py
[2026-07-31T11:30:34.553+0000] {logging_mixin.py:188} INFO - [2026-07-31T11:30:34.552+0000] {dag.py:3089} INFO - Sync 1 DAGs
[2026-07-31T11:30:34.943+0000] {logging_mixin.py:188} INFO - [2026-07-31T11:30:34.942+0000] {dag.py:3947} INFO - Setting next_dagrun for tutorial_dag to None, run_after=None
[2026-07-31T11:30:35.219+0000] {processor.py:183} INFO - Processing /home/airflow/.local/lib/python3.12/site-packages/airflow/example_dags/tutorial_dag.py took 1.484 seconds
[2026-07-31T11:31:05.428+0000] {processor.py:161} INFO - Started process (PID=3483) to work on /home/airflow/.local/lib/python3.12/site-packages/airflow/example_dags/tutorial_dag.py
[2026-07-31T11:31:05.433+0000] {processor.py:830} INFO - Processing file /home/airflow/.local/lib/python3.12/site-packages/airflow/example_dags/tutorial_dag.py for tasks to queue
[2026-07-31T11:31:05.440+0000] {logging_mixin.py:188} INFO - [2026-07-31T11:31:05.439+0000] {dagbag.py:545} INFO - Filling up the DagBag from /home/airflow/.local/lib/python3.12/site-packages/airflow/example_dags/tutorial_dag.py
[2026-07-31T11:31:05.472+0000] {processor.py:840} INFO - DAG(s) 'tutorial_dag' retrieved from /home/airflow/.local/lib/python3.12/site-packages/airflow/example_dags/tutorial_dag.py
[2026-07-31T11:31:05.550+0000] {logging_mixin.py:188} INFO - [2026-07-31T11:31:05.549+0000] {dag.py:3089} INFO - Sync 1 DAGs
[2026-07-31T11:31:05.594+0000] {logging_mixin.py:188} INFO - [2026-07-31T11:31:05.593+0000] {dag.py:3947} INFO - Setting next_dagrun for tutorial_dag to None, run_after=None
[2026-07-31T11:31:05.655+0000] {processor.py:183} INFO - Processing /home/airflow/.local/lib/python3.12/site-packages/airflow/example_dags/tutorial_dag.py took 0.243 seconds
[2026-07-31T11:31:35.750+0000] {processor.py:161} INFO - Started process (PID=3541) to work on /home/airflow/.local/lib/python3.12/site-packages/airflow/example_dags/tutorial_dag.py
[2026-07-31T11:31:35.753+0000] {processor.py:830} INFO - Processing file /home/airflow/.local/lib/python3.12/site-packages/airflow/example_dags/tutorial_dag.py for tasks to queue
[2026-07-31T11:31:35.759+0000] {logging_mixin.py:188} INFO - [2026-07-31T11:31:35.758+0000] {dagbag.py:545} INFO - Filling up the DagBag from /home/airflow/.local/lib/python3.12/site-packages/airflow/example_dags/tutorial_dag.py
[2026-07-31T11:31:35.778+0000] {processor.py:840} INFO - DAG(s) 'tutorial_dag' retrieved from /home/airflow/.local/lib/python3.12/site-packages/airflow/example_dags/tutorial_dag.py
[2026-07-31T11:31:35.840+0000] {logging_mixin.py:188} INFO - [2026-07-31T11:31:35.838+0000] {dag.py:3089} INFO - Sync 1 DAGs
[2026-07-31T11:31:35.872+0000] {logging_mixin.py:188} INFO - [2026-07-31T11:31:35.871+0000] {dag.py:3947} INFO - Setting next_dagrun for tutorial_dag to None, run_after=None
[2026-07-31T11:31:35.916+0000] {processor.py:183} INFO - Processing /home/airflow/.local/lib/python3.12/site-packages/airflow/example_dags/tutorial_dag.py took 0.184 seconds
[2026-07-31T11:32:06.266+0000] {processor.py:161} INFO - Started process (PID=3599) to work on /home/airflow/.local/lib/python3.12/site-packages/airflow/example_dags/tutorial_dag.py
[2026-07-31T11:32:06.269+0000] {processor.py:830} INFO - Processing file /home/airflow/.local/lib/python3.12/site-packages/airflow/example_dags/tutorial_dag.py for tasks to queue
[2026-07-31T11:32:06.274+0000] {logging_mixin.py:188} INFO - [2026-07-31T11:32:06.273+0000] {dagbag.py:545} INFO - Filling up the DagBag from /home/airflow/.local/lib/python3.12/site-packages/airflow/example_dags/tutorial_dag.py
[2026-07-31T11:32:06.288+0000] {processor.py:840} INFO - DAG(s) 'tutorial_dag' retrieved from /home/airflow/.local/lib/python3.12/site-packages/airflow/example_dags/tutorial_dag.py
[2026-07-31T11:32:06.337+0000] {logging_mixin.py:188} INFO - [2026-07-31T11:32:06.336+0000] {dag.py:3089} INFO - Sync 1 DAGs
[2026-07-31T11:32:06.382+0000] {logging_mixin.py:188} INFO - [2026-07-31T11:32:06.381+0000] {dag.py:3947} INFO - Setting next_dagrun for tutorial_dag to None, run_after=None
[2026-07-31T11:32:06.449+0000] {processor.py:183} INFO - Processing /home/airflow/.local/lib/python3.12/site-packages/airflow/example_dags/tutorial_dag.py took 0.197 seconds
[2026-07-31T11:32:40.547+0000] {processor.py:161} INFO - Started process (PID=3655) to work on /home/airflow/.local/lib/python3.12/site-packages/airflow/example_dags/tutorial_dag.py
[2026-07-31T11:32:40.566+0000] {processor.py:830} INFO - Processing file /home/airflow/.local/lib/python3.12/site-packages/airflow/example_dags/tutorial_dag.py for tasks to queue
[2026-07-31T11:32:40.589+0000] {logging_mixin.py:188} INFO - [2026-07-31T11:32:40.588+0000] {dagbag.py:545} INFO - Filling up the DagBag from /home/airflow/.local/lib/python3.12/site-packages/airflow/example_dags/tutorial_dag.py
[2026-07-31T11:32:40.651+0000] {processor.py:840} INFO - DAG(s) 'tutorial_dag' retrieved from /home/airflow/.local/lib/python3.12/site-packages/airflow/example_dags/tutorial_dag.py
[2026-07-31T11:32:40.996+0000] {logging_mixin.py:188} INFO - [2026-07-31T11:32:40.996+0000] {dag.py:3089} INFO - Sync 1 DAGs
[2026-07-31T11:32:41.170+0000] {logging_mixin.py:188} INFO - [2026-07-31T11:32:41.169+0000] {dag.py:3947} INFO - Setting next_dagrun for tutorial_dag to None, run_after=None
[2026-07-31T11:32:41.276+0000] {processor.py:183} INFO - Processing /home/airflow/.local/lib/python3.12/site-packages/airflow/example_dags/tutorial_dag.py took 0.771 seconds
[2026-07-31T11:33:30.679+0000] {processor.py:161} INFO - Started process (PID=3717) to work on /home/airflow/.local/lib/python3.12/site-packages/airflow/example_dags/tutorial_dag.py
[2026-07-31T11:33:30.702+0000] {processor.py:830} INFO - Processing file /home/airflow/.local/lib/python3.12/site-packages/airflow/example_dags/tutorial_dag.py for tasks to queue
[2026-07-31T11:33:30.735+0000] {logging_mixin.py:188} INFO - [2026-07-31T11:33:30.733+0000] {dagbag.py:545} INFO - Filling up the DagBag from /home/airflow/.local/lib/python3.12/site-packages/airflow/example_dags/tutorial_dag.py
[2026-07-31T11:33:31.265+0000] {processor.py:840} INFO - DAG(s) 'tutorial_dag' retrieved from /home/airflow/.local/lib/python3.12/site-packages/airflow/example_dags/tutorial_dag.py
[2026-07-31T11:33:33.324+0000] {logging_mixin.py:188} INFO - [2026-07-31T11:33:33.323+0000] {dag.py:3089} INFO - Sync 1 DAGs
[2026-07-31T11:33:33.550+0000] {logging_mixin.py:188} INFO - [2026-07-31T11:33:33.549+0000] {dag.py:3947} INFO - Setting next_dagrun for tutorial_dag to None, run_after=None
[2026-07-31T11:33:34.111+0000] {processor.py:183} INFO - Processing /home/airflow/.local/lib/python3.12/site-packages/airflow/example_dags/tutorial_dag.py took 3.480 seconds
[2026-07-31T11:34:35.130+0000] {processor.py:161} INFO - Started process (PID=3760) to work on /home/airflow/.local/lib/python3.12/site-packages/airflow/example_dags/tutorial_dag.py
[2026-07-31T11:34:35.133+0000] {processor.py:830} INFO - Processing file /home/airflow/.local/lib/python3.12/site-packages/airflow/example_dags/tutorial_dag.py for tasks to queue
[2026-07-31T11:34:35.137+0000] {logging_mixin.py:188} INFO - [2026-07-31T11:34:35.136+0000] {dagbag.py:545} INFO - Filling up the DagBag from /home/airflow/.local/lib/python3.12/site-packages/airflow/example_dags/tutorial_dag.py
[2026-07-31T11:34:35.151+0000] {processor.py:840} INFO - DAG(s) 'tutorial_dag' retrieved from /home/airflow/.local/lib/python3.12/site-packages/airflow/example_dags/tutorial_dag.py
[2026-07-31T11:34:35.197+0000] {logging_mixin.py:188} INFO - [2026-07-31T11:34:35.196+0000] {dag.py:3089} INFO - Sync 1 DAGs
[2026-07-31T11:34:35.228+0000] {logging_mixin.py:188} INFO - [2026-07-31T11:34:35.227+0000] {dag.py:3947} INFO - Setting next_dagrun for tutorial_dag to None, run_after=None
[2026-07-31T11:34:35.273+0000] {processor.py:183} INFO - Processing /home/airflow/.local/lib/python3.12/site-packages/airflow/example_dags/tutorial_dag.py took 0.161 seconds
[2026-07-31T11:35:05.539+0000] {processor.py:161} INFO - Started process (PID=3819) to work on /home/airflow/.local/lib/python3.12/site-packages/airflow/example_dags/tutorial_dag.py
[2026-07-31T11:35:05.541+0000] {processor.py:830} INFO - Processing file /home/airflow/.local/lib/python3.12/site-packages/airflow/example_dags/tutorial_dag.py for tasks to queue
[2026-07-31T11:35:05.545+0000] {logging_mixin.py:188} INFO - [2026-07-31T11:35:05.544+0000] {dagbag.py:545} INFO - Filling up the DagBag from /home/airflow/.local/lib/python3.12/site-packages/airflow/example_dags/tutorial_dag.py
[2026-07-31T11:35:05.560+0000] {processor.py:840} INFO - DAG(s) 'tutorial_dag' retrieved from /home/airflow/.local/lib/python3.12/site-packages/airflow/example_dags/tutorial_dag.py
[2026-07-31T11:35:05.615+0000] {logging_mixin.py:188} INFO - [2026-07-31T11:35:05.614+0000] {dag.py:3089} INFO - Sync 1 DAGs
[2026-07-31T11:35:05.658+0000] {logging_mixin.py:188} INFO - [2026-07-31T11:35:05.658+0000] {dag.py:3947} INFO - Setting next_dagrun for tutorial_dag to None, run_after=None
[2026-07-31T11:35:05.713+0000] {processor.py:183} INFO - Processing /home/airflow/.local/lib/python3.12/site-packages/airflow/example_dags/tutorial_dag.py took 0.188 seconds
[2026-07-31T11:35:37.600+0000] {processor.py:161} INFO - Started process (PID=3877) to work on /home/airflow/.local/lib/python3.12/site-packages/airflow/example_dags/tutorial_dag.py
[2026-07-31T11:35:37.603+0000] {processor.py:830} INFO - Processing file /home/airflow/.local/lib/python3.12/site-packages/airflow/example_dags/tutorial_dag.py for tasks to queue
[2026-07-31T11:35:37.606+0000] {logging_mixin.py:188} INFO - [2026-07-31T11:35:37.605+0000] {dagbag.py:545} INFO - Filling up the DagBag from /home/airflow/.local/lib/python3.12/site-packages/airflow/example_dags/tutorial_dag.py
[2026-07-31T11:35:37.618+0000] {processor.py:840} INFO - DAG(s) 'tutorial_dag' retrieved from /home/airflow/.local/lib/python3.12/site-packages/airflow/example_dags/tutorial_dag.py
[2026-07-31T11:35:37.652+0000] {logging_mixin.py:188} INFO - [2026-07-31T11:35:37.652+0000] {dag.py:3089} INFO - Sync 1 DAGs
[2026-07-31T11:35:37.691+0000] {logging_mixin.py:188} INFO - [2026-07-31T11:35:37.690+0000] {dag.py:3947} INFO - Setting next_dagrun for tutorial_dag to None, run_after=None
[2026-07-31T11:35:37.769+0000] {processor.py:183} INFO - Processing /home/airflow/.local/lib/python3.12/site-packages/airflow/example_dags/tutorial_dag.py took 0.183 seconds
[2026-07-31T11:36:08.304+0000] {processor.py:161} INFO - Started process (PID=3934) to work on /home/airflow/.local/lib/python3.12/site-packages/airflow/example_dags/tutorial_dag.py
[2026-07-31T11:36:08.306+0000] {processor.py:830} INFO - Processing file /home/airflow/.local/lib/python3.12/site-packages/airflow/example_dags/tutorial_dag.py for tasks to queue
[2026-07-31T11:36:08.311+0000] {logging_mixin.py:188} INFO - [2026-07-31T11:36:08.310+0000] {dagbag.py:545} INFO - Filling up the DagBag from /home/airflow/.local/lib/python3.12/site-packages/airflow/example_dags/tutorial_dag.py
[2026-07-31T11:36:08.327+0000] {processor.py:840} INFO - DAG(s) 'tutorial_dag' retrieved from /home/airflow/.local/lib/python3.12/site-packages/airflow/example_dags/tutorial_dag.py
[2026-07-31T11:36:08.438+0000] {logging_mixin.py:188} INFO - [2026-07-31T11:36:08.438+0000] {dag.py:3089} INFO - Sync 1 DAGs
[2026-07-31T11:36:08.476+0000] {logging_mixin.py:188} INFO - [2026-07-31T11:36:08.475+0000] {dag.py:3947} INFO - Setting next_dagrun for tutorial_dag to None, run_after=None
[2026-07-31T11:36:08.531+0000] {processor.py:183} INFO - Processing /home/airflow/.local/lib/python3.12/site-packages/airflow/example_dags/tutorial_dag.py took 0.244 seconds
[2026-07-31T11:36:39.965+0000] {processor.py:161} INFO - Started process (PID=3992) to work on /home/airflow/.local/lib/python3.12/site-packages/airflow/example_dags/tutorial_dag.py
[2026-07-31T11:36:39.968+0000] {processor.py:830} INFO - Processing file /home/airflow/.local/lib/python3.12/site-packages/airflow/example_dags/tutorial_dag.py for tasks to queue
[2026-07-31T11:36:39.973+0000] {logging_mixin.py:188} INFO - [2026-07-31T11:36:39.972+0000] {dagbag.py:545} INFO - Filling up the DagBag from /home/airflow/.local/lib/python3.12/site-packages/airflow/example_dags/tutorial_dag.py
[2026-07-31T11:36:39.984+0000] {processor.py:840} INFO - DAG(s) 'tutorial_dag' retrieved from /home/airflow/.local/lib/python3.12/site-packages/airflow/example_dags/tutorial_dag.py
[2026-07-31T11:36:40.036+0000] {logging_mixin.py:188} INFO - [2026-07-31T11:36:40.035+0000] {dag.py:3089} INFO - Sync 1 DAGs
[2026-07-31T11:36:40.073+0000] {logging_mixin.py:188} INFO - [2026-07-31T11:36:40.072+0000] {dag.py:3947} INFO - Setting next_dagrun for tutorial_dag to None, run_after=None
[2026-07-31T11:36:40.150+0000] {processor.py:183} INFO - Processing /home/airflow/.local/lib/python3.12/site-packages/airflow/example_dags/tutorial_dag.py took 0.202 seconds
[2026-07-31T11:37:10.895+0000] {processor.py:161} INFO - Started process (PID=4051) to work on /home/airflow/.local/lib/python3.12/site-packages/airflow/example_dags/tutorial_dag.py
[2026-07-31T11:37:10.898+0000] {processor.py:830} INFO - Processing file /home/airflow/.local/lib/python3.12/site-packages/airflow/example_dags/tutorial_dag.py for tasks to queue
[2026-07-31T11:37:10.904+0000] {logging_mixin.py:188} INFO - [2026-07-31T11:37:10.903+0000] {dagbag.py:545} INFO - Filling up the DagBag from /home/airflow/.local/lib/python3.12/site-packages/airflow/example_dags/tutorial_dag.py
[2026-07-31T11:37:10.921+0000] {processor.py:840} INFO - DAG(s) 'tutorial_dag' retrieved from /home/airflow/.local/lib/python3.12/site-packages/airflow/example_dags/tutorial_dag.py
[2026-07-31T11:37:10.973+0000] {logging_mixin.py:188} INFO - [2026-07-31T11:37:10.973+0000] {dag.py:3089} INFO - Sync 1 DAGs
[2026-07-31T11:37:11.004+0000] {logging_mixin.py:188} INFO - [2026-07-31T11:37:11.003+0000] {dag.py:3947} INFO - Setting next_dagrun for tutorial_dag to None, run_after=None
[2026-07-31T11:37:11.050+0000] {processor.py:183} INFO - Processing /home/airflow/.local/lib/python3.12/site-packages/airflow/example_dags/tutorial_dag.py took 0.172 seconds
[2026-07-31T11:37:41.331+0000] {processor.py:161} INFO - Started process (PID=4109) to work on /home/airflow/.local/lib/python3.12/site-packages/airflow/example_dags/tutorial_dag.py
[2026-07-31T11:37:41.333+0000] {processor.py:830} INFO - Processing file /home/airflow/.local/lib/python3.12/site-packages/airflow/example_dags/tutorial_dag.py for tasks to queue
[2026-07-31T11:37:41.337+0000] {logging_mixin.py:188} INFO - [2026-07-31T11:37:41.336+0000] {dagbag.py:545} INFO - Filling up the DagBag from /home/airflow/.local/lib/python3.12/site-packages/airflow/example_dags/tutorial_dag.py
[2026-07-31T11:37:41.347+0000] {processor.py:840} INFO - DAG(s) 'tutorial_dag' retrieved from /home/airflow/.local/lib/python3.12/site-packages/airflow/example_dags/tutorial_dag.py
[2026-07-31T11:37:41.382+0000] {logging_mixin.py:188} INFO - [2026-07-31T11:37:41.381+0000] {dag.py:3089} INFO - Sync 1 DAGs
[2026-07-31T11:37:41.408+0000] {logging_mixin.py:188} INFO - [2026-07-31T11:37:41.408+0000] {dag.py:3947} INFO - Setting next_dagrun for tutorial_dag to None, run_after=None
[2026-07-31T11:37:41.443+0000] {processor.py:183} INFO - Processing /home/airflow/.local/lib/python3.12/site-packages/airflow/example_dags/tutorial_dag.py took 0.125 seconds
[2026-07-31T11:38:12.079+0000] {processor.py:161} INFO - Started process (PID=4167) to work on /home/airflow/.local/lib/python3.12/site-packages/airflow/example_dags/tutorial_dag.py
[2026-07-31T11:38:12.081+0000] {processor.py:830} INFO - Processing file /home/airflow/.local/lib/python3.12/site-packages/airflow/example_dags/tutorial_dag.py for tasks to queue
[2026-07-31T11:38:12.085+0000] {logging_mixin.py:188} INFO - [2026-07-31T11:38:12.085+0000] {dagbag.py:545} INFO - Filling up the DagBag from /home/airflow/.local/lib/python3.12/site-packages/airflow/example_dags/tutorial_dag.py
[2026-07-31T11:38:12.097+0000] {processor.py:840} INFO - DAG(s) 'tutorial_dag' retrieved from /home/airflow/.local/lib/python3.12/site-packages/airflow/example_dags/tutorial_dag.py
[2026-07-31T11:38:12.211+0000] {logging_mixin.py:188} INFO - [2026-07-31T11:38:12.211+0000] {dag.py:3089} INFO - Sync 1 DAGs
[2026-07-31T11:38:12.302+0000] {logging_mixin.py:188} INFO - [2026-07-31T11:38:12.301+0000] {dag.py:3947} INFO - Setting next_dagrun for tutorial_dag to None, run_after=None
[2026-07-31T11:38:12.376+0000] {processor.py:183} INFO - Processing /home/airflow/.local/lib/python3.12/site-packages/airflow/example_dags/tutorial_dag.py took 0.310 seconds
[2026-07-31T11:38:42.726+0000] {processor.py:161} INFO - Started process (PID=4225) to work on /home/airflow/.local/lib/python3.12/site-packages/airflow/example_dags/tutorial_dag.py
[2026-07-31T11:38:42.729+0000] {processor.py:830} INFO - Processing file /home/airflow/.local/lib/python3.12/site-packages/airflow/example_dags/tutorial_dag.py for tasks to queue
[2026-07-31T11:38:42.737+0000] {logging_mixin.py:188} INFO - [2026-07-31T11:38:42.734+0000] {dagbag.py:545} INFO - Filling up the DagBag from /home/airflow/.local/lib/python3.12/site-packages/airflow/example_dags/tutorial_dag.py
[2026-07-31T11:38:42.762+0000] {processor.py:840} INFO - DAG(s) 'tutorial_dag' retrieved from /home/airflow/.local/lib/python3.12/site-packages/airflow/example_dags/tutorial_dag.py
[2026-07-31T11:38:42.824+0000] {logging_mixin.py:188} INFO - [2026-07-31T11:38:42.823+0000] {dag.py:3089} INFO - Sync 1 DAGs
[2026-07-31T11:38:42.866+0000] {logging_mixin.py:188} INFO - [2026-07-31T11:38:42.865+0000] {dag.py:3947} INFO - Setting next_dagrun for tutorial_dag to None, run_after=None
[2026-07-31T11:38:42.938+0000] {processor.py:183} INFO - Processing /home/airflow/.local/lib/python3.12/site-packages/airflow/example_dags/tutorial_dag.py took 0.229 seconds
[2026-07-31T11:39:14.853+0000] {processor.py:161} INFO - Started process (PID=4289) to work on /home/airflow/.local/lib/python3.12/site-packages/airflow/example_dags/tutorial_dag.py
[2026-07-31T11:39:14.857+0000] {processor.py:830} INFO - Processing file /home/airflow/.local/lib/python3.12/site-packages/airflow/example_dags/tutorial_dag.py for tasks to queue
[2026-07-31T11:39:14.862+0000] {logging_mixin.py:188} INFO - [2026-07-31T11:39:14.862+0000] {dagbag.py:545} INFO - Filling up the DagBag from /home/airflow/.local/lib/python3.12/site-packages/airflow/example_dags/tutorial_dag.py
[2026-07-31T11:39:14.880+0000] {processor.py:840} INFO - DAG(s) 'tutorial_dag' retrieved from /home/airflow/.local/lib/python3.12/site-packages/airflow/example_dags/tutorial_dag.py
[2026-07-31T11:39:14.926+0000] {logging_mixin.py:188} INFO - [2026-07-31T11:39:14.925+0000] {dag.py:3089} INFO - Sync 1 DAGs
[2026-07-31T11:39:14.972+0000] {logging_mixin.py:188} INFO - [2026-07-31T11:39:14.971+0000] {dag.py:3947} INFO - Setting next_dagrun for tutorial_dag to None, run_after=None
[2026-07-31T11:39:15.066+0000] {processor.py:183} INFO - Processing /home/airflow/.local/lib/python3.12/site-packages/airflow/example_dags/tutorial_dag.py took 0.264 seconds
[2026-07-31T11:39:45.323+0000] {processor.py:161} INFO - Started process (PID=4347) to work on /home/airflow/.local/lib/python3.12/site-packages/airflow/example_dags/tutorial_dag.py
[2026-07-31T11:39:45.324+0000] {processor.py:830} INFO - Processing file /home/airflow/.local/lib/python3.12/site-packages/airflow/example_dags/tutorial_dag.py for tasks to queue
[2026-07-31T11:39:45.328+0000] {logging_mixin.py:188} INFO - [2026-07-31T11:39:45.327+0000] {dagbag.py:545} INFO - Filling up the DagBag from /home/airflow/.local/lib/python3.12/site-packages/airflow/example_dags/tutorial_dag.py
[2026-07-31T11:39:45.336+0000] {processor.py:840} INFO - DAG(s) 'tutorial_dag' retrieved from /home/airflow/.local/lib/python3.12/site-packages/airflow/example_dags/tutorial_dag.py
[2026-07-31T11:39:45.365+0000] {logging_mixin.py:188} INFO - [2026-07-31T11:39:45.365+0000] {dag.py:3089} INFO - Sync 1 DAGs
[2026-07-31T11:39:45.382+0000] {logging_mixin.py:188} INFO - [2026-07-31T11:39:45.382+0000] {dag.py:3947} INFO - Setting next_dagrun for tutorial_dag to None, run_after=None
[2026-07-31T11:39:45.408+0000] {processor.py:183} INFO - Processing /home/airflow/.local/lib/python3.12/site-packages/airflow/example_dags/tutorial_dag.py took 0.093 seconds
[2026-07-31T11:40:16.073+0000] {processor.py:161} INFO - Started process (PID=4405) to work on /home/airflow/.local/lib/python3.12/site-packages/airflow/example_dags/tutorial_dag.py
[2026-07-31T11:40:16.075+0000] {processor.py:830} INFO - Processing file /home/airflow/.local/lib/python3.12/site-packages/airflow/example_dags/tutorial_dag.py for tasks to queue
[2026-07-31T11:40:16.079+0000] {logging_mixin.py:188} INFO - [2026-07-31T11:40:16.078+0000] {dagbag.py:545} INFO - Filling up the DagBag from /home/airflow/.local/lib/python3.12/site-packages/airflow/example_dags/tutorial_dag.py
[2026-07-31T11:40:16.090+0000] {processor.py:840} INFO - DAG(s) 'tutorial_dag' retrieved from /home/airflow/.local/lib/python3.12/site-packages/airflow/example_dags/tutorial_dag.py
[2026-07-31T11:40:16.124+0000] {logging_mixin.py:188} INFO - [2026-07-31T11:40:16.124+0000] {dag.py:3089} INFO - Sync 1 DAGs
[2026-07-31T11:40:16.145+0000] {logging_mixin.py:188} INFO - [2026-07-31T11:40:16.145+0000] {dag.py:3947} INFO - Setting next_dagrun for tutorial_dag to None, run_after=None
[2026-07-31T11:40:16.186+0000] {processor.py:183} INFO - Processing /home/airflow/.local/lib/python3.12/site-packages/airflow/example_dags/tutorial_dag.py took 0.121 seconds
[2026-07-31T11:40:47.200+0000] {processor.py:161} INFO - Started process (PID=4463) to work on /home/airflow/.local/lib/python3.12/site-packages/airflow/example_dags/tutorial_dag.py
[2026-07-31T11:40:47.204+0000] {processor.py:830} INFO - Processing file /home/airflow/.local/lib/python3.12/site-packages/airflow/example_dags/tutorial_dag.py for tasks to queue
[2026-07-31T11:40:47.213+0000] {logging_mixin.py:188} INFO - [2026-07-31T11:40:47.211+0000] {dagbag.py:545} INFO - Filling up the DagBag from /home/airflow/.local/lib/python3.12/site-packages/airflow/example_dags/tutorial_dag.py
[2026-07-31T11:40:47.243+0000] {processor.py:840} INFO - DAG(s) 'tutorial_dag' retrieved from /home/airflow/.local/lib/python3.12/site-packages/airflow/example_dags/tutorial_dag.py
[2026-07-31T11:40:47.343+0000] {logging_mixin.py:188} INFO - [2026-07-31T11:40:47.342+0000] {dag.py:3089} INFO - Sync 1 DAGs
[2026-07-31T11:40:47.410+0000] {logging_mixin.py:188} INFO - [2026-07-31T11:40:47.410+0000] {dag.py:3947} INFO - Setting next_dagrun for tutorial_dag to None, run_after=None
[2026-07-31T11:40:47.505+0000] {processor.py:183} INFO - Processing /home/airflow/.local/lib/python3.12/site-packages/airflow/example_dags/tutorial_dag.py took 0.326 seconds
[2026-07-31T11:41:18.021+0000] {processor.py:161} INFO - Started process (PID=4521) to work on /home/airflow/.local/lib/python3.12/site-packages/airflow/example_dags/tutorial_dag.py
[2026-07-31T11:41:18.023+0000] {processor.py:830} INFO - Processing file /home/airflow/.local/lib/python3.12/site-packages/airflow/example_dags/tutorial_dag.py for tasks to queue
[2026-07-31T11:41:18.027+0000] {logging_mixin.py:188} INFO - [2026-07-31T11:41:18.027+0000] {dagbag.py:545} INFO - Filling up the DagBag from /home/airflow/.local/lib/python3.12/site-packages/airflow/example_dags/tutorial_dag.py
[2026-07-31T11:41:18.038+0000] {processor.py:840} INFO - DAG(s) 'tutorial_dag' retrieved from /home/airflow/.local/lib/python3.12/site-packages/airflow/example_dags/tutorial_dag.py
[2026-07-31T11:41:18.076+0000] {logging_mixin.py:188} INFO - [2026-07-31T11:41:18.075+0000] {dag.py:3089} INFO - Sync 1 DAGs
[2026-07-31T11:41:18.104+0000] {logging_mixin.py:188} INFO - [2026-07-31T11:41:18.104+0000] {dag.py:3947} INFO - Setting next_dagrun for tutorial_dag to None, run_after=None
[2026-07-31T11:41:18.139+0000] {processor.py:183} INFO - Processing /home/airflow/.local/lib/python3.12/site-packages/airflow/example_dags/tutorial_dag.py took 0.134 seconds
[2026-07-31T11:41:48.798+0000] {processor.py:161} INFO - Started process (PID=4579) to work on /home/airflow/.local/lib/python3.12/site-packages/airflow/example_dags/tutorial_dag.py
[2026-07-31T11:41:48.804+0000] {processor.py:830} INFO - Processing file /home/airflow/.local/lib/python3.12/site-packages/airflow/example_dags/tutorial_dag.py for tasks to queue
[2026-07-31T11:41:48.819+0000] {logging_mixin.py:188} INFO - [2026-07-31T11:41:48.818+0000] {dagbag.py:545} INFO - Filling up the DagBag from /home/airflow/.local/lib/python3.12/site-packages/airflow/example_dags/tutorial_dag.py
[2026-07-31T11:41:48.845+0000] {processor.py:840} INFO - DAG(s) 'tutorial_dag' retrieved from /home/airflow/.local/lib/python3.12/site-packages/airflow/example_dags/tutorial_dag.py
[2026-07-31T11:41:48.907+0000] {logging_mixin.py:188} INFO - [2026-07-31T11:41:48.907+0000] {dag.py:3089} INFO - Sync 1 DAGs
[2026-07-31T11:41:48.948+0000] {logging_mixin.py:188} INFO - [2026-07-31T11:41:48.948+0000] {dag.py:3947} INFO - Setting next_dagrun for tutorial_dag to None, run_after=None
[2026-07-31T11:41:49.007+0000] {processor.py:183} INFO - Processing /home/airflow/.local/lib/python3.12/site-packages/airflow/example_dags/tutorial_dag.py took 0.258 seconds
[2026-07-31T11:42:19.898+0000] {processor.py:161} INFO - Started process (PID=4637) to work on /home/airflow/.local/lib/python3.12/site-packages/airflow/example_dags/tutorial_dag.py
[2026-07-31T11:42:19.900+0000] {processor.py:830} INFO - Processing file /home/airflow/.local/lib/python3.12/site-packages/airflow/example_dags/tutorial_dag.py for tasks to queue
[2026-07-31T11:42:19.904+0000] {logging_mixin.py:188} INFO - [2026-07-31T11:42:19.903+0000] {dagbag.py:545} INFO - Filling up the DagBag from /home/airflow/.local/lib/python3.12/site-packages/airflow/example_dags/tutorial_dag.py
[2026-07-31T11:42:19.914+0000] {processor.py:840} INFO - DAG(s) 'tutorial_dag' retrieved from /home/airflow/.local/lib/python3.12/site-packages/airflow/example_dags/tutorial_dag.py
[2026-07-31T11:42:19.962+0000] {logging_mixin.py:188} INFO - [2026-07-31T11:42:19.961+0000] {dag.py:3089} INFO - Sync 1 DAGs
[2026-07-31T11:42:19.997+0000] {logging_mixin.py:188} INFO - [2026-07-31T11:42:19.996+0000] {dag.py:3947} INFO - Setting next_dagrun for tutorial_dag to None, run_after=None
[2026-07-31T11:42:20.042+0000] {processor.py:183} INFO - Processing /home/airflow/.local/lib/python3.12/site-packages/airflow/example_dags/tutorial_dag.py took 0.156 seconds
[2026-07-31T11:42:50.623+0000] {processor.py:161} INFO - Started process (PID=4695) to work on /home/airflow/.local/lib/python3.12/site-packages/airflow/example_dags/tutorial_dag.py
[2026-07-31T11:42:50.624+0000] {processor.py:830} INFO - Processing file /home/airflow/.local/lib/python3.12/site-packages/airflow/example_dags/tutorial_dag.py for tasks to queue
[2026-07-31T11:42:50.627+0000] {logging_mixin.py:188} INFO - [2026-07-31T11:42:50.626+0000] {dagbag.py:545} INFO - Filling up the DagBag from /home/airflow/.local/lib/python3.12/site-packages/airflow/example_dags/tutorial_dag.py
[2026-07-31T11:42:50.633+0000] {processor.py:840} INFO - DAG(s) 'tutorial_dag' retrieved from /home/airflow/.local/lib/python3.12/site-packages/airflow/example_dags/tutorial_dag.py
[2026-07-31T11:42:50.662+0000] {logging_mixin.py:188} INFO - [2026-07-31T11:42:50.661+0000] {dag.py:3089} INFO - Sync 1 DAGs
[2026-07-31T11:42:50.681+0000] {logging_mixin.py:188} INFO - [2026-07-31T11:42:50.681+0000] {dag.py:3947} INFO - Setting next_dagrun for tutorial_dag to None, run_after=None
[2026-07-31T11:42:50.715+0000] {processor.py:183} INFO - Processing /home/airflow/.local/lib/python3.12/site-packages/airflow/example_dags/tutorial_dag.py took 0.100 seconds
[2026-07-31T11:43:20.763+0000] {processor.py:161} INFO - Started process (PID=4752) to work on /home/airflow/.local/lib/python3.12/site-packages/airflow/example_dags/tutorial_dag.py
[2026-07-31T11:43:20.764+0000] {processor.py:830} INFO - Processing file /home/airflow/.local/lib/python3.12/site-packages/airflow/example_dags/tutorial_dag.py for tasks to queue
[2026-07-31T11:43:20.767+0000] {logging_mixin.py:188} INFO - [2026-07-31T11:43:20.766+0000] {dagbag.py:545} INFO - Filling up the DagBag from /home/airflow/.local/lib/python3.12/site-packages/airflow/example_dags/tutorial_dag.py
[2026-07-31T11:43:20.775+0000] {processor.py:840} INFO - DAG(s) 'tutorial_dag' retrieved from /home/airflow/.local/lib/python3.12/site-packages/airflow/example_dags/tutorial_dag.py
[2026-07-31T11:43:20.798+0000] {logging_mixin.py:188} INFO - [2026-07-31T11:43:20.797+0000] {dag.py:3089} INFO - Sync 1 DAGs
[2026-07-31T11:43:20.814+0000] {logging_mixin.py:188} INFO - [2026-07-31T11:43:20.814+0000] {dag.py:3947} INFO - Setting next_dagrun for tutorial_dag to None, run_after=None
[2026-07-31T11:43:20.841+0000] {processor.py:183} INFO - Processing /home/airflow/.local/lib/python3.12/site-packages/airflow/example_dags/tutorial_dag.py took 0.086 seconds
[2026-07-31T11:43:51.413+0000] {processor.py:161} INFO - Started process (PID=4809) to work on /home/airflow/.local/lib/python3.12/site-packages/airflow/example_dags/tutorial_dag.py
[2026-07-31T11:43:51.414+0000] {processor.py:830} INFO - Processing file /home/airflow/.local/lib/python3.12/site-packages/airflow/example_dags/tutorial_dag.py for tasks to queue
[2026-07-31T11:43:51.417+0000] {logging_mixin.py:188} INFO - [2026-07-31T11:43:51.417+0000] {dagbag.py:545} INFO - Filling up the DagBag from /home/airflow/.local/lib/python3.12/site-packages/airflow/example_dags/tutorial_dag.py
[2026-07-31T11:43:51.424+0000] {processor.py:840} INFO - DAG(s) 'tutorial_dag' retrieved from /home/airflow/.local/lib/python3.12/site-packages/airflow/example_dags/tutorial_dag.py
[2026-07-31T11:43:51.449+0000] {logging_mixin.py:188} INFO - [2026-07-31T11:43:51.449+0000] {dag.py:3089} INFO - Sync 1 DAGs
[2026-07-31T11:43:51.468+0000] {logging_mixin.py:188} INFO - [2026-07-31T11:43:51.468+0000] {dag.py:3947} INFO - Setting next_dagrun for tutorial_dag to None, run_after=None
[2026-07-31T11:43:51.496+0000] {processor.py:183} INFO - Processing /home/airflow/.local/lib/python3.12/site-packages/airflow/example_dags/tutorial_dag.py took 0.093 seconds
[2026-07-31T11:44:21.712+0000] {processor.py:161} INFO - Started process (PID=4867) to work on /home/airflow/.local/lib/python3.12/site-packages/airflow/example_dags/tutorial_dag.py
[2026-07-31T11:44:21.714+0000] {processor.py:830} INFO - Processing file /home/airflow/.local/lib/python3.12/site-packages/airflow/example_dags/tutorial_dag.py for tasks to queue
[2026-07-31T11:44:21.718+0000] {logging_mixin.py:188} INFO - [2026-07-31T11:44:21.718+0000] {dagbag.py:545} INFO - Filling up the DagBag from /home/airflow/.local/lib/python3.12/site-packages/airflow/example_dags/tutorial_dag.py
[2026-07-31T11:44:21.729+0000] {processor.py:840} INFO - DAG(s) 'tutorial_dag' retrieved from /home/airflow/.local/lib/python3.12/site-packages/airflow/example_dags/tutorial_dag.py
[2026-07-31T11:44:21.793+0000] {logging_mixin.py:188} INFO - [2026-07-31T11:44:21.792+0000] {dag.py:3089} INFO - Sync 1 DAGs
[2026-07-31T11:44:21.833+0000] {logging_mixin.py:188} INFO - [2026-07-31T11:44:21.832+0000] {dag.py:3947} INFO - Setting next_dagrun for tutorial_dag to None, run_after=None
[2026-07-31T11:44:21.873+0000] {processor.py:183} INFO - Processing /home/airflow/.local/lib/python3.12/site-packages/airflow/example_dags/tutorial_dag.py took 0.173 seconds
[2026-07-31T11:44:52.255+0000] {processor.py:161} INFO - Started process (PID=4925) to work on /home/airflow/.local/lib/python3.12/site-packages/airflow/example_dags/tutorial_dag.py
[2026-07-31T11:44:52.258+0000] {processor.py:830} INFO - Processing file /home/airflow/.local/lib/python3.12/site-packages/airflow/example_dags/tutorial_dag.py for tasks to queue
[2026-07-31T11:44:52.262+0000] {logging_mixin.py:188} INFO - [2026-07-31T11:44:52.262+0000] {dagbag.py:545} INFO - Filling up the DagBag from /home/airflow/.local/lib/python3.12/site-packages/airflow/example_dags/tutorial_dag.py
[2026-07-31T11:44:52.273+0000] {processor.py:840} INFO - DAG(s) 'tutorial_dag' retrieved from /home/airflow/.local/lib/python3.12/site-packages/airflow/example_dags/tutorial_dag.py
[2026-07-31T11:44:52.316+0000] {logging_mixin.py:188} INFO - [2026-07-31T11:44:52.316+0000] {dag.py:3089} INFO - Sync 1 DAGs
[2026-07-31T11:44:52.343+0000] {logging_mixin.py:188} INFO - [2026-07-31T11:44:52.342+0000] {dag.py:3947} INFO - Setting next_dagrun for tutorial_dag to None, run_after=None
[2026-07-31T11:44:52.385+0000] {processor.py:183} INFO - Processing /home/airflow/.local/lib/python3.12/site-packages/airflow/example_dags/tutorial_dag.py took 0.140 seconds
[2026-07-31T11:45:22.516+0000] {processor.py:161} INFO - Started process (PID=4982) to work on /home/airflow/.local/lib/python3.12/site-packages/airflow/example_dags/tutorial_dag.py
[2026-07-31T11:45:22.519+0000] {processor.py:830} INFO - Processing file /home/airflow/.local/lib/python3.12/site-packages/airflow/example_dags/tutorial_dag.py for tasks to queue
[2026-07-31T11:45:22.522+0000] {logging_mixin.py:188} INFO - [2026-07-31T11:45:22.522+0000] {dagbag.py:545} INFO - Filling up the DagBag from /home/airflow/.local/lib/python3.12/site-packages/airflow/example_dags/tutorial_dag.py
[2026-07-31T11:45:22.531+0000] {processor.py:840} INFO - DAG(s) 'tutorial_dag' retrieved from /home/airflow/.local/lib/python3.12/site-packages/airflow/example_dags/tutorial_dag.py
[2026-07-31T11:45:22.576+0000] {logging_mixin.py:188} INFO - [2026-07-31T11:45:22.575+0000] {dag.py:3089} INFO - Sync 1 DAGs
[2026-07-31T11:45:22.605+0000] {logging_mixin.py:188} INFO - [2026-07-31T11:45:22.604+0000] {dag.py:3947} INFO - Setting next_dagrun for tutorial_dag to None, run_after=None
[2026-07-31T11:45:22.636+0000] {processor.py:183} INFO - Processing /home/airflow/.local/lib/python3.12/site-packages/airflow/example_dags/tutorial_dag.py took 0.131 seconds
[2026-07-31T11:45:53.084+0000] {processor.py:161} INFO - Started process (PID=5040) to work on /home/airflow/.local/lib/python3.12/site-packages/airflow/example_dags/tutorial_dag.py
[2026-07-31T11:45:53.085+0000] {processor.py:830} INFO - Processing file /home/airflow/.local/lib/python3.12/site-packages/airflow/example_dags/tutorial_dag.py for tasks to queue
[2026-07-31T11:45:53.088+0000] {logging_mixin.py:188} INFO - [2026-07-31T11:45:53.088+0000] {dagbag.py:545} INFO - Filling up the DagBag from /home/airflow/.local/lib/python3.12/site-packages/airflow/example_dags/tutorial_dag.py
[2026-07-31T11:45:53.097+0000] {processor.py:840} INFO - DAG(s) 'tutorial_dag' retrieved from /home/airflow/.local/lib/python3.12/site-packages/airflow/example_dags/tutorial_dag.py
[2026-07-31T11:45:53.121+0000] {logging_mixin.py:188} INFO - [2026-07-31T11:45:53.120+0000] {dag.py:3089} INFO - Sync 1 DAGs
[2026-07-31T11:45:53.136+0000] {logging_mixin.py:188} INFO - [2026-07-31T11:45:53.136+0000] {dag.py:3947} INFO - Setting next_dagrun for tutorial_dag to None, run_after=None
[2026-07-31T11:45:53.166+0000] {processor.py:183} INFO - Processing /home/airflow/.local/lib/python3.12/site-packages/airflow/example_dags/tutorial_dag.py took 0.090 seconds
[2026-07-31T11:46:23.540+0000] {processor.py:161} INFO - Started process (PID=5098) to work on /home/airflow/.local/lib/python3.12/site-packages/airflow/example_dags/tutorial_dag.py
[2026-07-31T11:46:23.542+0000] {processor.py:830} INFO - Processing file /home/airflow/.local/lib/python3.12/site-packages/airflow/example_dags/tutorial_dag.py for tasks to queue
[2026-07-31T11:46:23.544+0000] {logging_mixin.py:188} INFO - [2026-07-31T11:46:23.544+0000] {dagbag.py:545} INFO - Filling up the DagBag from /home/airflow/.local/lib/python3.12/site-packages/airflow/example_dags/tutorial_dag.py
[2026-07-31T11:46:23.554+0000] {processor.py:840} INFO - DAG(s) 'tutorial_dag' retrieved from /home/airflow/.local/lib/python3.12/site-packages/airflow/example_dags/tutorial_dag.py
[2026-07-31T11:46:23.585+0000] {logging_mixin.py:188} INFO - [2026-07-31T11:46:23.585+0000] {dag.py:3089} INFO - Sync 1 DAGs
[2026-07-31T11:46:23.607+0000] {logging_mixin.py:188} INFO - [2026-07-31T11:46:23.606+0000] {dag.py:3947} INFO - Setting next_dagrun for tutorial_dag to None, run_after=None
[2026-07-31T11:46:23.638+0000] {processor.py:183} INFO - Processing /home/airflow/.local/lib/python3.12/site-packages/airflow/example_dags/tutorial_dag.py took 0.107 seconds
[2026-07-31T11:46:54.028+0000] {processor.py:161} INFO - Started process (PID=5156) to work on /home/airflow/.local/lib/python3.12/site-packages/airflow/example_dags/tutorial_dag.py
[2026-07-31T11:46:54.029+0000] {processor.py:830} INFO - Processing file /home/airflow/.local/lib/python3.12/site-packages/airflow/example_dags/tutorial_dag.py for tasks to queue
[2026-07-31T11:46:54.032+0000] {logging_mixin.py:188} INFO - [2026-07-31T11:46:54.031+0000] {dagbag.py:545} INFO - Filling up the DagBag from /home/airflow/.local/lib/python3.12/site-packages/airflow/example_dags/tutorial_dag.py
[2026-07-31T11:46:54.038+0000] {processor.py:840} INFO - DAG(s) 'tutorial_dag' retrieved from /home/airflow/.local/lib/python3.12/site-packages/airflow/example_dags/tutorial_dag.py
[2026-07-31T11:46:54.063+0000] {logging_mixin.py:188} INFO - [2026-07-31T11:46:54.063+0000] {dag.py:3089} INFO - Sync 1 DAGs
[2026-07-31T11:46:54.080+0000] {logging_mixin.py:188} INFO - [2026-07-31T11:46:54.079+0000] {dag.py:3947} INFO - Setting next_dagrun for tutorial_dag to None, run_after=None
[2026-07-31T11:46:54.105+0000] {processor.py:183} INFO - Processing /home/airflow/.local/lib/python3.12/site-packages/airflow/example_dags/tutorial_dag.py took 0.085 seconds
[2026-07-31T11:47:24.603+0000] {processor.py:161} INFO - Started process (PID=5214) to work on /home/airflow/.local/lib/python3.12/site-packages/airflow/example_dags/tutorial_dag.py
[2026-07-31T11:47:24.605+0000] {processor.py:830} INFO - Processing file /home/airflow/.local/lib/python3.12/site-packages/airflow/example_dags/tutorial_dag.py for tasks to queue
[2026-07-31T11:47:24.608+0000] {logging_mixin.py:188} INFO - [2026-07-31T11:47:24.607+0000] {dagbag.py:545} INFO - Filling up the DagBag from /home/airflow/.local/lib/python3.12/site-packages/airflow/example_dags/tutorial_dag.py
[2026-07-31T11:47:24.616+0000] {processor.py:840} INFO - DAG(s) 'tutorial_dag' retrieved from /home/airflow/.local/lib/python3.12/site-packages/airflow/example_dags/tutorial_dag.py
[2026-07-31T11:47:24.642+0000] {logging_mixin.py:188} INFO - [2026-07-31T11:47:24.641+0000] {dag.py:3089} INFO - Sync 1 DAGs
[2026-07-31T11:47:24.669+0000] {logging_mixin.py:188} INFO - [2026-07-31T11:47:24.668+0000] {dag.py:3947} INFO - Setting next_dagrun for tutorial_dag to None, run_after=None
[2026-07-31T11:47:24.714+0000] {processor.py:183} INFO - Processing /home/airflow/.local/lib/python3.12/site-packages/airflow/example_dags/tutorial_dag.py took 0.119 seconds
[2026-07-31T11:47:54.780+0000] {processor.py:161} INFO - Started process (PID=5271) to work on /home/airflow/.local/lib/python3.12/site-packages/airflow/example_dags/tutorial_dag.py
[2026-07-31T11:47:54.781+0000] {processor.py:830} INFO - Processing file /home/airflow/.local/lib/python3.12/site-packages/airflow/example_dags/tutorial_dag.py for tasks to queue
[2026-07-31T11:47:54.784+0000] {logging_mixin.py:188} INFO - [2026-07-31T11:47:54.783+0000] {dagbag.py:545} INFO - Filling up the DagBag from /home/airflow/.local/lib/python3.12/site-packages/airflow/example_dags/tutorial_dag.py
[2026-07-31T11:47:54.791+0000] {processor.py:840} INFO - DAG(s) 'tutorial_dag' retrieved from /home/airflow/.local/lib/python3.12/site-packages/airflow/example_dags/tutorial_dag.py
[2026-07-31T11:47:54.831+0000] {logging_mixin.py:188} INFO - [2026-07-31T11:47:54.830+0000] {dag.py:3089} INFO - Sync 1 DAGs
[2026-07-31T11:47:54.859+0000] {logging_mixin.py:188} INFO - [2026-07-31T11:47:54.858+0000] {dag.py:3947} INFO - Setting next_dagrun for tutorial_dag to None, run_after=None
[2026-07-31T11:47:54.888+0000] {processor.py:183} INFO - Processing /home/airflow/.local/lib/python3.12/site-packages/airflow/example_dags/tutorial_dag.py took 0.115 seconds
[2026-07-31T11:48:24.953+0000] {processor.py:161} INFO - Started process (PID=5329) to work on /home/airflow/.local/lib/python3.12/site-packages/airflow/example_dags/tutorial_dag.py
[2026-07-31T11:48:24.955+0000] {processor.py:830} INFO - Processing file /home/airflow/.local/lib/python3.12/site-packages/airflow/example_dags/tutorial_dag.py for tasks to queue
[2026-07-31T11:48:24.957+0000] {logging_mixin.py:188} INFO - [2026-07-31T11:48:24.957+0000] {dagbag.py:545} INFO - Filling up the DagBag from /home/airflow/.local/lib/python3.12/site-packages/airflow/example_dags/tutorial_dag.py
[2026-07-31T11:48:24.964+0000] {processor.py:840} INFO - DAG(s) 'tutorial_dag' retrieved from /home/airflow/.local/lib/python3.12/site-packages/airflow/example_dags/tutorial_dag.py
[2026-07-31T11:48:24.990+0000] {logging_mixin.py:188} INFO - [2026-07-31T11:48:24.990+0000] {dag.py:3089} INFO - Sync 1 DAGs
[2026-07-31T11:48:25.007+0000] {logging_mixin.py:188} INFO - [2026-07-31T11:48:25.007+0000] {dag.py:3947} INFO - Setting next_dagrun for tutorial_dag to None, run_after=None
[2026-07-31T11:48:25.032+0000] {processor.py:183} INFO - Processing /home/airflow/.local/lib/python3.12/site-packages/airflow/example_dags/tutorial_dag.py took 0.085 seconds
[2026-07-31T11:48:55.423+0000] {processor.py:161} INFO - Started process (PID=5388) to work on /home/airflow/.local/lib/python3.12/site-packages/airflow/example_dags/tutorial_dag.py
[2026-07-31T11:48:55.425+0000] {processor.py:830} INFO - Processing file /home/airflow/.local/lib/python3.12/site-packages/airflow/example_dags/tutorial_dag.py for tasks to queue
[2026-07-31T11:48:55.427+0000] {logging_mixin.py:188} INFO - [2026-07-31T11:48:55.427+0000] {dagbag.py:545} INFO - Filling up the DagBag from /home/airflow/.local/lib/python3.12/site-packages/airflow/example_dags/tutorial_dag.py
[2026-07-31T11:48:55.434+0000] {processor.py:840} INFO - DAG(s) 'tutorial_dag' retrieved from /home/airflow/.local/lib/python3.12/site-packages/airflow/example_dags/tutorial_dag.py
[2026-07-31T11:48:55.466+0000] {logging_mixin.py:188} INFO - [2026-07-31T11:48:55.465+0000] {dag.py:3089} INFO - Sync 1 DAGs
[2026-07-31T11:48:55.492+0000] {logging_mixin.py:188} INFO - [2026-07-31T11:48:55.492+0000] {dag.py:3947} INFO - Setting next_dagrun for tutorial_dag to None, run_after=None
[2026-07-31T11:48:55.525+0000] {processor.py:183} INFO - Processing /home/airflow/.local/lib/python3.12/site-packages/airflow/example_dags/tutorial_dag.py took 0.109 seconds
[2026-07-31T11:49:26.043+0000] {processor.py:161} INFO - Started process (PID=5446) to work on /home/airflow/.local/lib/python3.12/site-packages/airflow/example_dags/tutorial_dag.py
[2026-07-31T11:49:26.045+0000] {processor.py:830} INFO - Processing file /home/airflow/.local/lib/python3.12/site-packages/airflow/example_dags/tutorial_dag.py for tasks to queue
[2026-07-31T11:49:26.047+0000] {logging_mixin.py:188} INFO - [2026-07-31T11:49:26.047+0000] {dagbag.py:545} INFO - Filling up the DagBag from /home/airflow/.local/lib/python3.12/site-packages/airflow/example_dags/tutorial_dag.py
[2026-07-31T11:49:26.055+0000] {processor.py:840} INFO - DAG(s) 'tutorial_dag' retrieved from /home/airflow/.local/lib/python3.12/site-packages/airflow/example_dags/tutorial_dag.py
[2026-07-31T11:49:26.081+0000] {logging_mixin.py:188} INFO - [2026-07-31T11:49:26.081+0000] {dag.py:3089} INFO - Sync 1 DAGs
[2026-07-31T11:49:26.098+0000] {logging_mixin.py:188} INFO - [2026-07-31T11:49:26.098+0000] {dag.py:3947} INFO - Setting next_dagrun for tutorial_dag to None, run_after=None
[2026-07-31T11:49:26.122+0000] {processor.py:183} INFO - Processing /home/airflow/.local/lib/python3.12/site-packages/airflow/example_dags/tutorial_dag.py took 0.086 seconds
[2026-07-31T11:49:56.767+0000] {processor.py:161} INFO - Started process (PID=5504) to work on /home/airflow/.local/lib/python3.12/site-packages/airflow/example_dags/tutorial_dag.py
[2026-07-31T11:49:56.768+0000] {processor.py:830} INFO - Processing file /home/airflow/.local/lib/python3.12/site-packages/airflow/example_dags/tutorial_dag.py for tasks to queue
[2026-07-31T11:49:56.771+0000] {logging_mixin.py:188} INFO - [2026-07-31T11:49:56.770+0000] {dagbag.py:545} INFO - Filling up the DagBag from /home/airflow/.local/lib/python3.12/site-packages/airflow/example_dags/tutorial_dag.py
[2026-07-31T11:49:56.778+0000] {processor.py:840} INFO - DAG(s) 'tutorial_dag' retrieved from /home/airflow/.local/lib/python3.12/site-packages/airflow/example_dags/tutorial_dag.py
[2026-07-31T11:49:56.802+0000] {logging_mixin.py:188} INFO - [2026-07-31T11:49:56.802+0000] {dag.py:3089} INFO - Sync 1 DAGs
[2026-07-31T11:49:56.818+0000] {logging_mixin.py:188} INFO - [2026-07-31T11:49:56.818+0000] {dag.py:3947} INFO - Setting next_dagrun for tutorial_dag to None, run_after=None
[2026-07-31T11:49:56.842+0000] {processor.py:183} INFO - Processing /home/airflow/.local/lib/python3.12/site-packages/airflow/example_dags/tutorial_dag.py took 0.081 seconds
[2026-07-31T11:50:27.185+0000] {processor.py:161} INFO - Started process (PID=5562) to work on /home/airflow/.local/lib/python3.12/site-packages/airflow/example_dags/tutorial_dag.py
[2026-07-31T11:50:27.186+0000] {processor.py:830} INFO - Processing file /home/airflow/.local/lib/python3.12/site-packages/airflow/example_dags/tutorial_dag.py for tasks to queue
[2026-07-31T11:50:27.189+0000] {logging_mixin.py:188} INFO - [2026-07-31T11:50:27.188+0000] {dagbag.py:545} INFO - Filling up the DagBag from /home/airflow/.local/lib/python3.12/site-packages/airflow/example_dags/tutorial_dag.py
[2026-07-31T11:50:27.196+0000] {processor.py:840} INFO - DAG(s) 'tutorial_dag' retrieved from /home/airflow/.local/lib/python3.12/site-packages/airflow/example_dags/tutorial_dag.py
[2026-07-31T11:50:27.222+0000] {logging_mixin.py:188} INFO - [2026-07-31T11:50:27.222+0000] {dag.py:3089} INFO - Sync 1 DAGs
[2026-07-31T11:50:27.244+0000] {logging_mixin.py:188} INFO - [2026-07-31T11:50:27.244+0000] {dag.py:3947} INFO - Setting next_dagrun for tutorial_dag to None, run_after=None
[2026-07-31T11:50:27.269+0000] {processor.py:183} INFO - Processing /home/airflow/.local/lib/python3.12/site-packages/airflow/example_dags/tutorial_dag.py took 0.091 seconds
[2026-07-31T11:50:57.542+0000] {processor.py:161} INFO - Started process (PID=5620) to work on /home/airflow/.local/lib/python3.12/site-packages/airflow/example_dags/tutorial_dag.py
[2026-07-31T11:50:57.544+0000] {processor.py:830} INFO - Processing file /home/airflow/.local/lib/python3.12/site-packages/airflow/example_dags/tutorial_dag.py for tasks to queue
[2026-07-31T11:50:57.546+0000] {logging_mixin.py:188} INFO - [2026-07-31T11:50:57.545+0000] {dagbag.py:545} INFO - Filling up the DagBag from /home/airflow/.local/lib/python3.12/site-packages/airflow/example_dags/tutorial_dag.py
[2026-07-31T11:50:57.552+0000] {processor.py:840} INFO - DAG(s) 'tutorial_dag' retrieved from /home/airflow/.local/lib/python3.12/site-packages/airflow/example_dags/tutorial_dag.py
[2026-07-31T11:50:57.575+0000] {logging_mixin.py:188} INFO - [2026-07-31T11:50:57.575+0000] {dag.py:3089} INFO - Sync 1 DAGs
[2026-07-31T11:50:57.591+0000] {logging_mixin.py:188} INFO - [2026-07-31T11:50:57.591+0000] {dag.py:3947} INFO - Setting next_dagrun for tutorial_dag to None, run_after=None
[2026-07-31T11:50:57.615+0000] {processor.py:183} INFO - Processing /home/airflow/.local/lib/python3.12/site-packages/airflow/example_dags/tutorial_dag.py took 0.078 seconds
[2026-07-31T11:51:27.707+0000] {processor.py:161} INFO - Started process (PID=5678) to work on /home/airflow/.local/lib/python3.12/site-packages/airflow/example_dags/tutorial_dag.py
[2026-07-31T11:51:27.708+0000] {processor.py:830} INFO - Processing file /home/airflow/.local/lib/python3.12/site-packages/airflow/example_dags/tutorial_dag.py for tasks to queue
[2026-07-31T11:51:27.711+0000] {logging_mixin.py:188} INFO - [2026-07-31T11:51:27.711+0000] {dagbag.py:545} INFO - Filling up the DagBag from /home/airflow/.local/lib/python3.12/site-packages/airflow/example_dags/tutorial_dag.py
[2026-07-31T11:51:27.719+0000] {processor.py:840} INFO - DAG(s) 'tutorial_dag' retrieved from /home/airflow/.local/lib/python3.12/site-packages/airflow/example_dags/tutorial_dag.py
[2026-07-31T11:51:27.744+0000] {logging_mixin.py:188} INFO - [2026-07-31T11:51:27.744+0000] {dag.py:3089} INFO - Sync 1 DAGs
[2026-07-31T11:51:27.759+0000] {logging_mixin.py:188} INFO - [2026-07-31T11:51:27.759+0000] {dag.py:3947} INFO - Setting next_dagrun for tutorial_dag to None, run_after=None
[2026-07-31T11:51:27.784+0000] {processor.py:183} INFO - Processing /home/airflow/.local/lib/python3.12/site-packages/airflow/example_dags/tutorial_dag.py took 0.086 seconds
[2026-07-31T11:51:58.229+0000] {processor.py:161} INFO - Started process (PID=5735) to work on /home/airflow/.local/lib/python3.12/site-packages/airflow/example_dags/tutorial_dag.py
[2026-07-31T11:51:58.230+0000] {processor.py:830} INFO - Processing file /home/airflow/.local/lib/python3.12/site-packages/airflow/example_dags/tutorial_dag.py for tasks to queue
[2026-07-31T11:51:58.233+0000] {logging_mixin.py:188} INFO - [2026-07-31T11:51:58.233+0000] {dagbag.py:545} INFO - Filling up the DagBag from /home/airflow/.local/lib/python3.12/site-packages/airflow/example_dags/tutorial_dag.py
[2026-07-31T11:51:58.241+0000] {processor.py:840} INFO - DAG(s) 'tutorial_dag' retrieved from /home/airflow/.local/lib/python3.12/site-packages/airflow/example_dags/tutorial_dag.py
[2026-07-31T11:51:58.266+0000] {logging_mixin.py:188} INFO - [2026-07-31T11:51:58.266+0000] {dag.py:3089} INFO - Sync 1 DAGs
[2026-07-31T11:51:58.282+0000] {logging_mixin.py:188} INFO - [2026-07-31T11:51:58.282+0000] {dag.py:3947} INFO - Setting next_dagrun for tutorial_dag to None, run_after=None
[2026-07-31T11:51:58.305+0000] {processor.py:183} INFO - Processing /home/airflow/.local/lib/python3.12/site-packages/airflow/example_dags/tutorial_dag.py took 0.083 seconds
[2026-07-31T11:52:28.683+0000] {processor.py:161} INFO - Started process (PID=5793) to work on /home/airflow/.local/lib/python3.12/site-packages/airflow/example_dags/tutorial_dag.py
[2026-07-31T11:52:28.685+0000] {processor.py:830} INFO - Processing file /home/airflow/.local/lib/python3.12/site-packages/airflow/example_dags/tutorial_dag.py for tasks to queue
[2026-07-31T11:52:28.687+0000] {logging_mixin.py:188} INFO - [2026-07-31T11:52:28.687+0000] {dagbag.py:545} INFO - Filling up the DagBag from /home/airflow/.local/lib/python3.12/site-packages/airflow/example_dags/tutorial_dag.py
[2026-07-31T11:52:28.695+0000] {processor.py:840} INFO - DAG(s) 'tutorial_dag' retrieved from /home/airflow/.local/lib/python3.12/site-packages/airflow/example_dags/tutorial_dag.py
[2026-07-31T11:52:28.723+0000] {logging_mixin.py:188} INFO - [2026-07-31T11:52:28.723+0000] {dag.py:3089} INFO - Sync 1 DAGs
[2026-07-31T11:52:28.745+0000] {logging_mixin.py:188} INFO - [2026-07-31T11:52:28.745+0000] {dag.py:3947} INFO - Setting next_dagrun for tutorial_dag to None, run_after=None
[2026-07-31T11:52:28.773+0000] {processor.py:183} INFO - Processing /home/airflow/.local/lib/python3.12/site-packages/airflow/example_dags/tutorial_dag.py took 0.098 seconds
[2026-07-31T11:52:59.314+0000] {processor.py:161} INFO - Started process (PID=5851) to work on /home/airflow/.local/lib/python3.12/site-packages/airflow/example_dags/tutorial_dag.py
[2026-07-31T11:52:59.315+0000] {processor.py:830} INFO - Processing file /home/airflow/.local/lib/python3.12/site-packages/airflow/example_dags/tutorial_dag.py for tasks to queue
[2026-07-31T11:52:59.317+0000] {logging_mixin.py:188} INFO - [2026-07-31T11:52:59.316+0000] {dagbag.py:545} INFO - Filling up the DagBag from /home/airflow/.local/lib/python3.12/site-packages/airflow/example_dags/tutorial_dag.py
[2026-07-31T11:52:59.323+0000] {processor.py:840} INFO - DAG(s) 'tutorial_dag' retrieved from /home/airflow/.local/lib/python3.12/site-packages/airflow/example_dags/tutorial_dag.py
[2026-07-31T11:52:59.347+0000] {logging_mixin.py:188} INFO - [2026-07-31T11:52:59.347+0000] {dag.py:3089} INFO - Sync 1 DAGs
[2026-07-31T11:52:59.362+0000] {logging_mixin.py:188} INFO - [2026-07-31T11:52:59.362+0000] {dag.py:3947} INFO - Setting next_dagrun for tutorial_dag to None, run_after=None
[2026-07-31T11:52:59.386+0000] {processor.py:183} INFO - Processing /home/airflow/.local/lib/python3.12/site-packages/airflow/example_dags/tutorial_dag.py took 0.079 seconds
[2026-07-31T11:53:29.954+0000] {processor.py:161} INFO - Started process (PID=5909) to work on /home/airflow/.local/lib/python3.12/site-packages/airflow/example_dags/tutorial_dag.py
[2026-07-31T11:53:29.955+0000] {processor.py:830} INFO - Processing file /home/airflow/.local/lib/python3.12/site-packages/airflow/example_dags/tutorial_dag.py for tasks to queue
[2026-07-31T11:53:29.958+0000] {logging_mixin.py:188} INFO - [2026-07-31T11:53:29.957+0000] {dagbag.py:545} INFO - Filling up the DagBag from /home/airflow/.local/lib/python3.12/site-packages/airflow/example_dags/tutorial_dag.py
[2026-07-31T11:53:29.967+0000] {processor.py:840} INFO - DAG(s) 'tutorial_dag' retrieved from /home/airflow/.local/lib/python3.12/site-packages/airflow/example_dags/tutorial_dag.py
[2026-07-31T11:53:29.993+0000] {logging_mixin.py:188} INFO - [2026-07-31T11:53:29.993+0000] {dag.py:3089} INFO - Sync 1 DAGs
[2026-07-31T11:53:30.193+0000] {logging_mixin.py:188} INFO - [2026-07-31T11:53:30.192+0000] {dag.py:3947} INFO - Setting next_dagrun for tutorial_dag to None, run_after=None
[2026-07-31T11:53:30.223+0000] {processor.py:183} INFO - Processing /home/airflow/.local/lib/python3.12/site-packages/airflow/example_dags/tutorial_dag.py took 0.275 seconds
[2026-07-31T11:54:00.463+0000] {processor.py:161} INFO - Started process (PID=5967) to work on /home/airflow/.local/lib/python3.12/site-packages/airflow/example_dags/tutorial_dag.py
[2026-07-31T11:54:00.465+0000] {processor.py:830} INFO - Processing file /home/airflow/.local/lib/python3.12/site-packages/airflow/example_dags/tutorial_dag.py for tasks to queue
[2026-07-31T11:54:00.467+0000] {logging_mixin.py:188} INFO - [2026-07-31T11:54:00.467+0000] {dagbag.py:545} INFO - Filling up the DagBag from /home/airflow/.local/lib/python3.12/site-packages/airflow/example_dags/tutorial_dag.py
[2026-07-31T11:54:00.475+0000] {processor.py:840} INFO - DAG(s) 'tutorial_dag' retrieved from /home/airflow/.local/lib/python3.12/site-packages/airflow/example_dags/tutorial_dag.py
[2026-07-31T11:54:00.499+0000] {logging_mixin.py:188} INFO - [2026-07-31T11:54:00.499+0000] {dag.py:3089} INFO - Sync 1 DAGs
[2026-07-31T11:54:00.681+0000] {logging_mixin.py:188} INFO - [2026-07-31T11:54:00.680+0000] {dag.py:3947} INFO - Setting next_dagrun for tutorial_dag to None, run_after=None
[2026-07-31T11:54:00.709+0000] {processor.py:183} INFO - Processing /home/airflow/.local/lib/python3.12/site-packages/airflow/example_dags/tutorial_dag.py took 0.255 seconds
[2026-07-31T11:54:31.120+0000] {processor.py:161} INFO - Started process (PID=6026) to work on /home/airflow/.local/lib/python3.12/site-packages/airflow/example_dags/tutorial_dag.py
[2026-07-31T11:54:31.121+0000] {processor.py:830} INFO - Processing file /home/airflow/.local/lib/python3.12/site-packages/airflow/example_dags/tutorial_dag.py for tasks to queue
[2026-07-31T11:54:31.124+0000] {logging_mixin.py:188} INFO - [2026-07-31T11:54:31.123+0000] {dagbag.py:545} INFO - Filling up the DagBag from /home/airflow/.local/lib/python3.12/site-packages/airflow/example_dags/tutorial_dag.py
[2026-07-31T11:54:31.131+0000] {processor.py:840} INFO - DAG(s) 'tutorial_dag' retrieved from /home/airflow/.local/lib/python3.12/site-packages/airflow/example_dags/tutorial_dag.py
[2026-07-31T11:54:31.155+0000] {logging_mixin.py:188} INFO - [2026-07-31T11:54:31.154+0000] {dag.py:3089} INFO - Sync 1 DAGs
[2026-07-31T11:54:31.170+0000] {logging_mixin.py:188} INFO - [2026-07-31T11:54:31.170+0000] {dag.py:3947} INFO - Setting next_dagrun for tutorial_dag to None, run_after=None
[2026-07-31T11:54:31.197+0000] {processor.py:183} INFO - Processing /home/airflow/.local/lib/python3.12/site-packages/airflow/example_dags/tutorial_dag.py took 0.083 seconds
[2026-07-31T11:55:01.574+0000] {processor.py:161} INFO - Started process (PID=6084) to work on /home/airflow/.local/lib/python3.12/site-packages/airflow/example_dags/tutorial_dag.py
[2026-07-31T11:55:01.575+0000] {processor.py:830} INFO - Processing file /home/airflow/.local/lib/python3.12/site-packages/airflow/example_dags/tutorial_dag.py for tasks to queue
[2026-07-31T11:55:01.578+0000] {logging_mixin.py:188} INFO - [2026-07-31T11:55:01.577+0000] {dagbag.py:545} INFO - Filling up the DagBag from /home/airflow/.local/lib/python3.12/site-packages/airflow/example_dags/tutorial_dag.py
[2026-07-31T11:55:01.584+0000] {processor.py:840} INFO - DAG(s) 'tutorial_dag' retrieved from /home/airflow/.local/lib/python3.12/site-packages/airflow/example_dags/tutorial_dag.py
[2026-07-31T11:55:01.611+0000] {logging_mixin.py:188} INFO - [2026-07-31T11:55:01.611+0000] {dag.py:3089} INFO - Sync 1 DAGs
[2026-07-31T11:55:01.632+0000] {logging_mixin.py:188} INFO - [2026-07-31T11:55:01.632+0000] {dag.py:3947} INFO - Setting next_dagrun for tutorial_dag to None, run_after=None
[2026-07-31T11:55:01.663+0000] {processor.py:183} INFO - Processing /home/airflow/.local/lib/python3.12/site-packages/airflow/example_dags/tutorial_dag.py took 0.095 seconds
[2026-07-31T11:55:32.146+0000] {processor.py:161} INFO - Started process (PID=6142) to work on /home/airflow/.local/lib/python3.12/site-packages/airflow/example_dags/tutorial_dag.py
[2026-07-31T11:55:32.148+0000] {processor.py:830} INFO - Processing file /home/airflow/.local/lib/python3.12/site-packages/airflow/example_dags/tutorial_dag.py for tasks to queue
[2026-07-31T11:55:32.150+0000] {logging_mixin.py:188} INFO - [2026-07-31T11:55:32.150+0000] {dagbag.py:545} INFO - Filling up the DagBag from /home/airflow/.local/lib/python3.12/site-packages/airflow/example_dags/tutorial_dag.py
[2026-07-31T11:55:32.157+0000] {processor.py:840} INFO - DAG(s) 'tutorial_dag' retrieved from /home/airflow/.local/lib/python3.12/site-packages/airflow/example_dags/tutorial_dag.py
[2026-07-31T11:55:32.181+0000] {logging_mixin.py:188} INFO - [2026-07-31T11:55:32.180+0000] {dag.py:3089} INFO - Sync 1 DAGs
[2026-07-31T11:55:32.196+0000] {logging_mixin.py:188} INFO - [2026-07-31T11:55:32.196+0000] {dag.py:3947} INFO - Setting next_dagrun for tutorial_dag to None, run_after=None
[2026-07-31T11:55:32.220+0000] {processor.py:183} INFO - Processing /home/airflow/.local/lib/python3.12/site-packages/airflow/example_dags/tutorial_dag.py took 0.082 seconds
[2026-07-31T11:56:02.759+0000] {processor.py:161} INFO - Started process (PID=6201) to work on /home/airflow/.local/lib/python3.12/site-packages/airflow/example_dags/tutorial_dag.py
[2026-07-31T11:56:02.761+0000] {processor.py:830} INFO - Processing file /home/airflow/.local/lib/python3.12/site-packages/airflow/example_dags/tutorial_dag.py for tasks to queue
[2026-07-31T11:56:02.764+0000] {logging_mixin.py:188} INFO - [2026-07-31T11:56:02.763+0000] {dagbag.py:545} INFO - Filling up the DagBag from /home/airflow/.local/lib/python3.12/site-packages/airflow/example_dags/tutorial_dag.py
[2026-07-31T11:56:02.771+0000] {processor.py:840} INFO - DAG(s) 'tutorial_dag' retrieved from /home/airflow/.local/lib/python3.12/site-packages/airflow/example_dags/tutorial_dag.py
[2026-07-31T11:56:02.799+0000] {logging_mixin.py:188} INFO - [2026-07-31T11:56:02.799+0000] {dag.py:3089} INFO - Sync 1 DAGs
[2026-07-31T11:56:02.816+0000] {logging_mixin.py:188} INFO - [2026-07-31T11:56:02.815+0000] {dag.py:3947} INFO - Setting next_dagrun for tutorial_dag to None, run_after=None
[2026-07-31T11:56:02.840+0000] {processor.py:183} INFO - Processing /home/airflow/.local/lib/python3.12/site-packages/airflow/example_dags/tutorial_dag.py took 0.088 seconds
[2026-07-31T11:56:33.377+0000] {processor.py:161} INFO - Started process (PID=6259) to work on /home/airflow/.local/lib/python3.12/site-packages/airflow/example_dags/tutorial_dag.py
[2026-07-31T11:56:33.378+0000] {processor.py:830} INFO - Processing file /home/airflow/.local/lib/python3.12/site-packages/airflow/example_dags/tutorial_dag.py for tasks to queue
[2026-07-31T11:56:33.381+0000] {logging_mixin.py:188} INFO - [2026-07-31T11:56:33.381+0000] {dagbag.py:545} INFO - Filling up the DagBag from /home/airflow/.local/lib/python3.12/site-packages/airflow/example_dags/tutorial_dag.py
[2026-07-31T11:56:33.393+0000] {processor.py:840} INFO - DAG(s) 'tutorial_dag' retrieved from /home/airflow/.local/lib/python3.12/site-packages/airflow/example_dags/tutorial_dag.py
[2026-07-31T11:56:33.427+0000] {logging_mixin.py:188} INFO - [2026-07-31T11:56:33.427+0000] {dag.py:3089} INFO - Sync 1 DAGs
[2026-07-31T11:56:33.445+0000] {logging_mixin.py:188} INFO - [2026-07-31T11:56:33.445+0000] {dag.py:3947} INFO - Setting next_dagrun for tutorial_dag to None, run_after=None
[2026-07-31T11:56:33.473+0000] {processor.py:183} INFO - Processing /home/airflow/.local/lib/python3.12/site-packages/airflow/example_dags/tutorial_dag.py took 0.103 seconds
[2026-07-31T11:57:04.037+0000] {processor.py:161} INFO - Started process (PID=6317) to work on /home/airflow/.local/lib/python3.12/site-packages/airflow/example_dags/tutorial_dag.py
[2026-07-31T11:57:04.039+0000] {processor.py:830} INFO - Processing file /home/airflow/.local/lib/python3.12/site-packages/airflow/example_dags/tutorial_dag.py for tasks to queue
[2026-07-31T11:57:04.043+0000] {logging_mixin.py:188} INFO - [2026-07-31T11:57:04.042+0000] {dagbag.py:545} INFO - Filling up the DagBag from /home/airflow/.local/lib/python3.12/site-packages/airflow/example_dags/tutorial_dag.py
[2026-07-31T11:57:04.054+0000] {processor.py:840} INFO - DAG(s) 'tutorial_dag' retrieved from /home/airflow/.local/lib/python3.12/site-packages/airflow/example_dags/tutorial_dag.py
[2026-07-31T11:57:04.082+0000] {logging_mixin.py:188} INFO - [2026-07-31T11:57:04.082+0000] {dag.py:3089} INFO - Sync 1 DAGs
[2026-07-31T11:57:04.107+0000] {logging_mixin.py:188} INFO - [2026-07-31T11:57:04.106+0000] {dag.py:3947} INFO - Setting next_dagrun for tutorial_dag to None, run_after=None
[2026-07-31T11:57:04.141+0000] {processor.py:183} INFO - Processing /home/airflow/.local/lib/python3.12/site-packages/airflow/example_dags/tutorial_dag.py took 0.112 seconds
[2026-07-31T11:57:34.423+0000] {processor.py:161} INFO - Started process (PID=6375) to work on /home/airflow/.local/lib/python3.12/site-packages/airflow/example_dags/tutorial_dag.py
[2026-07-31T11:57:34.426+0000] {processor.py:830} INFO - Processing file /home/airflow/.local/lib/python3.12/site-packages/airflow/example_dags/tutorial_dag.py for tasks to queue
[2026-07-31T11:57:34.431+0000] {logging_mixin.py:188} INFO - [2026-07-31T11:57:34.431+0000] {dagbag.py:545} INFO - Filling up the DagBag from /home/airflow/.local/lib/python3.12/site-packages/airflow/example_dags/tutorial_dag.py
[2026-07-31T11:57:34.454+0000] {processor.py:840} INFO - DAG(s) 'tutorial_dag' retrieved from /home/airflow/.local/lib/python3.12/site-packages/airflow/example_dags/tutorial_dag.py
[2026-07-31T11:57:34.506+0000] {logging_mixin.py:188} INFO - [2026-07-31T11:57:34.505+0000] {dag.py:3089} INFO - Sync 1 DAGs
[2026-07-31T11:57:34.557+0000] {logging_mixin.py:188} INFO - [2026-07-31T11:57:34.556+0000] {dag.py:3947} INFO - Setting next_dagrun for tutorial_dag to None, run_after=None
[2026-07-31T11:57:34.636+0000] {processor.py:183} INFO - Processing /home/airflow/.local/lib/python3.12/site-packages/airflow/example_dags/tutorial_dag.py took 0.227 seconds
[2026-07-31T11:58:04.964+0000] {processor.py:161} INFO - Started process (PID=6434) to work on /home/airflow/.local/lib/python3.12/site-packages/airflow/example_dags/tutorial_dag.py
[2026-07-31T11:58:04.967+0000] {processor.py:830} INFO - Processing file /home/airflow/.local/lib/python3.12/site-packages/airflow/example_dags/tutorial_dag.py for tasks to queue
[2026-07-31T11:58:04.971+0000] {logging_mixin.py:188} INFO - [2026-07-31T11:58:04.970+0000] {dagbag.py:545} INFO - Filling up the DagBag from /home/airflow/.local/lib/python3.12/site-packages/airflow/example_dags/tutorial_dag.py
[2026-07-31T11:58:04.982+0000] {processor.py:840} INFO - DAG(s) 'tutorial_dag' retrieved from /home/airflow/.local/lib/python3.12/site-packages/airflow/example_dags/tutorial_dag.py
[2026-07-31T11:58:05.031+0000] {logging_mixin.py:188} INFO - [2026-07-31T11:58:05.031+0000] {dag.py:3089} INFO - Sync 1 DAGs
[2026-07-31T11:58:05.054+0000] {logging_mixin.py:188} INFO - [2026-07-31T11:58:05.053+0000] {dag.py:3947} INFO - Setting next_dagrun for tutorial_dag to None, run_after=None
[2026-07-31T11:58:05.084+0000] {processor.py:183} INFO - Processing /home/airflow/.local/lib/python3.12/site-packages/airflow/example_dags/tutorial_dag.py took 0.134 seconds
[2026-07-31T11:58:35.731+0000] {processor.py:161} INFO - Started process (PID=6492) to work on /home/airflow/.local/lib/python3.12/site-packages/airflow/example_dags/tutorial_dag.py
[2026-07-31T11:58:35.734+0000] {processor.py:830} INFO - Processing file /home/airflow/.local/lib/python3.12/site-packages/airflow/example_dags/tutorial_dag.py for tasks to queue
[2026-07-31T11:58:35.736+0000] {logging_mixin.py:188} INFO - [2026-07-31T11:58:35.736+0000] {dagbag.py:545} INFO - Filling up the DagBag from /home/airflow/.local/lib/python3.12/site-packages/airflow/example_dags/tutorial_dag.py
[2026-07-31T11:58:35.744+0000] {processor.py:840} INFO - DAG(s) 'tutorial_dag' retrieved from /home/airflow/.local/lib/python3.12/site-packages/airflow/example_dags/tutorial_dag.py
[2026-07-31T11:58:35.836+0000] {logging_mixin.py:188} INFO - [2026-07-31T11:58:35.835+0000] {dag.py:3089} INFO - Sync 1 DAGs
[2026-07-31T11:58:35.880+0000] {logging_mixin.py:188} INFO - [2026-07-31T11:58:35.880+0000] {dag.py:3947} INFO - Setting next_dagrun for tutorial_dag to None, run_after=None
[2026-07-31T11:58:35.914+0000] {processor.py:183} INFO - Processing /home/airflow/.local/lib/python3.12/site-packages/airflow/example_dags/tutorial_dag.py took 0.191 seconds
[2026-07-31T11:59:06.562+0000] {processor.py:161} INFO - Started process (PID=6550) to work on /home/airflow/.local/lib/python3.12/site-packages/airflow/example_dags/tutorial_dag.py
[2026-07-31T11:59:06.563+0000] {processor.py:830} INFO - Processing file /home/airflow/.local/lib/python3.12/site-packages/airflow/example_dags/tutorial_dag.py for tasks to queue
[2026-07-31T11:59:06.566+0000] {logging_mixin.py:188} INFO - [2026-07-31T11:59:06.565+0000] {dagbag.py:545} INFO - Filling up the DagBag from /home/airflow/.local/lib/python3.12/site-packages/airflow/example_dags/tutorial_dag.py
[2026-07-31T11:59:06.572+0000] {processor.py:840} INFO - DAG(s) 'tutorial_dag' retrieved from /home/airflow/.local/lib/python3.12/site-packages/airflow/example_dags/tutorial_dag.py
[2026-07-31T11:59:06.596+0000] {logging_mixin.py:188} INFO - [2026-07-31T11:59:06.596+0000] {dag.py:3089} INFO - Sync 1 DAGs
[2026-07-31T11:59:06.612+0000] {logging_mixin.py:188} INFO - [2026-07-31T11:59:06.611+0000] {dag.py:3947} INFO - Setting next_dagrun for tutorial_dag to None, run_after=None
[2026-07-31T11:59:06.637+0000] {processor.py:183} INFO - Processing /home/airflow/.local/lib/python3.12/site-packages/airflow/example_dags/tutorial_dag.py took 0.082 seconds
[2026-07-31T11:59:37.172+0000] {processor.py:161} INFO - Started process (PID=6608) to work on /home/airflow/.local/lib/python3.12/site-packages/airflow/example_dags/tutorial_dag.py
[2026-07-31T11:59:37.174+0000] {processor.py:830} INFO - Processing file /home/airflow/.local/lib/python3.12/site-packages/airflow/example_dags/tutorial_dag.py for tasks to queue
[2026-07-31T11:59:37.177+0000] {logging_mixin.py:188} INFO - [2026-07-31T11:59:37.177+0000] {dagbag.py:545} INFO - Filling up the DagBag from /home/airflow/.local/lib/python3.12/site-packages/airflow/example_dags/tutorial_dag.py
[2026-07-31T11:59:37.186+0000] {processor.py:840} INFO - DAG(s) 'tutorial_dag' retrieved from /home/airflow/.local/lib/python3.12/site-packages/airflow/example_dags/tutorial_dag.py
[2026-07-31T11:59:37.220+0000] {logging_mixin.py:188} INFO - [2026-07-31T11:59:37.220+0000] {dag.py:3089} INFO - Sync 1 DAGs
[2026-07-31T11:59:37.243+0000] {logging_mixin.py:188} INFO - [2026-07-31T11:59:37.242+0000] {dag.py:3947} INFO - Setting next_dagrun for tutorial_dag to None, run_after=None
[2026-07-31T11:59:37.271+0000] {processor.py:183} INFO - Processing /home/airflow/.local/lib/python3.12/site-packages/airflow/example_dags/tutorial_dag.py took 0.108 seconds
[2026-07-31T12:00:07.444+0000] {processor.py:161} INFO - Started process (PID=6666) to work on /home/airflow/.local/lib/python3.12/site-packages/airflow/example_dags/tutorial_dag.py
[2026-07-31T12:00:07.445+0000] {processor.py:830} INFO - Processing file /home/airflow/.local/lib/python3.12/site-packages/airflow/example_dags/tutorial_dag.py for tasks to queue
[2026-07-31T12:00:07.447+0000] {logging_mixin.py:188} INFO - [2026-07-31T12:00:07.447+0000] {dagbag.py:545} INFO - Filling up the DagBag from /home/airflow/.local/lib/python3.12/site-packages/airflow/example_dags/tutorial_dag.py
[2026-07-31T12:00:07.455+0000] {processor.py:840} INFO - DAG(s) 'tutorial_dag' retrieved from /home/airflow/.local/lib/python3.12/site-packages/airflow/example_dags/tutorial_dag.py
[2026-07-31T12:00:07.482+0000] {logging_mixin.py:188} INFO - [2026-07-31T12:00:07.482+0000] {dag.py:3089} INFO - Sync 1 DAGs
[2026-07-31T12:00:07.499+0000] {logging_mixin.py:188} INFO - [2026-07-31T12:00:07.499+0000] {dag.py:3947} INFO - Setting next_dagrun for tutorial_dag to None, run_after=None
[2026-07-31T12:00:07.528+0000] {processor.py:183} INFO - Processing /home/airflow/.local/lib/python3.12/site-packages/airflow/example_dags/tutorial_dag.py took 0.090 seconds
[2026-07-31T12:00:37.859+0000] {processor.py:161} INFO - Started process (PID=6724) to work on /home/airflow/.local/lib/python3.12/site-packages/airflow/example_dags/tutorial_dag.py
[2026-07-31T12:00:37.860+0000] {processor.py:830} INFO - Processing file /home/airflow/.local/lib/python3.12/site-packages/airflow/example_dags/tutorial_dag.py for tasks to queue
[2026-07-31T12:00:37.862+0000] {logging_mixin.py:188} INFO - [2026-07-31T12:00:37.862+0000] {dagbag.py:545} INFO - Filling up the DagBag from /home/airflow/.local/lib/python3.12/site-packages/airflow/example_dags/tutorial_dag.py
[2026-07-31T12:00:37.868+0000] {processor.py:840} INFO - DAG(s) 'tutorial_dag' retrieved from /home/airflow/.local/lib/python3.12/site-packages/airflow/example_dags/tutorial_dag.py
[2026-07-31T12:00:37.897+0000] {logging_mixin.py:188} INFO - [2026-07-31T12:00:37.896+0000] {dag.py:3089} INFO - Sync 1 DAGs
[2026-07-31T12:00:37.922+0000] {logging_mixin.py:188} INFO - [2026-07-31T12:00:37.922+0000] {dag.py:3947} INFO - Setting next_dagrun for tutorial_dag to None, run_after=None
[2026-07-31T12:00:37.947+0000] {processor.py:183} INFO - Processing /home/airflow/.local/lib/python3.12/site-packages/airflow/example_dags/tutorial_dag.py took 0.096 seconds
[2026-07-31T12:01:08.042+0000] {processor.py:161} INFO - Started process (PID=6782) to work on /home/airflow/.local/lib/python3.12/site-packages/airflow/example_dags/tutorial_dag.py
[2026-07-31T12:01:08.044+0000] {processor.py:830} INFO - Processing file /home/airflow/.local/lib/python3.12/site-packages/airflow/example_dags/tutorial_dag.py for tasks to queue
[2026-07-31T12:01:08.047+0000] {logging_mixin.py:188} INFO - [2026-07-31T12:01:08.046+0000] {dagbag.py:545} INFO - Filling up the DagBag from /home/airflow/.local/lib/python3.12/site-packages/airflow/example_dags/tutorial_dag.py
[2026-07-31T12:01:08.054+0000] {processor.py:840} INFO - DAG(s) 'tutorial_dag' retrieved from /home/airflow/.local/lib/python3.12/site-packages/airflow/example_dags/tutorial_dag.py
[2026-07-31T12:01:08.081+0000] {logging_mixin.py:188} INFO - [2026-07-31T12:01:08.081+0000] {dag.py:3089} INFO - Sync 1 DAGs
[2026-07-31T12:01:08.099+0000] {logging_mixin.py:188} INFO - [2026-07-31T12:01:08.099+0000] {dag.py:3947} INFO - Setting next_dagrun for tutorial_dag to None, run_after=None
[2026-07-31T12:01:08.129+0000] {processor.py:183} INFO - Processing /home/airflow/.local/lib/python3.12/site-packages/airflow/example_dags/tutorial_dag.py took 0.094 seconds
[2026-07-31T12:01:38.394+0000] {processor.py:161} INFO - Started process (PID=6840) to work on /home/airflow/.local/lib/python3.12/site-packages/airflow/example_dags/tutorial_dag.py
[2026-07-31T12:01:38.395+0000] {processor.py:830} INFO - Processing file /home/airflow/.local/lib/python3.12/site-packages/airflow/example_dags/tutorial_dag.py for tasks to queue
[2026-07-31T12:01:38.399+0000] {logging_mixin.py:188} INFO - [2026-07-31T12:01:38.398+0000] {dagbag.py:545} INFO - Filling up the DagBag from /home/airflow/.local/lib/python3.12/site-packages/airflow/example_dags/tutorial_dag.py
[2026-07-31T12:01:38.411+0000] {processor.py:840} INFO - DAG(s) 'tutorial_dag' retrieved from /home/airflow/.local/lib/python3.12/site-packages/airflow/example_dags/tutorial_dag.py
[2026-07-31T12:01:38.450+0000] {logging_mixin.py:188} INFO - [2026-07-31T12:01:38.449+0000] {dag.py:3089} INFO - Sync 1 DAGs
[2026-07-31T12:01:38.474+0000] {logging_mixin.py:188} INFO - [2026-07-31T12:01:38.473+0000] {dag.py:3947} INFO - Setting next_dagrun for tutorial_dag to None, run_after=None
[2026-07-31T12:01:38.525+0000] {processor.py:183} INFO - Processing /home/airflow/.local/lib/python3.12/site-packages/airflow/example_dags/tutorial_dag.py took 0.139 seconds
[2026-07-31T12:02:08.762+0000] {processor.py:161} INFO - Started process (PID=6898) to work on /home/airflow/.local/lib/python3.12/site-packages/airflow/example_dags/tutorial_dag.py
[2026-07-31T12:02:08.764+0000] {processor.py:830} INFO - Processing file /home/airflow/.local/lib/python3.12/site-packages/airflow/example_dags/tutorial_dag.py for tasks to queue
[2026-07-31T12:02:08.766+0000] {logging_mixin.py:188} INFO - [2026-07-31T12:02:08.766+0000] {dagbag.py:545} INFO - Filling up the DagBag from /home/airflow/.local/lib/python3.12/site-packages/airflow/example_dags/tutorial_dag.py
[2026-07-31T12:02:08.772+0000] {processor.py:840} INFO - DAG(s) 'tutorial_dag' retrieved from /home/airflow/.local/lib/python3.12/site-packages/airflow/example_dags/tutorial_dag.py
[2026-07-31T12:02:08.804+0000] {logging_mixin.py:188} INFO - [2026-07-31T12:02:08.803+0000] {dag.py:3089} INFO - Sync 1 DAGs
[2026-07-31T12:02:08.855+0000] {logging_mixin.py:188} INFO - [2026-07-31T12:02:08.855+0000] {dag.py:3947} INFO - Setting next_dagrun for tutorial_dag to None, run_after=None
[2026-07-31T12:02:08.923+0000] {processor.py:183} INFO - Processing /home/airflow/.local/lib/python3.12/site-packages/airflow/example_dags/tutorial_dag.py took 0.169 seconds
[2026-07-31T12:02:39.787+0000] {processor.py:161} INFO - Started process (PID=6955) to work on /home/airflow/.local/lib/python3.12/site-packages/airflow/example_dags/tutorial_dag.py
[2026-07-31T12:02:39.790+0000] {processor.py:830} INFO - Processing file /home/airflow/.local/lib/python3.12/site-packages/airflow/example_dags/tutorial_dag.py for tasks to queue
[2026-07-31T12:02:39.795+0000] {logging_mixin.py:188} INFO - [2026-07-31T12:02:39.794+0000] {dagbag.py:545} INFO - Filling up the DagBag from /home/airflow/.local/lib/python3.12/site-packages/airflow/example_dags/tutorial_dag.py
[2026-07-31T12:02:39.809+0000] {processor.py:840} INFO - DAG(s) 'tutorial_dag' retrieved from /home/airflow/.local/lib/python3.12/site-packages/airflow/example_dags/tutorial_dag.py
[2026-07-31T12:02:39.846+0000] {logging_mixin.py:188} INFO - [2026-07-31T12:02:39.846+0000] {dag.py:3089} INFO - Sync 1 DAGs
[2026-07-31T12:02:39.877+0000] {logging_mixin.py:188} INFO - [2026-07-31T12:02:39.877+0000] {dag.py:3947} INFO - Setting next_dagrun for tutorial_dag to None, run_after=None
[2026-07-31T12:02:39.909+0000] {processor.py:183} INFO - Processing /home/airflow/.local/lib/python3.12/site-packages/airflow/example_dags/tutorial_dag.py took 0.135 seconds
[2026-07-31T12:03:10.681+0000] {processor.py:161} INFO - Started process (PID=7012) to work on /home/airflow/.local/lib/python3.12/site-packages/airflow/example_dags/tutorial_dag.py
[2026-07-31T12:03:10.683+0000] {processor.py:830} INFO - Processing file /home/airflow/.local/lib/python3.12/site-packages/airflow/example_dags/tutorial_dag.py for tasks to queue
[2026-07-31T12:03:10.685+0000] {logging_mixin.py:188} INFO - [2026-07-31T12:03:10.685+0000] {dagbag.py:545} INFO - Filling up the DagBag from /home/airflow/.local/lib/python3.12/site-packages/airflow/example_dags/tutorial_dag.py
[2026-07-31T12:03:10.692+0000] {processor.py:840} INFO - DAG(s) 'tutorial_dag' retrieved from /home/airflow/.local/lib/python3.12/site-packages/airflow/example_dags/tutorial_dag.py
[2026-07-31T12:03:10.718+0000] {logging_mixin.py:188} INFO - [2026-07-31T12:03:10.718+0000] {dag.py:3089} INFO - Sync 1 DAGs
[2026-07-31T12:03:10.736+0000] {logging_mixin.py:188} INFO - [2026-07-31T12:03:10.736+0000] {dag.py:3947} INFO - Setting next_dagrun for tutorial_dag to None, run_after=None
[2026-07-31T12:03:10.760+0000] {processor.py:183} INFO - Processing /home/airflow/.local/lib/python3.12/site-packages/airflow/example_dags/tutorial_dag.py took 0.086 seconds
[2026-07-31T12:03:40.840+0000] {processor.py:161} INFO - Started process (PID=7070) to work on /home/airflow/.local/lib/python3.12/site-packages/airflow/example_dags/tutorial_dag.py
[2026-07-31T12:03:40.841+0000] {processor.py:830} INFO - Processing file /home/airflow/.local/lib/python3.12/site-packages/airflow/example_dags/tutorial_dag.py for tasks to queue
[2026-07-31T12:03:40.844+0000] {logging_mixin.py:188} INFO - [2026-07-31T12:03:40.843+0000] {dagbag.py:545} INFO - Filling up the DagBag from /home/airflow/.local/lib/python3.12/site-packages/airflow/example_dags/tutorial_dag.py
[2026-07-31T12:03:40.851+0000] {processor.py:840} INFO - DAG(s) 'tutorial_dag' retrieved from /home/airflow/.local/lib/python3.12/site-packages/airflow/example_dags/tutorial_dag.py
[2026-07-31T12:03:40.878+0000] {logging_mixin.py:188} INFO - [2026-07-31T12:03:40.878+0000] {dag.py:3089} INFO - Sync 1 DAGs
[2026-07-31T12:03:40.895+0000] {logging_mixin.py:188} INFO - [2026-07-31T12:03:40.894+0000] {dag.py:3947} INFO - Setting next_dagrun for tutorial_dag to None, run_after=None
[2026-07-31T12:03:40.918+0000] {processor.py:183} INFO - Processing /home/airflow/.local/lib/python3.12/site-packages/airflow/example_dags/tutorial_dag.py took 0.087 seconds
[2026-07-31T12:04:11.187+0000] {processor.py:161} INFO - Started process (PID=7128) to work on /home/airflow/.local/lib/python3.12/site-packages/airflow/example_dags/tutorial_dag.py
[2026-07-31T12:04:11.188+0000] {processor.py:830} INFO - Processing file /home/airflow/.local/lib/python3.12/site-packages/airflow/example_dags/tutorial_dag.py for tasks to queue
[2026-07-31T12:04:11.193+0000] {logging_mixin.py:188} INFO - [2026-07-31T12:04:11.192+0000] {dagbag.py:545} INFO - Filling up the DagBag from /home/airflow/.local/lib/python3.12/site-packages/airflow/example_dags/tutorial_dag.py
[2026-07-31T12:04:11.200+0000] {processor.py:840} INFO - DAG(s) 'tutorial_dag' retrieved from /home/airflow/.local/lib/python3.12/site-packages/airflow/example_dags/tutorial_dag.py
[2026-07-31T12:04:11.232+0000] {logging_mixin.py:188} INFO - [2026-07-31T12:04:11.231+0000] {dag.py:3089} INFO - Sync 1 DAGs
[2026-07-31T12:04:11.251+0000] {logging_mixin.py:188} INFO - [2026-07-31T12:04:11.251+0000] {dag.py:3947} INFO - Setting next_dagrun for tutorial_dag to None, run_after=None
[2026-07-31T12:04:11.279+0000] {processor.py:183} INFO - Processing /home/airflow/.local/lib/python3.12/site-packages/airflow/example_dags/tutorial_dag.py took 0.100 seconds
[2026-07-31T12:04:41.686+0000] {processor.py:161} INFO - Started process (PID=7186) to work on /home/airflow/.local/lib/python3.12/site-packages/airflow/example_dags/tutorial_dag.py
[2026-07-31T12:04:41.689+0000] {processor.py:830} INFO - Processing file /home/airflow/.local/lib/python3.12/site-packages/airflow/example_dags/tutorial_dag.py for tasks to queue
[2026-07-31T12:04:41.699+0000] {logging_mixin.py:188} INFO - [2026-07-31T12:04:41.698+0000] {dagbag.py:545} INFO - Filling up the DagBag from /home/airflow/.local/lib/python3.12/site-packages/airflow/example_dags/tutorial_dag.py
[2026-07-31T12:04:41.714+0000] {processor.py:840} INFO - DAG(s) 'tutorial_dag' retrieved from /home/airflow/.local/lib/python3.12/site-packages/airflow/example_dags/tutorial_dag.py
[2026-07-31T12:04:41.781+0000] {logging_mixin.py:188} INFO - [2026-07-31T12:04:41.780+0000] {dag.py:3089} INFO - Sync 1 DAGs
[2026-07-31T12:04:41.828+0000] {logging_mixin.py:188} INFO - [2026-07-31T12:04:41.828+0000] {dag.py:3947} INFO - Setting next_dagrun for tutorial_dag to None, run_after=None
[2026-07-31T12:04:41.891+0000] {processor.py:183} INFO - Processing /home/airflow/.local/lib/python3.12/site-packages/airflow/example_dags/tutorial_dag.py took 0.225 seconds
[2026-07-31T12:05:15.388+0000] {processor.py:161} INFO - Started process (PID=7244) to work on /home/airflow/.local/lib/python3.12/site-packages/airflow/example_dags/tutorial_dag.py
[2026-07-31T12:05:15.399+0000] {processor.py:830} INFO - Processing file /home/airflow/.local/lib/python3.12/site-packages/airflow/example_dags/tutorial_dag.py for tasks to queue
[2026-07-31T12:05:15.407+0000] {logging_mixin.py:188} INFO - [2026-07-31T12:05:15.405+0000] {dagbag.py:545} INFO - Filling up the DagBag from /home/airflow/.local/lib/python3.12/site-packages/airflow/example_dags/tutorial_dag.py
[2026-07-31T12:05:15.436+0000] {processor.py:840} INFO - DAG(s) 'tutorial_dag' retrieved from /home/airflow/.local/lib/python3.12/site-packages/airflow/example_dags/tutorial_dag.py
[2026-07-31T12:05:15.515+0000] {logging_mixin.py:188} INFO - [2026-07-31T12:05:15.514+0000] {dag.py:3089} INFO - Sync 1 DAGs
[2026-07-31T12:05:15.569+0000] {logging_mixin.py:188} INFO - [2026-07-31T12:05:15.562+0000] {dag.py:3947} INFO - Setting next_dagrun for tutorial_dag to None, run_after=None
[2026-07-31T12:05:15.659+0000] {processor.py:183} INFO - Processing /home/airflow/.local/lib/python3.12/site-packages/airflow/example_dags/tutorial_dag.py took 0.293 seconds
[2026-07-31T12:05:45.774+0000] {processor.py:161} INFO - Started process (PID=7303) to work on /home/airflow/.local/lib/python3.12/site-packages/airflow/example_dags/tutorial_dag.py
[2026-07-31T12:05:45.777+0000] {processor.py:830} INFO - Processing file /home/airflow/.local/lib/python3.12/site-packages/airflow/example_dags/tutorial_dag.py for tasks to queue
[2026-07-31T12:05:45.780+0000] {logging_mixin.py:188} INFO - [2026-07-31T12:05:45.779+0000] {dagbag.py:545} INFO - Filling up the DagBag from /home/airflow/.local/lib/python3.12/site-packages/airflow/example_dags/tutorial_dag.py
[2026-07-31T12:05:45.786+0000] {processor.py:840} INFO - DAG(s) 'tutorial_dag' retrieved from /home/airflow/.local/lib/python3.12/site-packages/airflow/example_dags/tutorial_dag.py
[2026-07-31T12:05:45.812+0000] {logging_mixin.py:188} INFO - [2026-07-31T12:05:45.811+0000] {dag.py:3089} INFO - Sync 1 DAGs
[2026-07-31T12:05:45.828+0000] {logging_mixin.py:188} INFO - [2026-07-31T12:05:45.828+0000] {dag.py:3947} INFO - Setting next_dagrun for tutorial_dag to None, run_after=None
[2026-07-31T12:05:45.861+0000] {processor.py:183} INFO - Processing /home/airflow/.local/lib/python3.12/site-packages/airflow/example_dags/tutorial_dag.py took 0.094 seconds
[2026-07-31T12:06:15.925+0000] {processor.py:161} INFO - Started process (PID=7361) to work on /home/airflow/.local/lib/python3.12/site-packages/airflow/example_dags/tutorial_dag.py
[2026-07-31T12:06:15.926+0000] {processor.py:830} INFO - Processing file /home/airflow/.local/lib/python3.12/site-packages/airflow/example_dags/tutorial_dag.py for tasks to queue
[2026-07-31T12:06:15.929+0000] {logging_mixin.py:188} INFO - [2026-07-31T12:06:15.929+0000] {dagbag.py:545} INFO - Filling up the DagBag from /home/airflow/.local/lib/python3.12/site-packages/airflow/example_dags/tutorial_dag.py
[2026-07-31T12:06:15.935+0000] {processor.py:840} INFO - DAG(s) 'tutorial_dag' retrieved from /home/airflow/.local/lib/python3.12/site-packages/airflow/example_dags/tutorial_dag.py
[2026-07-31T12:06:15.964+0000] {logging_mixin.py:188} INFO - [2026-07-31T12:06:15.963+0000] {dag.py:3089} INFO - Sync 1 DAGs
[2026-07-31T12:06:15.979+0000] {logging_mixin.py:188} INFO - [2026-07-31T12:06:15.979+0000] {dag.py:3947} INFO - Setting next_dagrun for tutorial_dag to None, run_after=None
[2026-07-31T12:06:16.003+0000] {processor.py:183} INFO - Processing /home/airflow/.local/lib/python3.12/site-packages/airflow/example_dags/tutorial_dag.py took 0.086 seconds
[2026-07-31T12:06:46.236+0000] {processor.py:161} INFO - Started process (PID=7419) to work on /home/airflow/.local/lib/python3.12/site-packages/airflow/example_dags/tutorial_dag.py
[2026-07-31T12:06:46.238+0000] {processor.py:830} INFO - Processing file /home/airflow/.local/lib/python3.12/site-packages/airflow/example_dags/tutorial_dag.py for tasks to queue
[2026-07-31T12:06:46.240+0000] {logging_mixin.py:188} INFO - [2026-07-31T12:06:46.240+0000] {dagbag.py:545} INFO - Filling up the DagBag from /home/airflow/.local/lib/python3.12/site-packages/airflow/example_dags/tutorial_dag.py
[2026-07-31T12:06:46.247+0000] {processor.py:840} INFO - DAG(s) 'tutorial_dag' retrieved from /home/airflow/.local/lib/python3.12/site-packages/airflow/example_dags/tutorial_dag.py
[2026-07-31T12:06:46.278+0000] {logging_mixin.py:188} INFO - [2026-07-31T12:06:46.277+0000] {dag.py:3089} INFO - Sync 1 DAGs
[2026-07-31T12:06:46.295+0000] {logging_mixin.py:188} INFO - [2026-07-31T12:06:46.295+0000] {dag.py:3947} INFO - Setting next_dagrun for tutorial_dag to None, run_after=None
[2026-07-31T12:06:46.331+0000] {processor.py:183} INFO - Processing /home/airflow/.local/lib/python3.12/site-packages/airflow/example_dags/tutorial_dag.py took 0.103 seconds
[2026-07-31T12:07:16.951+0000] {processor.py:161} INFO - Started process (PID=7477) to work on /home/airflow/.local/lib/python3.12/site-packages/airflow/example_dags/tutorial_dag.py
[2026-07-31T12:07:16.952+0000] {processor.py:830} INFO - Processing file /home/airflow/.local/lib/python3.12/site-packages/airflow/example_dags/tutorial_dag.py for tasks to queue
[2026-07-31T12:07:16.955+0000] {logging_mixin.py:188} INFO - [2026-07-31T12:07:16.955+0000] {dagbag.py:545} INFO - Filling up the DagBag from /home/airflow/.local/lib/python3.12/site-packages/airflow/example_dags/tutorial_dag.py
[2026-07-31T12:07:16.964+0000] {processor.py:840} INFO - DAG(s) 'tutorial_dag' retrieved from /home/airflow/.local/lib/python3.12/site-packages/airflow/example_dags/tutorial_dag.py
[2026-07-31T12:07:16.994+0000] {logging_mixin.py:188} INFO - [2026-07-31T12:07:16.994+0000] {dag.py:3089} INFO - Sync 1 DAGs
[2026-07-31T12:07:17.017+0000] {logging_mixin.py:188} INFO - [2026-07-31T12:07:17.017+0000] {dag.py:3947} INFO - Setting next_dagrun for tutorial_dag to None, run_after=None
[2026-07-31T12:07:17.045+0000] {processor.py:183} INFO - Processing /home/airflow/.local/lib/python3.12/site-packages/airflow/example_dags/tutorial_dag.py took 0.103 seconds
[2026-07-31T12:07:47.648+0000] {processor.py:161} INFO - Started process (PID=7535) to work on /home/airflow/.local/lib/python3.12/site-packages/airflow/example_dags/tutorial_dag.py
[2026-07-31T12:07:47.650+0000] {processor.py:830} INFO - Processing file /home/airflow/.local/lib/python3.12/site-packages/airflow/example_dags/tutorial_dag.py for tasks to queue
[2026-07-31T12:07:47.654+0000] {logging_mixin.py:188} INFO - [2026-07-31T12:07:47.653+0000] {dagbag.py:545} INFO - Filling up the DagBag from /home/airflow/.local/lib/python3.12/site-packages/airflow/example_dags/tutorial_dag.py
[2026-07-31T12:07:47.662+0000] {processor.py:840} INFO - DAG(s) 'tutorial_dag' retrieved from /home/airflow/.local/lib/python3.12/site-packages/airflow/example_dags/tutorial_dag.py
[2026-07-31T12:07:47.694+0000] {logging_mixin.py:188} INFO - [2026-07-31T12:07:47.694+0000] {dag.py:3089} INFO - Sync 1 DAGs
[2026-07-31T12:07:47.723+0000] {logging_mixin.py:188} INFO - [2026-07-31T12:07:47.722+0000] {dag.py:3947} INFO - Setting next_dagrun for tutorial_dag to None, run_after=None
[2026-07-31T12:07:47.771+0000] {processor.py:183} INFO - Processing /home/airflow/.local/lib/python3.12/site-packages/airflow/example_dags/tutorial_dag.py took 0.132 seconds
[2026-07-31T12:08:18.562+0000] {processor.py:161} INFO - Started process (PID=7593) to work on /home/airflow/.local/lib/python3.12/site-packages/airflow/example_dags/tutorial_dag.py
[2026-07-31T12:08:18.563+0000] {processor.py:830} INFO - Processing file /home/airflow/.local/lib/python3.12/site-packages/airflow/example_dags/tutorial_dag.py for tasks to queue
[2026-07-31T12:08:18.566+0000] {logging_mixin.py:188} INFO - [2026-07-31T12:08:18.566+0000] {dagbag.py:545} INFO - Filling up the DagBag from /home/airflow/.local/lib/python3.12/site-packages/airflow/example_dags/tutorial_dag.py
[2026-07-31T12:08:18.574+0000] {processor.py:840} INFO - DAG(s) 'tutorial_dag' retrieved from /home/airflow/.local/lib/python3.12/site-packages/airflow/example_dags/tutorial_dag.py
[2026-07-31T12:08:18.619+0000] {logging_mixin.py:188} INFO - [2026-07-31T12:08:18.619+0000] {dag.py:3089} INFO - Sync 1 DAGs
[2026-07-31T12:08:18.657+0000] {logging_mixin.py:188} INFO - [2026-07-31T12:08:18.657+0000] {dag.py:3947} INFO - Setting next_dagrun for tutorial_dag to None, run_after=None
[2026-07-31T12:08:18.696+0000] {processor.py:183} INFO - Processing /home/airflow/.local/lib/python3.12/site-packages/airflow/example_dags/tutorial_dag.py took 0.142 seconds
[2026-07-31T12:08:48.818+0000] {processor.py:161} INFO - Started process (PID=7651) to work on /home/airflow/.local/lib/python3.12/site-packages/airflow/example_dags/tutorial_dag.py
[2026-07-31T12:08:48.819+0000] {processor.py:830} INFO - Processing file /home/airflow/.local/lib/python3.12/site-packages/airflow/example_dags/tutorial_dag.py for tasks to queue
[2026-07-31T12:08:48.822+0000] {logging_mixin.py:188} INFO - [2026-07-31T12:08:48.821+0000] {dagbag.py:545} INFO - Filling up the DagBag from /home/airflow/.local/lib/python3.12/site-packages/airflow/example_dags/tutorial_dag.py
[2026-07-31T12:08:48.827+0000] {processor.py:840} INFO - DAG(s) 'tutorial_dag' retrieved from /home/airflow/.local/lib/python3.12/site-packages/airflow/example_dags/tutorial_dag.py
[2026-07-31T12:08:48.850+0000] {logging_mixin.py:188} INFO - [2026-07-31T12:08:48.850+0000] {dag.py:3089} INFO - Sync 1 DAGs
[2026-07-31T12:08:48.865+0000] {logging_mixin.py:188} INFO - [2026-07-31T12:08:48.865+0000] {dag.py:3947} INFO - Setting next_dagrun for tutorial_dag to None, run_after=None
[2026-07-31T12:08:48.889+0000] {processor.py:183} INFO - Processing /home/airflow/.local/lib/python3.12/site-packages/airflow/example_dags/tutorial_dag.py took 0.077 seconds
[2026-07-31T12:09:19.012+0000] {processor.py:161} INFO - Started process (PID=7708) to work on /home/airflow/.local/lib/python3.12/site-packages/airflow/example_dags/tutorial_dag.py
[2026-07-31T12:09:19.013+0000] {processor.py:830} INFO - Processing file /home/airflow/.local/lib/python3.12/site-packages/airflow/example_dags/tutorial_dag.py for tasks to queue
[2026-07-31T12:09:19.017+0000] {logging_mixin.py:188} INFO - [2026-07-31T12:09:19.016+0000] {dagbag.py:545} INFO - Filling up the DagBag from /home/airflow/.local/lib/python3.12/site-packages/airflow/example_dags/tutorial_dag.py
[2026-07-31T12:09:19.023+0000] {processor.py:840} INFO - DAG(s) 'tutorial_dag' retrieved from /home/airflow/.local/lib/python3.12/site-packages/airflow/example_dags/tutorial_dag.py
[2026-07-31T12:09:19.050+0000] {logging_mixin.py:188} INFO - [2026-07-31T12:09:19.049+0000] {dag.py:3089} INFO - Sync 1 DAGs
[2026-07-31T12:09:19.065+0000] {logging_mixin.py:188} INFO - [2026-07-31T12:09:19.065+0000] {dag.py:3947} INFO - Setting next_dagrun for tutorial_dag to None, run_after=None
[2026-07-31T12:09:19.089+0000] {processor.py:183} INFO - Processing /home/airflow/.local/lib/python3.12/site-packages/airflow/example_dags/tutorial_dag.py took 0.083 seconds
[2026-07-31T12:09:49.340+0000] {processor.py:161} INFO - Started process (PID=7766) to work on /home/airflow/.local/lib/python3.12/site-packages/airflow/example_dags/tutorial_dag.py
[2026-07-31T12:09:49.341+0000] {processor.py:830} INFO - Processing file /home/airflow/.local/lib/python3.12/site-packages/airflow/example_dags/tutorial_dag.py for tasks to queue
[2026-07-31T12:09:49.344+0000] {logging_mixin.py:188} INFO - [2026-07-31T12:09:49.343+0000] {dagbag.py:545} INFO - Filling up the DagBag from /home/airflow/.local/lib/python3.12/site-packages/airflow/example_dags/tutorial_dag.py
[2026-07-31T12:09:49.351+0000] {processor.py:840} INFO - DAG(s) 'tutorial_dag' retrieved from /home/airflow/.local/lib/python3.12/site-packages/airflow/example_dags/tutorial_dag.py
[2026-07-31T12:09:49.376+0000] {logging_mixin.py:188} INFO - [2026-07-31T12:09:49.375+0000] {dag.py:3089} INFO - Sync 1 DAGs
[2026-07-31T12:09:49.393+0000] {logging_mixin.py:188} INFO - [2026-07-31T12:09:49.393+0000] {dag.py:3947} INFO - Setting next_dagrun for tutorial_dag to None, run_after=None
[2026-07-31T12:09:49.418+0000] {processor.py:183} INFO - Processing /home/airflow/.local/lib/python3.12/site-packages/airflow/example_dags/tutorial_dag.py took 0.085 seconds
[2026-07-31T12:10:19.793+0000] {processor.py:161} INFO - Started process (PID=7824) to work on /home/airflow/.local/lib/python3.12/site-packages/airflow/example_dags/tutorial_dag.py
[2026-07-31T12:10:19.794+0000] {processor.py:830} INFO - Processing file /home/airflow/.local/lib/python3.12/site-packages/airflow/example_dags/tutorial_dag.py for tasks to queue
[2026-07-31T12:10:19.797+0000] {logging_mixin.py:188} INFO - [2026-07-31T12:10:19.797+0000] {dagbag.py:545} INFO - Filling up the DagBag from /home/airflow/.local/lib/python3.12/site-packages/airflow/example_dags/tutorial_dag.py
[2026-07-31T12:10:19.804+0000] {processor.py:840} INFO - DAG(s) 'tutorial_dag' retrieved from /home/airflow/.local/lib/python3.12/site-packages/airflow/example_dags/tutorial_dag.py
[2026-07-31T12:10:19.827+0000] {logging_mixin.py:188} INFO - [2026-07-31T12:10:19.827+0000] {dag.py:3089} INFO - Sync 1 DAGs
[2026-07-31T12:10:19.843+0000] {logging_mixin.py:188} INFO - [2026-07-31T12:10:19.843+0000] {dag.py:3947} INFO - Setting next_dagrun for tutorial_dag to None, run_after=None
[2026-07-31T12:10:19.873+0000] {processor.py:183} INFO - Processing /home/airflow/.local/lib/python3.12/site-packages/airflow/example_dags/tutorial_dag.py took 0.087 seconds
[2026-07-31T12:10:50.109+0000] {processor.py:161} INFO - Started process (PID=7881) to work on /home/airflow/.local/lib/python3.12/site-packages/airflow/example_dags/tutorial_dag.py
[2026-07-31T12:10:50.110+0000] {processor.py:830} INFO - Processing file /home/airflow/.local/lib/python3.12/site-packages/airflow/example_dags/tutorial_dag.py for tasks to queue
[2026-07-31T12:10:50.113+0000] {logging_mixin.py:188} INFO - [2026-07-31T12:10:50.113+0000] {dagbag.py:545} INFO - Filling up the DagBag from /home/airflow/.local/lib/python3.12/site-packages/airflow/example_dags/tutorial_dag.py
[2026-07-31T12:10:50.120+0000] {processor.py:840} INFO - DAG(s) 'tutorial_dag' retrieved from /home/airflow/.local/lib/python3.12/site-packages/airflow/example_dags/tutorial_dag.py
[2026-07-31T12:10:50.149+0000] {logging_mixin.py:188} INFO - [2026-07-31T12:10:50.149+0000] {dag.py:3089} INFO - Sync 1 DAGs
[2026-07-31T12:10:50.167+0000] {logging_mixin.py:188} INFO - [2026-07-31T12:10:50.167+0000] {dag.py:3947} INFO - Setting next_dagrun for tutorial_dag to None, run_after=None
[2026-07-31T12:10:50.195+0000] {processor.py:183} INFO - Processing /home/airflow/.local/lib/python3.12/site-packages/airflow/example_dags/tutorial_dag.py took 0.093 seconds
[2026-07-31T12:11:20.878+0000] {processor.py:161} INFO - Started process (PID=7938) to work on /home/airflow/.local/lib/python3.12/site-packages/airflow/example_dags/tutorial_dag.py
[2026-07-31T12:11:20.880+0000] {processor.py:830} INFO - Processing file /home/airflow/.local/lib/python3.12/site-packages/airflow/example_dags/tutorial_dag.py for tasks to queue
[2026-07-31T12:11:20.883+0000] {logging_mixin.py:188} INFO - [2026-07-31T12:11:20.882+0000] {dagbag.py:545} INFO - Filling up the DagBag from /home/airflow/.local/lib/python3.12/site-packages/airflow/example_dags/tutorial_dag.py
[2026-07-31T12:11:20.892+0000] {processor.py:840} INFO - DAG(s) 'tutorial_dag' retrieved from /home/airflow/.local/lib/python3.12/site-packages/airflow/example_dags/tutorial_dag.py
[2026-07-31T12:11:20.928+0000] {logging_mixin.py:188} INFO - [2026-07-31T12:11:20.928+0000] {dag.py:3089} INFO - Sync 1 DAGs
[2026-07-31T12:11:20.969+0000] {logging_mixin.py:188} INFO - [2026-07-31T12:11:20.968+0000] {dag.py:3947} INFO - Setting next_dagrun for tutorial_dag to None, run_after=None
[2026-07-31T12:11:21.023+0000] {processor.py:183} INFO - Processing /home/airflow/.local/lib/python3.12/site-packages/airflow/example_dags/tutorial_dag.py took 0.155 seconds
[2026-07-31T12:11:51.629+0000] {processor.py:161} INFO - Started process (PID=7995) to work on /home/airflow/.local/lib/python3.12/site-packages/airflow/example_dags/tutorial_dag.py
[2026-07-31T12:11:51.631+0000] {processor.py:830} INFO - Processing file /home/airflow/.local/lib/python3.12/site-packages/airflow/example_dags/tutorial_dag.py for tasks to queue
[2026-07-31T12:11:51.633+0000] {logging_mixin.py:188} INFO - [2026-07-31T12:11:51.633+0000] {dagbag.py:545} INFO - Filling up the DagBag from /home/airflow/.local/lib/python3.12/site-packages/airflow/example_dags/tutorial_dag.py
[2026-07-31T12:11:51.640+0000] {processor.py:840} INFO - DAG(s) 'tutorial_dag' retrieved from /home/airflow/.local/lib/python3.12/site-packages/airflow/example_dags/tutorial_dag.py
[2026-07-31T12:11:51.669+0000] {logging_mixin.py:188} INFO - [2026-07-31T12:11:51.668+0000] {dag.py:3089} INFO - Sync 1 DAGs
[2026-07-31T12:11:51.685+0000] {logging_mixin.py:188} INFO - [2026-07-31T12:11:51.685+0000] {dag.py:3947} INFO - Setting next_dagrun for tutorial_dag to None, run_after=None
[2026-07-31T12:11:51.709+0000] {processor.py:183} INFO - Processing /home/airflow/.local/lib/python3.12/site-packages/airflow/example_dags/tutorial_dag.py took 0.087 seconds
[2026-07-31T12:12:21.795+0000] {processor.py:161} INFO - Started process (PID=8053) to work on /home/airflow/.local/lib/python3.12/site-packages/airflow/example_dags/tutorial_dag.py
[2026-07-31T12:12:21.797+0000] {processor.py:830} INFO - Processing file /home/airflow/.local/lib/python3.12/site-packages/airflow/example_dags/tutorial_dag.py for tasks to queue
[2026-07-31T12:12:21.799+0000] {logging_mixin.py:188} INFO - [2026-07-31T12:12:21.799+0000] {dagbag.py:545} INFO - Filling up the DagBag from /home/airflow/.local/lib/python3.12/site-packages/airflow/example_dags/tutorial_dag.py
[2026-07-31T12:12:21.805+0000] {processor.py:840} INFO - DAG(s) 'tutorial_dag' retrieved from /home/airflow/.local/lib/python3.12/site-packages/airflow/example_dags/tutorial_dag.py
[2026-07-31T12:12:21.831+0000] {logging_mixin.py:188} INFO - [2026-07-31T12:12:21.830+0000] {dag.py:3089} INFO - Sync 1 DAGs
[2026-07-31T12:12:21.847+0000] {logging_mixin.py:188} INFO - [2026-07-31T12:12:21.847+0000] {dag.py:3947} INFO - Setting next_dagrun for tutorial_dag to None, run_after=None
[2026-07-31T12:12:21.877+0000] {processor.py:183} INFO - Processing /home/airflow/.local/lib/python3.12/site-packages/airflow/example_dags/tutorial_dag.py took 0.090 seconds
[2026-07-31T12:12:52.544+0000] {processor.py:161} INFO - Started process (PID=8117) to work on /home/airflow/.local/lib/python3.12/site-packages/airflow/example_dags/tutorial_dag.py
[2026-07-31T12:12:52.545+0000] {processor.py:830} INFO - Processing file /home/airflow/.local/lib/python3.12/site-packages/airflow/example_dags/tutorial_dag.py for tasks to queue
[2026-07-31T12:12:52.548+0000] {logging_mixin.py:188} INFO - [2026-07-31T12:12:52.547+0000] {dagbag.py:545} INFO - Filling up the DagBag from /home/airflow/.local/lib/python3.12/site-packages/airflow/example_dags/tutorial_dag.py
[2026-07-31T12:12:52.554+0000] {processor.py:840} INFO - DAG(s) 'tutorial_dag' retrieved from /home/airflow/.local/lib/python3.12/site-packages/airflow/example_dags/tutorial_dag.py
[2026-07-31T12:12:52.578+0000] {logging_mixin.py:188} INFO - [2026-07-31T12:12:52.578+0000] {dag.py:3089} INFO - Sync 1 DAGs
[2026-07-31T12:12:52.594+0000] {logging_mixin.py:188} INFO - [2026-07-31T12:12:52.594+0000] {dag.py:3947} INFO - Setting next_dagrun for tutorial_dag to None, run_after=None
[2026-07-31T12:12:52.618+0000] {processor.py:183} INFO - Processing /home/airflow/.local/lib/python3.12/site-packages/airflow/example_dags/tutorial_dag.py took 0.081 seconds
[2026-07-31T12:13:23.467+0000] {processor.py:161} INFO - Started process (PID=8175) to work on /home/airflow/.local/lib/python3.12/site-packages/airflow/example_dags/tutorial_dag.py
[2026-07-31T12:13:23.468+0000] {processor.py:830} INFO - Processing file /home/airflow/.local/lib/python3.12/site-packages/airflow/example_dags/tutorial_dag.py for tasks to queue
[2026-07-31T12:13:23.470+0000] {logging_mixin.py:188} INFO - [2026-07-31T12:13:23.470+0000] {dagbag.py:545} INFO - Filling up the DagBag from /home/airflow/.local/lib/python3.12/site-packages/airflow/example_dags/tutorial_dag.py
[2026-07-31T12:13:23.477+0000] {processor.py:840} INFO - DAG(s) 'tutorial_dag' retrieved from /home/airflow/.local/lib/python3.12/site-packages/airflow/example_dags/tutorial_dag.py
[2026-07-31T12:13:23.500+0000] {logging_mixin.py:188} INFO - [2026-07-31T12:13:23.500+0000] {dag.py:3089} INFO - Sync 1 DAGs
[2026-07-31T12:13:23.518+0000] {logging_mixin.py:188} INFO - [2026-07-31T12:13:23.517+0000] {dag.py:3947} INFO - Setting next_dagrun for tutorial_dag to None, run_after=None
[2026-07-31T12:13:23.545+0000] {processor.py:183} INFO - Processing /home/airflow/.local/lib/python3.12/site-packages/airflow/example_dags/tutorial_dag.py took 0.087 seconds
[2026-07-31T12:13:53.983+0000] {processor.py:161} INFO - Started process (PID=8233) to work on /home/airflow/.local/lib/python3.12/site-packages/airflow/example_dags/tutorial_dag.py
[2026-07-31T12:13:53.984+0000] {processor.py:830} INFO - Processing file /home/airflow/.local/lib/python3.12/site-packages/airflow/example_dags/tutorial_dag.py for tasks to queue
[2026-07-31T12:13:53.987+0000] {logging_mixin.py:188} INFO - [2026-07-31T12:13:53.986+0000] {dagbag.py:545} INFO - Filling up the DagBag from /home/airflow/.local/lib/python3.12/site-packages/airflow/example_dags/tutorial_dag.py
[2026-07-31T12:13:53.993+0000] {processor.py:840} INFO - DAG(s) 'tutorial_dag' retrieved from /home/airflow/.local/lib/python3.12/site-packages/airflow/example_dags/tutorial_dag.py
[2026-07-31T12:13:54.022+0000] {logging_mixin.py:188} INFO - [2026-07-31T12:13:54.022+0000] {dag.py:3089} INFO - Sync 1 DAGs
[2026-07-31T12:13:54.038+0000] {logging_mixin.py:188} INFO - [2026-07-31T12:13:54.038+0000] {dag.py:3947} INFO - Setting next_dagrun for tutorial_dag to None, run_after=None
[2026-07-31T12:13:54.066+0000] {processor.py:183} INFO - Processing /home/airflow/.local/lib/python3.12/site-packages/airflow/example_dags/tutorial_dag.py took 0.090 seconds
[2026-07-31T12:14:24.397+0000] {processor.py:161} INFO - Started process (PID=8291) to work on /home/airflow/.local/lib/python3.12/site-packages/airflow/example_dags/tutorial_dag.py
[2026-07-31T12:14:24.398+0000] {processor.py:830} INFO - Processing file /home/airflow/.local/lib/python3.12/site-packages/airflow/example_dags/tutorial_dag.py for tasks to queue
[2026-07-31T12:14:24.401+0000] {logging_mixin.py:188} INFO - [2026-07-31T12:14:24.400+0000] {dagbag.py:545} INFO - Filling up the DagBag from /home/airflow/.local/lib/python3.12/site-packages/airflow/example_dags/tutorial_dag.py
[2026-07-31T12:14:24.406+0000] {processor.py:840} INFO - DAG(s) 'tutorial_dag' retrieved from /home/airflow/.local/lib/python3.12/site-packages/airflow/example_dags/tutorial_dag.py
[2026-07-31T12:14:24.432+0000] {logging_mixin.py:188} INFO - [2026-07-31T12:14:24.431+0000] {dag.py:3089} INFO - Sync 1 DAGs
[2026-07-31T12:14:24.446+0000] {logging_mixin.py:188} INFO - [2026-07-31T12:14:24.446+0000] {dag.py:3947} INFO - Setting next_dagrun for tutorial_dag to None, run_after=None
[2026-07-31T12:14:24.470+0000] {processor.py:183} INFO - Processing /home/airflow/.local/lib/python3.12/site-packages/airflow/example_dags/tutorial_dag.py took 0.079 seconds
[2026-07-31T12:14:54.725+0000] {processor.py:161} INFO - Started process (PID=8348) to work on /home/airflow/.local/lib/python3.12/site-packages/airflow/example_dags/tutorial_dag.py
[2026-07-31T12:14:54.727+0000] {processor.py:830} INFO - Processing file /home/airflow/.local/lib/python3.12/site-packages/airflow/example_dags/tutorial_dag.py for tasks to queue
[2026-07-31T12:14:54.729+0000] {logging_mixin.py:188} INFO - [2026-07-31T12:14:54.729+0000] {dagbag.py:545} INFO - Filling up the DagBag from /home/airflow/.local/lib/python3.12/site-packages/airflow/example_dags/tutorial_dag.py
[2026-07-31T12:14:54.738+0000] {processor.py:840} INFO - DAG(s) 'tutorial_dag' retrieved from /home/airflow/.local/lib/python3.12/site-packages/airflow/example_dags/tutorial_dag.py
[2026-07-31T12:14:54.766+0000] {logging_mixin.py:188} INFO - [2026-07-31T12:14:54.766+0000] {dag.py:3089} INFO - Sync 1 DAGs
[2026-07-31T12:14:54.784+0000] {logging_mixin.py:188} INFO - [2026-07-31T12:14:54.784+0000] {dag.py:3947} INFO - Setting next_dagrun for tutorial_dag to None, run_after=None
[2026-07-31T12:14:54.814+0000] {processor.py:183} INFO - Processing /home/airflow/.local/lib/python3.12/site-packages/airflow/example_dags/tutorial_dag.py took 0.097 seconds
[2026-07-31T12:15:25.276+0000] {processor.py:161} INFO - Started process (PID=8407) to work on /home/airflow/.local/lib/python3.12/site-packages/airflow/example_dags/tutorial_dag.py
[2026-07-31T12:15:25.278+0000] {processor.py:830} INFO - Processing file /home/airflow/.local/lib/python3.12/site-packages/airflow/example_dags/tutorial_dag.py for tasks to queue
[2026-07-31T12:15:25.281+0000] {logging_mixin.py:188} INFO - [2026-07-31T12:15:25.281+0000] {dagbag.py:545} INFO - Filling up the DagBag from /home/airflow/.local/lib/python3.12/site-packages/airflow/example_dags/tutorial_dag.py
[2026-07-31T12:15:25.288+0000] {processor.py:840} INFO - DAG(s) 'tutorial_dag' retrieved from /home/airflow/.local/lib/python3.12/site-packages/airflow/example_dags/tutorial_dag.py
[2026-07-31T12:15:25.314+0000] {logging_mixin.py:188} INFO - [2026-07-31T12:15:25.314+0000] {dag.py:3089} INFO - Sync 1 DAGs
[2026-07-31T12:15:25.331+0000] {logging_mixin.py:188} INFO - [2026-07-31T12:15:25.331+0000] {dag.py:3947} INFO - Setting next_dagrun for tutorial_dag to None, run_after=None
[2026-07-31T12:15:25.358+0000] {processor.py:183} INFO - Processing /home/airflow/.local/lib/python3.12/site-packages/airflow/example_dags/tutorial_dag.py took 0.089 seconds
[2026-07-31T12:15:55.663+0000] {processor.py:161} INFO - Started process (PID=8465) to work on /home/airflow/.local/lib/python3.12/site-packages/airflow/example_dags/tutorial_dag.py
[2026-07-31T12:15:55.664+0000] {processor.py:830} INFO - Processing file /home/airflow/.local/lib/python3.12/site-packages/airflow/example_dags/tutorial_dag.py for tasks to queue
[2026-07-31T12:15:55.667+0000] {logging_mixin.py:188} INFO - [2026-07-31T12:15:55.666+0000] {dagbag.py:545} INFO - Filling up the DagBag from /home/airflow/.local/lib/python3.12/site-packages/airflow/example_dags/tutorial_dag.py
[2026-07-31T12:15:55.673+0000] {processor.py:840} INFO - DAG(s) 'tutorial_dag' retrieved from /home/airflow/.local/lib/python3.12/site-packages/airflow/example_dags/tutorial_dag.py
[2026-07-31T12:15:55.697+0000] {logging_mixin.py:188} INFO - [2026-07-31T12:15:55.697+0000] {dag.py:3089} INFO - Sync 1 DAGs
[2026-07-31T12:15:55.713+0000] {logging_mixin.py:188} INFO - [2026-07-31T12:15:55.713+0000] {dag.py:3947} INFO - Setting next_dagrun for tutorial_dag to None, run_after=None
[2026-07-31T12:15:55.737+0000] {processor.py:183} INFO - Processing /home/airflow/.local/lib/python3.12/site-packages/airflow/example_dags/tutorial_dag.py took 0.082 seconds
[2026-07-31T12:16:26.112+0000] {processor.py:161} INFO - Started process (PID=8522) to work on /home/airflow/.local/lib/python3.12/site-packages/airflow/example_dags/tutorial_dag.py
[2026-07-31T12:16:26.113+0000] {processor.py:830} INFO - Processing file /home/airflow/.local/lib/python3.12/site-packages/airflow/example_dags/tutorial_dag.py for tasks to queue
[2026-07-31T12:16:26.116+0000] {logging_mixin.py:188} INFO - [2026-07-31T12:16:26.115+0000] {dagbag.py:545} INFO - Filling up the DagBag from /home/airflow/.local/lib/python3.12/site-packages/airflow/example_dags/tutorial_dag.py
[2026-07-31T12:16:26.122+0000] {processor.py:840} INFO - DAG(s) 'tutorial_dag' retrieved from /home/airflow/.local/lib/python3.12/site-packages/airflow/example_dags/tutorial_dag.py
[2026-07-31T12:16:26.149+0000] {logging_mixin.py:188} INFO - [2026-07-31T12:16:26.149+0000] {dag.py:3089} INFO - Sync 1 DAGs
[2026-07-31T12:16:26.167+0000] {logging_mixin.py:188} INFO - [2026-07-31T12:16:26.167+0000] {dag.py:3947} INFO - Setting next_dagrun for tutorial_dag to None, run_after=None
[2026-07-31T12:16:26.193+0000] {processor.py:183} INFO - Processing /home/airflow/.local/lib/python3.12/site-packages/airflow/example_dags/tutorial_dag.py took 0.089 seconds
[2026-07-31T12:16:57.074+0000] {processor.py:161} INFO - Started process (PID=8580) to work on /home/airflow/.local/lib/python3.12/site-packages/airflow/example_dags/tutorial_dag.py
[2026-07-31T12:16:57.076+0000] {processor.py:830} INFO - Processing file /home/airflow/.local/lib/python3.12/site-packages/airflow/example_dags/tutorial_dag.py for tasks to queue
[2026-07-31T12:16:57.079+0000] {logging_mixin.py:188} INFO - [2026-07-31T12:16:57.078+0000] {dagbag.py:545} INFO - Filling up the DagBag from /home/airflow/.local/lib/python3.12/site-packages/airflow/example_dags/tutorial_dag.py
[2026-07-31T12:16:57.086+0000] {processor.py:840} INFO - DAG(s) 'tutorial_dag' retrieved from /home/airflow/.local/lib/python3.12/site-packages/airflow/example_dags/tutorial_dag.py
[2026-07-31T12:16:57.120+0000] {logging_mixin.py:188} INFO - [2026-07-31T12:16:57.119+0000] {dag.py:3089} INFO - Sync 1 DAGs
[2026-07-31T12:16:57.141+0000] {logging_mixin.py:188} INFO - [2026-07-31T12:16:57.141+0000] {dag.py:3947} INFO - Setting next_dagrun for tutorial_dag to None, run_after=None
[2026-07-31T12:16:57.175+0000] {processor.py:183} INFO - Processing /home/airflow/.local/lib/python3.12/site-packages/airflow/example_dags/tutorial_dag.py took 0.110 seconds
[2026-07-31T12:17:27.401+0000] {processor.py:161} INFO - Started process (PID=8638) to work on /home/airflow/.local/lib/python3.12/site-packages/airflow/example_dags/tutorial_dag.py
[2026-07-31T12:17:27.402+0000] {processor.py:830} INFO - Processing file /home/airflow/.local/lib/python3.12/site-packages/airflow/example_dags/tutorial_dag.py for tasks to queue
[2026-07-31T12:17:27.405+0000] {logging_mixin.py:188} INFO - [2026-07-31T12:17:27.404+0000] {dagbag.py:545} INFO - Filling up the DagBag from /home/airflow/.local/lib/python3.12/site-packages/airflow/example_dags/tutorial_dag.py
[2026-07-31T12:17:27.411+0000] {processor.py:840} INFO - DAG(s) 'tutorial_dag' retrieved from /home/airflow/.local/lib/python3.12/site-packages/airflow/example_dags/tutorial_dag.py
[2026-07-31T12:17:27.435+0000] {logging_mixin.py:188} INFO - [2026-07-31T12:17:27.435+0000] {dag.py:3089} INFO - Sync 1 DAGs
[2026-07-31T12:17:27.451+0000] {logging_mixin.py:188} INFO - [2026-07-31T12:17:27.451+0000] {dag.py:3947} INFO - Setting next_dagrun for tutorial_dag to None, run_after=None
[2026-07-31T12:17:27.473+0000] {processor.py:183} INFO - Processing /home/airflow/.local/lib/python3.12/site-packages/airflow/example_dags/tutorial_dag.py took 0.081 seconds
[2026-07-31T12:17:57.641+0000] {processor.py:161} INFO - Started process (PID=8696) to work on /home/airflow/.local/lib/python3.12/site-packages/airflow/example_dags/tutorial_dag.py
[2026-07-31T12:17:57.642+0000] {processor.py:830} INFO - Processing file /home/airflow/.local/lib/python3.12/site-packages/airflow/example_dags/tutorial_dag.py for tasks to queue
[2026-07-31T12:17:57.645+0000] {logging_mixin.py:188} INFO - [2026-07-31T12:17:57.644+0000] {dagbag.py:545} INFO - Filling up the DagBag from /home/airflow/.local/lib/python3.12/site-packages/airflow/example_dags/tutorial_dag.py
[2026-07-31T12:17:57.654+0000] {processor.py:840} INFO - DAG(s) 'tutorial_dag' retrieved from /home/airflow/.local/lib/python3.12/site-packages/airflow/example_dags/tutorial_dag.py
[2026-07-31T12:17:57.682+0000] {logging_mixin.py:188} INFO - [2026-07-31T12:17:57.681+0000] {dag.py:3089} INFO - Sync 1 DAGs
[2026-07-31T12:17:57.698+0000] {logging_mixin.py:188} INFO - [2026-07-31T12:17:57.698+0000] {dag.py:3947} INFO - Setting next_dagrun for tutorial_dag to None, run_after=None
[2026-07-31T12:17:57.723+0000] {processor.py:183} INFO - Processing /home/airflow/.local/lib/python3.12/site-packages/airflow/example_dags/tutorial_dag.py took 0.090 seconds
[2026-07-31T12:18:28.137+0000] {processor.py:161} INFO - Started process (PID=8754) to work on /home/airflow/.local/lib/python3.12/site-packages/airflow/example_dags/tutorial_dag.py
[2026-07-31T12:18:28.139+0000] {processor.py:830} INFO - Processing file /home/airflow/.local/lib/python3.12/site-packages/airflow/example_dags/tutorial_dag.py for tasks to queue
[2026-07-31T12:18:28.141+0000] {logging_mixin.py:188} INFO - [2026-07-31T12:18:28.141+0000] {dagbag.py:545} INFO - Filling up the DagBag from /home/airflow/.local/lib/python3.12/site-packages/airflow/example_dags/tutorial_dag.py
[2026-07-31T12:18:28.148+0000] {processor.py:840} INFO - DAG(s) 'tutorial_dag' retrieved from /home/airflow/.local/lib/python3.12/site-packages/airflow/example_dags/tutorial_dag.py
[2026-07-31T12:18:28.172+0000] {logging_mixin.py:188} INFO - [2026-07-31T12:18:28.172+0000] {dag.py:3089} INFO - Sync 1 DAGs
[2026-07-31T12:18:28.190+0000] {logging_mixin.py:188} INFO - [2026-07-31T12:18:28.190+0000] {dag.py:3947} INFO - Setting next_dagrun for tutorial_dag to None, run_after=None
[2026-07-31T12:18:28.215+0000] {processor.py:183} INFO - Processing /home/airflow/.local/lib/python3.12/site-packages/airflow/example_dags/tutorial_dag.py took 0.086 seconds
[2026-07-31T12:18:59.022+0000] {processor.py:161} INFO - Started process (PID=8812) to work on /home/airflow/.local/lib/python3.12/site-packages/airflow/example_dags/tutorial_dag.py
[2026-07-31T12:18:59.024+0000] {processor.py:830} INFO - Processing file /home/airflow/.local/lib/python3.12/site-packages/airflow/example_dags/tutorial_dag.py for tasks to queue
[2026-07-31T12:18:59.028+0000] {logging_mixin.py:188} INFO - [2026-07-31T12:18:59.026+0000] {dagbag.py:545} INFO - Filling up the DagBag from /home/airflow/.local/lib/python3.12/site-packages/airflow/example_dags/tutorial_dag.py
[2026-07-31T12:18:59.039+0000] {processor.py:840} INFO - DAG(s) 'tutorial_dag' retrieved from /home/airflow/.local/lib/python3.12/site-packages/airflow/example_dags/tutorial_dag.py
[2026-07-31T12:18:59.070+0000] {logging_mixin.py:188} INFO - [2026-07-31T12:18:59.069+0000] {dag.py:3089} INFO - Sync 1 DAGs
[2026-07-31T12:18:59.092+0000] {logging_mixin.py:188} INFO - [2026-07-31T12:18:59.092+0000] {dag.py:3947} INFO - Setting next_dagrun for tutorial_dag to None, run_after=None
[2026-07-31T12:18:59.122+0000] {processor.py:183} INFO - Processing /home/airflow/.local/lib/python3.12/site-packages/airflow/example_dags/tutorial_dag.py took 0.113 seconds
[2026-07-31T12:19:30.995+0000] {processor.py:161} INFO - Started process (PID=8871) to work on /home/airflow/.local/lib/python3.12/site-packages/airflow/example_dags/tutorial_dag.py
[2026-07-31T12:19:30.999+0000] {processor.py:830} INFO - Processing file /home/airflow/.local/lib/python3.12/site-packages/airflow/example_dags/tutorial_dag.py for tasks to queue
[2026-07-31T12:19:31.005+0000] {logging_mixin.py:188} INFO - [2026-07-31T12:19:31.004+0000] {dagbag.py:545} INFO - Filling up the DagBag from /home/airflow/.local/lib/python3.12/site-packages/airflow/example_dags/tutorial_dag.py
[2026-07-31T12:19:31.021+0000] {processor.py:840} INFO - DAG(s) 'tutorial_dag' retrieved from /home/airflow/.local/lib/python3.12/site-packages/airflow/example_dags/tutorial_dag.py
[2026-07-31T12:19:31.108+0000] {logging_mixin.py:188} INFO - [2026-07-31T12:19:31.107+0000] {dag.py:3089} INFO - Sync 1 DAGs
[2026-07-31T12:19:31.154+0000] {logging_mixin.py:188} INFO - [2026-07-31T12:19:31.153+0000] {dag.py:3947} INFO - Setting next_dagrun for tutorial_dag to None, run_after=None
[2026-07-31T12:19:31.235+0000] {processor.py:183} INFO - Processing /home/airflow/.local/lib/python3.12/site-packages/airflow/example_dags/tutorial_dag.py took 0.254 seconds
[2026-07-31T12:20:02.477+0000] {processor.py:161} INFO - Started process (PID=8929) to work on /home/airflow/.local/lib/python3.12/site-packages/airflow/example_dags/tutorial_dag.py
[2026-07-31T12:20:02.479+0000] {processor.py:830} INFO - Processing file /home/airflow/.local/lib/python3.12/site-packages/airflow/example_dags/tutorial_dag.py for tasks to queue
[2026-07-31T12:20:02.483+0000] {logging_mixin.py:188} INFO - [2026-07-31T12:20:02.482+0000] {dagbag.py:545} INFO - Filling up the DagBag from /home/airflow/.local/lib/python3.12/site-packages/airflow/example_dags/tutorial_dag.py
[2026-07-31T12:20:02.493+0000] {processor.py:840} INFO - DAG(s) 'tutorial_dag' retrieved from /home/airflow/.local/lib/python3.12/site-packages/airflow/example_dags/tutorial_dag.py
[2026-07-31T12:20:02.537+0000] {logging_mixin.py:188} INFO - [2026-07-31T12:20:02.536+0000] {dag.py:3089} INFO - Sync 1 DAGs
[2026-07-31T12:20:02.598+0000] {logging_mixin.py:188} INFO - [2026-07-31T12:20:02.598+0000] {dag.py:3947} INFO - Setting next_dagrun for tutorial_dag to None, run_after=None
[2026-07-31T12:20:02.625+0000] {processor.py:183} INFO - Processing /home/airflow/.local/lib/python3.12/site-packages/airflow/example_dags/tutorial_dag.py took 0.159 seconds
[2026-07-31T12:20:32.813+0000] {processor.py:161} INFO - Started process (PID=8987) to work on /home/airflow/.local/lib/python3.12/site-packages/airflow/example_dags/tutorial_dag.py
[2026-07-31T12:20:32.815+0000] {processor.py:830} INFO - Processing file /home/airflow/.local/lib/python3.12/site-packages/airflow/example_dags/tutorial_dag.py for tasks to queue
[2026-07-31T12:20:32.818+0000] {logging_mixin.py:188} INFO - [2026-07-31T12:20:32.818+0000] {dagbag.py:545} INFO - Filling up the DagBag from /home/airflow/.local/lib/python3.12/site-packages/airflow/example_dags/tutorial_dag.py
[2026-07-31T12:20:32.829+0000] {processor.py:840} INFO - DAG(s) 'tutorial_dag' retrieved from /home/airflow/.local/lib/python3.12/site-packages/airflow/example_dags/tutorial_dag.py
[2026-07-31T12:20:32.858+0000] {logging_mixin.py:188} INFO - [2026-07-31T12:20:32.857+0000] {dag.py:3089} INFO - Sync 1 DAGs
[2026-07-31T12:20:32.878+0000] {logging_mixin.py:188} INFO - [2026-07-31T12:20:32.878+0000] {dag.py:3947} INFO - Setting next_dagrun for tutorial_dag to None, run_after=None
[2026-07-31T12:20:32.905+0000] {processor.py:183} INFO - Processing /home/airflow/.local/lib/python3.12/site-packages/airflow/example_dags/tutorial_dag.py took 0.105 seconds
